station,date,day,month,year,doy,minte,maxte,te,prec,tsum5,tsum0,psum
FLAKKEBJERG,1993-01-01,01,01,1993,1,-1.2,-0.1,-1.2,0,0,0,0
FLAKKEBJERG,1993-01-02,02,01,1993,2,-4.5,-2.2,-3.8,0,0,0,0
FLAKKEBJERG,1993-01-03,03,01,1993,3,-5.5,-3.5,-4.8,0.2,0,0,0.2
FLAKKEBJERG,1993-01-04,04,01,1993,4,-7.9,-2.7,-5.5,0,0,0,0.2
FLAKKEBJERG,1993-01-05,05,01,1993,5,-8.2,1.3,-3,0,0,0,0.2
FLAKKEBJERG,1993-01-06,06,01,1993,6,-5.3,3.7,2.4,2.7,0,2.4,2.9000000000000004
FLAKKEBJERG,1993-01-07,07,01,1993,7,0.7,3.2,1.8,1,0,4.2,3.9000000000000004
FLAKKEBJERG,1993-01-08,08,01,1993,8,0.6,5,2.9,0.1,0,7.1,4
FLAKKEBJERG,1993-01-09,09,01,1993,9,1.6,6,2.7,0.9,0,9.8,4.9
FLAKKEBJERG,1993-01-10,10,01,1993,10,1,7.9,5.1,3,0.1,14.9,7.9
FLAKKEBJERG,1993-01-11,11,01,1993,11,2.8,8.2,5.8,7.3,0.9,20.7,15.2
FLAKKEBJERG,1993-01-12,12,01,1993,12,0.8,4.5,2.9,11.4,0.9,23.6,26.6
FLAKKEBJERG,1993-01-13,13,01,1993,13,0.7,5.4,4,0.9,0.9,27.6,27.5
FLAKKEBJERG,1993-01-14,14,01,1993,14,2.1,9.3,4.7,7.3,0.9,32.3,34.8
FLAKKEBJERG,1993-01-15,15,01,1993,15,1.9,8.2,4.4,0.2,0.9,36.7,35
FLAKKEBJERG,1993-01-16,16,01,1993,16,2.1,10.2,7.5,1.7,3.4,44.2,36.7
FLAKKEBJERG,1993-01-17,17,01,1993,17,6.1,9.6,8,0.4,6.4,52.2,37.1
FLAKKEBJERG,1993-01-18,18,01,1993,18,3.5,5.4,4.2,0.2,6.4,56.4,37.3
FLAKKEBJERG,1993-01-19,19,01,1993,19,3,5.8,4.1,0.1,6.4,60.5,37.4
FLAKKEBJERG,1993-01-20,20,01,1993,20,3.3,7.8,5.8,2.6,7.2,66.3,40
FLAKKEBJERG,1993-01-21,21,01,1993,21,3.7,8.2,6.3,2.2,8.5,72.6,42.2
FLAKKEBJERG,1993-01-22,22,01,1993,22,4.9,10.3,6.9,2.2,10.4,79.5,44.4
FLAKKEBJERG,1993-01-23,23,01,1993,23,1.8,4.8,3.8,2,10.4,83.3,46.4
FLAKKEBJERG,1993-01-24,24,01,1993,24,0.8,8.5,5.4,12.4,10.8,88.7,58.800000000000004
FLAKKEBJERG,1993-01-25,25,01,1993,25,0.9,4.3,2.2,2.2,10.8,90.9,61
FLAKKEBJERG,1993-01-26,26,01,1993,26,-0.2,3.7,1.8,4.2,10.8,92.7,65.2
FLAKKEBJERG,1993-01-27,27,01,1993,27,-1.8,1.5,-0.2,4.2,10.8,92.7,69.4
FLAKKEBJERG,1993-01-28,28,01,1993,28,-3.6,1.6,-1.4,0,10.8,92.7,69.4
FLAKKEBJERG,1993-01-29,29,01,1993,29,-5.3,-0.6,-3.4,0,10.8,92.7,69.4
FLAKKEBJERG,1993-01-30,30,01,1993,30,-5.5,-1.3,-3,0,10.8,92.7,69.4
FLAKKEBJERG,1993-01-31,31,01,1993,31,-3.7,1.9,-0.5,0,10.8,92.7,69.4
FLAKKEBJERG,1993-02-01,01,02,1993,32,-2.2,0.7,-1.6,0,10.8,92.7,69.4
FLAKKEBJERG,1993-02-02,02,02,1993,33,-3.4,2.8,-0.5,0.4,10.8,92.7,69.8
FLAKKEBJERG,1993-02-03,03,02,1993,34,-2.4,4.6,3.6,0,10.8,96.3,69.8
FLAKKEBJERG,1993-02-04,04,02,1993,35,2.9,6.1,4.6,0.5,10.8,100.9,70.3
FLAKKEBJERG,1993-02-05,05,02,1993,36,3.9,6.5,4.6,0,10.8,105.5,70.3
FLAKKEBJERG,1993-02-06,06,02,1993,37,0.6,2.2,1.2,0,10.8,106.7,70.3
FLAKKEBJERG,1993-02-07,07,02,1993,38,-1,3,0.6,4.4,10.8,107.3,74.7
FLAKKEBJERG,1993-02-08,08,02,1993,39,-0.6,6.9,4.5,0,10.8,111.8,74.7
FLAKKEBJERG,1993-02-09,09,02,1993,40,3.3,5.2,3.4,0.3,10.8,115.2,75
FLAKKEBJERG,1993-02-10,10,02,1993,41,0.3,1.7,1.1,0.2,10.8,116.3,75.2
FLAKKEBJERG,1993-02-11,11,02,1993,42,0.2,1.5,0.9,0.2,10.8,117.2,75.4
FLAKKEBJERG,1993-02-12,12,02,1993,43,0.3,2.3,1.2,0.2,10.8,118.4,75.60000000000001
FLAKKEBJERG,1993-02-13,13,02,1993,44,0.4,2.4,2,0,10.8,120.4,75.60000000000001
FLAKKEBJERG,1993-02-14,14,02,1993,45,1.4,3.1,2.2,0,10.8,122.6,75.60000000000001
FLAKKEBJERG,1993-02-15,15,02,1993,46,0.7,1.8,0.6,0.1,10.8,123.2,75.7
FLAKKEBJERG,1993-02-16,16,02,1993,47,-0.4,5.4,3.2,1.5,10.8,126.4,77.2
FLAKKEBJERG,1993-02-17,17,02,1993,48,2.5,6.6,4.5,3.3,10.8,130.9,80.5
FLAKKEBJERG,1993-02-18,18,02,1993,49,-0.9,4.9,2.5,0,10.8,133.4,80.5
FLAKKEBJERG,1993-02-19,19,02,1993,50,1.3,5.1,2.8,2.8,10.8,136.2,83.3
FLAKKEBJERG,1993-02-20,20,02,1993,51,-0.1,3.8,1.8,1.1,10.8,138,84.4
FLAKKEBJERG,1993-02-21,21,02,1993,52,-1.6,2,-1.2,4,10.8,138,88.4
FLAKKEBJERG,1993-02-22,22,02,1993,53,-5.9,0,-3.6,0.1,10.8,138,88.5
FLAKKEBJERG,1993-02-23,23,02,1993,54,-6.8,-0.7,-3.8,0,10.8,138,88.5
FLAKKEBJERG,1993-02-24,24,02,1993,55,-6.8,-0.2,-3.3,0,10.8,138,88.5
FLAKKEBJERG,1993-02-25,25,02,1993,56,-6.1,-0.4,-1.6,0,10.8,138,88.5
FLAKKEBJERG,1993-02-26,26,02,1993,57,-3.6,1.3,-0.8,0.1,10.8,138,88.60000000000001
FLAKKEBJERG,1993-02-27,27,02,1993,58,-3.3,1.9,0.6,0.4,10.8,138.6,89
FLAKKEBJERG,1993-02-28,28,02,1993,59,-1.5,0.3,-0.7,0.3,10.8,138.6,89.3
FLAKKEBJERG,1993-03-01,01,03,1993,60,-2.9,2.4,-0.7,0,10.8,138.6,89.3
FLAKKEBJERG,1993-03-02,02,03,1993,61,-2.8,0.4,-0.1,0,10.8,138.6,89.3
FLAKKEBJERG,1993-03-03,03,03,1993,62,-0.8,1,-0.3,0,10.8,138.6,89.3
FLAKKEBJERG,1993-03-04,04,03,1993,63,-1.3,1.7,-0.4,0,10.8,138.6,89.3
FLAKKEBJERG,1993-03-05,05,03,1993,64,-2.4,3.8,0.7,0,10.8,139.3,89.3
FLAKKEBJERG,1993-03-06,06,03,1993,65,-0.4,6.1,2.2,1.8,10.8,141.5,91.10000000000001
FLAKKEBJERG,1993-03-07,07,03,1993,66,-0.9,6.3,2.1,0.3,10.8,143.6,91.4
FLAKKEBJERG,1993-03-08,08,03,1993,67,-2.2,1.6,-0.1,0,10.8,143.6,91.4
FLAKKEBJERG,1993-03-09,09,03,1993,68,-3.2,3.7,0.5,0,10.8,144.1,91.4
FLAKKEBJERG,1993-03-10,10,03,1993,69,-3,4.6,0.7,0.2,10.8,144.8,91.60000000000001
FLAKKEBJERG,1993-03-11,11,03,1993,70,-2.5,4.8,1.3,0,10.8,146.1,91.60000000000001
FLAKKEBJERG,1993-03-12,12,03,1993,71,-1.7,3.7,1.6,0,10.8,147.7,91.60000000000001
FLAKKEBJERG,1993-03-13,13,03,1993,72,0.1,7.9,4.1,0,10.8,151.8,91.60000000000001
FLAKKEBJERG,1993-03-14,14,03,1993,73,1.9,11.6,6.8,0.4,12.6,158.6,92
FLAKKEBJERG,1993-03-15,15,03,1993,74,-1.5,11,5.6,0.2,13.2,164.2,92.2
FLAKKEBJERG,1993-03-16,16,03,1993,75,0,8,6.4,0,14.6,170.6,92.2
FLAKKEBJERG,1993-03-17,17,03,1993,76,4.8,8.7,6.9,0.2,16.5,177.5,92.4
FLAKKEBJERG,1993-03-18,18,03,1993,77,5.9,7.9,6.4,0.2,17.9,183.9,92.60000000000001
FLAKKEBJERG,1993-03-19,19,03,1993,78,3,7.1,5,0,17.9,188.9,92.60000000000001
FLAKKEBJERG,1993-03-20,20,03,1993,79,3.7,8.4,6.2,0,19.1,195.1,92.60000000000001
FLAKKEBJERG,1993-03-21,21,03,1993,80,3.3,9.4,5.4,0,19.5,200.5,92.60000000000001
FLAKKEBJERG,1993-03-22,22,03,1993,81,3.4,9.4,6.6,0,21.1,207.1,92.60000000000001
FLAKKEBJERG,1993-03-23,23,03,1993,82,3.9,7.9,4.8,1.8,21.1,211.9,94.4
FLAKKEBJERG,1993-03-24,24,03,1993,83,0.8,6.7,3.4,2.3,21.1,215.3,96.7
FLAKKEBJERG,1993-03-25,25,03,1993,84,1.2,6.5,3.3,0.2,21.1,218.6,96.9
FLAKKEBJERG,1993-03-26,26,03,1993,85,0.2,4.9,2.1,0,21.1,220.7,96.9
FLAKKEBJERG,1993-03-27,27,03,1993,86,-1.3,5.1,1.3,0,21.1,222,96.9
FLAKKEBJERG,1993-03-28,28,03,1993,87,-4.1,4.9,0.6,0,21.1,222.6,96.9
FLAKKEBJERG,1993-03-29,29,03,1993,88,-2.9,4.2,0.3,0,21.1,222.9,96.9
FLAKKEBJERG,1993-03-30,30,03,1993,89,-2,4.5,0.8,0,21.1,223.7,96.9
FLAKKEBJERG,1993-03-31,31,03,1993,90,-4,5.1,1.5,0,21.1,225.2,96.9
FLAKKEBJERG,1993-04-01,01,04,1993,91,-2.8,6.6,4,0,21.1,229.2,96.9
FLAKKEBJERG,1993-04-02,02,04,1993,92,1.8,8.8,5.1,0,21.2,234.3,96.9
FLAKKEBJERG,1993-04-03,03,04,1993,93,2.9,8.3,5.5,0,21.7,239.8,96.9
FLAKKEBJERG,1993-04-04,04,04,1993,94,3.6,4.8,4.1,0.6,21.7,243.9,97.5
FLAKKEBJERG,1993-04-05,05,04,1993,95,3.3,10.2,6.2,1.2,22.9,250.1,98.7
FLAKKEBJERG,1993-04-06,06,04,1993,96,3.8,9.3,7.2,4,25.1,257.3,102.7
FLAKKEBJERG,1993-04-07,07,04,1993,97,4.1,8.2,6,3,26.1,263.3,105.7
FLAKKEBJERG,1993-04-08,08,04,1993,98,3.9,5.9,4.8,0.1,26.1,268.1,105.8
FLAKKEBJERG,1993-04-09,09,04,1993,99,0.9,5.7,2.6,0.1,26.1,270.7,105.9
FLAKKEBJERG,1993-04-10,10,04,1993,100,-3.1,4.9,0.8,0,26.1,271.5,105.9
FLAKKEBJERG,1993-04-11,11,04,1993,101,-2.2,6.2,1.7,0,26.1,273.2,105.9
FLAKKEBJERG,1993-04-12,12,04,1993,102,-1.5,6.4,2.3,0,26.1,275.5,105.9
FLAKKEBJERG,1993-04-13,13,04,1993,103,-1.2,7.5,2.9,0,26.1,278.4,105.9
FLAKKEBJERG,1993-04-14,14,04,1993,104,0.2,9.1,4.2,0,26.1,282.6,105.9
FLAKKEBJERG,1993-04-15,15,04,1993,105,-0.9,10.5,4.5,0,26.1,287.1,105.9
FLAKKEBJERG,1993-04-16,16,04,1993,106,-1.5,10.9,5.4,0,26.5,292.5,105.9
FLAKKEBJERG,1993-04-17,17,04,1993,107,1.9,10.1,7.7,0.6,29.2,300.2,106.5
FLAKKEBJERG,1993-04-18,18,04,1993,108,4.3,8,6,1.2,30.2,306.2,107.7
FLAKKEBJERG,1993-04-19,19,04,1993,109,3,10.3,6.5,0.5,31.7,312.7,108.2
FLAKKEBJERG,1993-04-20,20,04,1993,110,3,9.9,6.2,0,32.9,318.9,108.2
FLAKKEBJERG,1993-04-21,21,04,1993,111,4.2,18.9,11.2,0,39.1,330.1,108.2
FLAKKEBJERG,1993-04-22,22,04,1993,112,5.2,16.1,10.6,0,44.7,340.7,108.2
FLAKKEBJERG,1993-04-23,23,04,1993,113,7.6,15.6,11.7,1,51.4,352.4,109.2
FLAKKEBJERG,1993-04-24,24,04,1993,114,7.2,17.9,12.5,0.2,58.9,364.9,109.4
FLAKKEBJERG,1993-04-25,25,04,1993,115,9.2,21.6,14.6,0,68.5,379.5,109.4
FLAKKEBJERG,1993-04-26,26,04,1993,116,10,23.7,16.5,0,80,396,109.4
FLAKKEBJERG,1993-04-27,27,04,1993,117,7.7,25.5,17.1,0,92.1,413.1,109.4
FLAKKEBJERG,1993-04-28,28,04,1993,118,8.5,25.1,17.2,0,104.3,430.3,109.4
FLAKKEBJERG,1993-04-29,29,04,1993,119,7.9,19,13.2,0,112.5,443.5,109.4
FLAKKEBJERG,1993-04-30,30,04,1993,120,9.2,19.4,13.5,0,121,457,109.4
FLAKKEBJERG,1993-05-01,01,05,1993,121,7.6,21.2,13.9,0,129.9,470.9,109.4
FLAKKEBJERG,1993-05-02,02,05,1993,122,9.9,20.8,15.2,0,140.1,486.1,109.4
FLAKKEBJERG,1993-05-03,03,05,1993,123,9.1,12.7,10,1.8,145.1,496.1,111.2
FLAKKEBJERG,1993-05-04,04,05,1993,124,4.5,11.9,8,0.2,148.1,504.1,111.4
FLAKKEBJERG,1993-05-05,05,05,1993,125,1.8,11.2,6.8,0,149.9,510.9,111.4
FLAKKEBJERG,1993-05-06,06,05,1993,126,-1.2,13,7.4,0,152.3,518.3,111.4
FLAKKEBJERG,1993-05-07,07,05,1993,127,6.2,14.6,11,0,158.3,529.3,111.4
FLAKKEBJERG,1993-05-08,08,05,1993,128,5.6,18.5,12.5,0,165.8,541.8,111.4
FLAKKEBJERG,1993-05-09,09,05,1993,129,9,22.1,15.7,0,176.5,557.5,111.4
FLAKKEBJERG,1993-05-10,10,05,1993,130,10.3,21.8,15.7,0,187.2,573.2,111.4
FLAKKEBJERG,1993-05-11,11,05,1993,131,11,20.9,15.2,0,197.4,588.4,111.4
FLAKKEBJERG,1993-05-12,12,05,1993,132,10.4,20.1,14.5,0,206.9,602.9,111.4
FLAKKEBJERG,1993-05-13,13,05,1993,133,8,23.8,16,0,217.9,618.9,111.4
FLAKKEBJERG,1993-05-14,14,05,1993,134,12.2,20,15.3,0,228.2,634.2,111.4
FLAKKEBJERG,1993-05-15,15,05,1993,135,11.2,18.5,14.2,0,237.4,648.4,111.4
FLAKKEBJERG,1993-05-16,16,05,1993,136,7.1,15.3,11.4,4.7,243.8,659.8,116.10000000000001
FLAKKEBJERG,1993-05-17,17,05,1993,137,5,18.4,12.8,0,251.6,672.6,116.10000000000001
FLAKKEBJERG,1993-05-18,18,05,1993,138,9.5,18.9,14.3,0,260.9,686.9,116.10000000000001
FLAKKEBJERG,1993-05-19,19,05,1993,139,10.5,22.8,16.5,0,272.4,703.4,116.10000000000001
FLAKKEBJERG,1993-05-20,20,05,1993,140,12.3,24.1,18.3,0,285.7,721.7,116.10000000000001
FLAKKEBJERG,1993-05-21,21,05,1993,141,13.6,23.8,17.8,0,298.5,739.5,116.10000000000001
FLAKKEBJERG,1993-05-22,22,05,1993,142,14.1,20.6,16.5,2.7,310,756,118.8
FLAKKEBJERG,1993-05-23,23,05,1993,143,10.8,22.2,17,0,322,773,118.8
FLAKKEBJERG,1993-05-24,24,05,1993,144,8.2,21.1,15.2,0,332.2,788.2,118.8
FLAKKEBJERG,1993-05-25,25,05,1993,145,9.3,16.4,12.4,0,339.6,800.6,118.8
FLAKKEBJERG,1993-05-26,26,05,1993,146,4.8,14.3,10.2,0.1,344.8,810.8,118.9
FLAKKEBJERG,1993-05-27,27,05,1993,147,2,16.9,10.5,0,350.3,821.3,118.9
FLAKKEBJERG,1993-05-28,28,05,1993,148,9.5,15.5,11.6,0,356.9,832.9,118.9
FLAKKEBJERG,1993-05-29,29,05,1993,149,7.9,14.4,11,3.3,362.9,843.9,122.2
FLAKKEBJERG,1993-05-30,30,05,1993,150,8.8,17.6,13.5,0,371.4,857.4,122.2
FLAKKEBJERG,1993-05-31,31,05,1993,151,10.8,15.8,13,0.8,379.4,870.4,123
FLAKKEBJERG,1993-06-01,01,06,1993,152,11.5,14.2,12.6,1.3,387,883,124.3
FLAKKEBJERG,1993-06-02,02,06,1993,153,5.6,17,11.7,0.2,393.7,894.7,124.5
FLAKKEBJERG,1993-06-03,03,06,1993,154,6,18.9,12.6,0,401.3,907.3,124.5
FLAKKEBJERG,1993-06-04,04,06,1993,155,3.3,20.1,13.8,0,410.1,921.1,124.5
FLAKKEBJERG,1993-06-05,05,06,1993,156,5.3,21,14.8,0,419.9,935.9,124.5
FLAKKEBJERG,1993-06-06,06,06,1993,157,8.9,18.8,14.4,0,429.3,950.3,124.5
FLAKKEBJERG,1993-06-07,07,06,1993,158,11.5,18,14.3,0,438.6,964.6,124.5
FLAKKEBJERG,1993-06-08,08,06,1993,159,6.5,20.9,14.8,0,448.4,979.4,124.5
FLAKKEBJERG,1993-06-09,09,06,1993,160,9.7,22.2,17.5,0,460.9,996.9,124.5
FLAKKEBJERG,1993-06-10,10,06,1993,161,9.9,26,18.6,0,474.5,1015.5,124.5
FLAKKEBJERG,1993-06-11,11,06,1993,162,13,24.6,18,0,487.5,1033.5,124.5
FLAKKEBJERG,1993-06-12,12,06,1993,163,13.3,20.3,16,0,498.5,1049.5,124.5
FLAKKEBJERG,1993-06-13,13,06,1993,164,13.5,19.4,15,0,508.5,1064.5,124.5
FLAKKEBJERG,1993-06-14,14,06,1993,165,5.8,17.7,12.3,0.3,515.8,1076.8,124.8
FLAKKEBJERG,1993-06-15,15,06,1993,166,9.4,16.5,12.5,0.3,523.3,1089.3,125.10000000000001
FLAKKEBJERG,1993-06-16,16,06,1993,167,10.3,15.2,12.7,0.3,531,1102,125.4
FLAKKEBJERG,1993-06-17,17,06,1993,168,11.8,17.6,13.7,0.2,539.7,1115.7,125.60000000000001
FLAKKEBJERG,1993-06-18,18,06,1993,169,9.1,17,13.5,0,548.2,1129.2,125.60000000000001
FLAKKEBJERG,1993-06-19,19,06,1993,170,13.2,18.9,15.4,3.8,558.6,1144.6,129.4
FLAKKEBJERG,1993-06-20,20,06,1993,171,10.5,18.6,14,2,567.6,1158.6,131.4
FLAKKEBJERG,1993-06-21,21,06,1993,172,9.6,14.9,12.3,0,574.9,1170.9,131.4
FLAKKEBJERG,1993-06-22,22,06,1993,173,7.4,15.9,12,1.4,581.9,1182.9,132.8
FLAKKEBJERG,1993-06-23,23,06,1993,174,4.8,15.6,10.7,0,587.6,1193.6,132.8
FLAKKEBJERG,1993-06-24,24,06,1993,175,5.9,15.1,10.5,4,593.1,1204.1,136.8
FLAKKEBJERG,1993-06-25,25,06,1993,176,9.4,14.4,11.4,3.2,599.5,1215.5,140
FLAKKEBJERG,1993-06-26,26,06,1993,177,10.1,17.9,13.1,0,607.6,1228.6,140
FLAKKEBJERG,1993-06-27,27,06,1993,178,11,15.3,12.1,6.9,614.7,1240.7,146.9
FLAKKEBJERG,1993-06-28,28,06,1993,179,9.1,20.9,15.7,2.9,625.4,1256.4,149.8
FLAKKEBJERG,1993-06-29,29,06,1993,180,10.4,20.4,15.5,0,635.9,1271.9,149.8
FLAKKEBJERG,1993-06-30,30,06,1993,181,10.4,21.9,16.3,0,647.2,1288.2,149.8
FLAKKEBJERG,1993-07-01,01,07,1993,182,6.9,23.2,16.5,0,658.7,1304.7,149.8
FLAKKEBJERG,1993-07-02,02,07,1993,183,8.3,20.3,15.2,0,668.9,1319.9,149.8
FLAKKEBJERG,1993-07-03,03,07,1993,184,11.4,16.9,14.5,0.6,678.4,1334.4,150.4
FLAKKEBJERG,1993-07-04,04,07,1993,185,13.5,20.9,17.1,5.7,690.5,1351.5,156.1
FLAKKEBJERG,1993-07-05,05,07,1993,186,13,17.4,14.8,0,700.3,1366.3,156.1
FLAKKEBJERG,1993-07-06,06,07,1993,187,10.3,16.5,13,0,708.3,1379.3,156.1
FLAKKEBJERG,1993-07-07,07,07,1993,188,11,17.1,13.3,0.4,716.6,1392.6,156.5
FLAKKEBJERG,1993-07-08,08,07,1993,189,10.4,18.1,13.9,0,725.5,1406.5,156.5
FLAKKEBJERG,1993-07-09,09,07,1993,190,11.4,20.6,17.1,0,737.6,1423.6,156.5
FLAKKEBJERG,1993-07-10,10,07,1993,191,12.6,17.3,14.2,0,746.8,1437.8,156.5
FLAKKEBJERG,1993-07-11,11,07,1993,192,7.9,17.3,13.7,1,755.5,1451.5,157.5
FLAKKEBJERG,1993-07-12,12,07,1993,193,11.6,16.8,13.4,3.9,763.9,1464.9,161.4
FLAKKEBJERG,1993-07-13,13,07,1993,194,10.2,15,12.1,0,771,1477,161.4
FLAKKEBJERG,1993-07-14,14,07,1993,195,7.1,19.4,13.4,0.5,779.4,1490.4,161.9
FLAKKEBJERG,1993-07-15,15,07,1993,196,7.8,20.6,14.6,0,789,1505,161.9
FLAKKEBJERG,1993-07-16,16,07,1993,197,5.4,22.6,15.6,0,799.6,1520.6,161.9
FLAKKEBJERG,1993-07-17,17,07,1993,198,14.3,21.5,16.9,0.4,811.5,1537.5,162.3
FLAKKEBJERG,1993-07-18,18,07,1993,199,14.4,20.3,16.2,8.1,822.7,1553.7,170.4
FLAKKEBJERG,1993-07-19,19,07,1993,200,9.1,19.6,15.2,1,832.9,1568.9,171.4
FLAKKEBJERG,1993-07-20,20,07,1993,201,13.3,20.7,16.3,0,844.2,1585.2,171.4
FLAKKEBJERG,1993-07-21,21,07,1993,202,11.9,18.7,14.3,0,853.5,1599.5,171.4
FLAKKEBJERG,1993-07-22,22,07,1993,203,11.5,18.5,14,1.8,862.5,1613.5,173.2
FLAKKEBJERG,1993-07-23,23,07,1993,204,11.6,18.9,14.5,0.2,872,1628,173.4
FLAKKEBJERG,1993-07-24,24,07,1993,205,13,22.6,17.8,1.5,884.8,1645.8,174.9
FLAKKEBJERG,1993-07-25,25,07,1993,206,14.6,16.3,15,2.4,894.8,1660.8,177.3
FLAKKEBJERG,1993-07-26,26,07,1993,207,12.4,17.9,14.4,11.1,904.2,1675.2,188.4
FLAKKEBJERG,1993-07-27,27,07,1993,208,12,18.9,14.3,0.8,913.5,1689.5,189.2
FLAKKEBJERG,1993-07-28,28,07,1993,209,11.4,16.6,13.9,4.8,922.4,1703.4,194
FLAKKEBJERG,1993-07-29,29,07,1993,210,11.5,20.8,16.3,8.8,933.7,1719.7,202.8
FLAKKEBJERG,1993-07-30,30,07,1993,211,14.4,20.4,17.8,3.7,946.5,1737.5,206.5
FLAKKEBJERG,1993-07-31,31,07,1993,212,14.3,16.4,14.5,7.7,956,1752,214.2
FLAKKEBJERG,1993-08-01,01,08,1993,213,12.4,19.4,15.3,8.1,966.3,1767.3,222.3
FLAKKEBJERG,1993-08-02,02,08,1993,214,6.9,21.9,15.6,0,976.9,1782.9,222.3
FLAKKEBJERG,1993-08-03,03,08,1993,215,13.9,19,16,8.6,987.9,1798.9,230.9
FLAKKEBJERG,1993-08-04,04,08,1993,216,11,20.2,16.1,0.9,999,1815,231.8
FLAKKEBJERG,1993-08-05,05,08,1993,217,11.5,21.5,16.4,0,1010.4,1831.4,231.8
FLAKKEBJERG,1993-08-06,06,08,1993,218,11.6,16.9,14.8,4.4,1020.2,1846.2,236.2
FLAKKEBJERG,1993-08-07,07,08,1993,219,13.4,19.2,15.7,6.9,1030.9,1861.9,243.1
FLAKKEBJERG,1993-08-08,08,08,1993,220,13.5,20.6,16.3,0,1042.2,1878.2,243.1
FLAKKEBJERG,1993-08-09,09,08,1993,221,11,19,15.1,0,1052.3,1893.3,243.1
FLAKKEBJERG,1993-08-10,10,08,1993,222,14.1,18.2,15.4,8,1062.7,1908.7,251.1
FLAKKEBJERG,1993-08-11,11,08,1993,223,11.5,17.8,13.9,0.6,1071.6,1922.6,251.7
FLAKKEBJERG,1993-08-12,12,08,1993,224,12.4,19,16.2,1.1,1082.8,1938.8,252.8
FLAKKEBJERG,1993-08-13,13,08,1993,225,11.7,18.8,14.6,18,1092.4,1953.4,270.8
FLAKKEBJERG,1993-08-14,14,08,1993,226,5.4,20.5,14.2,0,1101.6,1967.6,270.8
FLAKKEBJERG,1993-08-15,15,08,1993,227,12.4,24.1,18.3,0.3,1114.9,1985.9,271.1
FLAKKEBJERG,1993-08-16,16,08,1993,228,15.2,19.4,17,1.2,1126.9,2002.9,272.3
FLAKKEBJERG,1993-08-17,17,08,1993,229,11.1,17.4,14.1,0.3,1136,2017,272.6
FLAKKEBJERG,1993-08-18,18,08,1993,230,10.3,17.6,13.8,0,1144.8,2030.8,272.6
FLAKKEBJERG,1993-08-19,19,08,1993,231,12,19.3,15.1,0,1154.9,2045.9,272.6
FLAKKEBJERG,1993-08-20,20,08,1993,232,12.5,17.2,15.3,0,1165.2,2061.2,272.6
FLAKKEBJERG,1993-08-21,21,08,1993,233,11.8,18.4,14.7,0.1,1174.9,2075.9,272.7
FLAKKEBJERG,1993-08-22,22,08,1993,234,10.3,16.9,13.1,0.3,1183,2089,273
FLAKKEBJERG,1993-08-23,23,08,1993,235,8.9,17.2,12.6,4.9,1190.6,2101.6,277.9
FLAKKEBJERG,1993-08-24,24,08,1993,236,8.9,15.9,11.9,2.1,1197.5,2113.5,280
FLAKKEBJERG,1993-08-25,25,08,1993,237,8.1,16.8,12.6,1.6,1205.1,2126.1,281.6
FLAKKEBJERG,1993-08-26,26,08,1993,238,7.5,17.3,12.9,0,1213,2139,281.6
FLAKKEBJERG,1993-08-27,27,08,1993,239,8.2,17.2,12.3,2,1220.3,2151.3,283.6
FLAKKEBJERG,1993-08-28,28,08,1993,240,6.1,18.2,12.5,0.1,1227.8,2163.8,283.7
FLAKKEBJERG,1993-08-29,29,08,1993,241,8,15.8,12.8,0,1235.6,2176.6,283.7
FLAKKEBJERG,1993-08-30,30,08,1993,242,11.2,14.3,11.7,2.9,1242.3,2188.3,286.6
FLAKKEBJERG,1993-08-31,31,08,1993,243,9,15.6,12.6,9.1,1249.9,2200.9,295.7
FLAKKEBJERG,1993-09-01,01,09,1993,244,7.7,17.5,13.1,0,1258,2214,295.7
FLAKKEBJERG,1993-09-02,02,09,1993,245,9.9,16.4,13.8,0.6,1266.8,2227.8,296.3
FLAKKEBJERG,1993-09-03,03,09,1993,246,11.7,14.3,12.5,1,1274.3,2240.3,297.3
FLAKKEBJERG,1993-09-04,04,09,1993,247,7.6,16.1,11.5,3.1,1280.8,2251.8,300.4
FLAKKEBJERG,1993-09-05,05,09,1993,248,6.9,15,10.9,0.2,1286.7,2262.7,300.6
FLAKKEBJERG,1993-09-06,06,09,1993,249,8.4,16,12.6,0,1294.3,2275.3,300.6
FLAKKEBJERG,1993-09-07,07,09,1993,250,8.3,15.9,11.8,0.3,1301.1,2287.1,300.9
FLAKKEBJERG,1993-09-08,08,09,1993,251,6.7,16.3,12.4,0,1308.5,2299.5,300.9
FLAKKEBJERG,1993-09-09,09,09,1993,252,10.6,13.9,12.9,0,1316.4,2312.4,300.9
FLAKKEBJERG,1993-09-10,10,09,1993,253,12,13.7,13.1,7,1324.5,2325.5,307.9
FLAKKEBJERG,1993-09-11,11,09,1993,254,12.2,14.9,13,11,1332.5,2338.5,318.9
FLAKKEBJERG,1993-09-12,12,09,1993,255,10.6,12.2,11.3,19.4,1338.8,2349.8,338.3
FLAKKEBJERG,1993-09-13,13,09,1993,256,6.8,13.3,10.1,2.1,1343.9,2359.9,340.4
FLAKKEBJERG,1993-09-14,14,09,1993,257,7.9,11.7,10.6,8.8,1349.5,2370.5,349.2
FLAKKEBJERG,1993-09-15,15,09,1993,258,8.7,11.2,9.4,15.3,1353.9,2379.9,364.5
FLAKKEBJERG,1993-09-16,16,09,1993,259,6.1,9.7,8.1,1.6,1357,2388,366.1
FLAKKEBJERG,1993-09-17,17,09,1993,260,6.5,9.1,8.1,0,1360.1,2396.1,366.1
FLAKKEBJERG,1993-09-18,18,09,1993,261,5.5,12.5,8.7,1.3,1363.8,2404.8,367.4
FLAKKEBJERG,1993-09-19,19,09,1993,262,1.4,13.5,7.9,0.1,1366.7,2412.7,367.5
FLAKKEBJERG,1993-09-20,20,09,1993,263,3.1,14.3,10.4,0,1372.1,2423.1,367.5
FLAKKEBJERG,1993-09-21,21,09,1993,264,7.2,17.4,13.4,0,1380.5,2436.5,367.5
FLAKKEBJERG,1993-09-22,22,09,1993,265,9.9,14.4,12.8,0.2,1388.3,2449.3,367.7
FLAKKEBJERG,1993-09-23,23,09,1993,266,10.7,13.5,11.5,18,1394.8,2460.8,385.7
FLAKKEBJERG,1993-09-24,24,09,1993,267,6.1,12.2,9.9,0,1399.7,2470.7,385.7
FLAKKEBJERG,1993-09-25,25,09,1993,268,8.3,12.8,11.5,5.6,1406.2,2482.2,391.3
FLAKKEBJERG,1993-09-26,26,09,1993,269,10.7,12.7,12,0,1413.2,2494.2,391.3
FLAKKEBJERG,1993-09-27,27,09,1993,270,10.8,13.5,11.6,10.3,1419.8,2505.8,401.6
FLAKKEBJERG,1993-09-28,28,09,1993,271,10.7,11.3,10.7,1.4,1425.5,2516.5,403
FLAKKEBJERG,1993-09-29,29,09,1993,272,9.5,11.6,9.7,0,1430.2,2526.2,403
FLAKKEBJERG,1993-09-30,30,09,1993,273,6,10.9,8.2,0,1433.4,2534.4,403
FLAKKEBJERG,1993-10-01,01,10,1993,274,6.2,10.4,8.3,0,1436.7,2542.7,403
FLAKKEBJERG,1993-10-02,02,10,1993,275,6.7,12.7,10.5,0,1442.2,2553.2,403
FLAKKEBJERG,1993-10-03,03,10,1993,276,9.6,12.5,11.1,0,1448.3,2564.3,403
FLAKKEBJERG,1993-10-04,04,10,1993,277,10.3,13.3,12,2.2,1455.3,2576.3,405.2
FLAKKEBJERG,1993-10-05,05,10,1993,278,10.5,14.2,12.4,0.7,1462.7,2588.7,405.9
FLAKKEBJERG,1993-10-06,06,10,1993,279,10.9,15.3,13,0,1470.7,2601.7,405.9
FLAKKEBJERG,1993-10-07,07,10,1993,280,10.1,13,11.2,1.5,1476.9,2612.9,407.4
FLAKKEBJERG,1993-10-08,08,10,1993,281,6.7,16.5,11.2,0.2,1483.1,2624.1,407.6
FLAKKEBJERG,1993-10-09,09,10,1993,282,7,13.2,11.7,20.5,1489.8,2635.8,428.1
FLAKKEBJERG,1993-10-10,10,10,1993,283,8.9,11.5,10.3,4.7,1495.1,2646.1,432.8
FLAKKEBJERG,1993-10-11,11,10,1993,284,6.8,14.3,10.2,0,1500.3,2656.3,432.8
FLAKKEBJERG,1993-10-12,12,10,1993,285,6.8,15.1,12,0.2,1507.3,2668.3,433
FLAKKEBJERG,1993-10-13,13,10,1993,286,9.1,13.6,10.5,10,1512.8,2678.8,443
FLAKKEBJERG,1993-10-14,14,10,1993,287,6.4,7.9,5.8,8.4,1513.6,2684.6,451.4
FLAKKEBJERG,1993-10-15,15,10,1993,288,2.8,8.8,5.4,8,1514,2690,459.4
FLAKKEBJERG,1993-10-16,16,10,1993,289,2.8,7.8,5.7,0,1514.7,2695.7,459.4
FLAKKEBJERG,1993-10-17,17,10,1993,290,3.5,6.7,4.5,0,1514.7,2700.2,459.4
FLAKKEBJERG,1993-10-18,18,10,1993,291,-1.7,8,3,0,1514.7,2703.2,459.4
FLAKKEBJERG,1993-10-19,19,10,1993,292,-1.7,8.1,2.8,0,1514.7,2706,459.4
FLAKKEBJERG,1993-10-20,20,10,1993,293,-2.6,6.4,2,0,1514.7,2708,459.4
FLAKKEBJERG,1993-10-21,21,10,1993,294,-2.5,6.4,5.1,0.3,1514.8,2713.1,459.7
FLAKKEBJERG,1993-10-22,22,10,1993,295,3.6,7.1,5,2.7,1514.8,2718.1,462.4
FLAKKEBJERG,1993-10-23,23,10,1993,296,0.6,6.8,3,0,1514.8,2721.1,462.4
FLAKKEBJERG,1993-10-24,24,10,1993,297,-2,6.6,2.4,0,1514.8,2723.5,462.4
FLAKKEBJERG,1993-10-25,25,10,1993,298,-2,10.1,5.4,0,1515.2,2728.9,462.4
FLAKKEBJERG,1993-10-26,26,10,1993,299,0.7,9.6,5.4,0.1,1515.6,2734.3,462.5
FLAKKEBJERG,1993-10-27,27,10,1993,300,-0.2,7.3,3,0.2,1515.6,2737.3,462.7
FLAKKEBJERG,1993-10-28,28,10,1993,301,-0.2,7.3,6.3,0,1516.9,2743.6,462.7
FLAKKEBJERG,1993-10-29,29,10,1993,302,4.2,6.5,5.4,0,1517.3,2749,462.7
FLAKKEBJERG,1993-10-30,30,10,1993,303,2.2,7.7,4.5,0,1517.3,2753.5,462.7
FLAKKEBJERG,1993-10-31,31,10,1993,304,-1.1,6.3,3.9,0,1517.3,2757.4,462.7
FLAKKEBJERG,1993-11-01,01,11,1993,305,1.2,9.4,4.8,0,1517.3,2762.2,462.7
FLAKKEBJERG,1993-11-02,02,11,1993,306,0.1,7.4,3.8,0.2,1517.3,2766,462.9
FLAKKEBJERG,1993-11-03,03,11,1993,307,0.9,8.2,6.6,0,1518.9,2772.6,462.9
FLAKKEBJERG,1993-11-04,04,11,1993,308,5.7,6.9,6.4,0,1520.3,2779,462.9
FLAKKEBJERG,1993-11-05,05,11,1993,309,5.3,6.8,5.8,0,1521.1,2784.8,462.9
FLAKKEBJERG,1993-11-06,06,11,1993,310,4.3,6.1,4.7,0,1521.1,2789.5,462.9
FLAKKEBJERG,1993-11-07,07,11,1993,311,3.9,7.3,6.2,0.2,1522.3,2795.7,463.1
FLAKKEBJERG,1993-11-08,08,11,1993,312,4.6,5.5,5.1,0.6,1522.4,2800.8,463.7
FLAKKEBJERG,1993-11-09,09,11,1993,313,4.1,6.2,4.9,3,1522.4,2805.7,466.7
FLAKKEBJERG,1993-11-10,10,11,1993,314,4.1,7.1,6.3,0,1523.7,2812,466.7
FLAKKEBJERG,1993-11-11,11,11,1993,315,5,6.6,5.1,0.4,1523.8,2817.1,467.1
FLAKKEBJERG,1993-11-12,12,11,1993,316,3.7,7.6,6.3,4,1525.1,2823.4,471.1
FLAKKEBJERG,1993-11-13,13,11,1993,317,3.9,6.4,5.4,0.1,1525.5,2828.8,471.2
FLAKKEBJERG,1993-11-14,14,11,1993,318,4.2,6.2,4.3,9.2,1525.5,2833.1,480.4
FLAKKEBJERG,1993-11-15,15,11,1993,319,1.1,2.9,1.7,9.1,1525.5,2834.8,489.5
FLAKKEBJERG,1993-11-16,16,11,1993,320,-1.7,2.7,0,0,1525.5,2834.8,489.5
FLAKKEBJERG,1993-11-17,17,11,1993,321,-3,2.7,-0.5,0,1525.5,2834.8,489.5
FLAKKEBJERG,1993-11-18,18,11,1993,322,-3.6,2.6,-1.1,0,1525.5,2834.8,489.5
FLAKKEBJERG,1993-11-19,19,11,1993,323,-3.6,1.8,-0.2,0,1525.5,2834.8,489.5
FLAKKEBJERG,1993-11-20,20,11,1993,324,-2.5,1.7,-0.1,0.3,1525.5,2834.8,489.8
FLAKKEBJERG,1993-11-21,21,11,1993,325,-1.8,0.7,-0.7,1.9,1525.5,2834.8,491.7
FLAKKEBJERG,1993-11-22,22,11,1993,326,-3.4,0.3,-2.3,3.3,1525.5,2834.8,495
FLAKKEBJERG,1993-11-23,23,11,1993,327,-3.7,0.3,-1.9,4,1525.5,2834.8,499
FLAKKEBJERG,1993-11-24,24,11,1993,328,-3.7,-0.4,-2.4,1.7,1525.5,2834.8,500.7
FLAKKEBJERG,1993-11-25,25,11,1993,329,-6,-0.9,-2.2,0.3,1525.5,2834.8,501
FLAKKEBJERG,1993-11-26,26,11,1993,330,-2.5,0.5,-0.9,0,1525.5,2834.8,501
FLAKKEBJERG,1993-11-27,27,11,1993,331,-1.7,1.3,0.6,0,1525.5,2835.4,501
FLAKKEBJERG,1993-11-28,28,11,1993,332,-3.4,0.8,-0.8,0,1525.5,2835.4,501
FLAKKEBJERG,1993-11-29,29,11,1993,333,-3.4,0.7,-0.4,0,1525.5,2835.4,501
FLAKKEBJERG,1993-11-30,30,11,1993,334,-2.9,0.4,-3.2,0,1525.5,2835.4,501
FLAKKEBJERG,1993-12-01,01,12,1993,335,-5,-2.1,-3,0.2,1525.5,2835.4,501.2
FLAKKEBJERG,1993-12-02,02,12,1993,336,-3.5,4.5,0.7,0.2,1525.5,2836.1,501.4
FLAKKEBJERG,1993-12-03,03,12,1993,337,-0.9,7.3,5.8,7.1,1526.3,2841.9,508.5
FLAKKEBJERG,1993-12-04,04,12,1993,338,3.8,7.7,6.1,0.5,1527.4,2848,509
FLAKKEBJERG,1993-12-05,05,12,1993,339,4,6.9,5.5,1.1,1527.9,2853.5,510.1
FLAKKEBJERG,1993-12-06,06,12,1993,340,4.3,6.4,5.8,0.2,1528.7,2859.3,510.3
FLAKKEBJERG,1993-12-07,07,12,1993,341,5.2,6,5.2,0.4,1528.9,2864.5,510.7
FLAKKEBJERG,1993-12-08,08,12,1993,342,2.7,4.4,3.4,0.6,1528.9,2867.9,511.3
FLAKKEBJERG,1993-12-09,09,12,1993,343,0.3,6.2,3.9,8,1528.9,2871.8,519.3
FLAKKEBJERG,1993-12-10,10,12,1993,344,0.1,5.5,3,3.4,1528.9,2874.8,522.7
FLAKKEBJERG,1993-12-11,11,12,1993,345,0.1,5.4,3.8,3.5,1528.9,2878.6,526.2
FLAKKEBJERG,1993-12-12,12,12,1993,346,0.8,4.2,2.5,1.4,1528.9,2881.1,527.6
FLAKKEBJERG,1993-12-13,13,12,1993,347,-1.4,0.8,-0.3,0,1528.9,2881.1,527.6
FLAKKEBJERG,1993-12-14,14,12,1993,348,-1.7,-0.2,-1.3,0,1528.9,2881.1,527.6
FLAKKEBJERG,1993-12-15,15,12,1993,349,-2.7,1.6,0.3,0,1528.9,2881.4,527.6
FLAKKEBJERG,1993-12-16,16,12,1993,350,0.4,4.2,2.5,3.6,1528.9,2883.9,531.2
FLAKKEBJERG,1993-12-17,17,12,1993,351,1.4,4.1,3.1,5.8,1528.9,2887,537
FLAKKEBJERG,1993-12-18,18,12,1993,352,1.3,7.2,3.7,0.2,1528.9,2890.7,537.2
FLAKKEBJERG,1993-12-19,19,12,1993,353,1.3,9.6,8.2,1.9,1532.1,2898.9,539.1
FLAKKEBJERG,1993-12-20,20,12,1993,354,1.8,6.6,2.7,10.1,1532.1,2901.6,549.2
FLAKKEBJERG,1993-12-21,21,12,1993,355,-0.1,2.8,1.5,0.1,1532.1,2903.1,549.3
FLAKKEBJERG,1993-12-22,22,12,1993,356,-0.1,2.5,1.8,0,1532.1,2904.9,549.3
FLAKKEBJERG,1993-12-23,23,12,1993,357,0.1,3,1.9,2.5,1532.1,2906.8,551.8
FLAKKEBJERG,1993-12-24,24,12,1993,358,0.1,2.5,1.6,0.6,1532.1,2908.4,552.4
FLAKKEBJERG,1993-12-25,25,12,1993,359,0.5,1.7,0.8,1,1532.1,2909.2,553.4
FLAKKEBJERG,1993-12-26,26,12,1993,360,0.4,2.2,1.5,6.3,1532.1,2910.7,559.7
FLAKKEBJERG,1993-12-27,27,12,1993,361,0.7,1.4,0.8,0.2,1532.1,2911.5,559.9
FLAKKEBJERG,1993-12-28,28,12,1993,362,-0.1,0.9,0.3,2.2,1532.1,2911.8,562.1
FLAKKEBJERG,1993-12-29,29,12,1993,363,-0.7,1.8,1,1.4,1532.1,2912.8,563.5
FLAKKEBJERG,1993-12-30,30,12,1993,364,0.7,4.4,3.3,4.1,1532.1,2916.1,567.6
FLAKKEBJERG,1993-12-31,31,12,1993,365,2.7,4.5,3.3,4.4,1532.1,2919.4,572
FLAKKEBJERG,1994-01-01,01,01,1994,1,0.9,2.8,1.8,0.1,0,1.8,0.1
FLAKKEBJERG,1994-01-02,02,01,1994,2,1,1.7,1.1,0.2,0,2.9,0.30000000000000004
FLAKKEBJERG,1994-01-03,03,01,1994,3,-0.5,1,0.2,0,0,3.1,0.30000000000000004
FLAKKEBJERG,1994-01-04,04,01,1994,4,-0.9,4.6,2.3,2.8,0,5.4,3.0999999999999996
FLAKKEBJERG,1994-01-05,05,01,1994,5,1.2,4.7,3.5,2.2,0,8.9,5.3
FLAKKEBJERG,1994-01-06,06,01,1994,6,1.8,4.8,3.9,5.4,0,12.8,10.700000000000001
FLAKKEBJERG,1994-01-07,07,01,1994,7,2.7,5.6,4.6,0.7,0,17.4,11.4
FLAKKEBJERG,1994-01-08,08,01,1994,8,2.9,4.9,3.3,0,0,20.7,11.4
FLAKKEBJERG,1994-01-09,09,01,1994,9,0.7,3.1,1.8,0.3,0,22.5,11.700000000000001
FLAKKEBJERG,1994-01-10,10,01,1994,10,0.7,3.4,2.8,0,0,25.3,11.700000000000001
FLAKKEBJERG,1994-01-11,11,01,1994,11,2.1,2.8,2.2,0,0,27.5,11.700000000000001
FLAKKEBJERG,1994-01-12,12,01,1994,12,1.7,5.3,3.5,2.1,0,31,13.8
FLAKKEBJERG,1994-01-13,13,01,1994,13,2.3,8.3,6.6,9.9,1.6,37.6,23.7
FLAKKEBJERG,1994-01-14,14,01,1994,14,4.6,6.4,5.2,9.1,1.8,42.8,32.8
FLAKKEBJERG,1994-01-15,15,01,1994,15,3,4.4,3.7,3.9,1.8,46.5,36.7
FLAKKEBJERG,1994-01-16,16,01,1994,16,-0.1,2,-0.6,0,1.8,46.5,36.7
FLAKKEBJERG,1994-01-17,17,01,1994,17,-4.7,0.7,-1.8,0,1.8,46.5,36.7
FLAKKEBJERG,1994-01-18,18,01,1994,18,-4.6,3.1,1.6,1.1,1.8,48.1,37.8
FLAKKEBJERG,1994-01-19,19,01,1994,19,0.4,4.3,3.4,13.8,1.8,51.5,51.6
FLAKKEBJERG,1994-01-20,20,01,1994,20,1.1,3.6,2.7,0.4,1.8,54.2,52
FLAKKEBJERG,1994-01-21,21,01,1994,21,1.1,5.8,4.7,0,1.8,58.9,52
FLAKKEBJERG,1994-01-22,22,01,1994,22,4.1,5.9,5.2,0.1,2,64.1,52.1
FLAKKEBJERG,1994-01-23,23,01,1994,23,2.6,6.6,3.6,0.3,2,67.7,52.4
FLAKKEBJERG,1994-01-24,24,01,1994,24,0,3.5,2,6.3,2,69.7,58.7
FLAKKEBJERG,1994-01-25,25,01,1994,25,0.7,4.9,2,0,2,71.7,58.7
FLAKKEBJERG,1994-01-26,26,01,1994,26,0.1,4.2,3.3,6.1,2,75,64.8
FLAKKEBJERG,1994-01-27,27,01,1994,27,2,6.5,4.7,1.9,2,79.7,66.7
FLAKKEBJERG,1994-01-28,28,01,1994,28,1.1,4.6,2.6,4.3,2,82.3,71
FLAKKEBJERG,1994-01-29,29,01,1994,29,-0.2,1.3,0.5,4.4,2,82.8,75.4
FLAKKEBJERG,1994-01-30,30,01,1994,30,-0.2,6.5,4,1.5,2,86.8,76.9
FLAKKEBJERG,1994-01-31,31,01,1994,31,3.1,5.3,3.8,3.4,2,90.6,80.3
FLAKKEBJERG,1994-02-01,01,02,1994,32,2.3,4.2,3.5,0.6,2,94.1,80.9
FLAKKEBJERG,1994-02-02,02,02,1994,33,0.1,4.9,3.1,5,2,97.2,85.9
FLAKKEBJERG,1994-02-03,03,02,1994,34,0.7,1.7,0.8,1.7,2,98,87.6
FLAKKEBJERG,1994-02-04,04,02,1994,35,-1.1,0.8,-0.2,0,2,98,87.6
FLAKKEBJERG,1994-02-05,05,02,1994,36,-1.2,0.9,0.2,0,2,98.2,87.6
FLAKKEBJERG,1994-02-06,06,02,1994,37,-0.3,0.7,0.3,0,2,98.5,87.6
FLAKKEBJERG,1994-02-07,07,02,1994,38,-0.1,0.5,0.2,0,2,98.7,87.6
FLAKKEBJERG,1994-02-08,08,02,1994,39,0,0.8,0.2,0.5,2,98.9,88.1
FLAKKEBJERG,1994-02-09,09,02,1994,40,-0.9,3.5,1.6,0.2,2,100.5,88.3
FLAKKEBJERG,1994-02-10,10,02,1994,41,0.8,3.5,2.4,5.6,2,102.9,93.9
FLAKKEBJERG,1994-02-11,11,02,1994,42,0.9,2.1,1,2,2,103.9,95.9
FLAKKEBJERG,1994-02-12,12,02,1994,43,-2.1,-0.6,-2.1,0,2,103.9,95.9
FLAKKEBJERG,1994-02-13,13,02,1994,44,-4.8,-3.2,-4.5,0,2,103.9,95.9
FLAKKEBJERG,1994-02-14,14,02,1994,45,-5.1,-1.8,-3.8,0,2,103.9,95.9
FLAKKEBJERG,1994-02-15,15,02,1994,46,-5.5,-0.7,-3.2,0,2,103.9,95.9
FLAKKEBJERG,1994-02-16,16,02,1994,47,-5.5,-0.4,-3.3,0,2,103.9,95.9
FLAKKEBJERG,1994-02-17,17,02,1994,48,-7.1,1.1,-3.3,0,2,103.9,95.9
FLAKKEBJERG,1994-02-18,18,02,1994,49,-7.9,0.1,-4,0,2,103.9,95.9
FLAKKEBJERG,1994-02-19,19,02,1994,50,-7.2,-0.3,-2.3,0,2,103.9,95.9
FLAKKEBJERG,1994-02-20,20,02,1994,51,-4.8,-0.5,-3,1.2,2,103.9,97.1
FLAKKEBJERG,1994-02-21,21,02,1994,52,-4.7,0.5,-0.5,0.6,2,103.9,97.7
FLAKKEBJERG,1994-02-22,22,02,1994,53,-2.2,-1.3,-2.1,0.5,2,103.9,98.2
FLAKKEBJERG,1994-02-23,23,02,1994,54,-3,-0.5,-1.9,1.2,2,103.9,99.4
FLAKKEBJERG,1994-02-24,24,02,1994,55,-2.9,-1.5,-2.5,0,2,103.9,99.4
FLAKKEBJERG,1994-02-25,25,02,1994,56,-3.8,-0.1,-2.1,0,2,103.9,99.4
FLAKKEBJERG,1994-02-26,26,02,1994,57,-5.6,-0.4,-1.8,0.1,2,103.9,99.5
FLAKKEBJERG,1994-02-27,27,02,1994,58,-3.1,0.8,0.2,6.8,2,104.1,106.3
FLAKKEBJERG,1994-02-28,28,02,1994,59,-0.1,0.8,-0.1,8.8,2,104.1,115.1
FLAKKEBJERG,1994-03-01,01,03,1994,60,-2.7,-0.5,-1.7,0,2,104.1,115.1
FLAKKEBJERG,1994-03-02,02,03,1994,61,-2.7,-0.1,-0.8,1.4,2,104.1,116.5
FLAKKEBJERG,1994-03-03,03,03,1994,62,-1.7,1.8,0.7,4,2,104.8,120.5
FLAKKEBJERG,1994-03-04,04,03,1994,63,0.3,3.4,1.6,4.8,2,106.4,125.3
FLAKKEBJERG,1994-03-05,05,03,1994,64,0.3,5.3,3.3,0.2,2,109.7,125.5
FLAKKEBJERG,1994-03-06,06,03,1994,65,2.1,6.1,3.8,1.7,2,113.5,127.2
FLAKKEBJERG,1994-03-07,07,03,1994,66,2.3,7.9,4.9,1.7,2,118.4,128.9
FLAKKEBJERG,1994-03-08,08,03,1994,67,1.8,7.7,4.8,1.1,2,123.2,130
FLAKKEBJERG,1994-03-09,09,03,1994,68,2.8,7.5,5.9,0.4,2.9,129.1,130.4
FLAKKEBJERG,1994-03-10,10,03,1994,69,3.1,6.7,4.3,5.2,2.9,133.4,135.6
FLAKKEBJERG,1994-03-11,11,03,1994,70,1.6,7.1,3.9,0.4,2.9,137.3,136
FLAKKEBJERG,1994-03-12,12,03,1994,71,1.2,5.7,3.1,0,2.9,140.4,136
FLAKKEBJERG,1994-03-13,13,03,1994,72,1.1,5.7,2.9,0.3,2.9,143.3,136.3
FLAKKEBJERG,1994-03-14,14,03,1994,73,1.4,7.6,4.9,6.2,2.9,148.2,142.5
FLAKKEBJERG,1994-03-15,15,03,1994,74,2.2,6.5,4.1,1.8,2.9,152.3,144.3
FLAKKEBJERG,1994-03-16,16,03,1994,75,1.3,5.2,2.6,0,2.9,154.9,144.3
FLAKKEBJERG,1994-03-17,17,03,1994,76,0.1,3.9,2.1,2.2,2.9,157,146.5
FLAKKEBJERG,1994-03-18,18,03,1994,77,0.9,5.3,2.6,0,2.9,159.6,146.5
FLAKKEBJERG,1994-03-19,19,03,1994,78,0.3,1.4,0.5,0.9,2.9,160.1,147.4
FLAKKEBJERG,1994-03-20,20,03,1994,79,-7.6,2.4,-1.4,9.6,2.9,160.1,157
FLAKKEBJERG,1994-03-21,21,03,1994,80,-7.1,4.5,0.2,1.4,2.9,160.3,158.4
FLAKKEBJERG,1994-03-22,22,03,1994,81,-3.3,3.1,1,0,2.9,161.3,158.4
FLAKKEBJERG,1994-03-23,23,03,1994,82,-0.3,8.6,6.3,1.6,4.2,167.6,160
FLAKKEBJERG,1994-03-24,24,03,1994,83,4.1,8.9,6.1,7.8,5.3,173.7,167.8
FLAKKEBJERG,1994-03-25,25,03,1994,84,3.7,6.2,4.6,0,5.3,178.3,167.8
FLAKKEBJERG,1994-03-26,26,03,1994,85,3.1,5.9,4.1,7.1,5.3,182.4,174.9
FLAKKEBJERG,1994-03-27,27,03,1994,86,1.1,6.9,3.5,0.5,5.3,185.9,175.4
FLAKKEBJERG,1994-03-28,28,03,1994,87,0.8,8,4.4,0,5.3,190.3,175.4
FLAKKEBJERG,1994-03-29,29,03,1994,88,1.7,10.7,7.3,3.1,7.6,197.6,178.5
FLAKKEBJERG,1994-03-30,30,03,1994,89,3.6,11.8,7.4,0.7,10,205,179.2
FLAKKEBJERG,1994-03-31,31,03,1994,90,4.2,12.2,8.3,0,13.3,213.3,179.2
FLAKKEBJERG,1994-04-01,01,04,1994,91,5.8,10.2,7.1,2.1,15.4,220.4,181.3
FLAKKEBJERG,1994-04-02,02,04,1994,92,5.3,8.5,6.2,4,16.6,226.6,185.3
FLAKKEBJERG,1994-04-03,03,04,1994,93,1.8,8.7,5,0,16.6,231.6,185.3
FLAKKEBJERG,1994-04-04,04,04,1994,94,2.5,5.4,3.6,0,16.6,235.2,185.3
FLAKKEBJERG,1994-04-05,05,04,1994,95,2.8,7.3,4.6,7.7,16.6,239.8,193
FLAKKEBJERG,1994-04-06,06,04,1994,96,3.1,7.8,4.9,0.1,16.6,244.7,193.1
FLAKKEBJERG,1994-04-07,07,04,1994,97,1.1,7.8,4.3,0,16.6,249,193.1
FLAKKEBJERG,1994-04-08,08,04,1994,98,-1,8.5,4.2,0.3,16.6,253.2,193.4
FLAKKEBJERG,1994-04-09,09,04,1994,99,0.3,8.2,5.3,0,16.9,258.5,193.4
FLAKKEBJERG,1994-04-10,10,04,1994,100,0.4,9.7,5.7,4.1,17.6,264.2,197.5
FLAKKEBJERG,1994-04-11,11,04,1994,101,3.5,13.2,8.1,0,20.7,272.3,197.5
FLAKKEBJERG,1994-04-12,12,04,1994,102,4.3,14.6,9.3,0,25,281.6,197.5
FLAKKEBJERG,1994-04-13,13,04,1994,103,6.8,9.7,7.8,0,27.8,289.4,197.5
FLAKKEBJERG,1994-04-14,14,04,1994,104,6,8.4,6.8,9.4,29.6,296.2,206.9
FLAKKEBJERG,1994-04-15,15,04,1994,105,5.7,7.4,6.3,2,30.9,302.5,208.9
FLAKKEBJERG,1994-04-16,16,04,1994,106,4.4,8.7,6.2,0.1,32.1,308.7,209
FLAKKEBJERG,1994-04-17,17,04,1994,107,3.2,9.1,5.4,0,32.5,314.1,209
FLAKKEBJERG,1994-04-18,18,04,1994,108,0.6,7.1,4.1,0,32.5,318.2,209
FLAKKEBJERG,1994-04-19,19,04,1994,109,0.3,6.7,4,0,32.5,322.2,209
FLAKKEBJERG,1994-04-20,20,04,1994,110,2.8,10.6,6.8,0,34.3,329,209
FLAKKEBJERG,1994-04-21,21,04,1994,111,4,13.3,8.5,0,37.8,337.5,209
FLAKKEBJERG,1994-04-22,22,04,1994,112,5.8,13.7,9.5,1.5,42.3,347,210.5
FLAKKEBJERG,1994-04-23,23,04,1994,113,2.7,18.4,10.8,0,48.1,357.8,210.5
FLAKKEBJERG,1994-04-24,24,04,1994,114,5.9,18.6,12.8,0,55.9,370.6,210.5
FLAKKEBJERG,1994-04-25,25,04,1994,115,6.7,18.1,12.2,0,63.1,382.8,210.5
FLAKKEBJERG,1994-04-26,26,04,1994,116,6.7,15.1,10.7,0.2,68.8,393.5,210.7
FLAKKEBJERG,1994-04-27,27,04,1994,117,8,16.6,12.3,0.4,76.1,405.8,211.1
FLAKKEBJERG,1994-04-28,28,04,1994,118,9.2,15.1,12.6,0,83.7,418.4,211.1
FLAKKEBJERG,1994-04-29,29,04,1994,119,11,18,13.5,0.4,92.2,431.9,211.5
FLAKKEBJERG,1994-04-30,30,04,1994,120,9.9,16.8,12,0,99.2,443.9,211.5
FLAKKEBJERG,1994-05-01,01,05,1994,121,6.3,11.8,8.3,0,102.5,452.2,211.5
FLAKKEBJERG,1994-05-02,02,05,1994,122,0.6,12,7.1,0,104.6,459.3,211.5
FLAKKEBJERG,1994-05-03,03,05,1994,123,0.7,14.3,8.3,0,107.9,467.6,211.5
FLAKKEBJERG,1994-05-04,04,05,1994,124,5.9,13,9.2,0,112.1,476.8,211.5
FLAKKEBJERG,1994-05-05,05,05,1994,125,7.1,11.2,8.5,5,115.6,485.3,216.5
FLAKKEBJERG,1994-05-06,06,05,1994,126,3.1,12.8,9,0.5,119.6,494.3,217
FLAKKEBJERG,1994-05-07,07,05,1994,127,7.6,16.6,11.5,0,126.1,505.8,217
FLAKKEBJERG,1994-05-08,08,05,1994,128,7.6,18.6,13,0,134.1,518.8,217
FLAKKEBJERG,1994-05-09,09,05,1994,129,7.5,20.2,13.8,0,142.9,532.6,217
FLAKKEBJERG,1994-05-10,10,05,1994,130,4.6,20.6,13.3,0,151.2,545.9,217
FLAKKEBJERG,1994-05-11,11,05,1994,131,6.4,20.1,14.2,0.3,160.4,560.1,217.3
FLAKKEBJERG,1994-05-12,12,05,1994,132,7,19.6,13.9,0,169.3,574,217.3
FLAKKEBJERG,1994-05-13,13,05,1994,133,7.8,17.7,12.3,0,176.6,586.3,217.3
FLAKKEBJERG,1994-05-14,14,05,1994,134,4.7,17.7,12.1,0,183.7,598.4,217.3
FLAKKEBJERG,1994-05-15,15,05,1994,135,9.2,15.8,13.1,0,191.8,611.5,217.3
FLAKKEBJERG,1994-05-16,16,05,1994,136,10,14.3,12.1,7.1,198.9,623.6,224.4
FLAKKEBJERG,1994-05-17,17,05,1994,137,7.3,10.9,9.8,0.1,203.7,633.4,224.5
FLAKKEBJERG,1994-05-18,18,05,1994,138,9.5,14.3,10.5,11.7,209.2,643.9,236.2
FLAKKEBJERG,1994-05-19,19,05,1994,139,6.9,13.2,9.4,4.2,213.6,653.3,240.4
FLAKKEBJERG,1994-05-20,20,05,1994,140,6.5,15.4,10.5,0,219.1,663.8,240.4
FLAKKEBJERG,1994-05-21,21,05,1994,141,5,15.9,11.4,0,225.5,675.2,240.4
FLAKKEBJERG,1994-05-22,22,05,1994,142,8,11.8,9.5,0,230,684.7,240.4
FLAKKEBJERG,1994-05-23,23,05,1994,143,8.3,13.9,10.8,0.6,235.8,695.5,241
FLAKKEBJERG,1994-05-24,24,05,1994,144,9.3,13.6,10.5,14.1,241.3,706,255.1
FLAKKEBJERG,1994-05-25,25,05,1994,145,7.4,14.7,11.1,0,247.4,717.1,255.1
FLAKKEBJERG,1994-05-26,26,05,1994,146,9.8,13.6,11.2,3.6,253.6,728.3,258.7
FLAKKEBJERG,1994-05-27,27,05,1994,147,7.1,14.4,10.6,0,259.2,738.9,258.7
FLAKKEBJERG,1994-05-28,28,05,1994,148,6.7,14.5,10.9,0,265.1,749.8,258.7
FLAKKEBJERG,1994-05-29,29,05,1994,149,7.4,12.8,9.5,0,269.6,759.3,258.7
FLAKKEBJERG,1994-05-30,30,05,1994,150,6.9,14.9,10.9,0.8,275.5,770.2,259.5
FLAKKEBJERG,1994-05-31,31,05,1994,151,6.7,14.2,10.5,0.3,281,780.7,259.8
FLAKKEBJERG,1994-06-01,01,06,1994,152,7.5,16.9,12.2,1.8,288.2,792.9,261.6
FLAKKEBJERG,1994-06-02,02,06,1994,153,6.2,20.9,14.2,0,297.4,807.1,261.6
FLAKKEBJERG,1994-06-03,03,06,1994,154,11.8,17.4,13.9,2.6,306.3,821,264.2
FLAKKEBJERG,1994-06-04,04,06,1994,155,10.3,14.5,12,0.3,313.3,833,264.5
FLAKKEBJERG,1994-06-05,05,06,1994,156,7.2,14.6,10.8,0,319.1,843.8,264.5
FLAKKEBJERG,1994-06-06,06,06,1994,157,8.5,16.5,11.9,0.6,326,855.7,265.1
FLAKKEBJERG,1994-06-07,07,06,1994,158,10.1,18.4,14.3,0,335.3,870,265.1
FLAKKEBJERG,1994-06-08,08,06,1994,159,9.9,17.2,13.2,0.2,343.5,883.2,265.3
FLAKKEBJERG,1994-06-09,09,06,1994,160,8.6,14.1,11,3.5,349.5,894.2,268.8
FLAKKEBJERG,1994-06-10,10,06,1994,161,8.7,15,11.8,1.5,356.3,906,270.3
FLAKKEBJERG,1994-06-11,11,06,1994,162,7,16.8,12.9,0.4,364.2,918.9,270.7
FLAKKEBJERG,1994-06-12,12,06,1994,163,6.3,15.1,12.3,0,371.5,931.2,270.7
FLAKKEBJERG,1994-06-13,13,06,1994,164,12.1,18.9,14.8,0.2,381.3,946,270.9
FLAKKEBJERG,1994-06-14,14,06,1994,165,9.8,21.5,14.2,0,390.5,960.2,270.9
FLAKKEBJERG,1994-06-15,15,06,1994,166,8.6,11.7,9.8,0,395.3,970,270.9
FLAKKEBJERG,1994-06-16,16,06,1994,167,8.2,13.8,10.6,3.8,400.9,980.6,274.7
FLAKKEBJERG,1994-06-17,17,06,1994,168,6.3,14.8,10.6,0,406.5,991.2,274.7
FLAKKEBJERG,1994-06-18,18,06,1994,169,6.4,13.6,10.7,0,412.2,1001.9,274.7
FLAKKEBJERG,1994-06-19,19,06,1994,170,10.3,16.6,13.2,8.2,420.4,1015.1,282.9
FLAKKEBJERG,1994-06-20,20,06,1994,171,8.7,16.9,12.8,0.4,428.2,1027.9,283.3
FLAKKEBJERG,1994-06-21,21,06,1994,172,7.6,16.6,13.4,0,436.6,1041.3,283.3
FLAKKEBJERG,1994-06-22,22,06,1994,173,12.9,17.5,14.4,4.9,446,1055.7,288.2
FLAKKEBJERG,1994-06-23,23,06,1994,174,10.4,15.6,12.7,0.3,453.7,1068.4,288.5
FLAKKEBJERG,1994-06-24,24,06,1994,175,8.1,17.1,12.6,0,461.3,1081,288.5
FLAKKEBJERG,1994-06-25,25,06,1994,176,7,22.8,16,0,472.3,1097,288.5
FLAKKEBJERG,1994-06-26,26,06,1994,177,14.3,21.7,18.1,2.4,485.4,1115.1,290.9
FLAKKEBJERG,1994-06-27,27,06,1994,178,12.7,22.3,17.4,0.2,497.8,1132.5,291.1
FLAKKEBJERG,1994-06-28,28,06,1994,179,12,25,17.7,0,510.5,1150.2,291.1
FLAKKEBJERG,1994-06-29,29,06,1994,180,14.1,23.6,18.6,0,524.1,1168.8,291.1
FLAKKEBJERG,1994-06-30,30,06,1994,181,11.1,18.8,15,12,534.1,1183.8,303.1
FLAKKEBJERG,1994-07-01,01,07,1994,182,8.9,18.4,13.7,0,542.8,1197.5,303.1
FLAKKEBJERG,1994-07-02,02,07,1994,183,6,21.7,14.8,0,552.6,1212.3,303.1
FLAKKEBJERG,1994-07-03,03,07,1994,184,9.2,25.8,18.2,0,565.8,1230.5,303.1
FLAKKEBJERG,1994-07-04,04,07,1994,185,11.9,23.9,18.8,0,579.6,1249.3,303.1
FLAKKEBJERG,1994-07-05,05,07,1994,186,14.7,16,15.2,0,589.8,1264.5,303.1
FLAKKEBJERG,1994-07-06,06,07,1994,187,13.3,20.1,16.2,0,601,1280.7,303.1
FLAKKEBJERG,1994-07-07,07,07,1994,188,7.5,24.5,17.1,0.2,613.1,1297.8,303.3
FLAKKEBJERG,1994-07-08,08,07,1994,189,12.8,23.4,17.8,0,625.9,1315.6,303.3
FLAKKEBJERG,1994-07-09,09,07,1994,190,11.7,20.2,16.5,0,637.4,1332.1,303.3
FLAKKEBJERG,1994-07-10,10,07,1994,191,10.6,22.8,17.3,0,649.7,1349.4,303.3
FLAKKEBJERG,1994-07-11,11,07,1994,192,10.3,25.9,19.6,0,664.3,1369,303.3
FLAKKEBJERG,1994-07-12,12,07,1994,193,11.6,27.6,20.9,0,680.2,1389.9,303.3
FLAKKEBJERG,1994-07-13,13,07,1994,194,15.7,29.1,23,0,698.2,1412.9,303.3
FLAKKEBJERG,1994-07-14,14,07,1994,195,16.9,30.6,23.9,0,717.1,1436.8,303.3
FLAKKEBJERG,1994-07-15,15,07,1994,196,16.8,23.6,19.5,0.1,731.6,1456.3,303.4
FLAKKEBJERG,1994-07-16,16,07,1994,197,13.6,21.1,17.3,0.5,743.9,1473.6,303.9
FLAKKEBJERG,1994-07-17,17,07,1994,198,9.7,19.7,15.3,0.1,754.2,1488.9,304
FLAKKEBJERG,1994-07-18,18,07,1994,199,9.8,23.6,17.3,0,766.5,1506.2,304
FLAKKEBJERG,1994-07-19,19,07,1994,200,10.3,23.5,17.8,0,779.3,1524,304
FLAKKEBJERG,1994-07-20,20,07,1994,201,9.4,26.8,19.6,0,793.9,1543.6,304
FLAKKEBJERG,1994-07-21,21,07,1994,202,11.3,26.7,20.3,0,809.2,1563.9,304
FLAKKEBJERG,1994-07-22,22,07,1994,203,11.4,28.9,20.7,0,824.9,1584.6,304
FLAKKEBJERG,1994-07-23,23,07,1994,204,13.3,29.3,22,0.1,841.9,1606.6,304.1
FLAKKEBJERG,1994-07-24,24,07,1994,205,14.6,29.8,22.7,0,859.6,1629.3,304.1
FLAKKEBJERG,1994-07-25,25,07,1994,206,16.7,28.8,23.1,0,877.7,1652.4,304.1
FLAKKEBJERG,1994-07-26,26,07,1994,207,18.7,31.4,24.8,0.1,897.5,1677.2,304.2
FLAKKEBJERG,1994-07-27,27,07,1994,208,15,29.1,22.8,0,915.3,1700,304.2
FLAKKEBJERG,1994-07-28,28,07,1994,209,17.1,31.3,24.9,0,935.2,1724.9,304.2
FLAKKEBJERG,1994-07-29,29,07,1994,210,20.2,26.4,22.2,0,952.4,1747.1,304.2
FLAKKEBJERG,1994-07-30,30,07,1994,211,12.8,27.8,21.1,0.1,968.5,1768.2,304.3
FLAKKEBJERG,1994-07-31,31,07,1994,212,19.4,30,23.7,3.3,987.2,1791.9,307.6
FLAKKEBJERG,1994-08-01,01,08,1994,213,19.8,30.2,24.1,0,1006.3,1816,307.6
FLAKKEBJERG,1994-08-02,02,08,1994,214,18.6,26,21.2,1.5,1022.5,1837.2,309.1
FLAKKEBJERG,1994-08-03,03,08,1994,215,14,24.9,19.8,2.9,1037.3,1857,312
FLAKKEBJERG,1994-08-04,04,08,1994,216,12.8,28.6,21.4,0,1053.7,1878.4,312
FLAKKEBJERG,1994-08-05,05,08,1994,217,18.3,31.1,24.5,0,1073.2,1902.9,312
FLAKKEBJERG,1994-08-06,06,08,1994,218,19.9,25,21.7,0.1,1089.9,1924.6,312.1
FLAKKEBJERG,1994-08-07,07,08,1994,219,14.8,24.1,19.2,0.3,1104.1,1943.8,312.4
FLAKKEBJERG,1994-08-08,08,08,1994,220,12.9,24.3,18.6,0,1117.7,1962.4,312.4
FLAKKEBJERG,1994-08-09,09,08,1994,221,11.4,24.8,18.7,3.1,1131.4,1981.1,315.5
FLAKKEBJERG,1994-08-10,10,08,1994,222,11.6,26,19.5,0,1145.9,2000.6,315.5
FLAKKEBJERG,1994-08-11,11,08,1994,223,14.9,24.2,20,0,1160.9,2020.6,315.5
FLAKKEBJERG,1994-08-12,12,08,1994,224,15.3,23.6,19.2,0.1,1175.1,2039.8,315.6
FLAKKEBJERG,1994-08-13,13,08,1994,225,11.2,18.8,16,0.4,1186.1,2055.8,316
FLAKKEBJERG,1994-08-14,14,08,1994,226,11.7,16.1,13,14.6,1194.1,2068.8,330.6
FLAKKEBJERG,1994-08-15,15,08,1994,227,11.2,20,16.5,4.1,1205.6,2085.3,334.7
FLAKKEBJERG,1994-08-16,16,08,1994,228,13.2,18.1,15.1,0,1215.7,2100.4,334.7
FLAKKEBJERG,1994-08-17,17,08,1994,229,11.5,20.5,16.3,0,1227,2116.7,334.7
FLAKKEBJERG,1994-08-18,18,08,1994,230,11.8,15.2,13.2,14.7,1235.2,2129.9,349.4
FLAKKEBJERG,1994-08-19,19,08,1994,231,10.3,20,16,3.2,1246.2,2145.9,352.6
FLAKKEBJERG,1994-08-20,20,08,1994,232,13.2,19.8,16.1,0,1257.3,2162,352.6
FLAKKEBJERG,1994-08-21,21,08,1994,233,10.8,19.9,14.6,0.1,1266.9,2176.6,352.7
FLAKKEBJERG,1994-08-22,22,08,1994,234,7.9,20.1,14.8,0.7,1276.7,2191.4,353.4
FLAKKEBJERG,1994-08-23,23,08,1994,235,8,22.4,15.4,0,1287.1,2206.8,353.4
FLAKKEBJERG,1994-08-24,24,08,1994,236,11.4,18,15.4,0,1297.5,2222.2,353.4
FLAKKEBJERG,1994-08-25,25,08,1994,237,14.9,20.2,16.9,1,1309.4,2239.1,354.4
FLAKKEBJERG,1994-08-26,26,08,1994,238,13.8,20.6,16.8,20.5,1321.2,2255.9,374.9
FLAKKEBJERG,1994-08-27,27,08,1994,239,14.3,20.9,17.1,0,1333.3,2273,374.9
FLAKKEBJERG,1994-08-28,28,08,1994,240,9,16.5,13.5,2.9,1341.8,2286.5,377.8
FLAKKEBJERG,1994-08-29,29,08,1994,241,10.2,17,13.9,0,1350.7,2300.4,377.8
FLAKKEBJERG,1994-08-30,30,08,1994,242,10.2,17.9,13.8,5.4,1359.5,2314.2,383.2
FLAKKEBJERG,1994-08-31,31,08,1994,243,5.6,19.5,13.3,0.6,1367.8,2327.5,383.8
FLAKKEBJERG,1994-09-01,01,09,1994,244,8.8,18.5,14.7,0,1377.5,2342.2,383.8
FLAKKEBJERG,1994-09-02,02,09,1994,245,14.4,21,16.7,16.5,1389.2,2358.9,400.3
FLAKKEBJERG,1994-09-03,03,09,1994,246,14.2,17.8,15.3,23.6,1399.5,2374.2,423.9
FLAKKEBJERG,1994-09-04,04,09,1994,247,12.1,18.2,15.1,2.9,1409.6,2389.3,426.8
FLAKKEBJERG,1994-09-05,05,09,1994,248,14,17.5,14.9,9.7,1419.5,2404.2,436.5
FLAKKEBJERG,1994-09-06,06,09,1994,249,12.6,16.8,14.3,9.6,1428.8,2418.5,446.1
FLAKKEBJERG,1994-09-07,07,09,1994,250,10.4,17.6,13.6,2.5,1437.4,2432.1,448.6
FLAKKEBJERG,1994-09-08,08,09,1994,251,10.6,17.2,14.5,0,1446.9,2446.6,448.6
FLAKKEBJERG,1994-09-09,09,09,1994,252,12.7,15.3,13.5,12.3,1455.4,2460.1,460.9
FLAKKEBJERG,1994-09-10,10,09,1994,253,11.1,16.3,13,13.4,1463.4,2473.1,474.3
FLAKKEBJERG,1994-09-11,11,09,1994,254,9.8,15.6,13,13.6,1471.4,2486.1,487.9
FLAKKEBJERG,1994-09-12,12,09,1994,255,9.9,14.6,12.8,0.4,1479.2,2498.9,488.3
FLAKKEBJERG,1994-09-13,13,09,1994,256,11.5,16.6,14.2,0,1488.4,2513.1,488.3
FLAKKEBJERG,1994-09-14,14,09,1994,257,9.3,17.9,13.6,0.2,1497,2526.7,488.5
FLAKKEBJERG,1994-09-15,15,09,1994,258,10.2,16,13.5,16.6,1505.5,2540.2,505.1
FLAKKEBJERG,1994-09-16,16,09,1994,259,11.4,13.4,12.6,35.7,1513.1,2552.8,540.8
FLAKKEBJERG,1994-09-17,17,09,1994,260,11.5,13.1,12.3,14.7,1520.4,2565.1,555.5
FLAKKEBJERG,1994-09-18,18,09,1994,261,11,12.4,11.4,3.4,1526.8,2576.5,558.9
FLAKKEBJERG,1994-09-19,19,09,1994,262,10.6,13,11.6,0.7,1533.4,2588.1,559.6
FLAKKEBJERG,1994-09-20,20,09,1994,263,10.7,16,12.5,1.1,1540.9,2600.6,560.7
FLAKKEBJERG,1994-09-21,21,09,1994,264,9.2,17,12.3,0,1548.2,2612.9,560.7
FLAKKEBJERG,1994-09-22,22,09,1994,265,9.8,15.6,12.3,0,1555.5,2625.2,560.7
FLAKKEBJERG,1994-09-23,23,09,1994,266,4.9,16.8,11,0.3,1561.5,2636.2,561
FLAKKEBJERG,1994-09-24,24,09,1994,267,5.4,19.1,12.3,0,1568.8,2648.5,561
FLAKKEBJERG,1994-09-25,25,09,1994,268,7.3,17.7,12.8,0,1576.6,2661.3,561
FLAKKEBJERG,1994-09-26,26,09,1994,269,8.3,15.5,11.8,0.2,1583.4,2673.1,561.2
FLAKKEBJERG,1994-09-27,27,09,1994,270,10.8,13.8,11.6,0.3,1590,2684.7,561.5
FLAKKEBJERG,1994-09-28,28,09,1994,271,7.8,12.9,10.5,2.1,1595.5,2695.2,563.6
FLAKKEBJERG,1994-09-29,29,09,1994,272,8.4,15.6,13.1,0,1603.6,2708.3,563.6
FLAKKEBJERG,1994-09-30,30,09,1994,273,9.4,14.2,12.1,0,1610.7,2720.4,563.6
FLAKKEBJERG,1994-10-01,01,10,1994,274,8.4,13.5,10.5,1.4,1616.2,2730.9,565
FLAKKEBJERG,1994-10-02,02,10,1994,275,7.5,12.6,10,0,1621.2,2740.9,565
FLAKKEBJERG,1994-10-03,03,10,1994,276,7.7,12.6,9.2,3.2,1625.4,2750.1,568.2
FLAKKEBJERG,1994-10-04,04,10,1994,277,4.9,9.3,6.3,4.7,1626.7,2756.4,572.9
FLAKKEBJERG,1994-10-05,05,10,1994,278,4.1,9.9,6,0.4,1627.7,2762.4,573.3
FLAKKEBJERG,1994-10-06,06,10,1994,279,-1.1,11.2,6.2,0,1628.9,2768.6,573.3
FLAKKEBJERG,1994-10-07,07,10,1994,280,-0.2,11.5,10.1,0,1634,2778.7,573.3
FLAKKEBJERG,1994-10-08,08,10,1994,281,8.2,11.3,9.3,0,1638.3,2788,573.3
FLAKKEBJERG,1994-10-09,09,10,1994,282,7.2,10.4,8,0,1641.3,2796,573.3
FLAKKEBJERG,1994-10-10,10,10,1994,283,2.4,11.6,7.3,0.3,1643.6,2803.3,573.6
FLAKKEBJERG,1994-10-11,11,10,1994,284,2.8,11.5,9.2,0.1,1647.8,2812.5,573.7
FLAKKEBJERG,1994-10-12,12,10,1994,285,8.1,11.9,10.1,0.3,1652.9,2822.6,574
FLAKKEBJERG,1994-10-13,13,10,1994,286,8.5,12.4,10.8,0.2,1658.7,2833.4,574.2
FLAKKEBJERG,1994-10-14,14,10,1994,287,8.6,13.5,10,0.1,1663.7,2843.4,574.3
FLAKKEBJERG,1994-10-15,15,10,1994,288,4.6,11.8,8.7,0,1667.4,2852.1,574.3
FLAKKEBJERG,1994-10-16,16,10,1994,289,5,9.5,6.2,0.2,1668.6,2858.3,574.5
FLAKKEBJERG,1994-10-17,17,10,1994,290,-1,7.3,1.9,0,1668.6,2860.2,574.5
FLAKKEBJERG,1994-10-18,18,10,1994,291,-3.9,7.3,1.8,0,1668.6,2862,574.5
FLAKKEBJERG,1994-10-19,19,10,1994,292,-3.6,7.8,4.7,0,1668.6,2866.7,574.5
FLAKKEBJERG,1994-10-20,20,10,1994,293,2.1,8.5,6.4,0,1670,2873.1,574.5
FLAKKEBJERG,1994-10-21,21,10,1994,294,3.8,8.6,6.2,0,1671.2,2879.3,574.5
FLAKKEBJERG,1994-10-22,22,10,1994,295,3.8,9.9,7.8,0,1674,2887.1,574.5
FLAKKEBJERG,1994-10-23,23,10,1994,296,5.7,13.3,10.4,3.5,1679.4,2897.5,578
FLAKKEBJERG,1994-10-24,24,10,1994,297,8.2,11.5,10.2,0,1684.6,2907.7,578
FLAKKEBJERG,1994-10-25,25,10,1994,298,5.8,9.8,8.6,0.6,1688.2,2916.3,578.6
FLAKKEBJERG,1994-10-26,26,10,1994,299,5.8,9.7,8.7,2.4,1691.9,2925,581
FLAKKEBJERG,1994-10-27,27,10,1994,300,7.4,8.8,8.3,1.7,1695.2,2933.3,582.7
FLAKKEBJERG,1994-10-28,28,10,1994,301,6.3,8.7,7.8,3,1698,2941.1,585.7
FLAKKEBJERG,1994-10-29,29,10,1994,302,6.9,9.2,7.9,0,1700.9,2949,585.7
FLAKKEBJERG,1994-10-30,30,10,1994,303,6.5,9.5,8,8.6,1703.9,2957,594.3
FLAKKEBJERG,1994-10-31,31,10,1994,304,7.3,12.6,10.3,6.3,1709.2,2967.3,600.6
FLAKKEBJERG,1994-11-01,01,11,1994,305,9.4,11.2,9.9,7.9,1714.1,2977.2,608.5
FLAKKEBJERG,1994-11-02,02,11,1994,306,6.8,9.9,7.5,2.9,1716.6,2984.7,611.4
FLAKKEBJERG,1994-11-03,03,11,1994,307,-1.1,9.5,4.6,0,1716.6,2989.3,611.4
FLAKKEBJERG,1994-11-04,04,11,1994,308,1.1,8.8,7,0,1718.6,2996.3,611.4
FLAKKEBJERG,1994-11-05,05,11,1994,309,4.7,9.3,6.8,0,1720.4,3003.1,611.4
FLAKKEBJERG,1994-11-06,06,11,1994,310,4.3,10.1,7.2,0,1722.6,3010.3,611.4
FLAKKEBJERG,1994-11-07,07,11,1994,311,4.5,7.9,7.3,0,1724.9,3017.6,611.4
FLAKKEBJERG,1994-11-08,08,11,1994,312,5.9,7.3,6.4,0.3,1726.3,3024,611.7
FLAKKEBJERG,1994-11-09,09,11,1994,313,5.2,6.9,5.9,0,1727.2,3029.9,611.7
FLAKKEBJERG,1994-11-10,10,11,1994,314,5.2,7.4,6.5,0.7,1728.7,3036.4,612.4
FLAKKEBJERG,1994-11-11,11,11,1994,315,3.8,6.2,5.3,0.3,1729,3041.7,612.7
FLAKKEBJERG,1994-11-12,12,11,1994,316,2.1,5.1,3.4,1.1,1729,3045.1,613.8
FLAKKEBJERG,1994-11-13,13,11,1994,317,-0.3,2.5,0.5,0.2,1729,3045.6,614
FLAKKEBJERG,1994-11-14,14,11,1994,318,-0.9,11.8,8.9,16.7,1732.9,3054.5,630.7
FLAKKEBJERG,1994-11-15,15,11,1994,319,8.6,11.2,9.9,4.5,1737.8,3064.4,635.2
FLAKKEBJERG,1994-11-16,16,11,1994,320,7.3,9.4,7.8,1.2,1740.6,3072.2,636.4
FLAKKEBJERG,1994-11-17,17,11,1994,321,5.7,7.8,6.3,0,1741.9,3078.5,636.4
FLAKKEBJERG,1994-11-18,18,11,1994,322,4.8,5.9,5.1,2.7,1742,3083.6,639.1
FLAKKEBJERG,1994-11-19,19,11,1994,323,3.4,6.4,4.7,0,1742,3088.3,639.1
FLAKKEBJERG,1994-11-20,20,11,1994,324,3.1,11.5,9.4,3.1,1746.4,3097.7,642.2
FLAKKEBJERG,1994-11-21,21,11,1994,325,6.9,9,7.4,5.6,1748.8,3105.1,647.8
FLAKKEBJERG,1994-11-22,22,11,1994,326,3.4,7.3,5.3,0.1,1749.1,3110.4,647.9
FLAKKEBJERG,1994-11-23,23,11,1994,327,3.7,9.3,5.7,0,1749.8,3116.1,647.9
FLAKKEBJERG,1994-11-24,24,11,1994,328,3.8,10.4,8.6,1.5,1753.4,3124.7,649.4
FLAKKEBJERG,1994-11-25,25,11,1994,329,4.5,7.5,5.1,0.1,1753.5,3129.8,649.5
FLAKKEBJERG,1994-11-26,26,11,1994,330,1.9,8.5,6.9,0,1755.4,3136.7,649.5
FLAKKEBJERG,1994-11-27,27,11,1994,331,6.1,9.1,7.3,2.1,1757.7,3144,651.6
FLAKKEBJERG,1994-11-28,28,11,1994,332,5,9.1,7.3,0.2,1760,3151.3,651.8
FLAKKEBJERG,1994-11-29,29,11,1994,333,4.7,9.1,7.2,0.2,1762.2,3158.5,652
FLAKKEBJERG,1994-11-30,30,11,1994,334,5.8,7,5.6,0.3,1762.8,3164.1,652.3
FLAKKEBJERG,1994-12-01,01,12,1994,335,0.9,5.4,2.8,0,1762.8,3166.9,652.3
FLAKKEBJERG,1994-12-02,02,12,1994,336,-0.9,3,0.9,0,1762.8,3167.8,652.3
FLAKKEBJERG,1994-12-03,03,12,1994,337,-0.6,4.4,1.7,0.1,1762.8,3169.5,652.4
FLAKKEBJERG,1994-12-04,04,12,1994,338,0.3,8,6.8,2.5,1764.6,3176.3,654.9
FLAKKEBJERG,1994-12-05,05,12,1994,339,6.5,8.6,7.6,7,1767.2,3183.9,661.9
FLAKKEBJERG,1994-12-06,06,12,1994,340,5,7.6,6.1,1.3,1768.3,3190,663.2
FLAKKEBJERG,1994-12-07,07,12,1994,341,3.9,6.1,5,0.3,1768.3,3195,663.5
FLAKKEBJERG,1994-12-08,08,12,1994,342,4.3,7,6.2,2.2,1769.5,3201.2,665.7
FLAKKEBJERG,1994-12-09,09,12,1994,343,5.3,7.7,6.7,6.9,1771.2,3207.9,672.6
FLAKKEBJERG,1994-12-10,10,12,1994,344,3.9,7.7,5.6,2.4,1771.8,3213.5,675
FLAKKEBJERG,1994-12-11,11,12,1994,345,5.4,11.3,10.4,0.9,1777.2,3223.9,675.9
FLAKKEBJERG,1994-12-12,12,12,1994,346,10,10.9,9.9,7.2,1782.1,3233.8,683.1
FLAKKEBJERG,1994-12-13,13,12,1994,347,7.6,8.7,7.1,3.7,1784.2,3240.9,686.8
FLAKKEBJERG,1994-12-14,14,12,1994,348,1.6,4,2.6,0.2,1784.2,3243.5,687
FLAKKEBJERG,1994-12-15,15,12,1994,349,-0.1,3.8,2,0,1784.2,3245.5,687
FLAKKEBJERG,1994-12-16,16,12,1994,350,0.2,5.8,3.8,0,1784.2,3249.3,687
FLAKKEBJERG,1994-12-17,17,12,1994,351,2.3,5.4,4,4.1,1784.2,3253.3,691.1
FLAKKEBJERG,1994-12-18,18,12,1994,352,2.3,4.2,3.3,0.1,1784.2,3256.6,691.2
FLAKKEBJERG,1994-12-19,19,12,1994,353,1.8,5.5,4.4,4.3,1784.2,3261,695.5
FLAKKEBJERG,1994-12-20,20,12,1994,354,4,5.2,4.5,0.7,1784.2,3265.5,696.2
FLAKKEBJERG,1994-12-21,21,12,1994,355,3.2,4,3.4,0.9,1784.2,3268.9,697.1
FLAKKEBJERG,1994-12-22,22,12,1994,356,-2,3.3,0.5,0.3,1784.2,3269.4,697.4
FLAKKEBJERG,1994-12-23,23,12,1994,357,-1.7,2,0.6,0,1784.2,3270,697.4
FLAKKEBJERG,1994-12-24,24,12,1994,358,0.3,1.2,0.2,0,1784.2,3270.2,697.4
FLAKKEBJERG,1994-12-25,25,12,1994,359,-2.1,-1.1,-1.7,0.2,1784.2,3270.2,697.6
FLAKKEBJERG,1994-12-26,26,12,1994,360,-2,2.9,1.3,2.3,1784.2,3271.5,699.9
FLAKKEBJERG,1994-12-27,27,12,1994,361,0.4,6,3.4,16.2,1784.2,3274.9,716.1
FLAKKEBJERG,1994-12-28,28,12,1994,362,1.8,8.5,3.1,0.6,1784.2,3278,716.7
FLAKKEBJERG,1994-12-29,29,12,1994,363,1.6,9.9,9.1,4.1,1788.3,3287.1,720.8
FLAKKEBJERG,1994-12-30,30,12,1994,364,6,7.9,6.2,9.8,1789.5,3293.3,730.6
FLAKKEBJERG,1994-12-31,31,12,1994,365,5.1,6.6,5.4,2.6,1789.9,3298.7,733.2
FLAKKEBJERG,1995-01-01,01,01,1995,1,1.6,3.6,1.6,1.2,0,1.6,1.2
FLAKKEBJERG,1995-01-02,02,01,1995,2,-1.5,1.2,0,1.5,0,1.6,2.7
FLAKKEBJERG,1995-01-03,03,01,1995,3,-4.8,0.4,-2.4,0.3,0,1.6,3
FLAKKEBJERG,1995-01-04,04,01,1995,4,-6.4,0.2,-3.4,0,0,1.6,3
FLAKKEBJERG,1995-01-05,05,01,1995,5,-6.2,-2.3,-3.8,0,0,1.6,3
FLAKKEBJERG,1995-01-06,06,01,1995,6,-4.9,-3.5,-5,0,0,1.6,3
FLAKKEBJERG,1995-01-07,07,01,1995,7,-8.5,-1.8,-4.1,0,0,1.6,3
FLAKKEBJERG,1995-01-08,08,01,1995,8,-5.2,0,-3,0,0,1.6,3
FLAKKEBJERG,1995-01-09,09,01,1995,9,-4.5,2.7,1.4,9.4,0,3,12.4
FLAKKEBJERG,1995-01-10,10,01,1995,10,0.6,3.6,2.4,5,0,5.4,17.4
FLAKKEBJERG,1995-01-11,11,01,1995,11,1.1,1.9,1.1,1,0,6.5,18.4
FLAKKEBJERG,1995-01-12,12,01,1995,12,-1.5,0.2,-0.5,0,0,6.5,18.4
FLAKKEBJERG,1995-01-13,13,01,1995,13,-3.6,1.1,-1.3,0,0,6.5,18.4
FLAKKEBJERG,1995-01-14,14,01,1995,14,-3,3.3,2.1,0.8,0,8.6,19.2
FLAKKEBJERG,1995-01-15,15,01,1995,15,1.5,3.9,1.6,1.4,0,10.2,20.6
FLAKKEBJERG,1995-01-16,16,01,1995,16,-1.7,4.7,3.1,0.5,0,13.3,21.1
FLAKKEBJERG,1995-01-17,17,01,1995,17,0.7,2.6,1.4,0.1,0,14.7,21.2
FLAKKEBJERG,1995-01-18,18,01,1995,18,0.2,2,1.2,0,0,15.9,21.2
FLAKKEBJERG,1995-01-19,19,01,1995,19,-0.6,1.8,-0.2,1.4,0,15.9,22.6
FLAKKEBJERG,1995-01-20,20,01,1995,20,-1,2.1,1.1,4.1,0,17,26.7
FLAKKEBJERG,1995-01-21,21,01,1995,21,0.4,2.4,1.6,4.5,0,18.6,31.2
FLAKKEBJERG,1995-01-22,22,01,1995,22,0.5,2.9,1.9,2,0,20.5,33.2
FLAKKEBJERG,1995-01-23,23,01,1995,23,0.1,4,1.9,14.4,0,22.4,47.6
FLAKKEBJERG,1995-01-24,24,01,1995,24,0.6,5.2,3.5,6.8,0,25.9,54.4
FLAKKEBJERG,1995-01-25,25,01,1995,25,1.9,4,2.6,2.4,0,28.5,56.8
FLAKKEBJERG,1995-01-26,26,01,1995,26,0.2,1.6,0.7,1.7,0,29.2,58.5
FLAKKEBJERG,1995-01-27,27,01,1995,27,-1.3,2.3,0.5,7.8,0,29.7,66.3
FLAKKEBJERG,1995-01-28,28,01,1995,28,-1.3,3.6,1.2,4.2,0,30.9,70.5
FLAKKEBJERG,1995-01-29,29,01,1995,29,-0.5,3.8,1.5,1.3,0,32.4,71.8
FLAKKEBJERG,1995-01-30,30,01,1995,30,-2.2,0.6,-0.7,5,0,32.4,76.8
FLAKKEBJERG,1995-01-31,31,01,1995,31,-5.7,0.7,-2.2,0.6,0,32.4,77.4
FLAKKEBJERG,1995-02-01,01,02,1995,32,-5.7,6.2,4.2,6.6,0,36.6,84
FLAKKEBJERG,1995-02-02,02,02,1995,33,2.8,5.1,3,0.8,0,39.6,84.8
FLAKKEBJERG,1995-02-03,03,02,1995,34,0,3.7,1.8,0.2,0,41.4,85
FLAKKEBJERG,1995-02-04,04,02,1995,35,0.3,6.6,5,0,0,46.4,85
FLAKKEBJERG,1995-02-05,05,02,1995,36,3.4,7.2,4.8,1.2,0,51.2,86.2
FLAKKEBJERG,1995-02-06,06,02,1995,37,3.7,7.2,6,0,1,57.2,86.2
FLAKKEBJERG,1995-02-07,07,02,1995,38,4.7,7.1,4.4,0.9,1,61.6,87.1
FLAKKEBJERG,1995-02-08,08,02,1995,39,0.6,2.5,1.2,0.7,1,62.8,87.8
FLAKKEBJERG,1995-02-09,09,02,1995,40,-1.7,1.6,-0.2,0,1,62.8,87.8
FLAKKEBJERG,1995-02-10,10,02,1995,41,-1.6,2.5,0.6,0,1,63.4,87.8
FLAKKEBJERG,1995-02-11,11,02,1995,42,-1,3,0.1,0,1,63.5,87.8
FLAKKEBJERG,1995-02-12,12,02,1995,43,-1,7.1,5.7,8.2,1.7,69.2,96
FLAKKEBJERG,1995-02-13,13,02,1995,44,4,8.4,5.7,0.3,2.4,74.9,96.3
FLAKKEBJERG,1995-02-14,14,02,1995,45,3.8,7.5,5.7,0,3.1,80.6,96.3
FLAKKEBJERG,1995-02-15,15,02,1995,46,3.2,6.4,4.9,0.6,3.1,85.5,96.9
FLAKKEBJERG,1995-02-16,16,02,1995,47,4,7.3,5.3,10.4,3.4,90.8,107.3
FLAKKEBJERG,1995-02-17,17,02,1995,48,4,6.3,4.6,8.6,3.4,95.4,115.9
FLAKKEBJERG,1995-02-18,18,02,1995,49,2.9,6.6,4.2,2.3,3.4,99.6,118.2
FLAKKEBJERG,1995-02-19,19,02,1995,50,1.9,6.8,3.8,0,3.4,103.4,118.2
FLAKKEBJERG,1995-02-20,20,02,1995,51,0.9,6.5,3.6,2.3,3.4,107,120.5
FLAKKEBJERG,1995-02-21,21,02,1995,52,2.5,7.7,4.7,6.8,3.4,111.7,127.3
FLAKKEBJERG,1995-02-22,22,02,1995,53,2.9,6.6,5.1,1.6,3.5,116.8,128.9
FLAKKEBJERG,1995-02-23,23,02,1995,54,2.2,4.3,3.2,0,3.5,120,128.9
FLAKKEBJERG,1995-02-24,24,02,1995,55,1.8,4.8,3.2,4.4,3.5,123.2,133.3
FLAKKEBJERG,1995-02-25,25,02,1995,56,0,3.5,1,0,3.5,124.2,133.3
FLAKKEBJERG,1995-02-26,26,02,1995,57,0,2.8,1.3,0,3.5,125.5,133.3
FLAKKEBJERG,1995-02-27,27,02,1995,58,0,5.1,2.5,0,3.5,128,133.3
FLAKKEBJERG,1995-02-28,28,02,1995,59,0.3,10,7,1.6,5.5,135,134.9
FLAKKEBJERG,1995-03-01,01,03,1995,60,6.6,8.5,7.3,0.4,7.8,142.3,135.3
FLAKKEBJERG,1995-03-02,02,03,1995,61,2,5.8,3.2,2.3,7.8,145.5,137.6
FLAKKEBJERG,1995-03-03,03,03,1995,62,0.1,6.1,2.4,1.6,7.8,147.9,139.2
FLAKKEBJERG,1995-03-04,04,03,1995,63,0.5,5.4,3.3,1.6,7.8,151.2,140.8
FLAKKEBJERG,1995-03-05,05,03,1995,64,0.3,3.6,1.5,0.1,7.8,152.7,140.9
FLAKKEBJERG,1995-03-06,06,03,1995,65,0.3,3.7,2.4,3.9,7.8,155.1,144.8
FLAKKEBJERG,1995-03-07,07,03,1995,66,1.2,3.9,2.5,3.8,7.8,157.6,148.6
FLAKKEBJERG,1995-03-08,08,03,1995,67,1.3,6.1,3.5,0,7.8,161.1,148.6
FLAKKEBJERG,1995-03-09,09,03,1995,68,1.4,4.9,3.1,0,7.8,164.2,148.6
FLAKKEBJERG,1995-03-10,10,03,1995,69,-0.9,8.5,2.8,0.2,7.8,167,148.8
FLAKKEBJERG,1995-03-11,11,03,1995,70,-0.7,3.6,2,0.1,7.8,169,148.9
FLAKKEBJERG,1995-03-12,12,03,1995,71,1.1,5.7,2.9,0,7.8,171.9,148.9
FLAKKEBJERG,1995-03-13,13,03,1995,72,1.2,5.9,3.1,0,7.8,175,148.9
FLAKKEBJERG,1995-03-14,14,03,1995,73,-1.2,2.5,-1,0,7.8,175,148.9
FLAKKEBJERG,1995-03-15,15,03,1995,74,-2.7,1,-0.5,0.3,7.8,175,149.2
FLAKKEBJERG,1995-03-16,16,03,1995,75,-1.7,4.2,1.7,0.3,7.8,176.7,149.5
FLAKKEBJERG,1995-03-17,17,03,1995,76,0.6,5.9,3.7,0.2,7.8,180.4,149.7
FLAKKEBJERG,1995-03-18,18,03,1995,77,0.9,7.2,3.8,10.8,7.8,184.2,160.5
FLAKKEBJERG,1995-03-19,19,03,1995,78,0.9,6.6,3.8,2.9,7.8,188,163.4
FLAKKEBJERG,1995-03-20,20,03,1995,79,2.5,6.6,4.3,0.5,7.8,192.3,163.9
FLAKKEBJERG,1995-03-21,21,03,1995,80,1.6,6.3,3.5,0,7.8,195.8,163.9
FLAKKEBJERG,1995-03-22,22,03,1995,81,-0.3,5.7,3.2,0,7.8,199,163.9
FLAKKEBJERG,1995-03-23,23,03,1995,82,1,10.7,6.2,1.2,9,205.2,165.1
FLAKKEBJERG,1995-03-24,24,03,1995,83,3.1,8.1,5.8,0,9.8,211,165.1
FLAKKEBJERG,1995-03-25,25,03,1995,84,5,6.6,4.9,2.3,9.8,215.9,167.4
FLAKKEBJERG,1995-03-26,26,03,1995,85,1.2,6.6,4.1,1,9.8,220,168.4
FLAKKEBJERG,1995-03-27,27,03,1995,86,1.5,2.8,1.4,0.4,9.8,221.4,168.8
FLAKKEBJERG,1995-03-28,28,03,1995,87,-0.9,2.6,0.6,0.3,9.8,222,169.1
FLAKKEBJERG,1995-03-29,29,03,1995,88,-3.2,4.4,0.8,0,9.8,222.8,169.1
FLAKKEBJERG,1995-03-30,30,03,1995,89,-1.7,6.8,2.8,0,9.8,225.6,169.1
FLAKKEBJERG,1995-03-31,31,03,1995,90,0.4,7.4,3.5,0,9.8,229.1,169.1
FLAKKEBJERG,1995-04-01,01,04,1995,91,2.6,9.4,6.6,8.8,11.4,235.7,177.9
FLAKKEBJERG,1995-04-02,02,04,1995,92,4.3,9.3,6.6,0.1,13,242.3,178
FLAKKEBJERG,1995-04-03,03,04,1995,93,4,7.8,5.6,1.1,13.6,247.9,179.1
FLAKKEBJERG,1995-04-04,04,04,1995,94,0.7,6.3,3.5,4.4,13.6,251.4,183.5
FLAKKEBJERG,1995-04-05,05,04,1995,95,0,6.2,3,0,13.6,254.4,183.5
FLAKKEBJERG,1995-04-06,06,04,1995,96,1.6,8.5,6.9,8.2,15.5,261.3,191.7
FLAKKEBJERG,1995-04-07,07,04,1995,97,5.2,9.1,6.2,7.1,16.7,267.5,198.8
FLAKKEBJERG,1995-04-08,08,04,1995,98,3.1,6.4,4.5,1.6,16.7,272,200.4
FLAKKEBJERG,1995-04-09,09,04,1995,99,1.1,6.6,3.4,0,16.7,275.4,200.4
FLAKKEBJERG,1995-04-10,10,04,1995,100,-1.2,6.4,3,0,16.7,278.4,200.4
FLAKKEBJERG,1995-04-11,11,04,1995,101,1.4,11.4,7.1,0.9,18.8,285.5,201.3
FLAKKEBJERG,1995-04-12,12,04,1995,102,5.2,9.6,6.8,0,20.6,292.3,201.3
FLAKKEBJERG,1995-04-13,13,04,1995,103,2.3,12.2,7.2,1.6,22.8,299.5,202.9
FLAKKEBJERG,1995-04-14,14,04,1995,104,2.3,11,7,0.1,24.8,306.5,203
FLAKKEBJERG,1995-04-15,15,04,1995,105,3.9,6.7,5.6,0,25.4,312.1,203
FLAKKEBJERG,1995-04-16,16,04,1995,106,3.3,6.2,4.2,6.9,25.4,316.3,209.9
FLAKKEBJERG,1995-04-17,17,04,1995,107,0.8,5.8,2.9,3.8,25.4,319.2,213.7
FLAKKEBJERG,1995-04-18,18,04,1995,108,0.2,7.8,3.2,1.4,25.4,322.4,215.1
FLAKKEBJERG,1995-04-19,19,04,1995,109,0.2,8.3,4.6,11.8,25.4,327,226.9
FLAKKEBJERG,1995-04-20,20,04,1995,110,2,7.8,4.4,2.8,25.4,331.4,229.7
FLAKKEBJERG,1995-04-21,21,04,1995,111,2,11.9,7,2.2,27.4,338.4,231.9
FLAKKEBJERG,1995-04-22,22,04,1995,112,3.8,16.1,9.7,0,32.1,348.1,231.9
FLAKKEBJERG,1995-04-23,23,04,1995,113,6.3,22,15.5,0,42.6,363.6,231.9
FLAKKEBJERG,1995-04-24,24,04,1995,114,10.3,21.5,15.6,0,53.2,379.2,231.9
FLAKKEBJERG,1995-04-25,25,04,1995,115,11,20.4,15.1,0,63.3,394.3,231.9
FLAKKEBJERG,1995-04-26,26,04,1995,116,8.1,16.2,11.5,0,69.8,405.8,231.9
FLAKKEBJERG,1995-04-27,27,04,1995,117,3.9,12,7.5,0.4,72.3,413.3,232.3
FLAKKEBJERG,1995-04-28,28,04,1995,118,4.1,8.3,5.2,1.3,72.5,418.5,233.6
FLAKKEBJERG,1995-04-29,29,04,1995,119,1.6,9.3,6.3,0.1,73.8,424.8,233.7
FLAKKEBJERG,1995-04-30,30,04,1995,120,0.7,12.5,7.5,0,76.3,432.3,233.7
FLAKKEBJERG,1995-05-01,01,05,1995,121,0.9,13.5,8,0,79.3,440.3,233.7
FLAKKEBJERG,1995-05-02,02,05,1995,122,2,15.7,9.9,0,84.2,450.2,233.7
FLAKKEBJERG,1995-05-03,03,05,1995,123,3.6,18.6,12.2,0,91.4,462.4,233.7
FLAKKEBJERG,1995-05-04,04,05,1995,124,9.8,19.5,14,0,100.4,476.4,233.7
FLAKKEBJERG,1995-05-05,05,05,1995,125,8.7,20,14.6,0,110,491,233.7
FLAKKEBJERG,1995-05-06,06,05,1995,126,8,13.8,10.7,0.6,115.7,501.7,234.3
FLAKKEBJERG,1995-05-07,07,05,1995,127,7.1,14.6,10.3,0.3,121,512,234.6
FLAKKEBJERG,1995-05-08,08,05,1995,128,8.2,13.5,10.1,5.4,126.1,522.1,240
FLAKKEBJERG,1995-05-09,09,05,1995,129,7.9,9.3,7.8,7.8,128.9,529.9,247.8
FLAKKEBJERG,1995-05-10,10,05,1995,130,5.6,10.9,7.9,0.6,131.8,537.8,248.4
FLAKKEBJERG,1995-05-11,11,05,1995,131,5.1,10.5,7.5,0.2,134.3,545.3,248.6
FLAKKEBJERG,1995-05-12,12,05,1995,132,2.1,11.8,7.4,0,136.7,552.7,248.6
FLAKKEBJERG,1995-05-13,13,05,1995,133,5.4,10.7,7.4,0,139.1,560.1,248.6
FLAKKEBJERG,1995-05-14,14,05,1995,134,6,10.4,7.5,0.1,141.6,567.6,248.7
FLAKKEBJERG,1995-05-15,15,05,1995,135,3.5,10.7,6.6,0.3,143.2,574.2,249
FLAKKEBJERG,1995-05-16,16,05,1995,136,3.5,12.2,7.8,0.3,146,582,249.3
FLAKKEBJERG,1995-05-17,17,05,1995,137,-0.7,12.3,6.1,0,147.1,588.1,249.3
FLAKKEBJERG,1995-05-18,18,05,1995,138,6.2,10.3,7.9,5.4,150,596,254.7
FLAKKEBJERG,1995-05-19,19,05,1995,139,3.3,12.9,8.6,0.2,153.6,604.6,254.9
FLAKKEBJERG,1995-05-20,20,05,1995,140,6.3,13.8,10.2,0,158.8,614.8,254.9
FLAKKEBJERG,1995-05-21,21,05,1995,141,4.9,11.6,8,1.3,161.8,622.8,256.2
FLAKKEBJERG,1995-05-22,22,05,1995,142,4.7,14.1,9.1,0,165.9,631.9,256.2
FLAKKEBJERG,1995-05-23,23,05,1995,143,4,17.5,11.6,0,172.5,643.5,256.2
FLAKKEBJERG,1995-05-24,24,05,1995,144,5.6,18.8,12.7,0,180.2,656.2,256.2
FLAKKEBJERG,1995-05-25,25,05,1995,145,8.8,18.5,13.3,0,188.5,669.5,256.2
FLAKKEBJERG,1995-05-26,26,05,1995,146,6.9,17.1,11.8,0,195.3,681.3,256.2
FLAKKEBJERG,1995-05-27,27,05,1995,147,5.4,21.2,13,0.4,203.3,694.3,256.6
FLAKKEBJERG,1995-05-28,28,05,1995,148,11.5,20.7,15.7,11,214,710,267.6
FLAKKEBJERG,1995-05-29,29,05,1995,149,12.6,21.5,17.5,0,226.5,727.5,267.6
FLAKKEBJERG,1995-05-30,30,05,1995,150,11.1,17.5,14.4,2.1,235.9,741.9,269.7
FLAKKEBJERG,1995-05-31,31,05,1995,151,11.5,16.9,14,0,244.9,755.9,269.7
FLAKKEBJERG,1995-06-01,01,06,1995,152,11.8,13.7,12.1,0,252,768,269.7
FLAKKEBJERG,1995-06-02,02,06,1995,153,10,11.5,10.7,0,257.7,778.7,269.7
FLAKKEBJERG,1995-06-03,03,06,1995,154,7.7,16.3,12.4,3.1,265.1,791.1,272.8
FLAKKEBJERG,1995-06-04,04,06,1995,155,5.4,19.7,13.6,0,273.7,804.7,272.8
FLAKKEBJERG,1995-06-05,05,06,1995,156,9.3,18,13.9,0,282.6,818.6,272.8
FLAKKEBJERG,1995-06-06,06,06,1995,157,8.3,17.4,13,0.1,290.6,831.6,272.9
FLAKKEBJERG,1995-06-07,07,06,1995,158,8.6,14.9,11.9,0.3,297.5,843.5,273.2
FLAKKEBJERG,1995-06-08,08,06,1995,159,9.4,14.9,12,11,304.5,855.5,284.2
FLAKKEBJERG,1995-06-09,09,06,1995,160,10.2,15.1,12,1,311.5,867.5,285.2
FLAKKEBJERG,1995-06-10,10,06,1995,161,7.5,15.1,11.4,0.1,317.9,878.9,285.3
FLAKKEBJERG,1995-06-11,11,06,1995,162,9.3,16.4,12.6,0.1,325.5,891.5,285.4
FLAKKEBJERG,1995-06-12,12,06,1995,163,5.2,16.7,12.1,0,332.6,903.6,285.4
FLAKKEBJERG,1995-06-13,13,06,1995,164,8,15.9,12.1,9.8,339.7,915.7,295.2
FLAKKEBJERG,1995-06-14,14,06,1995,165,11.3,16.1,13.4,10.4,348.1,929.1,305.6
FLAKKEBJERG,1995-06-15,15,06,1995,166,10.9,14.8,12.5,0,355.6,941.6,305.6
FLAKKEBJERG,1995-06-16,16,06,1995,167,10.2,15.9,12.9,0,363.5,954.5,305.6
FLAKKEBJERG,1995-06-17,17,06,1995,168,10.1,14.9,12.4,1,370.9,966.9,306.6
FLAKKEBJERG,1995-06-18,18,06,1995,169,11.5,16.9,13.7,1.4,379.6,980.6,308
FLAKKEBJERG,1995-06-19,19,06,1995,170,9.8,17.5,13.6,0.6,388.2,994.2,308.6
FLAKKEBJERG,1995-06-20,20,06,1995,171,9.3,18.9,14.5,0,397.7,1008.7,308.6
FLAKKEBJERG,1995-06-21,21,06,1995,172,11.9,20.6,15.1,0.5,407.8,1023.8,309.1
FLAKKEBJERG,1995-06-22,22,06,1995,173,10.7,14.1,11.6,0.6,414.4,1035.4,309.7
FLAKKEBJERG,1995-06-23,23,06,1995,174,9.5,17.3,13.6,1.9,423,1049,311.6
FLAKKEBJERG,1995-06-24,24,06,1995,175,9.3,22.4,15.8,0,433.8,1064.8,311.6
FLAKKEBJERG,1995-06-25,25,06,1995,176,12.3,25.4,19.5,0,448.3,1084.3,311.6
FLAKKEBJERG,1995-06-26,26,06,1995,177,11.1,27.6,20.3,0,463.6,1104.6,311.6
FLAKKEBJERG,1995-06-27,27,06,1995,178,13.9,23.1,18.5,0,477.1,1123.1,311.6
FLAKKEBJERG,1995-06-28,28,06,1995,179,8.9,26.1,18.4,0,490.5,1141.5,311.6
FLAKKEBJERG,1995-06-29,29,06,1995,180,13.7,22.6,17.5,0.1,503,1159,311.7
FLAKKEBJERG,1995-06-30,30,06,1995,181,10.8,21.9,16.2,0.1,514.2,1175.2,311.8
FLAKKEBJERG,1995-07-01,01,07,1995,182,11.4,17.1,14.1,0,523.3,1189.3,311.8
FLAKKEBJERG,1995-07-02,02,07,1995,183,5.1,19.3,13.7,0.2,532,1203,312
FLAKKEBJERG,1995-07-03,03,07,1995,184,11.8,21.3,14.9,0,541.9,1217.9,312
FLAKKEBJERG,1995-07-04,04,07,1995,185,10.8,15.6,12.6,2.5,549.5,1230.5,314.5
FLAKKEBJERG,1995-07-05,05,07,1995,186,10.6,16.7,13,2.2,557.5,1243.5,316.7
FLAKKEBJERG,1995-07-06,06,07,1995,187,11.2,22.2,16.4,0.1,568.9,1259.9,316.8
FLAKKEBJERG,1995-07-07,07,07,1995,188,13.2,23.5,18.7,0,582.6,1278.6,316.8
FLAKKEBJERG,1995-07-08,08,07,1995,189,9.2,23.2,17.7,0.1,595.3,1296.3,316.9
FLAKKEBJERG,1995-07-09,09,07,1995,190,13,25.2,19,0,609.3,1315.3,316.9
FLAKKEBJERG,1995-07-10,10,07,1995,191,13.2,22.6,17.4,0,621.7,1332.7,316.9
FLAKKEBJERG,1995-07-11,11,07,1995,192,8.8,22.5,16.3,0,633,1349,316.9
FLAKKEBJERG,1995-07-12,12,07,1995,193,11.5,24.7,18.5,0,646.5,1367.5,316.9
FLAKKEBJERG,1995-07-13,13,07,1995,194,15.8,27.4,21.2,0,662.7,1388.7,316.9
FLAKKEBJERG,1995-07-14,14,07,1995,195,17.5,25.5,19.8,0.1,677.5,1408.5,317
FLAKKEBJERG,1995-07-15,15,07,1995,196,13.7,25.2,19.2,0.1,691.7,1427.7,317.1
FLAKKEBJERG,1995-07-16,16,07,1995,197,11.7,23.9,18,0.1,704.7,1445.7,317.2
FLAKKEBJERG,1995-07-17,17,07,1995,198,13.4,22.5,17.8,0.3,717.5,1463.5,317.5
FLAKKEBJERG,1995-07-18,18,07,1995,199,15.4,20.9,17.4,0,729.9,1480.9,317.5
FLAKKEBJERG,1995-07-19,19,07,1995,200,14.6,22.8,18.2,1.9,743.1,1499.1,319.4
FLAKKEBJERG,1995-07-20,20,07,1995,201,13.4,25.5,19.8,0,757.9,1518.9,319.4
FLAKKEBJERG,1995-07-21,21,07,1995,202,16.2,27.8,22.6,0,775.5,1541.5,319.4
FLAKKEBJERG,1995-07-22,22,07,1995,203,15.6,21,17.8,5.1,788.3,1559.3,324.5
FLAKKEBJERG,1995-07-23,23,07,1995,204,11.8,20,15.7,0,799,1575,324.5
FLAKKEBJERG,1995-07-24,24,07,1995,205,11.7,22.6,17.3,0,811.3,1592.3,324.5
FLAKKEBJERG,1995-07-25,25,07,1995,206,11.7,20.3,15.6,0,821.9,1607.9,324.5
FLAKKEBJERG,1995-07-26,26,07,1995,207,7.3,24.6,17.1,0,834,1625,324.5
FLAKKEBJERG,1995-07-27,27,07,1995,208,14.5,23,18.8,0,847.8,1643.8,324.5
FLAKKEBJERG,1995-07-28,28,07,1995,209,15.9,26.1,20.9,0,863.7,1664.7,324.5
FLAKKEBJERG,1995-07-29,29,07,1995,210,12.8,28.3,21.3,0.1,880,1686,324.6
FLAKKEBJERG,1995-07-30,30,07,1995,211,12.2,29.4,21.8,0,896.8,1707.8,324.6
FLAKKEBJERG,1995-07-31,31,07,1995,212,12.2,29.3,21.6,0,913.4,1729.4,324.6
FLAKKEBJERG,1995-08-01,01,08,1995,213,14.7,27.1,21.2,0,929.6,1750.6,324.6
FLAKKEBJERG,1995-08-02,02,08,1995,214,12.9,29.2,21.6,0,946.2,1772.2,324.6
FLAKKEBJERG,1995-08-03,03,08,1995,215,15.1,27.4,20.8,0,962,1793,324.6
FLAKKEBJERG,1995-08-04,04,08,1995,216,17.2,25.1,20.3,0,977.3,1813.3,324.6
FLAKKEBJERG,1995-08-05,05,08,1995,217,14.1,27.1,21,0,993.3,1834.3,324.6
FLAKKEBJERG,1995-08-06,06,08,1995,218,12.2,28.7,21.3,0,1009.6,1855.6,324.6
FLAKKEBJERG,1995-08-07,07,08,1995,219,14.2,23,18,0,1022.6,1873.6,324.6
FLAKKEBJERG,1995-08-08,08,08,1995,220,9.8,22.7,16.6,0,1034.2,1890.2,324.6
FLAKKEBJERG,1995-08-09,09,08,1995,221,5.9,22.2,16,0,1045.2,1906.2,324.6
FLAKKEBJERG,1995-08-10,10,08,1995,222,10.9,24.1,17.5,0,1057.7,1923.7,324.6
FLAKKEBJERG,1995-08-11,11,08,1995,223,12,27.2,20.2,0,1072.9,1943.9,324.6
FLAKKEBJERG,1995-08-12,12,08,1995,224,11,28.4,21,0,1088.9,1964.9,324.6
FLAKKEBJERG,1995-08-13,13,08,1995,225,17.6,27.4,21.7,0,1105.6,1986.6,324.6
FLAKKEBJERG,1995-08-14,14,08,1995,226,14.8,21.5,18,0,1118.6,2004.6,324.6
FLAKKEBJERG,1995-08-15,15,08,1995,227,14.6,21.8,18.1,0,1131.7,2022.7,324.6
FLAKKEBJERG,1995-08-16,16,08,1995,228,14.5,23.3,18.6,0,1145.3,2041.3,324.6
FLAKKEBJERG,1995-08-17,17,08,1995,229,11.4,25.7,19.8,0,1160.1,2061.1,324.6
FLAKKEBJERG,1995-08-18,18,08,1995,230,10.9,27.8,20.2,0,1175.3,2081.3,324.6
FLAKKEBJERG,1995-08-19,19,08,1995,231,12,29.3,21.6,0,1191.9,2102.9,324.6
FLAKKEBJERG,1995-08-20,20,08,1995,232,11.6,27,20.2,0,1207.1,2123.1,324.6
FLAKKEBJERG,1995-08-21,21,08,1995,233,14.6,26.6,21,0,1223.1,2144.1,324.6
FLAKKEBJERG,1995-08-22,22,08,1995,234,14.4,27.1,20.9,0,1239,2165,324.6
FLAKKEBJERG,1995-08-23,23,08,1995,235,14,29.5,21.8,0,1255.8,2186.8,324.6
FLAKKEBJERG,1995-08-24,24,08,1995,236,17,22.2,19,5.1,1269.8,2205.8,329.7
FLAKKEBJERG,1995-08-25,25,08,1995,237,15.6,20.3,17.6,1,1282.4,2223.4,330.7
FLAKKEBJERG,1995-08-26,26,08,1995,238,14.9,20.1,16.6,2.8,1294,2240,333.5
FLAKKEBJERG,1995-08-27,27,08,1995,239,12.5,18.5,14.4,0,1303.4,2254.4,333.5
FLAKKEBJERG,1995-08-28,28,08,1995,240,8,20.2,14,0.4,1312.4,2268.4,333.9
FLAKKEBJERG,1995-08-29,29,08,1995,241,9.8,18.2,13.5,0.3,1320.9,2281.9,334.2
FLAKKEBJERG,1995-08-30,30,08,1995,242,7.4,17.3,12.9,3,1328.8,2294.8,337.2
FLAKKEBJERG,1995-08-31,31,08,1995,243,7.8,18.4,14.5,0,1338.3,2309.3,337.2
FLAKKEBJERG,1995-09-01,01,09,1995,244,12.3,18.1,14.8,0,1348.1,2324.1,337.2
FLAKKEBJERG,1995-09-02,02,09,1995,245,11.4,20.1,14.7,0,1357.8,2338.8,337.2
FLAKKEBJERG,1995-09-03,03,09,1995,246,11,16.4,13.8,0.4,1366.6,2352.6,337.6
FLAKKEBJERG,1995-09-04,04,09,1995,247,13.1,18,14.3,3.9,1375.9,2366.9,341.5
FLAKKEBJERG,1995-09-05,05,09,1995,248,9.5,18.1,14.1,24.9,1385,2381,366.4
FLAKKEBJERG,1995-09-06,06,09,1995,249,10,19.9,15.1,0.7,1395.1,2396.1,367.1
FLAKKEBJERG,1995-09-07,07,09,1995,250,9.2,20.6,15.8,0,1405.9,2411.9,367.1
FLAKKEBJERG,1995-09-08,08,09,1995,251,12.3,19.7,17.3,0,1418.2,2429.2,367.1
FLAKKEBJERG,1995-09-09,09,09,1995,252,15.7,17.3,15.9,0,1429.1,2445.1,367.1
FLAKKEBJERG,1995-09-10,10,09,1995,253,14,19.1,15.8,13.8,1439.9,2460.9,380.9
FLAKKEBJERG,1995-09-11,11,09,1995,254,12.4,20.2,16.2,0,1451.1,2477.1,380.9
FLAKKEBJERG,1995-09-12,12,09,1995,255,14.4,19.6,16.1,5.4,1462.2,2493.2,386.3
FLAKKEBJERG,1995-09-13,13,09,1995,256,7.9,20.7,14.4,0,1471.6,2507.6,386.3
FLAKKEBJERG,1995-09-14,14,09,1995,257,10,16.5,15.5,1.5,1482.1,2523.1,387.8
FLAKKEBJERG,1995-09-15,15,09,1995,258,11.4,18,14.4,8.2,1491.5,2537.5,396
FLAKKEBJERG,1995-09-16,16,09,1995,259,9.8,15.3,12.9,0,1499.4,2550.4,396
FLAKKEBJERG,1995-09-17,17,09,1995,260,11.3,13.6,12.7,0.4,1507.1,2563.1,396.4
FLAKKEBJERG,1995-09-18,18,09,1995,261,10.5,13,11.9,2.3,1514,2575,398.7
FLAKKEBJERG,1995-09-19,19,09,1995,262,11.1,14.7,12.7,0,1521.7,2587.7,398.7
FLAKKEBJERG,1995-09-20,20,09,1995,263,7.5,16.2,11.6,0,1528.3,2599.3,398.7
FLAKKEBJERG,1995-09-21,21,09,1995,264,6.8,17,11.8,0,1535.1,2611.1,398.7
FLAKKEBJERG,1995-09-22,22,09,1995,265,7.5,17.9,13.1,0,1543.2,2624.2,398.7
FLAKKEBJERG,1995-09-23,23,09,1995,266,9,17.5,14.1,0,1552.3,2638.3,398.7
FLAKKEBJERG,1995-09-24,24,09,1995,267,9.8,16.7,13.2,0,1560.5,2651.5,398.7
FLAKKEBJERG,1995-09-25,25,09,1995,268,11.2,16,13.2,0.2,1568.7,2664.7,398.9
FLAKKEBJERG,1995-09-26,26,09,1995,269,11.7,14.4,12.5,1.6,1576.2,2677.2,400.5
FLAKKEBJERG,1995-09-27,27,09,1995,270,7.7,13.4,10.2,7.1,1581.4,2687.4,407.6
FLAKKEBJERG,1995-09-28,28,09,1995,271,7.2,11.5,9.3,7.5,1585.7,2696.7,415.1
FLAKKEBJERG,1995-09-29,29,09,1995,272,6.5,10.3,7.8,0,1588.5,2704.5,415.1
FLAKKEBJERG,1995-09-30,30,09,1995,273,5.2,10.8,7.2,1.4,1590.7,2711.7,416.5
FLAKKEBJERG,1995-10-01,01,10,1995,274,1.7,10.4,7.5,0,1593.2,2719.2,416.5
FLAKKEBJERG,1995-10-02,02,10,1995,275,4,15.5,11.6,4.2,1599.8,2730.8,420.7
FLAKKEBJERG,1995-10-03,03,10,1995,276,8.2,16.1,12,0,1606.8,2742.8,420.7
FLAKKEBJERG,1995-10-04,04,10,1995,277,9,17.3,14.9,0,1616.7,2757.7,420.7
FLAKKEBJERG,1995-10-05,05,10,1995,278,13.2,19.4,15.6,0,1627.3,2773.3,420.7
FLAKKEBJERG,1995-10-06,06,10,1995,279,11.2,15.5,12.8,2.7,1635.1,2786.1,423.4
FLAKKEBJERG,1995-10-07,07,10,1995,280,11.6,15.3,13.7,0,1643.8,2799.8,423.4
FLAKKEBJERG,1995-10-08,08,10,1995,281,12.7,17.1,15.2,2,1654,2815,425.4
FLAKKEBJERG,1995-10-09,09,10,1995,282,11.1,20.6,15.4,0,1664.4,2830.4,425.4
FLAKKEBJERG,1995-10-10,10,10,1995,283,9,20.3,14.5,0,1673.9,2844.9,425.4
FLAKKEBJERG,1995-10-11,11,10,1995,284,10.1,17.7,13.3,0,1682.2,2858.2,425.4
FLAKKEBJERG,1995-10-12,12,10,1995,285,7.9,14.1,11.9,0,1689.1,2870.1,425.4
FLAKKEBJERG,1995-10-13,13,10,1995,286,9.6,14.5,13.7,0,1697.8,2883.8,425.4
FLAKKEBJERG,1995-10-14,14,10,1995,287,12.6,14.3,13.3,0,1706.1,2897.1,425.4
FLAKKEBJERG,1995-10-15,15,10,1995,288,12.4,14.2,13.1,0,1714.2,2910.2,425.4
FLAKKEBJERG,1995-10-16,16,10,1995,289,8.3,15.7,12.4,0,1721.6,2922.6,425.4
FLAKKEBJERG,1995-10-17,17,10,1995,290,11.1,15.1,13.1,0,1729.7,2935.7,425.4
FLAKKEBJERG,1995-10-18,18,10,1995,291,10.9,15,12.5,0.5,1737.2,2948.2,425.9
FLAKKEBJERG,1995-10-19,19,10,1995,292,10.2,14.3,12.4,0,1744.6,2960.6,425.9
FLAKKEBJERG,1995-10-20,20,10,1995,293,10,12.4,10.6,0.2,1750.2,2971.2,426.1
FLAKKEBJERG,1995-10-21,21,10,1995,294,5.5,10.4,6.8,0,1752,2978,426.1
FLAKKEBJERG,1995-10-22,22,10,1995,295,-1.8,9.3,4.4,0,1752,2982.4,426.1
FLAKKEBJERG,1995-10-23,23,10,1995,296,-1.7,11.5,7.7,0,1754.7,2990.1,426.1
FLAKKEBJERG,1995-10-24,24,10,1995,297,4.9,14.3,10.6,0,1760.3,3000.7,426.1
FLAKKEBJERG,1995-10-25,25,10,1995,298,6.5,12.5,10,0,1765.3,3010.7,426.1
FLAKKEBJERG,1995-10-26,26,10,1995,299,7.3,12.9,10.6,1.3,1770.9,3021.3,427.4
FLAKKEBJERG,1995-10-27,27,10,1995,300,8.4,14.6,12.6,1.2,1778.5,3033.9,428.6
FLAKKEBJERG,1995-10-28,28,10,1995,301,8.4,12.6,9.2,0.9,1782.7,3043.1,429.5
FLAKKEBJERG,1995-10-29,29,10,1995,302,-0.7,11.3,4.8,0,1782.7,3047.9,429.5
FLAKKEBJERG,1995-10-30,30,10,1995,303,0.1,11.4,6,0,1783.7,3053.9,429.5
FLAKKEBJERG,1995-10-31,31,10,1995,304,2.6,11.2,8.4,0,1787.1,3062.3,429.5
FLAKKEBJERG,1995-11-01,01,11,1995,305,6.1,8.4,6.2,11.5,1788.3,3068.5,441
FLAKKEBJERG,1995-11-02,02,11,1995,306,-1.2,6.3,2.7,3.7,1788.3,3071.2,444.7
FLAKKEBJERG,1995-11-03,03,11,1995,307,-1.1,6.1,2,6.3,1788.3,3073.2,451
FLAKKEBJERG,1995-11-04,04,11,1995,308,-0.8,2.2,0.4,1.8,1788.3,3073.6,452.8
FLAKKEBJERG,1995-11-05,05,11,1995,309,-3.7,6.2,1.7,0,1788.3,3075.3,452.8
FLAKKEBJERG,1995-11-06,06,11,1995,310,-3,10.5,8.7,0.8,1792,3084,453.6
FLAKKEBJERG,1995-11-07,07,11,1995,311,-0.8,8,2.3,0,1792,3086.3,453.6
FLAKKEBJERG,1995-11-08,08,11,1995,312,-3,5.2,1.8,0,1792,3088.1,453.6
FLAKKEBJERG,1995-11-09,09,11,1995,313,0.5,8.7,6.3,1.9,1793.3,3094.4,455.5
FLAKKEBJERG,1995-11-10,10,11,1995,314,3.2,9.3,8.1,0.6,1796.4,3102.5,456.1
FLAKKEBJERG,1995-11-11,11,11,1995,315,7.4,9.2,8.1,0,1799.5,3110.6,456.1
FLAKKEBJERG,1995-11-12,12,11,1995,316,6.6,8.3,6.5,0,1801,3117.1,456.1
FLAKKEBJERG,1995-11-13,13,11,1995,317,-1.2,5.4,1.3,0,1801,3118.4,456.1
FLAKKEBJERG,1995-11-14,14,11,1995,318,-3.1,2.5,0.7,0,1801,3119.1,456.1
FLAKKEBJERG,1995-11-15,15,11,1995,319,0.1,8.7,6,0,1802,3125.1,456.1
FLAKKEBJERG,1995-11-16,16,11,1995,320,4.2,9.1,6.9,1.2,1803.9,3132,457.3
FLAKKEBJERG,1995-11-17,17,11,1995,321,-0.5,8.4,0.1,2.9,1803.9,3132.1,460.2
FLAKKEBJERG,1995-11-18,18,11,1995,322,-2,3.2,0.3,6,1803.9,3132.4,466.2
FLAKKEBJERG,1995-11-19,19,11,1995,323,-2.1,3.4,1.9,0,1803.9,3134.3,466.2
FLAKKEBJERG,1995-11-20,20,11,1995,324,-1.8,2.6,-0.1,0,1803.9,3134.3,466.2
FLAKKEBJERG,1995-11-21,21,11,1995,325,-2.2,3,1.9,0,1803.9,3136.2,466.2
FLAKKEBJERG,1995-11-22,22,11,1995,326,-0.7,2.8,0.8,0,1803.9,3137,466.2
FLAKKEBJERG,1995-11-23,23,11,1995,327,-0.7,7.8,5.5,0,1804.4,3142.5,466.2
FLAKKEBJERG,1995-11-24,24,11,1995,328,4.2,8.1,7.5,0,1806.9,3150,466.2
FLAKKEBJERG,1995-11-25,25,11,1995,329,5,6.6,4.9,0,1806.9,3154.9,466.2
FLAKKEBJERG,1995-11-26,26,11,1995,330,3.3,4.8,4.1,0,1806.9,3159,466.2
FLAKKEBJERG,1995-11-27,27,11,1995,331,3,5.9,4.3,0,1806.9,3163.3,466.2
FLAKKEBJERG,1995-11-28,28,11,1995,332,1.5,7.1,5.4,0,1807.3,3168.7,466.2
FLAKKEBJERG,1995-11-29,29,11,1995,333,4.2,6.2,4.3,0,1807.3,3173,466.2
FLAKKEBJERG,1995-11-30,30,11,1995,334,0.1,3.3,1.2,0,1807.3,3174.2,466.2
FLAKKEBJERG,1995-12-01,01,12,1995,335,-2.5,2.3,-0.3,0,1807.3,3174.2,466.2
FLAKKEBJERG,1995-12-02,02,12,1995,336,-2.5,1.4,-1,0,1807.3,3174.2,466.2
FLAKKEBJERG,1995-12-03,03,12,1995,337,-3.5,1.8,0.7,0,1807.3,3174.9,466.2
FLAKKEBJERG,1995-12-04,04,12,1995,338,0.1,1.9,0.2,0,1807.3,3175.1,466.2
FLAKKEBJERG,1995-12-05,05,12,1995,339,-1.9,1.7,-0.5,0,1807.3,3175.1,466.2
FLAKKEBJERG,1995-12-06,06,12,1995,340,-1.7,2.2,1.4,2.2,1807.3,3176.5,468.4
FLAKKEBJERG,1995-12-07,07,12,1995,341,-1.7,0.9,-1,0,1807.3,3176.5,468.4
FLAKKEBJERG,1995-12-08,08,12,1995,342,-2.6,0.2,-0.7,4,1807.3,3176.5,472.4
FLAKKEBJERG,1995-12-09,09,12,1995,343,-1.2,1.3,0.3,0,1807.3,3176.8,472.4
FLAKKEBJERG,1995-12-10,10,12,1995,344,-1.3,4.5,1.3,0,1807.3,3178.1,472.4
FLAKKEBJERG,1995-12-11,11,12,1995,345,-1.3,5.8,3.9,0,1807.3,3182,472.4
FLAKKEBJERG,1995-12-12,12,12,1995,346,0.1,1.6,1.1,0,1807.3,3183.1,472.4
FLAKKEBJERG,1995-12-13,13,12,1995,347,-0.1,2,0.7,0,1807.3,3183.8,472.4
FLAKKEBJERG,1995-12-14,14,12,1995,348,-3.3,-0.4,-2.6,0,1807.3,3183.8,472.4
FLAKKEBJERG,1995-12-15,15,12,1995,349,-4.9,0.7,-1.3,0,1807.3,3183.8,472.4
FLAKKEBJERG,1995-12-16,16,12,1995,350,-2.9,-0.6,-2,0,1807.3,3183.8,472.4
FLAKKEBJERG,1995-12-17,17,12,1995,351,-6.6,-1,-4,0,1807.3,3183.8,472.4
FLAKKEBJERG,1995-12-18,18,12,1995,352,-6.6,0.8,-0.5,0,1807.3,3183.8,472.4
FLAKKEBJERG,1995-12-19,19,12,1995,353,-1,0.7,-0.2,0,1807.3,3183.8,472.4
FLAKKEBJERG,1995-12-20,20,12,1995,354,-4.9,0.7,-2.3,0,1807.3,3183.8,472.4
FLAKKEBJERG,1995-12-21,21,12,1995,355,-7.2,-0.9,-3.4,0,1807.3,3183.8,472.4
FLAKKEBJERG,1995-12-22,22,12,1995,356,-6.1,-0.4,-1.8,0,1807.3,3183.8,472.4
FLAKKEBJERG,1995-12-23,23,12,1995,357,-3,0.9,-0.2,12.7,1807.3,3183.8,485.1
FLAKKEBJERG,1995-12-24,24,12,1995,358,-6,-1.4,-5.6,0,1807.3,3183.8,485.1
FLAKKEBJERG,1995-12-25,25,12,1995,359,-11.2,-1.8,-4.9,0,1807.3,3183.8,485.1
FLAKKEBJERG,1995-12-26,26,12,1995,360,-7.8,-3.2,-6.1,0.2,1807.3,3183.8,485.3
FLAKKEBJERG,1995-12-27,27,12,1995,361,-14.2,-3.2,-7.9,0,1807.3,3183.8,485.3
FLAKKEBJERG,1995-12-28,28,12,1995,362,-12.6,-2,-2.9,1.5,1807.3,3183.8,486.8
FLAKKEBJERG,1995-12-29,29,12,1995,363,-9.4,-3.3,-5.9,0.6,1807.3,3183.8,487.4
FLAKKEBJERG,1995-12-30,30,12,1995,364,-11.9,-3.7,-7.7,0,1807.3,3183.8,487.4
FLAKKEBJERG,1995-12-31,31,12,1995,365,-12.6,-2.8,-5.8,0,1807.3,3183.8,487.4
FLAKKEBJERG,1996-01-01,01,01,1996,1,-8.2,-0.5,-1.5,0,0,0,0
FLAKKEBJERG,1996-01-02,02,01,1996,2,-2.2,-0.4,-1.7,0,0,0,0
FLAKKEBJERG,1996-01-03,03,01,1996,3,-5.9,-2.5,-4.4,0,0,0,0
FLAKKEBJERG,1996-01-04,04,01,1996,4,-7.5,-4.8,-7.7,0,0,0,0
FLAKKEBJERG,1996-01-05,05,01,1996,5,-10,-1.9,-5.3,0,0,0,0
FLAKKEBJERG,1996-01-06,06,01,1996,6,-7.4,1.1,-0.5,0,0,0,0
FLAKKEBJERG,1996-01-07,07,01,1996,7,-2.2,0.1,-1.2,0,0,0,0
FLAKKEBJERG,1996-01-08,08,01,1996,8,-2.2,2.3,0.8,1,0,0.8,1
FLAKKEBJERG,1996-01-09,09,01,1996,9,0.4,2.6,1.5,0,0,2.3,1
FLAKKEBJERG,1996-01-10,10,01,1996,10,0.3,0.7,0.3,0,0,2.6,1
FLAKKEBJERG,1996-01-11,11,01,1996,11,-0.1,1.8,0.8,0,0,3.4,1
FLAKKEBJERG,1996-01-12,12,01,1996,12,0.1,2.2,0.8,0.9,0,4.2,1.9
FLAKKEBJERG,1996-01-13,13,01,1996,13,-0.1,1.1,0.1,0,0,4.3,1.9
FLAKKEBJERG,1996-01-14,14,01,1996,14,-1.6,0.5,-0.4,0,0,4.3,1.9
FLAKKEBJERG,1996-01-15,15,01,1996,15,-0.6,0,-0.8,0,0,4.3,1.9
FLAKKEBJERG,1996-01-16,16,01,1996,16,-1.3,-0.8,-1.1,0,0,4.3,1.9
FLAKKEBJERG,1996-01-17,17,01,1996,17,-1.6,-0.9,-1.2,0,0,4.3,1.9
FLAKKEBJERG,1996-01-18,18,01,1996,18,-1.7,-1.1,-1.5,0,0,4.3,1.9
FLAKKEBJERG,1996-01-19,19,01,1996,19,-2.2,0.6,-0.6,0,0,4.3,1.9
FLAKKEBJERG,1996-01-20,20,01,1996,20,-2.7,0.6,-0.5,0,0,4.3,1.9
FLAKKEBJERG,1996-01-21,21,01,1996,21,-2.7,-0.2,-0.6,0,0,4.3,1.9
FLAKKEBJERG,1996-01-22,22,01,1996,22,-2,-0.4,-1.8,0.1,0,4.3,2
FLAKKEBJERG,1996-01-23,23,01,1996,23,-4.5,-2.1,-3.4,0,0,4.3,2
FLAKKEBJERG,1996-01-24,24,01,1996,24,-4.8,-2,-3.5,0,0,4.3,2
FLAKKEBJERG,1996-01-25,25,01,1996,25,-4.7,-2.4,-3.3,0.8,0,4.3,2.8000000000000003
FLAKKEBJERG,1996-01-26,26,01,1996,26,-5.8,-2.9,-4,2.4,0,4.3,5.2
FLAKKEBJERG,1996-01-27,27,01,1996,27,-5,-1.3,-3.8,0,0,4.3,5.2
FLAKKEBJERG,1996-01-28,28,01,1996,28,-13.4,-4.3,-8.9,0,0,4.3,5.2
FLAKKEBJERG,1996-01-29,29,01,1996,29,-11.3,-0.9,-5.8,0,0,4.3,5.2
FLAKKEBJERG,1996-01-30,30,01,1996,30,-7.2,0.4,-0.2,0,0,4.3,5.2
FLAKKEBJERG,1996-01-31,31,01,1996,31,-2.2,-0.4,-1.8,0,0,4.3,5.2
FLAKKEBJERG,1996-02-01,01,02,1996,32,-3.2,-2,-3.5,0,0,4.3,5.2
FLAKKEBJERG,1996-02-02,02,02,1996,33,-5.7,-2.1,-3.8,0,0,4.3,5.2
FLAKKEBJERG,1996-02-03,03,02,1996,34,-5.2,-0.2,-2.3,0.2,0,4.3,5.4
FLAKKEBJERG,1996-02-04,04,02,1996,35,-5.3,-0.7,-3.4,0,0,4.3,5.4
FLAKKEBJERG,1996-02-05,05,02,1996,36,-13,-3.6,-7.8,0,0,4.3,5.4
FLAKKEBJERG,1996-02-06,06,02,1996,37,-13,-4,-7.6,0,0,4.3,5.4
FLAKKEBJERG,1996-02-07,07,02,1996,38,-11.9,-4.7,-8.1,0,0,4.3,5.4
FLAKKEBJERG,1996-02-08,08,02,1996,39,-11.9,-5.2,-6.6,0,0,4.3,5.4
FLAKKEBJERG,1996-02-09,09,02,1996,40,-12.1,-5.8,-8.4,0,0,4.3,5.4
FLAKKEBJERG,1996-02-10,10,02,1996,41,-11.7,-5.5,-7.4,0,0,4.3,5.4
FLAKKEBJERG,1996-02-11,11,02,1996,42,-8.4,-3.9,-5.6,0,0,4.3,5.4
FLAKKEBJERG,1996-02-12,12,02,1996,43,-6.6,0.7,-1,3,0,4.3,8.4
FLAKKEBJERG,1996-02-13,13,02,1996,44,-2,1.7,0.6,1,0,4.9,9.4
FLAKKEBJERG,1996-02-14,14,02,1996,45,-1.5,0.7,-1.9,0,0,4.9,9.4
FLAKKEBJERG,1996-02-15,15,02,1996,46,-7.3,1.6,-2,0,0,4.9,9.4
FLAKKEBJERG,1996-02-16,16,02,1996,47,-2.7,4,2.9,2.6,0,7.8,12
FLAKKEBJERG,1996-02-17,17,02,1996,48,1.5,2.8,0.4,5,0,8.2,17
FLAKKEBJERG,1996-02-18,18,02,1996,49,-2.7,-0.6,-1.8,0,0,8.2,17
FLAKKEBJERG,1996-02-19,19,02,1996,50,-2.5,0,-2.6,15,0,8.2,32
FLAKKEBJERG,1996-02-20,20,02,1996,51,-6.5,-3.1,-5.2,1,0,8.2,33
FLAKKEBJERG,1996-02-21,21,02,1996,52,-6.7,-5,-5.6,0.3,0,8.2,33.3
FLAKKEBJERG,1996-02-22,22,02,1996,53,-7.6,-3,-5,1,0,8.2,34.3
FLAKKEBJERG,1996-02-23,23,02,1996,54,-14.9,-1.7,-6.5,0,0,8.2,34.3
FLAKKEBJERG,1996-02-24,24,02,1996,55,-14.7,-3.2,-5.2,0,0,8.2,34.3
FLAKKEBJERG,1996-02-25,25,02,1996,56,-7.6,2.4,-1.6,0,0,8.2,34.3
FLAKKEBJERG,1996-02-26,26,02,1996,57,-3.2,3.2,2.5,1.8,0,10.7,36.1
FLAKKEBJERG,1996-02-27,27,02,1996,58,-0.5,1.9,-0.1,0.3,0,10.7,36.4
FLAKKEBJERG,1996-02-28,28,02,1996,59,-2.2,-1,-1.8,0,0,10.7,36.4
FLAKKEBJERG,1996-02-29,29,02,1996,60,-3.3,2.7,-0.5,0,0,10.7,36.4
FLAKKEBJERG,1996-03-01,01,03,1996,61,-1.9,2.9,0.6,0,0,11.3,36.4
FLAKKEBJERG,1996-03-02,02,03,1996,62,-1.9,2.8,0,0,0,11.3,36.4
FLAKKEBJERG,1996-03-03,03,03,1996,63,-5.3,0.3,-2.2,0,0,11.3,36.4
FLAKKEBJERG,1996-03-04,04,03,1996,64,-4.9,0.4,-1.5,0,0,11.3,36.4
FLAKKEBJERG,1996-03-05,05,03,1996,65,-4.9,0.3,-1.3,0,0,11.3,36.4
FLAKKEBJERG,1996-03-06,06,03,1996,66,-2.3,0.6,-0.3,0,0,11.3,36.4
FLAKKEBJERG,1996-03-07,07,03,1996,67,-0.9,2.8,0.4,0.4,0,11.7,36.8
FLAKKEBJERG,1996-03-08,08,03,1996,68,-2,1.9,-0.5,0,0,11.7,36.8
FLAKKEBJERG,1996-03-09,09,03,1996,69,-3,1.1,-0.9,0,0,11.7,36.8
FLAKKEBJERG,1996-03-10,10,03,1996,70,-2.9,1.3,-0.8,0,0,11.7,36.8
FLAKKEBJERG,1996-03-11,11,03,1996,71,-2.5,0.5,-1.4,0,0,11.7,36.8
FLAKKEBJERG,1996-03-12,12,03,1996,72,-5.4,-0.4,-2.6,0.2,0,11.7,37
FLAKKEBJERG,1996-03-13,13,03,1996,73,-4.5,-0.7,-1.4,0,0,11.7,37
FLAKKEBJERG,1996-03-14,14,03,1996,74,-2.1,-0.2,-0.7,0.1,0,11.7,37.1
FLAKKEBJERG,1996-03-15,15,03,1996,75,-1.1,2,0.1,0,0,11.8,37.1
FLAKKEBJERG,1996-03-16,16,03,1996,76,-0.8,1.8,0.2,0,0,12,37.1
FLAKKEBJERG,1996-03-17,17,03,1996,77,-0.8,0.5,0,0,0,12,37.1
FLAKKEBJERG,1996-03-18,18,03,1996,78,-0.7,1,-0.1,0,0,12,37.1
FLAKKEBJERG,1996-03-19,19,03,1996,79,-1.9,3.9,0.4,0,0,12.4,37.1
FLAKKEBJERG,1996-03-20,20,03,1996,80,-2.5,4.7,0.7,0,0,13.1,37.1
FLAKKEBJERG,1996-03-21,21,03,1996,81,-2.2,2.5,0,0,0,13.1,37.1
FLAKKEBJERG,1996-03-22,22,03,1996,82,-1.8,3.8,1.1,0,0,14.2,37.1
FLAKKEBJERG,1996-03-23,23,03,1996,83,-0.3,3,1.1,0,0,15.3,37.1
FLAKKEBJERG,1996-03-24,24,03,1996,84,0,3.1,1.6,1.9,0,16.9,39
FLAKKEBJERG,1996-03-25,25,03,1996,85,-1.1,4.8,1,0,0,17.9,39
FLAKKEBJERG,1996-03-26,26,03,1996,86,-1.9,3.7,0,0,0,17.9,39
FLAKKEBJERG,1996-03-27,27,03,1996,87,-1.6,4.7,1.5,0,0,19.4,39
FLAKKEBJERG,1996-03-28,28,03,1996,88,-0.8,1.8,0.6,0.5,0,20,39.5
FLAKKEBJERG,1996-03-29,29,03,1996,89,-0.3,2.6,1,3,0,21,42.5
FLAKKEBJERG,1996-03-30,30,03,1996,90,0.1,2.4,0.7,1.5,0,21.7,44
FLAKKEBJERG,1996-03-31,31,03,1996,91,-1,1.7,-0.2,0.6,0,21.7,44.6
FLAKKEBJERG,1996-04-01,01,04,1996,92,-1.1,1.8,0,0,0,21.7,44.6
FLAKKEBJERG,1996-04-02,02,04,1996,93,-2.8,4.7,0.3,0,0,22,44.6
FLAKKEBJERG,1996-04-03,03,04,1996,94,-2.5,6.7,1.8,0,0,23.8,44.6
FLAKKEBJERG,1996-04-04,04,04,1996,95,-2,7.6,2.4,0,0,26.2,44.6
FLAKKEBJERG,1996-04-05,05,04,1996,96,-1.7,9.6,3.9,0,0,30.1,44.6
FLAKKEBJERG,1996-04-06,06,04,1996,97,-0.2,11.1,5.9,0,0.9,36,44.6
FLAKKEBJERG,1996-04-07,07,04,1996,98,1.6,12.1,6.5,0,2.4,42.5,44.6
FLAKKEBJERG,1996-04-08,08,04,1996,99,1,14.5,7.1,0,4.5,49.6,44.6
FLAKKEBJERG,1996-04-09,09,04,1996,100,1.7,7.5,4.2,0,4.5,53.8,44.6
FLAKKEBJERG,1996-04-10,10,04,1996,101,2.2,7.8,5.4,0,4.9,59.2,44.6
FLAKKEBJERG,1996-04-11,11,04,1996,102,0.6,5.1,2.2,0.4,4.9,61.4,45
FLAKKEBJERG,1996-04-12,12,04,1996,103,-2.9,3.6,0.3,0,4.9,61.7,45
FLAKKEBJERG,1996-04-13,13,04,1996,104,0.1,9,4.2,0,4.9,65.9,45
FLAKKEBJERG,1996-04-14,14,04,1996,105,-1.1,11.5,5.1,0,5,71,45
FLAKKEBJERG,1996-04-15,15,04,1996,106,-1.5,11.4,5.7,0,5.7,76.7,45
FLAKKEBJERG,1996-04-16,16,04,1996,107,-1.1,13.7,7.5,0,8.2,84.2,45
FLAKKEBJERG,1996-04-17,17,04,1996,108,1,15.5,8.6,0,11.8,92.8,45
FLAKKEBJERG,1996-04-18,18,04,1996,109,2.6,16.7,9.8,0,16.6,102.6,45
FLAKKEBJERG,1996-04-19,19,04,1996,110,4.3,18.1,11.5,0,23.1,114.1,45
FLAKKEBJERG,1996-04-20,20,04,1996,111,6.4,21.5,13.9,0,32,128,45
FLAKKEBJERG,1996-04-21,21,04,1996,112,8.7,23.5,16.1,0,43.1,144.1,45
FLAKKEBJERG,1996-04-22,22,04,1996,113,9,25.3,17.6,0,55.7,161.7,45
FLAKKEBJERG,1996-04-23,23,04,1996,114,12.5,26.2,18.6,0,69.3,180.3,45
FLAKKEBJERG,1996-04-24,24,04,1996,115,10.7,14.6,11.9,12.4,76.2,192.2,57.4
FLAKKEBJERG,1996-04-25,25,04,1996,116,6.8,13.2,10.1,0.7,81.3,202.3,58.1
FLAKKEBJERG,1996-04-26,26,04,1996,117,6.8,10.9,8.2,0.5,84.5,210.5,58.6
FLAKKEBJERG,1996-04-27,27,04,1996,118,0.3,12.7,8.2,0.5,87.7,218.7,59.1
FLAKKEBJERG,1996-04-28,28,04,1996,119,7.1,13.8,9.9,1,92.6,228.6,60.1
FLAKKEBJERG,1996-04-29,29,04,1996,120,3.4,8.5,6.2,0,93.8,234.8,60.1
FLAKKEBJERG,1996-04-30,30,04,1996,121,0.9,11.1,6.5,0,95.3,241.3,60.1
FLAKKEBJERG,1996-05-01,01,05,1996,122,0.9,13.9,7.8,0,98.1,249.1,60.1
FLAKKEBJERG,1996-05-02,02,05,1996,123,4.7,10.4,7.7,0,100.8,256.8,60.1
FLAKKEBJERG,1996-05-03,03,05,1996,124,6.6,13.8,9.4,0.9,105.2,266.2,61
FLAKKEBJERG,1996-05-04,04,05,1996,125,7.1,10.1,8,0.7,108.2,274.2,61.7
FLAKKEBJERG,1996-05-05,05,05,1996,126,4.9,8.8,6.5,0.7,109.7,280.7,62.4
FLAKKEBJERG,1996-05-06,06,05,1996,127,4.2,11.5,7.6,0,112.3,288.3,62.4
FLAKKEBJERG,1996-05-07,07,05,1996,128,3,11.1,6.5,0,113.8,294.8,62.4
FLAKKEBJERG,1996-05-08,08,05,1996,129,0.1,12.8,7.1,0,115.9,301.9,62.4
FLAKKEBJERG,1996-05-09,09,05,1996,130,2.5,12.6,8.5,0,119.4,310.4,62.4
FLAKKEBJERG,1996-05-10,10,05,1996,131,5.5,7.9,6.2,0,120.6,316.6,62.4
FLAKKEBJERG,1996-05-11,11,05,1996,132,5,9.2,7.2,0.3,122.8,323.8,62.7
FLAKKEBJERG,1996-05-12,12,05,1996,133,5.9,11,9.3,0,127.1,333.1,62.7
FLAKKEBJERG,1996-05-13,13,05,1996,134,7.7,18.8,13.1,0.1,135.2,346.2,62.8
FLAKKEBJERG,1996-05-14,14,05,1996,135,7.6,21,13.8,0,144,360,62.8
FLAKKEBJERG,1996-05-15,15,05,1996,136,6.5,12.6,9,0,148,369,62.8
FLAKKEBJERG,1996-05-16,16,05,1996,137,6.1,10.3,7.5,0,150.5,376.5,62.8
FLAKKEBJERG,1996-05-17,17,05,1996,138,1.6,8.1,5.8,0,151.3,382.3,62.8
FLAKKEBJERG,1996-05-18,18,05,1996,139,5.8,10.5,8,10,154.3,390.3,72.8
FLAKKEBJERG,1996-05-19,19,05,1996,140,7.5,10.7,9.2,7.5,158.5,399.5,80.3
FLAKKEBJERG,1996-05-20,20,05,1996,141,7.2,8.8,7.9,1,161.4,407.4,81.3
FLAKKEBJERG,1996-05-21,21,05,1996,142,5.9,12.6,8.6,12.1,165,416,93.4
FLAKKEBJERG,1996-05-22,22,05,1996,143,1,13.6,8.2,0,168.2,424.2,93.4
FLAKKEBJERG,1996-05-23,23,05,1996,144,4.4,13.2,10,0,173.2,434.2,93.4
FLAKKEBJERG,1996-05-24,24,05,1996,145,7,15,11,1.8,179.2,445.2,95.2
FLAKKEBJERG,1996-05-25,25,05,1996,146,10.3,15.3,11.9,6.5,186.1,457.1,101.7
FLAKKEBJERG,1996-05-26,26,05,1996,147,7.7,15.2,11.1,0,192.2,468.2,101.7
FLAKKEBJERG,1996-05-27,27,05,1996,148,6.4,10.8,8.7,0.1,195.9,476.9,101.8
FLAKKEBJERG,1996-05-28,28,05,1996,149,5.9,13.9,9.5,2.6,200.4,486.4,104.4
FLAKKEBJERG,1996-05-29,29,05,1996,150,5.3,12.1,9.2,0,204.6,495.6,104.4
FLAKKEBJERG,1996-05-30,30,05,1996,151,8.4,15.9,12.8,1.4,212.4,508.4,105.8
FLAKKEBJERG,1996-05-31,31,05,1996,152,10.9,23.9,16.8,0,224.2,525.2,105.8
FLAKKEBJERG,1996-06-01,01,06,1996,153,8.1,14.8,11.5,0,230.7,536.7,105.8
FLAKKEBJERG,1996-06-02,02,06,1996,154,5.5,15.7,11.6,1.6,237.3,548.3,107.4
FLAKKEBJERG,1996-06-03,03,06,1996,155,9.3,15.4,11.6,0,243.9,559.9,107.4
FLAKKEBJERG,1996-06-04,04,06,1996,156,7.2,18.3,13.3,1.7,252.2,573.2,109.1
FLAKKEBJERG,1996-06-05,05,06,1996,157,6.1,19.3,13.9,0,261.1,587.1,109.1
FLAKKEBJERG,1996-06-06,06,06,1996,158,11.3,24.1,18.4,0,274.5,605.5,109.1
FLAKKEBJERG,1996-06-07,07,06,1996,159,10.7,27,20.3,0,289.8,625.8,109.1
FLAKKEBJERG,1996-06-08,08,06,1996,160,16.3,29.3,22.3,0,307.1,648.1,109.1
FLAKKEBJERG,1996-06-09,09,06,1996,161,16.2,21.8,18.5,0.2,320.6,666.6,109.3
FLAKKEBJERG,1996-06-10,10,06,1996,162,14.5,21.2,17.3,1.8,332.9,683.9,111.1
FLAKKEBJERG,1996-06-11,11,06,1996,163,9.8,23.5,17.7,0,345.6,701.6,111.1
FLAKKEBJERG,1996-06-12,12,06,1996,164,15.2,19,15.7,0,356.3,717.3,111.1
FLAKKEBJERG,1996-06-13,13,06,1996,165,9.6,14.8,11.9,0,363.2,729.2,111.1
FLAKKEBJERG,1996-06-14,14,06,1996,166,8.7,17.6,12.6,0,370.8,741.8,111.1
FLAKKEBJERG,1996-06-15,15,06,1996,167,4.5,18,12,0,377.8,753.8,111.1
FLAKKEBJERG,1996-06-16,16,06,1996,168,9.6,18,14.1,0,386.9,767.9,111.1
FLAKKEBJERG,1996-06-17,17,06,1996,169,9.1,14.7,12.3,0,394.2,780.2,111.1
FLAKKEBJERG,1996-06-18,18,06,1996,170,8.5,13.9,11.4,0,400.6,791.6,111.1
FLAKKEBJERG,1996-06-19,19,06,1996,171,10.3,11.8,10.8,0.7,406.4,802.4,111.8
FLAKKEBJERG,1996-06-20,20,06,1996,172,8.6,11.4,9.8,0,411.2,812.2,111.8
FLAKKEBJERG,1996-06-21,21,06,1996,173,5.9,14.5,10.3,0.1,416.5,822.5,111.9
FLAKKEBJERG,1996-06-22,22,06,1996,174,6.4,13.4,10.7,1.6,422.2,833.2,113.5
FLAKKEBJERG,1996-06-23,23,06,1996,175,9.7,15.5,11.8,0,429,845,113.5
FLAKKEBJERG,1996-06-24,24,06,1996,176,7.4,18.6,12.2,0,436.2,857.2,113.5
FLAKKEBJERG,1996-06-25,25,06,1996,177,6.8,17.8,13,0,444.2,870.2,113.5
FLAKKEBJERG,1996-06-26,26,06,1996,178,10,16.8,12.5,0,451.7,882.7,113.5
FLAKKEBJERG,1996-06-27,27,06,1996,179,10,18.9,13.6,0,460.3,896.3,113.5
FLAKKEBJERG,1996-06-28,28,06,1996,180,8.9,18.4,13.4,0,468.7,909.7,113.5
FLAKKEBJERG,1996-06-29,29,06,1996,181,11.6,16,13.6,1.5,477.3,923.3,115
FLAKKEBJERG,1996-06-30,30,06,1996,182,11.2,15.6,12.3,1.9,484.6,935.6,116.9
FLAKKEBJERG,1996-07-01,01,07,1996,183,10.3,17.2,12.8,0,492.4,948.4,116.9
FLAKKEBJERG,1996-07-02,02,07,1996,184,10.6,15.9,12.5,0.3,499.9,960.9,117.2
FLAKKEBJERG,1996-07-03,03,07,1996,185,9.3,16.9,13.7,0.1,508.6,974.6,117.3
FLAKKEBJERG,1996-07-04,04,07,1996,186,12.3,18.4,14.5,9.5,518.1,989.1,126.8
FLAKKEBJERG,1996-07-05,05,07,1996,187,11.2,18.8,15.1,8.4,528.2,1004.2,135.2
FLAKKEBJERG,1996-07-06,06,07,1996,188,11.7,16.3,13.5,0,536.7,1017.7,135.2
FLAKKEBJERG,1996-07-07,07,07,1996,189,7.8,17.6,13.2,0,544.9,1030.9,135.2
FLAKKEBJERG,1996-07-08,08,07,1996,190,5.1,18.9,13,0,552.9,1043.9,135.2
FLAKKEBJERG,1996-07-09,09,07,1996,191,9.6,17.3,13.6,0,561.5,1057.5,135.2
FLAKKEBJERG,1996-07-10,10,07,1996,192,10.2,19.5,14.4,0,570.9,1071.9,135.2
FLAKKEBJERG,1996-07-11,11,07,1996,193,12.3,19.5,16,0,581.9,1087.9,135.2
FLAKKEBJERG,1996-07-12,12,07,1996,194,12.9,19.1,15,0,591.9,1102.9,135.2
FLAKKEBJERG,1996-07-13,13,07,1996,195,8.4,18.4,14.2,0,601.1,1117.1,135.2
FLAKKEBJERG,1996-07-14,14,07,1996,196,11.8,19.9,16.6,0,612.7,1133.7,135.2
FLAKKEBJERG,1996-07-15,15,07,1996,197,11.6,16.5,13.6,0,621.3,1147.3,135.2
FLAKKEBJERG,1996-07-16,16,07,1996,198,10.5,19.4,14.9,0,631.2,1162.2,135.2
FLAKKEBJERG,1996-07-17,17,07,1996,199,8.2,16.8,12.7,0,638.9,1174.9,135.2
FLAKKEBJERG,1996-07-18,18,07,1996,200,8.5,19.8,14,0,647.9,1188.9,135.2
FLAKKEBJERG,1996-07-19,19,07,1996,201,6.3,20.9,14.7,0,657.6,1203.6,135.2
FLAKKEBJERG,1996-07-20,20,07,1996,202,5.6,22,14.8,0,667.4,1218.4,135.2
FLAKKEBJERG,1996-07-21,21,07,1996,203,7.5,23.1,16.7,0,679.1,1235.1,135.2
FLAKKEBJERG,1996-07-22,22,07,1996,204,7.7,25,18,0,692.1,1253.1,135.2
FLAKKEBJERG,1996-07-23,23,07,1996,205,13.9,25.6,19.8,0,706.9,1272.9,135.2
FLAKKEBJERG,1996-07-24,24,07,1996,206,13.6,21.4,16.8,0,718.7,1289.7,135.2
FLAKKEBJERG,1996-07-25,25,07,1996,207,13.4,24.9,18.8,1.7,732.5,1308.5,136.9
FLAKKEBJERG,1996-07-26,26,07,1996,208,11.5,22,16.5,0,744,1325,136.9
FLAKKEBJERG,1996-07-27,27,07,1996,209,12.4,18.1,15.9,0,754.9,1340.9,136.9
FLAKKEBJERG,1996-07-28,28,07,1996,210,10.7,19.3,14.4,6.5,764.3,1355.3,143.4
FLAKKEBJERG,1996-07-29,29,07,1996,211,9.3,19.2,14.2,0,773.5,1369.5,143.4
FLAKKEBJERG,1996-07-30,30,07,1996,212,12,18.9,15.6,0.3,784.1,1385.1,143.7
FLAKKEBJERG,1996-07-31,31,07,1996,213,12.8,19.2,15.9,0.1,795,1401,143.8
FLAKKEBJERG,1996-08-01,01,08,1996,214,10.7,21.6,16.8,0,806.8,1417.8,143.8
FLAKKEBJERG,1996-08-02,02,08,1996,215,11.5,22,16.3,0.5,818.1,1434.1,144.3
FLAKKEBJERG,1996-08-03,03,08,1996,216,10.3,19.9,14.8,0,827.9,1448.9,144.3
FLAKKEBJERG,1996-08-04,04,08,1996,217,10.7,20.8,16,0,838.9,1464.9,144.3
FLAKKEBJERG,1996-08-05,05,08,1996,218,6.9,24.2,15.6,0,849.5,1480.5,144.3
FLAKKEBJERG,1996-08-06,06,08,1996,219,10.3,22.8,16.8,0,861.3,1497.3,144.3
FLAKKEBJERG,1996-08-07,07,08,1996,220,13.9,24.5,18.8,0,875.1,1516.1,144.3
FLAKKEBJERG,1996-08-08,08,08,1996,221,15.8,20.4,17.4,1.1,887.5,1533.5,145.4
FLAKKEBJERG,1996-08-09,09,08,1996,222,12.4,26.1,18.7,0.6,901.2,1552.2,146
FLAKKEBJERG,1996-08-10,10,08,1996,223,13.9,24.3,19,0,915.2,1571.2,146
FLAKKEBJERG,1996-08-11,11,08,1996,224,15.1,25.6,20.1,0,930.3,1591.3,146
FLAKKEBJERG,1996-08-12,12,08,1996,225,16.7,23.5,19.7,0,945,1611,146
FLAKKEBJERG,1996-08-13,13,08,1996,226,16.3,25.6,19.4,0,959.4,1630.4,146
FLAKKEBJERG,1996-08-14,14,08,1996,227,14.1,22.6,17.9,0,972.3,1648.3,146
FLAKKEBJERG,1996-08-15,15,08,1996,228,14.1,23.6,18.5,0.1,985.8,1666.8,146.1
FLAKKEBJERG,1996-08-16,16,08,1996,229,13.1,26.4,19.8,0,1000.6,1686.6,146.1
FLAKKEBJERG,1996-08-17,17,08,1996,230,11.4,24.9,18.5,0,1014.1,1705.1,146.1
FLAKKEBJERG,1996-08-18,18,08,1996,231,10.9,27.1,19.4,0,1028.5,1724.5,146.1
FLAKKEBJERG,1996-08-19,19,08,1996,232,10.8,27.1,19.2,0,1042.7,1743.7,146.1
FLAKKEBJERG,1996-08-20,20,08,1996,233,13.4,29,20.7,0,1058.4,1764.4,146.1
FLAKKEBJERG,1996-08-21,21,08,1996,234,15.3,29.2,21.7,0,1075.1,1786.1,146.1
FLAKKEBJERG,1996-08-22,22,08,1996,235,15.1,28,21,0,1091.1,1807.1,146.1
FLAKKEBJERG,1996-08-23,23,08,1996,236,14.5,27.3,20.5,0,1106.6,1827.6,146.1
FLAKKEBJERG,1996-08-24,24,08,1996,237,17.3,21.5,18.6,9.5,1120.2,1846.2,155.6
FLAKKEBJERG,1996-08-25,25,08,1996,238,13.1,22.6,17.4,0,1132.6,1863.6,155.6
FLAKKEBJERG,1996-08-26,26,08,1996,239,11.2,23.3,17,0,1144.6,1880.6,155.6
FLAKKEBJERG,1996-08-27,27,08,1996,240,8.9,23.9,17,0,1156.6,1897.6,155.6
FLAKKEBJERG,1996-08-28,28,08,1996,241,13.3,22.8,18.5,0.1,1170.1,1916.1,155.7
FLAKKEBJERG,1996-08-29,29,08,1996,242,14.2,19.8,16.9,16,1182,1933,171.7
FLAKKEBJERG,1996-08-30,30,08,1996,243,13.4,17.7,15.9,0,1192.9,1948.9,171.7
FLAKKEBJERG,1996-08-31,31,08,1996,244,13,18.2,15.1,5,1203,1964,176.7
FLAKKEBJERG,1996-09-01,01,09,1996,245,11.3,18.7,14.5,0,1212.5,1978.5,176.7
FLAKKEBJERG,1996-09-02,02,09,1996,246,9.6,19.4,14.2,0,1221.7,1992.7,176.7
FLAKKEBJERG,1996-09-03,03,09,1996,247,6.6,20.4,14,0,1230.7,2006.7,176.7
FLAKKEBJERG,1996-09-04,04,09,1996,248,10.7,22.2,16.1,0,1241.8,2022.8,176.7
FLAKKEBJERG,1996-09-05,05,09,1996,249,7.1,18.6,13,0,1249.8,2035.8,176.7
FLAKKEBJERG,1996-09-06,06,09,1996,250,7.3,15.8,11.4,0,1256.2,2047.2,176.7
FLAKKEBJERG,1996-09-07,07,09,1996,251,5,16.3,10.9,0,1262.1,2058.1,176.7
FLAKKEBJERG,1996-09-08,08,09,1996,252,7.2,18.5,13,0,1270.1,2071.1,176.7
FLAKKEBJERG,1996-09-09,09,09,1996,253,7.8,16.5,12.1,0,1277.2,2083.2,176.7
FLAKKEBJERG,1996-09-10,10,09,1996,254,3.7,17.3,10.9,0,1283.1,2094.1,176.7
FLAKKEBJERG,1996-09-11,11,09,1996,255,3.6,14.3,9.7,0,1287.8,2103.8,176.7
FLAKKEBJERG,1996-09-12,12,09,1996,256,8.2,15.4,11.7,9.5,1294.5,2115.5,186.2
FLAKKEBJERG,1996-09-13,13,09,1996,257,8.3,15,11.7,12,1301.2,2127.2,198.2
FLAKKEBJERG,1996-09-14,14,09,1996,258,5.9,16.5,10.8,0,1307,2138,198.2
FLAKKEBJERG,1996-09-15,15,09,1996,259,4.5,16.2,10.4,0.4,1312.4,2148.4,198.6
FLAKKEBJERG,1996-09-16,16,09,1996,260,5.1,17,11.2,0,1318.6,2159.6,198.6
FLAKKEBJERG,1996-09-17,17,09,1996,261,4.7,15.4,10.3,0,1323.9,2169.9,198.6
FLAKKEBJERG,1996-09-18,18,09,1996,262,6.4,15.7,10.9,0,1329.8,2180.8,198.6
FLAKKEBJERG,1996-09-19,19,09,1996,263,6.9,15.3,10.2,0,1335,2191,198.6
FLAKKEBJERG,1996-09-20,20,09,1996,264,5.4,15.8,10.4,0,1340.4,2201.4,198.6
FLAKKEBJERG,1996-09-21,21,09,1996,265,6.9,11.1,9.4,0,1344.8,2210.8,198.6
FLAKKEBJERG,1996-09-22,22,09,1996,266,6.4,12.5,9.2,0,1349,2220,198.6
FLAKKEBJERG,1996-09-23,23,09,1996,267,5.5,16.2,9.9,0,1353.9,2229.9,198.6
FLAKKEBJERG,1996-09-24,24,09,1996,268,6.7,15.5,10.2,0,1359.1,2240.1,198.6
FLAKKEBJERG,1996-09-25,25,09,1996,269,5.6,10.6,8.3,0,1362.4,2248.4,198.6
FLAKKEBJERG,1996-09-26,26,09,1996,270,2.6,14.7,8.7,1.8,1366.1,2257.1,200.4
FLAKKEBJERG,1996-09-27,27,09,1996,271,5.3,13.4,11.1,0,1372.2,2268.2,200.4
FLAKKEBJERG,1996-09-28,28,09,1996,272,9.8,15.4,12.2,6.5,1379.4,2280.4,206.9
FLAKKEBJERG,1996-09-29,29,09,1996,273,9.5,13.6,12,7,1386.4,2292.4,213.9
FLAKKEBJERG,1996-09-30,30,09,1996,274,11.5,16,13.4,17.7,1394.8,2305.8,231.6
FLAKKEBJERG,1996-10-01,01,10,1996,275,9.2,12,10.5,3,1400.3,2316.3,234.6
FLAKKEBJERG,1996-10-02,02,10,1996,276,6.1,14.2,9.6,0.8,1404.9,2325.9,235.4
FLAKKEBJERG,1996-10-03,03,10,1996,277,6.3,13.6,10.4,0.9,1410.3,2336.3,236.3
FLAKKEBJERG,1996-10-04,04,10,1996,278,6.3,14.2,11.4,0.5,1416.7,2347.7,236.8
FLAKKEBJERG,1996-10-05,05,10,1996,279,7.4,12.1,9.3,0,1421,2357,236.8
FLAKKEBJERG,1996-10-06,06,10,1996,280,1.4,14.1,7.9,0,1423.9,2364.9,236.8
FLAKKEBJERG,1996-10-07,07,10,1996,281,1.5,12.7,9.9,0,1428.8,2374.8,236.8
FLAKKEBJERG,1996-10-08,08,10,1996,282,6.5,12.8,10.3,0,1434.1,2385.1,236.8
FLAKKEBJERG,1996-10-09,09,10,1996,283,9.1,12.7,10.6,0,1439.7,2395.7,236.8
FLAKKEBJERG,1996-10-10,10,10,1996,284,7,12.6,9.3,0.6,1444,2405,237.4
FLAKKEBJERG,1996-10-11,11,10,1996,285,0.4,12.2,7,0,1446,2412,237.4
FLAKKEBJERG,1996-10-12,12,10,1996,286,0.7,12.6,10.3,0,1451.3,2422.3,237.4
FLAKKEBJERG,1996-10-13,13,10,1996,287,8.6,13.4,10.7,0,1457,2433,237.4
FLAKKEBJERG,1996-10-14,14,10,1996,288,6.6,14.9,11.1,0,1463.1,2444.1,237.4
FLAKKEBJERG,1996-10-15,15,10,1996,289,10.5,14.9,11.6,0,1469.7,2455.7,237.4
FLAKKEBJERG,1996-10-16,16,10,1996,290,7.4,11.8,10.7,0,1475.4,2466.4,237.4
FLAKKEBJERG,1996-10-17,17,10,1996,291,10.8,11.9,10.7,20,1481.1,2477.1,257.4
FLAKKEBJERG,1996-10-18,18,10,1996,292,6.1,12.4,9,3,1485.1,2486.1,260.4
FLAKKEBJERG,1996-10-19,19,10,1996,293,6.1,11.1,9.1,0,1489.2,2495.2,260.4
FLAKKEBJERG,1996-10-20,20,10,1996,294,7.3,12.7,9.8,1.3,1494,2505,261.7
FLAKKEBJERG,1996-10-21,21,10,1996,295,3.7,10.7,7.8,0,1496.8,2512.8,261.7
FLAKKEBJERG,1996-10-22,22,10,1996,296,5.4,11.8,9.9,5.5,1501.7,2522.7,267.2
FLAKKEBJERG,1996-10-23,23,10,1996,297,2.7,11.9,6.9,0,1503.6,2529.6,267.2
FLAKKEBJERG,1996-10-24,24,10,1996,298,2.8,11.2,7.8,0,1506.4,2537.4,267.2
FLAKKEBJERG,1996-10-25,25,10,1996,299,4.7,9.6,7.1,0,1508.5,2544.5,267.2
FLAKKEBJERG,1996-10-26,26,10,1996,300,4.7,9.1,7,0,1510.5,2551.5,267.2
FLAKKEBJERG,1996-10-27,27,10,1996,301,5.7,10.7,8.4,2.5,1513.9,2559.9,269.7
FLAKKEBJERG,1996-10-28,28,10,1996,302,5.9,12.4,11.3,9.1,1520.2,2571.2,278.8
FLAKKEBJERG,1996-10-29,29,10,1996,303,10.1,11.9,10,1.1,1525.2,2581.2,279.9
FLAKKEBJERG,1996-10-30,30,10,1996,304,7.1,9.4,8.3,8.1,1528.5,2589.5,288
FLAKKEBJERG,1996-10-31,31,10,1996,305,7.1,11.4,9.3,0.1,1532.8,2598.8,288.1
FLAKKEBJERG,1996-11-01,01,11,1996,306,7.7,11.3,9.1,2.9,1536.9,2607.9,291
FLAKKEBJERG,1996-11-02,02,11,1996,307,7.6,13.1,11.8,0.2,1543.7,2619.7,291.2
FLAKKEBJERG,1996-11-03,03,11,1996,308,11.5,13.4,12.7,0.8,1551.4,2632.4,292
FLAKKEBJERG,1996-11-04,04,11,1996,309,11.1,12.3,11.7,0.2,1558.1,2644.1,292.2
FLAKKEBJERG,1996-11-05,05,11,1996,310,10.3,11.6,10.2,4.4,1563.3,2654.3,296.6
FLAKKEBJERG,1996-11-06,06,11,1996,311,6.4,11.3,9.1,3.6,1567.4,2663.4,300.2
FLAKKEBJERG,1996-11-07,07,11,1996,312,7,10.1,7.1,3,1569.5,2670.5,303.2
FLAKKEBJERG,1996-11-08,08,11,1996,313,4,8.2,5.3,1.5,1569.8,2675.8,304.7
FLAKKEBJERG,1996-11-09,09,11,1996,314,2.9,7.5,5.8,0,1570.6,2681.6,304.7
FLAKKEBJERG,1996-11-10,10,11,1996,315,1.5,6.8,3.8,1.6,1570.6,2685.4,306.3
FLAKKEBJERG,1996-11-11,11,11,1996,316,1,7.6,6.1,3.5,1571.7,2691.5,309.8
FLAKKEBJERG,1996-11-12,12,11,1996,317,5.6,8.8,8,5,1574.7,2699.5,314.8
FLAKKEBJERG,1996-11-13,13,11,1996,318,4.2,8.1,4.8,3.1,1574.7,2704.3,317.9
FLAKKEBJERG,1996-11-14,14,11,1996,319,0.3,5.9,2.3,0,1574.7,2706.6,317.9
FLAKKEBJERG,1996-11-15,15,11,1996,320,-2.3,5.6,0.8,0,1574.7,2707.4,317.9
FLAKKEBJERG,1996-11-16,16,11,1996,321,-2.2,5.2,1.1,0,1574.7,2708.5,317.9
FLAKKEBJERG,1996-11-17,17,11,1996,322,-1.6,5.9,3.3,0.5,1574.7,2711.8,318.4
FLAKKEBJERG,1996-11-18,18,11,1996,323,2.2,5.3,4.3,0,1574.7,2716.1,318.4
FLAKKEBJERG,1996-11-19,19,11,1996,324,3.2,5.4,4,12,1574.7,2720.1,330.4
FLAKKEBJERG,1996-11-20,20,11,1996,325,1.6,5.6,4.3,1,1574.7,2724.4,331.4
FLAKKEBJERG,1996-11-21,21,11,1996,326,3.5,6.1,4.8,0.8,1574.7,2729.2,332.2
FLAKKEBJERG,1996-11-22,22,11,1996,327,2.2,5.4,3.6,5.6,1574.7,2732.8,337.8
FLAKKEBJERG,1996-11-23,23,11,1996,328,2.4,4.4,3.4,1,1574.7,2736.2,338.8
FLAKKEBJERG,1996-11-24,24,11,1996,329,0.6,4.5,2.2,0,1574.7,2738.4,338.8
FLAKKEBJERG,1996-11-25,25,11,1996,330,0.5,3,1.9,0,1574.7,2740.3,338.8
FLAKKEBJERG,1996-11-26,26,11,1996,331,1.2,3.5,2.5,0,1574.7,2742.8,338.8
FLAKKEBJERG,1996-11-27,27,11,1996,332,0.8,3,1.8,0,1574.7,2744.6,338.8
FLAKKEBJERG,1996-11-28,28,11,1996,333,0.1,0.6,0.1,0,1574.7,2744.7,338.8
FLAKKEBJERG,1996-11-29,29,11,1996,334,-0.9,1,-0.1,1,1574.7,2744.7,339.8
FLAKKEBJERG,1996-11-30,30,11,1996,335,-1.4,2.5,1.4,7,1574.7,2746.1,346.8
FLAKKEBJERG,1996-12-01,01,12,1996,336,0.9,2.8,1.9,0.2,1574.7,2748,347
FLAKKEBJERG,1996-12-02,02,12,1996,337,0,6.4,4.1,8.6,1574.7,2752.1,355.6
FLAKKEBJERG,1996-12-03,03,12,1996,338,3,5.2,4.4,1.6,1574.7,2756.5,357.2
FLAKKEBJERG,1996-12-04,04,12,1996,339,3.7,6.5,5.1,7.9,1574.8,2761.6,365.1
FLAKKEBJERG,1996-12-05,05,12,1996,340,3.2,5.3,4.5,0,1574.8,2766.1,365.1
FLAKKEBJERG,1996-12-06,06,12,1996,341,3.7,5.2,4.2,5.7,1574.8,2770.3,370.8
FLAKKEBJERG,1996-12-07,07,12,1996,342,2.8,4.2,3.5,0,1574.8,2773.8,370.8
FLAKKEBJERG,1996-12-08,08,12,1996,343,1.2,3.9,1.4,0,1574.8,2775.2,370.8
FLAKKEBJERG,1996-12-09,09,12,1996,344,0.2,0.8,0.1,0,1574.8,2775.3,370.8
FLAKKEBJERG,1996-12-10,10,12,1996,345,-0.9,1.6,0,0,1574.8,2775.3,370.8
FLAKKEBJERG,1996-12-11,11,12,1996,346,-0.4,2.2,0.7,0,1574.8,2776,370.8
FLAKKEBJERG,1996-12-12,12,12,1996,347,-0.6,0.7,0.1,0,1574.8,2776.1,370.8
FLAKKEBJERG,1996-12-13,13,12,1996,348,-0.5,2.8,0.5,0.2,1574.8,2776.6,371
FLAKKEBJERG,1996-12-14,14,12,1996,349,-3.5,2.8,0.3,0,1574.8,2776.9,371
FLAKKEBJERG,1996-12-15,15,12,1996,350,-0.1,5,0.4,3.2,1574.8,2777.3,374.2
FLAKKEBJERG,1996-12-16,16,12,1996,351,-4.5,1.2,-1.2,0.8,1574.8,2777.3,375
FLAKKEBJERG,1996-12-17,17,12,1996,352,-2.4,3,2.1,0.2,1574.8,2779.4,375.2
FLAKKEBJERG,1996-12-18,18,12,1996,353,1.4,3.5,2.5,0.5,1574.8,2781.9,375.7
FLAKKEBJERG,1996-12-19,19,12,1996,354,-1.5,0.1,-1.8,0.5,1574.8,2781.9,376.2
FLAKKEBJERG,1996-12-20,20,12,1996,355,-7.6,-3.7,-5.6,0,1574.8,2781.9,376.2
FLAKKEBJERG,1996-12-21,21,12,1996,356,-8.7,0,-3.9,0,1574.8,2781.9,376.2
FLAKKEBJERG,1996-12-22,22,12,1996,357,-8.8,0.1,-2.4,0,1574.8,2781.9,376.2
FLAKKEBJERG,1996-12-23,23,12,1996,358,-7.4,-3.4,-5.4,0,1574.8,2781.9,376.2
FLAKKEBJERG,1996-12-24,24,12,1996,359,-10.7,-0.4,-4.7,0,1574.8,2781.9,376.2
FLAKKEBJERG,1996-12-25,25,12,1996,360,-8.8,-2,-6.1,0,1574.8,2781.9,376.2
FLAKKEBJERG,1996-12-26,26,12,1996,361,-11.4,-3.8,-7.8,0,1574.8,2781.9,376.2
FLAKKEBJERG,1996-12-27,27,12,1996,362,-12.1,-2.5,-3.8,0,1574.8,2781.9,376.2
FLAKKEBJERG,1996-12-28,28,12,1996,363,-11.2,-3.2,-7,0,1574.8,2781.9,376.2
FLAKKEBJERG,1996-12-29,29,12,1996,364,-11.4,1,-1,0.5,1574.8,2781.9,376.7
FLAKKEBJERG,1996-12-30,30,12,1996,365,-3.6,-1.2,-2.5,0,1574.8,2781.9,376.7
FLAKKEBJERG,1996-12-31,31,12,1996,366,-5.5,-3.1,-5.3,0,1574.8,2781.9,376.7
FLAKKEBJERG,1997-01-01,01,01,1997,1,-12.8,-4.3,-9,0,0,0,0
FLAKKEBJERG,1997-01-02,02,01,1997,2,-13.6,-3.8,-5,0.5,0,0,0.5
FLAKKEBJERG,1997-01-03,03,01,1997,3,-7.8,-4.6,-6.8,0,0,0,0.5
FLAKKEBJERG,1997-01-04,04,01,1997,4,-9.2,-4,-6.9,0,0,0,0.5
FLAKKEBJERG,1997-01-05,05,01,1997,5,-9.8,-2.5,-5.8,0,0,0,0.5
FLAKKEBJERG,1997-01-06,06,01,1997,6,-10.4,-2.5,-5.1,0,0,0,0.5
FLAKKEBJERG,1997-01-07,07,01,1997,7,-12,-2.2,-4.4,0,0,0,0.5
FLAKKEBJERG,1997-01-08,08,01,1997,8,-6.8,-1.7,-2.3,0,0,0,0.5
FLAKKEBJERG,1997-01-09,09,01,1997,9,-4.6,-2.1,-4.6,0,0,0,0.5
FLAKKEBJERG,1997-01-10,10,01,1997,10,-11,-4.5,-7.2,0,0,0,0.5
FLAKKEBJERG,1997-01-11,11,01,1997,11,-11,-2,-5,0,0,0,0.5
FLAKKEBJERG,1997-01-12,12,01,1997,12,-10.2,-0.1,-4,0,0,0,0.5
FLAKKEBJERG,1997-01-13,13,01,1997,13,-6.3,2.6,1.5,0,0,1.5,0.5
FLAKKEBJERG,1997-01-14,14,01,1997,14,1.2,2.9,1.7,0,0,3.2,0.5
FLAKKEBJERG,1997-01-15,15,01,1997,15,-0.5,2.8,0.8,0,0,4,0.5
FLAKKEBJERG,1997-01-16,16,01,1997,16,-1.1,0.4,-1.1,0,0,4,0.5
FLAKKEBJERG,1997-01-17,17,01,1997,17,-4.3,-0.3,-2.6,0.1,0,4,0.6
FLAKKEBJERG,1997-01-18,18,01,1997,18,-4.3,2.1,0.2,0,0,4.2,0.6
FLAKKEBJERG,1997-01-19,19,01,1997,19,-1,2,1.3,0.2,0,5.5,0.8
FLAKKEBJERG,1997-01-20,20,01,1997,20,0.4,1.8,0.7,0.2,0,6.2,1
FLAKKEBJERG,1997-01-21,21,01,1997,21,-1.6,0.3,-1.2,0,0,6.2,1
FLAKKEBJERG,1997-01-22,22,01,1997,22,-2.3,1.3,-0.2,0,0,6.2,1
FLAKKEBJERG,1997-01-23,23,01,1997,23,-1.1,4.3,2.8,0,0,9,1
FLAKKEBJERG,1997-01-24,24,01,1997,24,-1,1.8,-0.1,0,0,9,1
FLAKKEBJERG,1997-01-25,25,01,1997,25,-0.7,0.9,0,0.5,0,9,1.5
FLAKKEBJERG,1997-01-26,26,01,1997,26,-2.4,1.5,-1.1,0,0,9,1.5
FLAKKEBJERG,1997-01-27,27,01,1997,27,-3.6,-1,-3,0,0,9,1.5
FLAKKEBJERG,1997-01-28,28,01,1997,28,-4.7,4.7,1.8,0,0,10.8,1.5
FLAKKEBJERG,1997-01-29,29,01,1997,29,-0.6,3.6,1.3,0,0,12.1,1.5
FLAKKEBJERG,1997-01-30,30,01,1997,30,0.5,4.8,3,0,0,15.1,1.5
FLAKKEBJERG,1997-01-31,31,01,1997,31,0,4.9,1.4,0,0,16.5,1.5
FLAKKEBJERG,1997-02-01,01,02,1997,32,-2.6,2.6,-0.8,0,0,16.5,1.5
FLAKKEBJERG,1997-02-02,02,02,1997,33,-5.4,1.1,-2.1,0,0,16.5,1.5
FLAKKEBJERG,1997-02-03,03,02,1997,34,-4.4,1.3,0.2,0.5,0,16.7,2
FLAKKEBJERG,1997-02-04,04,02,1997,35,-1.5,3.5,1.2,0.4,0,17.9,2.4
FLAKKEBJERG,1997-02-05,05,02,1997,36,0.2,4.2,2.1,4.6,0,20,7
FLAKKEBJERG,1997-02-06,06,02,1997,37,0.5,3.6,2.4,0,0,22.4,7
FLAKKEBJERG,1997-02-07,07,02,1997,38,1.8,4.9,4,0.5,0,26.4,7.5
FLAKKEBJERG,1997-02-08,08,02,1997,39,2,5.2,3.3,0.5,0,29.7,8
FLAKKEBJERG,1997-02-09,09,02,1997,40,0.3,4.6,2.5,0,0,32.2,8
FLAKKEBJERG,1997-02-10,10,02,1997,41,0.9,6.1,4.5,0.2,0,36.7,8.2
FLAKKEBJERG,1997-02-11,11,02,1997,42,3,5.5,4,1.3,0,40.7,9.5
FLAKKEBJERG,1997-02-12,12,02,1997,43,3,4.6,3.5,0,0,44.2,9.5
FLAKKEBJERG,1997-02-13,13,02,1997,44,2.9,6.6,5,7.3,0,49.2,16.8
FLAKKEBJERG,1997-02-14,14,02,1997,45,3,4.1,1,1.8,0,50.2,18.599999999999998
FLAKKEBJERG,1997-02-15,15,02,1997,46,-3.1,-1.6,-2.4,0.5,0,50.2,19.099999999999998
FLAKKEBJERG,1997-02-16,16,02,1997,47,-5.5,-2.7,-4.4,0,0,50.2,19.099999999999998
FLAKKEBJERG,1997-02-17,17,02,1997,48,-5.5,0.2,-2,0,0,50.2,19.099999999999998
FLAKKEBJERG,1997-02-18,18,02,1997,49,-3.6,4.6,2,6.1,0,52.2,25.2
FLAKKEBJERG,1997-02-19,19,02,1997,50,0.9,6.2,3.6,5.5,0,55.8,30.7
FLAKKEBJERG,1997-02-20,20,02,1997,51,0.7,6.7,4.2,4,0,60,34.699999999999996
FLAKKEBJERG,1997-02-21,21,02,1997,52,4.2,7.7,5.8,0.8,0.8,65.8,35.5
FLAKKEBJERG,1997-02-22,22,02,1997,53,2.3,7.1,4.8,0.5,0.8,70.6,36
FLAKKEBJERG,1997-02-23,23,02,1997,54,3.2,8.5,7,0,2.8,77.6,36
FLAKKEBJERG,1997-02-24,24,02,1997,55,5.7,9.1,6.9,0,4.7,84.5,36
FLAKKEBJERG,1997-02-25,25,02,1997,56,4,8.9,6.8,7.6,6.5,91.3,43.6
FLAKKEBJERG,1997-02-26,26,02,1997,57,3,7.1,4.4,0,6.5,95.7,43.6
FLAKKEBJERG,1997-02-27,27,02,1997,58,1.3,7.2,3.6,0,6.5,99.3,43.6
FLAKKEBJERG,1997-02-28,28,02,1997,59,2.1,8.1,5.3,0,6.8,104.6,43.6
FLAKKEBJERG,1997-03-01,01,03,1997,60,3.1,8.4,6,0,7.8,110.6,43.6
FLAKKEBJERG,1997-03-02,02,03,1997,61,3.1,10.1,7.7,0,10.5,118.3,43.6
FLAKKEBJERG,1997-03-03,03,03,1997,62,4.6,9,5.8,1,11.3,124.1,44.6
FLAKKEBJERG,1997-03-04,04,03,1997,63,3.1,9.9,5.4,0,11.7,129.5,44.6
FLAKKEBJERG,1997-03-05,05,03,1997,64,-1,9.5,4.5,0,11.7,134,44.6
FLAKKEBJERG,1997-03-06,06,03,1997,65,-0.4,8.8,6,0,12.7,140,44.6
FLAKKEBJERG,1997-03-07,07,03,1997,66,-2.4,9.4,3.5,0,12.7,143.5,44.6
FLAKKEBJERG,1997-03-08,08,03,1997,67,-2.4,10.2,6.7,0,14.4,150.2,44.6
FLAKKEBJERG,1997-03-09,09,03,1997,68,-1.3,10.1,3.5,0,14.4,153.7,44.6
FLAKKEBJERG,1997-03-10,10,03,1997,69,-1.6,11.1,4.3,0,14.4,158,44.6
FLAKKEBJERG,1997-03-11,11,03,1997,70,-1.5,6.3,3.1,0,14.4,161.1,44.6
FLAKKEBJERG,1997-03-12,12,03,1997,71,1.6,3.6,2.9,0,14.4,164,44.6
FLAKKEBJERG,1997-03-13,13,03,1997,72,1.6,10.6,6,0,15.4,170,44.6
FLAKKEBJERG,1997-03-14,14,03,1997,73,3.9,8.3,6.4,0.8,16.8,176.4,45.4
FLAKKEBJERG,1997-03-15,15,03,1997,74,4.1,6,4.3,3,16.8,180.7,48.4
FLAKKEBJERG,1997-03-16,16,03,1997,75,-0.9,3.7,1.7,1.5,16.8,182.4,49.9
FLAKKEBJERG,1997-03-17,17,03,1997,76,-0.9,4.4,1.1,0,16.8,183.5,49.9
FLAKKEBJERG,1997-03-18,18,03,1997,77,-4.5,2.1,-0.7,0,16.8,183.5,49.9
FLAKKEBJERG,1997-03-19,19,03,1997,78,-3.4,1.4,-0.5,6,16.8,183.5,55.9
FLAKKEBJERG,1997-03-20,20,03,1997,79,-5.6,2.5,-1.3,0.2,16.8,183.5,56.1
FLAKKEBJERG,1997-03-21,21,03,1997,80,-5.1,3.3,0.1,2.5,16.8,183.6,58.6
FLAKKEBJERG,1997-03-22,22,03,1997,81,-3.8,4.5,0.2,0.5,16.8,183.8,59.1
FLAKKEBJERG,1997-03-23,23,03,1997,82,-3.1,3.6,0.2,0,16.8,184,59.1
FLAKKEBJERG,1997-03-24,24,03,1997,83,-1.5,3,1.2,0,16.8,185.2,59.1
FLAKKEBJERG,1997-03-25,25,03,1997,84,-1.1,4,1.1,0,16.8,186.3,59.1
FLAKKEBJERG,1997-03-26,26,03,1997,85,-0.9,8.2,4.8,0,16.8,191.1,59.1
FLAKKEBJERG,1997-03-27,27,03,1997,86,2.1,10.5,6.8,2,18.6,197.9,61.1
FLAKKEBJERG,1997-03-28,28,03,1997,87,2.4,8.7,5.3,7,18.9,203.2,68.1
FLAKKEBJERG,1997-03-29,29,03,1997,88,2.8,7.8,4.6,0,18.9,207.8,68.1
FLAKKEBJERG,1997-03-30,30,03,1997,89,0.5,10.2,5.2,0,19.1,213,68.1
FLAKKEBJERG,1997-03-31,31,03,1997,90,1.6,13,7.6,0,21.7,220.6,68.1
FLAKKEBJERG,1997-04-01,01,04,1997,91,3.7,13.2,7.6,0,24.3,228.2,68.1
FLAKKEBJERG,1997-04-02,02,04,1997,92,4.4,13.6,8.4,0,27.7,236.6,68.1
FLAKKEBJERG,1997-04-03,03,04,1997,93,5.5,7.7,6,0,28.7,242.6,68.1
FLAKKEBJERG,1997-04-04,04,04,1997,94,1.3,7.8,4.1,4.4,28.7,246.7,72.5
FLAKKEBJERG,1997-04-05,05,04,1997,95,0.8,3.5,1,0,28.7,247.7,72.5
FLAKKEBJERG,1997-04-06,06,04,1997,96,-1.9,4.5,1.8,7.5,28.7,249.5,80
FLAKKEBJERG,1997-04-07,07,04,1997,97,-1.9,7.3,2.9,0,28.7,252.4,80
FLAKKEBJERG,1997-04-08,08,04,1997,98,0.1,6.2,4,0,28.7,256.4,80
FLAKKEBJERG,1997-04-09,09,04,1997,99,3.2,12.7,7.8,0,31.5,264.2,80
FLAKKEBJERG,1997-04-10,10,04,1997,100,4.4,9.1,6.8,0,33.3,271,80
FLAKKEBJERG,1997-04-11,11,04,1997,101,4.5,7.9,6,0.2,34.3,277,80.2
FLAKKEBJERG,1997-04-12,12,04,1997,102,2.1,6.1,3.7,0,34.3,280.7,80.2
FLAKKEBJERG,1997-04-13,13,04,1997,103,-2,7.6,3.8,0,34.3,284.5,80.2
FLAKKEBJERG,1997-04-14,14,04,1997,104,2.9,10.1,7.4,3.5,36.7,291.9,83.7
FLAKKEBJERG,1997-04-15,15,04,1997,105,1.5,7.9,4.6,0,36.7,296.5,83.7
FLAKKEBJERG,1997-04-16,16,04,1997,106,-1.9,9.9,4.8,0,36.7,301.3,83.7
FLAKKEBJERG,1997-04-17,17,04,1997,107,0,12.6,6.8,0,38.5,308.1,83.7
FLAKKEBJERG,1997-04-18,18,04,1997,108,4.5,7.7,5.4,0,38.9,313.5,83.7
FLAKKEBJERG,1997-04-19,19,04,1997,109,-0.7,6.6,2.8,0,38.9,316.3,83.7
FLAKKEBJERG,1997-04-20,20,04,1997,110,-3.5,7.8,3,0,38.9,319.3,83.7
FLAKKEBJERG,1997-04-21,21,04,1997,111,-1.2,7.5,3.4,0,38.9,322.7,83.7
FLAKKEBJERG,1997-04-22,22,04,1997,112,2.2,7.8,4.5,0,38.9,327.2,83.7
FLAKKEBJERG,1997-04-23,23,04,1997,113,0.1,8.6,4.4,0,38.9,331.6,83.7
FLAKKEBJERG,1997-04-24,24,04,1997,114,3.1,8.3,7,0.3,40.9,338.6,84
FLAKKEBJERG,1997-04-25,25,04,1997,115,4.2,10.1,6.6,4.2,42.5,345.2,88.2
FLAKKEBJERG,1997-04-26,26,04,1997,116,0,11.2,6.4,0,43.9,351.6,88.2
FLAKKEBJERG,1997-04-27,27,04,1997,117,1.2,14.1,8.3,0,47.2,359.9,88.2
FLAKKEBJERG,1997-04-28,28,04,1997,118,6.4,12.7,9.2,0,51.4,369.1,88.2
FLAKKEBJERG,1997-04-29,29,04,1997,119,7.4,13.9,10,7.7,56.4,379.1,95.9
FLAKKEBJERG,1997-04-30,30,04,1997,120,6.4,10.1,7.1,0.4,58.5,386.2,96.3
FLAKKEBJERG,1997-05-01,01,05,1997,121,2.7,16.7,9.7,0,63.2,395.9,96.3
FLAKKEBJERG,1997-05-02,02,05,1997,122,5.5,18.3,12.4,0,70.6,408.3,96.3
FLAKKEBJERG,1997-05-03,03,05,1997,123,6.3,12.5,8.5,0,74.1,416.8,96.3
FLAKKEBJERG,1997-05-04,04,05,1997,124,3.3,11.9,7.2,0,76.3,424,96.3
FLAKKEBJERG,1997-05-05,05,05,1997,125,5.9,13.8,11.7,6,83,435.7,102.3
FLAKKEBJERG,1997-05-06,06,05,1997,126,8.9,11.3,8.2,0.5,86.2,443.9,102.8
FLAKKEBJERG,1997-05-07,07,05,1997,127,3.5,10.2,6.1,9.3,87.3,450,112.1
FLAKKEBJERG,1997-05-08,08,05,1997,128,2.7,12.8,7.8,0.2,90.1,457.8,112.3
FLAKKEBJERG,1997-05-09,09,05,1997,129,2.9,12,6.8,0,91.9,464.6,112.3
FLAKKEBJERG,1997-05-10,10,05,1997,130,5.9,13,9.4,0.5,96.3,474,112.8
FLAKKEBJERG,1997-05-11,11,05,1997,131,7.3,18.1,12.4,2.4,103.7,486.4,115.2
FLAKKEBJERG,1997-05-12,12,05,1997,132,10.1,16.4,12.7,1.9,111.4,499.1,117.1
FLAKKEBJERG,1997-05-13,13,05,1997,133,6.8,18.8,13.2,0.4,119.6,512.3,117.5
FLAKKEBJERG,1997-05-14,14,05,1997,134,10.7,17.1,13.2,0,127.8,525.5,117.5
FLAKKEBJERG,1997-05-15,15,05,1997,135,11.1,18,13.6,0,136.4,539.1,117.5
FLAKKEBJERG,1997-05-16,16,05,1997,136,5.7,19.5,13.5,0,144.9,552.6,117.5
FLAKKEBJERG,1997-05-17,17,05,1997,137,10.9,18.6,14.1,0,154,566.7,117.5
FLAKKEBJERG,1997-05-18,18,05,1997,138,9,18.4,12.5,0.8,161.5,579.2,118.3
FLAKKEBJERG,1997-05-19,19,05,1997,139,8.2,17.3,11.3,0,167.8,590.5,118.3
FLAKKEBJERG,1997-05-20,20,05,1997,140,5.2,7.7,6.2,4.8,169,596.7,123.1
FLAKKEBJERG,1997-05-21,21,05,1997,141,4.8,6.4,5.6,9.3,169.6,602.3,132.4
FLAKKEBJERG,1997-05-22,22,05,1997,142,4.8,8.8,6.6,3.8,171.2,608.9,136.2
FLAKKEBJERG,1997-05-23,23,05,1997,143,4.4,11.7,8.2,0.2,174.4,617.1,136.4
FLAKKEBJERG,1997-05-24,24,05,1997,144,1.2,13.1,8.2,0,177.6,625.3,136.4
FLAKKEBJERG,1997-05-25,25,05,1997,145,3.2,13,9,0,181.6,634.3,136.4
FLAKKEBJERG,1997-05-26,26,05,1997,146,4.5,10.1,7.8,0,184.4,642.1,136.4
FLAKKEBJERG,1997-05-27,27,05,1997,147,8,11.7,9.7,9.4,189.1,651.8,145.8
FLAKKEBJERG,1997-05-28,28,05,1997,148,5.7,16,11.5,0.3,195.6,663.3,146.1
FLAKKEBJERG,1997-05-29,29,05,1997,149,7.4,13.3,9.5,0,200.1,672.8,146.1
FLAKKEBJERG,1997-05-30,30,05,1997,150,4.5,15.8,11,0,206.1,683.8,146.1
FLAKKEBJERG,1997-05-31,31,05,1997,151,3.4,17.3,11.1,0,212.2,694.9,146.1
FLAKKEBJERG,1997-06-01,01,06,1997,152,3.2,20.1,12.8,0,220,707.7,146.1
FLAKKEBJERG,1997-06-02,02,06,1997,153,5.1,20.7,14.4,0,229.4,722.1,146.1
FLAKKEBJERG,1997-06-03,03,06,1997,154,8.6,22,16,0,240.4,738.1,146.1
FLAKKEBJERG,1997-06-04,04,06,1997,155,9.7,17.5,13.1,0,248.5,751.2,146.1
FLAKKEBJERG,1997-06-05,05,06,1997,156,4.4,22.5,14.7,0,258.2,765.9,146.1
FLAKKEBJERG,1997-06-06,06,06,1997,157,9.4,22.3,16.3,0,269.5,782.2,146.1
FLAKKEBJERG,1997-06-07,07,06,1997,158,10,24.5,17.5,0,282,799.7,146.1
FLAKKEBJERG,1997-06-08,08,06,1997,159,11.4,23.1,17.4,0,294.4,817.1,146.1
FLAKKEBJERG,1997-06-09,09,06,1997,160,13.4,21.4,16.8,1.5,306.2,833.9,147.6
FLAKKEBJERG,1997-06-10,10,06,1997,161,12.7,19.8,15.4,0,316.6,849.3,147.6
FLAKKEBJERG,1997-06-11,11,06,1997,162,6.1,22.5,15.8,0,327.4,865.1,147.6
FLAKKEBJERG,1997-06-12,12,06,1997,163,9.3,23.8,17.1,0,339.5,882.2,147.6
FLAKKEBJERG,1997-06-13,13,06,1997,164,12.5,21.6,17,0,351.5,899.2,147.6
FLAKKEBJERG,1997-06-14,14,06,1997,165,10,21.2,16.2,0,362.7,915.4,147.6
FLAKKEBJERG,1997-06-15,15,06,1997,166,13.1,16.8,14.1,0.8,371.8,929.5,148.4
FLAKKEBJERG,1997-06-16,16,06,1997,167,10.7,15.6,12.4,0,379.2,941.9,148.4
FLAKKEBJERG,1997-06-17,17,06,1997,168,9.8,18.9,13.3,0,387.5,955.2,148.4
FLAKKEBJERG,1997-06-18,18,06,1997,169,8.7,17.7,13.1,0,395.6,968.3,148.4
FLAKKEBJERG,1997-06-19,19,06,1997,170,6.2,18.7,13.7,0,404.3,982,148.4
FLAKKEBJERG,1997-06-20,20,06,1997,171,7.2,18.6,13.8,0,413.1,995.8,148.4
FLAKKEBJERG,1997-06-21,21,06,1997,172,13.1,17.6,14.6,0.3,422.7,1010.4,148.7
FLAKKEBJERG,1997-06-22,22,06,1997,173,9.9,17.6,14.1,5,431.8,1024.5,153.7
FLAKKEBJERG,1997-06-23,23,06,1997,174,10.6,17.5,14,0,440.8,1038.5,153.7
FLAKKEBJERG,1997-06-24,24,06,1997,175,10.4,15.7,13,0,448.8,1051.5,153.7
FLAKKEBJERG,1997-06-25,25,06,1997,176,10.3,15.5,12.2,0,456,1063.7,153.7
FLAKKEBJERG,1997-06-26,26,06,1997,177,4.2,18.4,11.7,0,462.7,1075.4,153.7
FLAKKEBJERG,1997-06-27,27,06,1997,178,11.5,18,14.5,21.5,472.2,1089.9,175.2
FLAKKEBJERG,1997-06-28,28,06,1997,179,13.7,21.7,16.9,6,484.1,1106.8,181.2
FLAKKEBJERG,1997-06-29,29,06,1997,180,10.9,23.7,17.7,0,496.8,1124.5,181.2
FLAKKEBJERG,1997-06-30,30,06,1997,181,16.3,21.4,18.3,2.8,510.1,1142.8,184
FLAKKEBJERG,1997-07-01,01,07,1997,182,11.7,18.9,16,0,521.1,1158.8,184
FLAKKEBJERG,1997-07-02,02,07,1997,183,8.7,21.1,16.4,0,532.5,1175.2,184
FLAKKEBJERG,1997-07-03,03,07,1997,184,13.1,19.9,16.3,0,543.8,1191.5,184
FLAKKEBJERG,1997-07-04,04,07,1997,185,9.5,21.7,15.5,0.8,554.3,1207,184.8
FLAKKEBJERG,1997-07-05,05,07,1997,186,11.1,20.3,16.1,0,565.4,1223.1,184.8
FLAKKEBJERG,1997-07-06,06,07,1997,187,10.1,19.1,14.8,0,575.2,1237.9,184.8
FLAKKEBJERG,1997-07-07,07,07,1997,188,12.1,22.7,17.5,0,587.7,1255.4,184.8
FLAKKEBJERG,1997-07-08,08,07,1997,189,13.3,20.8,16.8,0,599.5,1272.2,184.8
FLAKKEBJERG,1997-07-09,09,07,1997,190,11.7,22.2,17.2,0,611.7,1289.4,184.8
FLAKKEBJERG,1997-07-10,10,07,1997,191,9.9,24.7,18.2,0.2,624.9,1307.6,185
FLAKKEBJERG,1997-07-11,11,07,1997,192,10.9,24,18.7,0,638.6,1326.3,185
FLAKKEBJERG,1997-07-12,12,07,1997,193,9.1,23,17.1,0,650.7,1343.4,185
FLAKKEBJERG,1997-07-13,13,07,1997,194,12.4,21.5,17.3,4.8,663,1360.7,189.8
FLAKKEBJERG,1997-07-14,14,07,1997,195,10.2,22.5,17.1,0,675.1,1377.8,189.8
FLAKKEBJERG,1997-07-15,15,07,1997,196,9.8,22.5,16.7,0,686.8,1394.5,189.8
FLAKKEBJERG,1997-07-16,16,07,1997,197,9.8,21.5,16.4,0,698.2,1410.9,189.8
FLAKKEBJERG,1997-07-17,17,07,1997,198,9.5,20.9,16.1,0,709.3,1427,189.8
FLAKKEBJERG,1997-07-18,18,07,1997,199,14.7,23.8,18.7,0,723,1445.7,189.8
FLAKKEBJERG,1997-07-19,19,07,1997,200,12.8,23.6,17.1,0,735.1,1462.8,189.8
FLAKKEBJERG,1997-07-20,20,07,1997,201,13.1,24.6,18.3,0,748.4,1481.1,189.8
FLAKKEBJERG,1997-07-21,21,07,1997,202,15.4,26.2,18.8,2,762.2,1499.9,191.8
FLAKKEBJERG,1997-07-22,22,07,1997,203,12,27.5,20.6,0,777.8,1520.5,191.8
FLAKKEBJERG,1997-07-23,23,07,1997,204,11.9,24.4,19,0,791.8,1539.5,191.8
FLAKKEBJERG,1997-07-24,24,07,1997,205,15.5,22.8,18.5,0,805.3,1558,191.8
FLAKKEBJERG,1997-07-25,25,07,1997,206,13.5,22.8,17.9,4.3,818.2,1575.9,196.1
FLAKKEBJERG,1997-07-26,26,07,1997,207,11.8,23.2,17.4,0,830.6,1593.3,196.1
FLAKKEBJERG,1997-07-27,27,07,1997,208,12.5,20.4,15.9,2.4,841.5,1609.2,198.5
FLAKKEBJERG,1997-07-28,28,07,1997,209,13.8,20.2,15.9,22,852.4,1625.1,220.5
FLAKKEBJERG,1997-07-29,29,07,1997,210,12.2,21.5,16.4,5.7,863.8,1641.5,226.2
FLAKKEBJERG,1997-07-30,30,07,1997,211,9.7,22.4,17.1,0,875.9,1658.6,226.2
FLAKKEBJERG,1997-07-31,31,07,1997,212,15.5,19.6,16.8,5.4,887.7,1675.4,231.6
FLAKKEBJERG,1997-08-01,01,08,1997,213,9,21.6,15.8,0,898.5,1691.2,231.6
FLAKKEBJERG,1997-08-02,02,08,1997,214,10.3,23.4,17.8,0.3,911.3,1709,231.9
FLAKKEBJERG,1997-08-03,03,08,1997,215,15.4,23,18.7,0,925,1727.7,231.9
FLAKKEBJERG,1997-08-04,04,08,1997,216,13.8,22.8,18.3,10.8,938.3,1746,242.7
FLAKKEBJERG,1997-08-05,05,08,1997,217,13,25,19.4,0,952.7,1765.4,242.7
FLAKKEBJERG,1997-08-06,06,08,1997,218,13.4,26.7,20.4,0,968.1,1785.8,242.7
FLAKKEBJERG,1997-08-07,07,08,1997,219,13.5,26.8,20.4,0,983.5,1806.2,242.7
FLAKKEBJERG,1997-08-08,08,08,1997,220,15.4,27.4,21.2,0,999.7,1827.4,242.7
FLAKKEBJERG,1997-08-09,09,08,1997,221,13.5,27.8,21.6,0,1016.3,1849,242.7
FLAKKEBJERG,1997-08-10,10,08,1997,222,13.7,28.2,21.8,0,1033.1,1870.8,242.7
FLAKKEBJERG,1997-08-11,11,08,1997,223,14.7,29.1,22,0,1050.1,1892.8,242.7
FLAKKEBJERG,1997-08-12,12,08,1997,224,14.5,28.9,22.1,0,1067.2,1914.9,242.7
FLAKKEBJERG,1997-08-13,13,08,1997,225,13.7,29.7,22.1,0,1084.3,1937,242.7
FLAKKEBJERG,1997-08-14,14,08,1997,226,13.4,29.2,22.2,0,1101.5,1959.2,242.7
FLAKKEBJERG,1997-08-15,15,08,1997,227,14.6,26.9,21.4,0,1117.9,1980.6,242.7
FLAKKEBJERG,1997-08-16,16,08,1997,228,13.6,25.1,19.8,0,1132.7,2000.4,242.7
FLAKKEBJERG,1997-08-17,17,08,1997,229,12.2,27.5,20.3,0,1148,2020.7,242.7
FLAKKEBJERG,1997-08-18,18,08,1997,230,14.7,27.7,21.2,0,1164.2,2041.9,242.7
FLAKKEBJERG,1997-08-19,19,08,1997,231,12.9,27.5,20.6,0,1179.8,2062.5,242.7
FLAKKEBJERG,1997-08-20,20,08,1997,232,14,28.3,20.9,0,1195.7,2083.4,242.7
FLAKKEBJERG,1997-08-21,21,08,1997,233,14.9,27.5,21.5,0,1212.2,2104.9,242.7
FLAKKEBJERG,1997-08-22,22,08,1997,234,19.1,26.2,21.6,0,1228.8,2126.5,242.7
FLAKKEBJERG,1997-08-23,23,08,1997,235,11.7,23.8,19,0.6,1242.8,2145.5,243.3
FLAKKEBJERG,1997-08-24,24,08,1997,236,17.2,28.1,23.7,0,1261.5,2169.2,243.3
FLAKKEBJERG,1997-08-25,25,08,1997,237,17.3,30.1,24.5,0,1281,2193.7,243.3
FLAKKEBJERG,1997-08-26,26,08,1997,238,20,26.3,22.4,0,1298.4,2216.1,243.3
FLAKKEBJERG,1997-08-27,27,08,1997,239,18.5,24.5,20.9,40.6,1314.3,2237,283.9
FLAKKEBJERG,1997-08-28,28,08,1997,240,18.6,24.9,21.2,0.8,1330.5,2258.2,284.7
FLAKKEBJERG,1997-08-29,29,08,1997,241,14.9,21,16.2,0,1341.7,2274.4,284.7
FLAKKEBJERG,1997-08-30,30,08,1997,242,14.2,21.4,17.3,17.2,1354,2291.7,301.9
FLAKKEBJERG,1997-08-31,31,08,1997,243,15.3,23.2,18.9,0,1367.9,2310.6,301.9
FLAKKEBJERG,1997-09-01,01,09,1997,244,14.1,24.5,19.6,0,1382.5,2330.2,301.9
FLAKKEBJERG,1997-09-02,02,09,1997,245,16.4,23.1,19,0,1396.5,2349.2,301.9
FLAKKEBJERG,1997-09-03,03,09,1997,246,14.4,21.8,17.6,2.1,1409.1,2366.8,304
FLAKKEBJERG,1997-09-04,04,09,1997,247,11,22,16.6,0,1420.7,2383.4,304
FLAKKEBJERG,1997-09-05,05,09,1997,248,14.8,20.6,17.2,0.5,1432.9,2400.6,304.5
FLAKKEBJERG,1997-09-06,06,09,1997,249,11,19.2,15,0,1442.9,2415.6,304.5
FLAKKEBJERG,1997-09-07,07,09,1997,250,12.8,19.6,16,1,1453.9,2431.6,305.5
FLAKKEBJERG,1997-09-08,08,09,1997,251,14.5,20.1,16.3,0.3,1465.2,2447.9,305.8
FLAKKEBJERG,1997-09-09,09,09,1997,252,13.1,14.9,13.1,0,1473.3,2461,305.8
FLAKKEBJERG,1997-09-10,10,09,1997,253,9.5,15.9,13.1,2.2,1481.4,2474.1,308
FLAKKEBJERG,1997-09-11,11,09,1997,254,11.8,18.1,14.6,0,1491,2488.7,308
FLAKKEBJERG,1997-09-12,12,09,1997,255,12.7,18,15.1,0,1501.1,2503.8,308
FLAKKEBJERG,1997-09-13,13,09,1997,256,11.7,15.4,12.3,3,1508.4,2516.1,311
FLAKKEBJERG,1997-09-14,14,09,1997,257,8.6,14.1,11.2,3.7,1514.6,2527.3,314.7
FLAKKEBJERG,1997-09-15,15,09,1997,258,9.4,16.7,13.6,1.4,1523.2,2540.9,316.1
FLAKKEBJERG,1997-09-16,16,09,1997,259,12.4,18.2,15.1,0,1533.3,2556,316.1
FLAKKEBJERG,1997-09-17,17,09,1997,260,13.3,18,15,0,1543.3,2571,316.1
FLAKKEBJERG,1997-09-18,18,09,1997,261,8.9,15.6,11.6,0,1549.9,2582.6,316.1
FLAKKEBJERG,1997-09-19,19,09,1997,262,7,14,10,0,1554.9,2592.6,316.1
FLAKKEBJERG,1997-09-20,20,09,1997,263,5.3,13.5,9.6,0,1559.5,2602.2,316.1
FLAKKEBJERG,1997-09-21,21,09,1997,264,7.5,13.9,11.6,0,1566.1,2613.8,316.1
FLAKKEBJERG,1997-09-22,22,09,1997,265,9.3,14.8,11.8,0,1572.9,2625.6,316.1
FLAKKEBJERG,1997-09-23,23,09,1997,266,10.4,15.3,12.1,0,1580,2637.7,316.1
FLAKKEBJERG,1997-09-24,24,09,1997,267,5.1,18.7,11.7,0,1586.7,2649.4,316.1
FLAKKEBJERG,1997-09-25,25,09,1997,268,6.4,16.2,12.2,0,1593.9,2661.6,316.1
FLAKKEBJERG,1997-09-26,26,09,1997,269,10.8,14.7,12.6,0,1601.5,2674.2,316.1
FLAKKEBJERG,1997-09-27,27,09,1997,270,3.9,17.3,11.1,0,1607.6,2685.3,316.1
FLAKKEBJERG,1997-09-28,28,09,1997,271,1.6,17.1,9.3,0,1611.9,2694.6,316.1
FLAKKEBJERG,1997-09-29,29,09,1997,272,2.8,17.2,11,0,1617.9,2705.6,316.1
FLAKKEBJERG,1997-09-30,30,09,1997,273,4.6,15.6,13.1,1,1626,2718.7,317.1
FLAKKEBJERG,1997-10-01,01,10,1997,274,4.3,13.7,10.4,0,1631.4,2729.1,317.1
FLAKKEBJERG,1997-10-02,02,10,1997,275,4.5,13.7,10.6,0.4,1637,2739.7,317.5
FLAKKEBJERG,1997-10-03,03,10,1997,276,6.8,14.2,10.9,3,1642.9,2750.6,320.5
FLAKKEBJERG,1997-10-04,04,10,1997,277,8.9,15.9,13.9,0,1651.8,2764.5,320.5
FLAKKEBJERG,1997-10-05,05,10,1997,278,12.6,15.5,13.6,0.5,1660.4,2778.1,321
FLAKKEBJERG,1997-10-06,06,10,1997,279,11.4,15.7,13.1,0.5,1668.5,2791.2,321.5
FLAKKEBJERG,1997-10-07,07,10,1997,280,9.4,16.3,13.2,0,1676.7,2804.4,321.5
FLAKKEBJERG,1997-10-08,08,10,1997,281,11.6,14.9,13.1,4,1684.8,2817.5,325.5
FLAKKEBJERG,1997-10-09,09,10,1997,282,11.7,16.7,14.4,20,1694.2,2831.9,345.5
FLAKKEBJERG,1997-10-10,10,10,1997,283,10.9,15,12.1,13.4,1701.3,2844,358.9
FLAKKEBJERG,1997-10-11,11,10,1997,284,9.1,11.5,10,15.6,1706.3,2854,374.5
FLAKKEBJERG,1997-10-12,12,10,1997,285,6.6,15.3,9.2,1.2,1710.5,2863.2,375.7
FLAKKEBJERG,1997-10-13,13,10,1997,286,7.1,9.1,7.5,0,1713,2870.7,375.7
FLAKKEBJERG,1997-10-14,14,10,1997,287,2.5,15.8,7.2,9.2,1715.2,2877.9,384.9
FLAKKEBJERG,1997-10-15,15,10,1997,288,1.8,13.7,5.4,1.7,1715.6,2883.3,386.6
FLAKKEBJERG,1997-10-16,16,10,1997,289,0.1,14.7,5,0,1715.6,2888.3,386.6
FLAKKEBJERG,1997-10-17,17,10,1997,290,2.4,9.5,7,0,1717.6,2895.3,386.6
FLAKKEBJERG,1997-10-18,18,10,1997,291,6.4,12.7,11.6,2.2,1724.2,2906.9,388.8
FLAKKEBJERG,1997-10-19,19,10,1997,292,10.7,13.1,12.4,0,1731.6,2919.3,388.8
FLAKKEBJERG,1997-10-20,20,10,1997,293,4.9,10.3,6.2,0,1732.8,2925.5,388.8
FLAKKEBJERG,1997-10-21,21,10,1997,294,-0.9,8.5,4.5,0,1732.8,2930,388.8
FLAKKEBJERG,1997-10-22,22,10,1997,295,-0.9,9.9,7.7,0,1735.5,2937.7,388.8
FLAKKEBJERG,1997-10-23,23,10,1997,296,5.1,8.8,6.1,0.2,1736.6,2943.8,389
FLAKKEBJERG,1997-10-24,24,10,1997,297,0.3,6.7,3.7,4.5,1736.6,2947.5,393.5
FLAKKEBJERG,1997-10-25,25,10,1997,298,0.8,5.7,3.1,0,1736.6,2950.6,393.5
FLAKKEBJERG,1997-10-26,26,10,1997,299,-3.3,8.5,0.9,0.1,1736.6,2951.5,393.6
FLAKKEBJERG,1997-10-27,27,10,1997,300,-4.8,9.4,0.4,0,1736.6,2951.9,393.6
FLAKKEBJERG,1997-10-28,28,10,1997,301,-4.8,7.5,2.7,0,1736.6,2954.6,393.6
FLAKKEBJERG,1997-10-29,29,10,1997,302,-2.2,9.3,8.2,3.7,1739.8,2962.8,397.3
FLAKKEBJERG,1997-10-30,30,10,1997,303,6.8,10.2,6.9,0,1741.7,2969.7,397.3
FLAKKEBJERG,1997-10-31,31,10,1997,304,-1.9,7.1,3.2,0,1741.7,2972.9,397.3
FLAKKEBJERG,1997-11-01,01,11,1997,305,0.1,8.1,5.6,0,1742.3,2978.5,397.3
FLAKKEBJERG,1997-11-02,02,11,1997,306,4.2,9.6,7.9,3.3,1745.2,2986.4,400.6
FLAKKEBJERG,1997-11-03,03,11,1997,307,1.8,6.8,2.7,0,1745.2,2989.1,400.6
FLAKKEBJERG,1997-11-04,04,11,1997,308,-3.6,4.5,0.6,0,1745.2,2989.7,400.6
FLAKKEBJERG,1997-11-05,05,11,1997,309,-2.3,4.2,2.1,0,1745.2,2991.8,400.6
FLAKKEBJERG,1997-11-06,06,11,1997,310,0.9,6.7,5.7,3.8,1745.9,2997.5,404.4
FLAKKEBJERG,1997-11-07,07,11,1997,311,5.6,10.9,8.8,8.5,1749.7,3006.3,412.9
FLAKKEBJERG,1997-11-08,08,11,1997,312,7.2,11,9.2,0.5,1753.9,3015.5,413.4
FLAKKEBJERG,1997-11-09,09,11,1997,313,5.9,8.4,7.4,0,1756.3,3022.9,413.4
FLAKKEBJERG,1997-11-10,10,11,1997,314,5.4,8.3,7.2,0,1758.5,3030.1,413.4
FLAKKEBJERG,1997-11-11,11,11,1997,315,5.4,9.7,7.5,0.7,1761,3037.6,414.1
FLAKKEBJERG,1997-11-12,12,11,1997,316,4.5,7.9,6.4,0,1762.4,3044,414.1
FLAKKEBJERG,1997-11-13,13,11,1997,317,3.7,7.1,6.1,6.3,1763.5,3050.1,420.4
FLAKKEBJERG,1997-11-14,14,11,1997,318,4.7,7,5.8,3,1764.3,3055.9,423.4
FLAKKEBJERG,1997-11-15,15,11,1997,319,3.9,5.7,5.2,4.7,1764.5,3061.1,428.1
FLAKKEBJERG,1997-11-16,16,11,1997,320,1.1,6.7,4.8,3,1764.5,3065.9,431.1
FLAKKEBJERG,1997-11-17,17,11,1997,321,1.1,6.8,5.4,0,1764.9,3071.3,431.1
FLAKKEBJERG,1997-11-18,18,11,1997,322,4.4,6.2,4.8,0,1764.9,3076.1,431.1
FLAKKEBJERG,1997-11-19,19,11,1997,323,-0.1,4.5,1.8,0,1764.9,3077.9,431.1
FLAKKEBJERG,1997-11-20,20,11,1997,324,-0.1,4.7,2.5,0,1764.9,3080.4,431.1
FLAKKEBJERG,1997-11-21,21,11,1997,325,1,5.4,4.1,0,1764.9,3084.5,431.1
FLAKKEBJERG,1997-11-22,22,11,1997,326,3.8,4.5,4,4.9,1764.9,3088.5,436
FLAKKEBJERG,1997-11-23,23,11,1997,327,2.1,3.6,2.1,1.5,1764.9,3090.6,437.5
FLAKKEBJERG,1997-11-24,24,11,1997,328,-1.7,1.5,-0.1,0,1764.9,3090.6,437.5
FLAKKEBJERG,1997-11-25,25,11,1997,329,-1.4,2.1,0.9,0,1764.9,3091.5,437.5
FLAKKEBJERG,1997-11-26,26,11,1997,330,-0.1,2.4,0.3,0,1764.9,3091.8,437.5
FLAKKEBJERG,1997-11-27,27,11,1997,331,-2.6,1.8,-0.3,0,1764.9,3091.8,437.5
FLAKKEBJERG,1997-11-28,28,11,1997,332,-1.1,2.3,1.1,0,1764.9,3092.9,437.5
FLAKKEBJERG,1997-11-29,29,11,1997,333,0.1,3.1,1.4,0,1764.9,3094.3,437.5
FLAKKEBJERG,1997-11-30,30,11,1997,334,1,6,4.9,3.8,1764.9,3099.2,441.3
FLAKKEBJERG,1997-12-01,01,12,1997,335,0,5.6,1.3,2.2,1764.9,3100.5,443.5
FLAKKEBJERG,1997-12-02,02,12,1997,336,-2.9,-0.5,-1.8,0,1764.9,3100.5,443.5
FLAKKEBJERG,1997-12-03,03,12,1997,337,-3.1,0.6,0,0.2,1764.9,3100.5,443.7
FLAKKEBJERG,1997-12-04,04,12,1997,338,-1.3,0.1,-1.6,0,1764.9,3100.5,443.7
FLAKKEBJERG,1997-12-05,05,12,1997,339,-4,3.6,1,0.4,1764.9,3101.5,444.1
FLAKKEBJERG,1997-12-06,06,12,1997,340,-1.1,4.3,3.6,0.4,1764.9,3105.1,444.5
FLAKKEBJERG,1997-12-07,07,12,1997,341,3,7.4,5.2,7,1765.1,3110.3,451.5
FLAKKEBJERG,1997-12-08,08,12,1997,342,2.1,5.1,3.5,1,1765.1,3113.8,452.5
FLAKKEBJERG,1997-12-09,09,12,1997,343,2.3,6.9,5.6,0.2,1765.7,3119.4,452.7
FLAKKEBJERG,1997-12-10,10,12,1997,344,4.7,8.5,6.8,2.8,1767.5,3126.2,455.5
FLAKKEBJERG,1997-12-11,11,12,1997,345,6.1,8.7,7.4,10,1769.9,3133.6,465.5
FLAKKEBJERG,1997-12-12,12,12,1997,346,5.6,6.3,5.3,1.7,1770.2,3138.9,467.2
FLAKKEBJERG,1997-12-13,13,12,1997,347,3.1,4.6,3.4,0,1770.2,3142.3,467.2
FLAKKEBJERG,1997-12-14,14,12,1997,348,0.5,4.7,2.5,1.8,1770.2,3144.8,469
FLAKKEBJERG,1997-12-15,15,12,1997,349,0.7,1.1,0.4,0,1770.2,3145.2,469
FLAKKEBJERG,1997-12-16,16,12,1997,350,-2.7,-0.3,-1.8,0,1770.2,3145.2,469
FLAKKEBJERG,1997-12-17,17,12,1997,351,-3.6,-1.7,-2.9,0,1770.2,3145.2,469
FLAKKEBJERG,1997-12-18,18,12,1997,352,-4.8,-0.4,-2.5,0,1770.2,3145.2,469
FLAKKEBJERG,1997-12-19,19,12,1997,353,-3.5,0.7,-0.1,0,1770.2,3145.2,469
FLAKKEBJERG,1997-12-20,20,12,1997,354,0,2.8,1.5,0,1770.2,3146.7,469
FLAKKEBJERG,1997-12-21,21,12,1997,355,1.1,2.6,1.6,0,1770.2,3148.3,469
FLAKKEBJERG,1997-12-22,22,12,1997,356,-0.4,0.7,0.2,0,1770.2,3148.5,469
FLAKKEBJERG,1997-12-23,23,12,1997,357,-0.2,1.5,0.6,0.7,1770.2,3149.1,469.7
FLAKKEBJERG,1997-12-24,24,12,1997,358,0.3,4.1,2,0,1770.2,3151.1,469.7
FLAKKEBJERG,1997-12-25,25,12,1997,359,0.8,8.1,6.4,8.5,1771.6,3157.5,478.2
FLAKKEBJERG,1997-12-26,26,12,1997,360,5.1,7.3,6.4,5.6,1773,3163.9,483.8
FLAKKEBJERG,1997-12-27,27,12,1997,361,3,5.5,3.2,3.4,1773,3167.1,487.2
FLAKKEBJERG,1997-12-28,28,12,1997,362,1.3,4.4,3.3,0,1773,3170.4,487.2
FLAKKEBJERG,1997-12-29,29,12,1997,363,2.3,4.1,3.1,0.1,1773,3173.5,487.3
FLAKKEBJERG,1997-12-30,30,12,1997,364,1.1,3.7,2.8,0.5,1773,3176.3,487.8
FLAKKEBJERG,1997-12-31,31,12,1997,365,2.4,7,4.3,0.2,1773,3180.6,488
FLAKKEBJERG,1998-01-01,01,01,1998,1,3.1,7,4.4,4,0,4.4,4
FLAKKEBJERG,1998-01-02,02,01,1998,2,2.8,5.7,4.5,0.2,0,8.9,4.2
FLAKKEBJERG,1998-01-03,03,01,1998,3,3.8,6.6,5.2,2,0.2,14.1,6.2
FLAKKEBJERG,1998-01-04,04,01,1998,4,3.5,6.1,4.6,12.3,0.2,18.7,18.5
FLAKKEBJERG,1998-01-05,05,01,1998,5,3.1,4.9,3.9,7,0.2,22.6,25.5
FLAKKEBJERG,1998-01-06,06,01,1998,6,0.7,5,2.8,1.7,0.2,25.4,27.2
FLAKKEBJERG,1998-01-07,07,01,1998,7,1.1,7,4.6,3,0.2,30,30.2
FLAKKEBJERG,1998-01-08,08,01,1998,8,3,5.5,4.6,5.5,0.2,34.6,35.7
FLAKKEBJERG,1998-01-09,09,01,1998,9,0.2,6.4,2.6,1,0.2,37.2,36.7
FLAKKEBJERG,1998-01-10,10,01,1998,10,0,8.5,6.6,4.3,1.8,43.8,41
FLAKKEBJERG,1998-01-11,11,01,1998,11,3.2,6.6,4.4,0,1.8,48.2,41
FLAKKEBJERG,1998-01-12,12,01,1998,12,1.4,5.8,3.8,0,1.8,52,41
FLAKKEBJERG,1998-01-13,13,01,1998,13,2.6,5.5,4.5,0.1,1.8,56.5,41.1
FLAKKEBJERG,1998-01-14,14,01,1998,14,0.8,7.8,4.1,0,1.8,60.6,41.1
FLAKKEBJERG,1998-01-15,15,01,1998,15,2.3,6.6,5.3,0.3,2.1,65.9,41.4
FLAKKEBJERG,1998-01-16,16,01,1998,16,4.5,6.5,5.8,1.9,2.9,71.7,43.3
FLAKKEBJERG,1998-01-17,17,01,1998,17,3.9,5.7,4.2,0,2.9,75.9,43.3
FLAKKEBJERG,1998-01-18,18,01,1998,18,1.5,5.5,3.2,11.2,2.9,79.1,54.5
FLAKKEBJERG,1998-01-19,19,01,1998,19,2.1,4.1,3.4,4.8,2.9,82.5,59.3
FLAKKEBJERG,1998-01-20,20,01,1998,20,1.3,3.5,1.1,9.5,2.9,83.6,68.8
FLAKKEBJERG,1998-01-21,21,01,1998,21,-2.2,-0.4,-1.9,0,2.9,83.6,68.8
FLAKKEBJERG,1998-01-22,22,01,1998,22,-5.9,0.1,-3.3,0,2.9,83.6,68.8
FLAKKEBJERG,1998-01-23,23,01,1998,23,-5.9,1.1,-1,0,2.9,83.6,68.8
FLAKKEBJERG,1998-01-24,24,01,1998,24,-1.6,1.7,0.6,4.3,2.9,84.2,73.1
FLAKKEBJERG,1998-01-25,25,01,1998,25,-4.7,1.3,-2.6,0,2.9,84.2,73.1
FLAKKEBJERG,1998-01-26,26,01,1998,26,-7.1,1.7,-2.2,0,2.9,84.2,73.1
FLAKKEBJERG,1998-01-27,27,01,1998,27,-5.2,3.2,1.4,0,2.9,85.6,73.1
FLAKKEBJERG,1998-01-28,28,01,1998,28,0.3,3.7,1.2,0.2,2.9,86.8,73.3
FLAKKEBJERG,1998-01-29,29,01,1998,29,-4.4,2.3,-1.1,0,2.9,86.8,73.3
FLAKKEBJERG,1998-01-30,30,01,1998,30,-4.5,4.5,1.6,0.1,2.9,88.4,73.4
FLAKKEBJERG,1998-01-31,31,01,1998,31,-6.5,-3.5,-5.3,0,2.9,88.4,73.4
FLAKKEBJERG,1998-02-01,01,02,1998,32,-8.2,-2.8,-5,0,2.9,88.4,73.4
FLAKKEBJERG,1998-02-02,02,02,1998,33,-5.6,0.3,-2.4,0,2.9,88.4,73.4
FLAKKEBJERG,1998-02-03,03,02,1998,34,-2.9,-0.6,-1.8,2,2.9,88.4,75.4
FLAKKEBJERG,1998-02-04,04,02,1998,35,-4.8,3.4,1.9,2,2.9,90.3,77.4
FLAKKEBJERG,1998-02-05,05,02,1998,36,1.6,4.6,3.6,0.5,2.9,93.9,77.9
FLAKKEBJERG,1998-02-06,06,02,1998,37,2.8,4.5,3.7,0,2.9,97.6,77.9
FLAKKEBJERG,1998-02-07,07,02,1998,38,2.8,3.7,2.5,0,2.9,100.1,77.9
FLAKKEBJERG,1998-02-08,08,02,1998,39,0.3,5.5,3.4,2.2,2.9,103.5,80.1
FLAKKEBJERG,1998-02-09,09,02,1998,40,2.2,5.1,4.4,0.2,2.9,107.9,80.3
FLAKKEBJERG,1998-02-10,10,02,1998,41,4.2,7.5,5.5,0,3.4,113.4,80.3
FLAKKEBJERG,1998-02-11,11,02,1998,42,4.7,7.1,5.5,0,3.9,118.9,80.3
FLAKKEBJERG,1998-02-12,12,02,1998,43,5.2,9,8.2,3,7.1,127.1,83.3
FLAKKEBJERG,1998-02-13,13,02,1998,44,6,7.7,5.9,6.6,8,133,89.9
FLAKKEBJERG,1998-02-14,14,02,1998,45,4.4,10,7.4,3.6,10.4,140.4,93.5
FLAKKEBJERG,1998-02-15,15,02,1998,46,6.8,8.8,7.8,10,13.2,148.2,103.5
FLAKKEBJERG,1998-02-16,16,02,1998,47,6.6,8.5,6.9,0.5,15.1,155.1,104
FLAKKEBJERG,1998-02-17,17,02,1998,48,-0.4,5.4,2.8,2.2,15.1,157.9,106.2
FLAKKEBJERG,1998-02-18,18,02,1998,49,0.6,10.4,7.4,0,17.5,165.3,106.2
FLAKKEBJERG,1998-02-19,19,02,1998,50,4.7,6.7,5.7,0,18.2,171,106.2
FLAKKEBJERG,1998-02-20,20,02,1998,51,4.6,7.6,6.4,0,19.6,177.4,106.2
FLAKKEBJERG,1998-02-21,21,02,1998,52,4.1,9.3,6.8,0,21.4,184.2,106.2
FLAKKEBJERG,1998-02-22,22,02,1998,53,4.1,8.8,6.9,3.3,23.3,191.1,109.5
FLAKKEBJERG,1998-02-23,23,02,1998,54,2.8,7.6,5.2,0,23.5,196.3,109.5
FLAKKEBJERG,1998-02-24,24,02,1998,55,2.9,10.5,8.4,0,26.9,204.7,109.5
FLAKKEBJERG,1998-02-25,25,02,1998,56,7.4,11.5,8.4,0.5,30.3,213.1,110
FLAKKEBJERG,1998-02-26,26,02,1998,57,5.8,7.3,6.3,0,31.6,219.4,110
FLAKKEBJERG,1998-02-27,27,02,1998,58,5.5,7.2,6.3,0.2,32.9,225.7,110.2
FLAKKEBJERG,1998-02-28,28,02,1998,59,2.7,5.4,3.3,2.9,32.9,229,113.1
FLAKKEBJERG,1998-03-01,01,03,1998,60,-0.2,2.7,0.7,0.9,32.9,229.7,114
FLAKKEBJERG,1998-03-02,02,03,1998,61,-2,6.9,2.2,2.6,32.9,231.9,116.6
FLAKKEBJERG,1998-03-03,03,03,1998,62,0,8.4,5.6,5,33.5,237.5,121.6
FLAKKEBJERG,1998-03-04,04,03,1998,63,3.9,9.9,7.2,10,35.7,244.7,131.6
FLAKKEBJERG,1998-03-05,05,03,1998,64,3.2,5.4,3.1,2.5,35.7,247.8,134.1
FLAKKEBJERG,1998-03-06,06,03,1998,65,-1.4,4.8,2,1.4,35.7,249.8,135.5
FLAKKEBJERG,1998-03-07,07,03,1998,66,-0.9,0.5,-0.3,0,35.7,249.8,135.5
FLAKKEBJERG,1998-03-08,08,03,1998,67,-1.7,0.3,-0.9,6.3,35.7,249.8,141.8
FLAKKEBJERG,1998-03-09,09,03,1998,68,-6.9,2.4,-1.1,0,35.7,249.8,141.8
FLAKKEBJERG,1998-03-10,10,03,1998,69,-6.7,3,-0.5,0,35.7,249.8,141.8
FLAKKEBJERG,1998-03-11,11,03,1998,70,-5,3,1.4,0,35.7,251.2,141.8
FLAKKEBJERG,1998-03-12,12,03,1998,71,-0.9,2.8,0.9,0.5,35.7,252.1,142.3
FLAKKEBJERG,1998-03-13,13,03,1998,72,-1.4,7.3,2.5,0.5,35.7,254.6,142.8
FLAKKEBJERG,1998-03-14,14,03,1998,73,0.4,5.9,2.8,0,35.7,257.4,142.8
FLAKKEBJERG,1998-03-15,15,03,1998,74,0.7,5.4,3.2,0.4,35.7,260.6,143.2
FLAKKEBJERG,1998-03-16,16,03,1998,75,2.5,10.5,6.8,0,37.5,267.4,143.2
FLAKKEBJERG,1998-03-17,17,03,1998,76,5.6,8.2,6.9,4.1,39.4,274.3,147.3
FLAKKEBJERG,1998-03-18,18,03,1998,77,5.1,9.2,6.4,0,40.8,280.7,147.3
FLAKKEBJERG,1998-03-19,19,03,1998,78,0.7,6.6,3.6,0,40.8,284.3,147.3
FLAKKEBJERG,1998-03-20,20,03,1998,79,0.4,4.6,2.5,0.7,40.8,286.8,148
FLAKKEBJERG,1998-03-21,21,03,1998,80,-1.1,6.4,2.7,0,40.8,289.5,148
FLAKKEBJERG,1998-03-22,22,03,1998,81,-1.4,6.1,2,0,40.8,291.5,148
FLAKKEBJERG,1998-03-23,23,03,1998,82,-1.7,4.8,0.9,1.8,40.8,292.4,149.8
FLAKKEBJERG,1998-03-24,24,03,1998,83,-3.5,6.1,1.2,0,40.8,293.6,149.8
FLAKKEBJERG,1998-03-25,25,03,1998,84,-2.7,7.6,3.3,0,40.8,296.9,149.8
FLAKKEBJERG,1998-03-26,26,03,1998,85,1.1,7.7,4.9,0,40.8,301.8,149.8
FLAKKEBJERG,1998-03-27,27,03,1998,86,2,11,6.9,0.8,42.7,308.7,150.6
FLAKKEBJERG,1998-03-28,28,03,1998,87,1.7,11.7,7.1,0,44.8,315.8,150.6
FLAKKEBJERG,1998-03-29,29,03,1998,88,3.8,12.8,8.3,0,48.1,324.1,150.6
FLAKKEBJERG,1998-03-30,30,03,1998,89,4.7,14,9,0,52.1,333.1,150.6
FLAKKEBJERG,1998-03-31,31,03,1998,90,6.3,13.9,9.8,0,56.9,342.9,150.6
FLAKKEBJERG,1998-04-01,01,04,1998,91,6.1,8.1,5.6,0.1,57.5,348.5,150.7
FLAKKEBJERG,1998-04-02,02,04,1998,92,-0.2,1,0.1,2.4,57.5,348.6,153.1
FLAKKEBJERG,1998-04-03,03,04,1998,93,-1.2,4.2,1.6,7.6,57.5,350.2,160.7
FLAKKEBJERG,1998-04-04,04,04,1998,94,0.6,9.9,7,27.6,59.5,357.2,188.3
FLAKKEBJERG,1998-04-05,05,04,1998,95,6.4,10.8,8.1,7.3,62.6,365.3,195.6
FLAKKEBJERG,1998-04-06,06,04,1998,96,4,11.5,7.9,5.6,65.5,373.2,201.2
FLAKKEBJERG,1998-04-07,07,04,1998,97,4.4,7.6,5.6,0.7,66.1,378.8,201.9
FLAKKEBJERG,1998-04-08,08,04,1998,98,3.5,6,4.7,0,66.1,383.5,201.9
FLAKKEBJERG,1998-04-09,09,04,1998,99,2.1,5.1,3.2,0.4,66.1,386.7,202.3
FLAKKEBJERG,1998-04-10,10,04,1998,100,1.7,7.5,4.7,0,66.1,391.4,202.3
FLAKKEBJERG,1998-04-11,11,04,1998,101,3.4,7.1,5.4,0,66.5,396.8,202.3
FLAKKEBJERG,1998-04-12,12,04,1998,102,4.4,9.7,6.4,1,67.9,403.2,203.3
FLAKKEBJERG,1998-04-13,13,04,1998,103,1.8,8.2,5.5,0,68.4,408.7,203.3
FLAKKEBJERG,1998-04-14,14,04,1998,104,2.8,7.3,4.9,0,68.4,413.6,203.3
FLAKKEBJERG,1998-04-15,15,04,1998,105,1.3,9.6,6.4,0.4,69.8,420,203.7
FLAKKEBJERG,1998-04-16,16,04,1998,106,3.9,9.2,5.8,1.6,70.6,425.8,205.3
FLAKKEBJERG,1998-04-17,17,04,1998,107,0.5,10.6,5.6,4.5,71.2,431.4,209.8
FLAKKEBJERG,1998-04-18,18,04,1998,108,2.3,11.2,6.8,0,73,438.2,209.8
FLAKKEBJERG,1998-04-19,19,04,1998,109,-0.1,11.3,5.9,0,73.9,444.1,209.8
FLAKKEBJERG,1998-04-20,20,04,1998,110,0.9,12.2,7.3,0,76.2,451.4,209.8
FLAKKEBJERG,1998-04-21,21,04,1998,111,4.3,11.8,8.5,0.3,79.7,459.9,210.1
FLAKKEBJERG,1998-04-22,22,04,1998,112,3.8,9.3,6.9,0,81.6,466.8,210.1
FLAKKEBJERG,1998-04-23,23,04,1998,113,5.1,14.9,9,0,85.6,475.8,210.1
FLAKKEBJERG,1998-04-24,24,04,1998,114,5.7,12.8,9.5,0,90.1,485.3,210.1
FLAKKEBJERG,1998-04-25,25,04,1998,115,7.1,15,11.4,1.8,96.5,496.7,211.9
FLAKKEBJERG,1998-04-26,26,04,1998,116,9.4,12.4,10.8,5.8,102.3,507.5,217.7
FLAKKEBJERG,1998-04-27,27,04,1998,117,9.2,15.7,11.2,1.8,108.5,518.7,219.5
FLAKKEBJERG,1998-04-28,28,04,1998,118,8.4,11.7,10.1,1.5,113.6,528.8,221
FLAKKEBJERG,1998-04-29,29,04,1998,119,8.5,15.1,11,3.8,119.6,539.8,224.8
FLAKKEBJERG,1998-04-30,30,04,1998,120,9.3,20.2,14.5,1.8,129.1,554.3,226.6
FLAKKEBJERG,1998-05-01,01,05,1998,121,9.4,19.1,14.2,0,138.3,568.5,226.6
FLAKKEBJERG,1998-05-02,02,05,1998,122,8.2,19.2,13,0,146.3,581.5,226.6
FLAKKEBJERG,1998-05-03,03,05,1998,123,8.4,13.1,9.8,1.4,151.1,591.3,228
FLAKKEBJERG,1998-05-04,04,05,1998,124,5.9,12.6,8.8,6,154.9,600.1,234
FLAKKEBJERG,1998-05-05,05,05,1998,125,5,12.8,8.6,0.3,158.5,608.7,234.3
FLAKKEBJERG,1998-05-06,06,05,1998,126,5,12.7,8.6,1.4,162.1,617.3,235.7
FLAKKEBJERG,1998-05-07,07,05,1998,127,6.8,13.5,10.4,5.4,167.5,627.7,241.1
FLAKKEBJERG,1998-05-08,08,05,1998,128,9.5,17,13,0,175.5,640.7,241.1
FLAKKEBJERG,1998-05-09,09,05,1998,129,8.5,20,15,0,185.5,655.7,241.1
FLAKKEBJERG,1998-05-10,10,05,1998,130,10,22.4,16.5,0,197,672.2,241.1
FLAKKEBJERG,1998-05-11,11,05,1998,131,10.9,18.1,14.8,0,206.8,687,241.1
FLAKKEBJERG,1998-05-12,12,05,1998,132,10.3,15,11.8,2.7,213.6,698.8,243.8
FLAKKEBJERG,1998-05-13,13,05,1998,133,5.9,14,10,0,218.6,708.8,243.8
FLAKKEBJERG,1998-05-14,14,05,1998,134,2.1,17.4,10.5,0,224.1,719.3,243.8
FLAKKEBJERG,1998-05-15,15,05,1998,135,6.5,17.6,12.7,0,231.8,732,243.8
FLAKKEBJERG,1998-05-16,16,05,1998,136,5.3,17.4,11.9,0,238.7,743.9,243.8
FLAKKEBJERG,1998-05-17,17,05,1998,137,4.2,19,12.9,0,246.6,756.8,243.8
FLAKKEBJERG,1998-05-18,18,05,1998,138,5.7,20,14,0,255.6,770.8,243.8
FLAKKEBJERG,1998-05-19,19,05,1998,139,8.2,17.2,12.6,0,263.2,783.4,243.8
FLAKKEBJERG,1998-05-20,20,05,1998,140,8.4,14.1,10.9,0,269.1,794.3,243.8
FLAKKEBJERG,1998-05-21,21,05,1998,141,6.5,11.8,8.8,0,272.9,803.1,243.8
FLAKKEBJERG,1998-05-22,22,05,1998,142,5.8,13.1,9.3,4,277.2,812.4,247.8
FLAKKEBJERG,1998-05-23,23,05,1998,143,1.2,14,9.1,0,281.3,821.5,247.8
FLAKKEBJERG,1998-05-24,24,05,1998,144,8.3,13.2,10.6,0.8,286.9,832.1,248.6
FLAKKEBJERG,1998-05-25,25,05,1998,145,9.1,14,11.3,0.8,293.2,843.4,249.4
FLAKKEBJERG,1998-05-26,26,05,1998,146,8.3,14.1,11,0.8,299.2,854.4,250.2
FLAKKEBJERG,1998-05-27,27,05,1998,147,8.8,17,12.8,1.7,307,867.2,251.9
FLAKKEBJERG,1998-05-28,28,05,1998,148,10,17.4,12.8,0,314.8,880,251.9
FLAKKEBJERG,1998-05-29,29,05,1998,149,10.8,22.2,16.7,2.5,326.5,896.7,254.4
FLAKKEBJERG,1998-05-30,30,05,1998,150,12.9,18.4,14.6,0,336.1,911.3,254.4
FLAKKEBJERG,1998-05-31,31,05,1998,151,9.2,20.1,14.7,0,345.8,926,254.4
FLAKKEBJERG,1998-06-01,01,06,1998,152,12.2,15.6,14.1,0,354.9,940.1,254.4
FLAKKEBJERG,1998-06-02,02,06,1998,153,11.4,18.7,14.5,0,364.4,954.6,254.4
FLAKKEBJERG,1998-06-03,03,06,1998,154,11.6,18.9,15.9,0,375.3,970.5,254.4
FLAKKEBJERG,1998-06-04,04,06,1998,155,12.6,17.1,13.9,0.4,384.2,984.4,254.8
FLAKKEBJERG,1998-06-05,05,06,1998,156,5.6,15.4,11.7,0.5,390.9,996.1,255.3
FLAKKEBJERG,1998-06-06,06,06,1998,157,10.2,15.6,12.7,0.2,398.6,1008.8,255.5
FLAKKEBJERG,1998-06-07,07,06,1998,158,11,21.9,16.7,3.9,410.3,1025.5,259.4
FLAKKEBJERG,1998-06-08,08,06,1998,159,10.6,18.3,14.5,4.8,419.8,1040,264.2
FLAKKEBJERG,1998-06-09,09,06,1998,160,10.6,17.4,15,0,429.8,1055,264.2
FLAKKEBJERG,1998-06-10,10,06,1998,161,14.2,17.5,15.6,6.4,440.4,1070.6,270.6
FLAKKEBJERG,1998-06-11,11,06,1998,162,9.3,19.1,14.6,0.1,450,1085.2,270.7
FLAKKEBJERG,1998-06-12,12,06,1998,163,9.8,16.5,12.9,0,457.9,1098.1,270.7
FLAKKEBJERG,1998-06-13,13,06,1998,164,7.8,15.6,11.5,0,464.4,1109.6,270.7
FLAKKEBJERG,1998-06-14,14,06,1998,165,4,17.8,11.7,0,471.1,1121.3,270.7
FLAKKEBJERG,1998-06-15,15,06,1998,166,5,19.3,13.3,0,479.4,1134.6,270.7
FLAKKEBJERG,1998-06-16,16,06,1998,167,9.8,17.4,13.7,0,488.1,1148.3,270.7
FLAKKEBJERG,1998-06-17,17,06,1998,168,11.5,14.9,12.6,0,495.7,1160.9,270.7
FLAKKEBJERG,1998-06-18,18,06,1998,169,10.5,16.9,12.9,0,503.6,1173.8,270.7
FLAKKEBJERG,1998-06-19,19,06,1998,170,3.8,17.3,11.5,0,510.1,1185.3,270.7
FLAKKEBJERG,1998-06-20,20,06,1998,171,8.7,19.9,14.5,1.8,519.6,1199.8,272.5
FLAKKEBJERG,1998-06-21,21,06,1998,172,10.2,23.6,18.2,0,532.8,1218,272.5
FLAKKEBJERG,1998-06-22,22,06,1998,173,12.9,19.3,16,10.8,543.8,1234,283.3
FLAKKEBJERG,1998-06-23,23,06,1998,174,12.1,18.2,15.1,2.1,553.9,1249.1,285.4
FLAKKEBJERG,1998-06-24,24,06,1998,175,7.7,20.5,15.3,0,564.2,1264.4,285.4
FLAKKEBJERG,1998-06-25,25,06,1998,176,9,21.1,15.8,0,575,1280.2,285.4
FLAKKEBJERG,1998-06-26,26,06,1998,177,14.3,20.4,17.2,1,587.2,1297.4,286.4
FLAKKEBJERG,1998-06-27,27,06,1998,178,12.7,20.3,16.4,0.3,598.6,1313.8,286.7
FLAKKEBJERG,1998-06-28,28,06,1998,179,14,18.5,15.7,15.5,609.3,1329.5,302.2
FLAKKEBJERG,1998-06-29,29,06,1998,180,12.5,17.7,15.1,6,619.4,1344.6,308.2
FLAKKEBJERG,1998-06-30,30,06,1998,181,11.1,17.8,14.5,2.2,628.9,1359.1,310.4
FLAKKEBJERG,1998-07-01,01,07,1998,182,12.2,16.8,14,3,637.9,1373.1,313.4
FLAKKEBJERG,1998-07-02,02,07,1998,183,9.5,18.7,14.2,0.6,647.1,1387.3,314
FLAKKEBJERG,1998-07-03,03,07,1998,184,12,16.1,14,0,656.1,1401.3,314
FLAKKEBJERG,1998-07-04,04,07,1998,185,12.6,15.8,13.6,1.5,664.7,1414.9,315.5
FLAKKEBJERG,1998-07-05,05,07,1998,186,12.6,16.1,14,2.4,673.7,1428.9,317.9
FLAKKEBJERG,1998-07-06,06,07,1998,187,11,14.8,12.8,0,681.5,1441.7,317.9
FLAKKEBJERG,1998-07-07,07,07,1998,188,9.6,16.3,12.3,0.8,688.8,1454,318.7
FLAKKEBJERG,1998-07-08,08,07,1998,189,9.1,19.7,14.4,8,698.2,1468.4,326.7
FLAKKEBJERG,1998-07-09,09,07,1998,190,10.7,15.4,13.4,0,706.6,1481.8,326.7
FLAKKEBJERG,1998-07-10,10,07,1998,191,10.9,17.9,13.7,6,715.3,1495.5,332.7
FLAKKEBJERG,1998-07-11,11,07,1998,192,8.7,16.6,12.8,4.7,723.1,1508.3,337.4
FLAKKEBJERG,1998-07-12,12,07,1998,193,11.5,19.1,15,3.5,733.1,1523.3,340.9
FLAKKEBJERG,1998-07-13,13,07,1998,194,12.8,18.3,16,2.2,744.1,1539.3,343.1
FLAKKEBJERG,1998-07-14,14,07,1998,195,11.5,15.5,13.1,0.2,752.2,1552.4,343.3
FLAKKEBJERG,1998-07-15,15,07,1998,196,10.5,17.9,13.6,5,760.8,1566,348.3
FLAKKEBJERG,1998-07-16,16,07,1998,197,8.5,18,13.4,1.1,769.2,1579.4,349.4
FLAKKEBJERG,1998-07-17,17,07,1998,198,8.3,19.3,14.8,0,779,1594.2,349.4
FLAKKEBJERG,1998-07-18,18,07,1998,199,12.8,16.1,14.1,2.5,788.1,1608.3,351.9
FLAKKEBJERG,1998-07-19,19,07,1998,200,9.5,17.9,14.2,10.4,797.3,1622.5,362.3
FLAKKEBJERG,1998-07-20,20,07,1998,201,9.9,23.3,16.6,2.6,808.9,1639.1,364.9
FLAKKEBJERG,1998-07-21,21,07,1998,202,13.8,28.2,20.7,0,824.6,1659.8,364.9
FLAKKEBJERG,1998-07-22,22,07,1998,203,13.5,20.9,17.4,11.5,837,1677.2,376.4
FLAKKEBJERG,1998-07-23,23,07,1998,204,10.4,25.7,18,0,850,1695.2,376.4
FLAKKEBJERG,1998-07-24,24,07,1998,205,13.1,18.3,15.5,1,860.5,1710.7,377.4
FLAKKEBJERG,1998-07-25,25,07,1998,206,11.6,18.4,14.6,0,870.1,1725.3,377.4
FLAKKEBJERG,1998-07-26,26,07,1998,207,9.6,19.5,14.2,0.4,879.3,1739.5,377.8
FLAKKEBJERG,1998-07-27,27,07,1998,208,9.5,19.8,14.6,0,888.9,1754.1,377.8
FLAKKEBJERG,1998-07-28,28,07,1998,209,13.1,15.4,14.1,0,898,1768.2,377.8
FLAKKEBJERG,1998-07-29,29,07,1998,210,11.2,19.9,15.8,0.3,908.8,1784,378.1
FLAKKEBJERG,1998-07-30,30,07,1998,211,14.1,18.8,15.5,3.3,919.3,1799.5,381.4
FLAKKEBJERG,1998-07-31,31,07,1998,212,13.1,16.8,14.9,1,929.2,1814.4,382.4
FLAKKEBJERG,1998-08-01,01,08,1998,213,13.6,18.1,15.7,15.6,939.9,1830.1,398
FLAKKEBJERG,1998-08-02,02,08,1998,214,10.3,18.5,14.5,0,949.4,1844.6,398
FLAKKEBJERG,1998-08-03,03,08,1998,215,11.6,18.3,15.2,0,959.6,1859.8,398
FLAKKEBJERG,1998-08-04,04,08,1998,216,14,19.6,16.6,2.6,971.2,1876.4,400.6
FLAKKEBJERG,1998-08-05,05,08,1998,217,13.6,18.5,15.3,0,981.5,1891.7,400.6
FLAKKEBJERG,1998-08-06,06,08,1998,218,13,17.6,14.9,0.6,991.4,1906.6,401.2
FLAKKEBJERG,1998-08-07,07,08,1998,219,14.3,19.9,16.3,0.7,1002.7,1922.9,401.9
FLAKKEBJERG,1998-08-08,08,08,1998,220,10.2,21.2,14.8,1,1012.5,1937.7,402.9
FLAKKEBJERG,1998-08-09,09,08,1998,221,11.8,20.3,15.7,0.2,1023.2,1953.4,403.1
FLAKKEBJERG,1998-08-10,10,08,1998,222,7.5,22.6,15.9,0,1034.1,1969.3,403.1
FLAKKEBJERG,1998-08-11,11,08,1998,223,12.9,24.4,17.1,0,1046.2,1986.4,403.1
FLAKKEBJERG,1998-08-12,12,08,1998,224,14,22.8,17.8,0,1059,2004.2,403.1
FLAKKEBJERG,1998-08-13,13,08,1998,225,13.8,19,15.9,1.8,1069.9,2020.1,404.9
FLAKKEBJERG,1998-08-14,14,08,1998,226,13.1,19.1,15.5,0.1,1080.4,2035.6,405
FLAKKEBJERG,1998-08-15,15,08,1998,227,14.2,22.2,18,0.6,1093.4,2053.6,405.6
FLAKKEBJERG,1998-08-16,16,08,1998,228,10.4,19.6,15.3,0,1103.7,2068.9,405.6
FLAKKEBJERG,1998-08-17,17,08,1998,229,14,21.1,17.5,0,1116.2,2086.4,405.6
FLAKKEBJERG,1998-08-18,18,08,1998,230,14.7,18.8,16.1,0,1127.3,2102.5,405.6
FLAKKEBJERG,1998-08-19,19,08,1998,231,10.4,18.2,14.4,0,1136.7,2116.9,405.6
FLAKKEBJERG,1998-08-20,20,08,1998,232,13.1,20.5,16.7,0,1148.4,2133.6,405.6
FLAKKEBJERG,1998-08-21,21,08,1998,233,14.3,16.1,14.5,1.5,1157.9,2148.1,407.1
FLAKKEBJERG,1998-08-22,22,08,1998,234,12,17,13.8,7.5,1166.7,2161.9,414.6
FLAKKEBJERG,1998-08-23,23,08,1998,235,10.7,17.1,13.3,0.1,1175,2175.2,414.7
FLAKKEBJERG,1998-08-24,24,08,1998,236,8.8,16.3,12,0.5,1182,2187.2,415.2
FLAKKEBJERG,1998-08-25,25,08,1998,237,10.5,16.1,12.9,0.8,1189.9,2200.1,416
FLAKKEBJERG,1998-08-26,26,08,1998,238,9.2,16.9,12.3,0,1197.2,2212.4,416
FLAKKEBJERG,1998-08-27,27,08,1998,239,7.4,16.6,12.2,9.2,1204.4,2224.6,425.2
FLAKKEBJERG,1998-08-28,28,08,1998,240,10.6,16.7,13.2,0,1212.6,2237.8,425.2
FLAKKEBJERG,1998-08-29,29,08,1998,241,9.9,17.2,13.8,0.3,1221.4,2251.6,425.5
FLAKKEBJERG,1998-08-30,30,08,1998,242,9.9,17.5,13.6,0.1,1230,2265.2,425.6
FLAKKEBJERG,1998-08-31,31,08,1998,243,10.3,18.2,13.6,1.7,1238.6,2278.8,427.3
FLAKKEBJERG,1998-09-01,01,09,1998,244,11,17.7,13.3,0.3,1246.9,2292.1,427.6
FLAKKEBJERG,1998-09-02,02,09,1998,245,10.1,17.9,13,0,1254.9,2305.1,427.6
FLAKKEBJERG,1998-09-03,03,09,1998,246,9.9,17,13,0,1262.9,2318.1,427.6
FLAKKEBJERG,1998-09-04,04,09,1998,247,10.9,19.4,15,0,1272.9,2333.1,427.6
FLAKKEBJERG,1998-09-05,05,09,1998,248,13.1,20,16.3,0,1284.2,2349.4,427.6
FLAKKEBJERG,1998-09-06,06,09,1998,249,14.3,20,16,0,1295.2,2365.4,427.6
FLAKKEBJERG,1998-09-07,07,09,1998,250,11.8,21.2,16.4,0,1306.6,2381.8,427.6
FLAKKEBJERG,1998-09-08,08,09,1998,251,12.4,21.3,16.5,0,1318.1,2398.3,427.6
FLAKKEBJERG,1998-09-09,09,09,1998,252,14.4,18.6,16.6,0.5,1329.7,2414.9,428.1
FLAKKEBJERG,1998-09-10,10,09,1998,253,14.6,19.8,16.4,0.4,1341.1,2431.3,428.5
FLAKKEBJERG,1998-09-11,11,09,1998,254,13,19,15.6,0.3,1351.7,2446.9,428.8
FLAKKEBJERG,1998-09-12,12,09,1998,255,8.5,17.6,13.2,0,1359.9,2460.1,428.8
FLAKKEBJERG,1998-09-13,13,09,1998,256,11.3,14.2,12.7,4,1367.6,2472.8,432.8
FLAKKEBJERG,1998-09-14,14,09,1998,257,9.8,14.5,11.3,10.2,1373.9,2484.1,443
FLAKKEBJERG,1998-09-15,15,09,1998,258,5.4,13.3,10.4,0.2,1379.3,2494.5,443.2
FLAKKEBJERG,1998-09-16,16,09,1998,259,9.3,15.1,11.9,3.3,1386.2,2506.4,446.5
FLAKKEBJERG,1998-09-17,17,09,1998,260,8.8,15.7,12,3.4,1393.2,2518.4,449.9
FLAKKEBJERG,1998-09-18,18,09,1998,261,8.8,14.8,12.4,0,1400.6,2530.8,449.9
FLAKKEBJERG,1998-09-19,19,09,1998,262,9,15.6,12.3,0.3,1407.9,2543.1,450.2
FLAKKEBJERG,1998-09-20,20,09,1998,263,11,16.1,12.2,0.4,1415.1,2555.3,450.6
FLAKKEBJERG,1998-09-21,21,09,1998,264,9.5,14.9,12.6,0,1422.7,2567.9,450.6
FLAKKEBJERG,1998-09-22,22,09,1998,265,11.2,14,12.7,0,1430.4,2580.6,450.6
FLAKKEBJERG,1998-09-23,23,09,1998,266,11.9,15,13.2,0,1438.6,2593.8,450.6
FLAKKEBJERG,1998-09-24,24,09,1998,267,11.4,15.3,13,0,1446.6,2606.8,450.6
FLAKKEBJERG,1998-09-25,25,09,1998,268,11.7,17,14,0,1455.6,2620.8,450.6
FLAKKEBJERG,1998-09-26,26,09,1998,269,11.5,17,13.5,0,1464.1,2634.3,450.6
FLAKKEBJERG,1998-09-27,27,09,1998,270,10.6,15.8,13.4,0,1472.5,2647.7,450.6
FLAKKEBJERG,1998-09-28,28,09,1998,271,11.4,16.4,14.5,1.2,1482,2662.2,451.8
FLAKKEBJERG,1998-09-29,29,09,1998,272,12.8,16.2,13.8,0.3,1490.8,2676,452.1
FLAKKEBJERG,1998-09-30,30,09,1998,273,10.8,13,11.4,0,1497.2,2687.4,452.1
FLAKKEBJERG,1998-10-01,01,10,1998,274,9.5,12.7,10.4,0,1502.6,2697.8,452.1
FLAKKEBJERG,1998-10-02,02,10,1998,275,7.1,10.3,8.3,1.4,1505.9,2706.1,453.5
FLAKKEBJERG,1998-10-03,03,10,1998,276,6.6,11.5,8,0.7,1508.9,2714.1,454.2
FLAKKEBJERG,1998-10-04,04,10,1998,277,4.7,7.2,5.9,1.5,1509.8,2720,455.7
FLAKKEBJERG,1998-10-05,05,10,1998,278,5.2,10.4,7.8,6,1512.6,2727.8,461.7
FLAKKEBJERG,1998-10-06,06,10,1998,279,4.9,12.4,8.2,0.1,1515.8,2736,461.8
FLAKKEBJERG,1998-10-07,07,10,1998,280,5.8,10.1,8.8,0,1519.6,2744.8,461.8
FLAKKEBJERG,1998-10-08,08,10,1998,281,8.3,10.1,8.9,2.6,1523.5,2753.7,464.4
FLAKKEBJERG,1998-10-09,09,10,1998,282,8.3,10.1,9.3,0,1527.8,2763,464.4
FLAKKEBJERG,1998-10-10,10,10,1998,283,8.6,13.1,10.2,5.6,1533,2773.2,470
FLAKKEBJERG,1998-10-11,11,10,1998,284,8.7,10.9,9.6,3,1537.6,2782.8,473
FLAKKEBJERG,1998-10-12,12,10,1998,285,6.4,11.5,8.4,7.5,1541,2791.2,480.5
FLAKKEBJERG,1998-10-13,13,10,1998,286,6.6,12.9,9.2,0,1545.2,2800.4,480.5
FLAKKEBJERG,1998-10-14,14,10,1998,287,6.9,13.6,11.2,17.2,1551.4,2811.6,497.7
FLAKKEBJERG,1998-10-15,15,10,1998,288,9,11.8,9.3,3,1555.7,2820.9,500.7
FLAKKEBJERG,1998-10-16,16,10,1998,289,6.2,10.8,8.4,0.8,1559.1,2829.3,501.5
FLAKKEBJERG,1998-10-17,17,10,1998,290,6.4,14.1,12.1,8.8,1566.2,2841.4,510.3
FLAKKEBJERG,1998-10-18,18,10,1998,291,6.3,9.9,7.5,0.5,1568.7,2848.9,510.8
FLAKKEBJERG,1998-10-19,19,10,1998,292,5.8,9.4,7.7,0.4,1571.4,2856.6,511.2
FLAKKEBJERG,1998-10-20,20,10,1998,293,4.8,10.1,7,0.9,1573.4,2863.6,512.1
FLAKKEBJERG,1998-10-21,21,10,1998,294,5,11.6,7.8,0,1576.2,2871.4,512.1
FLAKKEBJERG,1998-10-22,22,10,1998,295,6.5,13.7,12.6,6,1583.8,2884,518.1
FLAKKEBJERG,1998-10-23,23,10,1998,296,12.2,13.5,12.4,1.5,1591.2,2896.4,519.6
FLAKKEBJERG,1998-10-24,24,10,1998,297,3.7,11.3,8,1.5,1594.2,2904.4,521.1
FLAKKEBJERG,1998-10-25,25,10,1998,298,3.9,11.3,9.9,16.2,1599.1,2914.3,537.3
FLAKKEBJERG,1998-10-26,26,10,1998,299,7.5,10.1,7.8,1.8,1601.9,2922.1,539.1
FLAKKEBJERG,1998-10-27,27,10,1998,300,5.6,9.5,7.2,0.2,1604.1,2929.3,539.3
FLAKKEBJERG,1998-10-28,28,10,1998,301,5.6,9.4,7.3,26,1606.4,2936.6,565.3
FLAKKEBJERG,1998-10-29,29,10,1998,302,3,9.3,7.8,5.5,1609.2,2944.4,570.8
FLAKKEBJERG,1998-10-30,30,10,1998,303,6.4,9.3,7.3,1,1611.5,2951.7,571.8
FLAKKEBJERG,1998-10-31,31,10,1998,304,5,7.8,6.1,0.9,1612.6,2957.8,572.7
FLAKKEBJERG,1998-11-01,01,11,1998,305,0,7.8,4,0,1612.6,2961.8,572.7
FLAKKEBJERG,1998-11-02,02,11,1998,306,-0.4,5.4,2.7,0.3,1612.6,2964.5,573
FLAKKEBJERG,1998-11-03,03,11,1998,307,-0.4,3.6,2.9,0,1612.6,2967.4,573
FLAKKEBJERG,1998-11-04,04,11,1998,308,2.1,3.5,2.7,12.4,1612.6,2970.1,585.4
FLAKKEBJERG,1998-11-05,05,11,1998,309,-0.1,6,3.1,9.3,1612.6,2973.2,594.7
FLAKKEBJERG,1998-11-06,06,11,1998,310,0.2,6.8,5.5,7.3,1613.1,2978.7,602
FLAKKEBJERG,1998-11-07,07,11,1998,311,2.3,7.1,4.8,0,1613.1,2983.5,602
FLAKKEBJERG,1998-11-08,08,11,1998,312,3,6.7,6.4,0.9,1614.5,2989.9,602.9
FLAKKEBJERG,1998-11-09,09,11,1998,313,5,6.2,5,0,1614.5,2994.9,602.9
FLAKKEBJERG,1998-11-10,10,11,1998,314,3.7,7.4,6.5,8,1616,3001.4,610.9
FLAKKEBJERG,1998-11-11,11,11,1998,315,4.6,8,5.9,3,1616.9,3007.3,613.9
FLAKKEBJERG,1998-11-12,12,11,1998,316,2.3,6.2,3.9,0,1616.9,3011.2,613.9
FLAKKEBJERG,1998-11-13,13,11,1998,317,-0.9,3.8,1.5,0,1616.9,3012.7,613.9
FLAKKEBJERG,1998-11-14,14,11,1998,318,-0.7,4,3.5,1.8,1616.9,3016.2,615.7
FLAKKEBJERG,1998-11-15,15,11,1998,319,2.4,3.8,2.3,0.5,1616.9,3018.5,616.2
FLAKKEBJERG,1998-11-16,16,11,1998,320,-0.1,2,0.6,0,1616.9,3019.1,616.2
FLAKKEBJERG,1998-11-17,17,11,1998,321,-0.4,0.7,0,0,1616.9,3019.1,616.2
FLAKKEBJERG,1998-11-18,18,11,1998,322,-1.1,-0.4,-1.3,0,1616.9,3019.1,616.2
FLAKKEBJERG,1998-11-19,19,11,1998,323,-7.2,0.1,-3.4,2,1616.9,3019.1,618.2
FLAKKEBJERG,1998-11-20,20,11,1998,324,-7.3,-0.9,-4.2,0,1616.9,3019.1,618.2
FLAKKEBJERG,1998-11-21,21,11,1998,325,-10.7,0.1,-3.4,0,1616.9,3019.1,618.2
FLAKKEBJERG,1998-11-22,22,11,1998,326,-3.5,-0.9,-2.7,0,1616.9,3019.1,618.2
FLAKKEBJERG,1998-11-23,23,11,1998,327,-4.8,0.9,-1.6,0,1616.9,3019.1,618.2
FLAKKEBJERG,1998-11-24,24,11,1998,328,-4.5,0.5,-0.4,0,1616.9,3019.1,618.2
FLAKKEBJERG,1998-11-25,25,11,1998,329,-0.9,0.3,0,7.2,1616.9,3019.1,625.4
FLAKKEBJERG,1998-11-26,26,11,1998,330,-0.2,1,0.5,4,1616.9,3019.6,629.4
FLAKKEBJERG,1998-11-27,27,11,1998,331,-0.1,1.1,0.4,0,1616.9,3020,629.4
FLAKKEBJERG,1998-11-28,28,11,1998,332,-0.1,1.6,0.7,0,1616.9,3020.7,629.4
FLAKKEBJERG,1998-11-29,29,11,1998,333,0.1,2.3,1.5,0,1616.9,3022.2,629.4
FLAKKEBJERG,1998-11-30,30,11,1998,334,0.8,2.8,1.3,0,1616.9,3023.5,629.4
FLAKKEBJERG,1998-12-01,01,12,1998,335,-0.9,1.5,-0.5,0,1616.9,3023.5,629.4
FLAKKEBJERG,1998-12-02,02,12,1998,336,-5.2,-0.9,-3.4,0,1616.9,3023.5,629.4
FLAKKEBJERG,1998-12-03,03,12,1998,337,-5.2,-1.9,-3.5,0,1616.9,3023.5,629.4
FLAKKEBJERG,1998-12-04,04,12,1998,338,-4.3,0.7,-0.9,0,1616.9,3023.5,629.4
FLAKKEBJERG,1998-12-05,05,12,1998,339,-1.3,0.7,-0.4,4,1616.9,3023.5,633.4
FLAKKEBJERG,1998-12-06,06,12,1998,340,-3.5,-0.4,-1.9,6.9,1616.9,3023.5,640.3
FLAKKEBJERG,1998-12-07,07,12,1998,341,-2.6,-1.3,-2,0,1616.9,3023.5,640.3
FLAKKEBJERG,1998-12-08,08,12,1998,342,-8.9,-1.8,-5.7,0,1616.9,3023.5,640.3
FLAKKEBJERG,1998-12-09,09,12,1998,343,-12.8,-1.9,-6.4,0,1616.9,3023.5,640.3
FLAKKEBJERG,1998-12-10,10,12,1998,344,-11.5,-1.2,-4.4,0,1616.9,3023.5,640.3
FLAKKEBJERG,1998-12-11,11,12,1998,345,-9.6,-2.4,-5.3,0,1616.9,3023.5,640.3
FLAKKEBJERG,1998-12-12,12,12,1998,346,-9.3,1.1,-3.1,0,1616.9,3023.5,640.3
FLAKKEBJERG,1998-12-13,13,12,1998,347,-5.1,3.8,2.1,11.4,1616.9,3025.6,651.7
FLAKKEBJERG,1998-12-14,14,12,1998,348,1.3,5.8,3.6,2.7,1616.9,3029.2,654.4
FLAKKEBJERG,1998-12-15,15,12,1998,349,2.2,7.1,5.7,1.3,1617.6,3034.9,655.7
FLAKKEBJERG,1998-12-16,16,12,1998,350,3,6.4,4.9,0,1617.6,3039.8,655.7
FLAKKEBJERG,1998-12-17,17,12,1998,351,3.7,5.2,4.2,0,1617.6,3044,655.7
FLAKKEBJERG,1998-12-18,18,12,1998,352,1.8,5.9,4.6,0,1617.6,3048.6,655.7
FLAKKEBJERG,1998-12-19,19,12,1998,353,3.5,4.6,4,0,1617.6,3052.6,655.7
FLAKKEBJERG,1998-12-20,20,12,1998,354,1.1,3.8,1.8,2.1,1617.6,3054.4,657.8
FLAKKEBJERG,1998-12-21,21,12,1998,355,-1.5,0.9,-0.6,0,1617.6,3054.4,657.8
FLAKKEBJERG,1998-12-22,22,12,1998,356,-2.9,0.4,-1,0,1617.6,3054.4,657.8
FLAKKEBJERG,1998-12-23,23,12,1998,357,-2.3,2.5,1.2,0,1617.6,3055.6,657.8
FLAKKEBJERG,1998-12-24,24,12,1998,358,1.1,2.9,1.6,1,1617.6,3057.2,658.8
FLAKKEBJERG,1998-12-25,25,12,1998,359,0.7,5.8,4.1,2.4,1617.6,3061.3,661.2
FLAKKEBJERG,1998-12-26,26,12,1998,360,3.1,6.4,4.8,9,1617.6,3066.1,670.2
FLAKKEBJERG,1998-12-27,27,12,1998,361,3,7.4,5.6,7.2,1618.2,3071.7,677.4
FLAKKEBJERG,1998-12-28,28,12,1998,362,4.1,7.2,6,0,1619.2,3077.7,677.4
FLAKKEBJERG,1998-12-29,29,12,1998,363,3.3,5.1,3.2,1.3,1619.2,3080.9,678.7
FLAKKEBJERG,1998-12-30,30,12,1998,364,0.5,4.3,2.1,0,1619.2,3083,678.7
FLAKKEBJERG,1998-12-31,31,12,1998,365,0.4,1.6,0.8,0,1619.2,3083.8,678.7
FLAKKEBJERG,1999-01-01,01,01,1999,1,-0.9,0.7,0,0,0,0,0
FLAKKEBJERG,1999-01-02,02,01,1999,2,-0.9,3.4,0.9,0,0,0.9,0
FLAKKEBJERG,1999-01-03,03,01,1999,3,0,3.6,2.6,1.7,0,3.5,1.7
FLAKKEBJERG,1999-01-04,04,01,1999,4,0.7,7.3,3.4,0.5,0,6.9,2.2
FLAKKEBJERG,1999-01-05,05,01,1999,5,0.9,7.5,5.6,7.9,0.6,12.5,10.1
FLAKKEBJERG,1999-01-06,06,01,1999,6,4,9.5,7.7,8,3.3,20.2,18.1
FLAKKEBJERG,1999-01-07,07,01,1999,7,5.2,6.6,4.5,3.8,3.3,24.7,21.9
FLAKKEBJERG,1999-01-08,08,01,1999,8,0.4,1.8,0.9,0.2,3.3,25.6,22.1
FLAKKEBJERG,1999-01-09,09,01,1999,9,-1.6,0.7,-1,0.4,3.3,25.6,22.5
FLAKKEBJERG,1999-01-10,10,01,1999,10,-2.7,-1.7,-2.3,0,3.3,25.6,22.5
FLAKKEBJERG,1999-01-11,11,01,1999,11,-4.2,-0.5,-1.6,0,3.3,25.6,22.5
FLAKKEBJERG,1999-01-12,12,01,1999,12,-2.5,-0.7,-2.5,2.4,3.3,25.6,24.9
FLAKKEBJERG,1999-01-13,13,01,1999,13,-10.6,-2.2,-5.8,2,3.3,25.6,26.9
FLAKKEBJERG,1999-01-14,14,01,1999,14,-9.1,3.4,1,1.5,3.3,26.6,28.4
FLAKKEBJERG,1999-01-15,15,01,1999,15,-0.1,4.8,2.8,4,3.3,29.4,32.4
FLAKKEBJERG,1999-01-16,16,01,1999,16,2.1,6.6,5,3.6,3.3,34.4,36
FLAKKEBJERG,1999-01-17,17,01,1999,17,2.9,5.3,3.9,0.8,3.3,38.3,36.8
FLAKKEBJERG,1999-01-18,18,01,1999,18,2.5,4.1,3.1,0,3.3,41.4,36.8
FLAKKEBJERG,1999-01-19,19,01,1999,19,1.6,6.1,4,0,3.3,45.4,36.8
FLAKKEBJERG,1999-01-20,20,01,1999,20,3,8.4,6.9,0.1,5.2,52.3,36.9
FLAKKEBJERG,1999-01-21,21,01,1999,21,5.8,8.6,6,0.9,6.2,58.3,37.8
FLAKKEBJERG,1999-01-22,22,01,1999,22,1.8,4.8,3.3,1.2,6.2,61.6,39
FLAKKEBJERG,1999-01-23,23,01,1999,23,1.3,3.7,1.6,0,6.2,63.2,39
FLAKKEBJERG,1999-01-24,24,01,1999,24,0.4,6.1,4.3,4.3,6.2,67.5,43.3
FLAKKEBJERG,1999-01-25,25,01,1999,25,3.7,8.5,5.5,1.8,6.7,73,45.1
FLAKKEBJERG,1999-01-26,26,01,1999,26,2.5,4.8,3.7,0.7,6.7,76.7,45.8
FLAKKEBJERG,1999-01-27,27,01,1999,27,2.4,3.3,1.5,0,6.7,78.2,45.8
FLAKKEBJERG,1999-01-28,28,01,1999,28,-5.2,-1.2,-3.2,1.3,6.7,78.2,47.1
FLAKKEBJERG,1999-01-29,29,01,1999,29,-10.7,-1.9,-6.1,0,6.7,78.2,47.1
FLAKKEBJERG,1999-01-30,30,01,1999,30,-9.2,0.8,-3.3,0,6.7,78.2,47.1
FLAKKEBJERG,1999-01-31,31,01,1999,31,-8,3,-1,0,6.7,78.2,47.1
FLAKKEBJERG,1999-02-01,01,02,1999,32,-0.9,2.9,1.7,3.6,6.7,79.9,50.7
FLAKKEBJERG,1999-02-02,02,02,1999,33,-0.7,4.3,2,0.2,6.7,81.9,50.9
FLAKKEBJERG,1999-02-03,03,02,1999,34,0.6,6.7,5.2,0,6.9,87.1,50.9
FLAKKEBJERG,1999-02-04,04,02,1999,35,4.6,8.7,6.2,2.8,8.1,93.3,53.7
FLAKKEBJERG,1999-02-05,05,02,1999,36,1.1,4.8,3,1.7,8.1,96.3,55.4
FLAKKEBJERG,1999-02-06,06,02,1999,37,1.5,3.9,2,0,8.1,98.3,55.4
FLAKKEBJERG,1999-02-07,07,02,1999,38,-1.1,0.6,-0.6,0,8.1,98.3,55.4
FLAKKEBJERG,1999-02-08,08,02,1999,39,-3.4,-0.1,-1.8,2.7,8.1,98.3,58.1
FLAKKEBJERG,1999-02-09,09,02,1999,40,-7.9,-0.9,-4.9,0,8.1,98.3,58.1
FLAKKEBJERG,1999-02-10,10,02,1999,41,-8.2,-1.4,-3,0,8.1,98.3,58.1
FLAKKEBJERG,1999-02-11,11,02,1999,42,-11.2,-0.9,-7.1,1,8.1,98.3,59.1
FLAKKEBJERG,1999-02-12,12,02,1999,43,-13.2,-0.8,-8,0,8.1,98.3,59.1
FLAKKEBJERG,1999-02-13,13,02,1999,44,-13.8,-2.2,-7.9,0,8.1,98.3,59.1
FLAKKEBJERG,1999-02-14,14,02,1999,45,-12.8,-1,-2.9,0,8.1,98.3,59.1
FLAKKEBJERG,1999-02-15,15,02,1999,46,-3.9,2.4,0.4,3,8.1,98.7,62.1
FLAKKEBJERG,1999-02-16,16,02,1999,47,0,4.5,1.8,5.8,8.1,100.5,67.9
FLAKKEBJERG,1999-02-17,17,02,1999,48,-1.2,1.2,-0.2,0,8.1,100.5,67.9
FLAKKEBJERG,1999-02-18,18,02,1999,49,-2.2,3.1,0.4,0,8.1,100.9,67.9
FLAKKEBJERG,1999-02-19,19,02,1999,50,-2.2,4.8,2.1,1,8.1,103,68.9
FLAKKEBJERG,1999-02-20,20,02,1999,51,0.7,5.2,2.7,6.9,8.1,105.7,75.8
FLAKKEBJERG,1999-02-21,21,02,1999,52,1.6,5.6,2.9,2.7,8.1,108.6,78.5
FLAKKEBJERG,1999-02-22,22,02,1999,53,0.4,4.3,1.6,3.3,8.1,110.2,81.8
FLAKKEBJERG,1999-02-23,23,02,1999,54,-0.8,1.3,0.2,0,8.1,110.4,81.8
FLAKKEBJERG,1999-02-24,24,02,1999,55,-1.3,0.5,-0.4,0.5,8.1,110.4,82.3
FLAKKEBJERG,1999-02-25,25,02,1999,56,-1.7,3.6,1.1,0.5,8.1,111.5,82.8
FLAKKEBJERG,1999-02-26,26,02,1999,57,-0.5,6.9,4.1,5.4,8.1,115.6,88.2
FLAKKEBJERG,1999-02-27,27,02,1999,58,3,5.4,4.2,4.5,8.1,119.8,92.7
FLAKKEBJERG,1999-02-28,28,02,1999,59,2.5,6.5,4.7,0.6,8.1,124.5,93.3
FLAKKEBJERG,1999-03-01,01,03,1999,60,2.8,5.3,3.7,3.1,8.1,128.2,96.4
FLAKKEBJERG,1999-03-02,02,03,1999,61,2.3,6.9,4.2,2.3,8.1,132.4,98.7
FLAKKEBJERG,1999-03-03,03,03,1999,62,0.9,7.5,4.9,9.3,8.1,137.3,108
FLAKKEBJERG,1999-03-04,04,03,1999,63,3.9,7.4,4.8,7.7,8.1,142.1,115.7
FLAKKEBJERG,1999-03-05,05,03,1999,64,2.2,5.2,3.8,5.8,8.1,145.9,121.5
FLAKKEBJERG,1999-03-06,06,03,1999,65,3,3.7,2.5,2.8,8.1,148.4,124.3
FLAKKEBJERG,1999-03-07,07,03,1999,66,0.3,5.7,3.5,20,8.1,151.9,144.3
FLAKKEBJERG,1999-03-08,08,03,1999,67,0.1,5,1.9,0,8.1,153.8,144.3
FLAKKEBJERG,1999-03-09,09,03,1999,68,0.3,3.8,2.3,1.6,8.1,156.1,145.9
FLAKKEBJERG,1999-03-10,10,03,1999,69,0.6,2.7,1.7,1.3,8.1,157.8,147.2
FLAKKEBJERG,1999-03-11,11,03,1999,70,-0.4,0.7,-0.3,1.3,8.1,157.8,148.5
FLAKKEBJERG,1999-03-12,12,03,1999,71,-1.5,2,-0.3,0,8.1,157.8,148.5
FLAKKEBJERG,1999-03-13,13,03,1999,72,-1.5,3,0.6,0,8.1,158.4,148.5
FLAKKEBJERG,1999-03-14,14,03,1999,73,-0.5,1.8,0.8,0.4,8.1,159.2,148.9
FLAKKEBJERG,1999-03-15,15,03,1999,74,0.3,2.8,1.9,0.1,8.1,161.1,149
FLAKKEBJERG,1999-03-16,16,03,1999,75,0.6,2.5,1.4,0,8.1,162.5,149
FLAKKEBJERG,1999-03-17,17,03,1999,76,0.3,3.7,2,0,8.1,164.5,149
FLAKKEBJERG,1999-03-18,18,03,1999,77,0.3,7.1,4.6,0,8.1,169.1,149
FLAKKEBJERG,1999-03-19,19,03,1999,78,2.9,6.8,4.3,0.5,8.1,173.4,149.5
FLAKKEBJERG,1999-03-20,20,03,1999,79,2.4,6,4,1.5,8.1,177.4,151
FLAKKEBJERG,1999-03-21,21,03,1999,80,1.1,6.8,4,0,8.1,181.4,151
FLAKKEBJERG,1999-03-22,22,03,1999,81,2,5.9,4.4,1,8.1,185.8,152
FLAKKEBJERG,1999-03-23,23,03,1999,82,0.6,4.2,1.8,0.7,8.1,187.6,152.7
FLAKKEBJERG,1999-03-24,24,03,1999,83,-0.1,7.2,3.2,2.5,8.1,190.8,155.2
FLAKKEBJERG,1999-03-25,25,03,1999,84,0.7,11,7,1,10.1,197.8,156.2
FLAKKEBJERG,1999-03-26,26,03,1999,85,4.3,12.4,8.2,0,13.3,206,156.2
FLAKKEBJERG,1999-03-27,27,03,1999,86,4.3,8.8,5.6,0.3,13.9,211.6,156.5
FLAKKEBJERG,1999-03-28,28,03,1999,87,0,6.1,2,0,13.9,213.6,156.5
FLAKKEBJERG,1999-03-29,29,03,1999,88,-2.8,8.5,2.6,0,13.9,216.2,156.5
FLAKKEBJERG,1999-03-30,30,03,1999,89,-2.1,12.5,7.6,0,16.5,223.8,156.5
FLAKKEBJERG,1999-03-31,31,03,1999,90,3.6,15.4,10.2,0.2,21.7,234,156.7
FLAKKEBJERG,1999-04-01,01,04,1999,91,3.4,15.6,9.1,0,25.8,243.1,156.7
FLAKKEBJERG,1999-04-02,02,04,1999,92,4.2,15.4,8.8,0,29.6,251.9,156.7
FLAKKEBJERG,1999-04-03,03,04,1999,93,1,14.9,8.3,0,32.9,260.2,156.7
FLAKKEBJERG,1999-04-04,04,04,1999,94,2.6,16.5,8.8,0,36.7,269,156.7
FLAKKEBJERG,1999-04-05,05,04,1999,95,1.6,12.4,6.2,0,37.9,275.2,156.7
FLAKKEBJERG,1999-04-06,06,04,1999,96,3.6,10.1,9.4,3,42.3,284.6,159.7
FLAKKEBJERG,1999-04-07,07,04,1999,97,7.1,9.1,7.8,0,45.1,292.4,159.7
FLAKKEBJERG,1999-04-08,08,04,1999,98,6.2,13.1,8.8,1.1,48.9,301.2,160.8
FLAKKEBJERG,1999-04-09,09,04,1999,99,5.2,9.9,7.7,0,51.6,308.9,160.8
FLAKKEBJERG,1999-04-10,10,04,1999,100,6.2,11.9,9.7,0,56.3,318.6,160.8
FLAKKEBJERG,1999-04-11,11,04,1999,101,5.8,10.3,7.5,0,58.8,326.1,160.8
FLAKKEBJERG,1999-04-12,12,04,1999,102,4.7,8.5,6.2,0,60,332.3,160.8
FLAKKEBJERG,1999-04-13,13,04,1999,103,4.3,8.7,6.2,5.4,61.2,338.5,166.2
FLAKKEBJERG,1999-04-14,14,04,1999,104,2.8,8.5,5.3,0,61.5,343.8,166.2
FLAKKEBJERG,1999-04-15,15,04,1999,105,0.1,6.4,3.5,7.3,61.5,347.3,173.5
FLAKKEBJERG,1999-04-16,16,04,1999,106,0.1,9.4,5.6,6.5,62.1,352.9,180
FLAKKEBJERG,1999-04-17,17,04,1999,107,2.6,7.7,4.9,0,62.1,357.8,180
FLAKKEBJERG,1999-04-18,18,04,1999,108,3.3,7.1,5.7,0,62.8,363.5,180
FLAKKEBJERG,1999-04-19,19,04,1999,109,3.2,9.2,5.5,0,63.3,369,180
FLAKKEBJERG,1999-04-20,20,04,1999,110,-0.5,10.3,4.7,0,63.3,373.7,180
FLAKKEBJERG,1999-04-21,21,04,1999,111,-1.8,12.1,5.9,0,64.2,379.6,180
FLAKKEBJERG,1999-04-22,22,04,1999,112,2.7,13.8,9.3,0.5,68.5,388.9,180.5
FLAKKEBJERG,1999-04-23,23,04,1999,113,7.1,15.9,11.1,1,74.6,400,181.5
FLAKKEBJERG,1999-04-24,24,04,1999,114,4.5,15.7,10,0,79.6,410,181.5
FLAKKEBJERG,1999-04-25,25,04,1999,115,6.1,15.7,10.3,0.3,84.9,420.3,181.8
FLAKKEBJERG,1999-04-26,26,04,1999,116,7,16.8,12.2,0,92.1,432.5,181.8
FLAKKEBJERG,1999-04-27,27,04,1999,117,8.2,16.8,12.3,0,99.4,444.8,181.8
FLAKKEBJERG,1999-04-28,28,04,1999,118,5.9,18.3,11.6,0,106,456.4,181.8
FLAKKEBJERG,1999-04-29,29,04,1999,119,5.9,14,9.8,0,110.8,466.2,181.8
FLAKKEBJERG,1999-04-30,30,04,1999,120,4,14.2,8.8,0,114.6,475,181.8
FLAKKEBJERG,1999-05-01,01,05,1999,121,5.2,12.9,8.5,0,118.1,483.5,181.8
FLAKKEBJERG,1999-05-02,02,05,1999,122,3.6,11.5,7.5,0,120.6,491,181.8
FLAKKEBJERG,1999-05-03,03,05,1999,123,2,13.1,7.9,0,123.5,498.9,181.8
FLAKKEBJERG,1999-05-04,04,05,1999,124,1.3,14.4,8.4,0,126.9,507.3,181.8
FLAKKEBJERG,1999-05-05,05,05,1999,125,2.6,11.5,7,0,128.9,514.3,181.8
FLAKKEBJERG,1999-05-06,06,05,1999,126,3.6,13.1,8.4,0,132.3,522.7,181.8
FLAKKEBJERG,1999-05-07,07,05,1999,127,2.5,16.2,10,0,137.3,532.7,181.8
FLAKKEBJERG,1999-05-08,08,05,1999,128,4.6,15,8.5,0,140.8,541.2,181.8
FLAKKEBJERG,1999-05-09,09,05,1999,129,6.1,13.9,9.7,9,145.5,550.9,190.8
FLAKKEBJERG,1999-05-10,10,05,1999,130,7.1,17.4,12.5,3.8,153,563.4,194.6
FLAKKEBJERG,1999-05-11,11,05,1999,131,5.9,8.3,6.6,15.6,154.6,570,210.2
FLAKKEBJERG,1999-05-12,12,05,1999,132,5.1,8,6.4,6,156,576.4,216.2
FLAKKEBJERG,1999-05-13,13,05,1999,133,5.6,13.5,10.2,9,161.2,586.6,225.2
FLAKKEBJERG,1999-05-14,14,05,1999,134,6.6,10.2,7.6,3.2,163.8,594.2,228.4
FLAKKEBJERG,1999-05-15,15,05,1999,135,5.4,10.8,7.8,0.8,166.6,602,229.2
FLAKKEBJERG,1999-05-16,16,05,1999,136,6.3,13.5,9.8,0,171.4,611.8,229.2
FLAKKEBJERG,1999-05-17,17,05,1999,137,4.2,16,10.8,0,177.2,622.6,229.2
FLAKKEBJERG,1999-05-18,18,05,1999,138,4,17.5,11.8,0,184,634.4,229.2
FLAKKEBJERG,1999-05-19,19,05,1999,139,4.7,17.9,12.3,0,191.3,646.7,229.2
FLAKKEBJERG,1999-05-20,20,05,1999,140,7.5,18.5,13.3,0,199.6,660,229.2
FLAKKEBJERG,1999-05-21,21,05,1999,141,7.2,21.8,15.1,0,209.7,675.1,229.2
FLAKKEBJERG,1999-05-22,22,05,1999,142,8.5,14.3,11,1.5,215.7,686.1,230.7
FLAKKEBJERG,1999-05-23,23,05,1999,143,7.6,14.4,11.6,0.7,222.3,697.7,231.4
FLAKKEBJERG,1999-05-24,24,05,1999,144,10.6,16.4,13.3,0,230.6,711,231.4
FLAKKEBJERG,1999-05-25,25,05,1999,145,11.1,16.5,12.7,0.9,238.3,723.7,232.3
FLAKKEBJERG,1999-05-26,26,05,1999,146,7.3,15.8,11.9,0,245.2,735.6,232.3
FLAKKEBJERG,1999-05-27,27,05,1999,147,9,21.4,15.1,0,255.3,750.7,232.3
FLAKKEBJERG,1999-05-28,28,05,1999,148,8.7,24.3,17.6,0,267.9,768.3,232.3
FLAKKEBJERG,1999-05-29,29,05,1999,149,10.9,21.6,16.7,0.8,279.6,785,233.1
FLAKKEBJERG,1999-05-30,30,05,1999,150,10,15.8,12.6,1,287.2,797.6,234.1
FLAKKEBJERG,1999-05-31,31,05,1999,151,6.8,15.3,11.1,1.5,293.3,808.7,235.6
FLAKKEBJERG,1999-06-01,01,06,1999,152,8.3,15.2,11.5,0,299.8,820.2,235.6
FLAKKEBJERG,1999-06-02,02,06,1999,153,4.9,19.6,13.4,0,308.2,833.6,235.6
FLAKKEBJERG,1999-06-03,03,06,1999,154,12.4,17.6,15.2,13.3,318.4,848.8,248.9
FLAKKEBJERG,1999-06-04,04,06,1999,155,11.9,17.1,14.7,5.8,328.1,863.5,254.7
FLAKKEBJERG,1999-06-05,05,06,1999,156,13.2,15.6,13,0.9,336.1,876.5,255.6
FLAKKEBJERG,1999-06-06,06,06,1999,157,8.9,15,12.6,6.2,343.7,889.1,261.8
FLAKKEBJERG,1999-06-07,07,06,1999,158,9.5,17.1,13.4,1.1,352.1,902.5,262.9
FLAKKEBJERG,1999-06-08,08,06,1999,159,9.8,18.6,13.7,0,360.8,916.2,262.9
FLAKKEBJERG,1999-06-09,09,06,1999,160,7.9,15.2,12.3,23.8,368.1,928.5,286.7
FLAKKEBJERG,1999-06-10,10,06,1999,161,11,15,12.7,0.4,375.8,941.2,287.1
FLAKKEBJERG,1999-06-11,11,06,1999,162,9.8,14.3,12.1,0.8,382.9,953.3,287.9
FLAKKEBJERG,1999-06-12,12,06,1999,163,9.2,17.4,13.2,14.4,391.1,966.5,302.3
FLAKKEBJERG,1999-06-13,13,06,1999,164,10.7,18.1,14.1,0,400.2,980.6,302.3
FLAKKEBJERG,1999-06-14,14,06,1999,165,8.3,17.9,13.6,0,408.8,994.2,302.3
FLAKKEBJERG,1999-06-15,15,06,1999,166,7.9,20.5,15.2,0,419,1009.4,302.3
FLAKKEBJERG,1999-06-16,16,06,1999,167,11.5,20.2,16.4,0,430.4,1025.8,302.3
FLAKKEBJERG,1999-06-17,17,06,1999,168,8.4,22.9,15.9,0,441.3,1041.7,302.3
FLAKKEBJERG,1999-06-18,18,06,1999,169,10.9,19.5,15,0,451.3,1056.7,302.3
FLAKKEBJERG,1999-06-19,19,06,1999,170,10.4,19.7,15.3,0,461.6,1072,302.3
FLAKKEBJERG,1999-06-20,20,06,1999,171,11.8,19,14.9,0,471.5,1086.9,302.3
FLAKKEBJERG,1999-06-21,21,06,1999,172,8.6,15.9,12.2,7.3,478.7,1099.1,309.6
FLAKKEBJERG,1999-06-22,22,06,1999,173,8.2,15.7,12,0.2,485.7,1111.1,309.8
FLAKKEBJERG,1999-06-23,23,06,1999,174,7.1,16.4,11.8,0,492.5,1122.9,309.8
FLAKKEBJERG,1999-06-24,24,06,1999,175,6.1,14.4,10.7,0.9,498.2,1133.6,310.7
FLAKKEBJERG,1999-06-25,25,06,1999,176,8.7,16.7,12.3,11.5,505.5,1145.9,322.2
FLAKKEBJERG,1999-06-26,26,06,1999,177,6.3,12.2,10.5,1.8,511,1156.4,324
FLAKKEBJERG,1999-06-27,27,06,1999,178,9.7,22.6,16.8,24,522.8,1173.2,348
FLAKKEBJERG,1999-06-28,28,06,1999,179,14,20,16,0,533.8,1189.2,348
FLAKKEBJERG,1999-06-29,29,06,1999,180,10.3,20.6,16.1,4.8,544.9,1205.3,352.8
FLAKKEBJERG,1999-06-30,30,06,1999,181,15.2,21.9,17.7,0.2,557.6,1223,353
FLAKKEBJERG,1999-07-01,01,07,1999,182,9.4,18.5,14.8,0,567.4,1237.8,353
FLAKKEBJERG,1999-07-02,02,07,1999,183,14,19,16.1,0,578.5,1253.9,353
FLAKKEBJERG,1999-07-03,03,07,1999,184,10.5,20.7,16.5,0.7,590,1270.4,353.7
FLAKKEBJERG,1999-07-04,04,07,1999,185,15,22.5,18.7,2,603.7,1289.1,355.7
FLAKKEBJERG,1999-07-05,05,07,1999,186,13.7,24.4,19.1,1,617.8,1308.2,356.7
FLAKKEBJERG,1999-07-06,06,07,1999,187,15.2,19.1,16.4,1.5,629.2,1324.6,358.2
FLAKKEBJERG,1999-07-07,07,07,1999,188,11.9,20.9,16.5,0,640.7,1341.1,358.2
FLAKKEBJERG,1999-07-08,08,07,1999,189,11.8,20.8,16.8,0,652.5,1357.9,358.2
FLAKKEBJERG,1999-07-09,09,07,1999,190,10.7,24.3,18,0,665.5,1375.9,358.2
FLAKKEBJERG,1999-07-10,10,07,1999,191,9.4,23.9,17.8,0,678.3,1393.7,358.2
FLAKKEBJERG,1999-07-11,11,07,1999,192,12.1,25.6,19.5,0,692.8,1413.2,358.2
FLAKKEBJERG,1999-07-12,12,07,1999,193,12.8,27.1,20.9,0,708.7,1434.1,358.2
FLAKKEBJERG,1999-07-13,13,07,1999,194,15,26,20.1,0,723.8,1454.2,358.2
FLAKKEBJERG,1999-07-14,14,07,1999,195,16.6,21.4,17.7,3.6,736.5,1471.9,361.8
FLAKKEBJERG,1999-07-15,15,07,1999,196,13.8,20.1,16,8,747.5,1487.9,369.8
FLAKKEBJERG,1999-07-16,16,07,1999,197,12.4,18.3,15.3,0,757.8,1503.2,369.8
FLAKKEBJERG,1999-07-17,17,07,1999,198,13.4,20.7,16.8,6.2,769.6,1520,376
FLAKKEBJERG,1999-07-18,18,07,1999,199,10.6,22.2,17.1,0,781.7,1537.1,376
FLAKKEBJERG,1999-07-19,19,07,1999,200,11.5,27.1,20.2,0,796.9,1557.3,376
FLAKKEBJERG,1999-07-20,20,07,1999,201,17.2,23.3,20.1,7.2,812,1577.4,383.2
FLAKKEBJERG,1999-07-21,21,07,1999,202,15.1,21.4,17.5,15,824.5,1594.9,398.2
FLAKKEBJERG,1999-07-22,22,07,1999,203,12.9,17.3,15.2,3,834.7,1610.1,401.2
FLAKKEBJERG,1999-07-23,23,07,1999,204,13.6,19,15.3,8,845,1625.4,409.2
FLAKKEBJERG,1999-07-24,24,07,1999,205,13.1,24,18.5,1.8,858.5,1643.9,411
FLAKKEBJERG,1999-07-25,25,07,1999,206,15.7,21.3,17.5,0,871,1661.4,411
FLAKKEBJERG,1999-07-26,26,07,1999,207,10.3,18,13.9,0,879.9,1675.3,411
FLAKKEBJERG,1999-07-27,27,07,1999,208,9.3,19.4,14.8,0,889.7,1690.1,411
FLAKKEBJERG,1999-07-28,28,07,1999,209,8.4,23.6,16.9,0,901.6,1707,411
FLAKKEBJERG,1999-07-29,29,07,1999,210,9.8,24.5,18,0,914.6,1725,411
FLAKKEBJERG,1999-07-30,30,07,1999,211,10.8,25.8,19,0,928.6,1744,411
FLAKKEBJERG,1999-07-31,31,07,1999,212,10.4,27.4,19.6,0,943.2,1763.6,411
FLAKKEBJERG,1999-08-01,01,08,1999,213,12.2,27.7,20.2,0,958.4,1783.8,411
FLAKKEBJERG,1999-08-02,02,08,1999,214,12.9,28,20.3,0,973.7,1804.1,411
FLAKKEBJERG,1999-08-03,03,08,1999,215,12.6,27.1,20,0,988.7,1824.1,411
FLAKKEBJERG,1999-08-04,04,08,1999,216,12.9,26.9,20.1,0,1003.8,1844.2,411
FLAKKEBJERG,1999-08-05,05,08,1999,217,11.9,28,20.6,0,1019.4,1864.8,411
FLAKKEBJERG,1999-08-06,06,08,1999,218,15,26,20.8,0,1035.2,1885.6,411
FLAKKEBJERG,1999-08-07,07,08,1999,219,13.2,26.2,20.3,0,1050.5,1905.9,411
FLAKKEBJERG,1999-08-08,08,08,1999,220,16.2,21.7,18.5,7.7,1064,1924.4,418.7
FLAKKEBJERG,1999-08-09,09,08,1999,221,16.2,23.4,18.8,0.2,1077.8,1943.2,418.9
FLAKKEBJERG,1999-08-10,10,08,1999,222,14.2,23.5,18.7,6,1091.5,1961.9,424.9
FLAKKEBJERG,1999-08-11,11,08,1999,223,14.1,20.8,16.6,0.2,1103.1,1978.5,425.1
FLAKKEBJERG,1999-08-12,12,08,1999,224,14.1,19.5,16,22.8,1114.1,1994.5,447.9
FLAKKEBJERG,1999-08-13,13,08,1999,225,10.4,19.8,15,4.5,1124.1,2009.5,452.4
FLAKKEBJERG,1999-08-14,14,08,1999,226,7.8,21.1,14.6,0.4,1133.7,2024.1,452.8
FLAKKEBJERG,1999-08-15,15,08,1999,227,14.1,16.9,14.8,14,1143.5,2038.9,466.8
FLAKKEBJERG,1999-08-16,16,08,1999,228,12.2,19.9,15.3,12.6,1153.8,2054.2,479.4
FLAKKEBJERG,1999-08-17,17,08,1999,229,7.8,20,14,0,1162.8,2068.2,479.4
FLAKKEBJERG,1999-08-18,18,08,1999,230,7.9,19.4,14.5,0,1172.3,2082.7,479.4
FLAKKEBJERG,1999-08-19,19,08,1999,231,13.1,16.6,15,22.8,1182.3,2097.7,502.2
FLAKKEBJERG,1999-08-20,20,08,1999,232,14,19.4,15.9,9,1193.2,2113.6,511.2
FLAKKEBJERG,1999-08-21,21,08,1999,233,12.7,16.7,14.6,4.1,1202.8,2128.2,515.3
FLAKKEBJERG,1999-08-22,22,08,1999,234,12.1,19.6,15,0.5,1212.8,2143.2,515.8
FLAKKEBJERG,1999-08-23,23,08,1999,235,6.6,18.5,13.4,0,1221.2,2156.6,515.8
FLAKKEBJERG,1999-08-24,24,08,1999,236,9.6,19.9,14.1,0,1230.3,2170.7,515.8
FLAKKEBJERG,1999-08-25,25,08,1999,237,6.9,20.4,14,0,1239.3,2184.7,515.8
FLAKKEBJERG,1999-08-26,26,08,1999,238,12.6,19.6,16.8,0,1251.1,2201.5,515.8
FLAKKEBJERG,1999-08-27,27,08,1999,239,15.8,21.8,18.1,5.5,1264.2,2219.6,521.3
FLAKKEBJERG,1999-08-28,28,08,1999,240,13.1,20,16.2,0,1275.4,2235.8,521.3
FLAKKEBJERG,1999-08-29,29,08,1999,241,11.5,21.9,16,0,1286.4,2251.8,521.3
FLAKKEBJERG,1999-08-30,30,08,1999,242,9.1,21.2,15,0,1296.4,2266.8,521.3
FLAKKEBJERG,1999-08-31,31,08,1999,243,11.1,19.1,14.1,1.1,1305.5,2280.9,522.4
FLAKKEBJERG,1999-09-01,01,09,1999,244,10.6,19.9,14.8,0.2,1315.3,2295.7,522.6
FLAKKEBJERG,1999-09-02,02,09,1999,245,7.7,20.6,14.9,0,1325.2,2310.6,522.6
FLAKKEBJERG,1999-09-03,03,09,1999,246,9.6,22.7,16.7,0,1336.9,2327.3,522.6
FLAKKEBJERG,1999-09-04,04,09,1999,247,10.6,25.2,17.7,0,1349.6,2345,522.6
FLAKKEBJERG,1999-09-05,05,09,1999,248,10.5,24.6,17.4,0,1362,2362.4,522.6
FLAKKEBJERG,1999-09-06,06,09,1999,249,12.8,23.3,16.7,0,1373.7,2379.1,522.6
FLAKKEBJERG,1999-09-07,07,09,1999,250,10.5,23.6,17.4,0,1386.1,2396.5,522.6
FLAKKEBJERG,1999-09-08,08,09,1999,251,13.9,22.3,18.3,0,1399.4,2414.8,522.6
FLAKKEBJERG,1999-09-09,09,09,1999,252,13.7,25.9,19.8,0,1414.2,2434.6,522.6
FLAKKEBJERG,1999-09-10,10,09,1999,253,12.3,22.2,16.6,0,1425.8,2451.2,522.6
FLAKKEBJERG,1999-09-11,11,09,1999,254,11.9,22.5,17.5,0,1438.3,2468.7,522.6
FLAKKEBJERG,1999-09-12,12,09,1999,255,15.5,23.2,18.3,0,1451.6,2487,522.6
FLAKKEBJERG,1999-09-13,13,09,1999,256,14.3,22.7,17.5,0,1464.1,2504.5,522.6
FLAKKEBJERG,1999-09-14,14,09,1999,257,12.2,20.3,15.7,0,1474.8,2520.2,522.6
FLAKKEBJERG,1999-09-15,15,09,1999,258,11.7,20.2,14.9,0,1484.7,2535.1,522.6
FLAKKEBJERG,1999-09-16,16,09,1999,259,8.7,18.5,13.4,0,1493.1,2548.5,522.6
FLAKKEBJERG,1999-09-17,17,09,1999,260,9.9,18.3,15.3,0.2,1503.4,2563.8,522.8
FLAKKEBJERG,1999-09-18,18,09,1999,261,12.9,20.7,15.6,0,1514,2579.4,522.8
FLAKKEBJERG,1999-09-19,19,09,1999,262,12.9,19.6,16.1,0,1525.1,2595.5,522.8
FLAKKEBJERG,1999-09-20,20,09,1999,263,13.6,20.5,17.8,0,1537.9,2613.3,522.8
FLAKKEBJERG,1999-09-21,21,09,1999,264,16.3,18.3,16.4,0,1549.3,2629.7,522.8
FLAKKEBJERG,1999-09-22,22,09,1999,265,13.8,20.5,16.5,3.5,1560.8,2646.2,526.3
FLAKKEBJERG,1999-09-23,23,09,1999,266,11.8,18.7,15.4,0,1571.2,2661.6,526.3
FLAKKEBJERG,1999-09-24,24,09,1999,267,13.6,19.6,16.4,8.8,1582.6,2678,535.1
FLAKKEBJERG,1999-09-25,25,09,1999,268,13.7,18.9,15.8,4.5,1593.4,2693.8,539.6
FLAKKEBJERG,1999-09-26,26,09,1999,269,11.8,17.7,14.4,0,1602.8,2708.2,539.6
FLAKKEBJERG,1999-09-27,27,09,1999,270,12.7,17.2,14.8,1.9,1612.6,2723,541.5
FLAKKEBJERG,1999-09-28,28,09,1999,271,14,17,15,5,1622.6,2738,546.5
FLAKKEBJERG,1999-09-29,29,09,1999,272,10.6,15.7,13.9,0.1,1631.5,2751.9,546.6
FLAKKEBJERG,1999-09-30,30,09,1999,273,10.6,16.2,14.4,1.1,1640.9,2766.3,547.7
FLAKKEBJERG,1999-10-01,01,10,1999,274,12.1,14.4,12.9,8.8,1648.8,2779.2,556.5
FLAKKEBJERG,1999-10-02,02,10,1999,275,10.7,16.2,13.5,1.4,1657.3,2792.7,557.9
FLAKKEBJERG,1999-10-03,03,10,1999,276,9.8,12.6,11.1,3.6,1663.4,2803.8,561.5
FLAKKEBJERG,1999-10-04,04,10,1999,277,9.3,13.8,11.5,1.9,1669.9,2815.3,563.4
FLAKKEBJERG,1999-10-05,05,10,1999,278,7.2,14.8,11.3,0,1676.2,2826.6,563.4
FLAKKEBJERG,1999-10-06,06,10,1999,279,9.2,14.2,11,2.7,1682.2,2837.6,566.1
FLAKKEBJERG,1999-10-07,07,10,1999,280,6.6,13.3,10.1,0,1687.3,2847.7,566.1
FLAKKEBJERG,1999-10-08,08,10,1999,281,8.9,13.4,11.5,9,1693.8,2859.2,575.1
FLAKKEBJERG,1999-10-09,09,10,1999,282,8.8,12.8,10.3,11.3,1699.1,2869.5,586.4
FLAKKEBJERG,1999-10-10,10,10,1999,283,8.1,14,10.1,2.5,1704.2,2879.6,588.9
FLAKKEBJERG,1999-10-11,11,10,1999,284,8.1,14.5,12.6,4.7,1711.8,2892.2,593.6
FLAKKEBJERG,1999-10-12,12,10,1999,285,9.4,13.3,10.8,0,1717.6,2903,593.6
FLAKKEBJERG,1999-10-13,13,10,1999,286,9.4,13.1,10.8,0,1723.4,2913.8,593.6
FLAKKEBJERG,1999-10-14,14,10,1999,287,9.5,13.5,10.9,1.1,1729.3,2924.7,594.7
FLAKKEBJERG,1999-10-15,15,10,1999,288,2.5,12.2,7.1,0.2,1731.4,2931.8,594.9
FLAKKEBJERG,1999-10-16,16,10,1999,289,0.5,10.2,5.1,0,1731.5,2936.9,594.9
FLAKKEBJERG,1999-10-17,17,10,1999,290,0.9,9.4,5.2,0,1731.7,2942.1,594.9
FLAKKEBJERG,1999-10-18,18,10,1999,291,-0.7,9.6,4.1,0,1731.7,2946.2,594.9
FLAKKEBJERG,1999-10-19,19,10,1999,292,-0.7,9.5,6.4,0.1,1733.1,2952.6,595
FLAKKEBJERG,1999-10-20,20,10,1999,293,3.6,8.8,5.7,0.7,1733.8,2958.3,595.7
FLAKKEBJERG,1999-10-21,21,10,1999,294,3.8,7.1,5.4,0.3,1734.2,2963.7,596
FLAKKEBJERG,1999-10-22,22,10,1999,295,3.8,7.8,6.7,0,1735.9,2970.4,596
FLAKKEBJERG,1999-10-23,23,10,1999,296,5.7,8.9,7.6,0,1738.5,2978,596
FLAKKEBJERG,1999-10-24,24,10,1999,297,6.5,10.2,9.1,15.3,1742.6,2987.1,611.3
FLAKKEBJERG,1999-10-25,25,10,1999,298,8.5,13.4,10.9,0.3,1748.5,2998,611.6
FLAKKEBJERG,1999-10-26,26,10,1999,299,8.6,12.4,11.4,1.4,1754.9,3009.4,613
FLAKKEBJERG,1999-10-27,27,10,1999,300,9.8,11.4,10.6,2.3,1760.5,3020,615.3
FLAKKEBJERG,1999-10-28,28,10,1999,301,9.6,12.2,10.6,0.3,1766.1,3030.6,615.6
FLAKKEBJERG,1999-10-29,29,10,1999,302,4.2,11.7,7.7,0,1768.8,3038.3,615.6
FLAKKEBJERG,1999-10-30,30,10,1999,303,5,11.9,8.7,0,1772.5,3047,615.6
FLAKKEBJERG,1999-10-31,31,10,1999,304,5.7,12.6,10.4,0,1777.9,3057.4,615.6
FLAKKEBJERG,1999-11-01,01,11,1999,305,8.6,11.2,10,0.6,1782.9,3067.4,616.2
FLAKKEBJERG,1999-11-02,02,11,1999,306,9,14.2,11.3,0.4,1789.2,3078.7,616.6
FLAKKEBJERG,1999-11-03,03,11,1999,307,7.5,11.6,9,0,1793.2,3087.7,616.6
FLAKKEBJERG,1999-11-04,04,11,1999,308,7.7,11.6,9.3,0,1797.5,3097,616.6
FLAKKEBJERG,1999-11-05,05,11,1999,309,4.6,7.8,6.1,0,1798.6,3103.1,616.6
FLAKKEBJERG,1999-11-06,06,11,1999,310,4.6,11.6,8.8,0,1802.4,3111.9,616.6
FLAKKEBJERG,1999-11-07,07,11,1999,311,6,8.5,7.5,0,1804.9,3119.4,616.6
FLAKKEBJERG,1999-11-08,08,11,1999,312,5.1,10.7,6.9,0,1806.8,3126.3,616.6
FLAKKEBJERG,1999-11-09,09,11,1999,313,1.1,7.8,4.3,0,1806.8,3130.6,616.6
FLAKKEBJERG,1999-11-10,10,11,1999,314,2.2,9,6.4,0,1808.2,3137,616.6
FLAKKEBJERG,1999-11-11,11,11,1999,315,-1.9,7.5,2.2,0,1808.2,3139.2,616.6
FLAKKEBJERG,1999-11-12,12,11,1999,316,-1.9,9.2,4.5,0,1808.2,3143.7,616.6
FLAKKEBJERG,1999-11-13,13,11,1999,317,0.3,9.2,8.1,0.2,1811.3,3151.8,616.8
FLAKKEBJERG,1999-11-14,14,11,1999,318,0.3,9,3.6,0,1811.3,3155.4,616.8
FLAKKEBJERG,1999-11-15,15,11,1999,319,-4.1,3.2,-0.5,0,1811.3,3155.4,616.8
FLAKKEBJERG,1999-11-16,16,11,1999,320,-4.1,2.8,2,0,1811.3,3157.4,616.8
FLAKKEBJERG,1999-11-17,17,11,1999,321,-0.1,3.8,2,0,1811.3,3159.4,616.8
FLAKKEBJERG,1999-11-18,18,11,1999,322,0.9,3.2,1.7,2.7,1811.3,3161.1,619.5
FLAKKEBJERG,1999-11-19,19,11,1999,323,0.1,3.5,1.9,1.1,1811.3,3163,620.6
FLAKKEBJERG,1999-11-20,20,11,1999,324,0.6,2.3,1,0,1811.3,3164,620.6
FLAKKEBJERG,1999-11-21,21,11,1999,325,-1.3,2.6,0.1,0,1811.3,3164.1,620.6
FLAKKEBJERG,1999-11-22,22,11,1999,326,-4,1.2,-1.3,0,1811.3,3164.1,620.6
FLAKKEBJERG,1999-11-23,23,11,1999,327,-2.1,3.1,2.1,0.3,1811.3,3166.2,620.9
FLAKKEBJERG,1999-11-24,24,11,1999,328,1.4,4.6,3.2,0,1811.3,3169.4,620.9
FLAKKEBJERG,1999-11-25,25,11,1999,329,2.5,8.1,7.1,0,1813.4,3176.5,620.9
FLAKKEBJERG,1999-11-26,26,11,1999,330,5.7,8.4,7.4,2.5,1815.8,3183.9,623.4
FLAKKEBJERG,1999-11-27,27,11,1999,331,5.7,7.1,6,0,1816.8,3189.9,623.4
FLAKKEBJERG,1999-11-28,28,11,1999,332,4.2,7.6,6.4,0.8,1818.2,3196.3,624.2
FLAKKEBJERG,1999-11-29,29,11,1999,333,5.6,8.4,7.4,0,1820.6,3203.7,624.2
FLAKKEBJERG,1999-11-30,30,11,1999,334,0.6,8.6,4.8,0,1820.6,3208.5,624.2
FLAKKEBJERG,1999-12-01,01,12,1999,335,1.8,9.6,6.9,3.8,1822.5,3215.4,628
FLAKKEBJERG,1999-12-02,02,12,1999,336,2.4,5.2,3.7,4.6,1822.5,3219.1,632.6
FLAKKEBJERG,1999-12-03,03,12,1999,337,2.3,7.6,4.8,3.5,1822.5,3223.9,636.1
FLAKKEBJERG,1999-12-04,04,12,1999,338,1.6,4.9,3.3,12.8,1822.5,3227.2,648.9
FLAKKEBJERG,1999-12-05,05,12,1999,339,1,3.4,1.3,1.6,1822.5,3228.5,650.5
FLAKKEBJERG,1999-12-06,06,12,1999,340,-1.3,9.2,4.2,2.3,1822.5,3232.7,652.8
FLAKKEBJERG,1999-12-07,07,12,1999,341,1.3,9.5,7.8,7.7,1825.3,3240.5,660.5
FLAKKEBJERG,1999-12-08,08,12,1999,342,4.4,6.4,5.5,1,1825.8,3246,661.5
FLAKKEBJERG,1999-12-09,09,12,1999,343,4.8,7.8,6.8,5.5,1827.6,3252.8,667
FLAKKEBJERG,1999-12-10,10,12,1999,344,5.1,7.2,5.8,0.1,1828.4,3258.6,667.1
FLAKKEBJERG,1999-12-11,11,12,1999,345,3.7,5.6,4.6,0.8,1828.4,3263.2,667.9
FLAKKEBJERG,1999-12-12,12,12,1999,346,4,7.7,6,25,1829.4,3269.2,692.9
FLAKKEBJERG,1999-12-13,13,12,1999,347,1.1,3.5,2.1,0.4,1829.4,3271.3,693.3
FLAKKEBJERG,1999-12-14,14,12,1999,348,0.7,2.7,0.9,0.7,1829.4,3272.2,694
FLAKKEBJERG,1999-12-15,15,12,1999,349,-1.5,-0.4,-0.9,2,1829.4,3272.2,696
FLAKKEBJERG,1999-12-16,16,12,1999,350,-4.6,1.6,-1.2,0,1829.4,3272.2,696
FLAKKEBJERG,1999-12-17,17,12,1999,351,-4.9,6,3.7,0.3,1829.4,3275.9,696.3
FLAKKEBJERG,1999-12-18,18,12,1999,352,1.1,3.8,0.9,5.5,1829.4,3276.8,701.8
FLAKKEBJERG,1999-12-19,19,12,1999,353,-1.3,1.7,0.2,0.7,1829.4,3277,702.5
FLAKKEBJERG,1999-12-20,20,12,1999,354,-4.1,2.2,-1.1,0.1,1829.4,3277,702.6
FLAKKEBJERG,1999-12-21,21,12,1999,355,-5.9,1.1,-2.5,0,1829.4,3277,702.6
FLAKKEBJERG,1999-12-22,22,12,1999,356,-5.9,1.4,0.3,0,1829.4,3277.3,702.6
FLAKKEBJERG,1999-12-23,23,12,1999,357,-0.6,4.2,2,5,1829.4,3279.3,707.6
FLAKKEBJERG,1999-12-24,24,12,1999,358,0.1,4.6,2.9,3,1829.4,3282.2,710.6
FLAKKEBJERG,1999-12-25,25,12,1999,359,1,6.8,4.8,11.3,1829.4,3287,721.9
FLAKKEBJERG,1999-12-26,26,12,1999,360,1.8,4.2,2.4,1.8,1829.4,3289.4,723.7
FLAKKEBJERG,1999-12-27,27,12,1999,361,0.6,4.2,2.9,1.7,1829.4,3292.3,725.4
FLAKKEBJERG,1999-12-28,28,12,1999,362,1,2.4,1.5,1.3,1829.4,3293.8,726.7
FLAKKEBJERG,1999-12-29,29,12,1999,363,-1,0.9,-0.6,0,1829.4,3293.8,726.7
FLAKKEBJERG,1999-12-30,30,12,1999,364,-2.1,2.4,0.9,0.3,1829.4,3294.7,727
FLAKKEBJERG,1999-12-31,31,12,1999,365,0.3,3.4,2.2,1,1829.4,3296.9,728
FLAKKEBJERG,2000-01-01,01,01,2000,1,1,4.9,3.1,1.1,0,3.1,1.1
FLAKKEBJERG,2000-01-02,02,01,2000,2,0.6,5.5,3.7,2.6,0,6.8,3.7
FLAKKEBJERG,2000-01-03,03,01,2000,3,3.5,6.8,5.5,0.2,0.5,12.4,3.9000000000000004
FLAKKEBJERG,2000-01-04,04,01,2000,4,4.2,5.6,4.2,0.5,0.5,16.6,4.4
FLAKKEBJERG,2000-01-05,05,01,2000,5,2.5,5.2,3.8,2.5,0.5,20.4,6.9
FLAKKEBJERG,2000-01-06,06,01,2000,6,2.1,5.9,4,0,0.5,24.4,6.9
FLAKKEBJERG,2000-01-07,07,01,2000,7,0.5,5.9,3.5,1,0.5,27.9,7.9
FLAKKEBJERG,2000-01-08,08,01,2000,8,0.8,5.7,4.4,0,0.5,32.4,7.9
FLAKKEBJERG,2000-01-09,09,01,2000,9,1.3,4.5,2.9,0,0.5,35.2,7.9
FLAKKEBJERG,2000-01-10,10,01,2000,10,0.4,4,1.7,0,0.5,36.9,7.9
FLAKKEBJERG,2000-01-11,11,01,2000,11,0.5,3.5,2.6,0,0.5,39.5,7.9
FLAKKEBJERG,2000-01-12,12,01,2000,12,2.4,3.3,3,0.3,0.5,42.5,8.2
FLAKKEBJERG,2000-01-13,13,01,2000,13,1.1,2.8,1.1,0,0.5,43.6,8.2
FLAKKEBJERG,2000-01-14,14,01,2000,14,-0.1,0.5,0,0,0.5,43.6,8.2
FLAKKEBJERG,2000-01-15,15,01,2000,15,-0.4,2.1,0.6,0.1,0.5,44.1,8.3
FLAKKEBJERG,2000-01-16,16,01,2000,16,-0.4,6.3,4.6,0,0.5,48.8,8.3
FLAKKEBJERG,2000-01-17,17,01,2000,17,3.5,7.7,6.2,0,1.8,55,8.3
FLAKKEBJERG,2000-01-18,18,01,2000,18,3.6,6,4.2,1.5,1.8,59.2,9.8
FLAKKEBJERG,2000-01-19,19,01,2000,19,-0.2,3,1.2,0,1.8,60.3,9.8
FLAKKEBJERG,2000-01-20,20,01,2000,20,-0.3,6.4,3.9,0,1.8,64.2,9.8
FLAKKEBJERG,2000-01-21,21,01,2000,21,-1.8,3.5,-1.3,0.4,1.8,64.2,10.200000000000001
FLAKKEBJERG,2000-01-22,22,01,2000,22,-5.2,-1.2,-2.7,0,1.8,64.2,10.200000000000001
FLAKKEBJERG,2000-01-23,23,01,2000,23,-7.7,-1.4,-4.7,0,1.8,64.2,10.200000000000001
FLAKKEBJERG,2000-01-24,24,01,2000,24,-11.2,-1.7,-5.6,0,1.8,64.2,10.200000000000001
FLAKKEBJERG,2000-01-25,25,01,2000,25,-10.3,1.9,0.9,0.5,1.8,65.1,10.700000000000001
FLAKKEBJERG,2000-01-26,26,01,2000,26,1,5,2.9,0,1.8,68,10.700000000000001
FLAKKEBJERG,2000-01-27,27,01,2000,27,1.1,4.8,4.2,0.2,1.8,72.3,10.9
FLAKKEBJERG,2000-01-28,28,01,2000,28,3.5,4.5,3.7,2.4,1.8,76,13.3
FLAKKEBJERG,2000-01-29,29,01,2000,29,2.8,7.8,4.8,2.5,1.8,80.8,15.8
FLAKKEBJERG,2000-01-30,30,01,2000,30,2.9,5.9,3.3,3.2,1.8,84.1,19
FLAKKEBJERG,2000-01-31,31,01,2000,31,0.1,7.7,4.5,7.7,1.8,88.6,26.7
FLAKKEBJERG,2000-02-01,01,02,2000,32,1.3,6.4,5.3,4.5,2,93.9,31.2
FLAKKEBJERG,2000-02-02,02,02,2000,33,3.1,6.5,4.3,0.3,2,98.3,31.5
FLAKKEBJERG,2000-02-03,03,02,2000,34,2.6,4.1,2.4,1,2,100.7,32.5
FLAKKEBJERG,2000-02-04,04,02,2000,35,-0.7,7.7,5,0,2,105.7,32.5
FLAKKEBJERG,2000-02-05,05,02,2000,36,4,8,7,1.3,4,112.6,33.8
FLAKKEBJERG,2000-02-06,06,02,2000,37,4.8,6.1,5.5,0,4.5,118.2,33.8
FLAKKEBJERG,2000-02-07,07,02,2000,38,5.2,7,5.7,0.6,5.3,123.9,34.4
FLAKKEBJERG,2000-02-08,08,02,2000,39,4.4,6.5,5.4,3.5,5.6,129.2,37.9
FLAKKEBJERG,2000-02-09,09,02,2000,40,3.8,5.5,4.1,4.1,5.6,133.3,42
FLAKKEBJERG,2000-02-10,10,02,2000,41,2.8,6.3,4.6,2,5.6,137.9,44
FLAKKEBJERG,2000-02-11,11,02,2000,42,2.6,5.7,4.4,1.2,5.6,142.3,45.2
FLAKKEBJERG,2000-02-12,12,02,2000,43,2.8,5.7,3.8,0,5.6,146,45.2
FLAKKEBJERG,2000-02-13,13,02,2000,44,0.5,4.7,2.4,4,5.6,148.4,49.2
FLAKKEBJERG,2000-02-14,14,02,2000,45,1.1,3.5,1.8,0.8,5.6,150.2,50
FLAKKEBJERG,2000-02-15,15,02,2000,46,0,6.9,3.8,3.6,5.6,154.1,53.6
FLAKKEBJERG,2000-02-16,16,02,2000,47,1.8,3.1,2.1,0,5.6,156.2,53.6
FLAKKEBJERG,2000-02-17,17,02,2000,48,0.2,4.1,1.1,7.4,5.6,157.3,61
FLAKKEBJERG,2000-02-18,18,02,2000,49,-2,1.5,0.4,0.3,5.6,157.7,61.3
FLAKKEBJERG,2000-02-19,19,02,2000,50,0.3,1.9,0.9,4.5,5.6,158.6,65.8
FLAKKEBJERG,2000-02-20,20,02,2000,51,-0.9,2.7,0.2,1.4,5.6,158.7,67.2
FLAKKEBJERG,2000-02-21,21,02,2000,52,-3,3.1,-0.4,0.3,5.6,158.7,67.5
FLAKKEBJERG,2000-02-22,22,02,2000,53,-1.1,1.2,0,0,5.6,158.7,67.5
FLAKKEBJERG,2000-02-23,23,02,2000,54,-0.4,2.6,1.1,1.6,5.6,159.8,69.1
FLAKKEBJERG,2000-02-24,24,02,2000,55,0.6,7.1,3.3,2.5,5.6,163.2,71.6
FLAKKEBJERG,2000-02-25,25,02,2000,56,1.9,6.9,4,1.1,5.6,167.2,72.7
FLAKKEBJERG,2000-02-26,26,02,2000,57,2,6.7,4,0.8,5.6,171.2,73.5
FLAKKEBJERG,2000-02-27,27,02,2000,58,0.3,6.2,3.6,0,5.6,174.8,73.5
FLAKKEBJERG,2000-02-28,28,02,2000,59,2.3,9.3,6.4,0,7,181.3,73.5
FLAKKEBJERG,2000-02-29,29,02,2000,60,2.9,6.9,4.6,0,7,185.9,73.5
FLAKKEBJERG,2000-03-01,01,03,2000,61,3.2,7,4.6,3,7,190.5,76.5
FLAKKEBJERG,2000-03-02,02,03,2000,62,1.7,4.9,3,0.5,7,193.6,77
FLAKKEBJERG,2000-03-03,03,03,2000,63,2.4,6.4,4.4,5.3,7,198,82.3
FLAKKEBJERG,2000-03-04,04,03,2000,64,-1,4.2,1.5,2,7,199.5,84.3
FLAKKEBJERG,2000-03-05,05,03,2000,65,0,3.5,1.5,0,7,201,84.3
FLAKKEBJERG,2000-03-06,06,03,2000,66,0.7,7.2,4.6,0,7,205.6,84.3
FLAKKEBJERG,2000-03-07,07,03,2000,67,4.1,7.5,6.2,2.3,8.3,211.8,86.6
FLAKKEBJERG,2000-03-08,08,03,2000,68,2.4,9.2,5.8,8.5,9.1,217.7,95.1
FLAKKEBJERG,2000-03-09,09,03,2000,69,3.7,7.5,4,1.2,9.1,221.7,96.3
FLAKKEBJERG,2000-03-10,10,03,2000,70,-0.8,4,1.7,0,9.1,223.3,96.3
FLAKKEBJERG,2000-03-11,11,03,2000,71,0.6,6.5,3,12.3,9.1,226.4,108.6
FLAKKEBJERG,2000-03-12,12,03,2000,72,-1.1,3.9,1.9,0.2,9.1,228.2,108.8
FLAKKEBJERG,2000-03-13,13,03,2000,73,1,5.8,4.4,1.4,9.1,232.6,110.2
FLAKKEBJERG,2000-03-14,14,03,2000,74,3.6,6.6,4.7,2.9,9.1,237.3,113.1
FLAKKEBJERG,2000-03-15,15,03,2000,75,1.3,4.8,2.7,1.1,9.1,240,114.2
FLAKKEBJERG,2000-03-16,16,03,2000,76,0.8,5.1,2.5,0.6,9.1,242.5,114.8
FLAKKEBJERG,2000-03-17,17,03,2000,77,0.1,5.8,2.6,3.7,9.1,245,118.5
FLAKKEBJERG,2000-03-18,18,03,2000,78,0.3,6.6,2.3,0,9.1,247.4,118.5
FLAKKEBJERG,2000-03-19,19,03,2000,79,-0.5,7.9,3.9,0,9.1,251.2,118.5
FLAKKEBJERG,2000-03-20,20,03,2000,80,3.1,11.5,6.3,0,10.4,257.5,118.5
FLAKKEBJERG,2000-03-21,21,03,2000,81,3.5,11.3,6.5,0,11.9,264,118.5
FLAKKEBJERG,2000-03-22,22,03,2000,82,3.7,7.4,5.7,0,12.6,269.7,118.5
FLAKKEBJERG,2000-03-23,23,03,2000,83,2.3,7.3,4.5,1.1,12.6,274.2,119.6
FLAKKEBJERG,2000-03-24,24,03,2000,84,-1.1,6.8,2.8,0,12.6,277,119.6
FLAKKEBJERG,2000-03-25,25,03,2000,85,1.6,5.4,4.1,0.3,12.6,281.1,119.9
FLAKKEBJERG,2000-03-26,26,03,2000,86,3.1,5.9,4.9,1.1,12.6,286,121
FLAKKEBJERG,2000-03-27,27,03,2000,87,3.1,5.2,3.2,10.5,12.6,289.2,131.5
FLAKKEBJERG,2000-03-28,28,03,2000,88,-0.4,5.7,1.9,0.2,12.6,291,131.7
FLAKKEBJERG,2000-03-29,29,03,2000,89,-0.7,7.7,3.4,1.8,12.6,294.5,133.5
FLAKKEBJERG,2000-03-30,30,03,2000,90,2.1,8.5,3.7,0,12.6,298.2,133.5
FLAKKEBJERG,2000-03-31,31,03,2000,91,-0.9,8.8,4.5,0,12.6,302.7,133.5
FLAKKEBJERG,2000-04-01,01,04,2000,92,4,7.9,5.3,0,12.9,308,133.5
FLAKKEBJERG,2000-04-02,02,04,2000,93,0.1,8.1,4.5,0,12.9,312.5,133.5
FLAKKEBJERG,2000-04-03,03,04,2000,94,2.5,11.4,6.7,0,14.6,319.2,133.5
FLAKKEBJERG,2000-04-04,04,04,2000,95,4,9.5,7,0,16.6,326.2,133.5
FLAKKEBJERG,2000-04-05,05,04,2000,96,0.7,4.2,2.2,7.5,16.6,328.4,141
FLAKKEBJERG,2000-04-06,06,04,2000,97,-1.9,10.4,4.5,0,16.6,332.9,141
FLAKKEBJERG,2000-04-07,07,04,2000,98,4,12.2,7.5,0,19.1,340.4,141
FLAKKEBJERG,2000-04-08,08,04,2000,99,0.6,9.8,6.1,0,20.2,346.5,141
FLAKKEBJERG,2000-04-09,09,04,2000,100,-0.4,7.9,3.8,0,20.2,350.3,141
FLAKKEBJERG,2000-04-10,10,04,2000,101,0.9,8.1,4.1,0,20.2,354.4,141
FLAKKEBJERG,2000-04-11,11,04,2000,102,0.1,9.1,5,0,20.2,359.4,141
FLAKKEBJERG,2000-04-12,12,04,2000,103,1.9,10.2,6,0,21.2,365.3,141
FLAKKEBJERG,2000-04-13,13,04,2000,104,4.5,9.6,6.2,4.2,22.3,371.5,145.2
FLAKKEBJERG,2000-04-14,14,04,2000,105,4,8.5,5.8,0,23.1,377.3,145.2
FLAKKEBJERG,2000-04-15,15,04,2000,106,1.8,9.6,6.1,0.8,24.2,383.4,146
FLAKKEBJERG,2000-04-16,16,04,2000,107,6,9.9,7.4,0.9,26.7,390.8,146.9
FLAKKEBJERG,2000-04-17,17,04,2000,108,2.4,12.2,7.9,0,29.5,398.7,146.9
FLAKKEBJERG,2000-04-18,18,04,2000,109,5.9,12.1,8.6,2.9,33.1,407.3,149.8
FLAKKEBJERG,2000-04-19,19,04,2000,110,6,10.7,8.1,0,36.2,415.4,149.8
FLAKKEBJERG,2000-04-20,20,04,2000,111,3.9,14.1,9,5.8,40.2,424.4,155.6
FLAKKEBJERG,2000-04-21,21,04,2000,112,7.5,18.6,12.7,0,48,437.2,155.6
FLAKKEBJERG,2000-04-22,22,04,2000,113,5.7,17.1,12,0,55,449.1,155.6
FLAKKEBJERG,2000-04-23,23,04,2000,114,9.9,16.7,12.6,7.7,62.6,461.7,163.3
FLAKKEBJERG,2000-04-24,24,04,2000,115,9.4,15.4,11.2,8.2,68.8,472.9,171.5
FLAKKEBJERG,2000-04-25,25,04,2000,116,7.7,13.7,9.7,3,73.5,482.6,174.5
FLAKKEBJERG,2000-04-26,26,04,2000,117,4,15,9.5,0,78,492.1,174.5
FLAKKEBJERG,2000-04-27,27,04,2000,118,8,20.5,14.2,0,87.1,506.3,174.5
FLAKKEBJERG,2000-04-28,28,04,2000,119,10.9,20.5,15.5,0,97.7,521.8,174.5
FLAKKEBJERG,2000-04-29,29,04,2000,120,11.4,23.1,17.2,0,109.8,539,174.5
FLAKKEBJERG,2000-04-30,30,04,2000,121,9.9,24.9,17.7,0,122.6,556.8,174.5
FLAKKEBJERG,2000-05-01,01,05,2000,122,13.7,18.6,14.3,0.1,131.9,571.1,174.6
FLAKKEBJERG,2000-05-02,02,05,2000,123,8.1,15.6,11,0,137.9,582.1,174.6
FLAKKEBJERG,2000-05-03,03,05,2000,124,5.9,19.1,12.8,0,145.6,594.8,174.6
FLAKKEBJERG,2000-05-04,04,05,2000,125,6.2,19,12.5,0,153.1,607.3,174.6
FLAKKEBJERG,2000-05-05,05,05,2000,126,7.2,19.1,13.2,0,161.4,620.6,174.6
FLAKKEBJERG,2000-05-06,06,05,2000,127,6.3,20,12.9,0,169.2,633.4,174.6
FLAKKEBJERG,2000-05-07,07,05,2000,128,6.1,16.5,11,0,175.2,644.4,174.6
FLAKKEBJERG,2000-05-08,08,05,2000,129,4.1,20,12.7,0,182.9,657.1,174.6
FLAKKEBJERG,2000-05-09,09,05,2000,130,3.6,19.5,13.5,0,191.4,670.6,174.6
FLAKKEBJERG,2000-05-10,10,05,2000,131,6.4,22,14.7,0,201.1,685.3,174.6
FLAKKEBJERG,2000-05-11,11,05,2000,132,8.8,18.8,13.8,0,209.9,699.1,174.6
FLAKKEBJERG,2000-05-12,12,05,2000,133,6.4,15.8,11.7,0,216.5,710.7,174.6
FLAKKEBJERG,2000-05-13,13,05,2000,134,3.8,19,12.2,0,223.8,722.9,174.6
FLAKKEBJERG,2000-05-14,14,05,2000,135,5.6,22.4,15.5,0,234.2,738.4,174.6
FLAKKEBJERG,2000-05-15,15,05,2000,136,7.7,24.9,17.5,0,246.7,755.9,174.6
FLAKKEBJERG,2000-05-16,16,05,2000,137,8.6,26.2,18.8,0,260.6,774.8,174.6
FLAKKEBJERG,2000-05-17,17,05,2000,138,13.3,22.9,15.3,0,270.9,790.1,174.6
FLAKKEBJERG,2000-05-18,18,05,2000,139,7.5,16.1,11.8,6.4,277.6,801.8,181
FLAKKEBJERG,2000-05-19,19,05,2000,140,6.5,15.2,10.9,1,283.5,812.7,182
FLAKKEBJERG,2000-05-20,20,05,2000,141,7.5,15.8,11.4,0.2,289.9,824.1,182.2
FLAKKEBJERG,2000-05-21,21,05,2000,142,6.2,14.5,11.1,0,296,835.2,182.2
FLAKKEBJERG,2000-05-22,22,05,2000,143,5.9,15.8,11.4,0,302.4,846.6,182.2
FLAKKEBJERG,2000-05-23,23,05,2000,144,5.6,17.4,13,0.3,310.4,859.6,182.5
FLAKKEBJERG,2000-05-24,24,05,2000,145,12.8,16.8,13.6,3.6,319,873.2,186.1
FLAKKEBJERG,2000-05-25,25,05,2000,146,9.8,17.2,11.5,2,325.5,884.7,188.1
FLAKKEBJERG,2000-05-26,26,05,2000,147,8.9,15.9,12.4,3.5,332.9,897.1,191.6
FLAKKEBJERG,2000-05-27,27,05,2000,148,10.8,17.8,12.5,0.2,340.4,909.6,191.8
FLAKKEBJERG,2000-05-28,28,05,2000,149,7.5,16.1,12,1.1,347.4,921.5,192.9
FLAKKEBJERG,2000-05-29,29,05,2000,150,9,13.7,10.3,5,352.7,931.9,197.9
FLAKKEBJERG,2000-05-30,30,05,2000,151,7.8,13.5,9.9,1,357.6,941.8,198.9
FLAKKEBJERG,2000-05-31,31,05,2000,152,4.4,15.6,10.2,1.2,362.9,952,200.1
FLAKKEBJERG,2000-06-01,01,06,2000,153,5.9,18.1,12.9,0,370.8,965,200.1
FLAKKEBJERG,2000-06-02,02,06,2000,154,13.2,15.4,14,1.1,379.7,978.9,201.2
FLAKKEBJERG,2000-06-03,03,06,2000,155,7.9,16.5,11.9,0,386.7,990.9,201.2
FLAKKEBJERG,2000-06-04,04,06,2000,156,6.2,11.5,9.6,0,391.3,1000.4,201.2
FLAKKEBJERG,2000-06-05,05,06,2000,157,8.4,16.7,12.2,0.4,398.5,1012.7,201.6
FLAKKEBJERG,2000-06-06,06,06,2000,158,8.5,10.9,9.3,1.9,402.8,1022,203.5
FLAKKEBJERG,2000-06-07,07,06,2000,159,6.4,14,10.3,5.6,408.1,1032.3,209.1
FLAKKEBJERG,2000-06-08,08,06,2000,160,8.3,17.1,12.4,2.2,415.5,1044.6,211.3
FLAKKEBJERG,2000-06-09,09,06,2000,161,5.9,20,14.2,0,424.7,1058.8,211.3
FLAKKEBJERG,2000-06-10,10,06,2000,162,11.9,25.6,19.8,0,439.5,1078.7,211.3
FLAKKEBJERG,2000-06-11,11,06,2000,163,12.9,19.5,15.2,1.5,449.7,1093.9,212.8
FLAKKEBJERG,2000-06-12,12,06,2000,164,10.6,18.1,14.6,0,459.3,1108.5,212.8
FLAKKEBJERG,2000-06-13,13,06,2000,165,12.4,20.4,15.6,0,469.9,1124.1,212.8
FLAKKEBJERG,2000-06-14,14,06,2000,166,9.4,17.1,13.8,0,478.8,1137.9,212.8
FLAKKEBJERG,2000-06-15,15,06,2000,167,8,16.7,12.4,0,486.2,1150.4,212.8
FLAKKEBJERG,2000-06-16,16,06,2000,168,9.6,15.2,11.6,0,492.7,1161.9,212.8
FLAKKEBJERG,2000-06-17,17,06,2000,169,8.5,19.1,13.8,0,501.5,1175.7,212.8
FLAKKEBJERG,2000-06-18,18,06,2000,170,10.6,20.5,15,0,511.6,1190.7,212.8
FLAKKEBJERG,2000-06-19,19,06,2000,171,11.1,25.2,18.3,0,524.8,1209,212.8
FLAKKEBJERG,2000-06-20,20,06,2000,172,15.3,30.2,23.8,0,543.6,1232.8,212.8
FLAKKEBJERG,2000-06-21,21,06,2000,173,17.1,29.5,22.9,0,561.5,1255.7,212.8
FLAKKEBJERG,2000-06-22,22,06,2000,174,15.4,20.8,17.1,10,573.6,1272.8,222.8
FLAKKEBJERG,2000-06-23,23,06,2000,175,12.1,19.7,16.2,0,584.7,1288.9,222.8
FLAKKEBJERG,2000-06-24,24,06,2000,176,11.2,16.9,14,0,593.7,1302.9,222.8
FLAKKEBJERG,2000-06-25,25,06,2000,177,10.1,17.9,13.6,0.6,602.3,1316.5,223.4
FLAKKEBJERG,2000-06-26,26,06,2000,178,11.5,13.3,12,5.5,609.3,1328.5,228.9
FLAKKEBJERG,2000-06-27,27,06,2000,179,9.9,14.8,11.7,0.6,616,1340.2,229.5
FLAKKEBJERG,2000-06-28,28,06,2000,180,9.3,17.1,12.4,0,623.4,1352.6,229.5
FLAKKEBJERG,2000-06-29,29,06,2000,181,9.3,16.8,13,0,631.4,1365.6,229.5
FLAKKEBJERG,2000-06-30,30,06,2000,182,9.8,12.9,11.9,0,638.2,1377.4,229.5
FLAKKEBJERG,2000-07-01,01,07,2000,183,10.8,13.3,12,3,645.2,1389.4,232.5
FLAKKEBJERG,2000-07-02,02,07,2000,184,10,19.6,14.8,1,655,1404.2,233.5
FLAKKEBJERG,2000-07-03,03,07,2000,185,7.7,22,16.1,0,666.1,1420.3,233.5
FLAKKEBJERG,2000-07-04,04,07,2000,186,7.9,23.4,16.6,0,677.7,1436.9,233.5
FLAKKEBJERG,2000-07-05,05,07,2000,187,10.8,22.2,16.4,0,689.1,1453.3,233.5
FLAKKEBJERG,2000-07-06,06,07,2000,188,12.2,16.1,13.9,0,698,1467.2,233.5
FLAKKEBJERG,2000-07-07,07,07,2000,189,11.1,16.1,12.6,0,705.6,1479.8,233.5
FLAKKEBJERG,2000-07-08,08,07,2000,190,8.3,18.2,13.4,0,714,1493.2,233.5
FLAKKEBJERG,2000-07-09,09,07,2000,191,11,15.4,13.5,0,722.5,1506.7,233.5
FLAKKEBJERG,2000-07-10,10,07,2000,192,11.2,17.1,13.9,1.1,731.5,1520.6,234.6
FLAKKEBJERG,2000-07-11,11,07,2000,193,11.3,18.6,15,9.6,741.4,1535.6,244.2
FLAKKEBJERG,2000-07-12,12,07,2000,194,13.1,19.1,15.3,0,751.7,1550.9,244.2
FLAKKEBJERG,2000-07-13,13,07,2000,195,11.1,17.5,13.6,0,760.3,1564.5,244.2
FLAKKEBJERG,2000-07-14,14,07,2000,196,10.8,19.2,15,0.3,770.4,1579.6,244.5
FLAKKEBJERG,2000-07-15,15,07,2000,197,10.8,18.8,14.3,0.3,779.7,1593.8,244.8
FLAKKEBJERG,2000-07-16,16,07,2000,198,8.2,21.4,15.8,0,790.5,1609.7,244.8
FLAKKEBJERG,2000-07-17,17,07,2000,199,10.9,20.9,15.8,0,801.3,1625.5,244.8
FLAKKEBJERG,2000-07-18,18,07,2000,200,11.9,15.7,13.5,0,809.8,1639,244.8
FLAKKEBJERG,2000-07-19,19,07,2000,201,11.5,17.4,13.8,0.4,818.6,1652.8,245.2
FLAKKEBJERG,2000-07-20,20,07,2000,202,12.6,20,15.3,0,828.9,1668,245.2
FLAKKEBJERG,2000-07-21,21,07,2000,203,13.1,20.8,16.4,0,840.3,1684.5,245.2
FLAKKEBJERG,2000-07-22,22,07,2000,204,13.1,21.9,16.6,0.7,851.9,1701.1,245.9
FLAKKEBJERG,2000-07-23,23,07,2000,205,11.7,22.7,17.5,1.4,864.3,1718.5,247.3
FLAKKEBJERG,2000-07-24,24,07,2000,206,9.8,22.5,16.6,0,875.9,1735.1,247.3
FLAKKEBJERG,2000-07-25,25,07,2000,207,12.2,19.9,16,0.4,887,1751.2,247.7
FLAKKEBJERG,2000-07-26,26,07,2000,208,9.5,24.6,17,0,899,1768.2,247.7
FLAKKEBJERG,2000-07-27,27,07,2000,209,11.9,20.2,16.3,0,910.3,1784.5,247.7
FLAKKEBJERG,2000-07-28,28,07,2000,210,14.7,19.9,16.8,0,922.1,1801.3,247.7
FLAKKEBJERG,2000-07-29,29,07,2000,211,13.6,22.2,17.1,0,934.3,1818.5,247.7
FLAKKEBJERG,2000-07-30,30,07,2000,212,11.5,19,15.8,0,945,1834.2,247.7
FLAKKEBJERG,2000-07-31,31,07,2000,213,14,21,16,0,956,1850.2,247.7
FLAKKEBJERG,2000-08-01,01,08,2000,214,12.8,21.8,16.7,0.5,967.7,1866.9,248.2
FLAKKEBJERG,2000-08-02,02,08,2000,215,14.3,21.2,17.1,1,979.8,1884,249.2
FLAKKEBJERG,2000-08-03,03,08,2000,216,9.6,21.8,15.8,11.8,990.6,1899.8,261
FLAKKEBJERG,2000-08-04,04,08,2000,217,12.2,20.6,16,3.7,1001.6,1915.8,264.7
FLAKKEBJERG,2000-08-05,05,08,2000,218,10.9,19,15.5,0.8,1012.1,1931.3,265.5
FLAKKEBJERG,2000-08-06,06,08,2000,219,12.6,21.1,16.5,0,1023.6,1947.8,265.5
FLAKKEBJERG,2000-08-07,07,08,2000,220,12.5,18.2,14.5,0.2,1033.1,1962.3,265.7
FLAKKEBJERG,2000-08-08,08,08,2000,221,10.7,18.2,14.4,0,1042.5,1976.7,265.7
FLAKKEBJERG,2000-08-09,09,08,2000,222,11.5,20.4,15.1,0,1052.6,1991.8,265.7
FLAKKEBJERG,2000-08-10,10,08,2000,223,9.2,19.3,15,0,1062.6,2006.8,265.7
FLAKKEBJERG,2000-08-11,11,08,2000,224,15.4,18.4,16.2,3.6,1073.8,2023,269.3
FLAKKEBJERG,2000-08-12,12,08,2000,225,13.4,20.2,15.9,0,1084.7,2038.9,269.3
FLAKKEBJERG,2000-08-13,13,08,2000,226,8.8,22.5,15.7,0,1095.4,2054.6,269.3
FLAKKEBJERG,2000-08-14,14,08,2000,227,9.6,25.9,18.5,0,1108.9,2073.1,269.3
FLAKKEBJERG,2000-08-15,15,08,2000,228,16.3,21.8,18.8,2,1122.7,2091.9,271.3
FLAKKEBJERG,2000-08-16,16,08,2000,229,12.8,20.7,16.6,0,1134.4,2108.5,271.3
FLAKKEBJERG,2000-08-17,17,08,2000,230,12.4,21.1,16.4,0,1145.7,2124.9,271.3
FLAKKEBJERG,2000-08-18,18,08,2000,231,10.1,21.6,16.2,1,1156.9,2141.1,272.3
FLAKKEBJERG,2000-08-19,19,08,2000,232,11.8,19.9,16,0,1168,2157.1,272.3
FLAKKEBJERG,2000-08-20,20,08,2000,233,14.5,21.6,16.9,0,1179.9,2174.1,272.3
FLAKKEBJERG,2000-08-21,21,08,2000,234,9.2,19.4,14.4,0,1189.3,2188.5,272.3
FLAKKEBJERG,2000-08-22,22,08,2000,235,8.5,19.7,14.3,0,1198.6,2202.8,272.3
FLAKKEBJERG,2000-08-23,23,08,2000,236,10.4,18.9,14.4,0,1207.9,2217.1,272.3
FLAKKEBJERG,2000-08-24,24,08,2000,237,10.9,17.5,14.3,0,1217.2,2231.4,272.3
FLAKKEBJERG,2000-08-25,25,08,2000,238,11.9,20.4,15.3,2,1227.5,2246.7,274.3
FLAKKEBJERG,2000-08-26,26,08,2000,239,6.4,22.1,15,0,1237.6,2261.7,274.3
FLAKKEBJERG,2000-08-27,27,08,2000,240,13.7,21.5,17.3,0,1249.8,2279,274.3
FLAKKEBJERG,2000-08-28,28,08,2000,241,15.2,18.5,16.5,0,1261.4,2295.6,274.3
FLAKKEBJERG,2000-08-29,29,08,2000,242,12.3,20.6,15.8,0,1272.1,2311.3,274.3
FLAKKEBJERG,2000-08-30,30,08,2000,243,5.3,20.3,14,0,1281.1,2325.3,274.3
FLAKKEBJERG,2000-08-31,31,08,2000,244,9.4,16.2,13.5,0,1289.6,2338.8,274.3
FLAKKEBJERG,2000-09-01,01,09,2000,245,7.6,18.9,14.5,0,1299.1,2353.3,274.3
FLAKKEBJERG,2000-09-02,02,09,2000,246,13.4,16,14.6,5.1,1308.7,2367.9,279.4
FLAKKEBJERG,2000-09-03,03,09,2000,247,13.2,16.3,13.8,18.3,1317.6,2381.8,297.7
FLAKKEBJERG,2000-09-04,04,09,2000,248,7.2,17.5,12.2,0,1324.8,2393.9,297.7
FLAKKEBJERG,2000-09-05,05,09,2000,249,8.4,17.7,12.8,0.2,1332.6,2406.8,297.9
FLAKKEBJERG,2000-09-06,06,09,2000,250,9,16.9,13.4,0.4,1340.9,2420.1,298.3
FLAKKEBJERG,2000-09-07,07,09,2000,251,12.7,18.5,14.9,11,1350.8,2435,309.3
FLAKKEBJERG,2000-09-08,08,09,2000,252,12.5,19,15.3,1.5,1361.1,2450.3,310.8
FLAKKEBJERG,2000-09-09,09,09,2000,253,13.6,19.9,15.9,1.8,1372,2466.1,312.6
FLAKKEBJERG,2000-09-10,10,09,2000,254,10.7,17.9,14.2,0,1381.1,2480.3,312.6
FLAKKEBJERG,2000-09-11,11,09,2000,255,7.8,16.9,12.9,0,1389.1,2493.3,312.6
FLAKKEBJERG,2000-09-12,12,09,2000,256,10.7,14.3,12.6,0.2,1396.6,2505.8,312.8
FLAKKEBJERG,2000-09-13,13,09,2000,257,11.7,17,14.4,3.6,1406,2520.2,316.4
FLAKKEBJERG,2000-09-14,14,09,2000,258,12.2,13.9,13,13.6,1414.1,2533.3,330
FLAKKEBJERG,2000-09-15,15,09,2000,259,12.2,14.9,13.5,4.7,1422.5,2546.7,334.7
FLAKKEBJERG,2000-09-16,16,09,2000,260,12,15.8,13.8,0.2,1431.4,2560.5,334.9
FLAKKEBJERG,2000-09-17,17,09,2000,261,11.1,15.4,13,0,1439.3,2573.5,334.9
FLAKKEBJERG,2000-09-18,18,09,2000,262,9.7,15.2,11.9,0,1446.2,2585.4,334.9
FLAKKEBJERG,2000-09-19,19,09,2000,263,5.9,14.5,10.9,0,1452.1,2596.3,334.9
FLAKKEBJERG,2000-09-20,20,09,2000,264,10.1,15.1,12.6,0,1459.7,2608.9,334.9
FLAKKEBJERG,2000-09-21,21,09,2000,265,9.7,17.1,12.9,0,1467.7,2621.8,334.9
FLAKKEBJERG,2000-09-22,22,09,2000,266,7,17.4,12.2,0,1474.8,2634,334.9
FLAKKEBJERG,2000-09-23,23,09,2000,267,7.4,17.8,11.8,0,1481.7,2645.8,334.9
FLAKKEBJERG,2000-09-24,24,09,2000,268,5.9,15.9,10.3,0,1487,2656.2,334.9
FLAKKEBJERG,2000-09-25,25,09,2000,269,5.4,15.4,10.7,0,1492.7,2666.9,334.9
FLAKKEBJERG,2000-09-26,26,09,2000,270,9.9,15.5,12.3,1.9,1500,2679.2,336.8
FLAKKEBJERG,2000-09-27,27,09,2000,271,11.5,18.3,14.5,0.2,1509.5,2693.7,337
FLAKKEBJERG,2000-09-28,28,09,2000,272,12,16.9,14.4,8,1518.9,2708.1,345
FLAKKEBJERG,2000-09-29,29,09,2000,273,13.3,20.6,16,0,1529.9,2724.1,345
FLAKKEBJERG,2000-09-30,30,09,2000,274,12.7,18.3,14.6,0,1539.5,2738.7,345
FLAKKEBJERG,2000-10-01,01,10,2000,275,11,17.8,13.3,0,1547.8,2752,345
FLAKKEBJERG,2000-10-02,02,10,2000,276,10.3,14.7,12.9,0.3,1555.7,2764.9,345.3
FLAKKEBJERG,2000-10-03,03,10,2000,277,9.2,15.8,11.8,4.8,1562.5,2776.7,350.1
FLAKKEBJERG,2000-10-04,04,10,2000,278,9.2,17.3,13,0,1570.5,2789.7,350.1
FLAKKEBJERG,2000-10-05,05,10,2000,279,8.1,14.7,12.2,0,1577.6,2801.8,350.1
FLAKKEBJERG,2000-10-06,06,10,2000,280,11.7,14.1,11.6,12.4,1584.3,2813.5,362.5
FLAKKEBJERG,2000-10-07,07,10,2000,281,6.4,12.8,10.1,0,1589.4,2823.6,362.5
FLAKKEBJERG,2000-10-08,08,10,2000,282,8.4,12.1,9.8,0.4,1594.2,2833.4,362.9
FLAKKEBJERG,2000-10-09,09,10,2000,283,8.4,13.2,10.3,0.1,1599.6,2843.8,363
FLAKKEBJERG,2000-10-10,10,10,2000,284,8.2,12.6,10,6.4,1604.6,2853.8,369.4
FLAKKEBJERG,2000-10-11,11,10,2000,285,6.6,11.2,9.5,3.9,1609.1,2863.3,373.3
FLAKKEBJERG,2000-10-12,12,10,2000,286,8.3,13.8,11,1.8,1615.2,2874.4,375.1
FLAKKEBJERG,2000-10-13,13,10,2000,287,8.5,13.7,10.7,0,1620.9,2885.1,375.1
FLAKKEBJERG,2000-10-14,14,10,2000,288,5.3,14.1,9.1,0.9,1625,2894.2,376
FLAKKEBJERG,2000-10-15,15,10,2000,289,5.3,15.2,10.7,0.1,1630.7,2904.9,376.1
FLAKKEBJERG,2000-10-16,16,10,2000,290,10.3,15.6,13.7,0,1639.4,2918.6,376.1
FLAKKEBJERG,2000-10-17,17,10,2000,291,9.8,14,12,0,1646.4,2930.6,376.1
FLAKKEBJERG,2000-10-18,18,10,2000,292,6.7,12,9.2,0,1650.6,2939.8,376.1
FLAKKEBJERG,2000-10-19,19,10,2000,293,6.9,11.6,9.9,0,1655.5,2949.6,376.1
FLAKKEBJERG,2000-10-20,20,10,2000,294,9.5,12,10.8,1.5,1661.2,2960.4,377.6
FLAKKEBJERG,2000-10-21,21,10,2000,295,10.1,12.3,11.2,0,1667.5,2971.6,377.6
FLAKKEBJERG,2000-10-22,22,10,2000,296,10.8,13.8,12.1,0,1674.6,2983.8,377.6
FLAKKEBJERG,2000-10-23,23,10,2000,297,10.2,14.2,12.7,0,1682.2,2996.4,377.6
FLAKKEBJERG,2000-10-24,24,10,2000,298,10.3,13.2,11.7,7.8,1688.9,3008.1,385.4
FLAKKEBJERG,2000-10-25,25,10,2000,299,10.2,12.2,10.9,2.2,1694.8,3019,387.6
FLAKKEBJERG,2000-10-26,26,10,2000,300,9.8,11.5,9.9,4.2,1699.7,3028.9,391.8
FLAKKEBJERG,2000-10-27,27,10,2000,301,8,12.2,10,1.6,1704.7,3038.9,393.4
FLAKKEBJERG,2000-10-28,28,10,2000,302,8.7,13.1,11.7,1.6,1711.4,3050.6,395
FLAKKEBJERG,2000-10-29,29,10,2000,303,10.9,12.1,10.6,1.5,1717,3061.2,396.5
FLAKKEBJERG,2000-10-30,30,10,2000,304,7,12.2,10.2,4,1722.3,3071.4,400.5
FLAKKEBJERG,2000-10-31,31,10,2000,305,8.4,10.3,9.4,4,1726.7,3080.8,404.5
FLAKKEBJERG,2000-11-01,01,11,2000,306,8.6,10.3,9.3,0.2,1730.9,3090.1,404.7
FLAKKEBJERG,2000-11-02,02,11,2000,307,7.1,9.9,8.1,0.7,1734,3098.2,405.4
FLAKKEBJERG,2000-11-03,03,11,2000,308,7.1,10.4,9,1.9,1738.1,3107.3,407.3
FLAKKEBJERG,2000-11-04,04,11,2000,309,4.9,9,7.3,0.5,1740.3,3114.5,407.8
FLAKKEBJERG,2000-11-05,05,11,2000,310,5,7.9,6.7,0,1742.1,3121.3,407.8
FLAKKEBJERG,2000-11-06,06,11,2000,311,4.8,9.1,7.5,0,1744.6,3128.8,407.8
FLAKKEBJERG,2000-11-07,07,11,2000,312,7.1,9.7,8.8,5,1748.4,3137.6,412.8
FLAKKEBJERG,2000-11-08,08,11,2000,313,5.8,9.5,8.2,4.4,1751.6,3145.8,417.2
FLAKKEBJERG,2000-11-09,09,11,2000,314,7.5,8.8,8.3,0,1754.9,3154.1,417.2
FLAKKEBJERG,2000-11-10,10,11,2000,315,7.7,9.1,8.2,1.6,1758.1,3162.3,418.8
FLAKKEBJERG,2000-11-11,11,11,2000,316,6.3,8.1,7.3,0.4,1760.4,3169.6,419.2
FLAKKEBJERG,2000-11-12,12,11,2000,317,6.4,8.5,7.4,8.7,1762.9,3177,427.9
FLAKKEBJERG,2000-11-13,13,11,2000,318,6.8,9.7,7.9,4,1765.8,3185,431.9
FLAKKEBJERG,2000-11-14,14,11,2000,319,6,9,6.6,0,1767.4,3191.5,431.9
FLAKKEBJERG,2000-11-15,15,11,2000,320,2.9,7.8,6.1,0,1768.5,3197.7,431.9
FLAKKEBJERG,2000-11-16,16,11,2000,321,4.7,7.5,6.6,0.5,1770.1,3204.3,432.4
FLAKKEBJERG,2000-11-17,17,11,2000,322,5.9,6.9,6.1,0,1771.2,3210.4,432.4
FLAKKEBJERG,2000-11-18,18,11,2000,323,4.4,6.2,5.3,3.6,1771.5,3215.7,436
FLAKKEBJERG,2000-11-19,19,11,2000,324,4.7,7,6.3,2.8,1772.8,3222,438.8
FLAKKEBJERG,2000-11-20,20,11,2000,325,4.2,6.7,5.4,7.7,1773.2,3227.4,446.5
FLAKKEBJERG,2000-11-21,21,11,2000,326,2.2,6.1,4.6,2.7,1773.2,3232,449.2
FLAKKEBJERG,2000-11-22,22,11,2000,327,2.7,7.7,6,5.7,1774.2,3238,454.9
FLAKKEBJERG,2000-11-23,23,11,2000,328,4.3,7.8,6.6,5,1775.8,3244.6,459.9
FLAKKEBJERG,2000-11-24,24,11,2000,329,4.7,8,7.3,0,1778.1,3251.9,459.9
FLAKKEBJERG,2000-11-25,25,11,2000,330,4,7.4,5.5,0.4,1778.6,3257.4,460.3
FLAKKEBJERG,2000-11-26,26,11,2000,331,3.8,6.1,5.1,0,1778.6,3262.4,460.3
FLAKKEBJERG,2000-11-27,27,11,2000,332,3.6,7.6,6.7,0,1780.3,3269.1,460.3
FLAKKEBJERG,2000-11-28,28,11,2000,333,4.9,9.2,6.2,0,1781.5,3275.3,460.3
FLAKKEBJERG,2000-11-29,29,11,2000,334,5.6,11.7,9.7,10.5,1786.2,3285,470.8
FLAKKEBJERG,2000-11-30,30,11,2000,335,6.8,10.3,8.1,0.4,1789.3,3293.1,471.2
FLAKKEBJERG,2000-12-01,01,12,2000,336,4.1,8.9,6.9,0,1791.2,3300,471.2
FLAKKEBJERG,2000-12-02,02,12,2000,337,6.7,10.7,8.4,3,1794.6,3308.4,474.2
FLAKKEBJERG,2000-12-03,03,12,2000,338,6.7,8.6,7.7,0.5,1797.3,3316.1,474.7
FLAKKEBJERG,2000-12-04,04,12,2000,339,6.4,7.9,6.5,0.5,1798.7,3322.5,475.2
FLAKKEBJERG,2000-12-05,05,12,2000,340,5.4,8.1,7.1,0,1800.8,3329.6,475.2
FLAKKEBJERG,2000-12-06,06,12,2000,341,5.7,7.2,6.4,0,1802.3,3336.1,475.2
FLAKKEBJERG,2000-12-07,07,12,2000,342,4.9,8.6,7,2.3,1804.3,3343.1,477.5
FLAKKEBJERG,2000-12-08,08,12,2000,343,5.2,9.6,6.9,2.5,1806.2,3350,480
FLAKKEBJERG,2000-12-09,09,12,2000,344,5.5,9,7.8,2.4,1809,3357.8,482.4
FLAKKEBJERG,2000-12-10,10,12,2000,345,6.6,8.1,7.3,0,1811.3,3365.1,482.4
FLAKKEBJERG,2000-12-11,11,12,2000,346,7,10.5,8.7,2.6,1814.9,3373.7,485
FLAKKEBJERG,2000-12-12,12,12,2000,347,7.5,11.1,9.9,1.8,1819.8,3383.6,486.8
FLAKKEBJERG,2000-12-13,13,12,2000,348,9.3,11.1,9.4,4,1824.2,3393,490.8
FLAKKEBJERG,2000-12-14,14,12,2000,349,6.6,8.1,7.1,4.7,1826.4,3400.2,495.5
FLAKKEBJERG,2000-12-15,15,12,2000,350,6.1,7.5,6.3,0.1,1827.6,3406.4,495.6
FLAKKEBJERG,2000-12-16,16,12,2000,351,3.5,6.3,5.4,3.4,1828,3411.8,499
FLAKKEBJERG,2000-12-17,17,12,2000,352,-0.1,5.1,1.4,4.8,1828,3413.2,503.8
FLAKKEBJERG,2000-12-18,18,12,2000,353,-2.3,2.6,0.5,0.4,1828,3413.7,504.2
FLAKKEBJERG,2000-12-19,19,12,2000,354,-1.1,2.9,1.5,8.6,1828,3415.2,512.8
FLAKKEBJERG,2000-12-20,20,12,2000,355,-0.6,1.8,0.2,0.2,1828,3415.4,513
FLAKKEBJERG,2000-12-21,21,12,2000,356,-1.7,1.7,-0.6,0,1828,3415.4,513
FLAKKEBJERG,2000-12-22,22,12,2000,357,-2.9,-1.1,-1.8,0,1828,3415.4,513
FLAKKEBJERG,2000-12-23,23,12,2000,358,-3.2,1.6,0.2,0,1828,3415.6,513
FLAKKEBJERG,2000-12-24,24,12,2000,359,-0.6,1.3,-0.4,0,1828,3415.6,513
FLAKKEBJERG,2000-12-25,25,12,2000,360,-3.9,-0.6,-3.1,0,1828,3415.6,513
FLAKKEBJERG,2000-12-26,26,12,2000,361,-7.4,-1.1,-3.8,0,1828,3415.6,513
FLAKKEBJERG,2000-12-27,27,12,2000,362,-5.7,0.8,0,1.4,1828,3415.6,514.4
FLAKKEBJERG,2000-12-28,28,12,2000,363,-0.3,1.9,1.1,1.9,1828,3416.7,516.3
FLAKKEBJERG,2000-12-29,29,12,2000,364,0,1.8,1.1,3.7,1828,3417.8,520
FLAKKEBJERG,2000-12-30,30,12,2000,365,0.1,1.9,0.5,0,1828,3418.3,520
FLAKKEBJERG,2000-12-31,31,12,2000,366,-1.9,0.4,-1,0,1828,3418.3,520
FLAKKEBJERG,2001-01-01,01,01,2001,1,-3.1,2.1,0.5,0,0,0.5,0
FLAKKEBJERG,2001-01-02,02,01,2001,2,-0.7,3.5,2.6,9.5,0,3.1,9.5
FLAKKEBJERG,2001-01-03,03,01,2001,3,2.1,5.9,4.2,2.6,0,7.3,12.1
FLAKKEBJERG,2001-01-04,04,01,2001,4,0.9,3.4,2.2,2.5,0,9.5,14.6
FLAKKEBJERG,2001-01-05,05,01,2001,5,1.4,5.2,4.3,4.3,0,13.8,18.9
FLAKKEBJERG,2001-01-06,06,01,2001,6,4.3,6,5.3,7.1,0.3,19.1,26
FLAKKEBJERG,2001-01-07,07,01,2001,7,3.9,5.4,4.7,0,0.3,23.9,26
FLAKKEBJERG,2001-01-08,08,01,2001,8,4.1,4.9,4.3,0.1,0.3,28.2,26.099999999999998
FLAKKEBJERG,2001-01-09,09,01,2001,9,3.9,5.7,4.1,0,0.3,32.3,26.099999999999998
FLAKKEBJERG,2001-01-10,10,01,2001,10,-0.5,3.2,0.8,0,0.3,33.2,26.099999999999998
FLAKKEBJERG,2001-01-11,11,01,2001,11,-2.3,3,0.6,0,0.3,33.8,26.099999999999998
FLAKKEBJERG,2001-01-12,12,01,2001,12,-3.6,2.9,-0.4,0,0.3,33.8,26.099999999999998
FLAKKEBJERG,2001-01-13,13,01,2001,13,-3.6,2.3,0.5,0,0.3,34.3,26.099999999999998
FLAKKEBJERG,2001-01-14,14,01,2001,14,-0.4,1.8,-0.1,0,0.3,34.3,26.099999999999998
FLAKKEBJERG,2001-01-15,15,01,2001,15,-2,-0.3,-1.3,0,0.3,34.3,26.099999999999998
FLAKKEBJERG,2001-01-16,16,01,2001,16,-2.7,-1.2,-2.2,0,0.3,34.3,26.099999999999998
FLAKKEBJERG,2001-01-17,17,01,2001,17,-2.9,0.5,-0.9,0,0.3,34.3,26.099999999999998
FLAKKEBJERG,2001-01-18,18,01,2001,18,-1.7,-0.2,-0.7,0,0.3,34.3,26.099999999999998
FLAKKEBJERG,2001-01-19,19,01,2001,19,-1.2,0,-0.4,0,0.3,34.3,26.099999999999998
FLAKKEBJERG,2001-01-20,20,01,2001,20,-0.8,0.4,-0.6,0,0.3,34.3,26.099999999999998
FLAKKEBJERG,2001-01-21,21,01,2001,21,-2.7,1.8,0.3,0,0.3,34.5,26.099999999999998
FLAKKEBJERG,2001-01-22,22,01,2001,22,-0.1,0.7,0,0,0.3,34.5,26.099999999999998
FLAKKEBJERG,2001-01-23,23,01,2001,23,-1,3,1.2,0,0.3,35.7,26.099999999999998
FLAKKEBJERG,2001-01-24,24,01,2001,24,0.5,7,4.4,3,0.3,40.1,29.099999999999998
FLAKKEBJERG,2001-01-25,25,01,2001,25,1.3,3.9,2.4,5.8,0.3,42.6,34.9
FLAKKEBJERG,2001-01-26,26,01,2001,26,1.5,4.3,3.7,5.7,0.3,46.3,40.6
FLAKKEBJERG,2001-01-27,27,01,2001,27,1,5.6,2.4,1,0.3,48.7,41.6
FLAKKEBJERG,2001-01-28,28,01,2001,28,1,2.8,2.4,0,0.3,51.1,41.6
FLAKKEBJERG,2001-01-29,29,01,2001,29,1.5,3.1,2.1,0.9,0.3,53.2,42.5
FLAKKEBJERG,2001-01-30,30,01,2001,30,1.1,2.4,1.4,0,0.3,54.6,42.5
FLAKKEBJERG,2001-01-31,31,01,2001,31,0.7,3.2,1.4,0,0.3,56,42.5
FLAKKEBJERG,2001-02-01,01,02,2001,32,-0.4,1.6,-0.1,2,0.3,56,44.5
FLAKKEBJERG,2001-02-02,02,02,2001,33,-7.1,-3.8,-5.6,0,0.3,56,44.5
FLAKKEBJERG,2001-02-03,03,02,2001,34,-8.6,-4.7,-6.5,0,0.3,56,44.5
FLAKKEBJERG,2001-02-04,04,02,2001,35,-8.4,-2.4,-4.8,0.3,0.3,56,44.8
FLAKKEBJERG,2001-02-05,05,02,2001,36,-7.3,0.5,-3.1,1.4,0.3,56,46.2
FLAKKEBJERG,2001-02-06,06,02,2001,37,-4.7,6.2,3.3,3.4,0.3,59.4,49.6
FLAKKEBJERG,2001-02-07,07,02,2001,38,1.5,7.9,5.2,3.6,0.5,64.5,53.2
FLAKKEBJERG,2001-02-08,08,02,2001,39,3.3,9.1,5.2,4.4,0.8,69.8,57.6
FLAKKEBJERG,2001-02-09,09,02,2001,40,0,2,0.6,2,0.8,70.4,59.6
FLAKKEBJERG,2001-02-10,10,02,2001,41,-2.9,1.2,-0.8,0,0.8,70.4,59.6
FLAKKEBJERG,2001-02-11,11,02,2001,42,-2.1,7.9,3.7,3.5,0.8,74.1,63.1
FLAKKEBJERG,2001-02-12,12,02,2001,43,1.3,8,6.2,6.4,2,80.3,69.5
FLAKKEBJERG,2001-02-13,13,02,2001,44,2.2,6.4,3.6,2.2,2,83.9,71.7
FLAKKEBJERG,2001-02-14,14,02,2001,45,1.1,5.2,2.4,0,2,86.3,71.7
FLAKKEBJERG,2001-02-15,15,02,2001,46,-0.6,2.7,1.2,0,2,87.5,71.7
FLAKKEBJERG,2001-02-16,16,02,2001,47,-0.1,4.2,2.4,0,2,89.9,71.7
FLAKKEBJERG,2001-02-17,17,02,2001,48,-2,3,0.9,0,2,90.8,71.7
FLAKKEBJERG,2001-02-18,18,02,2001,49,-0.8,7.8,4,0,2,94.8,71.7
FLAKKEBJERG,2001-02-19,19,02,2001,50,0,4.6,3.1,0,2,97.9,71.7
FLAKKEBJERG,2001-02-20,20,02,2001,51,1.2,5.2,3.5,0,2,101.4,71.7
FLAKKEBJERG,2001-02-21,21,02,2001,52,2.2,6.4,4.6,0,2,106,71.7
FLAKKEBJERG,2001-02-22,22,02,2001,53,1.8,3.5,1.6,0,2,107.6,71.7
FLAKKEBJERG,2001-02-23,23,02,2001,54,-5.4,-1.7,-4.4,0,2,107.6,71.7
FLAKKEBJERG,2001-02-24,24,02,2001,55,-9.1,-0.9,-5,0,2,107.6,71.7
FLAKKEBJERG,2001-02-25,25,02,2001,56,-7.5,3.2,0,0,2,107.6,71.7
FLAKKEBJERG,2001-02-26,26,02,2001,57,-6.3,-0.2,-2.5,3.4,2,107.6,75.1
FLAKKEBJERG,2001-02-27,27,02,2001,58,-4,1.8,-0.6,0,2,107.6,75.1
FLAKKEBJERG,2001-02-28,28,02,2001,59,-2.3,0.6,-0.8,0,2,107.6,75.1
FLAKKEBJERG,2001-03-01,01,03,2001,60,-1.3,0,-0.6,0.7,2,107.6,75.8
FLAKKEBJERG,2001-03-02,02,03,2001,61,-2.5,-1,-2.2,1.5,2,107.6,77.3
FLAKKEBJERG,2001-03-03,03,03,2001,62,-7.3,-1,-4.1,0.1,2,107.6,77.4
FLAKKEBJERG,2001-03-04,04,03,2001,63,-11.2,0.5,-4.4,0,2,107.6,77.4
FLAKKEBJERG,2001-03-05,05,03,2001,64,-7.9,1.5,-2.8,0,2,107.6,77.4
FLAKKEBJERG,2001-03-06,06,03,2001,65,-5.7,3.3,-0.8,0,2,107.6,77.4
FLAKKEBJERG,2001-03-07,07,03,2001,66,-3,3.1,0.7,0,2,108.3,77.4
FLAKKEBJERG,2001-03-08,08,03,2001,67,0.1,5.5,3.1,0,2,111.4,77.4
FLAKKEBJERG,2001-03-09,09,03,2001,68,2.6,9.7,5.8,2,2.8,117.2,79.4
FLAKKEBJERG,2001-03-10,10,03,2001,69,4.1,8.7,7,0,4.7,124.2,79.4
FLAKKEBJERG,2001-03-11,11,03,2001,70,6.1,8.2,7.3,0.4,7,131.5,79.8
FLAKKEBJERG,2001-03-12,12,03,2001,71,6.6,8.8,5.9,5.1,7.9,137.4,84.9
FLAKKEBJERG,2001-03-13,13,03,2001,72,0.8,7.5,4.1,0.6,7.9,141.5,85.5
FLAKKEBJERG,2001-03-14,14,03,2001,73,2.3,5.4,3.6,1.9,7.9,145.2,87.4
FLAKKEBJERG,2001-03-15,15,03,2001,74,2.5,7.7,4.5,2.5,7.9,149.7,89.9
FLAKKEBJERG,2001-03-16,16,03,2001,75,1.2,6.3,3.1,0.4,7.9,152.8,90.3
FLAKKEBJERG,2001-03-17,17,03,2001,76,-2.1,3.3,0.8,0,7.9,153.6,90.3
FLAKKEBJERG,2001-03-18,18,03,2001,77,-0.3,1.9,0.1,0,7.9,153.7,90.3
FLAKKEBJERG,2001-03-19,19,03,2001,78,-2.7,-1.6,-2.5,4.2,7.9,153.7,94.5
FLAKKEBJERG,2001-03-20,20,03,2001,79,-6.5,0.4,-3.8,3.4,7.9,153.7,97.9
FLAKKEBJERG,2001-03-21,21,03,2001,80,-12.3,0.9,-5.5,0,7.9,153.7,97.9
FLAKKEBJERG,2001-03-22,22,03,2001,81,-7.5,1,-2.3,0,7.9,153.7,97.9
FLAKKEBJERG,2001-03-23,23,03,2001,82,-5.3,2.1,-0.7,0,7.9,153.7,97.9
FLAKKEBJERG,2001-03-24,24,03,2001,83,-0.5,1.9,0.9,0,7.9,154.7,97.9
FLAKKEBJERG,2001-03-25,25,03,2001,84,-0.5,1.9,0.3,0,7.9,154.9,97.9
FLAKKEBJERG,2001-03-26,26,03,2001,85,-2.4,2.2,-0.4,0,7.9,154.9,97.9
FLAKKEBJERG,2001-03-27,27,03,2001,86,-3.9,1.8,-1,0,7.9,154.9,97.9
FLAKKEBJERG,2001-03-28,28,03,2001,87,-2.5,3.2,0.6,0,7.9,155.5,97.9
FLAKKEBJERG,2001-03-29,29,03,2001,88,-0.3,4.8,2,0,7.9,157.5,97.9
FLAKKEBJERG,2001-03-30,30,03,2001,89,0.5,6.2,4,3.6,7.9,161.5,101.5
FLAKKEBJERG,2001-03-31,31,03,2001,90,1,9.5,5.6,0,8.5,167.1,101.5
FLAKKEBJERG,2001-04-01,01,04,2001,91,4.9,10.9,7.7,0.4,11.2,174.8,101.9
FLAKKEBJERG,2001-04-02,02,04,2001,92,2.5,13.7,7.9,0,14.1,182.7,101.9
FLAKKEBJERG,2001-04-03,03,04,2001,93,4.2,12.1,8.4,0,17.5,191,101.9
FLAKKEBJERG,2001-04-04,04,04,2001,94,2.6,14.2,7.9,0,20.3,198.9,101.9
FLAKKEBJERG,2001-04-05,05,04,2001,95,4.8,8.9,6.1,7,21.4,205,108.9
FLAKKEBJERG,2001-04-06,06,04,2001,96,3.5,8.4,6.3,0.1,22.7,211.3,109
FLAKKEBJERG,2001-04-07,07,04,2001,97,6.3,11,7.7,1,25.4,219,110
FLAKKEBJERG,2001-04-08,08,04,2001,98,3.7,10.1,6,6.5,26.4,225,116.5
FLAKKEBJERG,2001-04-09,09,04,2001,99,3.2,8.8,5.6,0,27,230.5,116.5
FLAKKEBJERG,2001-04-10,10,04,2001,100,2.6,8.6,5.6,0,27.6,236.1,116.5
FLAKKEBJERG,2001-04-11,11,04,2001,101,1.8,10.9,6.6,0,29.2,242.8,116.5
FLAKKEBJERG,2001-04-12,12,04,2001,102,0.3,4.8,2.7,0,29.2,245.4,116.5
FLAKKEBJERG,2001-04-13,13,04,2001,103,0.3,4.4,2.2,5.2,29.2,247.6,121.7
FLAKKEBJERG,2001-04-14,14,04,2001,104,-2.1,4.5,1.8,0,29.2,249.4,121.7
FLAKKEBJERG,2001-04-15,15,04,2001,105,-0.1,2.9,1.5,0.8,29.2,250.9,122.5
FLAKKEBJERG,2001-04-16,16,04,2001,106,0.3,6.4,3.7,1.1,29.2,254.6,123.6
FLAKKEBJERG,2001-04-17,17,04,2001,107,0.5,8.5,4.3,0,29.2,259,123.6
FLAKKEBJERG,2001-04-18,18,04,2001,108,2.9,5.4,3.1,3.5,29.2,262.1,127.1
FLAKKEBJERG,2001-04-19,19,04,2001,109,-0.3,7,3.4,4.2,29.2,265.5,131.3
FLAKKEBJERG,2001-04-20,20,04,2001,110,0.8,8.6,4.4,0,29.2,269.9,131.3
FLAKKEBJERG,2001-04-21,21,04,2001,111,-0.5,10.7,5,0,29.2,274.9,131.3
FLAKKEBJERG,2001-04-22,22,04,2001,112,0,10.7,6.4,0,30.6,281.3,131.3
FLAKKEBJERG,2001-04-23,23,04,2001,113,4.3,6.4,5.4,0.1,31,286.7,131.4
FLAKKEBJERG,2001-04-24,24,04,2001,114,4.9,11.5,7.7,8,33.6,294.4,139.4
FLAKKEBJERG,2001-04-25,25,04,2001,115,5,11,8,0,36.7,302.4,139.4
FLAKKEBJERG,2001-04-26,26,04,2001,116,5.7,11.2,8,15.4,39.7,310.4,154.8
FLAKKEBJERG,2001-04-27,27,04,2001,117,6.9,11.2,8.5,2.4,43.2,318.9,157.2
FLAKKEBJERG,2001-04-28,28,04,2001,118,3.9,9,7,0.1,45.2,325.9,157.3
FLAKKEBJERG,2001-04-29,29,04,2001,119,3.8,12.8,8.7,5.3,48.8,334.6,162.6
FLAKKEBJERG,2001-04-30,30,04,2001,120,6.2,15,10.5,0.5,54.3,345,163.1
FLAKKEBJERG,2001-05-01,01,05,2001,121,5.7,12.4,8.5,0.6,57.8,353.5,163.7
FLAKKEBJERG,2001-05-02,02,05,2001,122,4.2,16.2,9.5,0,62.3,363,163.7
FLAKKEBJERG,2001-05-03,03,05,2001,123,4.7,19.1,12.4,0,69.7,375.4,163.7
FLAKKEBJERG,2001-05-04,04,05,2001,124,7.8,12.1,9,12,73.7,384.4,175.7
FLAKKEBJERG,2001-05-05,05,05,2001,125,5.1,11.1,7.5,0,76.2,391.9,175.7
FLAKKEBJERG,2001-05-06,06,05,2001,126,4.9,14.4,9.7,0,80.9,401.7,175.7
FLAKKEBJERG,2001-05-07,07,05,2001,127,3.3,15.1,9.8,0,85.8,411.5,175.7
FLAKKEBJERG,2001-05-08,08,05,2001,128,8.2,18.8,12.8,0,93.5,424.2,175.7
FLAKKEBJERG,2001-05-09,09,05,2001,129,5.4,20.2,13.6,0,102.1,437.9,175.7
FLAKKEBJERG,2001-05-10,10,05,2001,130,6.2,21.4,14.3,0,111.4,452.1,175.7
FLAKKEBJERG,2001-05-11,11,05,2001,131,7.6,19.9,14,0,120.4,466.2,175.7
FLAKKEBJERG,2001-05-12,12,05,2001,132,6.8,21.4,14.9,0,130.4,481.1,175.7
FLAKKEBJERG,2001-05-13,13,05,2001,133,8,20.8,15.1,0,140.4,496.2,175.7
FLAKKEBJERG,2001-05-14,14,05,2001,134,6.8,20.4,14.7,0,150.1,510.8,175.7
FLAKKEBJERG,2001-05-15,15,05,2001,135,9.1,15.9,12.4,0,157.5,523.2,175.7
FLAKKEBJERG,2001-05-16,16,05,2001,136,8.1,18.1,13.6,0.9,166.1,536.8,176.6
FLAKKEBJERG,2001-05-17,17,05,2001,137,11.3,18.3,13.5,0.3,174.6,550.3,176.9
FLAKKEBJERG,2001-05-18,18,05,2001,138,8.3,13.3,10.2,2.9,179.8,560.5,179.8
FLAKKEBJERG,2001-05-19,19,05,2001,139,7.8,13,10.1,0.2,184.9,570.6,180
FLAKKEBJERG,2001-05-20,20,05,2001,140,7.5,14.8,10.9,0,190.8,581.5,180
FLAKKEBJERG,2001-05-21,21,05,2001,141,8.5,15,11,0,196.7,592.4,180
FLAKKEBJERG,2001-05-22,22,05,2001,142,3.5,16.5,11.2,0,202.9,603.6,180
FLAKKEBJERG,2001-05-23,23,05,2001,143,5.6,19.5,13.6,0,211.4,617.2,180
FLAKKEBJERG,2001-05-24,24,05,2001,144,6.7,18,12.3,0,218.7,629.5,180
FLAKKEBJERG,2001-05-25,25,05,2001,145,5.9,19.1,12.6,0,226.3,642.1,180
FLAKKEBJERG,2001-05-26,26,05,2001,146,5.1,19.2,13.6,0,235,655.7,180
FLAKKEBJERG,2001-05-27,27,05,2001,147,8.6,19,14,0,243.9,669.6,180
FLAKKEBJERG,2001-05-28,28,05,2001,148,12.2,19.1,15.1,2.5,254,684.7,182.5
FLAKKEBJERG,2001-05-29,29,05,2001,149,11.2,15.2,13,2,262,697.7,184.5
FLAKKEBJERG,2001-05-30,30,05,2001,150,10.8,14.8,12.2,0.2,269.1,709.9,184.7
FLAKKEBJERG,2001-05-31,31,05,2001,151,9,15,12.4,0.3,276.5,722.3,185
FLAKKEBJERG,2001-06-01,01,06,2001,152,10.2,14.5,12,0.6,283.6,734.3,185.6
FLAKKEBJERG,2001-06-02,02,06,2001,153,9,12.8,10.8,0.6,289.4,745.1,186.2
FLAKKEBJERG,2001-06-03,03,06,2001,154,7.7,13.5,10.2,10,294.6,755.3,196.2
FLAKKEBJERG,2001-06-04,04,06,2001,155,8.5,14.3,11.1,2.6,300.7,766.5,198.8
FLAKKEBJERG,2001-06-05,05,06,2001,156,9.9,14.3,11.7,0.6,307.5,778.2,199.4
FLAKKEBJERG,2001-06-06,06,06,2001,157,9.8,16.8,13.2,0,315.7,791.4,199.4
FLAKKEBJERG,2001-06-07,07,06,2001,158,12.1,15.4,12.6,1.1,323.2,804,200.5
FLAKKEBJERG,2001-06-08,08,06,2001,159,8.1,15.4,11.1,0.2,329.4,815.1,200.7
FLAKKEBJERG,2001-06-09,09,06,2001,160,5.7,15,10.7,0.1,335.1,825.8,200.8
FLAKKEBJERG,2001-06-10,10,06,2001,161,5,14.1,10.3,0,340.4,836.1,200.8
FLAKKEBJERG,2001-06-11,11,06,2001,162,4.3,14.3,10.1,0.8,345.5,846.2,201.6
FLAKKEBJERG,2001-06-12,12,06,2001,163,8.8,15.1,11.8,0,352.3,858,201.6
FLAKKEBJERG,2001-06-13,13,06,2001,164,6.5,15.2,10.8,0.2,358.1,868.8,201.8
FLAKKEBJERG,2001-06-14,14,06,2001,165,5.7,17.2,11.9,0,365,880.8,201.8
FLAKKEBJERG,2001-06-15,15,06,2001,166,6.2,18.8,13.2,0,373.2,894,201.8
FLAKKEBJERG,2001-06-16,16,06,2001,167,10.7,16.2,12.4,11.8,380.6,906.3,213.6
FLAKKEBJERG,2001-06-17,17,06,2001,168,6.7,19.1,13.8,0,389.4,920.1,213.6
FLAKKEBJERG,2001-06-18,18,06,2001,169,9.9,20.8,15.5,0,399.9,935.6,213.6
FLAKKEBJERG,2001-06-19,19,06,2001,170,11,17.8,13.9,0,408.8,949.5,213.6
FLAKKEBJERG,2001-06-20,20,06,2001,171,8.1,18.4,14,0,417.8,963.6,213.6
FLAKKEBJERG,2001-06-21,21,06,2001,172,11.2,18.2,13.9,0.8,426.7,977.4,214.4
FLAKKEBJERG,2001-06-22,22,06,2001,173,10.8,17.3,13.3,4.3,435,990.8,218.7
FLAKKEBJERG,2001-06-23,23,06,2001,174,12,20.3,16.3,1.3,446.4,1007.1,220
FLAKKEBJERG,2001-06-24,24,06,2001,175,12.6,19.1,15,0,456.3,1022,220
FLAKKEBJERG,2001-06-25,25,06,2001,176,10.8,19.8,14.7,0,466,1036.7,220
FLAKKEBJERG,2001-06-26,26,06,2001,177,11.1,23,17.2,0,478.2,1053.9,220
FLAKKEBJERG,2001-06-27,27,06,2001,178,9.2,24.1,18.4,0,491.5,1072.3,220
FLAKKEBJERG,2001-06-28,28,06,2001,179,14.5,23,18.5,0,505,1090.7,220
FLAKKEBJERG,2001-06-29,29,06,2001,180,11.9,22.7,17.9,2,517.9,1108.7,222
FLAKKEBJERG,2001-06-30,30,06,2001,181,13.7,23.3,18.8,0,531.8,1127.5,222
FLAKKEBJERG,2001-07-01,01,07,2001,182,14,21.5,16.9,6.5,543.6,1144.3,228.5
FLAKKEBJERG,2001-07-02,02,07,2001,183,12.9,21,16,0,554.6,1160.3,228.5
FLAKKEBJERG,2001-07-03,03,07,2001,184,10.5,24.2,18.6,0,568.2,1178.9,228.5
FLAKKEBJERG,2001-07-04,04,07,2001,185,10,24,18.1,0,581.3,1197,228.5
FLAKKEBJERG,2001-07-05,05,07,2001,186,11.4,27.2,20.1,0,596.4,1217.1,228.5
FLAKKEBJERG,2001-07-06,06,07,2001,187,13.3,27.4,21.3,0,612.7,1238.4,228.5
FLAKKEBJERG,2001-07-07,07,07,2001,188,17.1,28.4,22.9,0,630.6,1261.3,228.5
FLAKKEBJERG,2001-07-08,08,07,2001,189,19.5,28.8,22.3,0,647.8,1283.6,228.5
FLAKKEBJERG,2001-07-09,09,07,2001,190,16.8,20.1,18.4,0.2,661.2,1302,228.7
FLAKKEBJERG,2001-07-10,10,07,2001,191,15.9,22.5,18.8,0,675,1320.7,228.7
FLAKKEBJERG,2001-07-11,11,07,2001,192,14.3,20,16.1,12.8,686,1336.8,241.5
FLAKKEBJERG,2001-07-12,12,07,2001,193,12.6,18.7,16,11,697,1352.8,252.5
FLAKKEBJERG,2001-07-13,13,07,2001,194,11.9,18.1,14.8,8.6,706.9,1367.6,261.1
FLAKKEBJERG,2001-07-14,14,07,2001,195,10.7,21,16.4,0,718.3,1384,261.1
FLAKKEBJERG,2001-07-15,15,07,2001,196,14.9,19.7,16.5,0.5,729.8,1400.5,261.6
FLAKKEBJERG,2001-07-16,16,07,2001,197,7.8,17.1,12.9,0,737.6,1413.3,261.6
FLAKKEBJERG,2001-07-17,17,07,2001,198,9,20,14.9,1,747.5,1428.2,262.6
FLAKKEBJERG,2001-07-18,18,07,2001,199,7.6,22.1,15.8,0,758.3,1444,262.6
FLAKKEBJERG,2001-07-19,19,07,2001,200,11.3,23.5,17.9,0,771.2,1461.9,262.6
FLAKKEBJERG,2001-07-20,20,07,2001,201,10.8,20.9,17.2,0.7,783.4,1479.1,263.3
FLAKKEBJERG,2001-07-21,21,07,2001,202,12.4,21,17.1,0,795.5,1496.2,263.3
FLAKKEBJERG,2001-07-22,22,07,2001,203,15.7,23.7,19.1,0,809.6,1515.3,263.3
FLAKKEBJERG,2001-07-23,23,07,2001,204,14.5,24.3,19.2,0,823.8,1534.5,263.3
FLAKKEBJERG,2001-07-24,24,07,2001,205,12.4,26.4,20.1,0,838.9,1554.6,263.3
FLAKKEBJERG,2001-07-25,25,07,2001,206,13.7,27.5,20.8,0,854.7,1575.4,263.3
FLAKKEBJERG,2001-07-26,26,07,2001,207,13.7,24.3,19.5,0,869.1,1594.9,263.3
FLAKKEBJERG,2001-07-27,27,07,2001,208,11.3,26.2,19.6,0,883.8,1614.5,263.3
FLAKKEBJERG,2001-07-28,28,07,2001,209,12,24.1,18.3,0,897.1,1632.9,263.3
FLAKKEBJERG,2001-07-29,29,07,2001,210,12.7,25.3,19.8,1.3,911.9,1652.6,264.6
FLAKKEBJERG,2001-07-30,30,07,2001,211,17,25.2,20.2,0,927.1,1672.8,264.6
FLAKKEBJERG,2001-07-31,31,07,2001,212,14.1,19.8,16.4,0,938.5,1689.3,264.6
FLAKKEBJERG,2001-08-01,01,08,2001,213,13.5,20.5,16.6,0,950.1,1705.8,264.6
FLAKKEBJERG,2001-08-02,02,08,2001,214,10.1,22.3,16.9,0,962,1722.7,264.6
FLAKKEBJERG,2001-08-03,03,08,2001,215,14.1,24.9,19.4,0,976.3,1742.1,264.6
FLAKKEBJERG,2001-08-04,04,08,2001,216,14.5,23.7,17.8,1.6,989.1,1759.9,266.2
FLAKKEBJERG,2001-08-05,05,08,2001,217,12.7,21.2,15.9,6.3,1000,1775.7,272.5
FLAKKEBJERG,2001-08-06,06,08,2001,218,12.7,20.7,16,2,1011,1791.7,274.5
FLAKKEBJERG,2001-08-07,07,08,2001,219,12.5,21.1,16.2,18.7,1022.2,1807.9,293.2
FLAKKEBJERG,2001-08-08,08,08,2001,220,12.1,20.3,16.6,4.1,1033.8,1824.5,297.3
FLAKKEBJERG,2001-08-09,09,08,2001,221,15.3,20.4,16.7,11,1045.4,1841.1,308.3
FLAKKEBJERG,2001-08-10,10,08,2001,222,10.7,17.6,13.9,0,1054.4,1855.1,308.3
FLAKKEBJERG,2001-08-11,11,08,2001,223,11.1,20.1,14.8,2.3,1064.1,1869.8,310.6
FLAKKEBJERG,2001-08-12,12,08,2001,224,11.1,17,15.3,7,1074.4,1885.1,317.6
FLAKKEBJERG,2001-08-13,13,08,2001,225,14.8,20.6,17.2,11.7,1086.6,1902.3,329.3
FLAKKEBJERG,2001-08-14,14,08,2001,226,15.7,24.8,19.9,0,1101.5,1922.3,329.3
FLAKKEBJERG,2001-08-15,15,08,2001,227,13.4,29.3,22,0,1118.5,1944.2,329.3
FLAKKEBJERG,2001-08-16,16,08,2001,228,17.1,30.6,22.6,0,1136.1,1966.8,329.3
FLAKKEBJERG,2001-08-17,17,08,2001,229,15.3,23,18.6,0,1149.7,1985.4,329.3
FLAKKEBJERG,2001-08-18,18,08,2001,230,8.9,24.8,17.5,0,1162.2,2002.9,329.3
FLAKKEBJERG,2001-08-19,19,08,2001,231,13.9,21.1,17.8,0,1175,2020.7,329.3
FLAKKEBJERG,2001-08-20,20,08,2001,232,17.1,24,19.5,25,1189.5,2040.2,354.3
FLAKKEBJERG,2001-08-21,21,08,2001,233,13.2,23.8,17.9,0,1202.4,2058.1,354.3
FLAKKEBJERG,2001-08-22,22,08,2001,234,11.1,26,18.6,0,1216,2076.8,354.3
FLAKKEBJERG,2001-08-23,23,08,2001,235,12.3,23.1,18.2,0,1229.2,2095,354.3
FLAKKEBJERG,2001-08-24,24,08,2001,236,16.3,20.4,17.9,30,1242.1,2112.8,384.3
FLAKKEBJERG,2001-08-25,25,08,2001,237,14.6,25.3,19.9,0,1257,2132.8,384.3
FLAKKEBJERG,2001-08-26,26,08,2001,238,17.3,27,21.5,0,1273.5,2154.3,384.3
FLAKKEBJERG,2001-08-27,27,08,2001,239,14.8,19.7,16.5,11.7,1285,2170.7,396
FLAKKEBJERG,2001-08-28,28,08,2001,240,13.9,16.8,14.8,0,1294.8,2185.6,396
FLAKKEBJERG,2001-08-29,29,08,2001,241,10.7,20.9,15.7,2,1305.5,2201.2,398
FLAKKEBJERG,2001-08-30,30,08,2001,242,9.2,21.1,15.4,0,1316,2216.7,398
FLAKKEBJERG,2001-08-31,31,08,2001,243,14.9,19.4,16.8,0,1327.7,2233.5,398
FLAKKEBJERG,2001-09-01,01,09,2001,244,9.9,20,15.1,0,1337.9,2248.6,398
FLAKKEBJERG,2001-09-02,02,09,2001,245,11.7,17,14.8,0.2,1347.7,2263.4,398.2
FLAKKEBJERG,2001-09-03,03,09,2001,246,14.1,19.1,15.6,3.3,1358.3,2279,401.5
FLAKKEBJERG,2001-09-04,04,09,2001,247,13.1,18.7,14.9,7.6,1368.2,2293.9,409.1
FLAKKEBJERG,2001-09-05,05,09,2001,248,9,20.1,14.6,0,1377.8,2308.6,409.1
FLAKKEBJERG,2001-09-06,06,09,2001,249,11.8,15.8,14,0,1386.8,2322.6,409.1
FLAKKEBJERG,2001-09-07,07,09,2001,250,11.6,17.1,13.6,2,1395.4,2336.1,411.1
FLAKKEBJERG,2001-09-08,08,09,2001,251,9.8,15.3,12,12,1402.5,2348.2,423.1
FLAKKEBJERG,2001-09-09,09,09,2001,252,9.9,14.2,12.6,7.6,1410.1,2360.8,430.7
FLAKKEBJERG,2001-09-10,10,09,2001,253,12.4,15.8,13.6,20.6,1418.6,2374.4,451.3
FLAKKEBJERG,2001-09-11,11,09,2001,254,10.4,16.1,12.2,3.5,1425.9,2386.6,454.8
FLAKKEBJERG,2001-09-12,12,09,2001,255,7.2,16.9,13,0.5,1433.9,2399.6,455.3
FLAKKEBJERG,2001-09-13,13,09,2001,256,11.7,16.2,13.1,0.5,1442,2412.7,455.8
FLAKKEBJERG,2001-09-14,14,09,2001,257,5.7,16.4,12.4,5.5,1449.4,2425.1,461.3
FLAKKEBJERG,2001-09-15,15,09,2001,258,12.5,14.6,13.4,0,1457.7,2438.4,461.3
FLAKKEBJERG,2001-09-16,16,09,2001,259,7.2,16.2,12.1,1,1464.8,2450.5,462.3
FLAKKEBJERG,2001-09-17,17,09,2001,260,11.1,17.5,13.8,5.2,1473.6,2464.3,467.5
FLAKKEBJERG,2001-09-18,18,09,2001,261,12.3,16.2,13.4,1.9,1482.1,2477.8,469.4
FLAKKEBJERG,2001-09-19,19,09,2001,262,11.2,16.4,13.2,16.2,1490.2,2490.9,485.6
FLAKKEBJERG,2001-09-20,20,09,2001,263,11.1,16.2,13.3,0,1498.5,2504.2,485.6
FLAKKEBJERG,2001-09-21,21,09,2001,264,11.5,15.5,12.7,4,1506.2,2516.9,489.6
FLAKKEBJERG,2001-09-22,22,09,2001,265,10.7,16.8,12.4,2.9,1513.6,2529.3,492.5
FLAKKEBJERG,2001-09-23,23,09,2001,266,10,15.6,12.5,0.4,1521.1,2541.8,492.9
FLAKKEBJERG,2001-09-24,24,09,2001,267,9.2,13.2,11.4,0,1527.5,2553.2,492.9
FLAKKEBJERG,2001-09-25,25,09,2001,268,8.5,12.5,10.3,0.7,1532.8,2563.5,493.6
FLAKKEBJERG,2001-09-26,26,09,2001,269,8.6,14.2,10.6,0,1538.5,2574.2,493.6
FLAKKEBJERG,2001-09-27,27,09,2001,270,8.4,13.6,11.5,4.5,1545,2585.7,498.1
FLAKKEBJERG,2001-09-28,28,09,2001,271,9.2,14,11.4,0,1551.3,2597,498.1
FLAKKEBJERG,2001-09-29,29,09,2001,272,9.2,13,11.9,0.8,1558.3,2609,498.9
FLAKKEBJERG,2001-09-30,30,09,2001,273,11.6,13.5,12.2,0.8,1565.5,2621.2,499.7
FLAKKEBJERG,2001-10-01,01,10,2001,274,11.5,17.3,14,10.2,1574.5,2635.2,509.9
FLAKKEBJERG,2001-10-02,02,10,2001,275,12.9,16,14.3,8.2,1583.8,2649.5,518.1
FLAKKEBJERG,2001-10-03,03,10,2001,276,12.7,16.7,14.3,3.5,1593.1,2663.8,521.6
FLAKKEBJERG,2001-10-04,04,10,2001,277,12.5,15.2,13.4,0,1601.5,2677.2,521.6
FLAKKEBJERG,2001-10-05,05,10,2001,278,10,15.6,12.7,1.4,1609.2,2690,523
FLAKKEBJERG,2001-10-06,06,10,2001,279,8.6,16.5,12.6,0,1616.8,2702.5,523
FLAKKEBJERG,2001-10-07,07,10,2001,280,12,16.2,13.9,0,1625.7,2716.4,523
FLAKKEBJERG,2001-10-08,08,10,2001,281,12.8,16.3,13.9,0.2,1634.6,2730.3,523.2
FLAKKEBJERG,2001-10-09,09,10,2001,282,10.7,14.9,13.1,0.6,1642.7,2743.4,523.8
FLAKKEBJERG,2001-10-10,10,10,2001,283,12.7,15.8,13.6,0.4,1651.3,2757,524.2
FLAKKEBJERG,2001-10-11,11,10,2001,284,11.2,15.6,13.1,2.3,1659.4,2770.1,526.5
FLAKKEBJERG,2001-10-12,12,10,2001,285,11.9,16.4,14.2,0,1668.7,2784.4,526.5
FLAKKEBJERG,2001-10-13,13,10,2001,286,8.6,18,13.5,0,1677.1,2797.8,526.5
FLAKKEBJERG,2001-10-14,14,10,2001,287,11.5,17,13.9,0,1686,2811.8,526.5
FLAKKEBJERG,2001-10-15,15,10,2001,288,12.7,16.9,14.2,0.2,1695.3,2826,526.7
FLAKKEBJERG,2001-10-16,16,10,2001,289,12.8,18,14.1,0,1704.4,2840.1,526.7
FLAKKEBJERG,2001-10-17,17,10,2001,290,5.7,15.4,9.8,0,1709.2,2849.9,526.7
FLAKKEBJERG,2001-10-18,18,10,2001,291,6.4,13.2,9.7,0,1713.8,2859.6,526.7
FLAKKEBJERG,2001-10-19,19,10,2001,292,8,14.8,11.5,0,1720.4,2871.1,526.7
FLAKKEBJERG,2001-10-20,20,10,2001,293,8.4,14.4,10.8,0,1726.2,2881.9,526.7
FLAKKEBJERG,2001-10-21,21,10,2001,294,9.2,12.3,10.8,0,1732,2892.7,526.7
FLAKKEBJERG,2001-10-22,22,10,2001,295,8.8,12.5,10,0,1737,2902.7,526.7
FLAKKEBJERG,2001-10-23,23,10,2001,296,7.6,9.7,8.9,0.2,1740.9,2911.6,526.9
FLAKKEBJERG,2001-10-24,24,10,2001,297,6.9,9.9,8.2,0.1,1744,2919.8,527
FLAKKEBJERG,2001-10-25,25,10,2001,298,7.4,11.1,9.5,0,1748.6,2929.3,527
FLAKKEBJERG,2001-10-26,26,10,2001,299,9,13.9,11.6,0,1755.2,2940.9,527
FLAKKEBJERG,2001-10-27,27,10,2001,300,10.5,13.4,11.6,0,1761.7,2952.4,527
FLAKKEBJERG,2001-10-28,28,10,2001,301,10.4,13.3,11.1,6.2,1767.8,2963.6,533.2
FLAKKEBJERG,2001-10-29,29,10,2001,302,8.8,12.9,10.7,3.9,1773.5,2974.2,537.1
FLAKKEBJERG,2001-10-30,30,10,2001,303,9.9,15.4,13.5,0.3,1782,2987.7,537.4
FLAKKEBJERG,2001-10-31,31,10,2001,304,12.3,14.8,12,0.2,1789,2999.7,537.6
FLAKKEBJERG,2001-11-01,01,11,2001,305,8.1,9.8,8.3,0.2,1792.3,3008,537.8
FLAKKEBJERG,2001-11-02,02,11,2001,306,4.8,12,9.7,0,1797,3017.7,537.8
FLAKKEBJERG,2001-11-03,03,11,2001,307,9.4,12.8,11.4,0,1803.4,3029.1,537.8
FLAKKEBJERG,2001-11-04,04,11,2001,308,8.3,11.5,9.8,0,1808.2,3038.9,537.8
FLAKKEBJERG,2001-11-05,05,11,2001,309,4.9,8.6,6.4,2.5,1809.6,3045.3,540.3
FLAKKEBJERG,2001-11-06,06,11,2001,310,4.9,10.4,7.7,6.4,1812.3,3053,546.7
FLAKKEBJERG,2001-11-07,07,11,2001,311,4.2,7.6,5.8,5,1813,3058.8,551.7
FLAKKEBJERG,2001-11-08,08,11,2001,312,1.6,6.5,3.6,3,1813,3062.4,554.7
FLAKKEBJERG,2001-11-09,09,11,2001,313,-0.2,3.8,1.6,1.4,1813,3064,556.1
FLAKKEBJERG,2001-11-10,10,11,2001,314,-0.4,7.4,5,0,1813.1,3069,556.1
FLAKKEBJERG,2001-11-11,11,11,2001,315,4.3,10.8,8.6,0,1816.6,3077.6,556.1
FLAKKEBJERG,2001-11-12,12,11,2001,316,7,9.1,6.6,0.2,1818.3,3084.2,556.3
FLAKKEBJERG,2001-11-13,13,11,2001,317,0,5.8,2.2,6.8,1818.3,3086.4,563.1
FLAKKEBJERG,2001-11-14,14,11,2001,318,-1.7,4.1,0.6,0,1818.3,3087,563.1
FLAKKEBJERG,2001-11-15,15,11,2001,319,-2.4,10.3,5.9,0,1819.2,3092.8,563.1
FLAKKEBJERG,2001-11-16,16,11,2001,320,2.4,8.4,5,0,1819.2,3097.8,563.1
FLAKKEBJERG,2001-11-17,17,11,2001,321,1.9,9.8,7.6,0.1,1821.8,3105.5,563.2
FLAKKEBJERG,2001-11-18,18,11,2001,322,6,9.2,7.8,0,1824.6,3113.2,563.2
FLAKKEBJERG,2001-11-19,19,11,2001,323,6.3,8.5,5.3,0,1824.8,3118.5,563.2
FLAKKEBJERG,2001-11-20,20,11,2001,324,-1,7,3.8,0,1824.8,3122.3,563.2
FLAKKEBJERG,2001-11-21,21,11,2001,325,2,9.7,8.6,1,1828.5,3131,564.2
FLAKKEBJERG,2001-11-22,22,11,2001,326,2,9,4.9,9.1,1828.5,3135.9,573.3
FLAKKEBJERG,2001-11-23,23,11,2001,327,2.1,4.8,3,0.2,1828.5,3138.8,573.5
FLAKKEBJERG,2001-11-24,24,11,2001,328,0.1,4.5,2.2,0,1828.5,3141,573.5
FLAKKEBJERG,2001-11-25,25,11,2001,329,-0.1,5.6,4.9,0.8,1828.5,3145.9,574.3
FLAKKEBJERG,2001-11-26,26,11,2001,330,5.1,7.4,5.2,7.4,1828.6,3151.1,581.7
FLAKKEBJERG,2001-11-27,27,11,2001,331,-0.9,3.4,1.6,1.4,1828.6,3152.7,583.1
FLAKKEBJERG,2001-11-28,28,11,2001,332,0.6,6.6,3.9,4,1828.6,3156.6,587.1
FLAKKEBJERG,2001-11-29,29,11,2001,333,0.9,5.4,3.5,0.1,1828.6,3160.1,587.2
FLAKKEBJERG,2001-11-30,30,11,2001,334,2.4,4.1,3.3,0,1828.6,3163.5,587.2
FLAKKEBJERG,2001-12-01,01,12,2001,335,1.4,3,2.3,0,1828.6,3165.8,587.2
FLAKKEBJERG,2001-12-02,02,12,2001,336,1.7,5.9,4.1,6.9,1828.6,3169.9,594.1
FLAKKEBJERG,2001-12-03,03,12,2001,337,0.6,2.7,1,0.2,1828.6,3170.9,594.3
FLAKKEBJERG,2001-12-04,04,12,2001,338,0.1,3.6,1.1,0,1828.6,3172,594.3
FLAKKEBJERG,2001-12-05,05,12,2001,339,0,7.9,5.6,6.6,1829.2,3177.6,600.9
FLAKKEBJERG,2001-12-06,06,12,2001,340,3.1,4.9,3.8,0,1829.2,3181.4,600.9
FLAKKEBJERG,2001-12-07,07,12,2001,341,0.1,4.2,2.4,0,1829.2,3183.9,600.9
FLAKKEBJERG,2001-12-08,08,12,2001,342,-1,3,1.3,0,1829.2,3185.2,600.9
FLAKKEBJERG,2001-12-09,09,12,2001,343,0.9,4.7,2.8,0,1829.2,3188,600.9
FLAKKEBJERG,2001-12-10,10,12,2001,344,1.5,6.1,5.1,0,1829.3,3193.1,600.9
FLAKKEBJERG,2001-12-11,11,12,2001,345,0.8,5.8,2.7,0,1829.3,3195.8,600.9
FLAKKEBJERG,2001-12-12,12,12,2001,346,0.2,3.2,2.1,0,1829.3,3197.9,600.9
FLAKKEBJERG,2001-12-13,13,12,2001,347,1,2.6,0.8,0,1829.3,3198.7,600.9
FLAKKEBJERG,2001-12-14,14,12,2001,348,-2.2,2.9,0.4,0,1829.3,3199.1,600.9
FLAKKEBJERG,2001-12-15,15,12,2001,349,-0.9,2.1,-0.3,0,1829.3,3199.1,600.9
FLAKKEBJERG,2001-12-16,16,12,2001,350,-3.1,2.7,0.2,0,1829.3,3199.3,600.9
FLAKKEBJERG,2001-12-17,17,12,2001,351,0,4.5,1.9,0,1829.3,3201.2,600.9
FLAKKEBJERG,2001-12-18,18,12,2001,352,-0.9,3.4,1.5,0.1,1829.3,3202.7,601
FLAKKEBJERG,2001-12-19,19,12,2001,353,0.9,6,3.3,0,1829.3,3206,601
FLAKKEBJERG,2001-12-20,20,12,2001,354,-4.4,1.4,-2,0.2,1829.3,3206,601.2
FLAKKEBJERG,2001-12-21,21,12,2001,355,-4.3,4.6,1.8,0.9,1829.3,3207.8,602.1
FLAKKEBJERG,2001-12-22,22,12,2001,356,-7.7,-1.9,-5.5,0.5,1829.3,3207.8,602.6
FLAKKEBJERG,2001-12-23,23,12,2001,357,-11.4,1.9,-3.8,0.3,1829.3,3207.8,602.9
FLAKKEBJERG,2001-12-24,24,12,2001,358,-4.3,3,2.1,15.5,1829.3,3210,618.4
FLAKKEBJERG,2001-12-25,25,12,2001,359,1.7,5,2.1,8.3,1829.3,3212.1,626.7
FLAKKEBJERG,2001-12-26,26,12,2001,360,-0.2,2.7,0.7,5,1829.3,3212.8,631.7
FLAKKEBJERG,2001-12-27,27,12,2001,361,-1.6,1.1,-0.1,0.2,1829.3,3212.8,631.9
FLAKKEBJERG,2001-12-28,28,12,2001,362,-5.6,2,-0.8,5.3,1829.3,3212.8,637.2
FLAKKEBJERG,2001-12-29,29,12,2001,363,-3.5,0,-1.1,6.1,1829.3,3212.8,643.3
FLAKKEBJERG,2001-12-30,30,12,2001,364,-4.3,-2.7,-4.7,1.2,1829.3,3212.8,644.5
FLAKKEBJERG,2001-12-31,31,12,2001,365,-15.5,-1.7,-8.9,0,1829.3,3212.8,644.5
FLAKKEBJERG,2002-01-01,01,01,2002,1,-12.6,4.9,1.8,0,0,1.8,0
FLAKKEBJERG,2002-01-02,02,01,2002,2,-1.9,4.8,-1.3,0.2,0,1.8,0.2
FLAKKEBJERG,2002-01-03,03,01,2002,3,-6.3,-0.2,-3.9,0,0,1.8,0.2
FLAKKEBJERG,2002-01-04,04,01,2002,4,-5.6,-0.9,-3.6,0,0,1.8,0.2
FLAKKEBJERG,2002-01-05,05,01,2002,5,-8.2,2.3,-2.6,0,0,1.8,0.2
FLAKKEBJERG,2002-01-06,06,01,2002,6,-6.1,4.1,3.1,2.8,0,4.9,3
FLAKKEBJERG,2002-01-07,07,01,2002,7,-0.5,2,0.5,0.1,0,5.4,3.0999999999999996
FLAKKEBJERG,2002-01-08,08,01,2002,8,-0.5,3.8,2.7,0,0,8.2,3.0999999999999996
FLAKKEBJERG,2002-01-09,09,01,2002,9,1.5,2.6,1.4,0,0,9.5,3.0999999999999996
FLAKKEBJERG,2002-01-10,10,01,2002,10,0.4,2.6,1.6,0,0,11.1,3.0999999999999996
FLAKKEBJERG,2002-01-11,11,01,2002,11,-0.6,0.6,-0.3,0,0,11.1,3.0999999999999996
FLAKKEBJERG,2002-01-12,12,01,2002,12,-1.3,1.1,0.3,0.6,0,11.4,3.6999999999999997
FLAKKEBJERG,2002-01-13,13,01,2002,13,-0.2,1.5,0.8,0,0,12.2,3.6999999999999997
FLAKKEBJERG,2002-01-14,14,01,2002,14,-0.4,0.1,-0.2,0,0,12.2,3.6999999999999997
FLAKKEBJERG,2002-01-15,15,01,2002,15,-0.5,1.2,0.2,0,0,12.3,3.6999999999999997
FLAKKEBJERG,2002-01-16,16,01,2002,16,-0.7,2.4,0.8,0,0,13.1,3.6999999999999997
FLAKKEBJERG,2002-01-17,17,01,2002,17,0.4,2.8,2.5,0.9,0,15.6,4.6
FLAKKEBJERG,2002-01-18,18,01,2002,18,2.1,5.4,3.5,2.8,0,19.1,7.3999999999999995
FLAKKEBJERG,2002-01-19,19,01,2002,19,2.4,5.1,3.4,0.4,0,22.5,7.8
FLAKKEBJERG,2002-01-20,20,01,2002,20,2,6.9,4.9,1.2,0,27.4,9
FLAKKEBJERG,2002-01-21,21,01,2002,21,3.7,7.9,7,4.1,2,34.4,13.1
FLAKKEBJERG,2002-01-22,22,01,2002,22,5.8,7.6,6.3,0.2,3.3,40.7,13.299999999999999
FLAKKEBJERG,2002-01-23,23,01,2002,23,4.9,6.9,5.7,0.5,4,46.3,13.799999999999999
FLAKKEBJERG,2002-01-24,24,01,2002,24,4.9,7.7,6,2,4.9,52.3,15.799999999999999
FLAKKEBJERG,2002-01-25,25,01,2002,25,1,2.5,1.7,6.4,4.9,54,22.2
FLAKKEBJERG,2002-01-26,26,01,2002,26,0.3,7.9,5.3,13.9,5.2,59.3,36.1
FLAKKEBJERG,2002-01-27,27,01,2002,27,5.7,7.4,4.7,10.5,5.2,64,46.6
FLAKKEBJERG,2002-01-28,28,01,2002,28,1.7,9.1,7.2,3.3,7.4,71.2,49.9
FLAKKEBJERG,2002-01-29,29,01,2002,29,5.2,8.8,6.1,2.7,8.5,77.3,52.6
FLAKKEBJERG,2002-01-30,30,01,2002,30,5.2,8.6,7,2.6,10.5,84.3,55.2
FLAKKEBJERG,2002-01-31,31,01,2002,31,5.6,8.6,7.1,5,12.5,91.3,60.2
FLAKKEBJERG,2002-02-01,01,02,2002,32,5.1,9.1,7.2,2.9,14.7,98.5,63.1
FLAKKEBJERG,2002-02-02,02,02,2002,33,6.7,11.6,9.2,0.6,19,107.8,63.7
FLAKKEBJERG,2002-02-03,03,02,2002,34,4.7,9.9,7.4,0,21.4,115.1,63.7
FLAKKEBJERG,2002-02-04,04,02,2002,35,5.5,9.7,6.9,0,23.3,122,63.7
FLAKKEBJERG,2002-02-05,05,02,2002,36,5.7,9,7.5,3.6,25.8,129.6,67.3
FLAKKEBJERG,2002-02-06,06,02,2002,37,5.9,8.2,6.5,3,27.3,136.1,70.3
FLAKKEBJERG,2002-02-07,07,02,2002,38,5.5,7.2,5.8,0.4,28.1,141.9,70.7
FLAKKEBJERG,2002-02-08,08,02,2002,39,3.7,9.1,6.5,0.9,29.6,148.4,71.6
FLAKKEBJERG,2002-02-09,09,02,2002,40,4.8,10,8,3.5,32.6,156.3,75.1
FLAKKEBJERG,2002-02-10,10,02,2002,41,5,7.5,6.1,0.2,33.6,162.4,75.3
FLAKKEBJERG,2002-02-11,11,02,2002,42,4.8,9.6,7.6,2.2,36.2,170,77.5
FLAKKEBJERG,2002-02-12,12,02,2002,43,7.2,9,7.2,1.5,38.5,177.2,79
FLAKKEBJERG,2002-02-13,13,02,2002,44,1.3,5.5,3.2,0.3,38.5,180.4,79.3
FLAKKEBJERG,2002-02-14,14,02,2002,45,-2.2,4.4,0.8,0,38.5,181.2,79.3
FLAKKEBJERG,2002-02-15,15,02,2002,46,-0.7,3.9,2.1,0,38.5,183.3,79.3
FLAKKEBJERG,2002-02-16,16,02,2002,47,1.3,4.5,3.2,0,38.5,186.5,79.3
FLAKKEBJERG,2002-02-17,17,02,2002,48,0.2,5.4,1.7,0,38.5,188.1,79.3
FLAKKEBJERG,2002-02-18,18,02,2002,49,-1.2,6.9,3.2,0,38.5,191.3,79.3
FLAKKEBJERG,2002-02-19,19,02,2002,50,2,4.6,2.3,2.3,38.5,193.6,81.6
FLAKKEBJERG,2002-02-20,20,02,2002,51,-0.4,3.9,1.2,6.5,38.5,194.8,88.1
FLAKKEBJERG,2002-02-21,21,02,2002,52,-4.7,1.2,-1.2,3,38.5,194.8,91.1
FLAKKEBJERG,2002-02-22,22,02,2002,53,-3.2,6.4,2.5,2.2,38.5,197.3,93.3
FLAKKEBJERG,2002-02-23,23,02,2002,54,0.1,4.3,2,4.9,38.5,199.3,98.2
FLAKKEBJERG,2002-02-24,24,02,2002,55,1.1,3.6,1.7,0,38.5,201,98.2
FLAKKEBJERG,2002-02-25,25,02,2002,56,-0.8,4.1,1.3,0,38.5,202.3,98.2
FLAKKEBJERG,2002-02-26,26,02,2002,57,0.2,9.3,5.2,5.8,38.7,207.5,104
FLAKKEBJERG,2002-02-27,27,02,2002,58,2.3,6,4.3,13.4,38.7,211.8,117.4
FLAKKEBJERG,2002-02-28,28,02,2002,59,1.9,5.5,3.5,3,38.7,215.3,120.4
FLAKKEBJERG,2002-03-01,01,03,2002,60,0.9,3.8,1.9,3,38.7,217.2,123.4
FLAKKEBJERG,2002-03-02,02,03,2002,61,-0.8,5.3,1.5,0,38.7,218.7,123.4
FLAKKEBJERG,2002-03-03,03,03,2002,62,-1.3,5.7,1.9,2,38.7,220.6,125.4
FLAKKEBJERG,2002-03-04,04,03,2002,63,-0.1,8.9,6.2,0.5,39.8,226.8,125.9
FLAKKEBJERG,2002-03-05,05,03,2002,64,4.9,7.2,5.5,0,40.4,232.3,125.9
FLAKKEBJERG,2002-03-06,06,03,2002,65,3.7,7.6,5.7,0.6,41,238,126.5
FLAKKEBJERG,2002-03-07,07,03,2002,66,4.5,7.8,5.3,4,41.4,243.3,130.5
FLAKKEBJERG,2002-03-08,08,03,2002,67,2.6,7.9,5.7,2.5,42.1,249,133
FLAKKEBJERG,2002-03-09,09,03,2002,68,4.4,8.4,6.2,1,43.3,255.2,134
FLAKKEBJERG,2002-03-10,10,03,2002,69,1,7.5,4.6,0,43.3,259.8,134
FLAKKEBJERG,2002-03-11,11,03,2002,70,3.6,9.6,7.7,0,45.9,267.5,134
FLAKKEBJERG,2002-03-12,12,03,2002,71,6.3,10.7,7.5,7.7,48.4,274.9,141.7
FLAKKEBJERG,2002-03-13,13,03,2002,72,3.2,6.8,4.6,0,48.4,279.5,141.7
FLAKKEBJERG,2002-03-14,14,03,2002,73,1.7,3.4,1.9,0,48.4,281.4,141.7
FLAKKEBJERG,2002-03-15,15,03,2002,74,-0.3,5.1,2.2,0,48.4,283.6,141.7
FLAKKEBJERG,2002-03-16,16,03,2002,75,2,5.2,3,0,48.4,286.6,141.7
FLAKKEBJERG,2002-03-17,17,03,2002,76,1.9,4.8,2.9,0,48.4,289.5,141.7
FLAKKEBJERG,2002-03-18,18,03,2002,77,2.2,11.9,7.7,1.2,51.1,297.1,142.9
FLAKKEBJERG,2002-03-19,19,03,2002,78,6.2,9.3,6.7,7.4,52.7,303.8,150.3
FLAKKEBJERG,2002-03-20,20,03,2002,79,2.7,8.6,4.9,2.8,52.7,308.7,153.1
FLAKKEBJERG,2002-03-21,21,03,2002,80,1.5,7.1,4,0,52.7,312.7,153.1
FLAKKEBJERG,2002-03-22,22,03,2002,81,2.1,6.2,3.7,0,52.7,316.4,153.1
FLAKKEBJERG,2002-03-23,23,03,2002,82,1.8,6.5,3.7,0,52.7,320.1,153.1
FLAKKEBJERG,2002-03-24,24,03,2002,83,-1.7,6,1,0,52.7,321,153.1
FLAKKEBJERG,2002-03-25,25,03,2002,84,-3.1,5.4,1,0,52.7,322,153.1
FLAKKEBJERG,2002-03-26,26,03,2002,85,-3.4,5,1.2,0,52.7,323.2,153.1
FLAKKEBJERG,2002-03-27,27,03,2002,86,-2.9,8.1,3.1,0,52.7,326.3,153.1
FLAKKEBJERG,2002-03-28,28,03,2002,87,-1.2,9,3.4,0,52.7,329.7,153.1
FLAKKEBJERG,2002-03-29,29,03,2002,88,-2.3,12.1,5.8,0,53.6,335.6,153.1
FLAKKEBJERG,2002-03-30,30,03,2002,89,3.3,14.5,7.8,0,56.4,343.4,153.1
FLAKKEBJERG,2002-03-31,31,03,2002,90,2.3,14.7,8.1,0,59.5,351.5,153.1
FLAKKEBJERG,2002-04-01,01,04,2002,91,5.3,15,9.6,0,64,361,153.1
FLAKKEBJERG,2002-04-02,02,04,2002,92,6.3,17.1,11.5,0,70.5,372.5,153.1
FLAKKEBJERG,2002-04-03,03,04,2002,93,4.8,12.8,7.7,0,73.2,380.2,153.1
FLAKKEBJERG,2002-04-04,04,04,2002,94,1.4,10.7,5.7,0,73.9,385.9,153.1
FLAKKEBJERG,2002-04-05,05,04,2002,95,3.2,7.1,4.2,0,73.9,390.2,153.1
FLAKKEBJERG,2002-04-06,06,04,2002,96,-3,9.5,3.5,0,73.9,393.7,153.1
FLAKKEBJERG,2002-04-07,07,04,2002,97,-0.4,9.1,4.7,0,73.9,398.4,153.1
FLAKKEBJERG,2002-04-08,08,04,2002,98,-1.7,7.5,3.2,0.4,73.9,401.6,153.5
FLAKKEBJERG,2002-04-09,09,04,2002,99,-2.5,9.8,3.9,0,73.9,405.5,153.5
FLAKKEBJERG,2002-04-10,10,04,2002,100,0.8,12.8,6.3,0,75.3,411.9,153.5
FLAKKEBJERG,2002-04-11,11,04,2002,101,1.9,11.8,6.4,0,76.7,418.3,153.5
FLAKKEBJERG,2002-04-12,12,04,2002,102,4.8,12.4,8.3,0.1,80,426.6,153.6
FLAKKEBJERG,2002-04-13,13,04,2002,103,3.3,7.9,6.5,0,81.4,433,153.6
FLAKKEBJERG,2002-04-14,14,04,2002,104,6.3,8.5,7.2,0.5,83.6,440.3,154.1
FLAKKEBJERG,2002-04-15,15,04,2002,105,6.2,9,7.7,0.1,86.3,447.9,154.2
FLAKKEBJERG,2002-04-16,16,04,2002,106,5.4,7.5,5.6,0,86.9,453.5,154.2
FLAKKEBJERG,2002-04-17,17,04,2002,107,3.8,5.5,4.7,1.4,86.9,458.2,155.6
FLAKKEBJERG,2002-04-18,18,04,2002,108,4.2,7,5.6,0.3,87.5,463.8,155.9
FLAKKEBJERG,2002-04-19,19,04,2002,109,4.6,11,7.2,0.1,89.7,471,156
FLAKKEBJERG,2002-04-20,20,04,2002,110,2.7,15.4,8.4,0,93.1,479.4,156
FLAKKEBJERG,2002-04-21,21,04,2002,111,0.7,15.8,9,0,97.1,488.4,156
FLAKKEBJERG,2002-04-22,22,04,2002,112,3,17.1,11.1,0,103.2,499.5,156
FLAKKEBJERG,2002-04-23,23,04,2002,113,9.5,15.2,11.6,0,109.8,511.1,156
FLAKKEBJERG,2002-04-24,24,04,2002,114,8.5,14.5,11.3,0,116.1,522.4,156
FLAKKEBJERG,2002-04-25,25,04,2002,115,6.9,14.2,10.6,0,121.7,533,156
FLAKKEBJERG,2002-04-26,26,04,2002,116,6,10.4,8.6,0,125.3,541.6,156
FLAKKEBJERG,2002-04-27,27,04,2002,117,5.8,9.9,7.5,4,127.8,549.1,160
FLAKKEBJERG,2002-04-28,28,04,2002,118,2.3,9.5,6.8,7,129.6,555.9,167
FLAKKEBJERG,2002-04-29,29,04,2002,119,6.8,12.9,8.8,7.3,133.4,564.7,174.3
FLAKKEBJERG,2002-04-30,30,04,2002,120,6.7,12.5,9.7,2.5,138.1,574.4,176.8
FLAKKEBJERG,2002-05-01,01,05,2002,121,9.2,14.6,11.4,0.5,144.5,585.8,177.3
FLAKKEBJERG,2002-05-02,02,05,2002,122,4.6,14,10,0.3,149.6,595.9,177.6
FLAKKEBJERG,2002-05-03,03,05,2002,123,9.2,12.9,11,2.3,155.6,606.9,179.9
FLAKKEBJERG,2002-05-04,04,05,2002,124,8.7,13.1,10.3,5.8,160.8,617.1,185.7
FLAKKEBJERG,2002-05-05,05,05,2002,125,9.1,11.3,9.6,6.5,165.5,626.8,192.2
FLAKKEBJERG,2002-05-06,06,05,2002,126,8.3,16.8,11.3,3.2,171.8,638.1,195.4
FLAKKEBJERG,2002-05-07,07,05,2002,127,8.3,13.4,10.6,0,177.4,648.7,195.4
FLAKKEBJERG,2002-05-08,08,05,2002,128,7.5,19,12.2,0,184.6,660.9,195.4
FLAKKEBJERG,2002-05-09,09,05,2002,129,9.1,20.9,15.3,0,194.9,676.2,195.4
FLAKKEBJERG,2002-05-10,10,05,2002,130,10.3,20.5,15.2,0,205,691.3,195.4
FLAKKEBJERG,2002-05-11,11,05,2002,131,11.2,21,15.9,0,215.9,707.2,195.4
FLAKKEBJERG,2002-05-12,12,05,2002,132,11.6,15.1,12.6,0.4,223.5,719.8,195.8
FLAKKEBJERG,2002-05-13,13,05,2002,133,6.4,17,12.2,0,230.7,732,195.8
FLAKKEBJERG,2002-05-14,14,05,2002,134,8,17.8,13.1,0,238.8,745.1,195.8
FLAKKEBJERG,2002-05-15,15,05,2002,135,10.2,17,13.2,0.6,247,758.3,196.4
FLAKKEBJERG,2002-05-16,16,05,2002,136,11.5,17.8,14,0.3,256,772.3,196.7
FLAKKEBJERG,2002-05-17,17,05,2002,137,10,16.3,12.1,0.2,263.1,784.4,196.9
FLAKKEBJERG,2002-05-18,18,05,2002,138,7.2,19.5,14,0,272.1,798.4,196.9
FLAKKEBJERG,2002-05-19,19,05,2002,139,9.9,13.8,12.4,0,279.5,810.8,196.9
FLAKKEBJERG,2002-05-20,20,05,2002,140,9.4,18.7,13.3,1.1,287.8,824.1,198
FLAKKEBJERG,2002-05-21,21,05,2002,141,6.7,19.2,13.6,0,296.4,837.7,198
FLAKKEBJERG,2002-05-22,22,05,2002,142,11.5,23.3,17.3,0,308.7,855,198
FLAKKEBJERG,2002-05-23,23,05,2002,143,12.4,21,15.6,0,319.3,870.6,198
FLAKKEBJERG,2002-05-24,24,05,2002,144,12.6,18.5,14.6,14.8,328.9,885.2,212.8
FLAKKEBJERG,2002-05-25,25,05,2002,145,11.6,16.4,13.5,1.5,337.4,898.7,214.3
FLAKKEBJERG,2002-05-26,26,05,2002,146,6.9,17.3,13,0,345.4,911.7,214.3
FLAKKEBJERG,2002-05-27,27,05,2002,147,7.6,20.2,14.8,2.5,355.2,926.5,216.8
FLAKKEBJERG,2002-05-28,28,05,2002,148,10.9,20.4,15.8,0,366,942.3,216.8
FLAKKEBJERG,2002-05-29,29,05,2002,149,13,20.6,15.6,0,376.6,957.9,216.8
FLAKKEBJERG,2002-05-30,30,05,2002,150,10.3,17.8,13.8,0.2,385.3,971.6,217
FLAKKEBJERG,2002-05-31,31,05,2002,151,8.7,16.5,11.9,0,392.2,983.5,217
FLAKKEBJERG,2002-06-01,01,06,2002,152,9.9,17.5,13.4,6.1,400.6,996.9,223.1
FLAKKEBJERG,2002-06-02,02,06,2002,153,8.8,20.4,15.5,0,411.1,1012.4,223.1
FLAKKEBJERG,2002-06-03,03,06,2002,154,9,20.8,15.5,0,421.6,1027.9,223.1
FLAKKEBJERG,2002-06-04,04,06,2002,155,11.8,20.8,16.6,0,433.3,1044.6,223.1
FLAKKEBJERG,2002-06-05,05,06,2002,156,12.7,23.6,18.5,0,446.7,1063,223.1
FLAKKEBJERG,2002-06-06,06,06,2002,157,14.1,24.1,18.9,0,460.6,1081.9,223.1
FLAKKEBJERG,2002-06-07,07,06,2002,158,14.2,21.7,17.4,0,473,1099.3,223.1
FLAKKEBJERG,2002-06-08,08,06,2002,159,11.2,20.9,16.1,0,484.1,1115.4,223.1
FLAKKEBJERG,2002-06-09,09,06,2002,160,10,20.6,16,0,495.1,1131.4,223.1
FLAKKEBJERG,2002-06-10,10,06,2002,161,11.1,20.8,15.4,0,505.6,1146.9,223.1
FLAKKEBJERG,2002-06-11,11,06,2002,162,11.4,16.7,13.8,26.5,514.3,1160.6,249.6
FLAKKEBJERG,2002-06-12,12,06,2002,163,10.6,17,14,9.5,523.3,1174.6,259.1
FLAKKEBJERG,2002-06-13,13,06,2002,164,12.5,16.2,13.3,2.9,531.7,1188,262
FLAKKEBJERG,2002-06-14,14,06,2002,165,10.5,18.8,14.8,12.6,541.4,1202.7,274.6
FLAKKEBJERG,2002-06-15,15,06,2002,166,10.9,20.6,15.9,5.1,552.3,1218.6,279.7
FLAKKEBJERG,2002-06-16,16,06,2002,167,13.2,20.9,16.9,0.2,564.2,1235.5,279.9
FLAKKEBJERG,2002-06-17,17,06,2002,168,15.2,23.8,18.9,0,578,1254.3,279.9
FLAKKEBJERG,2002-06-18,18,06,2002,169,16.9,28.4,22.9,0,595.9,1277.2,279.9
FLAKKEBJERG,2002-06-19,19,06,2002,170,14.3,21.8,17.8,4.6,608.8,1295.1,284.5
FLAKKEBJERG,2002-06-20,20,06,2002,171,11.5,19.5,15.6,0,619.4,1310.7,284.5
FLAKKEBJERG,2002-06-21,21,06,2002,172,12.5,19.5,15.7,5.4,630.1,1326.4,289.9
FLAKKEBJERG,2002-06-22,22,06,2002,173,13.7,19.6,16.4,0,641.5,1342.8,289.9
FLAKKEBJERG,2002-06-23,23,06,2002,174,15.4,19.2,16.3,0,652.8,1359.1,289.9
FLAKKEBJERG,2002-06-24,24,06,2002,175,12.1,19.1,15.3,1.3,663.1,1374.4,291.2
FLAKKEBJERG,2002-06-25,25,06,2002,176,12.3,18.7,15.3,1.5,673.3,1389.6,292.7
FLAKKEBJERG,2002-06-26,26,06,2002,177,11.6,19.1,15.6,0.6,683.9,1405.2,293.3
FLAKKEBJERG,2002-06-27,27,06,2002,178,11.2,17.6,14.2,3.9,693,1419.3,297.2
FLAKKEBJERG,2002-06-28,28,06,2002,179,10.7,15.5,13.1,1,701.2,1432.5,298.2
FLAKKEBJERG,2002-06-29,29,06,2002,180,11,17.3,14,5,710.2,1446.5,303.2
FLAKKEBJERG,2002-06-30,30,06,2002,181,11.1,17.4,13.6,3.9,718.9,1460.2,307.1
FLAKKEBJERG,2002-07-01,01,07,2002,182,11.2,16.3,13.9,5.6,727.8,1474.1,312.7
FLAKKEBJERG,2002-07-02,02,07,2002,183,13,17.8,14.4,3,737.1,1488.4,315.7
FLAKKEBJERG,2002-07-03,03,07,2002,184,11.8,15.6,14.3,0.9,746.5,1502.8,316.6
FLAKKEBJERG,2002-07-04,04,07,2002,185,12.6,19,15.5,4.1,757,1518.3,320.7
FLAKKEBJERG,2002-07-05,05,07,2002,186,10.9,19.1,14.9,5,766.8,1533.1,325.7
FLAKKEBJERG,2002-07-06,06,07,2002,187,12.7,18.5,15.2,3.3,777,1548.3,329
FLAKKEBJERG,2002-07-07,07,07,2002,188,13.5,19,15.8,1,787.8,1564.1,330
FLAKKEBJERG,2002-07-08,08,07,2002,189,13.7,23.2,18.4,0,801.2,1582.5,330
FLAKKEBJERG,2002-07-09,09,07,2002,190,14.4,28.6,22.2,0,818.4,1604.7,330
FLAKKEBJERG,2002-07-10,10,07,2002,191,16.5,24.7,20.4,0,833.8,1625.1,330
FLAKKEBJERG,2002-07-11,11,07,2002,192,13.2,20.2,16.3,26.5,845,1641.3,356.5
FLAKKEBJERG,2002-07-12,12,07,2002,193,10.7,21.4,16.7,0,856.8,1658.1,356.5
FLAKKEBJERG,2002-07-13,13,07,2002,194,14.3,21.9,17.6,0.6,869.3,1675.6,357.1
FLAKKEBJERG,2002-07-14,14,07,2002,195,13.6,22.8,17.6,0,881.9,1693.2,357.1
FLAKKEBJERG,2002-07-15,15,07,2002,196,12.9,26.3,19.8,0,896.7,1713,357.1
FLAKKEBJERG,2002-07-16,16,07,2002,197,12.7,26.1,20.5,0,912.2,1733.5,357.1
FLAKKEBJERG,2002-07-17,17,07,2002,198,16.4,26.6,20.7,0,927.9,1754.2,357.1
FLAKKEBJERG,2002-07-18,18,07,2002,199,16.7,20.3,18.5,3.3,941.4,1772.7,360.4
FLAKKEBJERG,2002-07-19,19,07,2002,200,17,22.4,19.2,0.7,955.6,1791.9,361.1
FLAKKEBJERG,2002-07-20,20,07,2002,201,15,20.6,17.1,4.2,967.7,1809,365.3
FLAKKEBJERG,2002-07-21,21,07,2002,202,13,19.7,15.3,0,978,1824.3,365.3
FLAKKEBJERG,2002-07-22,22,07,2002,203,13,16.3,14.7,10.2,987.7,1839,375.5
FLAKKEBJERG,2002-07-23,23,07,2002,204,12.6,20.8,16.5,1.9,999.2,1855.5,377.4
FLAKKEBJERG,2002-07-24,24,07,2002,205,13.2,19.1,15.9,3.9,1010.1,1871.4,381.3
FLAKKEBJERG,2002-07-25,25,07,2002,206,12.8,19.3,15.6,0,1020.7,1887,381.3
FLAKKEBJERG,2002-07-26,26,07,2002,207,10.7,18.4,15.5,0,1031.2,1902.5,381.3
FLAKKEBJERG,2002-07-27,27,07,2002,208,12.5,23.1,17.7,0.6,1044,1920.3,381.9
FLAKKEBJERG,2002-07-28,28,07,2002,209,13.8,26.7,20.6,0,1059.5,1940.8,381.9
FLAKKEBJERG,2002-07-29,29,07,2002,210,14.7,31.3,22.7,0,1077.2,1963.5,381.9
FLAKKEBJERG,2002-07-30,30,07,2002,211,17.8,27.6,22,0,1094.2,1985.5,381.9
FLAKKEBJERG,2002-07-31,31,07,2002,212,14.5,30.4,23.2,0,1112.3,2008.6,381.9
FLAKKEBJERG,2002-08-01,01,08,2002,213,18.1,27.2,23.9,3.9,1131.2,2032.5,385.8
FLAKKEBJERG,2002-08-02,02,08,2002,214,19,21.7,19.5,9.7,1145.8,2052.1,395.5
FLAKKEBJERG,2002-08-03,03,08,2002,215,16.4,22.9,19.1,7.2,1159.8,2071.1,402.7
FLAKKEBJERG,2002-08-04,04,08,2002,216,17.9,23.3,19.6,0.1,1174.4,2090.7,402.8
FLAKKEBJERG,2002-08-05,05,08,2002,217,16.7,24.5,20.1,0,1189.5,2110.8,402.8
FLAKKEBJERG,2002-08-06,06,08,2002,218,15.4,22.5,18.4,0,1202.9,2129.2,402.8
FLAKKEBJERG,2002-08-07,07,08,2002,219,14.5,25.2,19.5,0.6,1217.4,2148.7,403.4
FLAKKEBJERG,2002-08-08,08,08,2002,220,14,24.2,19.4,0,1231.8,2168.1,403.4
FLAKKEBJERG,2002-08-09,09,08,2002,221,16.7,25.3,20,0.4,1246.8,2188.1,403.8
FLAKKEBJERG,2002-08-10,10,08,2002,222,15.9,24.1,20,0,1261.8,2208.1,403.8
FLAKKEBJERG,2002-08-11,11,08,2002,223,16.3,25.9,21.3,0,1278,2229.3,403.8
FLAKKEBJERG,2002-08-12,12,08,2002,224,18.4,21.6,19.4,2.7,1292.5,2248.8,406.5
FLAKKEBJERG,2002-08-13,13,08,2002,225,16.6,22.1,18.8,0.5,1306.3,2267.6,407
FLAKKEBJERG,2002-08-14,14,08,2002,226,16.8,24.7,20.4,0,1321.7,2288,407
FLAKKEBJERG,2002-08-15,15,08,2002,227,14.3,24.8,19.1,0,1335.8,2307.1,407
FLAKKEBJERG,2002-08-16,16,08,2002,228,12.8,26.3,20,0,1350.9,2327.1,407
FLAKKEBJERG,2002-08-17,17,08,2002,229,15.3,27.3,20.9,0,1366.8,2348.1,407
FLAKKEBJERG,2002-08-18,18,08,2002,230,17.1,25.2,20.6,0,1382.4,2368.7,407
FLAKKEBJERG,2002-08-19,19,08,2002,231,17.5,27.6,21.8,0,1399.2,2390.5,407
FLAKKEBJERG,2002-08-20,20,08,2002,232,18.6,28.1,22.6,0,1416.7,2413,407
FLAKKEBJERG,2002-08-21,21,08,2002,233,15.7,27.8,21.6,0,1433.3,2434.6,407
FLAKKEBJERG,2002-08-22,22,08,2002,234,17.4,26,20.6,0,1449,2455.3,407
FLAKKEBJERG,2002-08-23,23,08,2002,235,13,26.7,20,0,1464,2475.3,407
FLAKKEBJERG,2002-08-24,24,08,2002,236,16.1,25.6,20.5,0,1479.5,2495.8,407
FLAKKEBJERG,2002-08-25,25,08,2002,237,17,24.6,19.7,0,1494.2,2515.5,407
FLAKKEBJERG,2002-08-26,26,08,2002,238,14.2,24.8,19.2,0,1508.4,2534.7,407
FLAKKEBJERG,2002-08-27,27,08,2002,239,16.5,25.7,20.6,3.9,1524,2555.3,410.9
FLAKKEBJERG,2002-08-28,28,08,2002,240,15.3,24,19.7,0,1538.7,2575,410.9
FLAKKEBJERG,2002-08-29,29,08,2002,241,12.8,22.9,18.7,0,1552.4,2593.7,410.9
FLAKKEBJERG,2002-08-30,30,08,2002,242,17.1,23.4,20.2,0,1567.6,2613.9,410.9
FLAKKEBJERG,2002-08-31,31,08,2002,243,16.9,22.5,19,0,1581.6,2632.9,410.9
FLAKKEBJERG,2002-09-01,01,09,2002,244,13.5,21.1,16.6,0,1593.2,2649.5,410.9
FLAKKEBJERG,2002-09-02,02,09,2002,245,9.4,20.2,15.2,0,1603.4,2664.7,410.9
FLAKKEBJERG,2002-09-03,03,09,2002,246,8.6,23.6,16.8,0,1615.2,2681.5,410.9
FLAKKEBJERG,2002-09-04,04,09,2002,247,16.5,24.7,20.2,0,1630.4,2701.7,410.9
FLAKKEBJERG,2002-09-05,05,09,2002,248,10,21.8,16.5,0,1642,2718.3,410.9
FLAKKEBJERG,2002-09-06,06,09,2002,249,9.1,21.7,17,0,1653.9,2735.2,410.9
FLAKKEBJERG,2002-09-07,07,09,2002,250,14.4,22.8,18.7,0,1667.7,2754,410.9
FLAKKEBJERG,2002-09-08,08,09,2002,251,13,25,19.2,0,1681.9,2773.2,410.9
FLAKKEBJERG,2002-09-09,09,09,2002,252,15.1,23.5,19.1,0,1695.9,2792.2,410.9
FLAKKEBJERG,2002-09-10,10,09,2002,253,16.6,24.8,19.7,0,1710.7,2812,410.9
FLAKKEBJERG,2002-09-11,11,09,2002,254,14.7,23.2,18,0,1723.7,2830,410.9
FLAKKEBJERG,2002-09-12,12,09,2002,255,11.3,23.4,17,0,1735.7,2847,410.9
FLAKKEBJERG,2002-09-13,13,09,2002,256,12.3,24.7,18.1,0,1748.9,2865.2,410.9
FLAKKEBJERG,2002-09-14,14,09,2002,257,13.1,19.5,15.9,0,1759.7,2881,410.9
FLAKKEBJERG,2002-09-15,15,09,2002,258,8,17.3,12.2,0,1767,2893.3,410.9
FLAKKEBJERG,2002-09-16,16,09,2002,259,6.5,17.6,12.6,0,1774.6,2905.9,410.9
FLAKKEBJERG,2002-09-17,17,09,2002,260,6.2,19.1,13.6,0,1783.2,2919.5,410.9
FLAKKEBJERG,2002-09-18,18,09,2002,261,13.6,18.8,15.3,0,1793.5,2934.8,410.9
FLAKKEBJERG,2002-09-19,19,09,2002,262,7.6,18.8,13.9,0,1802.4,2948.7,410.9
FLAKKEBJERG,2002-09-20,20,09,2002,263,11.7,18.1,14.2,0,1811.6,2962.9,410.9
FLAKKEBJERG,2002-09-21,21,09,2002,264,7.7,15.7,12,2.5,1818.6,2974.9,413.4
FLAKKEBJERG,2002-09-22,22,09,2002,265,9.6,11.4,10.2,4.8,1823.8,2985.1,418.2
FLAKKEBJERG,2002-09-23,23,09,2002,266,6.6,13.6,9.4,19.3,1828.2,2994.5,437.5
FLAKKEBJERG,2002-09-24,24,09,2002,267,2.3,15,9.8,0,1833.1,3004.4,437.5
FLAKKEBJERG,2002-09-25,25,09,2002,268,11.4,16.9,13.9,0,1842,3018.3,437.5
FLAKKEBJERG,2002-09-26,26,09,2002,269,11.6,15,10.4,0.3,1847.4,3028.7,437.8
FLAKKEBJERG,2002-09-27,27,09,2002,270,2.2,13.4,8,6.6,1850.4,3036.7,444.4
FLAKKEBJERG,2002-09-28,28,09,2002,271,5.3,15.8,12.5,0,1857.9,3049.2,444.4
FLAKKEBJERG,2002-09-29,29,09,2002,272,12.8,15.6,14,0,1866.8,3063.1,444.4
FLAKKEBJERG,2002-09-30,30,09,2002,273,12.5,17.7,14.5,0,1876.3,3077.6,444.4
FLAKKEBJERG,2002-10-01,01,10,2002,274,9.1,18.1,13,0,1884.3,3090.6,444.4
FLAKKEBJERG,2002-10-02,02,10,2002,275,5.4,18.2,11.8,0,1891.1,3102.4,444.4
FLAKKEBJERG,2002-10-03,03,10,2002,276,7.9,17.7,12.1,0,1898.2,3114.5,444.4
FLAKKEBJERG,2002-10-04,04,10,2002,277,10.9,16.2,13.8,3.5,1906.9,3128.2,447.9
FLAKKEBJERG,2002-10-05,05,10,2002,278,10.1,14.3,11.7,0,1913.6,3139.9,447.9
FLAKKEBJERG,2002-10-06,06,10,2002,279,5.2,10.7,7.5,24.7,1916.1,3147.4,472.6
FLAKKEBJERG,2002-10-07,07,10,2002,280,2.7,8.5,5,0,1916.1,3152.4,472.6
FLAKKEBJERG,2002-10-08,08,10,2002,281,1.5,9.1,6.7,0,1917.8,3159.1,472.6
FLAKKEBJERG,2002-10-09,09,10,2002,282,5.4,8.8,6.8,0,1919.7,3166,472.6
FLAKKEBJERG,2002-10-10,10,10,2002,283,5,10.1,6.6,0,1921.2,3172.5,472.6
FLAKKEBJERG,2002-10-11,11,10,2002,284,2.5,9.8,6.1,0,1922.3,3178.6,472.6
FLAKKEBJERG,2002-10-12,12,10,2002,285,5.3,8.2,6.5,3.1,1923.8,3185.1,475.7
FLAKKEBJERG,2002-10-13,13,10,2002,286,5.9,7.4,6.2,0,1925,3191.3,475.7
FLAKKEBJERG,2002-10-14,14,10,2002,287,3.8,5.5,4.5,5.8,1925,3195.8,481.5
FLAKKEBJERG,2002-10-15,15,10,2002,288,1.1,9,5.7,1.3,1925.7,3201.6,482.8
FLAKKEBJERG,2002-10-16,16,10,2002,289,2.3,10.2,6.4,0.2,1927.2,3208,483
FLAKKEBJERG,2002-10-17,17,10,2002,290,5.7,10.3,8.1,22,1930.2,3216,505
FLAKKEBJERG,2002-10-18,18,10,2002,291,4.9,7.5,5.7,7.8,1930.9,3221.7,512.8
FLAKKEBJERG,2002-10-19,19,10,2002,292,2.7,5.8,2.9,0.5,1930.9,3224.6,513.3
FLAKKEBJERG,2002-10-20,20,10,2002,293,-1.7,9.2,4,0.1,1930.9,3228.6,513.4
FLAKKEBJERG,2002-10-21,21,10,2002,294,-0.6,5.6,3.9,0,1930.9,3232.5,513.4
FLAKKEBJERG,2002-10-22,22,10,2002,295,4.5,11.7,8,6.2,1933.9,3240.5,519.6
FLAKKEBJERG,2002-10-23,23,10,2002,296,7.2,12.1,10.4,5,1939.3,3250.9,524.6
FLAKKEBJERG,2002-10-24,24,10,2002,297,5.6,9.1,7.1,3.5,1941.4,3258,528.1
FLAKKEBJERG,2002-10-25,25,10,2002,298,5.9,10.4,8.5,0,1944.9,3266.5,528.1
FLAKKEBJERG,2002-10-26,26,10,2002,299,7.8,11.5,9.5,8.5,1949.3,3275.9,536.6
FLAKKEBJERG,2002-10-27,27,10,2002,300,6,11.3,8.7,1,1953,3284.6,537.6
FLAKKEBJERG,2002-10-28,28,10,2002,301,6.7,9.5,7.8,9,1955.8,3292.4,546.6
FLAKKEBJERG,2002-10-29,29,10,2002,302,4.1,10.3,7.2,0,1958,3299.6,546.6
FLAKKEBJERG,2002-10-30,30,10,2002,303,5.2,9.8,6.1,0,1959.1,3305.7,546.6
FLAKKEBJERG,2002-10-31,31,10,2002,304,-0.9,8.8,4.4,0,1959.1,3310.1,546.6
FLAKKEBJERG,2002-11-01,01,11,2002,305,2.1,8.9,6.9,0,1960.9,3316.9,546.6
FLAKKEBJERG,2002-11-02,02,11,2002,306,1.1,5.4,3,6,1960.9,3320,552.6
FLAKKEBJERG,2002-11-03,03,11,2002,307,0.7,6,3.9,0,1960.9,3323.9,552.6
FLAKKEBJERG,2002-11-04,04,11,2002,308,1.5,5.6,3.6,0,1960.9,3327.5,552.6
FLAKKEBJERG,2002-11-05,05,11,2002,309,0.3,5,2.6,0,1960.9,3330.1,552.6
FLAKKEBJERG,2002-11-06,06,11,2002,310,0.6,2.9,1.8,0,1960.9,3331.9,552.6
FLAKKEBJERG,2002-11-07,07,11,2002,311,1.4,3.8,3.2,0,1960.9,3335.1,552.6
FLAKKEBJERG,2002-11-08,08,11,2002,312,2.9,8.4,5.4,0.9,1961.4,3340.6,553.5
FLAKKEBJERG,2002-11-09,09,11,2002,313,4,5.9,4.4,22.8,1961.4,3345,576.3
FLAKKEBJERG,2002-11-10,10,11,2002,314,1.6,4.6,2.3,6,1961.4,3347.2,582.3
FLAKKEBJERG,2002-11-11,11,11,2002,315,-0.3,3.3,1.7,0.2,1961.4,3349,582.5
FLAKKEBJERG,2002-11-12,12,11,2002,316,0.9,7.7,5.3,0,1961.7,3354.2,582.5
FLAKKEBJERG,2002-11-13,13,11,2002,317,4,8.6,7.9,1.4,1964.6,3362.2,583.9
FLAKKEBJERG,2002-11-14,14,11,2002,318,6.6,8.9,7.7,7.1,1967.3,3369.9,591
FLAKKEBJERG,2002-11-15,15,11,2002,319,4.9,7.2,5.7,4.6,1968,3375.6,595.6
FLAKKEBJERG,2002-11-16,16,11,2002,320,4.5,8,6.9,0.2,1969.9,3382.5,595.8
FLAKKEBJERG,2002-11-17,17,11,2002,321,5.2,6.6,5.7,17,1970.6,3388.2,612.8
FLAKKEBJERG,2002-11-18,18,11,2002,322,3.4,7.8,6,6.9,1971.6,3394.1,619.7
FLAKKEBJERG,2002-11-19,19,11,2002,323,1,4.7,1.9,0.3,1971.6,3396,620
FLAKKEBJERG,2002-11-20,20,11,2002,324,-0.1,1.9,1,0,1971.6,3397,620
FLAKKEBJERG,2002-11-21,21,11,2002,325,-0.5,3.8,1.2,0,1971.6,3398.2,620
FLAKKEBJERG,2002-11-22,22,11,2002,326,0,5.6,4.7,0,1971.6,3402.9,620
FLAKKEBJERG,2002-11-23,23,11,2002,327,4.3,6.5,5.4,3.4,1971.9,3408.2,623.4
FLAKKEBJERG,2002-11-24,24,11,2002,328,3.9,6.2,4.9,5.8,1971.9,3413.1,629.2
FLAKKEBJERG,2002-11-25,25,11,2002,329,4.8,7.9,6.5,0,1973.4,3419.6,629.2
FLAKKEBJERG,2002-11-26,26,11,2002,330,5.3,6.7,5.9,0,1974.3,3425.5,629.2
FLAKKEBJERG,2002-11-27,27,11,2002,331,5.1,7.4,5.2,0,1974.5,3430.7,629.2
FLAKKEBJERG,2002-11-28,28,11,2002,332,1.7,5.8,4.8,0,1974.5,3435.5,629.2
FLAKKEBJERG,2002-11-29,29,11,2002,333,4.6,7.1,6.3,0,1975.8,3441.8,629.2
FLAKKEBJERG,2002-11-30,30,11,2002,334,4.5,6.3,3.9,7.4,1975.8,3445.7,636.6
FLAKKEBJERG,2002-12-01,01,12,2002,335,1.7,3.3,2.4,1.6,1975.8,3448.1,638.2
FLAKKEBJERG,2002-12-02,02,12,2002,336,1.8,5.5,4.6,0,1975.8,3452.7,638.2
FLAKKEBJERG,2002-12-03,03,12,2002,337,4.2,6.2,5.4,0,1976.2,3458.1,638.2
FLAKKEBJERG,2002-12-04,04,12,2002,338,3.9,4.7,3.8,0.3,1976.2,3461.9,638.5
FLAKKEBJERG,2002-12-05,05,12,2002,339,2.7,4,2.5,0,1976.2,3464.5,638.5
FLAKKEBJERG,2002-12-06,06,12,2002,340,0.2,2.4,1.1,0.1,1976.2,3465.6,638.6
FLAKKEBJERG,2002-12-07,07,12,2002,341,0.8,2.2,1.4,0,1976.2,3467,638.6
FLAKKEBJERG,2002-12-08,08,12,2002,342,1,2.5,1.4,0,1976.2,3468.4,638.6
FLAKKEBJERG,2002-12-09,09,12,2002,343,-0.2,0.6,0,0,1976.2,3468.4,638.6
FLAKKEBJERG,2002-12-10,10,12,2002,344,-4.1,-0.1,-1.9,0,1976.2,3468.4,638.6
FLAKKEBJERG,2002-12-11,11,12,2002,345,-4.2,-0.4,-2,0,1976.2,3468.4,638.6
FLAKKEBJERG,2002-12-12,12,12,2002,346,-3.5,0.4,-1.7,0,1976.2,3468.4,638.6
FLAKKEBJERG,2002-12-13,13,12,2002,347,-5.8,-1.7,-3.8,0,1976.2,3468.4,638.6
FLAKKEBJERG,2002-12-14,14,12,2002,348,-5.9,0.9,-1,0,1976.2,3468.4,638.6
FLAKKEBJERG,2002-12-15,15,12,2002,349,-2.6,0.4,-0.4,0,1976.2,3468.4,638.6
FLAKKEBJERG,2002-12-16,16,12,2002,350,-0.9,0.9,0.3,0,1976.2,3468.7,638.6
FLAKKEBJERG,2002-12-17,17,12,2002,351,-0.1,1.3,0.2,0,1976.2,3468.9,638.6
FLAKKEBJERG,2002-12-18,18,12,2002,352,-3.1,4.2,1.1,0,1976.2,3470.1,638.6
FLAKKEBJERG,2002-12-19,19,12,2002,353,-5,0.7,-1.2,0,1976.2,3470.1,638.6
FLAKKEBJERG,2002-12-20,20,12,2002,354,-0.3,1.9,0.7,0,1976.2,3470.7,638.6
FLAKKEBJERG,2002-12-21,21,12,2002,355,-0.2,2.9,1.6,0.4,1976.2,3472.3,639
FLAKKEBJERG,2002-12-22,22,12,2002,356,-3.6,-0.2,-1.6,0,1976.2,3472.3,639
FLAKKEBJERG,2002-12-23,23,12,2002,357,-3.1,0.8,-0.8,0,1976.2,3472.3,639
FLAKKEBJERG,2002-12-24,24,12,2002,358,-2.1,-1.4,-1.9,0,1976.2,3472.3,639
FLAKKEBJERG,2002-12-25,25,12,2002,359,-3.8,-0.8,-1.9,0,1976.2,3472.3,639
FLAKKEBJERG,2002-12-26,26,12,2002,360,-2.4,1.7,0.2,0,1976.2,3472.5,639
FLAKKEBJERG,2002-12-27,27,12,2002,361,-0.3,3.3,2,3.2,1976.2,3474.5,642.2
FLAKKEBJERG,2002-12-28,28,12,2002,362,2,5.4,3.6,8.6,1976.2,3478,650.8
FLAKKEBJERG,2002-12-29,29,12,2002,363,1.8,4.8,1.5,5,1976.2,3479.6,655.8
FLAKKEBJERG,2002-12-30,30,12,2002,364,-2.2,-0.5,-2.8,0.5,1976.2,3479.6,656.3
FLAKKEBJERG,2002-12-31,31,12,2002,365,-9.1,-3.6,-7.3,0,1976.2,3479.6,656.3
FLAKKEBJERG,2003-01-01,01,01,2003,1,-9.2,-3.1,-5.5,0,0,0,0
FLAKKEBJERG,2003-01-02,02,01,2003,2,-8.5,-0.9,-1.8,2.9,0,0,2.9
FLAKKEBJERG,2003-01-03,03,01,2003,3,-3.9,-2.4,-3.8,0.2,0,0,3.1
FLAKKEBJERG,2003-01-04,04,01,2003,4,-11.1,-6,-9.9,1.5,0,0,4.6
FLAKKEBJERG,2003-01-05,05,01,2003,5,-15.7,-0.1,-4.1,2,0,0,6.6
FLAKKEBJERG,2003-01-06,06,01,2003,6,-6.5,-2.6,-7.5,4.4,0,0,11
FLAKKEBJERG,2003-01-07,07,01,2003,7,-18.1,-1.8,-6.9,0,0,0,11
FLAKKEBJERG,2003-01-08,08,01,2003,8,-5.9,-2.4,-3,0.2,0,0,11.200000000000001
FLAKKEBJERG,2003-01-09,09,01,2003,9,-4.5,-2.7,-4.2,0,0,0,11.200000000000001
FLAKKEBJERG,2003-01-10,10,01,2003,10,-11.7,-1.9,-5.7,0,0,0,11.200000000000001
FLAKKEBJERG,2003-01-11,11,01,2003,11,-7.2,2.4,-3.1,0,0,0,11.200000000000001
FLAKKEBJERG,2003-01-12,12,01,2003,12,-9,3.2,2.6,0,0,2.6,11.200000000000001
FLAKKEBJERG,2003-01-13,13,01,2003,13,1.6,4.4,3.2,3.5,0,5.8,14.700000000000001
FLAKKEBJERG,2003-01-14,14,01,2003,14,2.3,7.3,5.7,0.3,0.7,11.5,15
FLAKKEBJERG,2003-01-15,15,01,2003,15,5.4,6.3,5.3,1.4,1,16.8,16.4
FLAKKEBJERG,2003-01-16,16,01,2003,16,4.5,6.6,5.4,0,1.4,22.2,16.4
FLAKKEBJERG,2003-01-17,17,01,2003,17,3.9,5,3.7,0.4,1.4,25.8,16.8
FLAKKEBJERG,2003-01-18,18,01,2003,18,1.3,4.3,3.1,0.2,1.4,28.9,17
FLAKKEBJERG,2003-01-19,19,01,2003,19,2.4,3.7,2.6,0,1.4,31.5,17
FLAKKEBJERG,2003-01-20,20,01,2003,20,1.3,5.9,4.8,2.6,1.4,36.3,19.6
FLAKKEBJERG,2003-01-21,21,01,2003,21,3.7,4.8,4.3,5.4,1.4,40.5,25
FLAKKEBJERG,2003-01-22,22,01,2003,22,1.9,4.1,2.9,2.2,1.4,43.5,27.2
FLAKKEBJERG,2003-01-23,23,01,2003,23,2.1,5.1,3.3,0.2,1.4,46.8,27.400000000000002
FLAKKEBJERG,2003-01-24,24,01,2003,24,2.4,3.8,2.9,0,1.4,49.8,27.400000000000002
FLAKKEBJERG,2003-01-25,25,01,2003,25,2.3,4.1,3.3,0,1.4,53,27.400000000000002
FLAKKEBJERG,2003-01-26,26,01,2003,26,2.8,6.9,5.1,1.6,1.5,58.1,29
FLAKKEBJERG,2003-01-27,27,01,2003,27,4.3,9.4,7.2,0.2,3.7,65.3,29.2
FLAKKEBJERG,2003-01-28,28,01,2003,28,4,7.3,4.7,1.5,3.7,70.1,30.7
FLAKKEBJERG,2003-01-29,29,01,2003,29,1.1,3.4,1.4,4.3,3.7,71.5,35
FLAKKEBJERG,2003-01-30,30,01,2003,30,-3.5,-0.4,-3.9,0.7,3.7,71.5,35.7
FLAKKEBJERG,2003-01-31,31,01,2003,31,-7.7,-4.4,-7.1,0,3.7,71.5,35.7
FLAKKEBJERG,2003-02-01,01,02,2003,32,-10.7,-2.2,-4.3,0,3.7,71.5,35.7
FLAKKEBJERG,2003-02-02,02,02,2003,33,-4.1,1.1,-1.1,0,3.7,71.5,35.7
FLAKKEBJERG,2003-02-03,03,02,2003,34,-2.2,1.8,1,1,3.7,72.6,36.7
FLAKKEBJERG,2003-02-04,04,02,2003,35,0.1,1.7,0.4,0.3,3.7,72.9,37
FLAKKEBJERG,2003-02-05,05,02,2003,36,-0.8,1.7,-0.3,0,3.7,72.9,37
FLAKKEBJERG,2003-02-06,06,02,2003,37,-3.5,-1,-2.5,0.4,3.7,72.9,37.4
FLAKKEBJERG,2003-02-07,07,02,2003,38,-4.4,0.4,-0.8,0.1,3.7,72.9,37.5
FLAKKEBJERG,2003-02-08,08,02,2003,39,-0.9,1.1,0.8,1,3.7,73.7,38.5
FLAKKEBJERG,2003-02-09,09,02,2003,40,-1.3,0.4,-1.2,0,3.7,73.7,38.5
FLAKKEBJERG,2003-02-10,10,02,2003,41,-4.1,-0.7,-2.4,0,3.7,73.7,38.5
FLAKKEBJERG,2003-02-11,11,02,2003,42,-2.8,-1.5,-2.1,0,3.7,73.7,38.5
FLAKKEBJERG,2003-02-12,12,02,2003,43,-3.9,0.4,-2.1,0,3.7,73.7,38.5
FLAKKEBJERG,2003-02-13,13,02,2003,44,-6.2,2.4,-3.1,0,3.7,73.7,38.5
FLAKKEBJERG,2003-02-14,14,02,2003,45,-8.9,0.3,-3.3,0,3.7,73.7,38.5
FLAKKEBJERG,2003-02-15,15,02,2003,46,-4.4,0.3,-1.4,0,3.7,73.7,38.5
FLAKKEBJERG,2003-02-16,16,02,2003,47,-6.6,-0.1,-3.8,0,3.7,73.7,38.5
FLAKKEBJERG,2003-02-17,17,02,2003,48,-8.1,0.1,-3.2,0,3.7,73.7,38.5
FLAKKEBJERG,2003-02-18,18,02,2003,49,-3.9,-1.1,-2.7,0,3.7,73.7,38.5
FLAKKEBJERG,2003-02-19,19,02,2003,50,-4.2,-0.1,-2.5,0,3.7,73.7,38.5
FLAKKEBJERG,2003-02-20,20,02,2003,51,-5.1,4.6,-0.5,0,3.7,73.7,38.5
FLAKKEBJERG,2003-02-21,21,02,2003,52,-1.9,-0.3,-1,0,3.7,73.7,38.5
FLAKKEBJERG,2003-02-22,22,02,2003,53,-1.9,0.3,-0.8,0,3.7,73.7,38.5
FLAKKEBJERG,2003-02-23,23,02,2003,54,-3.4,3.9,-0.1,0,3.7,73.7,38.5
FLAKKEBJERG,2003-02-24,24,02,2003,55,-3.1,5.2,0.3,0,3.7,74,38.5
FLAKKEBJERG,2003-02-25,25,02,2003,56,-5.9,1.7,-2,0,3.7,74,38.5
FLAKKEBJERG,2003-02-26,26,02,2003,57,-3.8,4.4,-0.2,0,3.7,74,38.5
FLAKKEBJERG,2003-02-27,27,02,2003,58,-2.3,-0.3,-1.2,0,3.7,74,38.5
FLAKKEBJERG,2003-02-28,28,02,2003,59,-3.1,-0.3,-2.2,0,3.7,74,38.5
FLAKKEBJERG,2003-03-01,01,03,2003,60,-3.3,-0.2,-1.2,0,3.7,74,38.5
FLAKKEBJERG,2003-03-02,02,03,2003,61,-1.4,0.8,-0.6,0.3,3.7,74,38.800000000000004
FLAKKEBJERG,2003-03-03,03,03,2003,62,-2.1,0.5,-1.4,0,3.7,74,38.800000000000004
FLAKKEBJERG,2003-03-04,04,03,2003,63,-1.9,1,-0.7,0,3.7,74,38.800000000000004
FLAKKEBJERG,2003-03-05,05,03,2003,64,-1.6,2.5,0.4,0,3.7,74.3,38.800000000000004
FLAKKEBJERG,2003-03-06,06,03,2003,65,-0.9,2.3,0.8,0,3.7,75.2,38.800000000000004
FLAKKEBJERG,2003-03-07,07,03,2003,66,-0.2,3.8,1.7,1.4,3.7,76.8,40.2
FLAKKEBJERG,2003-03-08,08,03,2003,67,0.6,5.1,2.7,0.7,3.7,79.5,40.9
FLAKKEBJERG,2003-03-09,09,03,2003,68,1.6,6.2,4.6,2,3.7,84.1,42.9
FLAKKEBJERG,2003-03-10,10,03,2003,69,3.7,9.8,6.4,2,5.1,90.5,44.9
FLAKKEBJERG,2003-03-11,11,03,2003,70,4.6,8.8,6.2,0,6.3,96.8,44.9
FLAKKEBJERG,2003-03-12,12,03,2003,71,4.4,6,4.1,2,6.3,100.9,46.9
FLAKKEBJERG,2003-03-13,13,03,2003,72,-0.2,7.5,2.8,0,6.3,103.7,46.9
FLAKKEBJERG,2003-03-14,14,03,2003,73,-0.2,8.4,2.9,0,6.3,106.6,46.9
FLAKKEBJERG,2003-03-15,15,03,2003,74,-1,9.7,3.3,0,6.3,110,46.9
FLAKKEBJERG,2003-03-16,16,03,2003,75,0.1,9.6,4.5,0,6.3,114.4,46.9
FLAKKEBJERG,2003-03-17,17,03,2003,76,2,10.5,5.3,0,6.6,119.7,46.9
FLAKKEBJERG,2003-03-18,18,03,2003,77,1.1,8.6,4.8,0,6.6,124.5,46.9
FLAKKEBJERG,2003-03-19,19,03,2003,78,3.4,8.9,4.8,0,6.6,129.2,46.9
FLAKKEBJERG,2003-03-20,20,03,2003,79,1.4,6.2,2.4,0,6.6,131.6,46.9
FLAKKEBJERG,2003-03-21,21,03,2003,80,-3.1,2.9,-0.3,0,6.6,131.6,46.9
FLAKKEBJERG,2003-03-22,22,03,2003,81,-2.3,5.7,1.5,0,6.6,133.1,46.9
FLAKKEBJERG,2003-03-23,23,03,2003,82,-1.8,11.1,4.4,0,6.6,137.5,46.9
FLAKKEBJERG,2003-03-24,24,03,2003,83,-2.1,13.7,6.4,0,8,144,46.9
FLAKKEBJERG,2003-03-25,25,03,2003,84,2.9,12.6,6.8,0.1,9.8,150.7,47
FLAKKEBJERG,2003-03-26,26,03,2003,85,-1.4,12.1,3.8,0,9.8,154.5,47
FLAKKEBJERG,2003-03-27,27,03,2003,86,-1.2,14,5.5,0,10.3,160,47
FLAKKEBJERG,2003-03-28,28,03,2003,87,-1.5,13.7,6.6,0,11.8,166.6,47
FLAKKEBJERG,2003-03-29,29,03,2003,88,-1.8,13.1,6.6,0,13.4,173.1,47
FLAKKEBJERG,2003-03-30,30,03,2003,89,2.3,10.7,6.1,0,14.5,179.3,47
FLAKKEBJERG,2003-03-31,31,03,2003,90,3,9.9,6,0,15.5,185.3,47
FLAKKEBJERG,2003-04-01,01,04,2003,91,0.9,11.2,6.4,0,17,191.7,47
FLAKKEBJERG,2003-04-02,02,04,2003,92,4.7,10.1,6.6,1.3,18.6,198.3,48.3
FLAKKEBJERG,2003-04-03,03,04,2003,93,3.6,7.9,4.9,0,18.6,203.2,48.3
FLAKKEBJERG,2003-04-04,04,04,2003,94,-1.2,8.3,4.4,0,18.6,207.6,48.3
FLAKKEBJERG,2003-04-05,05,04,2003,95,0.7,7.4,4,0,18.6,211.6,48.3
FLAKKEBJERG,2003-04-06,06,04,2003,96,-0.3,4.1,1.8,0,18.6,213.4,48.3
FLAKKEBJERG,2003-04-07,07,04,2003,97,-3.6,4,0.2,0,18.6,213.6,48.3
FLAKKEBJERG,2003-04-08,08,04,2003,98,-4.3,5,0.3,0,18.6,213.9,48.3
FLAKKEBJERG,2003-04-09,09,04,2003,99,-4.1,4.1,0.4,0,18.6,214.3,48.3
FLAKKEBJERG,2003-04-10,10,04,2003,100,-0.4,3.5,1.7,0.7,18.6,216,49
FLAKKEBJERG,2003-04-11,11,04,2003,101,0.7,5.8,3.4,4.3,18.6,219.5,53.3
FLAKKEBJERG,2003-04-12,12,04,2003,102,3.4,9.9,6.4,0,20,225.9,53.3
FLAKKEBJERG,2003-04-13,13,04,2003,103,-0.7,12.4,6.1,0,21,232,53.3
FLAKKEBJERG,2003-04-14,14,04,2003,104,1.3,12.7,7,0,23.1,239,53.3
FLAKKEBJERG,2003-04-15,15,04,2003,105,2.9,15.6,8.5,0,26.6,247.5,53.3
FLAKKEBJERG,2003-04-16,16,04,2003,106,3.5,17.7,10.4,0,31.9,257.9,53.3
FLAKKEBJERG,2003-04-17,17,04,2003,107,2.1,17.6,10.4,0,37.3,268.2,53.3
FLAKKEBJERG,2003-04-18,18,04,2003,108,1.4,10.5,6.3,0,38.6,274.6,53.3
FLAKKEBJERG,2003-04-19,19,04,2003,109,3.7,14.5,8.6,0,42.3,283.2,53.3
FLAKKEBJERG,2003-04-20,20,04,2003,110,5.2,15.4,10.1,0,47.3,293.3,53.3
FLAKKEBJERG,2003-04-21,21,04,2003,111,5.2,17.4,11.3,0,53.6,304.5,53.3
FLAKKEBJERG,2003-04-22,22,04,2003,112,5.1,17.9,10.9,0,59.5,315.4,53.3
FLAKKEBJERG,2003-04-23,23,04,2003,113,3.7,17.9,11.3,0,65.8,326.7,53.3
FLAKKEBJERG,2003-04-24,24,04,2003,114,2.8,15.1,9,0,69.8,335.7,53.3
FLAKKEBJERG,2003-04-25,25,04,2003,115,3.2,11.8,7.1,0,71.9,342.8,53.3
FLAKKEBJERG,2003-04-26,26,04,2003,116,5.2,10.8,8.6,0,75.5,351.4,53.3
FLAKKEBJERG,2003-04-27,27,04,2003,117,7.2,12.6,9.6,10.3,80.1,361,63.6
FLAKKEBJERG,2003-04-28,28,04,2003,118,7.7,13.8,11,1,86.1,372,64.6
FLAKKEBJERG,2003-04-29,29,04,2003,119,10.4,15.8,12.6,6.9,93.7,384.6,71.5
FLAKKEBJERG,2003-04-30,30,04,2003,120,7.6,17.8,12,0,100.7,396.6,71.5
FLAKKEBJERG,2003-05-01,01,05,2003,121,8.5,12.8,10.4,25.3,106.1,407,96.8
FLAKKEBJERG,2003-05-02,02,05,2003,122,8,15.3,11.5,4.4,112.6,418.5,101.2
FLAKKEBJERG,2003-05-03,03,05,2003,123,10.1,13,10.5,4.1,118.1,429,105.3
FLAKKEBJERG,2003-05-04,04,05,2003,124,6.2,16.9,11.6,3.1,124.7,440.6,108.4
FLAKKEBJERG,2003-05-05,05,05,2003,125,10,22.7,15.9,0,135.6,456.5,108.4
FLAKKEBJERG,2003-05-06,06,05,2003,126,10.4,14.1,11.5,1,142.1,468,109.4
FLAKKEBJERG,2003-05-07,07,05,2003,127,7.8,14.7,10.6,1.3,147.7,478.6,110.7
FLAKKEBJERG,2003-05-08,08,05,2003,128,6.5,19.2,12.7,0,155.4,491.3,110.7
FLAKKEBJERG,2003-05-09,09,05,2003,129,6,14.4,10.7,0,161,502,110.7
FLAKKEBJERG,2003-05-10,10,05,2003,130,7,14.9,11.1,0,167.1,513,110.7
FLAKKEBJERG,2003-05-11,11,05,2003,131,4,18.1,12.1,1.6,174.3,525.2,112.3
FLAKKEBJERG,2003-05-12,12,05,2003,132,9.9,16.4,12.9,0,182.2,538.1,112.3
FLAKKEBJERG,2003-05-13,13,05,2003,133,8.4,13.2,10.5,4.6,187.7,548.6,116.9
FLAKKEBJERG,2003-05-14,14,05,2003,134,5.9,12.7,9.5,3.3,192.2,558.1,120.2
FLAKKEBJERG,2003-05-15,15,05,2003,135,7.3,11.1,8.8,1.2,196,566.9,121.4
FLAKKEBJERG,2003-05-16,16,05,2003,136,4.2,11.5,7.8,0,198.7,574.6,121.4
FLAKKEBJERG,2003-05-17,17,05,2003,137,1.4,16,9.9,0,203.7,584.6,121.4
FLAKKEBJERG,2003-05-18,18,05,2003,138,8.2,17,12.4,0,211,596.9,121.4
FLAKKEBJERG,2003-05-19,19,05,2003,139,10,16.1,12.9,4.6,218.9,609.8,126
FLAKKEBJERG,2003-05-20,20,05,2003,140,10.4,13.9,11.5,4.5,225.4,621.3,130.5
FLAKKEBJERG,2003-05-21,21,05,2003,141,8.9,14.2,11.3,1.7,231.7,632.6,132.2
FLAKKEBJERG,2003-05-22,22,05,2003,142,9.2,15.3,12.7,0.1,239.4,645.3,132.3
FLAKKEBJERG,2003-05-23,23,05,2003,143,12.3,15.6,13.1,9.1,247.5,658.4,141.4
FLAKKEBJERG,2003-05-24,24,05,2003,144,11.1,17.2,14,2,256.5,672.5,143.4
FLAKKEBJERG,2003-05-25,25,05,2003,145,10.3,21.8,16.2,11,267.8,688.7,154.4
FLAKKEBJERG,2003-05-26,26,05,2003,146,10.9,16.8,13.1,0,275.9,701.8,154.4
FLAKKEBJERG,2003-05-27,27,05,2003,147,5.3,18.2,12.5,0,283.4,714.3,154.4
FLAKKEBJERG,2003-05-28,28,05,2003,148,6.4,19.3,13.8,0,292.2,728.1,154.4
FLAKKEBJERG,2003-05-29,29,05,2003,149,7.2,20.1,14.7,0,301.9,742.8,154.4
FLAKKEBJERG,2003-05-30,30,05,2003,150,7.7,20.7,15.8,0,312.7,758.6,154.4
FLAKKEBJERG,2003-05-31,31,05,2003,151,9.2,19.3,15.1,0,322.8,773.7,154.4
FLAKKEBJERG,2003-06-01,01,06,2003,152,9.2,21.8,15.4,0,333.2,789.1,154.4
FLAKKEBJERG,2003-06-02,02,06,2003,153,8.9,18.8,14.6,0,342.7,803.7,154.4
FLAKKEBJERG,2003-06-03,03,06,2003,154,12,24,18,0,355.7,821.6,154.4
FLAKKEBJERG,2003-06-04,04,06,2003,155,13.2,25.4,20.2,0,370.9,841.8,154.4
FLAKKEBJERG,2003-06-05,05,06,2003,156,16.9,21.5,18.6,2.9,384.5,860.4,157.3
FLAKKEBJERG,2003-06-06,06,06,2003,157,13.6,19.6,16.3,0,395.8,876.7,157.3
FLAKKEBJERG,2003-06-07,07,06,2003,158,12.6,20.7,16.3,0,407.1,893,157.3
FLAKKEBJERG,2003-06-08,08,06,2003,159,11.3,24.1,18,0.9,420.1,911,158.2
FLAKKEBJERG,2003-06-09,09,06,2003,160,14,17.5,15,21.2,430.1,926,179.4
FLAKKEBJERG,2003-06-10,10,06,2003,161,11.4,18.4,15.3,0.1,440.3,941.2,179.5
FLAKKEBJERG,2003-06-11,11,06,2003,162,14.8,20.4,16.9,6.5,452.2,958.1,186
FLAKKEBJERG,2003-06-12,12,06,2003,163,11.9,19.4,15.8,0,463.1,974,186
FLAKKEBJERG,2003-06-13,13,06,2003,164,11.8,19.1,15.1,0,473.2,989.1,186
FLAKKEBJERG,2003-06-14,14,06,2003,165,10.9,17.6,14.2,0,482.4,1003.3,186
FLAKKEBJERG,2003-06-15,15,06,2003,166,10.4,16.9,13.4,0,490.8,1016.7,186
FLAKKEBJERG,2003-06-16,16,06,2003,167,11.3,18.9,15,5.7,500.8,1031.7,191.7
FLAKKEBJERG,2003-06-17,17,06,2003,168,7,19.6,14.3,0,510.1,1046.1,191.7
FLAKKEBJERG,2003-06-18,18,06,2003,169,10.9,19,15.7,0,520.9,1061.8,191.7
FLAKKEBJERG,2003-06-19,19,06,2003,170,13.8,19,16,3.6,531.9,1077.8,195.3
FLAKKEBJERG,2003-06-20,20,06,2003,171,10.8,20.5,13,1.6,539.8,1090.7,196.9
FLAKKEBJERG,2003-06-21,21,06,2003,172,11.5,16,13.2,3.8,548.1,1104,200.7
FLAKKEBJERG,2003-06-22,22,06,2003,173,11.3,16.7,13.5,0,556.6,1117.5,200.7
FLAKKEBJERG,2003-06-23,23,06,2003,174,10.2,20.6,15.3,1.3,566.9,1132.8,202
FLAKKEBJERG,2003-06-24,24,06,2003,175,12.3,16.4,14.1,5.6,576,1146.9,207.6
FLAKKEBJERG,2003-06-25,25,06,2003,176,12.3,18,14.2,0.2,585.2,1161.1,207.8
FLAKKEBJERG,2003-06-26,26,06,2003,177,8.8,22.1,16.6,0,596.8,1177.7,207.8
FLAKKEBJERG,2003-06-27,27,06,2003,178,11.1,22.5,17.5,0,609.3,1195.2,207.8
FLAKKEBJERG,2003-06-28,28,06,2003,179,9.6,23.7,16.9,0,621.2,1212.1,207.8
FLAKKEBJERG,2003-06-29,29,06,2003,180,11,18.3,15,16.9,631.1,1227.1,224.7
FLAKKEBJERG,2003-06-30,30,06,2003,181,11.1,19.5,14.8,2.4,640.9,1241.9,227.1
FLAKKEBJERG,2003-07-01,01,07,2003,182,12.9,19.3,15.1,5,651,1256.9,232.1
FLAKKEBJERG,2003-07-02,02,07,2003,183,12.9,20.2,15.9,8.1,661.9,1272.8,240.2
FLAKKEBJERG,2003-07-03,03,07,2003,184,9.6,18.6,14.5,0,671.4,1287.3,240.2
FLAKKEBJERG,2003-07-04,04,07,2003,185,13.9,17.7,15.2,18.4,681.6,1302.5,258.6
FLAKKEBJERG,2003-07-05,05,07,2003,186,14.5,20.9,17.1,8.7,693.7,1319.7,267.3
FLAKKEBJERG,2003-07-06,06,07,2003,187,13,19.1,14.9,1,703.7,1334.6,268.3
FLAKKEBJERG,2003-07-07,07,07,2003,188,12.6,18.3,14.9,0,713.5,1349.5,268.3
FLAKKEBJERG,2003-07-08,08,07,2003,189,9.8,20.7,15.9,0,724.4,1365.3,268.3
FLAKKEBJERG,2003-07-09,09,07,2003,190,14.7,19.5,16.4,0,735.9,1381.8,268.3
FLAKKEBJERG,2003-07-10,10,07,2003,191,13.6,20.8,16.5,0,747.4,1398.3,268.3
FLAKKEBJERG,2003-07-11,11,07,2003,192,10.7,21.6,16.3,0,758.7,1414.6,268.3
FLAKKEBJERG,2003-07-12,12,07,2003,193,11.9,18.9,15.2,9.2,768.9,1429.8,277.5
FLAKKEBJERG,2003-07-13,13,07,2003,194,13.2,21.3,16.9,0,780.8,1446.7,277.5
FLAKKEBJERG,2003-07-14,14,07,2003,195,11.4,24.9,19.1,0,794.9,1465.8,277.5
FLAKKEBJERG,2003-07-15,15,07,2003,196,13.3,26.4,20.4,0,810.3,1486.2,277.5
FLAKKEBJERG,2003-07-16,16,07,2003,197,16.1,23.7,19.6,1.7,824.9,1505.8,279.2
FLAKKEBJERG,2003-07-17,17,07,2003,198,16.4,24,19.8,0,839.7,1525.6,279.2
FLAKKEBJERG,2003-07-18,18,07,2003,199,16.6,20.4,17.7,3,852.4,1543.3,282.2
FLAKKEBJERG,2003-07-19,19,07,2003,200,13.1,23.2,18.7,0.1,866.1,1562,282.3
FLAKKEBJERG,2003-07-20,20,07,2003,201,12.7,27.1,20.7,0,881.7,1582.7,282.3
FLAKKEBJERG,2003-07-21,21,07,2003,202,17.7,23.2,20.1,0,896.8,1602.7,282.3
FLAKKEBJERG,2003-07-22,22,07,2003,203,14.9,24.2,19.3,5.6,911.2,1622.1,287.9
FLAKKEBJERG,2003-07-23,23,07,2003,204,13.8,22.6,18,0,924.2,1640.1,287.9
FLAKKEBJERG,2003-07-24,24,07,2003,205,12.4,25,19.1,0,938.3,1659.2,287.9
FLAKKEBJERG,2003-07-25,25,07,2003,206,16.1,22.6,18.9,3.7,952.2,1678.1,291.6
FLAKKEBJERG,2003-07-26,26,07,2003,207,15.6,22.3,18.3,2.4,965.5,1696.4,294
FLAKKEBJERG,2003-07-27,27,07,2003,208,13.4,23.7,19,0,979.5,1715.4,294
FLAKKEBJERG,2003-07-28,28,07,2003,209,16.2,22.8,18.2,1.6,992.8,1733.7,295.6
FLAKKEBJERG,2003-07-29,29,07,2003,210,11.5,23.2,18,0,1005.8,1751.7,295.6
FLAKKEBJERG,2003-07-30,30,07,2003,211,10.5,25,18.7,0,1019.4,1770.3,295.6
FLAKKEBJERG,2003-07-31,31,07,2003,212,12.4,25.6,19.9,0,1034.3,1790.2,295.6
FLAKKEBJERG,2003-08-01,01,08,2003,213,12,27.6,20.7,0,1050,1810.9,295.6
FLAKKEBJERG,2003-08-02,02,08,2003,214,16.3,23.1,18.9,0,1063.9,1829.8,295.6
FLAKKEBJERG,2003-08-03,03,08,2003,215,13.3,23.1,18.2,7.4,1077.1,1848.1,303
FLAKKEBJERG,2003-08-04,04,08,2003,216,11.4,23.6,18,0,1090.2,1866.1,303
FLAKKEBJERG,2003-08-05,05,08,2003,217,12.9,22.6,17.9,0,1103.1,1884,303
FLAKKEBJERG,2003-08-06,06,08,2003,218,9.8,25.3,18.5,0,1116.6,1902.5,303
FLAKKEBJERG,2003-08-07,07,08,2003,219,10.7,26.1,19.3,0,1130.8,1921.7,303
FLAKKEBJERG,2003-08-08,08,08,2003,220,11.8,27.6,20.9,0,1146.7,1942.6,303
FLAKKEBJERG,2003-08-09,09,08,2003,221,14.9,26.7,20.5,0,1162.2,1963.1,303
FLAKKEBJERG,2003-08-10,10,08,2003,222,12.3,26.7,20.5,0,1177.8,1983.7,303
FLAKKEBJERG,2003-08-11,11,08,2003,223,14,26.9,21.3,0,1194.1,2005,303
FLAKKEBJERG,2003-08-12,12,08,2003,224,17.2,26.6,21.8,0,1210.9,2026.8,303
FLAKKEBJERG,2003-08-13,13,08,2003,225,14.4,25.5,20.1,0,1226,2046.9,303
FLAKKEBJERG,2003-08-14,14,08,2003,226,15.7,19.4,16.8,0,1237.8,2063.7,303
FLAKKEBJERG,2003-08-15,15,08,2003,227,13.8,19,16.4,0.7,1249.2,2080.1,303.7
FLAKKEBJERG,2003-08-16,16,08,2003,228,14.9,20.9,17.4,0,1261.5,2097.5,303.7
FLAKKEBJERG,2003-08-17,17,08,2003,229,12.6,21.1,16.1,0,1272.6,2113.5,303.7
FLAKKEBJERG,2003-08-18,18,08,2003,230,9.7,19.5,15.6,0,1283.2,2129.1,303.7
FLAKKEBJERG,2003-08-19,19,08,2003,231,12.7,22.6,17.8,3.8,1295.9,2146.8,307.5
FLAKKEBJERG,2003-08-20,20,08,2003,232,14.2,21.2,17.1,0,1308.1,2164,307.5
FLAKKEBJERG,2003-08-21,21,08,2003,233,13.4,19.2,16.5,0,1319.6,2180.5,307.5
FLAKKEBJERG,2003-08-22,22,08,2003,234,15.2,21,17.3,0.5,1331.9,2197.8,308
FLAKKEBJERG,2003-08-23,23,08,2003,235,14.9,19.9,16.6,2.2,1343.5,2214.4,310.2
FLAKKEBJERG,2003-08-24,24,08,2003,236,14.3,22.5,17.5,0.4,1356,2231.9,310.6
FLAKKEBJERG,2003-08-25,25,08,2003,237,11.3,21.5,16.6,0,1367.6,2248.5,310.6
FLAKKEBJERG,2003-08-26,26,08,2003,238,11.8,20.3,16.4,0,1379,2264.9,310.6
FLAKKEBJERG,2003-08-27,27,08,2003,239,13.3,17,14.1,0,1388.1,2279,310.6
FLAKKEBJERG,2003-08-28,28,08,2003,240,5.3,17.8,12.7,0,1395.7,2291.7,310.6
FLAKKEBJERG,2003-08-29,29,08,2003,241,12,16.8,13.4,1.7,1404.1,2305,312.3
FLAKKEBJERG,2003-08-30,30,08,2003,242,10.2,13,11.6,5.8,1410.7,2316.6,318.1
FLAKKEBJERG,2003-08-31,31,08,2003,243,8.6,16.8,13,6,1418.7,2329.7,324.1
FLAKKEBJERG,2003-09-01,01,09,2003,244,8.6,14.7,10.6,0.3,1424.3,2340.3,324.4
FLAKKEBJERG,2003-09-02,02,09,2003,245,4.5,16.2,11.2,3.7,1430.5,2351.5,328.1
FLAKKEBJERG,2003-09-03,03,09,2003,246,9.7,16.8,14.4,2.4,1439.9,2365.9,330.5
FLAKKEBJERG,2003-09-04,04,09,2003,247,13.2,18.9,15.1,0,1450.1,2381,330.5
FLAKKEBJERG,2003-09-05,05,09,2003,248,9.6,20.2,14.8,0,1459.9,2395.8,330.5
FLAKKEBJERG,2003-09-06,06,09,2003,249,10.3,21,15.9,0,1470.8,2411.7,330.5
FLAKKEBJERG,2003-09-07,07,09,2003,250,14.9,18,15.7,0,1481.5,2427.4,330.5
FLAKKEBJERG,2003-09-08,08,09,2003,251,12.7,19.7,16.5,0,1493,2443.9,330.5
FLAKKEBJERG,2003-09-09,09,09,2003,252,14.6,17.9,15.7,0,1503.7,2459.6,330.5
FLAKKEBJERG,2003-09-10,10,09,2003,253,12.7,14.3,12.9,2.6,1511.6,2472.5,333.1
FLAKKEBJERG,2003-09-11,11,09,2003,254,8.4,18.2,13.3,3.4,1519.9,2485.8,336.5
FLAKKEBJERG,2003-09-12,12,09,2003,255,9.4,18.2,14.2,0,1529.1,2500,336.5
FLAKKEBJERG,2003-09-13,13,09,2003,256,11.1,18.2,13.9,0,1538,2513.9,336.5
FLAKKEBJERG,2003-09-14,14,09,2003,257,5.5,18.5,12.4,0,1545.3,2526.3,336.5
FLAKKEBJERG,2003-09-15,15,09,2003,258,9.2,19,14.3,0,1554.7,2540.6,336.5
FLAKKEBJERG,2003-09-16,16,09,2003,259,10.5,19.8,15,0,1564.6,2555.6,336.5
FLAKKEBJERG,2003-09-17,17,09,2003,260,13.1,19.2,15.5,0,1575.1,2571,336.5
FLAKKEBJERG,2003-09-18,18,09,2003,261,12.9,21.8,16.9,0,1587,2587.9,336.5
FLAKKEBJERG,2003-09-19,19,09,2003,262,13.6,19.4,16.6,0,1598.6,2604.5,336.5
FLAKKEBJERG,2003-09-20,20,09,2003,263,12,20.2,16,0,1609.6,2620.5,336.5
FLAKKEBJERG,2003-09-21,21,09,2003,264,13.1,17.8,14.9,0,1619.5,2635.4,336.5
FLAKKEBJERG,2003-09-22,22,09,2003,265,9.5,24.4,18.1,0.7,1632.6,2653.6,337.2
FLAKKEBJERG,2003-09-23,23,09,2003,266,10.5,19.9,12.2,2.9,1639.9,2665.8,340.1
FLAKKEBJERG,2003-09-24,24,09,2003,267,8.7,14.3,10.9,0,1645.8,2676.7,340.1
FLAKKEBJERG,2003-09-25,25,09,2003,268,8.2,15.9,12.8,0,1653.6,2689.5,340.1
FLAKKEBJERG,2003-09-26,26,09,2003,269,9.6,17.4,13.9,0,1662.5,2703.4,340.1
FLAKKEBJERG,2003-09-27,27,09,2003,270,10,14.5,11.5,1.3,1669,2714.9,341.4
FLAKKEBJERG,2003-09-28,28,09,2003,271,5.1,13.6,9.4,0,1673.4,2724.3,341.4
FLAKKEBJERG,2003-09-29,29,09,2003,272,4.5,10.8,8.3,0,1676.7,2732.6,341.4
FLAKKEBJERG,2003-09-30,30,09,2003,273,3.6,14.7,8.9,2.9,1680.5,2741.4,344.3
FLAKKEBJERG,2003-10-01,01,10,2003,274,3.7,14.3,9.4,0,1685,2750.9,344.3
FLAKKEBJERG,2003-10-02,02,10,2003,275,4.8,13.9,9.3,0,1689.2,2760.2,344.3
FLAKKEBJERG,2003-10-03,03,10,2003,276,1.9,13.8,8.6,0,1692.8,2768.8,344.3
FLAKKEBJERG,2003-10-04,04,10,2003,277,8.8,13.1,10.7,2.5,1698.5,2779.4,346.8
FLAKKEBJERG,2003-10-05,05,10,2003,278,3.9,12.3,8.1,0,1701.6,2787.5,346.8
FLAKKEBJERG,2003-10-06,06,10,2003,279,4.8,11.6,8.4,0,1705,2795.9,346.8
FLAKKEBJERG,2003-10-07,07,10,2003,280,7.2,11,8.4,4,1708.3,2804.3,350.8
FLAKKEBJERG,2003-10-08,08,10,2003,281,4.7,11.2,9.1,1.6,1712.4,2813.3,352.4
FLAKKEBJERG,2003-10-09,09,10,2003,282,7.8,11.7,9.8,6.9,1717.2,2823.1,359.3
FLAKKEBJERG,2003-10-10,10,10,2003,283,8.5,14.4,12.3,6.1,1724.5,2835.4,365.4
FLAKKEBJERG,2003-10-11,11,10,2003,284,9.4,13,10.6,0.6,1730.1,2846,366
FLAKKEBJERG,2003-10-12,12,10,2003,285,8.3,12.7,9,0,1734.1,2855,366
FLAKKEBJERG,2003-10-13,13,10,2003,286,2.4,11,6.4,0,1735.4,2861.3,366
FLAKKEBJERG,2003-10-14,14,10,2003,287,1.4,10.5,5.3,0,1735.8,2866.7,366
FLAKKEBJERG,2003-10-15,15,10,2003,288,-0.6,10,4.3,0,1735.8,2870.9,366
FLAKKEBJERG,2003-10-16,16,10,2003,289,-1,10.6,3.8,0,1735.8,2874.7,366
FLAKKEBJERG,2003-10-17,17,10,2003,290,-1.1,10,3.9,0,1735.8,2878.7,366
FLAKKEBJERG,2003-10-18,18,10,2003,291,0.7,8.6,6.8,0,1737.6,2885.5,366
FLAKKEBJERG,2003-10-19,19,10,2003,292,0.7,9.8,5.4,0,1738,2890.9,366
FLAKKEBJERG,2003-10-20,20,10,2003,293,1.9,7.3,3.6,0.2,1738,2894.5,366.2
FLAKKEBJERG,2003-10-21,21,10,2003,294,-0.1,5.3,3,0,1738,2897.4,366.2
FLAKKEBJERG,2003-10-22,22,10,2003,295,0.6,5.5,1.8,3.2,1738,2899.3,369.4
FLAKKEBJERG,2003-10-23,23,10,2003,296,-3.8,3.1,-0.8,0,1738,2899.3,369.4
FLAKKEBJERG,2003-10-24,24,10,2003,297,-3.4,5,1.4,0,1738,2900.7,369.4
FLAKKEBJERG,2003-10-25,25,10,2003,298,1.7,7.8,5.4,0.1,1738.4,2906.1,369.5
FLAKKEBJERG,2003-10-26,26,10,2003,299,-1.3,4.4,0.7,2.4,1738.4,2906.7,371.9
FLAKKEBJERG,2003-10-27,27,10,2003,300,-5.4,7,1.9,0,1738.4,2908.6,371.9
FLAKKEBJERG,2003-10-28,28,10,2003,301,1,8.2,6.6,0,1740,2915.2,371.9
FLAKKEBJERG,2003-10-29,29,10,2003,302,1.8,6.5,3.9,0,1740,2919.2,371.9
FLAKKEBJERG,2003-10-30,30,10,2003,303,-0.4,6.4,4.1,0,1740,2923.3,371.9
FLAKKEBJERG,2003-10-31,31,10,2003,304,3.5,7.3,5.7,0.6,1740.7,2929,372.5
FLAKKEBJERG,2003-11-01,01,11,2003,305,5.2,9.2,7.6,3.7,1743.4,2936.6,376.2
FLAKKEBJERG,2003-11-02,02,11,2003,306,6.4,10,8.2,0.4,1746.6,2944.8,376.6
FLAKKEBJERG,2003-11-03,03,11,2003,307,7.1,11.1,9.1,1.7,1750.7,2953.9,378.3
FLAKKEBJERG,2003-11-04,04,11,2003,308,8.1,11,8.7,4.6,1754.4,2962.7,382.9
FLAKKEBJERG,2003-11-05,05,11,2003,309,3.7,7.7,6.2,0,1755.6,2968.8,382.9
FLAKKEBJERG,2003-11-06,06,11,2003,310,2.7,7.5,4.9,0,1755.6,2973.7,382.9
FLAKKEBJERG,2003-11-07,07,11,2003,311,1.2,8,4.6,0,1755.6,2978.4,382.9
FLAKKEBJERG,2003-11-08,08,11,2003,312,3,7,6.6,0,1757.2,2984.9,382.9
FLAKKEBJERG,2003-11-09,09,11,2003,313,6.3,6.8,5.6,0,1757.8,2990.5,382.9
FLAKKEBJERG,2003-11-10,10,11,2003,314,2.5,4.8,3.5,0,1757.8,2994.1,382.9
FLAKKEBJERG,2003-11-11,11,11,2003,315,1.7,6.3,3.9,0,1757.8,2998,382.9
FLAKKEBJERG,2003-11-12,12,11,2003,316,1.5,6.4,3.3,0,1757.8,3001.2,382.9
FLAKKEBJERG,2003-11-13,13,11,2003,317,0.1,5,2.7,0,1757.8,3003.9,382.9
FLAKKEBJERG,2003-11-14,14,11,2003,318,1.2,5.4,4.3,0,1757.8,3008.2,382.9
FLAKKEBJERG,2003-11-15,15,11,2003,319,2.5,7.9,6.2,0,1758.9,3014.4,382.9
FLAKKEBJERG,2003-11-16,16,11,2003,320,5.9,8.2,7.2,0.7,1761.1,3021.6,383.6
FLAKKEBJERG,2003-11-17,17,11,2003,321,5.7,7.8,6.3,0.2,1762.5,3027.9,383.8
FLAKKEBJERG,2003-11-18,18,11,2003,322,4.2,10.8,8.4,1.4,1765.9,3036.3,385.2
FLAKKEBJERG,2003-11-19,19,11,2003,323,7.7,11.3,9.6,3.7,1770.5,3045.9,388.9
FLAKKEBJERG,2003-11-20,20,11,2003,324,6.9,9.2,7.9,4.8,1773.4,3053.8,393.7
FLAKKEBJERG,2003-11-21,21,11,2003,325,7.4,8.9,8.3,8.4,1776.7,3062.1,402.1
FLAKKEBJERG,2003-11-22,22,11,2003,326,7.7,8.6,7.9,2.7,1779.6,3070,404.8
FLAKKEBJERG,2003-11-23,23,11,2003,327,7.5,10.6,8.3,3.2,1782.8,3078.3,408
FLAKKEBJERG,2003-11-24,24,11,2003,328,3.7,4.7,3.5,5,1782.8,3081.8,413
FLAKKEBJERG,2003-11-25,25,11,2003,329,0.6,7.6,5.5,0.6,1783.4,3087.3,413.6
FLAKKEBJERG,2003-11-26,26,11,2003,330,2.3,8.5,7,0.5,1785.3,3094.3,414.1
FLAKKEBJERG,2003-11-27,27,11,2003,331,6,7.3,6.6,0,1787,3100.9,414.1
FLAKKEBJERG,2003-11-28,28,11,2003,332,6.3,8,5.5,0.6,1787.4,3106.4,414.7
FLAKKEBJERG,2003-11-29,29,11,2003,333,-1.7,6.8,1.8,0,1787.4,3108.2,414.7
FLAKKEBJERG,2003-11-30,30,11,2003,334,-1.6,7.6,7.1,0.2,1789.5,3115.3,414.9
FLAKKEBJERG,2003-12-01,01,12,2003,335,5,6.9,6,0,1790.5,3121.3,414.9
FLAKKEBJERG,2003-12-02,02,12,2003,336,4,7.1,6.2,0,1791.7,3127.5,414.9
FLAKKEBJERG,2003-12-03,03,12,2003,337,5.5,6.4,5.6,0,1792.3,3133.1,414.9
FLAKKEBJERG,2003-12-04,04,12,2003,338,4.2,5.3,4.5,0.7,1792.3,3137.6,415.6
FLAKKEBJERG,2003-12-05,05,12,2003,339,4.1,9.6,7.8,0.1,1795.1,3145.4,415.7
FLAKKEBJERG,2003-12-06,06,12,2003,340,2.8,9.1,2.7,0,1795.1,3148.2,415.7
FLAKKEBJERG,2003-12-07,07,12,2003,341,-4.4,4.5,0.6,0,1795.1,3148.7,415.7
FLAKKEBJERG,2003-12-08,08,12,2003,342,-1.1,6.4,5.6,0,1795.8,3154.4,415.7
FLAKKEBJERG,2003-12-09,09,12,2003,343,3.9,5.7,3.1,0,1795.8,3157.4,415.7
FLAKKEBJERG,2003-12-10,10,12,2003,344,-2.1,3.1,0.9,0,1795.8,3158.4,415.7
FLAKKEBJERG,2003-12-11,11,12,2003,345,-0.8,4,2.6,0,1795.8,3161,415.7
FLAKKEBJERG,2003-12-12,12,12,2003,346,1.5,4.9,3.1,2.7,1795.8,3164.1,418.4
FLAKKEBJERG,2003-12-13,13,12,2003,347,1.9,8.6,6,3.3,1796.7,3170,421.7
FLAKKEBJERG,2003-12-14,14,12,2003,348,4.3,7.7,5.9,9,1797.6,3176,430.7
FLAKKEBJERG,2003-12-15,15,12,2003,349,0.5,3.7,2.5,1.3,1797.6,3178.4,432
FLAKKEBJERG,2003-12-16,16,12,2003,350,1.1,3.6,2.3,0,1797.6,3180.7,432
FLAKKEBJERG,2003-12-17,17,12,2003,351,0.1,8,6.6,3.8,1799.2,3187.4,435.8
FLAKKEBJERG,2003-12-18,18,12,2003,352,5.1,7.3,5.1,1,1799.3,3192.5,436.8
FLAKKEBJERG,2003-12-19,19,12,2003,353,1.7,5.1,3.5,0,1799.3,3195.9,436.8
FLAKKEBJERG,2003-12-20,20,12,2003,354,1.9,5.7,4.4,0,1799.3,3200.3,436.8
FLAKKEBJERG,2003-12-21,21,12,2003,355,3.8,7.2,4,8.9,1799.3,3204.3,445.7
FLAKKEBJERG,2003-12-22,22,12,2003,356,-1.4,0.5,-2.2,5.1,1799.3,3204.3,450.8
FLAKKEBJERG,2003-12-23,23,12,2003,357,-6.3,1.2,0,0,1799.3,3204.3,450.8
FLAKKEBJERG,2003-12-24,24,12,2003,358,-0.2,4.5,2.6,0,1799.3,3206.9,450.8
FLAKKEBJERG,2003-12-25,25,12,2003,359,1.9,6.5,5.7,1.2,1800.1,3212.7,452
FLAKKEBJERG,2003-12-26,26,12,2003,360,5.6,7.1,6.3,0.2,1801.3,3218.9,452.2
FLAKKEBJERG,2003-12-27,27,12,2003,361,4.5,6.9,5.5,0,1801.9,3224.5,452.2
FLAKKEBJERG,2003-12-28,28,12,2003,362,3.7,6.5,4.4,0,1801.9,3228.9,452.2
FLAKKEBJERG,2003-12-29,29,12,2003,363,2.7,4,2.9,8.4,1801.9,3231.8,460.6
FLAKKEBJERG,2003-12-30,30,12,2003,364,-0.2,3.1,1.9,6.3,1801.9,3233.8,466.9
FLAKKEBJERG,2003-12-31,31,12,2003,365,-1,1.3,-0.7,0,1801.9,3233.8,466.9
FLAKKEBJERG,2004-01-01,01,01,2004,1,-8.1,-1.5,-3.3,0,0,0,0
FLAKKEBJERG,2004-01-02,02,01,2004,2,-3.5,-1.7,-2.8,0,0,0,0
FLAKKEBJERG,2004-01-03,03,01,2004,3,-5.8,-0.9,-3.1,0,0,0,0
FLAKKEBJERG,2004-01-04,04,01,2004,4,-5.7,-1.2,-2.5,0,0,0,0
FLAKKEBJERG,2004-01-05,05,01,2004,5,-7.1,-2.3,-4,0.2,0,0,0.2
FLAKKEBJERG,2004-01-06,06,01,2004,6,-7.1,0.8,-1.6,0,0,0,0.2
FLAKKEBJERG,2004-01-07,07,01,2004,7,-2.3,4.9,2.9,5.4,0,2.9,5.6000000000000005
FLAKKEBJERG,2004-01-08,08,01,2004,8,0.3,1.4,0.8,1,0,3.8,6.6000000000000005
FLAKKEBJERG,2004-01-09,09,01,2004,9,0,0.9,0,0.1,0,3.8,6.7
FLAKKEBJERG,2004-01-10,10,01,2004,10,-0.9,0.4,-0.4,2.7,0,3.8,9.4
FLAKKEBJERG,2004-01-11,11,01,2004,11,-0.9,5.7,1.9,0.3,0,5.7,9.700000000000001
FLAKKEBJERG,2004-01-12,12,01,2004,12,0.9,4.6,3.4,13.6,0,9.1,23.3
FLAKKEBJERG,2004-01-13,13,01,2004,13,2.7,3.4,2.4,2.2,0,11.5,25.5
FLAKKEBJERG,2004-01-14,14,01,2004,14,0.2,2.6,1.9,13.6,0,13.4,39.1
FLAKKEBJERG,2004-01-15,15,01,2004,15,-2,2,0.2,0.8,0,13.6,39.9
FLAKKEBJERG,2004-01-16,16,01,2004,16,-1.8,2.6,1.2,0.1,0,14.8,40
FLAKKEBJERG,2004-01-17,17,01,2004,17,0.1,2,0.7,13,0,15.5,53
FLAKKEBJERG,2004-01-18,18,01,2004,18,-2.9,1.2,-1.1,0,0,15.5,53
FLAKKEBJERG,2004-01-19,19,01,2004,19,-2.1,3.1,1.4,2,0,16.9,55
FLAKKEBJERG,2004-01-20,20,01,2004,20,-0.4,0.6,-0.5,0,0,16.9,55
FLAKKEBJERG,2004-01-21,21,01,2004,21,-5,-2.1,-4.2,1.1,0,16.9,56.1
FLAKKEBJERG,2004-01-22,22,01,2004,22,-8.3,-2.3,-4.8,0,0,16.9,56.1
FLAKKEBJERG,2004-01-23,23,01,2004,23,-7.6,0,-1.1,0,0,16.9,56.1
FLAKKEBJERG,2004-01-24,24,01,2004,24,-1.8,-0.1,-0.9,0,0,16.9,56.1
FLAKKEBJERG,2004-01-25,25,01,2004,25,-4,-2.9,-3.8,0.8,0,16.9,56.9
FLAKKEBJERG,2004-01-26,26,01,2004,26,-6.2,-2.8,-4.7,0.5,0,16.9,57.4
FLAKKEBJERG,2004-01-27,27,01,2004,27,-8.8,-2.9,-5.6,0,0,16.9,57.4
FLAKKEBJERG,2004-01-28,28,01,2004,28,-8.9,-0.1,-1,0.1,0,16.9,57.5
FLAKKEBJERG,2004-01-29,29,01,2004,29,-3.9,-0.3,-2.8,2.4,0,16.9,59.9
FLAKKEBJERG,2004-01-30,30,01,2004,30,-9.4,1.9,-2.8,2.6,0,16.9,62.5
FLAKKEBJERG,2004-01-31,31,01,2004,31,-10.3,4.1,1.9,0.8,0,18.8,63.3
FLAKKEBJERG,2004-02-01,01,02,2004,32,1.4,5.6,2.7,9.3,0,21.5,72.6
FLAKKEBJERG,2004-02-02,02,02,2004,33,0.7,7,4,7.5,0,25.5,80.1
FLAKKEBJERG,2004-02-03,03,02,2004,34,2.7,9.1,6.8,1.2,1.8,32.4,81.3
FLAKKEBJERG,2004-02-04,04,02,2004,35,5.8,8.4,7.5,8.3,4.3,39.8,89.60000000000001
FLAKKEBJERG,2004-02-05,05,02,2004,36,6.7,10,8.2,0.1,7.5,48,89.7
FLAKKEBJERG,2004-02-06,06,02,2004,37,4.6,7.6,5.8,0,8.3,53.8,89.7
FLAKKEBJERG,2004-02-07,07,02,2004,38,2.8,6.1,4.4,3.3,8.3,58.2,93
FLAKKEBJERG,2004-02-08,08,02,2004,39,0.9,3,1.4,0.9,8.3,59.7,93.9
FLAKKEBJERG,2004-02-09,09,02,2004,40,-0.5,2.3,0.5,2.3,8.3,60.2,96.2
FLAKKEBJERG,2004-02-10,10,02,2004,41,-0.7,2.5,0.7,0,8.3,60.9,96.2
FLAKKEBJERG,2004-02-11,11,02,2004,42,-1.6,0.9,-1.1,4.9,8.3,60.9,101.10000000000001
FLAKKEBJERG,2004-02-12,12,02,2004,43,-6.2,1.2,-1.4,0,8.3,60.9,101.10000000000001
FLAKKEBJERG,2004-02-13,13,02,2004,44,-1.7,3.1,1.5,0.1,8.3,62.3,101.2
FLAKKEBJERG,2004-02-14,14,02,2004,45,-0.5,4.6,2,0.1,8.3,64.4,101.3
FLAKKEBJERG,2004-02-15,15,02,2004,46,-1.1,4.7,1.2,0,8.3,65.5,101.3
FLAKKEBJERG,2004-02-16,16,02,2004,47,-0.4,4.5,2.2,0,8.3,67.8,101.3
FLAKKEBJERG,2004-02-17,17,02,2004,48,1.1,6.3,4.1,0,8.3,71.9,101.3
FLAKKEBJERG,2004-02-18,18,02,2004,49,0.4,5.3,2.1,0,8.3,74,101.3
FLAKKEBJERG,2004-02-19,19,02,2004,50,-2.7,1.2,-1.1,0,8.3,74,101.3
FLAKKEBJERG,2004-02-20,20,02,2004,51,-5,2,-1.5,0,8.3,74,101.3
FLAKKEBJERG,2004-02-21,21,02,2004,52,-2.7,3.4,-0.1,0,8.3,74,101.3
FLAKKEBJERG,2004-02-22,22,02,2004,53,-2.6,2.8,-0.2,0,8.3,74,101.3
FLAKKEBJERG,2004-02-23,23,02,2004,54,-1.8,0.9,-0.8,1,8.3,74,102.3
FLAKKEBJERG,2004-02-24,24,02,2004,55,-4.6,1.8,-0.3,0,8.3,74,102.3
FLAKKEBJERG,2004-02-25,25,02,2004,56,-0.7,2.8,0.6,2.6,8.3,74.6,104.9
FLAKKEBJERG,2004-02-26,26,02,2004,57,0,2.1,0.8,0,8.3,75.4,104.9
FLAKKEBJERG,2004-02-27,27,02,2004,58,-1,0.4,-0.2,0,8.3,75.4,104.9
FLAKKEBJERG,2004-02-28,28,02,2004,59,-0.8,2.3,-0.2,0,8.3,75.4,104.9
FLAKKEBJERG,2004-02-29,29,02,2004,60,-3.2,2.8,-0.9,0.1,8.3,75.4,105
FLAKKEBJERG,2004-03-01,01,03,2004,61,-4.2,3.8,1.3,0,8.3,76.7,105
FLAKKEBJERG,2004-03-02,02,03,2004,62,1,7,3.2,0,8.3,79.9,105
FLAKKEBJERG,2004-03-03,03,03,2004,63,-1.4,1.5,-0.3,0,8.3,79.9,105
FLAKKEBJERG,2004-03-04,04,03,2004,64,-4.2,1,-1.7,0,8.3,79.9,105
FLAKKEBJERG,2004-03-05,05,03,2004,65,-2.4,1.2,-0.5,0,8.3,79.9,105
FLAKKEBJERG,2004-03-06,06,03,2004,66,-3.7,1.6,-0.7,0,8.3,79.9,105
FLAKKEBJERG,2004-03-07,07,03,2004,67,-1.5,2.7,-0.1,0,8.3,79.9,105
FLAKKEBJERG,2004-03-08,08,03,2004,68,-1.9,3.6,0.7,0,8.3,80.6,105
FLAKKEBJERG,2004-03-09,09,03,2004,69,-0.7,2.9,1.1,0,8.3,81.7,105
FLAKKEBJERG,2004-03-10,10,03,2004,70,-0.9,1.8,0.6,0,8.3,82.3,105
FLAKKEBJERG,2004-03-11,11,03,2004,71,0.4,5.2,2.3,0.1,8.3,84.5,105.10000000000001
FLAKKEBJERG,2004-03-12,12,03,2004,72,1.3,3.3,2.2,0,8.3,86.7,105.10000000000001
FLAKKEBJERG,2004-03-13,13,03,2004,73,1.6,5.7,2.8,0,8.3,89.5,105.10000000000001
FLAKKEBJERG,2004-03-14,14,03,2004,74,1.3,10,6,4.3,9.2,95.5,109.4
FLAKKEBJERG,2004-03-15,15,03,2004,75,5.4,10.3,7.7,0.6,11.9,103.2,110
FLAKKEBJERG,2004-03-16,16,03,2004,76,6.8,8.8,7.6,0.9,14.6,110.8,110.9
FLAKKEBJERG,2004-03-17,17,03,2004,77,6.4,14.5,9.6,0,19.2,120.4,110.9
FLAKKEBJERG,2004-03-18,18,03,2004,78,2.7,9.8,7,0,21.1,127.4,110.9
FLAKKEBJERG,2004-03-19,19,03,2004,79,6.1,8.9,7.2,4.6,23.3,134.6,115.5
FLAKKEBJERG,2004-03-20,20,03,2004,80,3.9,8.9,5.9,3.6,24.3,140.5,119.1
FLAKKEBJERG,2004-03-21,21,03,2004,81,4.3,7.5,4.9,12.9,24.3,145.4,132
FLAKKEBJERG,2004-03-22,22,03,2004,82,3.1,7.3,4.7,6.4,24.3,150.1,138.4
FLAKKEBJERG,2004-03-23,23,03,2004,83,3.1,7.8,4.3,2.3,24.3,154.4,140.7
FLAKKEBJERG,2004-03-24,24,03,2004,84,1.7,5,3.2,3.2,24.3,157.6,143.9
FLAKKEBJERG,2004-03-25,25,03,2004,85,-0.5,3.5,1,0.8,24.3,158.6,144.7
FLAKKEBJERG,2004-03-26,26,03,2004,86,-1.3,3.2,0.5,0,24.3,159.1,144.7
FLAKKEBJERG,2004-03-27,27,03,2004,87,-2.3,4.6,2.7,0,24.3,161.8,144.7
FLAKKEBJERG,2004-03-28,28,03,2004,88,2.5,9.5,5.8,0.2,25,167.6,144.9
FLAKKEBJERG,2004-03-29,29,03,2004,89,4.7,8.3,6.5,0,26.6,174.1,144.9
FLAKKEBJERG,2004-03-30,30,03,2004,90,-0.7,11.1,5.5,0,27.1,179.6,144.9
FLAKKEBJERG,2004-03-31,31,03,2004,91,1.2,12.6,6.5,0,28.6,186.1,144.9
FLAKKEBJERG,2004-04-01,01,04,2004,92,2.7,8.9,4.7,0,28.6,190.9,144.9
FLAKKEBJERG,2004-04-02,02,04,2004,93,1,7.2,3.9,0,28.6,194.7,144.9
FLAKKEBJERG,2004-04-03,03,04,2004,94,2.8,9.2,5.9,0,29.5,200.6,144.9
FLAKKEBJERG,2004-04-04,04,04,2004,95,5.5,8.7,7.2,2.8,31.7,207.9,147.7
FLAKKEBJERG,2004-04-05,05,04,2004,96,2.7,9.2,5.6,1.7,32.3,213.5,149.4
FLAKKEBJERG,2004-04-06,06,04,2004,97,3.6,6.2,4.4,6.6,32.3,217.9,156
FLAKKEBJERG,2004-04-07,07,04,2004,98,2.2,8.2,4.6,12.4,32.3,222.5,168.4
FLAKKEBJERG,2004-04-08,08,04,2004,99,2.2,5.7,3.9,0.7,32.3,226.4,169.1
FLAKKEBJERG,2004-04-09,09,04,2004,100,1.6,11.1,6.7,0.7,34,233,169.8
FLAKKEBJERG,2004-04-10,10,04,2004,101,3.3,9.3,6.1,0.7,35.1,239.1,170.5
FLAKKEBJERG,2004-04-11,11,04,2004,102,1.1,9.9,5.7,0,35.8,244.8,170.5
FLAKKEBJERG,2004-04-12,12,04,2004,103,4.1,9.5,6.3,0,37.1,251.1,170.5
FLAKKEBJERG,2004-04-13,13,04,2004,104,0.1,11.9,6.4,0,38.4,257.4,170.5
FLAKKEBJERG,2004-04-14,14,04,2004,105,0.4,12.3,7.4,0,40.8,264.8,170.5
FLAKKEBJERG,2004-04-15,15,04,2004,106,2.1,14.7,8.6,0,44.4,273.4,170.5
FLAKKEBJERG,2004-04-16,16,04,2004,107,2,17.2,9.8,0,49.2,283.2,170.5
FLAKKEBJERG,2004-04-17,17,04,2004,108,3.7,15.3,10,0,54.2,293.2,170.5
FLAKKEBJERG,2004-04-18,18,04,2004,109,7.1,17,11.7,0,60.9,304.9,170.5
FLAKKEBJERG,2004-04-19,19,04,2004,110,8.4,11.9,9.4,3.4,65.3,314.3,173.9
FLAKKEBJERG,2004-04-20,20,04,2004,111,5.9,13.9,8.6,7.2,68.8,322.9,181.1
FLAKKEBJERG,2004-04-21,21,04,2004,112,2.1,18.6,9.8,3.3,73.6,332.6,184.4
FLAKKEBJERG,2004-04-22,22,04,2004,113,6.9,15.6,11.1,0,79.7,343.8,184.4
FLAKKEBJERG,2004-04-23,23,04,2004,114,7.9,12.3,9.2,0,84,353,184.4
FLAKKEBJERG,2004-04-24,24,04,2004,115,7.7,13.8,10.3,0,89.3,363.3,184.4
FLAKKEBJERG,2004-04-25,25,04,2004,116,4.2,13.9,10.1,0,94.4,373.4,184.4
FLAKKEBJERG,2004-04-26,26,04,2004,117,8.9,10.5,9.2,2,98.6,382.6,186.4
FLAKKEBJERG,2004-04-27,27,04,2004,118,5.1,12.1,8.7,0,102.3,391.3,186.4
FLAKKEBJERG,2004-04-28,28,04,2004,119,6.6,13,9.2,0,106.5,400.5,186.4
FLAKKEBJERG,2004-04-29,29,04,2004,120,3.9,12.5,8.1,0,109.6,408.6,186.4
FLAKKEBJERG,2004-04-30,30,04,2004,121,7,16.4,10.5,0,115.2,419.2,186.4
FLAKKEBJERG,2004-05-01,01,05,2004,122,6.9,16.5,11.2,0,121.4,430.4,186.4
FLAKKEBJERG,2004-05-02,02,05,2004,123,7.3,19.2,12.9,0,129.3,443.3,186.4
FLAKKEBJERG,2004-05-03,03,05,2004,124,8.9,12.1,10.2,0.2,134.5,453.5,186.6
FLAKKEBJERG,2004-05-04,04,05,2004,125,9,16.2,12.4,0.6,141.9,465.9,187.2
FLAKKEBJERG,2004-05-05,05,05,2004,126,10.6,18.7,12.6,8.9,149.5,478.5,196.1
FLAKKEBJERG,2004-05-06,06,05,2004,127,8.1,18.4,13.7,1.4,158.2,492.2,197.5
FLAKKEBJERG,2004-05-07,07,05,2004,128,11.1,14.3,12.6,1,165.8,504.8,198.5
FLAKKEBJERG,2004-05-08,08,05,2004,129,10.1,11.4,10.6,0,171.3,515.4,198.5
FLAKKEBJERG,2004-05-09,09,05,2004,130,10,19.2,14.6,5,181,530,203.5
FLAKKEBJERG,2004-05-10,10,05,2004,131,9.9,19.8,14.2,0,190.2,544.2,203.5
FLAKKEBJERG,2004-05-11,11,05,2004,132,9.8,12,10.8,2,196,555,205.5
FLAKKEBJERG,2004-05-12,12,05,2004,133,10.2,11.8,10.6,0,201.6,565.6,205.5
FLAKKEBJERG,2004-05-13,13,05,2004,134,6.2,11.4,8.1,0.6,204.6,573.6,206.1
FLAKKEBJERG,2004-05-14,14,05,2004,135,2.2,13,8.3,0,208,582,206.1
FLAKKEBJERG,2004-05-15,15,05,2004,136,8.1,14.1,11.2,1.6,214.2,593.2,207.7
FLAKKEBJERG,2004-05-16,16,05,2004,137,7.9,16.7,12,0,221.2,605.2,207.7
FLAKKEBJERG,2004-05-17,17,05,2004,138,8,16,12,0,228.2,617.2,207.7
FLAKKEBJERG,2004-05-18,18,05,2004,139,10.1,15.7,12.1,0,235.3,629.3,207.7
FLAKKEBJERG,2004-05-19,19,05,2004,140,8,14.9,11.4,0,241.7,640.7,207.7
FLAKKEBJERG,2004-05-20,20,05,2004,141,7.7,13.3,10.2,0,247,651,207.7
FLAKKEBJERG,2004-05-21,21,05,2004,142,5.5,11.6,8.3,0,250.3,659.3,207.7
FLAKKEBJERG,2004-05-22,22,05,2004,143,5.2,11.2,7.1,0,252.4,666.4,207.7
FLAKKEBJERG,2004-05-23,23,05,2004,144,3.9,12.6,8.8,7,256.2,675.2,214.7
FLAKKEBJERG,2004-05-24,24,05,2004,145,5.7,14.6,10.7,0,261.9,685.9,214.7
FLAKKEBJERG,2004-05-25,25,05,2004,146,7.7,13.1,9.8,0,266.7,695.7,214.7
FLAKKEBJERG,2004-05-26,26,05,2004,147,5.4,13.5,8.9,0,270.7,704.7,214.7
FLAKKEBJERG,2004-05-27,27,05,2004,148,5.7,14.9,10.9,0,276.6,715.6,214.7
FLAKKEBJERG,2004-05-28,28,05,2004,149,5.4,11.7,9.2,0,280.8,724.8,214.7
FLAKKEBJERG,2004-05-29,29,05,2004,150,8.2,16.7,11.6,0,287.3,736.3,214.7
FLAKKEBJERG,2004-05-30,30,05,2004,151,5.7,19.3,13.2,0,295.6,749.6,214.7
FLAKKEBJERG,2004-05-31,31,05,2004,152,9.5,16.6,12.4,0,302.9,762,214.7
FLAKKEBJERG,2004-06-01,01,06,2004,153,7.3,16.4,12,0,309.9,773.9,214.7
FLAKKEBJERG,2004-06-02,02,06,2004,154,6.7,18.6,12.6,0,317.5,786.5,214.7
FLAKKEBJERG,2004-06-03,03,06,2004,155,5.6,20.2,13.9,0,326.4,800.4,214.7
FLAKKEBJERG,2004-06-04,04,06,2004,156,6.7,12.8,11,0,332.4,811.4,214.7
FLAKKEBJERG,2004-06-05,05,06,2004,157,9.8,18.2,13.8,0.8,341.2,825.3,215.5
FLAKKEBJERG,2004-06-06,06,06,2004,158,9,17.6,13.4,0,349.7,838.7,215.5
FLAKKEBJERG,2004-06-07,07,06,2004,159,12.6,19.9,15.8,0,360.5,854.5,215.5
FLAKKEBJERG,2004-06-08,08,06,2004,160,11.3,16.7,13.9,1.5,369.4,868.4,217
FLAKKEBJERG,2004-06-09,09,06,2004,161,10.4,16.1,13.1,0.2,377.5,881.5,217.2
FLAKKEBJERG,2004-06-10,10,06,2004,162,12.5,22.6,17,2.1,389.5,898.5,219.3
FLAKKEBJERG,2004-06-11,11,06,2004,163,11.8,19.5,15.5,1.2,400,914,220.5
FLAKKEBJERG,2004-06-12,12,06,2004,164,11.5,18.1,14.4,1,409.4,928.4,221.5
FLAKKEBJERG,2004-06-13,13,06,2004,165,10.3,20.1,14.5,2.1,418.9,942.9,223.6
FLAKKEBJERG,2004-06-14,14,06,2004,166,11.2,19.3,15.2,0,429.1,958.1,223.6
FLAKKEBJERG,2004-06-15,15,06,2004,167,13.8,17.9,14.6,0,438.7,972.7,223.6
FLAKKEBJERG,2004-06-16,16,06,2004,168,9.5,15.1,11.9,0,445.6,984.7,223.6
FLAKKEBJERG,2004-06-17,17,06,2004,169,8.2,13.3,11.2,0,451.8,995.8,223.6
FLAKKEBJERG,2004-06-18,18,06,2004,170,10.7,14.6,11.9,7.2,458.8,1007.8,230.8
FLAKKEBJERG,2004-06-19,19,06,2004,171,7.9,13.2,9.8,9.6,463.6,1017.6,240.4
FLAKKEBJERG,2004-06-20,20,06,2004,172,7.1,14.5,11,5.3,469.6,1028.6,245.7
FLAKKEBJERG,2004-06-21,21,06,2004,173,7.6,16.7,12.7,0.1,477.3,1041.3,245.8
FLAKKEBJERG,2004-06-22,22,06,2004,174,10.5,17.1,13.2,0.7,485.5,1054.5,246.5
FLAKKEBJERG,2004-06-23,23,06,2004,175,6.8,16,13.1,0,493.6,1067.6,246.5
FLAKKEBJERG,2004-06-24,24,06,2004,176,12.6,14.2,13.2,13.4,501.9,1080.9,259.9
FLAKKEBJERG,2004-06-25,25,06,2004,177,11,14.8,12.8,6.7,509.6,1093.6,266.6
FLAKKEBJERG,2004-06-26,26,06,2004,178,11.5,16.4,12.6,5.8,517.2,1106.2,272.4
FLAKKEBJERG,2004-06-27,27,06,2004,179,6.5,14.5,11.6,0,523.9,1117.9,272.4
FLAKKEBJERG,2004-06-28,28,06,2004,180,11.7,17.1,13.6,0.3,532.5,1131.5,272.7
FLAKKEBJERG,2004-06-29,29,06,2004,181,10.6,16.8,13,8,540.5,1144.5,280.7
FLAKKEBJERG,2004-06-30,30,06,2004,182,10.4,18.1,14.3,1.1,549.8,1158.8,281.8
FLAKKEBJERG,2004-07-01,01,07,2004,183,13.4,17.4,14.4,7,559.2,1173.2,288.8
FLAKKEBJERG,2004-07-02,02,07,2004,184,9.6,16.7,13.1,4.2,567.3,1186.3,293
FLAKKEBJERG,2004-07-03,03,07,2004,185,10.6,17,14,0.1,576.4,1200.4,293.1
FLAKKEBJERG,2004-07-04,04,07,2004,186,11.5,16.6,13.8,2.7,585.1,1214.1,295.8
FLAKKEBJERG,2004-07-05,05,07,2004,187,11.1,16.9,13.6,2.7,593.7,1227.7,298.5
FLAKKEBJERG,2004-07-06,06,07,2004,188,10,16.6,13.3,5.2,602,1241,303.7
FLAKKEBJERG,2004-07-07,07,07,2004,189,9.6,18,13.4,0,610.4,1254.4,303.7
FLAKKEBJERG,2004-07-08,08,07,2004,190,9.2,18.4,13.7,0,619.1,1268.1,303.7
FLAKKEBJERG,2004-07-09,09,07,2004,191,12.4,20.7,16.2,16.2,630.3,1284.3,319.9
FLAKKEBJERG,2004-07-10,10,07,2004,192,12.7,16,14.2,0.6,639.5,1298.5,320.5
FLAKKEBJERG,2004-07-11,11,07,2004,193,12.1,15.5,13.5,1.8,648,1312,322.3
FLAKKEBJERG,2004-07-12,12,07,2004,194,12.1,15.5,13.4,0.5,656.4,1325.4,322.8
FLAKKEBJERG,2004-07-13,13,07,2004,195,11.1,17,13.2,0,664.6,1338.6,322.8
FLAKKEBJERG,2004-07-14,14,07,2004,196,11,16.7,13.4,0,673.1,1352.1,322.8
FLAKKEBJERG,2004-07-15,15,07,2004,197,11.3,17.6,14.1,5.1,682.1,1366.1,327.9
FLAKKEBJERG,2004-07-16,16,07,2004,198,10.2,17.6,13.8,0,690.9,1380,327.9
FLAKKEBJERG,2004-07-17,17,07,2004,199,7,20.4,15.1,0,701.1,1395.1,327.9
FLAKKEBJERG,2004-07-18,18,07,2004,200,14.2,20.8,17.9,0.5,714,1413,328.4
FLAKKEBJERG,2004-07-19,19,07,2004,201,15.2,18,15.4,9,724.4,1428.4,337.4
FLAKKEBJERG,2004-07-20,20,07,2004,202,9.8,20.7,14.9,0.3,734.3,1443.3,337.7
FLAKKEBJERG,2004-07-21,21,07,2004,203,11,15,13,19.7,742.3,1456.3,357.4
FLAKKEBJERG,2004-07-22,22,07,2004,204,12,17.3,14.8,0,752.1,1471.1,357.4
FLAKKEBJERG,2004-07-23,23,07,2004,205,10.3,21.8,16.2,0,763.3,1487.3,357.4
FLAKKEBJERG,2004-07-24,24,07,2004,206,13.8,20,16.5,29.8,774.8,1503.8,387.2
FLAKKEBJERG,2004-07-25,25,07,2004,207,11.1,16,13.5,0,783.3,1517.3,387.2
FLAKKEBJERG,2004-07-26,26,07,2004,208,10.1,17.5,14.2,7.8,792.6,1531.6,395
FLAKKEBJERG,2004-07-27,27,07,2004,209,9.6,19,14.6,0.1,802.2,1546.2,395.1
FLAKKEBJERG,2004-07-28,28,07,2004,210,10.6,19.2,15.1,0,812.3,1561.3,395.1
FLAKKEBJERG,2004-07-29,29,07,2004,211,9.3,21.8,16.3,0,823.6,1577.6,395.1
FLAKKEBJERG,2004-07-30,30,07,2004,212,10.1,24.4,18,0,836.5,1595.5,395.1
FLAKKEBJERG,2004-07-31,31,07,2004,213,12,23.7,16.8,0,848.4,1612.4,395.1
FLAKKEBJERG,2004-08-01,01,08,2004,214,11.3,23.4,18.3,4.2,861.7,1630.7,399.3
FLAKKEBJERG,2004-08-02,02,08,2004,215,13.5,23.4,18.6,0,875.3,1649.3,399.3
FLAKKEBJERG,2004-08-03,03,08,2004,216,14,22.6,18.4,0,888.6,1667.6,399.3
FLAKKEBJERG,2004-08-04,04,08,2004,217,16.5,23.5,19,0.6,902.7,1686.7,399.9
FLAKKEBJERG,2004-08-05,05,08,2004,218,14.4,25.2,19.9,0,917.5,1706.6,399.9
FLAKKEBJERG,2004-08-06,06,08,2004,219,16,25.8,20.6,0,933.1,1727.1,399.9
FLAKKEBJERG,2004-08-07,07,08,2004,220,15.9,26,20.4,0,948.6,1747.6,399.9
FLAKKEBJERG,2004-08-08,08,08,2004,221,16.2,26,20.8,0,964.3,1768.3,399.9
FLAKKEBJERG,2004-08-09,09,08,2004,222,16,26.3,20.6,0,979.9,1788.9,399.9
FLAKKEBJERG,2004-08-10,10,08,2004,223,13.7,25.5,20,0,994.9,1808.9,399.9
FLAKKEBJERG,2004-08-11,11,08,2004,224,15.9,22.8,19,0,1008.9,1827.9,399.9
FLAKKEBJERG,2004-08-12,12,08,2004,225,15.1,24.7,19.3,6.1,1023.2,1847.2,406
FLAKKEBJERG,2004-08-13,13,08,2004,226,16.7,18.6,16.9,0,1035.1,1864.1,406
FLAKKEBJERG,2004-08-14,14,08,2004,227,12.4,20.7,16.1,47.4,1046.2,1880.2,453.4
FLAKKEBJERG,2004-08-15,15,08,2004,228,12.3,21.6,18.1,0,1059.3,1898.3,453.4
FLAKKEBJERG,2004-08-16,16,08,2004,229,13.3,20.2,17.1,0,1071.4,1915.4,453.4
FLAKKEBJERG,2004-08-17,17,08,2004,230,15,21.6,18,7.7,1084.3,1933.3,461.1
FLAKKEBJERG,2004-08-18,18,08,2004,231,11.5,21.1,17.1,0,1096.5,1950.5,461.1
FLAKKEBJERG,2004-08-19,19,08,2004,232,17.3,22.3,18.9,1.2,1110.4,1969.4,462.3
FLAKKEBJERG,2004-08-20,20,08,2004,233,15.6,20.7,17.1,0.8,1122.5,1986.5,463.1
FLAKKEBJERG,2004-08-21,21,08,2004,234,14.3,18.3,15.5,0.6,1133,2002,463.7
FLAKKEBJERG,2004-08-22,22,08,2004,235,11.3,17,13.8,0.4,1141.8,2015.8,464.1
FLAKKEBJERG,2004-08-23,23,08,2004,236,7.4,17.4,13.6,0.1,1150.4,2029.4,464.2
FLAKKEBJERG,2004-08-24,24,08,2004,237,12.7,19.2,15.9,0.5,1161.3,2045.3,464.7
FLAKKEBJERG,2004-08-25,25,08,2004,238,13.5,18,15.4,0.8,1171.7,2060.7,465.5
FLAKKEBJERG,2004-08-26,26,08,2004,239,13.5,19.2,15.6,4.1,1182.3,2076.3,469.6
FLAKKEBJERG,2004-08-27,27,08,2004,240,13,15.8,14.5,0,1191.8,2090.8,469.6
FLAKKEBJERG,2004-08-28,28,08,2004,241,12,18.4,14.8,3.1,1201.6,2105.6,472.7
FLAKKEBJERG,2004-08-29,29,08,2004,242,7.8,18.2,14.1,0,1210.7,2119.7,472.7
FLAKKEBJERG,2004-08-30,30,08,2004,243,13.3,17.8,14.4,0.4,1220.1,2134.1,473.1
FLAKKEBJERG,2004-08-31,31,08,2004,244,10.7,16.9,13.7,17.1,1228.8,2147.8,490.2
FLAKKEBJERG,2004-09-01,01,09,2004,245,12.8,16.9,14.4,10.5,1238.2,2162.2,500.7
FLAKKEBJERG,2004-09-02,02,09,2004,246,13.3,18.3,14.6,1.6,1247.8,2176.8,502.3
FLAKKEBJERG,2004-09-03,03,09,2004,247,7.8,20.8,14.5,0,1257.3,2191.3,502.3
FLAKKEBJERG,2004-09-04,04,09,2004,248,9.6,22.9,16,0,1268.4,2207.4,502.3
FLAKKEBJERG,2004-09-05,05,09,2004,249,9.2,22.9,16.8,0,1280.2,2224.2,502.3
FLAKKEBJERG,2004-09-06,06,09,2004,250,12,21.9,17,0,1292.1,2241.2,502.3
FLAKKEBJERG,2004-09-07,07,09,2004,251,9.5,21.2,15.6,0,1302.7,2256.7,502.3
FLAKKEBJERG,2004-09-08,08,09,2004,252,10.9,18.5,13.7,0,1311.4,2270.4,502.3
FLAKKEBJERG,2004-09-09,09,09,2004,253,5.2,18.8,12.2,0,1318.7,2282.7,502.3
FLAKKEBJERG,2004-09-10,10,09,2004,254,6.4,19.3,14,0,1327.7,2296.7,502.3
FLAKKEBJERG,2004-09-11,11,09,2004,255,13.2,20.2,16.9,0,1339.6,2313.6,502.3
FLAKKEBJERG,2004-09-12,12,09,2004,256,13.3,17,14.9,0.2,1349.5,2328.5,502.5
FLAKKEBJERG,2004-09-13,13,09,2004,257,13.1,17.3,15.1,2.6,1359.5,2343.6,505.1
FLAKKEBJERG,2004-09-14,14,09,2004,258,12,17.2,14.8,0.4,1369.3,2358.3,505.5
FLAKKEBJERG,2004-09-15,15,09,2004,259,12.7,16.1,13.3,1.2,1377.6,2371.6,506.7
FLAKKEBJERG,2004-09-16,16,09,2004,260,9.5,14.7,11.4,2.6,1384.1,2383.1,509.3
FLAKKEBJERG,2004-09-17,17,09,2004,261,8.4,17,13.2,0,1392.3,2396.3,509.3
FLAKKEBJERG,2004-09-18,18,09,2004,262,12.9,17.9,15.2,0,1402.5,2411.5,509.3
FLAKKEBJERG,2004-09-19,19,09,2004,263,13.7,17.3,14.5,5.7,1412,2426,515
FLAKKEBJERG,2004-09-20,20,09,2004,264,10.4,13.2,12.4,0,1419.3,2438.4,515
FLAKKEBJERG,2004-09-21,21,09,2004,265,10.9,15,12.4,5.7,1426.7,2450.7,520.7
FLAKKEBJERG,2004-09-22,22,09,2004,266,10.5,14.4,11.5,0.6,1433.2,2462.2,521.3
FLAKKEBJERG,2004-09-23,23,09,2004,267,9.3,14.2,11.3,0,1439.4,2473.5,521.3
FLAKKEBJERG,2004-09-24,24,09,2004,268,8.9,15.6,11.8,0.1,1446.3,2485.3,521.4
FLAKKEBJERG,2004-09-25,25,09,2004,269,7.5,14.2,11,0,1452.3,2496.3,521.4
FLAKKEBJERG,2004-09-26,26,09,2004,270,10.1,14.8,12.4,2.8,1459.7,2508.7,524.2
FLAKKEBJERG,2004-09-27,27,09,2004,271,11.5,15.1,12.9,0.6,1467.6,2521.6,524.8
FLAKKEBJERG,2004-09-28,28,09,2004,272,9.9,12.8,11.2,0,1473.8,2532.8,524.8
FLAKKEBJERG,2004-09-29,29,09,2004,273,9.6,13.6,10.7,5,1479.5,2543.5,529.8
FLAKKEBJERG,2004-09-30,30,09,2004,274,8.7,15.3,10.6,0,1485.2,2554.2,529.8
FLAKKEBJERG,2004-10-01,01,10,2004,275,4.2,13.6,8.7,0,1488.9,2562.9,529.8
FLAKKEBJERG,2004-10-02,02,10,2004,276,7.6,14.2,11.4,0,1495.3,2574.3,529.8
FLAKKEBJERG,2004-10-03,03,10,2004,277,8.9,14.7,12,0.5,1502.3,2586.3,530.3
FLAKKEBJERG,2004-10-04,04,10,2004,278,9.7,15.5,13.6,0.5,1510.9,2599.9,530.8
FLAKKEBJERG,2004-10-05,05,10,2004,279,10,15.3,12.7,1.5,1518.6,2612.6,532.3
FLAKKEBJERG,2004-10-06,06,10,2004,280,10.6,14.6,12.4,2,1526,2625,534.3
FLAKKEBJERG,2004-10-07,07,10,2004,281,9.8,12.8,11,0,1532,2636,534.3
FLAKKEBJERG,2004-10-08,08,10,2004,282,9.3,14.2,10.7,1,1537.6,2646.6,535.3
FLAKKEBJERG,2004-10-09,09,10,2004,283,4.3,11.3,7.2,0.5,1539.9,2653.9,535.8
FLAKKEBJERG,2004-10-10,10,10,2004,284,0.4,11.2,5.4,0,1540.3,2659.3,535.8
FLAKKEBJERG,2004-10-11,11,10,2004,285,1.4,9.5,5.4,0,1540.7,2664.8,535.8
FLAKKEBJERG,2004-10-12,12,10,2004,286,3.2,8.6,6.3,0.1,1542.1,2671.1,535.9
FLAKKEBJERG,2004-10-13,13,10,2004,287,4.4,10.3,7.2,0,1544.3,2678.3,535.9
FLAKKEBJERG,2004-10-14,14,10,2004,288,5.9,9.9,7.6,0,1546.9,2685.9,535.9
FLAKKEBJERG,2004-10-15,15,10,2004,289,5.6,9.3,7.9,0,1549.8,2693.8,535.9
FLAKKEBJERG,2004-10-16,16,10,2004,290,7.7,10.7,8.6,2.4,1553.4,2702.4,538.3
FLAKKEBJERG,2004-10-17,17,10,2004,291,7.5,10,8.8,9.4,1557.1,2711.2,547.7
FLAKKEBJERG,2004-10-18,18,10,2004,292,8.1,9.3,8.8,27.5,1560.9,2719.9,575.2
FLAKKEBJERG,2004-10-19,19,10,2004,293,8.2,11.2,8.3,0.6,1564.2,2728.2,575.8
FLAKKEBJERG,2004-10-20,20,10,2004,294,1.7,10.7,6.9,0,1566.1,2735.1,575.8
FLAKKEBJERG,2004-10-21,21,10,2004,295,7.4,13.8,10.6,4.3,1571.7,2745.7,580.1
FLAKKEBJERG,2004-10-22,22,10,2004,296,9.3,12.3,11,0.9,1577.8,2756.8,581
FLAKKEBJERG,2004-10-23,23,10,2004,297,10.4,13.6,12.4,0,1585.2,2769.2,581
FLAKKEBJERG,2004-10-24,24,10,2004,298,11.6,13.3,12.4,7.7,1592.6,2781.6,588.7
FLAKKEBJERG,2004-10-25,25,10,2004,299,12,14.8,13,3,1600.6,2794.6,591.7
FLAKKEBJERG,2004-10-26,26,10,2004,300,10.4,12.1,10.2,0,1605.7,2804.7,591.7
FLAKKEBJERG,2004-10-27,27,10,2004,301,1.6,11.7,6,0,1606.8,2810.8,591.7
FLAKKEBJERG,2004-10-28,28,10,2004,302,4.8,9.5,7.9,0,1609.6,2818.7,591.7
FLAKKEBJERG,2004-10-29,29,10,2004,303,8,9.5,8.7,0.2,1613.4,2827.4,591.9
FLAKKEBJERG,2004-10-30,30,10,2004,304,8.4,9.9,9.1,12.2,1617.5,2836.5,604.1
FLAKKEBJERG,2004-10-31,31,10,2004,305,8,9.2,7.9,1.2,1620.3,2844.3,605.3
FLAKKEBJERG,2004-11-01,01,11,2004,306,3.4,11.4,8.5,0,1623.9,2852.9,605.3
FLAKKEBJERG,2004-11-02,02,11,2004,307,8.3,10.8,8.7,0,1627.5,2861.5,605.3
FLAKKEBJERG,2004-11-03,03,11,2004,308,6.8,9.4,8.6,0,1631.1,2870.1,605.3
FLAKKEBJERG,2004-11-04,04,11,2004,309,5.8,10.1,8.9,0.2,1635,2879,605.5
FLAKKEBJERG,2004-11-05,05,11,2004,310,6.1,9.3,7.6,3.6,1637.6,2886.6,609.1
FLAKKEBJERG,2004-11-06,06,11,2004,311,5.8,9,7.2,2.8,1639.8,2893.8,611.9
FLAKKEBJERG,2004-11-07,07,11,2004,312,1.7,7.4,4.6,0,1639.8,2898.4,611.9
FLAKKEBJERG,2004-11-08,08,11,2004,313,1.5,8.1,4.8,0,1639.8,2903.2,611.9
FLAKKEBJERG,2004-11-09,09,11,2004,314,0.2,6.5,4.1,0,1639.8,2907.3,611.9
FLAKKEBJERG,2004-11-10,10,11,2004,315,3.1,7.3,6.2,2,1641,2913.5,613.9
FLAKKEBJERG,2004-11-11,11,11,2004,316,1.9,7.5,4.5,0,1641,2918,613.9
FLAKKEBJERG,2004-11-12,12,11,2004,317,3.1,8.1,6.5,0,1642.5,2924.5,613.9
FLAKKEBJERG,2004-11-13,13,11,2004,318,3.9,6.9,4.6,4,1642.5,2929,617.9
FLAKKEBJERG,2004-11-14,14,11,2004,319,0.4,8.3,4.5,0,1642.5,2933.6,617.9
FLAKKEBJERG,2004-11-15,15,11,2004,320,2,9.7,8.7,0,1646.2,2942.3,617.9
FLAKKEBJERG,2004-11-16,16,11,2004,321,4.8,7.3,5.6,0.8,1646.8,2947.9,618.7
FLAKKEBJERG,2004-11-17,17,11,2004,322,0.5,9.4,4,0,1646.8,2951.9,618.7
FLAKKEBJERG,2004-11-18,18,11,2004,323,1,8.5,4.7,3.9,1646.8,2956.6,622.6
FLAKKEBJERG,2004-11-19,19,11,2004,324,-1.7,3.3,0.7,2.7,1646.8,2957.3,625.3
FLAKKEBJERG,2004-11-20,20,11,2004,325,-1.7,3.5,1.5,0,1646.8,2958.8,625.3
FLAKKEBJERG,2004-11-21,21,11,2004,326,-1.1,3.8,1.4,0,1646.8,2960.2,625.3
FLAKKEBJERG,2004-11-22,22,11,2004,327,-0.2,9.1,5.2,10,1647,2965.4,635.3
FLAKKEBJERG,2004-11-23,23,11,2004,328,2.2,5.8,3.4,2.5,1647,2968.8,637.8
FLAKKEBJERG,2004-11-24,24,11,2004,329,-3,4.1,0.9,1.1,1647,2969.7,638.9
FLAKKEBJERG,2004-11-25,25,11,2004,330,-1.5,8.3,6.5,0.2,1648.5,2976.2,639.1
FLAKKEBJERG,2004-11-26,26,11,2004,331,1.9,6.2,4.5,0,1648.5,2980.7,639.1
FLAKKEBJERG,2004-11-27,27,11,2004,332,4,7.7,6.3,6.2,1649.8,2987,645.3
FLAKKEBJERG,2004-11-28,28,11,2004,333,3.7,5.8,5,0,1649.8,2992,645.3
FLAKKEBJERG,2004-11-29,29,11,2004,334,3.9,5.8,4.6,0,1649.8,2996.5,645.3
FLAKKEBJERG,2004-11-30,30,11,2004,335,3.6,6.2,4.5,0,1649.8,3001,645.3
FLAKKEBJERG,2004-12-01,01,12,2004,336,1.3,3.9,2.5,0,1649.8,3003.5,645.3
FLAKKEBJERG,2004-12-02,02,12,2004,337,0.4,6.3,3.7,6.3,1649.8,3007.3,651.6
FLAKKEBJERG,2004-12-03,03,12,2004,338,3.3,5.5,4.2,0.1,1649.8,3011.5,651.7
FLAKKEBJERG,2004-12-04,04,12,2004,339,2.1,6.9,5.8,2.5,1650.5,3017.2,654.2
FLAKKEBJERG,2004-12-05,05,12,2004,340,5.6,9,7.1,0,1652.6,3024.3,654.2
FLAKKEBJERG,2004-12-06,06,12,2004,341,5.7,7.9,6.8,0.1,1654.4,3031.1,654.3
FLAKKEBJERG,2004-12-07,07,12,2004,342,6.3,8.3,7.2,0,1656.6,3038.3,654.3
FLAKKEBJERG,2004-12-08,08,12,2004,343,5,7.2,5.6,0,1657.2,3043.9,654.3
FLAKKEBJERG,2004-12-09,09,12,2004,344,3,5,3.9,0,1657.2,3047.8,654.3
FLAKKEBJERG,2004-12-10,10,12,2004,345,0.9,2.8,1.5,0,1657.2,3049.3,654.3
FLAKKEBJERG,2004-12-11,11,12,2004,346,-0.3,6.8,4,0,1657.2,3053.3,654.3
FLAKKEBJERG,2004-12-12,12,12,2004,347,2.9,6.8,5.3,0,1657.5,3058.5,654.3
FLAKKEBJERG,2004-12-13,13,12,2004,348,4.3,7.4,6.8,0,1659.2,3065.3,654.3
FLAKKEBJERG,2004-12-14,14,12,2004,349,2.5,6.1,2.4,0.6,1659.2,3067.7,654.9
FLAKKEBJERG,2004-12-15,15,12,2004,350,0.3,6.6,5,0,1659.2,3072.7,654.9
FLAKKEBJERG,2004-12-16,16,12,2004,351,1.9,6.1,4.8,0.4,1659.2,3077.4,655.3
FLAKKEBJERG,2004-12-17,17,12,2004,352,5,6.4,5.2,1.3,1659.4,3082.6,656.6
FLAKKEBJERG,2004-12-18,18,12,2004,353,1,4,2.9,3.7,1659.4,3085.5,660.3
FLAKKEBJERG,2004-12-19,19,12,2004,354,-1.1,3.1,0.6,0.5,1659.4,3086.1,660.8
FLAKKEBJERG,2004-12-20,20,12,2004,355,-2,4.6,3.4,3.1,1659.4,3089.5,663.9
FLAKKEBJERG,2004-12-21,21,12,2004,356,0.7,3.4,1.9,2.3,1659.4,3091.4,666.2
FLAKKEBJERG,2004-12-22,22,12,2004,357,0.8,6.6,2.6,0.3,1659.4,3094,666.5
FLAKKEBJERG,2004-12-23,23,12,2004,358,1.3,8.5,6.6,1.6,1661,3100.6,668.1
FLAKKEBJERG,2004-12-24,24,12,2004,359,5,7.5,5,13.7,1661.1,3105.6,681.8
FLAKKEBJERG,2004-12-25,25,12,2004,360,1.8,5.6,4.1,9.1,1661.1,3109.8,690.9
FLAKKEBJERG,2004-12-26,26,12,2004,361,0.7,2.7,1.4,0,1661.1,3111.1,690.9
FLAKKEBJERG,2004-12-27,27,12,2004,362,-1.8,-0.4,-1.4,0,1661.1,3111.1,690.9
FLAKKEBJERG,2004-12-28,28,12,2004,363,-2.7,1.2,0.1,0,1661.1,3111.2,690.9
FLAKKEBJERG,2004-12-29,29,12,2004,364,-4.9,2,-0.6,2,1661.1,3111.2,692.9
FLAKKEBJERG,2004-12-30,30,12,2004,365,-5.1,6.5,4.2,0.1,1661.1,3115.4,693
FLAKKEBJERG,2004-12-31,31,12,2004,366,3.5,6.8,4.6,3.7,1661.1,3120,696.7
FLAKKEBJERG,2005-01-01,01,01,2005,1,0,4.7,2.8,0,0,2.8,0
FLAKKEBJERG,2005-01-02,02,01,2005,2,0.7,6.2,3.6,2.8,0,6.4,2.8
FLAKKEBJERG,2005-01-03,03,01,2005,3,1.4,7,4.1,1.3,0,10.6,4.1
FLAKKEBJERG,2005-01-04,04,01,2005,4,2.6,7.7,7.3,0.1,2.3,17.8,4.2
FLAKKEBJERG,2005-01-05,05,01,2005,5,4.4,6.2,5.1,0,2.4,22.9,4.2
FLAKKEBJERG,2005-01-06,06,01,2005,6,4.3,6.5,5.4,0.4,2.8,28.3,4.6
FLAKKEBJERG,2005-01-07,07,01,2005,7,4.9,9.4,8.2,0,6,36.5,4.6
FLAKKEBJERG,2005-01-08,08,01,2005,8,8.1,9.8,7.9,0.8,8.9,44.5,5.4
FLAKKEBJERG,2005-01-09,09,01,2005,9,4.8,7.4,6.2,0.9,10.1,50.7,6.3
FLAKKEBJERG,2005-01-10,10,01,2005,10,5.1,10.5,8.7,2.8,13.8,59.4,9.1
FLAKKEBJERG,2005-01-11,11,01,2005,11,5.7,8,6.8,0,15.6,66.2,9.1
FLAKKEBJERG,2005-01-12,12,01,2005,12,5.6,8,6.6,2,17.2,72.7,11.1
FLAKKEBJERG,2005-01-13,13,01,2005,13,4.1,5.8,4.4,0.2,17.2,77.1,11.299999999999999
FLAKKEBJERG,2005-01-14,14,01,2005,14,3,5.7,3.5,0.4,17.2,80.6,11.7
FLAKKEBJERG,2005-01-15,15,01,2005,15,-1.2,2.3,0.8,0.1,17.2,81.4,11.8
FLAKKEBJERG,2005-01-16,16,01,2005,16,-1.1,3.2,2,0,17.2,83.4,11.8
FLAKKEBJERG,2005-01-17,17,01,2005,17,0.8,5.3,3.6,0,17.2,87,11.8
FLAKKEBJERG,2005-01-18,18,01,2005,18,3.1,4.8,3.8,1.9,17.2,90.8,13.7
FLAKKEBJERG,2005-01-19,19,01,2005,19,0.8,4.1,2.2,2.6,17.2,93,16.3
FLAKKEBJERG,2005-01-20,20,01,2005,20,0.5,6.3,4,5,17.2,97.1,21.3
FLAKKEBJERG,2005-01-21,21,01,2005,21,0.6,4.6,2.8,4,17.2,99.9,25.3
FLAKKEBJERG,2005-01-22,22,01,2005,22,0.6,3.6,1.7,0,17.2,101.6,25.3
FLAKKEBJERG,2005-01-23,23,01,2005,23,-0.1,2.9,0.4,0,17.2,101.9,25.3
FLAKKEBJERG,2005-01-24,24,01,2005,24,-2.4,0.3,-1,0.8,17.2,101.9,26.1
FLAKKEBJERG,2005-01-25,25,01,2005,25,-4.7,-1.5,-2.8,0,17.2,101.9,26.1
FLAKKEBJERG,2005-01-26,26,01,2005,26,-5,0.1,-2.6,0,17.2,101.9,26.1
FLAKKEBJERG,2005-01-27,27,01,2005,27,-4,1.3,-0.5,0,17.2,101.9,26.1
FLAKKEBJERG,2005-01-28,28,01,2005,28,-1.9,0.2,-2.6,1.4,17.2,101.9,27.5
FLAKKEBJERG,2005-01-29,29,01,2005,29,-9.6,1.2,-2.6,0,17.2,101.9,27.5
FLAKKEBJERG,2005-01-30,30,01,2005,30,-3.3,5.6,3.3,0.1,17.2,105.3,27.6
FLAKKEBJERG,2005-01-31,31,01,2005,31,2.1,6.5,4.2,0,17.2,109.5,27.6
FLAKKEBJERG,2005-02-01,01,02,2005,32,1.6,4.9,2.3,0,17.2,111.8,27.6
FLAKKEBJERG,2005-02-02,02,02,2005,33,-0.1,5.1,2,0,17.2,113.8,27.6
FLAKKEBJERG,2005-02-03,03,02,2005,34,-1.3,2.9,1.2,0,17.2,115,27.6
FLAKKEBJERG,2005-02-04,04,02,2005,35,-0.8,5.8,3.8,0,17.2,118.9,27.6
FLAKKEBJERG,2005-02-05,05,02,2005,36,2.9,4.3,2.7,0.1,17.2,121.6,27.7
FLAKKEBJERG,2005-02-06,06,02,2005,37,-2.6,0.2,-1.1,0,17.2,121.6,27.7
FLAKKEBJERG,2005-02-07,07,02,2005,38,-3.7,1.7,-1.4,0,17.2,121.6,27.7
FLAKKEBJERG,2005-02-08,08,02,2005,39,-4.1,-0.7,-2.8,0,17.2,121.6,27.7
FLAKKEBJERG,2005-02-09,09,02,2005,40,-4.3,1.7,-0.9,0,17.2,121.6,27.7
FLAKKEBJERG,2005-02-10,10,02,2005,41,-1.9,5.6,3.7,1.7,17.2,125.3,29.4
FLAKKEBJERG,2005-02-11,11,02,2005,42,1,5,2.4,4.2,17.2,127.7,33.6
FLAKKEBJERG,2005-02-12,12,02,2005,43,0.1,3.5,1.1,0,17.2,128.8,33.6
FLAKKEBJERG,2005-02-13,13,02,2005,44,-0.2,0,-0.2,25,17.2,128.8,58.6
FLAKKEBJERG,2005-02-14,14,02,2005,45,-1.3,1.2,-0.2,3,17.2,128.8,61.6
FLAKKEBJERG,2005-02-15,15,02,2005,46,-2.2,1.2,-1.6,0.3,17.2,128.8,61.9
FLAKKEBJERG,2005-02-16,16,02,2005,47,-5.2,-1.1,-2.6,0,17.2,128.8,61.9
FLAKKEBJERG,2005-02-17,17,02,2005,48,-3,-0.8,-2.3,0,17.2,128.8,61.9
FLAKKEBJERG,2005-02-18,18,02,2005,49,-2.9,1,0.4,0,17.2,129.2,61.9
FLAKKEBJERG,2005-02-19,19,02,2005,50,-1.3,1.3,0.5,1,17.2,129.7,62.9
FLAKKEBJERG,2005-02-20,20,02,2005,51,-1.1,2.2,1,1.1,17.2,130.8,64
FLAKKEBJERG,2005-02-21,21,02,2005,52,0.2,1.8,0.8,0.1,17.2,131.6,64.1
FLAKKEBJERG,2005-02-22,22,02,2005,53,-2.2,0.2,-1.3,0,17.2,131.6,64.1
FLAKKEBJERG,2005-02-23,23,02,2005,54,-2.8,0.5,-1,0.6,17.2,131.6,64.7
FLAKKEBJERG,2005-02-24,24,02,2005,55,-1.3,1.5,0.9,2.4,17.2,132.5,67.1
FLAKKEBJERG,2005-02-25,25,02,2005,56,-0.1,0.9,0,0.2,17.2,132.5,67.3
FLAKKEBJERG,2005-02-26,26,02,2005,57,-1.9,0.2,-1.6,0,17.2,132.5,67.3
FLAKKEBJERG,2005-02-27,27,02,2005,58,-7.8,-2.6,-4.7,0,17.2,132.5,67.3
FLAKKEBJERG,2005-02-28,28,02,2005,59,-7.6,1.7,-1.7,0,17.2,132.5,67.3
FLAKKEBJERG,2005-03-01,01,03,2005,60,-2.7,0.1,-0.6,3.4,17.2,132.5,70.7
FLAKKEBJERG,2005-03-02,02,03,2005,61,-1.5,-0.2,-2,3.5,17.2,132.5,74.2
FLAKKEBJERG,2005-03-03,03,03,2005,62,-9.3,-3.2,-7.6,1,17.2,132.5,75.2
FLAKKEBJERG,2005-03-04,04,03,2005,63,-18.7,-1.5,-8.3,0,17.2,132.5,75.2
FLAKKEBJERG,2005-03-05,05,03,2005,64,-12.5,-2,-4.5,0,17.2,132.5,75.2
FLAKKEBJERG,2005-03-06,06,03,2005,65,-8.7,-0.9,-4.3,0,17.2,132.5,75.2
FLAKKEBJERG,2005-03-07,07,03,2005,66,-7.3,2,-0.8,0,17.2,132.5,75.2
FLAKKEBJERG,2005-03-08,08,03,2005,67,-3.9,4.2,-0.1,0,17.2,132.5,75.2
FLAKKEBJERG,2005-03-09,09,03,2005,68,-4.6,1.6,-1.4,0,17.2,132.5,75.2
FLAKKEBJERG,2005-03-10,10,03,2005,69,-7.5,1.5,-1.5,0,17.2,132.5,75.2
FLAKKEBJERG,2005-03-11,11,03,2005,70,-2.2,3.6,2,0.4,17.2,134.5,75.6
FLAKKEBJERG,2005-03-12,12,03,2005,71,0.6,2.6,0.3,2.9,17.2,134.8,78.5
FLAKKEBJERG,2005-03-13,13,03,2005,72,-4.4,1.6,-1.8,1.2,17.2,134.8,79.7
FLAKKEBJERG,2005-03-14,14,03,2005,73,-3.3,3.7,1.6,0.1,17.2,136.4,79.8
FLAKKEBJERG,2005-03-15,15,03,2005,74,0.6,4.4,1.8,0.1,17.2,138.2,79.9
FLAKKEBJERG,2005-03-16,16,03,2005,75,0.3,7.6,6.3,13,18.5,144.5,92.9
FLAKKEBJERG,2005-03-17,17,03,2005,76,5.9,8.3,7.4,2,20.8,151.9,94.9
FLAKKEBJERG,2005-03-18,18,03,2005,77,5.1,6.8,4.8,2.4,20.8,156.7,97.3
FLAKKEBJERG,2005-03-19,19,03,2005,78,-1.3,1.8,-0.3,7.3,20.8,156.7,104.6
FLAKKEBJERG,2005-03-20,20,03,2005,79,-4,2.4,-1,0,20.8,156.7,104.6
FLAKKEBJERG,2005-03-21,21,03,2005,80,-1.5,3.4,0.7,0,20.8,157.3,104.6
FLAKKEBJERG,2005-03-22,22,03,2005,81,-0.5,8,3.1,0,20.8,160.5,104.6
FLAKKEBJERG,2005-03-23,23,03,2005,82,2.3,8.6,5.8,0,21.6,166.2,104.6
FLAKKEBJERG,2005-03-24,24,03,2005,83,3.8,10.6,6.2,0.4,22.8,172.5,105
FLAKKEBJERG,2005-03-25,25,03,2005,84,2.4,12.7,6.5,0,24.3,179,105
FLAKKEBJERG,2005-03-26,26,03,2005,85,2.8,5.7,4.1,0,24.3,183.1,105
FLAKKEBJERG,2005-03-27,27,03,2005,86,2.6,6.4,3.5,0,24.3,186.6,105
FLAKKEBJERG,2005-03-28,28,03,2005,87,0.8,6.3,2.7,0,24.3,189.3,105
FLAKKEBJERG,2005-03-29,29,03,2005,88,-0.4,6.2,2.6,0,24.3,191.8,105
FLAKKEBJERG,2005-03-30,30,03,2005,89,0.2,6.5,2.6,0,24.3,194.4,105
FLAKKEBJERG,2005-03-31,31,03,2005,90,-1.3,7.6,2.4,0,24.3,196.8,105
FLAKKEBJERG,2005-04-01,01,04,2005,91,-1.9,10.6,4.3,0,24.3,201.1,105
FLAKKEBJERG,2005-04-02,02,04,2005,92,-0.8,12.2,6.3,0,25.7,207.5,105
FLAKKEBJERG,2005-04-03,03,04,2005,93,0.4,15.4,7.9,0,28.6,215.4,105
FLAKKEBJERG,2005-04-04,04,04,2005,94,2.1,16.6,10.3,0,33.8,225.6,105
FLAKKEBJERG,2005-04-05,05,04,2005,95,4.7,10.6,7.3,0.3,36.2,233,105.3
FLAKKEBJERG,2005-04-06,06,04,2005,96,4.2,11.8,8,0,39.2,241,105.3
FLAKKEBJERG,2005-04-07,07,04,2005,97,6.2,11.1,7.2,0.4,41.4,248.2,105.7
FLAKKEBJERG,2005-04-08,08,04,2005,98,4,8.6,6.3,0,42.6,254.4,105.7
FLAKKEBJERG,2005-04-09,09,04,2005,99,2.1,8,4.4,0,42.6,258.8,105.7
FLAKKEBJERG,2005-04-10,10,04,2005,100,-0.1,6.6,3.8,0.6,42.6,262.6,106.3
FLAKKEBJERG,2005-04-11,11,04,2005,101,3.3,14,8.8,2.4,46.5,271.5,108.7
FLAKKEBJERG,2005-04-12,12,04,2005,102,3.6,13.7,8.9,0,50.4,280.4,108.7
FLAKKEBJERG,2005-04-13,13,04,2005,103,7,9.3,7.9,0,53.3,288.3,108.7
FLAKKEBJERG,2005-04-14,14,04,2005,104,7.3,13.9,10.6,3.4,58.8,298.8,112.1
FLAKKEBJERG,2005-04-15,15,04,2005,105,6.9,18.2,11.2,0.3,65,310,112.4
FLAKKEBJERG,2005-04-16,16,04,2005,106,5.9,15.3,10.5,0,70.5,320.5,112.4
FLAKKEBJERG,2005-04-17,17,04,2005,107,7.4,16.1,10.5,0,76,331,112.4
FLAKKEBJERG,2005-04-18,18,04,2005,108,5.8,13.2,8.8,0,79.8,339.8,112.4
FLAKKEBJERG,2005-04-19,19,04,2005,109,3.3,11.3,6.2,0,81.1,346.1,112.4
FLAKKEBJERG,2005-04-20,20,04,2005,110,-1.1,8.2,3.8,0,81.1,349.9,112.4
FLAKKEBJERG,2005-04-21,21,04,2005,111,-0.8,11.4,5.6,0,81.7,355.5,112.4
FLAKKEBJERG,2005-04-22,22,04,2005,112,2.9,10.3,6.4,0,83.1,361.8,112.4
FLAKKEBJERG,2005-04-23,23,04,2005,113,1.8,9.2,5,0,83.1,366.9,112.4
FLAKKEBJERG,2005-04-24,24,04,2005,114,-1.3,11,5.5,0,83.6,372.3,112.4
FLAKKEBJERG,2005-04-25,25,04,2005,115,1.4,9.8,5.7,0,84.3,378.1,112.4
FLAKKEBJERG,2005-04-26,26,04,2005,116,2.1,11.3,6.5,0,85.8,384.6,112.4
FLAKKEBJERG,2005-04-27,27,04,2005,117,2.3,10.3,6.4,0,87.2,391,112.4
FLAKKEBJERG,2005-04-28,28,04,2005,118,5.9,12.9,8.9,2.7,91.1,399.9,115.1
FLAKKEBJERG,2005-04-29,29,04,2005,119,5.5,10.2,8.1,0,94.2,408,115.1
FLAKKEBJERG,2005-04-30,30,04,2005,120,7,13.9,10.8,0,100,418.8,115.1
FLAKKEBJERG,2005-05-01,01,05,2005,121,8.5,12.8,10.2,4.8,105.2,429,119.9
FLAKKEBJERG,2005-05-02,02,05,2005,122,9.3,17.8,13.1,6.7,113.3,442.1,126.6
FLAKKEBJERG,2005-05-03,03,05,2005,123,8.6,17.6,13.8,0.7,122.1,455.9,127.3
FLAKKEBJERG,2005-05-04,04,05,2005,124,10.8,14.6,12,1.7,129.1,467.9,129
FLAKKEBJERG,2005-05-05,05,05,2005,125,5.2,11.7,8.8,0,132.9,476.7,129
FLAKKEBJERG,2005-05-06,06,05,2005,126,7.7,11.4,8.7,0.7,136.6,485.3,129.7
FLAKKEBJERG,2005-05-07,07,05,2005,127,4.4,10.1,6.6,1.4,138.1,491.9,131.1
FLAKKEBJERG,2005-05-08,08,05,2005,128,3.9,10.1,6.9,3.6,140.1,498.8,134.7
FLAKKEBJERG,2005-05-09,09,05,2005,129,4.5,10,6.9,1,142,505.8,135.7
FLAKKEBJERG,2005-05-10,10,05,2005,130,4.6,9.4,6.7,0,143.7,512.5,135.7
FLAKKEBJERG,2005-05-11,11,05,2005,131,2.8,12.8,8,0.3,146.7,520.5,136
FLAKKEBJERG,2005-05-12,12,05,2005,132,4.7,13.5,8.9,0.7,150.6,529.4,136.7
FLAKKEBJERG,2005-05-13,13,05,2005,133,2.2,15.2,9.6,0,155.2,539,136.7
FLAKKEBJERG,2005-05-14,14,05,2005,134,3,15.1,9.8,0,160.1,548.8,136.7
FLAKKEBJERG,2005-05-15,15,05,2005,135,5.7,16.2,10.9,0.7,165.9,559.7,137.4
FLAKKEBJERG,2005-05-16,16,05,2005,136,5.4,10.8,8.3,0,169.3,568,137.4
FLAKKEBJERG,2005-05-17,17,05,2005,137,3.4,11.7,7.4,0.8,171.7,575.4,138.2
FLAKKEBJERG,2005-05-18,18,05,2005,138,3.5,10,7,0,173.7,582.5,138.2
FLAKKEBJERG,2005-05-19,19,05,2005,139,3.6,14,9.6,0,178.3,592.1,138.2
FLAKKEBJERG,2005-05-20,20,05,2005,140,9.1,15.2,12.4,0,185.7,604.5,138.2
FLAKKEBJERG,2005-05-21,21,05,2005,141,11.2,16.8,13.3,9.6,194,617.8,147.8
FLAKKEBJERG,2005-05-22,22,05,2005,142,10.5,18.8,15,9.3,204,632.7,157.1
FLAKKEBJERG,2005-05-23,23,05,2005,143,12.4,17.2,14,0.1,213,646.8,157.2
FLAKKEBJERG,2005-05-24,24,05,2005,144,5.3,15.7,12,0,220,658.8,157.2
FLAKKEBJERG,2005-05-25,25,05,2005,145,11.5,17,13.6,0.5,228.7,672.4,157.7
FLAKKEBJERG,2005-05-26,26,05,2005,146,9.4,22.9,17.2,0.2,240.9,689.6,157.9
FLAKKEBJERG,2005-05-27,27,05,2005,147,12.5,21.2,16,0,251.9,705.6,157.9
FLAKKEBJERG,2005-05-28,28,05,2005,148,10.7,27,19.2,0,266,724.8,157.9
FLAKKEBJERG,2005-05-29,29,05,2005,149,12,17.9,14.6,0,275.6,739.4,157.9
FLAKKEBJERG,2005-05-30,30,05,2005,150,10.3,15.1,11.9,1.2,282.5,751.3,159.1
FLAKKEBJERG,2005-05-31,31,05,2005,151,8.3,11.5,9.7,2.3,287.2,761,161.4
FLAKKEBJERG,2005-06-01,01,06,2005,152,8.7,12.2,9.7,1.4,291.9,770.7,162.8
FLAKKEBJERG,2005-06-02,02,06,2005,153,3.1,13.1,9.5,0,296.5,780.2,162.8
FLAKKEBJERG,2005-06-03,03,06,2005,154,9.6,19.8,15.4,5.5,306.8,795.6,168.3
FLAKKEBJERG,2005-06-04,04,06,2005,155,13.1,15.4,13.4,13.1,315.2,809,181.4
FLAKKEBJERG,2005-06-05,05,06,2005,156,11.1,14.4,11.7,0.3,322,820.8,181.7
FLAKKEBJERG,2005-06-06,06,06,2005,157,7.2,12.1,9.4,0,326.4,830.1,181.7
FLAKKEBJERG,2005-06-07,07,06,2005,158,7.9,13.5,10.6,2.2,331.9,840.7,183.9
FLAKKEBJERG,2005-06-08,08,06,2005,159,4.4,16,11.1,0,338,851.8,183.9
FLAKKEBJERG,2005-06-09,09,06,2005,160,6.1,18,12.7,0,345.7,864.5,183.9
FLAKKEBJERG,2005-06-10,10,06,2005,161,10.6,14.8,11.8,0,352.6,876.3,183.9
FLAKKEBJERG,2005-06-11,11,06,2005,162,7.2,14.7,10.4,0,357.9,886.7,183.9
FLAKKEBJERG,2005-06-12,12,06,2005,163,7.3,13.7,10.2,5.6,363.1,896.9,189.5
FLAKKEBJERG,2005-06-13,13,06,2005,164,5.1,13.1,9.5,2.6,367.6,906.4,192.1
FLAKKEBJERG,2005-06-14,14,06,2005,165,6.5,18.9,13.6,10.6,376.2,920,202.7
FLAKKEBJERG,2005-06-15,15,06,2005,166,7,21.7,15.1,0,386.3,935.1,202.7
FLAKKEBJERG,2005-06-16,16,06,2005,167,7.7,18.5,14.2,0,395.5,949.3,202.7
FLAKKEBJERG,2005-06-17,17,06,2005,168,13.4,18.2,14.8,2.9,405.3,964.1,205.6
FLAKKEBJERG,2005-06-18,18,06,2005,169,10.4,18.4,14.3,0,414.7,978.4,205.6
FLAKKEBJERG,2005-06-19,19,06,2005,170,11.5,19.9,15.4,0,425,993.8,205.6
FLAKKEBJERG,2005-06-20,20,06,2005,171,8.7,22.2,16.7,0,436.7,1010.5,205.6
FLAKKEBJERG,2005-06-21,21,06,2005,172,14.6,23.6,18.4,0,450.2,1029,205.6
FLAKKEBJERG,2005-06-22,22,06,2005,173,11.8,18.8,15.3,0.2,460.5,1044.2,205.8
FLAKKEBJERG,2005-06-23,23,06,2005,174,11.5,21.8,17.1,0,472.6,1061.4,205.8
FLAKKEBJERG,2005-06-24,24,06,2005,175,11.1,25.6,19.5,0,487.1,1080.9,205.8
FLAKKEBJERG,2005-06-25,25,06,2005,176,12.9,18.7,15,0,497.1,1095.9,205.8
FLAKKEBJERG,2005-06-26,26,06,2005,177,8.9,19.6,15.2,3,507.4,1111.1,208.8
FLAKKEBJERG,2005-06-27,27,06,2005,178,8.9,19.3,14.7,0,517,1125.8,208.8
FLAKKEBJERG,2005-06-28,28,06,2005,179,11.3,18.4,14.6,0,526.7,1140.4,208.8
FLAKKEBJERG,2005-06-29,29,06,2005,180,9.8,21.6,15.6,0,537.3,1156.1,208.8
FLAKKEBJERG,2005-06-30,30,06,2005,181,7.7,20.2,14.9,0,547.2,1171,208.8
FLAKKEBJERG,2005-07-01,01,07,2005,182,9.5,20.7,15.6,0,557.8,1186.6,208.8
FLAKKEBJERG,2005-07-02,02,07,2005,183,7.1,21.6,16.1,0,568.9,1202.6,208.8
FLAKKEBJERG,2005-07-03,03,07,2005,184,9.8,23.4,18.2,0,582.1,1220.9,208.8
FLAKKEBJERG,2005-07-04,04,07,2005,185,16.4,24.7,19.8,0,596.9,1240.7,208.8
FLAKKEBJERG,2005-07-05,05,07,2005,186,13.8,17.3,14.9,0,606.9,1255.6,208.8
FLAKKEBJERG,2005-07-06,06,07,2005,187,12.3,14.8,13.7,11,615.5,1269.3,219.8
FLAKKEBJERG,2005-07-07,07,07,2005,188,12.7,20.9,16.7,1.6,627.2,1286,221.4
FLAKKEBJERG,2005-07-08,08,07,2005,189,11,24.6,18.8,0,641,1304.8,221.4
FLAKKEBJERG,2005-07-09,09,07,2005,190,11.9,27.6,20.8,0,656.8,1325.6,221.4
FLAKKEBJERG,2005-07-10,10,07,2005,191,13.6,25.7,20.5,0,672.3,1346.1,221.4
FLAKKEBJERG,2005-07-11,11,07,2005,192,12.3,26.5,20.4,0,687.6,1366.4,221.4
FLAKKEBJERG,2005-07-12,12,07,2005,193,14.1,27.8,21.6,0,704.2,1388,221.4
FLAKKEBJERG,2005-07-13,13,07,2005,194,13.4,21.7,17.4,0,716.6,1405.4,221.4
FLAKKEBJERG,2005-07-14,14,07,2005,195,11.1,20.5,16.7,0,728.2,1422,221.4
FLAKKEBJERG,2005-07-15,15,07,2005,196,13.7,24.7,18.9,0.7,742.1,1440.9,222.1
FLAKKEBJERG,2005-07-16,16,07,2005,197,13.5,19.4,15.9,0.1,753,1456.8,222.2
FLAKKEBJERG,2005-07-17,17,07,2005,198,13.3,20.4,16,0.1,764,1472.8,222.3
FLAKKEBJERG,2005-07-18,18,07,2005,199,15.6,22,17.7,0.9,776.7,1490.5,223.2
FLAKKEBJERG,2005-07-19,19,07,2005,200,14.9,19.9,16.8,10.9,788.5,1507.2,234.1
FLAKKEBJERG,2005-07-20,20,07,2005,201,12.8,17.7,14.5,1,798,1521.7,235.1
FLAKKEBJERG,2005-07-21,21,07,2005,202,12.8,19.4,15.4,2.2,808.3,1537.1,237.3
FLAKKEBJERG,2005-07-22,22,07,2005,203,12.1,20.7,16.4,6.3,819.8,1553.6,243.6
FLAKKEBJERG,2005-07-23,23,07,2005,204,12.5,19.3,15.9,0,830.6,1569.4,243.6
FLAKKEBJERG,2005-07-24,24,07,2005,205,12.4,17,14.1,0,839.7,1583.5,243.6
FLAKKEBJERG,2005-07-25,25,07,2005,206,9.3,16.1,13.1,0,847.8,1596.6,243.6
FLAKKEBJERG,2005-07-26,26,07,2005,207,11.3,19.4,15.6,2,858.4,1612.2,245.6
FLAKKEBJERG,2005-07-27,27,07,2005,208,10.1,19.8,15.1,0,868.6,1627.3,245.6
FLAKKEBJERG,2005-07-28,28,07,2005,209,11,24.9,18.1,0.1,881.7,1645.4,245.7
FLAKKEBJERG,2005-07-29,29,07,2005,210,14.6,26,18.7,0,895.3,1664.1,245.7
FLAKKEBJERG,2005-07-30,30,07,2005,211,15.3,19.8,17.3,9.8,907.7,1681.4,255.5
FLAKKEBJERG,2005-07-31,31,07,2005,212,13,22,16.6,5.7,919.3,1698.1,261.2
FLAKKEBJERG,2005-08-01,01,08,2005,213,13.9,21,16.2,9.7,930.5,1714.2,270.9
FLAKKEBJERG,2005-08-02,02,08,2005,214,13.7,16.7,15.2,1.6,940.7,1729.4,272.5
FLAKKEBJERG,2005-08-03,03,08,2005,215,13,20.2,16.1,0,951.8,1745.6,272.5
FLAKKEBJERG,2005-08-04,04,08,2005,216,12.3,18.9,14.4,0.2,961.2,1760,272.7
FLAKKEBJERG,2005-08-05,05,08,2005,217,10.6,17.2,13.8,12.4,970.1,1773.8,285.1
FLAKKEBJERG,2005-08-06,06,08,2005,218,10.5,18.5,13.8,8,978.9,1787.7,293.1
FLAKKEBJERG,2005-08-07,07,08,2005,219,10.6,18.4,13.8,0,987.7,1801.5,293.1
FLAKKEBJERG,2005-08-08,08,08,2005,220,7.1,18,13.7,0,996.4,1815.2,293.1
FLAKKEBJERG,2005-08-09,09,08,2005,221,12.1,19.8,15.3,0,1006.7,1830.5,293.1
FLAKKEBJERG,2005-08-10,10,08,2005,222,12.6,18.9,15.4,1.1,1017,1845.8,294.2
FLAKKEBJERG,2005-08-11,11,08,2005,223,14,16.4,14.6,1.6,1026.6,1860.4,295.8
FLAKKEBJERG,2005-08-12,12,08,2005,224,13.2,17.9,14.7,0,1036.3,1875.1,295.8
FLAKKEBJERG,2005-08-13,13,08,2005,225,11.8,18,14,0,1045.2,1889,295.8
FLAKKEBJERG,2005-08-14,14,08,2005,226,9,20,14.8,0,1055,1903.8,295.8
FLAKKEBJERG,2005-08-15,15,08,2005,227,10,21.3,16.1,0,1066.1,1919.9,295.8
FLAKKEBJERG,2005-08-16,16,08,2005,228,10.2,18.1,14.5,0,1075.6,1934.3,295.8
FLAKKEBJERG,2005-08-17,17,08,2005,229,8.6,19.9,14.3,0,1084.8,1948.6,295.8
FLAKKEBJERG,2005-08-18,18,08,2005,230,8.5,22.9,16,0,1095.9,1964.6,295.8
FLAKKEBJERG,2005-08-19,19,08,2005,231,12.2,24.2,17.9,0,1108.8,1982.5,295.8
FLAKKEBJERG,2005-08-20,20,08,2005,232,14.3,26.8,20.4,0,1124.2,2002.9,295.8
FLAKKEBJERG,2005-08-21,21,08,2005,233,16,27.1,21.2,0,1140.4,2024.1,295.8
FLAKKEBJERG,2005-08-22,22,08,2005,234,14.7,24.2,18.7,0,1154.1,2042.8,295.8
FLAKKEBJERG,2005-08-23,23,08,2005,235,12.6,21.8,16.7,0,1165.7,2059.5,295.8
FLAKKEBJERG,2005-08-24,24,08,2005,236,14.6,19.1,15.8,0,1176.5,2075.3,295.8
FLAKKEBJERG,2005-08-25,25,08,2005,237,13.3,16,14.7,0,1186.3,2090,295.8
FLAKKEBJERG,2005-08-26,26,08,2005,238,11.4,16.2,13.5,14,1194.8,2103.6,309.8
FLAKKEBJERG,2005-08-27,27,08,2005,239,11.6,17.7,14.6,0,1204.4,2118.2,309.8
FLAKKEBJERG,2005-08-28,28,08,2005,240,13.6,18.1,16,0.1,1215.4,2134.2,309.9
FLAKKEBJERG,2005-08-29,29,08,2005,241,15,22.1,18.1,0,1228.5,2152.3,309.9
FLAKKEBJERG,2005-08-30,30,08,2005,242,10.4,19.6,14.8,0,1238.3,2167.1,309.9
FLAKKEBJERG,2005-08-31,31,08,2005,243,7.3,20.1,14.2,0,1247.5,2181.3,309.9
FLAKKEBJERG,2005-09-01,01,09,2005,244,12.6,23.4,17.7,0,1260.3,2199,309.9
FLAKKEBJERG,2005-09-02,02,09,2005,245,14.5,18.2,16.2,0,1271.5,2215.2,309.9
FLAKKEBJERG,2005-09-03,03,09,2005,246,9.6,18.8,13.7,3.8,1280.2,2229,313.7
FLAKKEBJERG,2005-09-04,04,09,2005,247,5.5,20,13,0,1288.1,2241.9,313.7
FLAKKEBJERG,2005-09-05,05,09,2005,248,7.1,23.3,16,0,1299.2,2258,313.7
FLAKKEBJERG,2005-09-06,06,09,2005,249,11.4,24.1,18,0,1312.2,2276,313.7
FLAKKEBJERG,2005-09-07,07,09,2005,250,13.8,24.8,19.4,0,1326.7,2295.4,313.7
FLAKKEBJERG,2005-09-08,08,09,2005,251,13.9,23.3,18.1,0,1339.8,2313.6,313.7
FLAKKEBJERG,2005-09-09,09,09,2005,252,11.9,19.7,15.4,0,1350.2,2328.9,313.7
FLAKKEBJERG,2005-09-10,10,09,2005,253,12.6,20.8,15.8,0,1361,2344.8,313.7
FLAKKEBJERG,2005-09-11,11,09,2005,254,11.4,18.1,14.5,0,1370.5,2359.3,313.7
FLAKKEBJERG,2005-09-12,12,09,2005,255,9.2,17.8,14.1,0,1379.6,2373.4,313.7
FLAKKEBJERG,2005-09-13,13,09,2005,256,9.6,18,13.6,0,1388.2,2387,313.7
FLAKKEBJERG,2005-09-14,14,09,2005,257,11.6,19.3,15.3,0,1398.5,2402.3,313.7
FLAKKEBJERG,2005-09-15,15,09,2005,258,12.3,15.7,13.2,0.1,1406.7,2415.4,313.8
FLAKKEBJERG,2005-09-16,16,09,2005,259,6.6,14.9,10.5,0,1412.2,2426,313.8
FLAKKEBJERG,2005-09-17,17,09,2005,260,3.5,14.6,9.8,0,1417,2435.8,313.8
FLAKKEBJERG,2005-09-18,18,09,2005,261,5.3,14.2,11.7,0,1423.7,2447.5,313.8
FLAKKEBJERG,2005-09-19,19,09,2005,262,12.4,16.9,14.3,0,1432.9,2461.7,313.8
FLAKKEBJERG,2005-09-20,20,09,2005,263,13.3,18.5,14.4,0,1442.3,2476.1,313.8
FLAKKEBJERG,2005-09-21,21,09,2005,264,8.7,17.2,13.6,0,1450.9,2489.7,313.8
FLAKKEBJERG,2005-09-22,22,09,2005,265,7.4,18.1,13,0,1458.8,2502.6,313.8
FLAKKEBJERG,2005-09-23,23,09,2005,266,9.4,20.2,14.7,0,1468.5,2517.3,313.8
FLAKKEBJERG,2005-09-24,24,09,2005,267,9.6,20.7,15.1,0,1478.6,2532.4,313.8
FLAKKEBJERG,2005-09-25,25,09,2005,268,10.4,21.4,15.6,0,1489.2,2548,313.8
FLAKKEBJERG,2005-09-26,26,09,2005,269,11.6,18.5,14.6,0,1498.8,2562.6,313.8
FLAKKEBJERG,2005-09-27,27,09,2005,270,10.7,15.2,13.5,1,1507.3,2576.1,314.8
FLAKKEBJERG,2005-09-28,28,09,2005,271,11.2,15.1,12.3,4.6,1514.6,2588.3,319.4
FLAKKEBJERG,2005-09-29,29,09,2005,272,7.1,14.4,10.5,0,1520.1,2598.9,319.4
FLAKKEBJERG,2005-09-30,30,09,2005,273,8.1,14.3,11.7,9.5,1526.8,2610.6,328.9
FLAKKEBJERG,2005-10-01,01,10,2005,274,11,12.6,11.7,0,1533.6,2622.3,328.9
FLAKKEBJERG,2005-10-02,02,10,2005,275,5.2,15.5,10.2,11.4,1538.8,2632.5,340.3
FLAKKEBJERG,2005-10-03,03,10,2005,276,3.8,14.2,9.8,0,1543.5,2642.3,340.3
FLAKKEBJERG,2005-10-04,04,10,2005,277,5.6,16.8,10.7,0,1549.2,2653,340.3
FLAKKEBJERG,2005-10-05,05,10,2005,278,6.3,16.4,10.2,0,1554.5,2663.3,340.3
FLAKKEBJERG,2005-10-06,06,10,2005,279,8.5,18.5,12.5,0,1562,2675.8,340.3
FLAKKEBJERG,2005-10-07,07,10,2005,280,9.5,17.6,13.2,0,1570.1,2688.9,340.3
FLAKKEBJERG,2005-10-08,08,10,2005,281,10.7,16.6,13.5,0,1578.6,2702.4,340.3
FLAKKEBJERG,2005-10-09,09,10,2005,282,11.7,15.1,11.6,0,1585.2,2714,340.3
FLAKKEBJERG,2005-10-10,10,10,2005,283,6.2,17.2,13,0,1593.3,2727.1,340.3
FLAKKEBJERG,2005-10-11,11,10,2005,284,10.1,17.8,13.3,0,1601.6,2740.3,340.3
FLAKKEBJERG,2005-10-12,12,10,2005,285,9.5,16.2,12.5,0,1609,2752.8,340.3
FLAKKEBJERG,2005-10-13,13,10,2005,286,8.4,16.8,12,0,1616,2764.8,340.3
FLAKKEBJERG,2005-10-14,14,10,2005,287,4.7,14.1,9.8,0,1620.8,2774.6,340.3
FLAKKEBJERG,2005-10-15,15,10,2005,288,3.7,13.8,8.5,0,1624.3,2783.1,340.3
FLAKKEBJERG,2005-10-16,16,10,2005,289,1.3,11.7,6.1,0,1625.4,2789.2,340.3
FLAKKEBJERG,2005-10-17,17,10,2005,290,1.6,11.1,6.4,0,1626.9,2795.7,340.3
FLAKKEBJERG,2005-10-18,18,10,2005,291,2.4,12.3,6.2,0,1628.1,2801.9,340.3
FLAKKEBJERG,2005-10-19,19,10,2005,292,0.9,12.3,7.2,0,1630.3,2809.1,340.3
FLAKKEBJERG,2005-10-20,20,10,2005,293,6.5,12.2,10.6,0,1635.9,2819.7,340.3
FLAKKEBJERG,2005-10-21,21,10,2005,294,8.2,13.2,11.3,0.6,1642.2,2830.9,340.9
FLAKKEBJERG,2005-10-22,22,10,2005,295,10.7,13.1,12,9.1,1649.1,2842.9,350
FLAKKEBJERG,2005-10-23,23,10,2005,296,6.6,10.6,8.7,1,1652.9,2851.6,351
FLAKKEBJERG,2005-10-24,24,10,2005,297,3.1,8.3,6.2,0,1654.1,2857.9,351
FLAKKEBJERG,2005-10-25,25,10,2005,298,5.7,13.2,11.8,11.7,1660.8,2869.6,362.7
FLAKKEBJERG,2005-10-26,26,10,2005,299,10.3,13.7,11.7,13,1667.5,2881.3,375.7
FLAKKEBJERG,2005-10-27,27,10,2005,300,8.2,13.1,11.6,0.1,1674.1,2892.9,375.8
FLAKKEBJERG,2005-10-28,28,10,2005,301,11.3,14,12.1,0.1,1681.1,2904.9,375.9
FLAKKEBJERG,2005-10-29,29,10,2005,302,8.4,13.1,10.4,0,1686.6,2915.3,375.9
FLAKKEBJERG,2005-10-30,30,10,2005,303,7.1,14.2,10.4,0,1691.9,2925.7,375.9
FLAKKEBJERG,2005-10-31,31,10,2005,304,9.2,14.2,10.9,0,1697.8,2936.6,375.9
FLAKKEBJERG,2005-11-01,01,11,2005,305,7,12.1,10.1,0,1702.9,2946.6,375.9
FLAKKEBJERG,2005-11-02,02,11,2005,306,6.9,11,10.1,2,1707.9,2956.7,377.9
FLAKKEBJERG,2005-11-03,03,11,2005,307,9.6,14.2,12.3,12,1715.2,2969,389.9
FLAKKEBJERG,2005-11-04,04,11,2005,308,11.7,13.6,12.4,0,1722.6,2981.4,389.9
FLAKKEBJERG,2005-11-05,05,11,2005,309,10.2,11.9,10.4,0.3,1728.1,2991.8,390.2
FLAKKEBJERG,2005-11-06,06,11,2005,310,7.7,10.4,9.5,1.1,1732.5,3001.3,391.3
FLAKKEBJERG,2005-11-07,07,11,2005,311,8.5,10.5,9.5,0,1737,3010.8,391.3
FLAKKEBJERG,2005-11-08,08,11,2005,312,8.6,10.5,9.7,0,1741.7,3020.5,391.3
FLAKKEBJERG,2005-11-09,09,11,2005,313,7.4,10.7,8.9,0,1745.6,3029.4,391.3
FLAKKEBJERG,2005-11-10,10,11,2005,314,4.8,10.7,8.4,0,1749,3037.8,391.3
FLAKKEBJERG,2005-11-11,11,11,2005,315,7.7,12.1,11,0,1755,3048.7,391.3
FLAKKEBJERG,2005-11-12,12,11,2005,316,10.2,11.3,9.9,6.5,1759.8,3058.6,397.8
FLAKKEBJERG,2005-11-13,13,11,2005,317,6.7,10.3,8.1,0,1762.9,3066.7,397.8
FLAKKEBJERG,2005-11-14,14,11,2005,318,4.5,9.5,7.8,0,1765.7,3074.5,397.8
FLAKKEBJERG,2005-11-15,15,11,2005,319,7.6,10.5,7.9,4.3,1768.6,3082.4,402.1
FLAKKEBJERG,2005-11-16,16,11,2005,320,3,5.7,3.1,0,1768.6,3085.5,402.1
FLAKKEBJERG,2005-11-17,17,11,2005,321,-1.1,4.5,1.4,0.4,1768.6,3086.9,402.5
FLAKKEBJERG,2005-11-18,18,11,2005,322,-2.1,4.4,1.2,2.2,1768.6,3088.2,404.7
FLAKKEBJERG,2005-11-19,19,11,2005,323,0.1,5.8,2.7,1,1768.6,3090.9,405.7
FLAKKEBJERG,2005-11-20,20,11,2005,324,1.3,6.5,3.7,0,1768.6,3094.6,405.7
FLAKKEBJERG,2005-11-21,21,11,2005,325,-2.1,2.9,-0.2,0,1768.6,3094.6,405.7
FLAKKEBJERG,2005-11-22,22,11,2005,326,-1.7,3.4,1.7,1.3,1768.6,3096.3,407
FLAKKEBJERG,2005-11-23,23,11,2005,327,0.5,5.5,4.6,0.7,1768.6,3100.9,407.7
FLAKKEBJERG,2005-11-24,24,11,2005,328,4.4,5.7,5.1,0.2,1768.7,3106,407.9
FLAKKEBJERG,2005-11-25,25,11,2005,329,-1,4,0.6,1.9,1768.7,3106.6,409.8
FLAKKEBJERG,2005-11-26,26,11,2005,330,-1.4,1.7,0.3,1.8,1768.7,3106.9,411.6
FLAKKEBJERG,2005-11-27,27,11,2005,331,-2.7,2.8,-0.2,0,1768.7,3106.9,411.6
FLAKKEBJERG,2005-11-28,28,11,2005,332,-2.2,1.5,-0.2,0,1768.7,3106.9,411.6
FLAKKEBJERG,2005-11-29,29,11,2005,333,-3.7,3.3,0.8,0,1768.7,3107.8,411.6
FLAKKEBJERG,2005-11-30,30,11,2005,334,0.2,4.5,2.5,0,1768.7,3110.3,411.6
FLAKKEBJERG,2005-12-01,01,12,2005,335,-0.7,3.4,2,0,1768.7,3112.3,411.6
FLAKKEBJERG,2005-12-02,02,12,2005,336,-0.1,1.7,0.7,0,1768.7,3113,411.6
FLAKKEBJERG,2005-12-03,03,12,2005,337,0.1,1.4,1,0,1768.7,3113.9,411.6
FLAKKEBJERG,2005-12-04,04,12,2005,338,0.8,4,2.3,0,1768.7,3116.3,411.6
FLAKKEBJERG,2005-12-05,05,12,2005,339,1.8,5.9,5,0.7,1768.7,3121.2,412.3
FLAKKEBJERG,2005-12-06,06,12,2005,340,4.1,5.6,5,9.6,1768.7,3126.2,421.9
FLAKKEBJERG,2005-12-07,07,12,2005,341,2.5,5.8,4.4,0.2,1768.7,3130.6,422.1
FLAKKEBJERG,2005-12-08,08,12,2005,342,1.3,4,2.5,0.2,1768.7,3133.2,422.3
FLAKKEBJERG,2005-12-09,09,12,2005,343,-1.5,2.1,0.1,0.4,1768.7,3133.3,422.7
FLAKKEBJERG,2005-12-10,10,12,2005,344,-1.3,4.4,2,0,1768.7,3135.3,422.7
FLAKKEBJERG,2005-12-11,11,12,2005,345,2,9.2,7.8,0.4,1771.5,3143.2,423.1
FLAKKEBJERG,2005-12-12,12,12,2005,346,5.5,8.6,5.5,0.2,1772,3148.6,423.3
FLAKKEBJERG,2005-12-13,13,12,2005,347,2.1,6.3,4.8,0,1772,3153.4,423.3
FLAKKEBJERG,2005-12-14,14,12,2005,348,4.3,6.7,5.5,0.5,1772.5,3158.9,423.8
FLAKKEBJERG,2005-12-15,15,12,2005,349,2.7,8.1,6.3,3,1773.8,3165.3,426.8
FLAKKEBJERG,2005-12-16,16,12,2005,350,1.3,4.5,1.2,1.6,1773.8,3166.5,428.4
FLAKKEBJERG,2005-12-17,17,12,2005,351,-4.2,0.7,-1.3,3,1773.8,3166.5,431.4
FLAKKEBJERG,2005-12-18,18,12,2005,352,-2.8,1.6,-0.7,0,1773.8,3166.5,431.4
FLAKKEBJERG,2005-12-19,19,12,2005,353,-8,2.9,-0.1,0.1,1773.8,3166.5,431.5
FLAKKEBJERG,2005-12-20,20,12,2005,354,0.8,5.8,3.3,2.3,1773.8,3169.7,433.8
FLAKKEBJERG,2005-12-21,21,12,2005,355,-1.5,5.3,1.8,0.1,1773.8,3171.5,433.9
FLAKKEBJERG,2005-12-22,22,12,2005,356,0.4,6.3,4.6,1.3,1773.8,3176.1,435.2
FLAKKEBJERG,2005-12-23,23,12,2005,357,-0.7,7.6,3.8,0,1773.8,3179.9,435.2
FLAKKEBJERG,2005-12-24,24,12,2005,358,-0.7,7.7,5.7,1.4,1774.5,3185.6,436.6
FLAKKEBJERG,2005-12-25,25,12,2005,359,-0.4,2.6,1,0,1774.5,3186.6,436.6
FLAKKEBJERG,2005-12-26,26,12,2005,360,-1.3,2.2,-0.2,0.4,1774.5,3186.6,437
FLAKKEBJERG,2005-12-27,27,12,2005,361,-1.7,0.3,-0.6,5.4,1774.5,3186.6,442.4
FLAKKEBJERG,2005-12-28,28,12,2005,362,-3.2,-1.4,-2.1,2.3,1774.5,3186.6,444.7
FLAKKEBJERG,2005-12-29,29,12,2005,363,-3.6,-0.9,-2.2,0.9,1774.5,3186.6,445.6
FLAKKEBJERG,2005-12-30,30,12,2005,364,-2.4,1.3,-0.3,5.2,1774.5,3186.6,450.8
FLAKKEBJERG,2005-12-31,31,12,2005,365,-3,-0.8,-2.5,0,1774.5,3186.6,450.8
FLAKKEBJERG,2006-01-01,01,01,2006,1,-2.3,2.4,1.4,4,0,1.4,4
FLAKKEBJERG,2006-01-02,02,01,2006,2,0.6,1.6,-0.1,3,0,1.4,7
FLAKKEBJERG,2006-01-03,03,01,2006,3,-3.5,-1.2,-3.2,0,0,1.4,7
FLAKKEBJERG,2006-01-04,04,01,2006,4,-9.5,1.1,-2.3,0,0,1.4,7
FLAKKEBJERG,2006-01-05,05,01,2006,5,-2.8,1.9,1.2,0,0,2.7,7
FLAKKEBJERG,2006-01-06,06,01,2006,6,-0.1,1.7,0.7,0,0,3.3,7
FLAKKEBJERG,2006-01-07,07,01,2006,7,0.1,0.8,-0.1,0,0,3.3,7
FLAKKEBJERG,2006-01-08,08,01,2006,8,-2.8,0.8,-1.6,0,0,3.3,7
FLAKKEBJERG,2006-01-09,09,01,2006,9,-5.9,0.1,-3,0,0,3.3,7
FLAKKEBJERG,2006-01-10,10,01,2006,10,-4.4,2.2,-0.7,0,0,3.3,7
FLAKKEBJERG,2006-01-11,11,01,2006,11,-1.6,3.9,2.6,0,0,5.9,7
FLAKKEBJERG,2006-01-12,12,01,2006,12,0.7,3,1.5,0.3,0,7.4,7.3
FLAKKEBJERG,2006-01-13,13,01,2006,13,0.3,1.1,0.3,0,0,7.8,7.3
FLAKKEBJERG,2006-01-14,14,01,2006,14,-0.4,0.4,-0.3,0,0,7.8,7.3
FLAKKEBJERG,2006-01-15,15,01,2006,15,-2.4,-0.1,-1.7,0,0,7.8,7.3
FLAKKEBJERG,2006-01-16,16,01,2006,16,-3.2,-1.3,-2.6,0,0,7.8,7.3
FLAKKEBJERG,2006-01-17,17,01,2006,17,-4.3,-0.4,-2.3,0,0,7.8,7.3
FLAKKEBJERG,2006-01-18,18,01,2006,18,-3.5,-0.5,-1.2,4.2,0,7.8,11.5
FLAKKEBJERG,2006-01-19,19,01,2006,19,-2.4,-1.4,-2.2,0.2,0,7.8,11.7
FLAKKEBJERG,2006-01-20,20,01,2006,20,-3.2,2.5,-1.1,6.6,0,7.8,18.3
FLAKKEBJERG,2006-01-21,21,01,2006,21,-2.5,2,-1.5,9.5,0,7.8,27.8
FLAKKEBJERG,2006-01-22,22,01,2006,22,-8.2,-3.9,-6.5,0,0,7.8,27.8
FLAKKEBJERG,2006-01-23,23,01,2006,23,-9.3,-4.9,-6.6,0,0,7.8,27.8
FLAKKEBJERG,2006-01-24,24,01,2006,24,-7.8,-1.3,-5.1,0,0,7.8,27.8
FLAKKEBJERG,2006-01-25,25,01,2006,25,-7.5,-0.2,-1.3,1.8,0,7.8,29.6
FLAKKEBJERG,2006-01-26,26,01,2006,26,-2.6,-0.2,-2.5,3,0,7.8,32.6
FLAKKEBJERG,2006-01-27,27,01,2006,27,-10.6,-0.7,-6.4,0,0,7.8,32.6
FLAKKEBJERG,2006-01-28,28,01,2006,28,-13.2,-1.1,-4.7,0,0,7.8,32.6
FLAKKEBJERG,2006-01-29,29,01,2006,29,-8.7,-0.2,-2.4,0,0,7.8,32.6
FLAKKEBJERG,2006-01-30,30,01,2006,30,-4.7,1.7,-0.7,0,0,7.8,32.6
FLAKKEBJERG,2006-01-31,31,01,2006,31,-2.8,2.8,0,0,0,7.8,32.6
FLAKKEBJERG,2006-02-01,01,02,2006,32,-1.2,1.9,0.7,0,0,8.5,32.6
FLAKKEBJERG,2006-02-02,02,02,2006,33,0.1,2.1,1.1,0,0,9.6,32.6
FLAKKEBJERG,2006-02-03,03,02,2006,34,-0.6,2.1,0,0,0,9.6,32.6
FLAKKEBJERG,2006-02-04,04,02,2006,35,-2.7,0.1,-3.2,0.2,0,9.6,32.8
FLAKKEBJERG,2006-02-05,05,02,2006,36,-7.7,-2,-3.3,0.9,0,9.6,33.7
FLAKKEBJERG,2006-02-06,06,02,2006,37,-4.3,4,-0.2,2.5,0,9.6,36.2
FLAKKEBJERG,2006-02-07,07,02,2006,38,-1.7,4.6,3.5,19.6,0,13.1,55.800000000000004
FLAKKEBJERG,2006-02-08,08,02,2006,39,1.4,3.7,2.5,4.3,0,15.6,60.1
FLAKKEBJERG,2006-02-09,09,02,2006,40,0.4,1.5,1,2.4,0,16.6,62.5
FLAKKEBJERG,2006-02-10,10,02,2006,41,0.3,2.9,1.2,2,0,17.8,64.5
FLAKKEBJERG,2006-02-11,11,02,2006,42,-1.1,0.5,-1,0,0,17.8,64.5
FLAKKEBJERG,2006-02-12,12,02,2006,43,-3.3,1.7,-1.2,0,0,17.8,64.5
FLAKKEBJERG,2006-02-13,13,02,2006,44,-2.3,1.6,0.8,0.4,0,18.6,64.9
FLAKKEBJERG,2006-02-14,14,02,2006,45,-3.4,2.6,-0.1,0,0,18.6,64.9
FLAKKEBJERG,2006-02-15,15,02,2006,46,-2.7,1.7,0.4,0.1,0,19,65
FLAKKEBJERG,2006-02-16,16,02,2006,47,-0.2,2.5,1.7,5.8,0,20.7,70.8
FLAKKEBJERG,2006-02-17,17,02,2006,48,0.3,2,0.9,3.4,0,21.6,74.2
FLAKKEBJERG,2006-02-18,18,02,2006,49,0.3,4.2,2.3,1.4,0,23.9,75.6
FLAKKEBJERG,2006-02-19,19,02,2006,50,0.8,2.6,1.6,0.5,0,25.6,76.1
FLAKKEBJERG,2006-02-20,20,02,2006,51,0.6,3.2,1.8,0,0,27.4,76.1
FLAKKEBJERG,2006-02-21,21,02,2006,52,0.8,2,1.2,0,0,28.6,76.1
FLAKKEBJERG,2006-02-22,22,02,2006,53,-1.4,0.5,-0.4,0,0,28.6,76.1
FLAKKEBJERG,2006-02-23,23,02,2006,54,-1.4,1.8,0.4,0.7,0,29,76.8
FLAKKEBJERG,2006-02-24,24,02,2006,55,-1,2.8,0.6,0,0,29.5,76.8
FLAKKEBJERG,2006-02-25,25,02,2006,56,-1.4,1,-0.6,0,0,29.5,76.8
FLAKKEBJERG,2006-02-26,26,02,2006,57,-2.6,1.3,-1.1,0,0,29.5,76.8
FLAKKEBJERG,2006-02-27,27,02,2006,58,-3.8,0.3,-1.2,0,0,29.5,76.8
FLAKKEBJERG,2006-02-28,28,02,2006,59,-1.7,0.8,-0.4,0.3,0,29.5,77.1
FLAKKEBJERG,2006-03-01,01,03,2006,60,-2.4,0.9,-0.4,1,0,29.5,78.1
FLAKKEBJERG,2006-03-02,02,03,2006,61,-1,0.9,-0.1,0.1,0,29.5,78.2
FLAKKEBJERG,2006-03-03,03,03,2006,62,-1.3,0.5,-0.8,1.2,0,29.5,79.4
FLAKKEBJERG,2006-03-04,04,03,2006,63,-4.1,-0.9,-2.6,0,0,29.5,79.4
FLAKKEBJERG,2006-03-05,05,03,2006,64,-7.8,-1.9,-4.4,1.6,0,29.5,81
FLAKKEBJERG,2006-03-06,06,03,2006,65,-8.9,-1.2,-3.7,0,0,29.5,81
FLAKKEBJERG,2006-03-07,07,03,2006,66,-10.4,0.9,-4.5,0.9,0,29.5,81.9
FLAKKEBJERG,2006-03-08,08,03,2006,67,-9.7,-0.2,-3.5,0,0,29.5,81.9
FLAKKEBJERG,2006-03-09,09,03,2006,68,-3.5,0.7,-1.3,0,0,29.5,81.9
FLAKKEBJERG,2006-03-10,10,03,2006,69,-3.8,-1.6,-2.9,0,0,29.5,81.9
FLAKKEBJERG,2006-03-11,11,03,2006,70,-9.3,-3.1,-5.8,0,0,29.5,81.9
FLAKKEBJERG,2006-03-12,12,03,2006,71,-8.7,-1.4,-5,0,0,29.5,81.9
FLAKKEBJERG,2006-03-13,13,03,2006,72,-9.8,-0.7,-5,0,0,29.5,81.9
FLAKKEBJERG,2006-03-14,14,03,2006,73,-9.8,0.4,-3.8,0,0,29.5,81.9
FLAKKEBJERG,2006-03-15,15,03,2006,74,-3.6,0.9,-0.9,0,0,29.5,81.9
FLAKKEBJERG,2006-03-16,16,03,2006,75,-1.2,0.8,0,0,0,29.6,81.9
FLAKKEBJERG,2006-03-17,17,03,2006,76,-4.2,1,-1.4,0,0,29.6,81.9
FLAKKEBJERG,2006-03-18,18,03,2006,77,-3.9,3.2,-0.7,0,0,29.6,81.9
FLAKKEBJERG,2006-03-19,19,03,2006,78,-3,6.8,2.3,0,0,31.9,81.9
FLAKKEBJERG,2006-03-20,20,03,2006,79,-3,2.9,-0.2,0,0,31.9,81.9
FLAKKEBJERG,2006-03-21,21,03,2006,80,-4.2,4,-0.4,0,0,31.9,81.9
FLAKKEBJERG,2006-03-22,22,03,2006,81,-3,2.9,-0.2,0,0,31.9,81.9
FLAKKEBJERG,2006-03-23,23,03,2006,82,-2.5,3.7,0.4,0,0,32.2,81.9
FLAKKEBJERG,2006-03-24,24,03,2006,83,-2.6,5.9,1.6,0,0,33.8,81.9
FLAKKEBJERG,2006-03-25,25,03,2006,84,0.1,2.5,0.9,0,0,34.7,81.9
FLAKKEBJERG,2006-03-26,26,03,2006,85,0.5,6.3,2.7,0,0,37.4,81.9
FLAKKEBJERG,2006-03-27,27,03,2006,86,0.9,12.7,8.4,9.2,3.4,45.8,91.1
FLAKKEBJERG,2006-03-28,28,03,2006,87,7,9.4,7.3,10.5,5.7,53.1,101.6
FLAKKEBJERG,2006-03-29,29,03,2006,88,3.8,7.5,5.3,0,6,58.4,101.6
FLAKKEBJERG,2006-03-30,30,03,2006,89,1.4,8.2,5.1,0.2,6.2,63.6,101.8
FLAKKEBJERG,2006-03-31,31,03,2006,90,4.8,8.1,6.3,7,7.5,69.8,108.8
FLAKKEBJERG,2006-04-01,01,04,2006,91,2.7,9,5.7,0.3,8.2,75.6,109.1
FLAKKEBJERG,2006-04-02,02,04,2006,92,2.9,8.2,5.6,5.1,8.7,81.1,114.2
FLAKKEBJERG,2006-04-03,03,04,2006,93,3.6,7.2,5.1,6.3,8.9,86.3,120.5
FLAKKEBJERG,2006-04-04,04,04,2006,94,0.7,6.1,3.3,4.1,8.9,89.6,124.6
FLAKKEBJERG,2006-04-05,05,04,2006,95,0.7,5.6,2.9,3,8.9,92.5,127.6
FLAKKEBJERG,2006-04-06,06,04,2006,96,-0.2,7.2,3.5,0,8.9,96,127.6
FLAKKEBJERG,2006-04-07,07,04,2006,97,2.5,9.5,5.8,3.1,9.7,101.8,130.7
FLAKKEBJERG,2006-04-08,08,04,2006,98,3.4,9.3,5.2,0,9.9,107,130.7
FLAKKEBJERG,2006-04-09,09,04,2006,99,2.4,6.7,4.4,3,9.9,111.4,133.7
FLAKKEBJERG,2006-04-10,10,04,2006,100,3.5,8.6,5.4,1.2,10.3,116.8,134.9
FLAKKEBJERG,2006-04-11,11,04,2006,101,2.3,6.7,4.3,0,10.3,121.1,134.9
FLAKKEBJERG,2006-04-12,12,04,2006,102,3.2,5.4,4.5,0.2,10.3,125.6,135.1
FLAKKEBJERG,2006-04-13,13,04,2006,103,3.5,9.2,6,0.5,11.3,131.6,135.6
FLAKKEBJERG,2006-04-14,14,04,2006,104,4.2,9.5,6.6,2.3,12.9,138.2,137.9
FLAKKEBJERG,2006-04-15,15,04,2006,105,3.4,9.9,6.8,0.2,14.7,144.9,138.1
FLAKKEBJERG,2006-04-16,16,04,2006,106,4.2,13.4,8.4,0,18,153.3,138.1
FLAKKEBJERG,2006-04-17,17,04,2006,107,3.9,10.7,7,0,20,160.3,138.1
FLAKKEBJERG,2006-04-18,18,04,2006,108,4.2,10.9,7,0.8,22,167.3,138.9
FLAKKEBJERG,2006-04-19,19,04,2006,109,4,10.5,7.4,0,24.4,174.7,138.9
FLAKKEBJERG,2006-04-20,20,04,2006,110,5.1,9.3,6.7,4.6,26.1,181.4,143.5
FLAKKEBJERG,2006-04-21,21,04,2006,111,4.5,7.9,6,0.4,27.1,187.4,143.9
FLAKKEBJERG,2006-04-22,22,04,2006,112,5.1,11.4,7.6,2.2,29.7,195,146.1
FLAKKEBJERG,2006-04-23,23,04,2006,113,3.3,10.3,7,0,31.7,202,146.1
FLAKKEBJERG,2006-04-24,24,04,2006,114,6.3,11.6,7.8,0,34.6,209.9,146.1
FLAKKEBJERG,2006-04-25,25,04,2006,115,0.4,15.7,9,0,38.6,218.9,146.1
FLAKKEBJERG,2006-04-26,26,04,2006,116,8.6,15.4,10.9,2,44.5,229.8,148.1
FLAKKEBJERG,2006-04-27,27,04,2006,117,7.3,13.3,9.4,7.8,48.9,239.2,155.9
FLAKKEBJERG,2006-04-28,28,04,2006,118,3,9.8,6.5,0,50.4,245.7,155.9
FLAKKEBJERG,2006-04-29,29,04,2006,119,3.7,12.1,8,0.6,53.3,253.6,156.5
FLAKKEBJERG,2006-04-30,30,04,2006,120,5.9,9.5,6.9,0.2,55.2,260.5,156.7
FLAKKEBJERG,2006-05-01,01,05,2006,121,3.4,13.2,7.5,0,57.8,268.1,156.7
FLAKKEBJERG,2006-05-02,02,05,2006,122,4.3,14.3,9.3,0,62.1,277.4,156.7
FLAKKEBJERG,2006-05-03,03,05,2006,123,5.8,18.9,12.7,0,69.8,290.1,156.7
FLAKKEBJERG,2006-05-04,04,05,2006,124,7.8,19.6,13.9,0,78.7,304,156.7
FLAKKEBJERG,2006-05-05,05,05,2006,125,8.1,20.7,14.3,0,88,318.3,156.7
FLAKKEBJERG,2006-05-06,06,05,2006,126,8.3,20,14,0,97,332.3,156.7
FLAKKEBJERG,2006-05-07,07,05,2006,127,9.7,22.8,15.5,0,107.5,347.8,156.7
FLAKKEBJERG,2006-05-08,08,05,2006,128,8.1,21.9,15.3,0,117.8,363.1,156.7
FLAKKEBJERG,2006-05-09,09,05,2006,129,8.5,20.6,14.8,0,127.7,378,156.7
FLAKKEBJERG,2006-05-10,10,05,2006,130,7.1,23.2,16.1,0,138.7,394,156.7
FLAKKEBJERG,2006-05-11,11,05,2006,131,8.5,21.4,15.1,0,148.9,409.2,156.7
FLAKKEBJERG,2006-05-12,12,05,2006,132,6.6,19.6,13.6,0,157.5,422.8,156.7
FLAKKEBJERG,2006-05-13,13,05,2006,133,6.3,15.4,10.9,0,163.4,433.7,156.7
FLAKKEBJERG,2006-05-14,14,05,2006,134,6.6,13.1,9.6,0,168,443.3,156.7
FLAKKEBJERG,2006-05-15,15,05,2006,135,4.1,11.4,7.8,0,170.8,451.1,156.7
FLAKKEBJERG,2006-05-16,16,05,2006,136,6.9,8.6,7.7,3.4,173.5,458.8,160.1
FLAKKEBJERG,2006-05-17,17,05,2006,137,7.4,11.2,9,9.8,177.5,467.8,169.9
FLAKKEBJERG,2006-05-18,18,05,2006,138,8,14.2,10.9,0,183.5,478.7,169.9
FLAKKEBJERG,2006-05-19,19,05,2006,139,8.7,14.8,11.4,11.6,189.8,490.1,181.5
FLAKKEBJERG,2006-05-20,20,05,2006,140,10.5,13.9,11.8,0.3,196.6,501.9,181.8
FLAKKEBJERG,2006-05-21,21,05,2006,141,9.8,13,10.8,4.6,202.4,512.7,186.4
FLAKKEBJERG,2006-05-22,22,05,2006,142,7.6,15.7,12.6,0,210,525.3,186.4
FLAKKEBJERG,2006-05-23,23,05,2006,143,10.3,12.3,10.6,5.3,215.6,535.9,191.7
FLAKKEBJERG,2006-05-24,24,05,2006,144,6.8,13.5,9.2,0,219.8,545.1,191.7
FLAKKEBJERG,2006-05-25,25,05,2006,145,6,13.5,9.8,8.1,224.6,554.9,199.8
FLAKKEBJERG,2006-05-26,26,05,2006,146,6.3,13.3,9.4,0,229,564.3,199.8
FLAKKEBJERG,2006-05-27,27,05,2006,147,5.9,11.5,9.5,1.5,233.5,573.8,201.3
FLAKKEBJERG,2006-05-28,28,05,2006,148,8.6,11.9,9.8,16.3,238.3,583.6,217.6
FLAKKEBJERG,2006-05-29,29,05,2006,149,6.7,12.8,9.7,6.7,243,593.3,224.3
FLAKKEBJERG,2006-05-30,30,05,2006,150,8.2,14.9,10.7,0,248.6,603.9,224.3
FLAKKEBJERG,2006-05-31,31,05,2006,151,8.6,15.5,11.9,0.5,255.6,615.9,224.8
FLAKKEBJERG,2006-06-01,01,06,2006,152,7.1,14.5,10.6,1.2,261.1,626.4,226
FLAKKEBJERG,2006-06-02,02,06,2006,153,5.9,16.1,11.8,0.6,267.9,638.2,226.6
FLAKKEBJERG,2006-06-03,03,06,2006,154,10,14.6,11.4,0.3,274.3,649.6,226.9
FLAKKEBJERG,2006-06-04,04,06,2006,155,7.6,15,11.4,1.1,280.7,661,228
FLAKKEBJERG,2006-06-05,05,06,2006,156,7,17,11.7,0,287.4,672.7,228
FLAKKEBJERG,2006-06-06,06,06,2006,157,6.5,18,13.2,2.4,295.6,685.9,230.4
FLAKKEBJERG,2006-06-07,07,06,2006,158,6.3,16.9,12.3,1,302.9,698.2,231.4
FLAKKEBJERG,2006-06-08,08,06,2006,159,7.4,19,13,0,311,711.3,231.4
FLAKKEBJERG,2006-06-09,09,06,2006,160,8.4,17.9,13,0,319,724.3,231.4
FLAKKEBJERG,2006-06-10,10,06,2006,161,6.9,22.6,16.2,0,330.2,740.5,231.4
FLAKKEBJERG,2006-06-11,11,06,2006,162,9.3,23.6,18.4,0,343.5,758.8,231.4
FLAKKEBJERG,2006-06-12,12,06,2006,163,9.9,25.5,19.8,0,358.3,778.6,231.4
FLAKKEBJERG,2006-06-13,13,06,2006,164,15.1,26.5,21.4,0,374.7,800,231.4
FLAKKEBJERG,2006-06-14,14,06,2006,165,13.6,20.1,16.1,0,385.8,816.1,231.4
FLAKKEBJERG,2006-06-15,15,06,2006,166,10.1,20.5,15.1,0,396,831.3,231.4
FLAKKEBJERG,2006-06-16,16,06,2006,167,11.6,18,15.2,0,406.2,846.5,231.4
FLAKKEBJERG,2006-06-17,17,06,2006,168,13.4,17,14.5,0.4,415.7,860.9,231.8
FLAKKEBJERG,2006-06-18,18,06,2006,169,11.8,20.1,17.1,8.1,427.7,878,239.9
FLAKKEBJERG,2006-06-19,19,06,2006,170,14.3,24.2,19.4,0,442.1,897.4,239.9
FLAKKEBJERG,2006-06-20,20,06,2006,171,12.7,20.7,17.2,0.5,454.4,914.6,240.4
FLAKKEBJERG,2006-06-21,21,06,2006,172,13.8,19.1,16.1,0,465.5,930.8,240.4
FLAKKEBJERG,2006-06-22,22,06,2006,173,13.1,16.8,14.5,0.9,474.9,945.2,241.3
FLAKKEBJERG,2006-06-23,23,06,2006,174,12.3,18.5,15.1,0,485,960.3,241.3
FLAKKEBJERG,2006-06-24,24,06,2006,175,7.7,19.7,15.1,0,495.1,975.4,241.3
FLAKKEBJERG,2006-06-25,25,06,2006,176,12.1,23.1,18.5,0,508.6,993.9,241.3
FLAKKEBJERG,2006-06-26,26,06,2006,177,16.1,20.8,18,4.4,521.6,1011.9,245.7
FLAKKEBJERG,2006-06-27,27,06,2006,178,15.6,17.7,15.8,10.3,532.4,1027.7,256
FLAKKEBJERG,2006-06-28,28,06,2006,179,11.2,15.1,13.1,0,540.5,1040.8,256
FLAKKEBJERG,2006-06-29,29,06,2006,180,11.2,17.2,13.8,0,549.2,1054.5,256
FLAKKEBJERG,2006-06-30,30,06,2006,181,8.3,20.8,15.5,0,559.7,1070,256
FLAKKEBJERG,2006-07-01,01,07,2006,182,8.2,22.6,16.5,0,571.2,1086.5,256
FLAKKEBJERG,2006-07-02,02,07,2006,183,11,24.5,18.3,0,584.5,1104.8,256
FLAKKEBJERG,2006-07-03,03,07,2006,184,11.8,25.1,19,0,598.5,1123.8,256
FLAKKEBJERG,2006-07-04,04,07,2006,185,12.7,26.4,19.7,0,613.2,1143.5,256
FLAKKEBJERG,2006-07-05,05,07,2006,186,12.5,27.8,20.9,0,629.1,1164.4,256
FLAKKEBJERG,2006-07-06,06,07,2006,187,14.5,29.3,22.7,0,646.8,1187.1,256
FLAKKEBJERG,2006-07-07,07,07,2006,188,16.1,25.2,20.7,1.7,662.5,1207.8,257.7
FLAKKEBJERG,2006-07-08,08,07,2006,189,17.3,22.6,18.7,0,676.2,1226.5,257.7
FLAKKEBJERG,2006-07-09,09,07,2006,190,13.3,23.8,19.2,0,690.4,1245.7,257.7
FLAKKEBJERG,2006-07-10,10,07,2006,191,17.5,22.7,19.2,1.9,704.6,1264.9,259.6
FLAKKEBJERG,2006-07-11,11,07,2006,192,13.6,23.9,18.2,0,717.8,1283.1,259.6
FLAKKEBJERG,2006-07-12,12,07,2006,193,8.9,21.2,15.8,1.3,728.6,1298.9,260.9
FLAKKEBJERG,2006-07-13,13,07,2006,194,8,23.7,17.1,0,740.8,1316.1,260.9
FLAKKEBJERG,2006-07-14,14,07,2006,195,11.6,20.3,15.8,0,751.6,1331.9,260.9
FLAKKEBJERG,2006-07-15,15,07,2006,196,10.8,23.1,17.6,0,764.2,1349.5,260.9
FLAKKEBJERG,2006-07-16,16,07,2006,197,8.4,24.7,18.5,0,777.7,1368,260.9
FLAKKEBJERG,2006-07-17,17,07,2006,198,9.8,25.2,19.3,0,792,1387.3,260.9
FLAKKEBJERG,2006-07-18,18,07,2006,199,13.3,26.1,20.2,0,807.3,1407.6,260.9
FLAKKEBJERG,2006-07-19,19,07,2006,200,12.3,26.3,20.3,0,822.6,1427.9,260.9
FLAKKEBJERG,2006-07-20,20,07,2006,201,12.9,29.5,22.5,0,840.1,1450.4,260.9
FLAKKEBJERG,2006-07-21,21,07,2006,202,20,26.2,22.1,0.3,857.2,1472.5,261.2
FLAKKEBJERG,2006-07-22,22,07,2006,203,15.9,24.7,19.8,0,872,1492.3,261.2
FLAKKEBJERG,2006-07-23,23,07,2006,204,15.2,27.6,21.1,0,888.1,1513.4,261.2
FLAKKEBJERG,2006-07-24,24,07,2006,205,16.7,25.4,20.5,0,903.6,1533.9,261.2
FLAKKEBJERG,2006-07-25,25,07,2006,206,12.9,25.5,20.1,0,918.7,1554,261.2
FLAKKEBJERG,2006-07-26,26,07,2006,207,14.2,27.1,21.2,0,934.8,1575.1,261.2
FLAKKEBJERG,2006-07-27,27,07,2006,208,12.8,28.6,22.1,0,952,1597.2,261.2
FLAKKEBJERG,2006-07-28,28,07,2006,209,18.5,24.3,20.1,7.3,967,1617.3,268.5
FLAKKEBJERG,2006-07-29,29,07,2006,210,16.4,25.4,20.5,2.3,982.5,1637.8,270.8
FLAKKEBJERG,2006-07-30,30,07,2006,211,14.6,26.2,21,0,998.5,1658.8,270.8
FLAKKEBJERG,2006-07-31,31,07,2006,212,17.8,23.6,20.1,23,1013.6,1678.9,293.8
FLAKKEBJERG,2006-08-01,01,08,2006,213,13.1,24.5,19.7,0,1028.3,1698.6,293.8
FLAKKEBJERG,2006-08-02,02,08,2006,214,15.7,19,16.6,10,1039.9,1715.2,303.8
FLAKKEBJERG,2006-08-03,03,08,2006,215,12.4,21.7,17.1,1,1052,1732.3,304.8
FLAKKEBJERG,2006-08-04,04,08,2006,216,11.1,23.7,17.4,0,1064.3,1749.6,304.8
FLAKKEBJERG,2006-08-05,05,08,2006,217,14.4,25.1,19.5,11.7,1078.8,1769.1,316.5
FLAKKEBJERG,2006-08-06,06,08,2006,218,13.9,26.4,20.2,0,1094,1789.3,316.5
FLAKKEBJERG,2006-08-07,07,08,2006,219,14.7,24.6,19.7,0,1108.7,1809,316.5
FLAKKEBJERG,2006-08-08,08,08,2006,220,15,24.3,18.5,0,1122.2,1827.5,316.5
FLAKKEBJERG,2006-08-09,09,08,2006,221,13.6,20.7,17.4,0,1134.5,1844.8,316.5
FLAKKEBJERG,2006-08-10,10,08,2006,222,13.9,20.2,16.1,8.5,1145.7,1861,325
FLAKKEBJERG,2006-08-11,11,08,2006,223,10,20,14.9,1.2,1155.6,1875.9,326.2
FLAKKEBJERG,2006-08-12,12,08,2006,224,13.5,19.4,15.3,20.1,1165.9,1891.2,346.3
FLAKKEBJERG,2006-08-13,13,08,2006,225,12.4,18.3,15.5,4.9,1176.3,1906.6,351.2
FLAKKEBJERG,2006-08-14,14,08,2006,226,14.5,17.5,15.3,12.2,1186.6,1921.9,363.4
FLAKKEBJERG,2006-08-15,15,08,2006,227,14,19.2,15.9,15.1,1197.5,1937.8,378.5
FLAKKEBJERG,2006-08-16,16,08,2006,228,14.3,19.8,16.7,5,1209.2,1954.5,383.5
FLAKKEBJERG,2006-08-17,17,08,2006,229,12.8,21.8,17.1,0,1221.4,1971.7,383.5
FLAKKEBJERG,2006-08-18,18,08,2006,230,12.8,23.5,18.5,0,1234.8,1990.1,383.5
FLAKKEBJERG,2006-08-19,19,08,2006,231,16.3,22.8,18.9,3.2,1248.8,2009.1,386.7
FLAKKEBJERG,2006-08-20,20,08,2006,232,14.6,21.6,17.7,0.1,1261.5,2026.8,386.8
FLAKKEBJERG,2006-08-21,21,08,2006,233,14,19.6,16.6,0.3,1273.1,2043.4,387.1
FLAKKEBJERG,2006-08-22,22,08,2006,234,14.6,21,17.3,2,1285.4,2060.7,389.1
FLAKKEBJERG,2006-08-23,23,08,2006,235,15.6,19,17,0,1297.4,2077.7,389.1
FLAKKEBJERG,2006-08-24,24,08,2006,236,11.1,21.1,16,0,1308.4,2093.7,389.1
FLAKKEBJERG,2006-08-25,25,08,2006,237,10.6,20.8,15.4,0,1318.8,2109.1,389.1
FLAKKEBJERG,2006-08-26,26,08,2006,238,13.5,20,16.1,10.6,1329.9,2125.2,399.7
FLAKKEBJERG,2006-08-27,27,08,2006,239,12.6,19.2,15.5,2.6,1340.5,2140.7,402.3
FLAKKEBJERG,2006-08-28,28,08,2006,240,13.8,18.3,15.3,0.3,1350.8,2156.1,402.6
FLAKKEBJERG,2006-08-29,29,08,2006,241,12,16.5,13.8,1.3,1359.6,2169.9,403.9
FLAKKEBJERG,2006-08-30,30,08,2006,242,11.7,19.1,14.7,7.4,1369.2,2184.5,411.3
FLAKKEBJERG,2006-08-31,31,08,2006,243,12.5,19.4,16.1,1.7,1380.3,2200.6,413
FLAKKEBJERG,2006-09-01,01,09,2006,244,13.6,18,16.4,7.9,1391.7,2217,420.9
FLAKKEBJERG,2006-09-02,02,09,2006,245,14.4,21.3,17.4,9.2,1404,2234.3,430.1
FLAKKEBJERG,2006-09-03,03,09,2006,246,15.5,19,16.4,11.4,1415.5,2250.8,441.5
FLAKKEBJERG,2006-09-04,04,09,2006,247,13.9,18.4,15.4,5.4,1425.9,2266.2,446.9
FLAKKEBJERG,2006-09-05,05,09,2006,248,13.3,17.9,15,1,1435.9,2281.2,447.9
FLAKKEBJERG,2006-09-06,06,09,2006,249,12.3,20,16.2,1.1,1447.1,2297.3,449
FLAKKEBJERG,2006-09-07,07,09,2006,250,14.5,18.6,15.9,0.4,1458,2313.2,449.4
FLAKKEBJERG,2006-09-08,08,09,2006,251,12.5,17.1,14.6,0.6,1467.6,2327.8,450
FLAKKEBJERG,2006-09-09,09,09,2006,252,12.9,17.5,14.5,0,1477,2342.3,450
FLAKKEBJERG,2006-09-10,10,09,2006,253,7.1,17.1,12.1,0,1484.1,2354.4,450
FLAKKEBJERG,2006-09-11,11,09,2006,254,8.3,21.1,15,0,1494.2,2369.4,450
FLAKKEBJERG,2006-09-12,12,09,2006,255,12.4,22.3,17.1,0,1506.3,2386.6,450
FLAKKEBJERG,2006-09-13,13,09,2006,256,12.1,22.7,17.1,0,1518.4,2403.7,450
FLAKKEBJERG,2006-09-14,14,09,2006,257,10.7,23.4,16.7,0,1530.1,2420.4,450
FLAKKEBJERG,2006-09-15,15,09,2006,258,13.5,22.2,17.1,0,1542.2,2437.5,450
FLAKKEBJERG,2006-09-16,16,09,2006,259,14.7,20.8,17,0,1554.2,2454.5,450
FLAKKEBJERG,2006-09-17,17,09,2006,260,14.7,21,17,0,1566.2,2471.5,450
FLAKKEBJERG,2006-09-18,18,09,2006,261,14.7,20.5,16.7,0.4,1577.9,2488.2,450.4
FLAKKEBJERG,2006-09-19,19,09,2006,262,14.3,19.3,16.1,0,1589,2504.3,450.4
FLAKKEBJERG,2006-09-20,20,09,2006,263,12.5,18.6,14.8,0,1598.8,2519.1,450.4
FLAKKEBJERG,2006-09-21,21,09,2006,264,11.3,20.6,15.8,0,1609.6,2534.9,450.4
FLAKKEBJERG,2006-09-22,22,09,2006,265,13.5,22.3,17.7,0,1622.3,2552.6,450.4
FLAKKEBJERG,2006-09-23,23,09,2006,266,14,20.9,16.6,0,1633.9,2569.2,450.4
FLAKKEBJERG,2006-09-24,24,09,2006,267,11.9,21.7,16.2,0,1645.2,2585.5,450.4
FLAKKEBJERG,2006-09-25,25,09,2006,268,12.9,23.2,17.5,0,1657.6,2602.9,450.4
FLAKKEBJERG,2006-09-26,26,09,2006,269,13.2,22.2,17.2,0,1669.9,2620.2,450.4
FLAKKEBJERG,2006-09-27,27,09,2006,270,14.6,17.6,15.4,3.1,1680.3,2635.6,453.5
FLAKKEBJERG,2006-09-28,28,09,2006,271,12.9,17.3,15.2,5.6,1690.4,2650.7,459.1
FLAKKEBJERG,2006-09-29,29,09,2006,272,14.2,19.2,16.5,0,1701.9,2667.2,459.1
FLAKKEBJERG,2006-09-30,30,09,2006,273,12.9,18.9,15.9,0.2,1712.8,2683.1,459.3
FLAKKEBJERG,2006-10-01,01,10,2006,274,7.7,18.8,14,0,1721.8,2697.1,459.3
FLAKKEBJERG,2006-10-02,02,10,2006,275,11.4,16.5,14.4,8.2,1731.2,2711.5,467.5
FLAKKEBJERG,2006-10-03,03,10,2006,276,13.3,16.2,13.8,1.4,1740,2725.3,468.9
FLAKKEBJERG,2006-10-04,04,10,2006,277,10,16.5,12.8,1.3,1747.8,2738.1,470.2
FLAKKEBJERG,2006-10-05,05,10,2006,278,8.8,14.9,12.4,1,1755.2,2750.5,471.2
FLAKKEBJERG,2006-10-06,06,10,2006,279,11.7,16.7,14.1,6.9,1764.3,2764.6,478.1
FLAKKEBJERG,2006-10-07,07,10,2006,280,14,15.7,13.8,2,1773.1,2778.4,480.1
FLAKKEBJERG,2006-10-08,08,10,2006,281,11.3,14.8,13.6,5.7,1781.7,2792,485.8
FLAKKEBJERG,2006-10-09,09,10,2006,282,12.9,15.5,13.7,3,1790.4,2805.7,488.8
FLAKKEBJERG,2006-10-10,10,10,2006,283,8.9,15.3,12.4,0,1797.8,2818.1,488.8
FLAKKEBJERG,2006-10-11,11,10,2006,284,10,15,12.9,0,1805.7,2831,488.8
FLAKKEBJERG,2006-10-12,12,10,2006,285,11.4,15.6,13.8,0,1814.5,2844.7,488.8
FLAKKEBJERG,2006-10-13,13,10,2006,286,10.8,13.8,11.7,0,1821.2,2856.5,488.8
FLAKKEBJERG,2006-10-14,14,10,2006,287,8.1,13.5,10.4,0,1826.6,2866.9,488.8
FLAKKEBJERG,2006-10-15,15,10,2006,288,4,13.9,9.2,0,1830.8,2876.1,488.8
FLAKKEBJERG,2006-10-16,16,10,2006,289,7.9,12.6,10.7,0,1836.5,2886.8,488.8
FLAKKEBJERG,2006-10-17,17,10,2006,290,8.2,13.8,10.6,0,1842.1,2897.4,488.8
FLAKKEBJERG,2006-10-18,18,10,2006,291,4.5,12.9,10,0,1847.1,2907.4,488.8
FLAKKEBJERG,2006-10-19,19,10,2006,292,8.6,15.1,12.5,0,1854.6,2919.9,488.8
FLAKKEBJERG,2006-10-20,20,10,2006,293,10.4,14.3,12.2,2.2,1861.8,2932.1,491
FLAKKEBJERG,2006-10-21,21,10,2006,294,11,15.2,13.4,3.4,1870.2,2945.5,494.4
FLAKKEBJERG,2006-10-22,22,10,2006,295,12.1,14.8,13.2,0.3,1878.4,2958.7,494.7
FLAKKEBJERG,2006-10-23,23,10,2006,296,12.4,15.8,13.8,6.9,1887.2,2972.5,501.6
FLAKKEBJERG,2006-10-24,24,10,2006,297,10.6,14.6,12.2,11.7,1894.4,2984.7,513.3
FLAKKEBJERG,2006-10-25,25,10,2006,298,9,14,10.8,2.4,1900.3,2995.6,515.7
FLAKKEBJERG,2006-10-26,26,10,2006,299,8.5,16.7,13.3,0.4,1908.6,3008.9,516.1
FLAKKEBJERG,2006-10-27,27,10,2006,300,11.8,14.1,11.8,6.2,1915.4,3020.7,522.3
FLAKKEBJERG,2006-10-28,28,10,2006,301,6.8,12.2,10.3,0,1920.7,3031,522.3
FLAKKEBJERG,2006-10-29,29,10,2006,302,7.6,12.9,8.2,5.9,1923.8,3039.1,528.2
FLAKKEBJERG,2006-10-30,30,10,2006,303,2.5,11.4,8.4,0.3,1927.2,3047.5,528.5
FLAKKEBJERG,2006-10-31,31,10,2006,304,9.1,12.8,11.4,3.9,1933.6,3058.9,532.4
FLAKKEBJERG,2006-11-01,01,11,2006,305,1.8,7.5,3,6,1933.6,3061.8,538.4
FLAKKEBJERG,2006-11-02,02,11,2006,306,0.4,5.7,2.2,1.5,1933.6,3064,539.9
FLAKKEBJERG,2006-11-03,03,11,2006,307,-2.9,5.8,1.8,0,1933.6,3065.8,539.9
FLAKKEBJERG,2006-11-04,04,11,2006,308,1,10.2,8.3,0.5,1936.9,3074.1,540.4
FLAKKEBJERG,2006-11-05,05,11,2006,309,8.2,11.1,10.3,0.4,1942.1,3084.4,540.8
FLAKKEBJERG,2006-11-06,06,11,2006,310,9.9,12.5,11.3,1.2,1948.4,3095.7,542
FLAKKEBJERG,2006-11-07,07,11,2006,311,9.2,12,10.4,0,1953.8,3106.1,542
FLAKKEBJERG,2006-11-08,08,11,2006,312,8.8,11,9.3,3.1,1958.1,3115.4,545.1
FLAKKEBJERG,2006-11-09,09,11,2006,313,7.4,10.9,7.9,6.4,1961,3123.2,551.5
FLAKKEBJERG,2006-11-10,10,11,2006,314,2.2,9.7,6.1,0,1962.1,3129.3,551.5
FLAKKEBJERG,2006-11-11,11,11,2006,315,4.8,9.8,7,4.7,1964.1,3136.3,556.2
FLAKKEBJERG,2006-11-12,12,11,2006,316,4.4,8.2,6.4,10.1,1965.5,3142.7,566.3
FLAKKEBJERG,2006-11-13,13,11,2006,317,4,10,7.3,2.2,1967.8,3150.1,568.5
FLAKKEBJERG,2006-11-14,14,11,2006,318,6.4,10.8,9,8.4,1971.8,3159.1,576.9
FLAKKEBJERG,2006-11-15,15,11,2006,319,8.1,10.9,10.1,1.5,1976.9,3169.1,578.4
FLAKKEBJERG,2006-11-16,16,11,2006,320,8.7,12.6,10.7,0.9,1982.6,3179.8,579.3
FLAKKEBJERG,2006-11-17,17,11,2006,321,9.3,12.3,10.6,0,1988.1,3190.3,579.3
FLAKKEBJERG,2006-11-18,18,11,2006,322,8,11,8.5,2.9,1991.6,3198.9,582.2
FLAKKEBJERG,2006-11-19,19,11,2006,323,4.2,8,5.6,0,1992.2,3204.4,582.2
FLAKKEBJERG,2006-11-20,20,11,2006,324,2.3,7,5.6,5.3,1992.8,3210.1,587.5
FLAKKEBJERG,2006-11-21,21,11,2006,325,5.1,7.4,6.5,3.7,1994.3,3216.6,591.2
FLAKKEBJERG,2006-11-22,22,11,2006,326,3.6,6.6,5.3,4.3,1994.7,3221.9,595.5
FLAKKEBJERG,2006-11-23,23,11,2006,327,4.3,9.3,6.7,0,1996.4,3228.6,595.5
FLAKKEBJERG,2006-11-24,24,11,2006,328,5.1,9.3,8.5,5.4,1999.8,3237.1,600.9
FLAKKEBJERG,2006-11-25,25,11,2006,329,6.7,12.6,10.2,0.1,2005,3247.3,601
FLAKKEBJERG,2006-11-26,26,11,2006,330,8.2,12.6,9.2,1.6,2009.3,3256.5,602.6
FLAKKEBJERG,2006-11-27,27,11,2006,331,4.8,8.8,7.6,0,2011.9,3264.1,602.6
FLAKKEBJERG,2006-11-28,28,11,2006,332,5.9,10.4,8.3,0,2015.2,3272.4,602.6
FLAKKEBJERG,2006-11-29,29,11,2006,333,7,10.3,8.6,0.3,2018.8,3281,602.9
FLAKKEBJERG,2006-11-30,30,11,2006,334,7.2,8.3,7.6,0,2021.4,3288.6,602.9
FLAKKEBJERG,2006-12-01,01,12,2006,335,5,8,6.6,0,2023,3295.2,602.9
FLAKKEBJERG,2006-12-02,02,12,2006,336,6,8.6,7.8,0.1,2025.8,3303,603
FLAKKEBJERG,2006-12-03,03,12,2006,337,6.7,9.4,8,3.6,2028.9,3311.1,606.6
FLAKKEBJERG,2006-12-04,04,12,2006,338,6.9,8.7,7.8,1.5,2031.7,3318.9,608.1
FLAKKEBJERG,2006-12-05,05,12,2006,339,7.2,12.1,10.2,2.4,2036.9,3329.1,610.5
FLAKKEBJERG,2006-12-06,06,12,2006,340,9.2,10,9,0.7,2040.8,3338.1,611.2
FLAKKEBJERG,2006-12-07,07,12,2006,341,6.9,8.4,7.3,1.1,2043.1,3345.3,612.3
FLAKKEBJERG,2006-12-08,08,12,2006,342,6.6,10.2,8.5,4,2046.6,3353.8,616.3
FLAKKEBJERG,2006-12-09,09,12,2006,343,7.4,10.3,7.6,1.3,2049.2,3361.4,617.6
FLAKKEBJERG,2006-12-10,10,12,2006,344,3.4,7.3,5.2,0,2049.3,3366.6,617.6
FLAKKEBJERG,2006-12-11,11,12,2006,345,3.5,7.8,6,0,2050.3,3372.5,617.6
FLAKKEBJERG,2006-12-12,12,12,2006,346,4.8,7.4,6.5,4,2051.8,3379,621.6
FLAKKEBJERG,2006-12-13,13,12,2006,347,5.4,9.4,7.7,0.3,2054.5,3386.8,621.9
FLAKKEBJERG,2006-12-14,14,12,2006,348,6.6,10.3,9.6,2.3,2059.1,3396.4,624.2
FLAKKEBJERG,2006-12-15,15,12,2006,349,9.3,10.7,9,0.4,2063.2,3405.4,624.6
FLAKKEBJERG,2006-12-16,16,12,2006,350,6.7,7.6,6,1.3,2064.2,3411.5,625.9
FLAKKEBJERG,2006-12-17,17,12,2006,351,3.6,5.8,4.9,3,2064.2,3416.3,628.9
FLAKKEBJERG,2006-12-18,18,12,2006,352,0.4,4.8,2.7,1.2,2064.2,3419.1,630.1
FLAKKEBJERG,2006-12-19,19,12,2006,353,0.8,6.5,4.9,0,2064.2,3424,630.1
FLAKKEBJERG,2006-12-20,20,12,2006,354,3.4,8.3,6.6,0,2065.8,3430.6,630.1
FLAKKEBJERG,2006-12-21,21,12,2006,355,3.6,6.9,6.5,0,2067.2,3437,630.1
FLAKKEBJERG,2006-12-22,22,12,2006,356,5.4,7.3,6.3,0,2068.6,3443.4,630.1
FLAKKEBJERG,2006-12-23,23,12,2006,357,5.9,7,6.6,0,2070.2,3450,630.1
FLAKKEBJERG,2006-12-24,24,12,2006,358,5.8,7.7,6.8,0,2071.9,3456.7,630.1
FLAKKEBJERG,2006-12-25,25,12,2006,359,3.7,6.2,5.4,0.1,2072.3,3462.1,630.2
FLAKKEBJERG,2006-12-26,26,12,2006,360,4.8,6,5.3,0,2072.6,3467.4,630.2
FLAKKEBJERG,2006-12-27,27,12,2006,361,4.9,5.7,5.3,0,2073,3472.7,630.2
FLAKKEBJERG,2006-12-28,28,12,2006,362,3.4,4.8,3.9,0.7,2073,3476.6,630.9
FLAKKEBJERG,2006-12-29,29,12,2006,363,3.1,6,5.2,1.1,2073.1,3481.8,632
FLAKKEBJERG,2006-12-30,30,12,2006,364,3.7,8.2,6.1,0,2074.2,3487.9,632
FLAKKEBJERG,2006-12-31,31,12,2006,365,5.2,8,6.9,12.7,2076.2,3494.8,644.7
FLAKKEBJERG,2007-01-01,01,01,2007,1,NA,8.4,7.1,10,2.1,7.1,10
FLAKKEBJERG,2007-01-02,02,01,2007,2,4.2,6,5.2,9,2.3,12.3,19
FLAKKEBJERG,2007-01-03,03,01,2007,3,4.4,7.1,5.6,0,2.9,17.9,19
FLAKKEBJERG,2007-01-04,04,01,2007,4,5.3,8.1,7.4,4.2,5.3,25.3,23.2
FLAKKEBJERG,2007-01-05,05,01,2007,5,5.9,8.1,6.8,2.3,7.1,32.1,25.5
FLAKKEBJERG,2007-01-06,06,01,2007,6,5,7.9,6.3,0.4,8.4,38.4,25.9
FLAKKEBJERG,2007-01-07,07,01,2007,7,4.1,7.6,6.1,0,9.5,44.5,25.9
FLAKKEBJERG,2007-01-08,08,01,2007,8,5.6,7.6,6.5,0.2,11,51,26.1
FLAKKEBJERG,2007-01-09,09,01,2007,9,5.6,10.4,8.8,3.2,14.8,59.8,29.3
FLAKKEBJERG,2007-01-10,10,01,2007,10,7.9,9.7,8.5,3,18.4,68.4,32.3
FLAKKEBJERG,2007-01-11,11,01,2007,11,4.5,7.5,5.8,4,19.1,74.1,36.3
FLAKKEBJERG,2007-01-12,12,01,2007,12,4.3,10.9,7.8,7.2,22,82,43.5
FLAKKEBJERG,2007-01-13,13,01,2007,13,6.6,10.6,8.7,1.2,25.7,90.7,44.7
FLAKKEBJERG,2007-01-14,14,01,2007,14,5.6,8.8,7.2,1.2,27.9,97.9,45.9
FLAKKEBJERG,2007-01-15,15,01,2007,15,5.1,7.5,7,0.7,29.8,104.8,46.6
FLAKKEBJERG,2007-01-16,16,01,2007,16,4.6,7.3,5.9,0,30.7,110.7,46.6
FLAKKEBJERG,2007-01-17,17,01,2007,17,4.4,8.8,6.9,5.4,32.6,117.6,52
FLAKKEBJERG,2007-01-18,18,01,2007,18,4.8,8.4,5.6,4.3,33.2,123.2,56.3
FLAKKEBJERG,2007-01-19,19,01,2007,19,3.2,7.5,5.5,7.3,33.7,128.7,63.6
FLAKKEBJERG,2007-01-20,20,01,2007,20,3.2,9.4,6.4,10.7,35.1,135.1,74.3
FLAKKEBJERG,2007-01-21,21,01,2007,21,4.2,6,4.4,10.1,35.1,139.5,84.4
FLAKKEBJERG,2007-01-22,22,01,2007,22,-0.6,3.4,-0.6,3.9,35.1,139.5,88.3
FLAKKEBJERG,2007-01-23,23,01,2007,23,-6.1,1.1,-1.7,0.7,35.1,139.5,89
FLAKKEBJERG,2007-01-24,24,01,2007,24,-6.1,-0.7,-3.5,0,35.1,139.5,89
FLAKKEBJERG,2007-01-25,25,01,2007,25,-5.7,-2.1,-4.1,0,35.1,139.5,89
FLAKKEBJERG,2007-01-26,26,01,2007,26,-5.9,4.8,1.7,0,35.1,141.3,89
FLAKKEBJERG,2007-01-27,27,01,2007,27,0.2,2.4,0.8,0.5,35.1,142,89.5
FLAKKEBJERG,2007-01-28,28,01,2007,28,-1.4,6.6,4.6,0.9,35.1,146.6,90.4
FLAKKEBJERG,2007-01-29,29,01,2007,29,0.9,4.5,2.5,2.1,35.1,149.1,92.5
FLAKKEBJERG,2007-01-30,30,01,2007,30,0.4,7.8,6.3,0.8,36.4,155.4,93.3
FLAKKEBJERG,2007-01-31,31,01,2007,31,4.9,8.2,6,0,37.3,161.4,93.3
FLAKKEBJERG,2007-02-01,01,02,2007,32,1.7,5.7,4.4,1.9,37.3,165.7,95.2
FLAKKEBJERG,2007-02-02,02,02,2007,33,3.1,7.2,6.2,0,38.6,172,95.2
FLAKKEBJERG,2007-02-03,03,02,2007,34,4.4,8.3,5.4,3,39,177.4,98.2
FLAKKEBJERG,2007-02-04,04,02,2007,35,3.5,6.4,5.3,0,39.3,182.7,98.2
FLAKKEBJERG,2007-02-05,05,02,2007,36,3,5.1,3.8,0,39.3,186.4,98.2
FLAKKEBJERG,2007-02-06,06,02,2007,37,0,3.3,1.5,0,39.3,187.9,98.2
FLAKKEBJERG,2007-02-07,07,02,2007,38,-0.3,3,1,0.8,39.3,188.9,99
FLAKKEBJERG,2007-02-08,08,02,2007,39,-1.8,2.8,0.5,0,39.3,189.4,99
FLAKKEBJERG,2007-02-09,09,02,2007,40,-2,0.8,-1.5,1.1,39.3,189.4,100.1
FLAKKEBJERG,2007-02-10,10,02,2007,41,-5.3,-0.6,-2.4,0.1,39.3,189.4,100.2
FLAKKEBJERG,2007-02-11,11,02,2007,42,-3,0.4,-1,0,39.3,189.4,100.2
FLAKKEBJERG,2007-02-12,12,02,2007,43,-1.9,2.8,0.8,0.5,39.3,190.2,100.7
FLAKKEBJERG,2007-02-13,13,02,2007,44,0,3.1,2.5,2,39.3,192.7,102.7
FLAKKEBJERG,2007-02-14,14,02,2007,45,1.3,4.2,3,0,39.3,195.6,102.7
FLAKKEBJERG,2007-02-15,15,02,2007,46,1.3,4.3,2.9,2.3,39.3,198.5,105
FLAKKEBJERG,2007-02-16,16,02,2007,47,1.4,4.1,3.1,0,39.3,201.7,105
FLAKKEBJERG,2007-02-17,17,02,2007,48,2.5,5.3,3.4,0,39.3,205,105
FLAKKEBJERG,2007-02-18,18,02,2007,49,-0.9,4.8,2.4,0,39.3,207.5,105
FLAKKEBJERG,2007-02-19,19,02,2007,50,0.2,3.2,2,0,39.3,209.5,105
FLAKKEBJERG,2007-02-20,20,02,2007,51,1.4,6.1,3.5,0,39.3,212.9,105
FLAKKEBJERG,2007-02-21,21,02,2007,52,0.9,3,1.1,3.9,39.3,214.1,108.9
FLAKKEBJERG,2007-02-22,22,02,2007,53,-0.7,-0.3,-1.1,8.7,39.3,214.1,117.6
FLAKKEBJERG,2007-02-23,23,02,2007,54,-2.1,-1.1,-1.5,0.2,39.3,214.1,117.8
FLAKKEBJERG,2007-02-24,24,02,2007,55,-2,0.7,-1,0.6,39.3,214.1,118.39999999999999
FLAKKEBJERG,2007-02-25,25,02,2007,56,-1.6,3.3,2.2,3.2,39.3,216.2,121.6
FLAKKEBJERG,2007-02-26,26,02,2007,57,2,3.8,3.1,6.2,39.3,219.4,127.8
FLAKKEBJERG,2007-02-27,27,02,2007,58,0.3,4.8,2.4,1.9,39.3,221.8,129.7
FLAKKEBJERG,2007-02-28,28,02,2007,59,0.2,7.9,4.6,4.4,39.3,226.4,134.1
FLAKKEBJERG,2007-03-01,01,03,2007,60,3.7,7.9,5.5,2.9,39.8,231.9,137
FLAKKEBJERG,2007-03-02,02,03,2007,61,3.5,4.4,3.8,0.4,39.8,235.7,137.4
FLAKKEBJERG,2007-03-03,03,03,2007,62,2.8,5.6,4.2,0.1,39.8,239.9,137.5
FLAKKEBJERG,2007-03-04,04,03,2007,63,0.6,5.5,3.1,0.1,39.8,243,137.6
FLAKKEBJERG,2007-03-05,05,03,2007,64,1.6,7.1,4.4,0,39.8,247.3,137.6
FLAKKEBJERG,2007-03-06,06,03,2007,65,3.1,7.8,5.7,3.6,40.5,253,141.2
FLAKKEBJERG,2007-03-07,07,03,2007,66,5.1,8.6,6.9,4,42.4,260,145.2
FLAKKEBJERG,2007-03-08,08,03,2007,67,5.6,8.1,6.2,5.4,43.6,266.1,150.6
FLAKKEBJERG,2007-03-09,09,03,2007,68,3.7,7.2,5.3,0,43.9,271.4,150.6
FLAKKEBJERG,2007-03-10,10,03,2007,69,2.5,8.3,5.6,1.2,44.5,277,151.8
FLAKKEBJERG,2007-03-11,11,03,2007,70,4.8,11.8,8.3,0,47.8,285.3,151.8
FLAKKEBJERG,2007-03-12,12,03,2007,71,2.6,13.3,7.4,0,50.2,292.7,151.8
FLAKKEBJERG,2007-03-13,13,03,2007,72,1.7,7.8,4.7,0,50.2,297.4,151.8
FLAKKEBJERG,2007-03-14,14,03,2007,73,3.2,11,6.7,0,52,304.2,151.8
FLAKKEBJERG,2007-03-15,15,03,2007,74,3.6,9.8,6.8,0,53.8,311,151.8
FLAKKEBJERG,2007-03-16,16,03,2007,75,5.9,9.5,6.9,0.1,55.7,317.9,151.9
FLAKKEBJERG,2007-03-17,17,03,2007,76,3.8,8.3,6.2,2.3,56.9,324.1,154.2
FLAKKEBJERG,2007-03-18,18,03,2007,77,6.1,8.2,6.4,3.2,58.3,330.5,157.4
FLAKKEBJERG,2007-03-19,19,03,2007,78,3.1,5.9,3.8,1.1,58.3,334.3,158.5
FLAKKEBJERG,2007-03-20,20,03,2007,79,0.2,7.4,3.5,2.3,58.3,337.8,160.8
FLAKKEBJERG,2007-03-21,21,03,2007,80,0.6,5.1,3.5,0,58.3,341.3,160.8
FLAKKEBJERG,2007-03-22,22,03,2007,81,2.6,7.3,5,2.2,58.3,346.3,163
FLAKKEBJERG,2007-03-23,23,03,2007,82,2.6,9.6,6.1,0.2,59.4,352.4,163.2
FLAKKEBJERG,2007-03-24,24,03,2007,83,5.1,11.9,8.3,1.2,62.7,360.7,164.4
FLAKKEBJERG,2007-03-25,25,03,2007,84,3.6,13.1,7.8,0,65.5,368.5,164.4
FLAKKEBJERG,2007-03-26,26,03,2007,85,3.4,13.2,7.7,0,68.2,376.2,164.4
FLAKKEBJERG,2007-03-27,27,03,2007,86,2.3,13.5,7.2,0,70.4,383.4,164.4
FLAKKEBJERG,2007-03-28,28,03,2007,87,2.3,14.6,7.9,0,73.3,391.3,164.4
FLAKKEBJERG,2007-03-29,29,03,2007,88,3.6,14.6,8.4,0,76.8,399.7,164.4
FLAKKEBJERG,2007-03-30,30,03,2007,89,3.3,14.3,8.3,0,80,408,164.4
FLAKKEBJERG,2007-03-31,31,03,2007,90,2.3,14.8,8,0,83.1,416,164.4
FLAKKEBJERG,2007-04-01,01,04,2007,91,2.7,14.8,7.9,0,85.9,423.9,164.4
FLAKKEBJERG,2007-04-02,02,04,2007,92,-0.6,14.3,7.2,0,88.1,431.1,164.4
FLAKKEBJERG,2007-04-03,03,04,2007,93,3.8,9.2,6.2,0,89.3,437.3,164.4
FLAKKEBJERG,2007-04-04,04,04,2007,94,-2.3,10.4,5.3,0,89.6,442.6,164.4
FLAKKEBJERG,2007-04-05,05,04,2007,95,6,13.8,8.8,0,93.4,451.4,164.4
FLAKKEBJERG,2007-04-06,06,04,2007,96,4.6,9.1,6.4,0,94.8,457.8,164.4
FLAKKEBJERG,2007-04-07,07,04,2007,97,2.8,9.5,6,0,95.9,463.8,164.4
FLAKKEBJERG,2007-04-08,08,04,2007,98,3.9,8.7,5.7,0,96.5,469.5,164.4
FLAKKEBJERG,2007-04-09,09,04,2007,99,4.1,12.2,8.8,2.6,100.3,478.3,167
FLAKKEBJERG,2007-04-10,10,04,2007,100,7.3,12.4,9.4,1.7,104.8,487.8,168.7
FLAKKEBJERG,2007-04-11,11,04,2007,101,7.8,16.2,11,0,110.8,498.8,168.7
FLAKKEBJERG,2007-04-12,12,04,2007,102,4.7,16.2,9.2,0,115,508,168.7
FLAKKEBJERG,2007-04-13,13,04,2007,103,2.6,17.6,10.2,0,120.2,518.2,168.7
FLAKKEBJERG,2007-04-14,14,04,2007,104,2.8,19.6,11.4,0,126.6,529.6,168.7
FLAKKEBJERG,2007-04-15,15,04,2007,105,4,18.5,10.9,0,132.5,540.5,168.7
FLAKKEBJERG,2007-04-16,16,04,2007,106,5.4,21,13.7,0,141.2,554.2,168.7
FLAKKEBJERG,2007-04-17,17,04,2007,107,7.2,13.7,9.8,0,146.1,564,168.7
FLAKKEBJERG,2007-04-18,18,04,2007,108,5.9,11.2,7.9,0,148.9,571.9,168.7
FLAKKEBJERG,2007-04-19,19,04,2007,109,5.3,10.2,7.4,0,151.3,579.3,168.7
FLAKKEBJERG,2007-04-20,20,04,2007,110,3.5,8.5,5.3,1.6,151.6,584.6,170.3
FLAKKEBJERG,2007-04-21,21,04,2007,111,0.1,10.4,5.7,0,152.3,590.3,170.3
FLAKKEBJERG,2007-04-22,22,04,2007,112,4.2,12.6,9,0,156.3,599.3,170.3
FLAKKEBJERG,2007-04-23,23,04,2007,113,6.4,18.1,12.2,0,163.5,611.5,170.3
FLAKKEBJERG,2007-04-24,24,04,2007,114,5.3,19.2,13.2,0,171.7,624.7,170.3
FLAKKEBJERG,2007-04-25,25,04,2007,115,8.6,17.9,12.1,0,178.8,636.8,170.3
FLAKKEBJERG,2007-04-26,26,04,2007,116,7.5,22.5,14.9,0,188.8,651.8,170.3
FLAKKEBJERG,2007-04-27,27,04,2007,117,7.5,22.9,15.3,0,199.1,667.1,170.3
FLAKKEBJERG,2007-04-28,28,04,2007,118,7.9,19.4,12.2,0,206.3,679.3,170.3
FLAKKEBJERG,2007-04-29,29,04,2007,119,5.1,13.6,9,0,210.3,688.3,170.3
FLAKKEBJERG,2007-04-30,30,04,2007,120,4.8,15.8,9.6,0,214.9,697.8,170.3
FLAKKEBJERG,2007-05-01,01,05,2007,121,1.3,15.8,9.8,0,219.7,707.7,170.3
FLAKKEBJERG,2007-05-02,02,05,2007,122,5.1,17.3,12.1,0,226.8,719.8,170.3
FLAKKEBJERG,2007-05-03,03,05,2007,123,5.2,14.9,9.8,0,231.6,729.6,170.3
FLAKKEBJERG,2007-05-04,04,05,2007,124,0.1,17.5,10.3,0,236.9,739.9,170.3
FLAKKEBJERG,2007-05-05,05,05,2007,125,2.2,18.5,11.5,0,243.4,751.4,170.3
FLAKKEBJERG,2007-05-06,06,05,2007,126,4.1,18.3,12.1,0,250.5,763.5,170.3
FLAKKEBJERG,2007-05-07,07,05,2007,127,8.8,15.4,11.3,4.8,256.8,774.8,175.1
FLAKKEBJERG,2007-05-08,08,05,2007,128,7.7,13.1,10.4,6.2,262.2,785.2,181.3
FLAKKEBJERG,2007-05-09,09,05,2007,129,8.4,12,9.5,3.6,266.8,794.7,184.9
FLAKKEBJERG,2007-05-10,10,05,2007,130,3.3,14.3,9.3,0.4,271,804,185.3
FLAKKEBJERG,2007-05-11,11,05,2007,131,8.2,13.2,10.6,0.5,276.7,814.6,185.8
FLAKKEBJERG,2007-05-12,12,05,2007,132,5.8,12.4,9.9,1.3,281.5,824.5,187.1
FLAKKEBJERG,2007-05-13,13,05,2007,133,9.6,16.9,13.5,4.9,290.1,838.1,192
FLAKKEBJERG,2007-05-14,14,05,2007,134,13,18.5,14.7,0,299.8,852.8,192
FLAKKEBJERG,2007-05-15,15,05,2007,135,6.5,14.3,10.2,0,305,863,192
FLAKKEBJERG,2007-05-16,16,05,2007,136,4.5,11.9,8.4,0.1,308.5,871.5,192.1
FLAKKEBJERG,2007-05-17,17,05,2007,137,6.6,10.3,8.7,22,312.2,880.2,214.1
FLAKKEBJERG,2007-05-18,18,05,2007,138,5.4,15.8,11.5,0,318.7,891.7,214.1
FLAKKEBJERG,2007-05-19,19,05,2007,139,10.8,17.1,13.8,1.6,327.5,905.5,215.7
FLAKKEBJERG,2007-05-20,20,05,2007,140,7,19.3,13.6,0.2,336.1,919.1,215.9
FLAKKEBJERG,2007-05-21,21,05,2007,141,11,22.5,15.6,0,346.7,934.7,215.9
FLAKKEBJERG,2007-05-22,22,05,2007,142,10.8,17.3,13.5,0,355.2,948.2,215.9
FLAKKEBJERG,2007-05-23,23,05,2007,143,8.2,16,11.9,0,362.1,960.1,215.9
FLAKKEBJERG,2007-05-24,24,05,2007,144,7.9,18.9,14.2,0,371.3,974.3,215.9
FLAKKEBJERG,2007-05-25,25,05,2007,145,12.1,21.7,17,0,383.3,991.3,215.9
FLAKKEBJERG,2007-05-26,26,05,2007,146,10.9,14.1,11.4,0.3,389.8,1002.8,216.2
FLAKKEBJERG,2007-05-27,27,05,2007,147,7.6,16.9,12.5,12,397.3,1015.2,228.2
FLAKKEBJERG,2007-05-28,28,05,2007,148,10.2,19.1,15.6,0.7,407.9,1030.9,228.9
FLAKKEBJERG,2007-05-29,29,05,2007,149,15.1,21.8,17,1.6,419.9,1047.9,230.5
FLAKKEBJERG,2007-05-30,30,05,2007,150,11.8,16.1,13.1,2.4,428.1,1061,232.9
FLAKKEBJERG,2007-05-31,31,05,2007,151,4.7,18.6,13.1,0,436.2,1074.1,232.9
FLAKKEBJERG,2007-06-01,01,06,2007,152,8.2,20.9,15.4,0,446.6,1089.5,232.9
FLAKKEBJERG,2007-06-02,02,06,2007,153,12.9,14.9,13.8,0,455.3,1103.3,232.9
FLAKKEBJERG,2007-06-03,03,06,2007,154,9.6,19.8,14.8,0,465.1,1118.1,232.9
FLAKKEBJERG,2007-06-04,04,06,2007,155,11.4,17.1,15.2,0,475.3,1133.3,232.9
FLAKKEBJERG,2007-06-05,05,06,2007,156,13.8,21.6,17.3,0,487.6,1150.6,232.9
FLAKKEBJERG,2007-06-06,06,06,2007,157,14.3,22.3,18.5,0,501.1,1169.1,232.9
FLAKKEBJERG,2007-06-07,07,06,2007,158,14.7,24.3,19.6,0,515.7,1188.7,232.9
FLAKKEBJERG,2007-06-08,08,06,2007,159,15.1,23.6,19.5,0,530.2,1208.2,232.9
FLAKKEBJERG,2007-06-09,09,06,2007,160,10.2,25.4,19.1,0,544.3,1227.3,232.9
FLAKKEBJERG,2007-06-10,10,06,2007,161,11,27.1,20.4,0,559.7,1247.7,232.9
FLAKKEBJERG,2007-06-11,11,06,2007,162,12.9,27.9,21.4,0,576.1,1269.1,232.9
FLAKKEBJERG,2007-06-12,12,06,2007,163,12.7,23.6,18.7,0,589.8,1287.8,232.9
FLAKKEBJERG,2007-06-13,13,06,2007,164,14.1,18.6,16.2,0,600.9,1303.9,232.9
FLAKKEBJERG,2007-06-14,14,06,2007,165,12.5,16.4,13.8,0.1,609.8,1317.8,233
FLAKKEBJERG,2007-06-15,15,06,2007,166,8.2,12.8,11.4,0.7,616.1,1329.1,233.7
FLAKKEBJERG,2007-06-16,16,06,2007,167,11.1,16.6,13.9,2.2,625,1343,235.9
FLAKKEBJERG,2007-06-17,17,06,2007,168,11.9,19.2,15.4,24,635.4,1358.4,259.9
FLAKKEBJERG,2007-06-18,18,06,2007,169,9.9,19.9,15.5,9.7,645.9,1373.9,269.6
FLAKKEBJERG,2007-06-19,19,06,2007,170,12,20.5,16.4,0,657.4,1390.3,269.6
FLAKKEBJERG,2007-06-20,20,06,2007,171,10.1,22.5,17.2,0,669.6,1407.6,269.6
FLAKKEBJERG,2007-06-21,21,06,2007,172,15.3,19.7,17.1,0.6,681.7,1424.7,270.2
FLAKKEBJERG,2007-06-22,22,06,2007,173,13.5,20.4,16.5,14.6,693.2,1441.1,284.8
FLAKKEBJERG,2007-06-23,23,06,2007,174,12.5,19.6,15.7,10.8,703.9,1456.9,295.6
FLAKKEBJERG,2007-06-24,24,06,2007,175,11.1,20,16.2,0,715.1,1473,295.6
FLAKKEBJERG,2007-06-25,25,06,2007,176,13.6,21.2,17.2,0.1,727.3,1490.3,295.7
FLAKKEBJERG,2007-06-26,26,06,2007,177,13.5,18.4,14.6,3.8,736.9,1504.9,299.5
FLAKKEBJERG,2007-06-27,27,06,2007,178,12,13.8,12.3,18.9,744.2,1517.2,318.4
FLAKKEBJERG,2007-06-28,28,06,2007,179,10.1,16.8,12.8,18.3,752,1529.9,336.7
FLAKKEBJERG,2007-06-29,29,06,2007,180,9,17.4,14.1,0,761.1,1544.1,336.7
FLAKKEBJERG,2007-06-30,30,06,2007,181,10.6,15.9,13.1,4.9,769.2,1557.2,341.6
FLAKKEBJERG,2007-07-01,01,07,2007,182,10.3,17.5,14.1,7.1,778.3,1571.3,348.7
FLAKKEBJERG,2007-07-02,02,07,2007,183,14.3,20.5,16.8,1.6,790.1,1588.1,350.3
FLAKKEBJERG,2007-07-03,03,07,2007,184,14.8,19.5,16.7,2.9,801.8,1604.8,353.2
FLAKKEBJERG,2007-07-04,04,07,2007,185,13.3,19.2,15.6,8.5,812.4,1620.4,361.7
FLAKKEBJERG,2007-07-05,05,07,2007,186,13.2,15.2,14.4,0,821.8,1634.8,361.7
FLAKKEBJERG,2007-07-06,06,07,2007,187,13.5,18.5,15,15.9,831.8,1649.8,377.6
FLAKKEBJERG,2007-07-07,07,07,2007,188,12.1,18.9,15.3,0.2,842.1,1665.1,377.8
FLAKKEBJERG,2007-07-08,08,07,2007,189,12.8,20,15.8,1.4,852.9,1680.9,379.2
FLAKKEBJERG,2007-07-09,09,07,2007,190,10.7,19.1,14.8,0,862.7,1695.7,379.2
FLAKKEBJERG,2007-07-10,10,07,2007,191,10,19.3,14,0,871.8,1709.7,379.2
FLAKKEBJERG,2007-07-11,11,07,2007,192,9.9,16,13.5,6.7,880.3,1723.2,385.9
FLAKKEBJERG,2007-07-12,12,07,2007,193,12.9,17.6,14.8,6.5,890.1,1738.1,392.4
FLAKKEBJERG,2007-07-13,13,07,2007,194,13.3,18.8,15.8,1,900.9,1753.9,393.4
FLAKKEBJERG,2007-07-14,14,07,2007,195,14.4,26.2,19.8,0.1,915.8,1773.8,393.5
FLAKKEBJERG,2007-07-15,15,07,2007,196,14.1,23,18.6,0.1,929.4,1792.4,393.6
FLAKKEBJERG,2007-07-16,16,07,2007,197,15.5,26.3,20.8,0,945.2,1813.1,393.6
FLAKKEBJERG,2007-07-17,17,07,2007,198,16.7,22.5,19.4,0,959.6,1832.6,393.6
FLAKKEBJERG,2007-07-18,18,07,2007,199,13.8,23,18.5,0,973.1,1851.1,393.6
FLAKKEBJERG,2007-07-19,19,07,2007,200,14.1,20.5,16.7,0,984.8,1867.8,393.6
FLAKKEBJERG,2007-07-20,20,07,2007,201,10.6,21.8,16.4,0,996.2,1884.2,393.6
FLAKKEBJERG,2007-07-21,21,07,2007,202,14.4,22.1,18.2,2.1,1009.5,1902.4,395.7
FLAKKEBJERG,2007-07-22,22,07,2007,203,13.8,16.5,14.9,0.7,1019.3,1917.3,396.4
FLAKKEBJERG,2007-07-23,23,07,2007,204,12.7,20.5,16.3,20.2,1030.7,1933.7,416.6
FLAKKEBJERG,2007-07-24,24,07,2007,205,13.4,16.5,14.7,3.8,1040.3,1948.3,420.4
FLAKKEBJERG,2007-07-25,25,07,2007,206,13.5,20.8,16.6,12.3,1051.9,1964.9,432.7
FLAKKEBJERG,2007-07-26,26,07,2007,207,14.1,20.3,17.5,0,1064.4,1982.4,432.7
FLAKKEBJERG,2007-07-27,27,07,2007,208,14.6,20.1,17,5.6,1076.4,1999.4,438.3
FLAKKEBJERG,2007-07-28,28,07,2007,209,13.5,19.8,16.4,4.3,1087.7,2015.7,442.6
FLAKKEBJERG,2007-07-29,29,07,2007,210,13.5,18,14.3,0.1,1097.1,2030.1,442.7
FLAKKEBJERG,2007-07-30,30,07,2007,211,10.3,17.6,13.6,2.5,1105.7,2043.6,445.2
FLAKKEBJERG,2007-07-31,31,07,2007,212,12.5,16.9,13.9,0.5,1114.6,2057.6,445.7
FLAKKEBJERG,2007-08-01,01,08,2007,213,10.8,21.4,15.9,0,1125.5,2073.5,445.7
FLAKKEBJERG,2007-08-02,02,08,2007,214,12.9,22.2,16.6,0,1137.1,2090,445.7
FLAKKEBJERG,2007-08-03,03,08,2007,215,12.3,19.6,15.8,1.8,1147.9,2105.9,447.5
FLAKKEBJERG,2007-08-04,04,08,2007,216,10.3,22,16.6,0,1159.4,2122.4,447.5
FLAKKEBJERG,2007-08-05,05,08,2007,217,11.4,25.9,19.6,0,1174.1,2142.1,447.5
FLAKKEBJERG,2007-08-06,06,08,2007,218,15.2,25.4,20.2,0,1189.3,2162.3,447.5
FLAKKEBJERG,2007-08-07,07,08,2007,219,15.7,26.2,20.4,0,1204.6,2182.6,447.5
FLAKKEBJERG,2007-08-08,08,08,2007,220,14.6,25.3,19.8,0,1219.5,2202.4,447.5
FLAKKEBJERG,2007-08-09,09,08,2007,221,16.2,27.2,20.9,0,1235.3,2223.3,447.5
FLAKKEBJERG,2007-08-10,10,08,2007,222,16.6,23.6,19.9,4.1,1250.3,2243.2,451.6
FLAKKEBJERG,2007-08-11,11,08,2007,223,18.9,23.5,20.3,1.7,1265.5,2263.5,453.3
FLAKKEBJERG,2007-08-12,12,08,2007,224,16.2,21.8,17.7,0.1,1278.2,2281.2,453.4
FLAKKEBJERG,2007-08-13,13,08,2007,225,10.4,23.5,17.6,0,1290.9,2298.8,453.4
FLAKKEBJERG,2007-08-14,14,08,2007,226,10.7,22,17.3,0,1303.2,2316.2,453.4
FLAKKEBJERG,2007-08-15,15,08,2007,227,16.8,21.7,18.9,1.3,1317.1,2335,454.7
FLAKKEBJERG,2007-08-16,16,08,2007,228,16.7,20.7,17.7,5.3,1329.8,2352.8,460
FLAKKEBJERG,2007-08-17,17,08,2007,229,13.9,18.4,15.2,0.6,1340,2368,460.6
FLAKKEBJERG,2007-08-18,18,08,2007,230,12.5,19.2,15.4,0.7,1350.4,2383.4,461.3
FLAKKEBJERG,2007-08-19,19,08,2007,231,12.5,22,17.2,0,1362.6,2400.6,461.3
FLAKKEBJERG,2007-08-20,20,08,2007,232,15.4,20.7,17.9,6.5,1375.5,2418.5,467.8
FLAKKEBJERG,2007-08-21,21,08,2007,233,16.8,20.3,18.9,4.1,1389.3,2437.3,471.9
FLAKKEBJERG,2007-08-22,22,08,2007,234,18.1,24.1,20.1,1,1404.5,2457.5,472.9
FLAKKEBJERG,2007-08-23,23,08,2007,235,17.8,23.1,19.2,6.9,1418.7,2476.7,479.8
FLAKKEBJERG,2007-08-24,24,08,2007,236,14.3,22.4,18.1,0,1431.8,2494.7,479.8
FLAKKEBJERG,2007-08-25,25,08,2007,237,15.2,20.1,17.2,0,1444,2512,479.8
FLAKKEBJERG,2007-08-26,26,08,2007,238,15.5,19.5,16.9,0.3,1455.9,2528.8,480.1
FLAKKEBJERG,2007-08-27,27,08,2007,239,13.1,17.6,14.2,0,1465,2543,480.1
FLAKKEBJERG,2007-08-28,28,08,2007,240,10.7,16.6,13.3,1.1,1473.3,2556.3,481.2
FLAKKEBJERG,2007-08-29,29,08,2007,241,9.3,16.2,12.5,0,1480.8,2568.8,481.2
FLAKKEBJERG,2007-08-30,30,08,2007,242,8.9,14.1,11.9,0,1487.7,2580.7,481.2
FLAKKEBJERG,2007-08-31,31,08,2007,243,9.2,16.5,13.1,5.5,1495.8,2593.8,486.7
FLAKKEBJERG,2007-09-01,01,09,2007,244,12,17.3,14.4,7.7,1505.2,2608.2,494.4
FLAKKEBJERG,2007-09-02,02,09,2007,245,12.8,17.8,15.2,0.9,1515.5,2623.5,495.3
FLAKKEBJERG,2007-09-03,03,09,2007,246,11,15.3,12.9,5.9,1523.4,2636.4,501.2
FLAKKEBJERG,2007-09-04,04,09,2007,247,9.2,12.7,10.7,0,1529.1,2647.1,501.2
FLAKKEBJERG,2007-09-05,05,09,2007,248,6.4,16.2,12.4,4.9,1536.5,2659.4,506.1
FLAKKEBJERG,2007-09-06,06,09,2007,249,13,17.9,14.7,0,1546.2,2674.2,506.1
FLAKKEBJERG,2007-09-07,07,09,2007,250,12.8,19.4,15.5,0,1556.7,2689.6,506.1
FLAKKEBJERG,2007-09-08,08,09,2007,251,13.8,18.4,14.9,0.2,1566.6,2704.6,506.3
FLAKKEBJERG,2007-09-09,09,09,2007,252,10.7,18.2,14.4,0,1576.1,2719,506.3
FLAKKEBJERG,2007-09-10,10,09,2007,253,11.3,15.1,12.9,11.3,1584,2732,517.6
FLAKKEBJERG,2007-09-11,11,09,2007,254,9.5,17.5,13.1,2.4,1592.1,2745.1,520
FLAKKEBJERG,2007-09-12,12,09,2007,255,11,17.8,13.5,0,1600.7,2758.7,520
FLAKKEBJERG,2007-09-13,13,09,2007,256,10.4,16,12.7,0,1608.3,2771.3,520
FLAKKEBJERG,2007-09-14,14,09,2007,257,7.6,14.5,12.2,0,1615.6,2783.5,520
FLAKKEBJERG,2007-09-15,15,09,2007,258,9.2,13.9,11.3,2.1,1621.8,2794.8,522.1
FLAKKEBJERG,2007-09-16,16,09,2007,259,10.5,18.2,14.6,0.5,1631.4,2809.3,522.6
FLAKKEBJERG,2007-09-17,17,09,2007,260,14.1,17.7,15,0,1641.4,2824.4,522.6
FLAKKEBJERG,2007-09-18,18,09,2007,261,11.6,14.5,11.8,0.4,1648.3,2836.2,523
FLAKKEBJERG,2007-09-19,19,09,2007,262,7.1,13.9,11.1,0,1654.4,2847.4,523
FLAKKEBJERG,2007-09-20,20,09,2007,263,11.4,14.8,13.6,5.2,1663,2861,528.2
FLAKKEBJERG,2007-09-21,21,09,2007,264,13.3,16.1,14.9,4.9,1672.9,2875.9,533.1
FLAKKEBJERG,2007-09-22,22,09,2007,265,12.8,17.4,14.4,0.1,1682.3,2890.3,533.2
FLAKKEBJERG,2007-09-23,23,09,2007,266,9,18.6,14.1,0,1691.4,2904.4,533.2
FLAKKEBJERG,2007-09-24,24,09,2007,267,13.3,21.4,17.1,0,1703.4,2921.4,533.2
FLAKKEBJERG,2007-09-25,25,09,2007,268,11.6,14.9,12.7,5.1,1711.1,2934.1,538.3
FLAKKEBJERG,2007-09-26,26,09,2007,269,10.2,15,11.5,0,1717.6,2945.5,538.3
FLAKKEBJERG,2007-09-27,27,09,2007,270,6.5,15.8,11.3,1.2,1723.9,2956.8,539.5
FLAKKEBJERG,2007-09-28,28,09,2007,271,10.1,12.9,12.1,0,1731,2968.9,539.5
FLAKKEBJERG,2007-09-29,29,09,2007,272,11.8,14.2,12.6,12.3,1738.6,2981.6,551.8
FLAKKEBJERG,2007-09-30,30,09,2007,273,11.5,15.3,13.2,10.6,1746.8,2994.7,562.4
FLAKKEBJERG,2007-10-01,01,10,2007,274,11.6,13.5,11.9,0.8,1753.6,3006.6,563.2
FLAKKEBJERG,2007-10-02,02,10,2007,275,7.7,13.8,10.6,0.1,1759.2,3017.2,563.3
FLAKKEBJERG,2007-10-03,03,10,2007,276,3.9,15.3,9.4,0,1763.6,3026.6,563.3
FLAKKEBJERG,2007-10-04,04,10,2007,277,6,14.2,11.1,0,1769.7,3037.7,563.3
FLAKKEBJERG,2007-10-05,05,10,2007,278,9.7,15.9,11.8,14.6,1776.5,3049.5,577.9
FLAKKEBJERG,2007-10-06,06,10,2007,279,5.2,16.2,10,0,1781.5,3059.5,577.9
FLAKKEBJERG,2007-10-07,07,10,2007,280,5.4,13.6,10.1,0.1,1786.6,3069.6,578
FLAKKEBJERG,2007-10-08,08,10,2007,281,9.5,12.1,10.1,0,1791.7,3079.7,578
FLAKKEBJERG,2007-10-09,09,10,2007,282,6,10.1,9.1,0,1795.8,3088.8,578
FLAKKEBJERG,2007-10-10,10,10,2007,283,8.2,11.4,9.7,0,1800.5,3098.5,578
FLAKKEBJERG,2007-10-11,11,10,2007,284,7.6,13,11,0,1806.5,3109.5,578
FLAKKEBJERG,2007-10-12,12,10,2007,285,10,13.1,10.2,2.6,1811.7,3119.7,580.6
FLAKKEBJERG,2007-10-13,13,10,2007,286,1.4,10.3,5.6,0,1812.3,3125.3,580.6
FLAKKEBJERG,2007-10-14,14,10,2007,287,2.8,12.6,8.3,0,1815.6,3133.6,580.6
FLAKKEBJERG,2007-10-15,15,10,2007,288,5.1,13.8,10.1,0,1820.8,3143.8,580.6
FLAKKEBJERG,2007-10-16,16,10,2007,289,9,13.9,12.9,0.2,1828.7,3156.6,580.8
FLAKKEBJERG,2007-10-17,17,10,2007,290,10.9,12.6,10.9,4.3,1834.6,3167.6,585.1
FLAKKEBJERG,2007-10-18,18,10,2007,291,8,10.7,8.2,1.8,1837.8,3175.8,586.9
FLAKKEBJERG,2007-10-19,19,10,2007,292,1.6,8.7,5.1,0,1837.9,3180.9,586.9
FLAKKEBJERG,2007-10-20,20,10,2007,293,0.4,8.8,5.2,0,1838.2,3186.1,586.9
FLAKKEBJERG,2007-10-21,21,10,2007,294,3.8,10.1,6.6,0,1839.7,3192.7,586.9
FLAKKEBJERG,2007-10-22,22,10,2007,295,3.2,8.4,5.1,0,1839.8,3197.8,586.9
FLAKKEBJERG,2007-10-23,23,10,2007,296,0.5,9.4,5.8,0,1840.6,3203.6,586.9
FLAKKEBJERG,2007-10-24,24,10,2007,297,4.6,9.1,6.6,0,1842.3,3210.2,586.9
FLAKKEBJERG,2007-10-25,25,10,2007,298,4.1,9.8,7.7,0,1844.9,3217.9,586.9
FLAKKEBJERG,2007-10-26,26,10,2007,299,5.6,10,8.7,0,1848.6,3226.6,586.9
FLAKKEBJERG,2007-10-27,27,10,2007,300,6.4,11.9,7.7,0,1851.4,3234.4,586.9
FLAKKEBJERG,2007-10-28,28,10,2007,301,4.3,9.8,8,0,1854.4,3242.4,586.9
FLAKKEBJERG,2007-10-29,29,10,2007,302,7.4,9.5,8.8,3.7,1858.2,3251.2,590.6
FLAKKEBJERG,2007-10-30,30,10,2007,303,6.1,10.8,8.3,9.7,1861.5,3259.5,600.3
FLAKKEBJERG,2007-10-31,31,10,2007,304,5.8,11.5,9.2,0,1865.7,3268.7,600.3
FLAKKEBJERG,2007-11-01,01,11,2007,305,8,13.5,12.1,0,1872.8,3280.8,600.3
FLAKKEBJERG,2007-11-02,02,11,2007,306,2.8,10.6,6.9,0,1874.7,3287.7,600.3
FLAKKEBJERG,2007-11-03,03,11,2007,307,3.9,11.8,9.9,0.3,1879.6,3297.6,600.6
FLAKKEBJERG,2007-11-04,04,11,2007,308,5.3,10.2,6.4,0,1881,3304,600.6
FLAKKEBJERG,2007-11-05,05,11,2007,309,-0.4,8.2,5.4,0,1881.3,3309.3,600.6
FLAKKEBJERG,2007-11-06,06,11,2007,310,6.1,8.4,6.7,12,1883,3316,612.6
FLAKKEBJERG,2007-11-07,07,11,2007,311,4.4,10,8.2,2.8,1886.2,3324.2,615.4
FLAKKEBJERG,2007-11-08,08,11,2007,312,6,9.9,8.3,0,1889.5,3332.5,615.4
FLAKKEBJERG,2007-11-09,09,11,2007,313,5,7.3,5.8,1.1,1890.4,3338.4,616.5
FLAKKEBJERG,2007-11-10,10,11,2007,314,2.7,5.6,4.1,3,1890.4,3342.4,619.5
FLAKKEBJERG,2007-11-11,11,11,2007,315,0.8,5.7,2.6,0,1890.4,3345,619.5
FLAKKEBJERG,2007-11-12,12,11,2007,316,-1,5.8,2.5,0,1890.4,3347.4,619.5
FLAKKEBJERG,2007-11-13,13,11,2007,317,1.8,3.9,2.1,0.4,1890.4,3349.5,619.9
FLAKKEBJERG,2007-11-14,14,11,2007,318,-1.2,2.9,0.8,0.8,1890.4,3350.3,620.7
FLAKKEBJERG,2007-11-15,15,11,2007,319,-3.2,3,0,0,1890.4,3350.3,620.7
FLAKKEBJERG,2007-11-16,16,11,2007,320,-1.6,7.4,4.8,0.1,1890.4,3355.2,620.8
FLAKKEBJERG,2007-11-17,17,11,2007,321,3.6,8.3,7.2,0,1892.6,3362.4,620.8
FLAKKEBJERG,2007-11-18,18,11,2007,322,2.9,6.7,5.4,0,1893.1,3367.9,620.8
FLAKKEBJERG,2007-11-19,19,11,2007,323,2.9,5.4,3.8,0,1893.1,3371.7,620.8
FLAKKEBJERG,2007-11-20,20,11,2007,324,2,4.3,3.6,0,1893.1,3375.3,620.8
FLAKKEBJERG,2007-11-21,21,11,2007,325,2.4,4.9,3.4,0,1893.1,3378.7,620.8
FLAKKEBJERG,2007-11-22,22,11,2007,326,2.9,7.3,5.9,0,1894,3384.7,620.8
FLAKKEBJERG,2007-11-23,23,11,2007,327,5,7.1,5.7,0,1894.7,3390.3,620.8
FLAKKEBJERG,2007-11-24,24,11,2007,328,0.4,4.6,3,1.1,1894.7,3393.3,621.9
FLAKKEBJERG,2007-11-25,25,11,2007,329,0.3,6.7,5.2,2.1,1894.8,3398.5,624
FLAKKEBJERG,2007-11-26,26,11,2007,330,0.8,4,2.7,1.1,1894.8,3401.2,625.1
FLAKKEBJERG,2007-11-27,27,11,2007,331,1.2,3.9,1.8,0,1894.8,3403,625.1
FLAKKEBJERG,2007-11-28,28,11,2007,332,-1.1,5.3,3.2,0,1894.8,3406.2,625.1
FLAKKEBJERG,2007-11-29,29,11,2007,333,2.3,6.5,5.4,0.8,1895.2,3411.6,625.9
FLAKKEBJERG,2007-11-30,30,11,2007,334,4.4,7,5.8,0.1,1896,3417.4,626
FLAKKEBJERG,2007-12-01,01,12,2007,335,4.8,8.9,7,6,1898,3424.4,632
FLAKKEBJERG,2007-12-02,02,12,2007,336,5.6,7.4,6.1,4.7,1899.1,3430.5,636.7
FLAKKEBJERG,2007-12-03,03,12,2007,337,5.1,8,5.7,13.3,1899.8,3436.2,650
FLAKKEBJERG,2007-12-04,04,12,2007,338,4,6.5,5.1,0.1,1899.9,3441.3,650.1
FLAKKEBJERG,2007-12-05,05,12,2007,339,4.2,9.6,7.8,0.8,1902.7,3449.1,650.9
FLAKKEBJERG,2007-12-06,06,12,2007,340,7.8,8.9,7.9,0.6,1905.7,3457.1,651.5
FLAKKEBJERG,2007-12-07,07,12,2007,341,6.7,9.6,7.9,9,1908.6,3465,660.5
FLAKKEBJERG,2007-12-08,08,12,2007,342,6.4,7.2,6,2.4,1909.6,3471,662.9
FLAKKEBJERG,2007-12-09,09,12,2007,343,2.9,6.7,4.7,3.8,1909.6,3475.6,666.7
FLAKKEBJERG,2007-12-10,10,12,2007,344,1.3,4.8,3.6,0.5,1909.6,3479.3,667.2
FLAKKEBJERG,2007-12-11,11,12,2007,345,3.4,5.9,4.7,0,1909.6,3484,667.2
FLAKKEBJERG,2007-12-12,12,12,2007,346,1.7,4.7,3.2,0,1909.6,3487.2,667.2
FLAKKEBJERG,2007-12-13,13,12,2007,347,2,3.3,2.7,0,1909.6,3489.9,667.2
FLAKKEBJERG,2007-12-14,14,12,2007,348,2,4.1,3.2,0,1909.6,3493.1,667.2
FLAKKEBJERG,2007-12-15,15,12,2007,349,2.8,5.3,2.5,0,1909.6,3495.6,667.2
FLAKKEBJERG,2007-12-16,16,12,2007,350,-2.4,0.9,-0.4,0,1909.6,3495.6,667.2
FLAKKEBJERG,2007-12-17,17,12,2007,351,-1.9,2.8,1.8,0,1909.6,3497.4,667.2
FLAKKEBJERG,2007-12-18,18,12,2007,352,1.3,2.2,0.8,0,1909.6,3498.2,667.2
FLAKKEBJERG,2007-12-19,19,12,2007,353,-1,2.6,0.5,0,1909.6,3498.7,667.2
FLAKKEBJERG,2007-12-20,20,12,2007,354,-0.6,3,2.2,0,1909.6,3500.9,667.2
FLAKKEBJERG,2007-12-21,21,12,2007,355,0,1.3,0.2,0,1909.6,3501.1,667.2
FLAKKEBJERG,2007-12-22,22,12,2007,356,-2.2,-1.1,-1.6,0,1909.6,3501.1,667.2
FLAKKEBJERG,2007-12-23,23,12,2007,357,-2.4,2.9,0.2,0,1909.6,3501.3,667.2
FLAKKEBJERG,2007-12-24,24,12,2007,358,-1.4,2.6,1.3,0,1909.6,3502.6,667.2
FLAKKEBJERG,2007-12-25,25,12,2007,359,0.9,3.3,2.4,0,1909.6,3505,667.2
FLAKKEBJERG,2007-12-26,26,12,2007,360,1.8,4.8,3.9,0.1,1909.6,3508.9,667.3
FLAKKEBJERG,2007-12-27,27,12,2007,361,3.3,5.3,3.9,0,1909.6,3512.8,667.3
FLAKKEBJERG,2007-12-28,28,12,2007,362,3.4,7.4,6.5,1.2,1911.1,3519.3,668.5
FLAKKEBJERG,2007-12-29,29,12,2007,363,3.9,6.3,5.2,0.3,1911.3,3524.5,668.8
FLAKKEBJERG,2007-12-30,30,12,2007,364,3.9,6.4,4.6,1.3,1911.3,3529.2,670.1
FLAKKEBJERG,2007-12-31,31,12,2007,365,0.4,4,2.2,0,1911.3,3531.3,670.1
FLAKKEBJERG,2008-01-01,01,01,2008,1,0.1,1.7,0.9,0.1,0,0.9,0.1
FLAKKEBJERG,2008-01-02,02,01,2008,2,0.1,1.4,0.7,0.4,0,1.6,0.5
FLAKKEBJERG,2008-01-03,03,01,2008,3,-2.2,0.2,-1.9,2.1,0,1.6,2.6
FLAKKEBJERG,2008-01-04,04,01,2008,4,-4,-1.7,-2.3,0.1,0,1.6,2.7
FLAKKEBJERG,2008-01-05,05,01,2008,5,-3,1.5,-0.9,0,0,1.6,2.7
FLAKKEBJERG,2008-01-06,06,01,2008,6,-1.7,3.4,2.4,4.2,0,4,6.9
FLAKKEBJERG,2008-01-07,07,01,2008,7,1.1,4.5,2.4,0,0,6.4,6.9
FLAKKEBJERG,2008-01-08,08,01,2008,8,0.3,5.3,4.6,2.7,0,11,9.6
FLAKKEBJERG,2008-01-09,09,01,2008,9,2.8,4.9,3.8,0,0,14.8,9.6
FLAKKEBJERG,2008-01-10,10,01,2008,10,3.4,6,4.6,1.2,0,19.4,10.8
FLAKKEBJERG,2008-01-11,11,01,2008,11,3.6,7.5,6.6,2,1.6,26,12.8
FLAKKEBJERG,2008-01-12,12,01,2008,12,5.2,7,5.8,0.8,2.4,31.8,13.6
FLAKKEBJERG,2008-01-13,13,01,2008,13,3.3,5.4,4,0,2.4,35.8,13.6
FLAKKEBJERG,2008-01-14,14,01,2008,14,1,3.6,2.4,0,2.4,38.3,13.6
FLAKKEBJERG,2008-01-15,15,01,2008,15,1.5,6.4,5.2,0,2.6,43.5,13.6
FLAKKEBJERG,2008-01-16,16,01,2008,16,4.5,7.6,6.5,5.7,4.2,50,19.3
FLAKKEBJERG,2008-01-17,17,01,2008,17,4.5,5.9,5,0,4.2,55.1,19.3
FLAKKEBJERG,2008-01-18,18,01,2008,18,4.3,6.8,5.8,4,5,60.8,23.3
FLAKKEBJERG,2008-01-19,19,01,2008,19,5.4,9.9,7.1,1.8,7.1,67.9,25.1
FLAKKEBJERG,2008-01-20,20,01,2008,20,3,5.6,4.5,0,7.1,72.4,25.1
FLAKKEBJERG,2008-01-21,21,01,2008,21,4,5.8,4.5,2.6,7.1,76.9,27.7
FLAKKEBJERG,2008-01-22,22,01,2008,22,1,3.1,1.7,0,7.1,78.6,27.7
FLAKKEBJERG,2008-01-23,23,01,2008,23,0.4,6.4,3,0,7.1,81.6,27.7
FLAKKEBJERG,2008-01-24,24,01,2008,24,2,7.9,6.6,8.1,8.7,88.2,35.8
FLAKKEBJERG,2008-01-25,25,01,2008,25,2.1,8.4,6,1.2,9.7,94.3,37
FLAKKEBJERG,2008-01-26,26,01,2008,26,5.2,8.4,6.6,0.1,11.3,100.9,37.1
FLAKKEBJERG,2008-01-27,27,01,2008,27,3.3,6.6,3.8,3.2,11.3,104.7,40.3
FLAKKEBJERG,2008-01-28,28,01,2008,28,-0.2,6.6,4.5,0,11.3,109.2,40.3
FLAKKEBJERG,2008-01-29,29,01,2008,29,4.2,5.8,5.3,0.1,11.6,114.5,40.4
FLAKKEBJERG,2008-01-30,30,01,2008,30,4.8,6.4,4.7,0.7,11.6,119.2,41.1
FLAKKEBJERG,2008-01-31,31,01,2008,31,2.2,3.4,2.8,0.1,11.6,122,41.2
FLAKKEBJERG,2008-02-01,01,02,2008,32,1.1,5.4,3.8,4.7,11.6,125.7,45.9
FLAKKEBJERG,2008-02-02,02,02,2008,33,2.2,4.1,2.1,5.2,11.6,127.9,51.1
FLAKKEBJERG,2008-02-03,03,02,2008,34,-0.4,3.9,2.5,0.1,11.6,130.4,51.2
FLAKKEBJERG,2008-02-04,04,02,2008,35,0.9,5,2.7,0,11.6,133.1,51.2
FLAKKEBJERG,2008-02-05,05,02,2008,36,1.3,5.1,4.1,0.4,11.6,137.2,51.6
FLAKKEBJERG,2008-02-06,06,02,2008,37,3.1,8.1,6.2,9,12.8,143.4,60.6
FLAKKEBJERG,2008-02-07,07,02,2008,38,4.4,6.8,5.2,0,12.9,148.6,60.6
FLAKKEBJERG,2008-02-08,08,02,2008,39,4.5,6.9,5.5,0,13.4,154.1,60.6
FLAKKEBJERG,2008-02-09,09,02,2008,40,2.8,8.5,5.3,0,13.8,159.4,60.6
FLAKKEBJERG,2008-02-10,10,02,2008,41,2.5,9.4,5.4,0,14.2,164.8,60.6
FLAKKEBJERG,2008-02-11,11,02,2008,42,3.2,5.3,4.1,0,14.2,168.9,60.6
FLAKKEBJERG,2008-02-12,12,02,2008,43,3,4.4,2.9,0,14.2,171.8,60.6
FLAKKEBJERG,2008-02-13,13,02,2008,44,0.5,4.5,3.2,0,14.2,175.1,60.6
FLAKKEBJERG,2008-02-14,14,02,2008,45,0.5,4.3,1.9,0,14.2,176.9,60.6
FLAKKEBJERG,2008-02-15,15,02,2008,46,-2.3,1.4,-0.5,0,14.2,176.9,60.6
FLAKKEBJERG,2008-02-16,16,02,2008,47,-4.9,2,-1,0,14.2,176.9,60.6
FLAKKEBJERG,2008-02-17,17,02,2008,48,-3.3,5.4,2.7,0,14.2,179.6,60.6
FLAKKEBJERG,2008-02-18,18,02,2008,49,1.9,8.4,6.5,0,15.6,186.1,60.6
FLAKKEBJERG,2008-02-19,19,02,2008,50,4.9,6.4,5.8,0,16.4,191.9,60.6
FLAKKEBJERG,2008-02-20,20,02,2008,51,4,6.9,4.2,0,16.4,196,60.6
FLAKKEBJERG,2008-02-21,21,02,2008,52,0.8,6.6,3.8,0,16.4,199.9,60.6
FLAKKEBJERG,2008-02-22,22,02,2008,53,2.4,9.2,7.4,0,18.8,207.3,60.6
FLAKKEBJERG,2008-02-23,23,02,2008,54,2.8,7.9,6.1,3,19.9,213.4,63.6
FLAKKEBJERG,2008-02-24,24,02,2008,55,5.3,8.6,7.2,1.2,22.2,220.7,64.8
FLAKKEBJERG,2008-02-25,25,02,2008,56,4.4,7.9,5.9,0.2,23.1,226.5,65
FLAKKEBJERG,2008-02-26,26,02,2008,57,3.8,8.3,6.3,0,24.4,232.8,65
FLAKKEBJERG,2008-02-27,27,02,2008,58,5.8,7.7,6.5,2.1,25.8,239.3,67.1
FLAKKEBJERG,2008-02-28,28,02,2008,59,3.6,8.4,5.5,0.4,26.3,244.7,67.5
FLAKKEBJERG,2008-02-29,29,02,2008,60,4,6.9,5.2,0,26.4,249.9,67.5
FLAKKEBJERG,2008-03-01,01,03,2008,61,3.8,7.9,5.8,5,27.3,255.7,72.5
FLAKKEBJERG,2008-03-02,02,03,2008,62,3.4,7.6,5.3,0.8,27.5,261,73.3
FLAKKEBJERG,2008-03-03,03,03,2008,63,3.4,5.9,3.7,0,27.5,264.7,73.3
FLAKKEBJERG,2008-03-04,04,03,2008,64,0.3,5,2,3.2,27.5,266.7,76.5
FLAKKEBJERG,2008-03-05,05,03,2008,65,-2,4.3,1.8,0.5,27.5,268.6,77
FLAKKEBJERG,2008-03-06,06,03,2008,66,1,9.1,6.3,2,28.8,274.9,79
FLAKKEBJERG,2008-03-07,07,03,2008,67,4.3,7.1,5.9,0.7,29.7,280.8,79.7
FLAKKEBJERG,2008-03-08,08,03,2008,68,2.6,8.8,5.6,0.1,30.3,286.4,79.8
FLAKKEBJERG,2008-03-09,09,03,2008,69,4.6,8.1,6.4,0.2,31.7,292.8,80
FLAKKEBJERG,2008-03-10,10,03,2008,70,5.4,10.2,7.6,1.5,34.4,300.4,81.5
FLAKKEBJERG,2008-03-11,11,03,2008,71,6.3,8.7,7.1,0.2,36.5,307.6,81.7
FLAKKEBJERG,2008-03-12,12,03,2008,72,4,7.2,5.3,4.4,36.8,312.8,86.10000000000001
FLAKKEBJERG,2008-03-13,13,03,2008,73,2.8,7.1,5.7,4.2,37.5,318.5,90.3
FLAKKEBJERG,2008-03-14,14,03,2008,74,3.5,6.9,4.4,3,37.5,322.9,93.3
FLAKKEBJERG,2008-03-15,15,03,2008,75,2.7,7,4.7,3,37.5,327.5,96.3
FLAKKEBJERG,2008-03-16,16,03,2008,76,-1,9.2,3.7,0,37.5,331.3,96.3
FLAKKEBJERG,2008-03-17,17,03,2008,77,-0.3,5.3,3.1,0,37.5,334.3,96.3
FLAKKEBJERG,2008-03-18,18,03,2008,78,0.2,4.4,1.9,0,37.5,336.3,96.3
FLAKKEBJERG,2008-03-19,19,03,2008,79,-2.4,4.3,1.3,0,37.5,337.6,96.3
FLAKKEBJERG,2008-03-20,20,03,2008,80,-1.3,4.4,2.1,0,37.5,339.7,96.3
FLAKKEBJERG,2008-03-21,21,03,2008,81,0.3,6,3,9.8,37.5,342.7,106.10000000000001
FLAKKEBJERG,2008-03-22,22,03,2008,82,-2.8,2,-0.9,2,37.5,342.7,108.10000000000001
FLAKKEBJERG,2008-03-23,23,03,2008,83,-4.7,1.4,-1,0.2,37.5,342.7,108.3
FLAKKEBJERG,2008-03-24,24,03,2008,84,-1.6,2.3,-0.2,2,37.5,342.7,110.3
FLAKKEBJERG,2008-03-25,25,03,2008,85,-9,3.5,-1.2,3,37.5,342.7,113.3
FLAKKEBJERG,2008-03-26,26,03,2008,86,-1.8,3.5,0.5,0.9,37.5,343.2,114.2
FLAKKEBJERG,2008-03-27,27,03,2008,87,-4,5.6,0.9,0,37.5,344.1,114.2
FLAKKEBJERG,2008-03-28,28,03,2008,88,0.2,9.3,4.8,0,37.5,348.9,114.2
FLAKKEBJERG,2008-03-29,29,03,2008,89,4.3,9.2,6.1,2,38.6,355,116.2
FLAKKEBJERG,2008-03-30,30,03,2008,90,3.2,12.4,8.4,1.2,41.9,363.4,117.4
FLAKKEBJERG,2008-03-31,31,03,2008,91,6.1,10.7,8.3,0,45.2,371.7,117.4
FLAKKEBJERG,2008-04-01,01,04,2008,92,2.8,11,7.5,0,47.7,379.2,117.4
FLAKKEBJERG,2008-04-02,02,04,2008,93,5.9,9.8,7.2,0.4,49.9,386.4,117.8
FLAKKEBJERG,2008-04-03,03,04,2008,94,4.5,8.9,6.6,0.1,51.4,392.9,117.9
FLAKKEBJERG,2008-04-04,04,04,2008,95,3.4,9.5,6.1,0,52.5,399,117.9
FLAKKEBJERG,2008-04-05,05,04,2008,96,4.6,8.1,5.9,0,53.4,404.9,117.9
FLAKKEBJERG,2008-04-06,06,04,2008,97,3,8.4,4.9,0,53.4,409.7,117.9
FLAKKEBJERG,2008-04-07,07,04,2008,98,-0.6,8.6,4.5,0,53.4,414.2,117.9
FLAKKEBJERG,2008-04-08,08,04,2008,99,4,6.4,4.2,0,53.4,418.4,117.9
FLAKKEBJERG,2008-04-09,09,04,2008,100,-0.2,7.9,4.2,7.5,53.4,422.7,125.4
FLAKKEBJERG,2008-04-10,10,04,2008,101,-0.6,9.2,4.6,0,53.4,427.3,125.4
FLAKKEBJERG,2008-04-11,11,04,2008,102,-1.2,8.4,3.7,0,53.4,431,125.4
FLAKKEBJERG,2008-04-12,12,04,2008,103,3.7,11.3,7,2.6,55.4,438,128
FLAKKEBJERG,2008-04-13,13,04,2008,104,2.7,11.6,7.3,0,57.7,445.3,128
FLAKKEBJERG,2008-04-14,14,04,2008,105,0.5,10.2,5.7,0,58.4,451,128
FLAKKEBJERG,2008-04-15,15,04,2008,106,3.2,10.3,6.7,0,60,457.6,128
FLAKKEBJERG,2008-04-16,16,04,2008,107,3.1,9.7,6.3,0,61.3,464,128
FLAKKEBJERG,2008-04-17,17,04,2008,108,5.5,11,7.4,8.4,63.7,471.3,136.4
FLAKKEBJERG,2008-04-18,18,04,2008,109,3.6,10.8,7,9.3,65.8,478.4,145.70000000000002
FLAKKEBJERG,2008-04-19,19,04,2008,110,1.1,11.7,6.5,0,67.3,484.9,145.70000000000002
FLAKKEBJERG,2008-04-20,20,04,2008,111,1.8,11.9,6.7,0,69,491.6,145.70000000000002
FLAKKEBJERG,2008-04-21,21,04,2008,112,2.3,12.1,7.6,0,71.6,499.2,145.70000000000002
FLAKKEBJERG,2008-04-22,22,04,2008,113,4.3,12.9,8.3,0,74.9,507.6,145.70000000000002
FLAKKEBJERG,2008-04-23,23,04,2008,114,2.2,13.1,7.7,0,77.6,515.2,145.70000000000002
FLAKKEBJERG,2008-04-24,24,04,2008,115,0.6,15.1,9,0,81.6,524.2,145.70000000000002
FLAKKEBJERG,2008-04-25,25,04,2008,116,6.7,12.5,9.9,0,86.5,534.1,145.70000000000002
FLAKKEBJERG,2008-04-26,26,04,2008,117,5.6,14.1,9.9,0,91.4,544,145.70000000000002
FLAKKEBJERG,2008-04-27,27,04,2008,118,6.7,18.9,14.2,0,100.6,558.2,145.70000000000002
FLAKKEBJERG,2008-04-28,28,04,2008,119,10.1,20,15.2,0,110.8,573.4,145.70000000000002
FLAKKEBJERG,2008-04-29,29,04,2008,120,10.2,15.8,12,2.2,117.8,585.5,147.9
FLAKKEBJERG,2008-04-30,30,04,2008,121,9.2,15.4,11.7,5.5,124.6,597.2,153.4
FLAKKEBJERG,2008-05-01,01,05,2008,122,8.8,15.2,11.1,0.1,130.7,608.3,153.5
FLAKKEBJERG,2008-05-02,02,05,2008,123,6.8,15.5,11.1,0.3,136.8,619.4,153.8
FLAKKEBJERG,2008-05-03,03,05,2008,124,6,15.6,10.4,0,142.2,629.8,153.8
FLAKKEBJERG,2008-05-04,04,05,2008,125,4.5,16.9,11.6,0,148.7,641.3,153.8
FLAKKEBJERG,2008-05-05,05,05,2008,126,4,18.3,12.3,0,156.1,653.7,153.8
FLAKKEBJERG,2008-05-06,06,05,2008,127,6.4,19.4,13.3,0,164.4,667,153.8
FLAKKEBJERG,2008-05-07,07,05,2008,128,5.7,19.6,13.5,0,172.9,680.6,153.8
FLAKKEBJERG,2008-05-08,08,05,2008,129,6.3,20.9,15.1,0,183,695.6,153.8
FLAKKEBJERG,2008-05-09,09,05,2008,130,7,21.8,15.5,0,193.5,711.1,153.8
FLAKKEBJERG,2008-05-10,10,05,2008,131,7.3,23.2,16.6,0,205.1,727.7,153.8
FLAKKEBJERG,2008-05-11,11,05,2008,132,8.9,23.6,17.5,0,217.6,745.2,153.8
FLAKKEBJERG,2008-05-12,12,05,2008,133,11.2,19.6,15,0,227.6,760.2,153.8
FLAKKEBJERG,2008-05-13,13,05,2008,134,8.1,13.5,10.1,0,232.7,770.3,153.8
FLAKKEBJERG,2008-05-14,14,05,2008,135,2.7,16.2,10.5,0,238.2,780.8,153.8
FLAKKEBJERG,2008-05-15,15,05,2008,136,3.4,17.9,12,0,245.2,792.8,153.8
FLAKKEBJERG,2008-05-16,16,05,2008,137,8.1,17.6,13,0,253.3,805.9,153.8
FLAKKEBJERG,2008-05-17,17,05,2008,138,9,12.8,11,0,259.2,816.8,153.8
FLAKKEBJERG,2008-05-18,18,05,2008,139,5.3,12.8,9.2,0,263.4,826,153.8
FLAKKEBJERG,2008-05-19,19,05,2008,140,4.5,11.8,8,4.4,266.5,834.1,158.20000000000002
FLAKKEBJERG,2008-05-20,20,05,2008,141,2.6,13.9,9.6,1.1,271.1,843.7,159.3
FLAKKEBJERG,2008-05-21,21,05,2008,142,6.1,14.5,10.7,0,276.8,854.4,159.3
FLAKKEBJERG,2008-05-22,22,05,2008,143,4.2,17.3,11.6,0,283.4,866,159.3
FLAKKEBJERG,2008-05-23,23,05,2008,144,5.5,18.2,13.2,0,291.6,879.2,159.3
FLAKKEBJERG,2008-05-24,24,05,2008,145,7,18.5,13.6,0,300.2,892.8,159.3
FLAKKEBJERG,2008-05-25,25,05,2008,146,7.1,16.9,12.3,0,307.5,905.1,159.3
FLAKKEBJERG,2008-05-26,26,05,2008,147,8.9,10.7,9.1,8.9,311.6,914.3,168.20000000000002
FLAKKEBJERG,2008-05-27,27,05,2008,148,5.5,16.9,12,5.1,318.6,926.2,173.3
FLAKKEBJERG,2008-05-28,28,05,2008,149,7.7,17,13.2,0,326.9,939.5,173.3
FLAKKEBJERG,2008-05-29,29,05,2008,150,9.1,19.2,14.4,0,336.3,953.9,173.3
FLAKKEBJERG,2008-05-30,30,05,2008,151,11,21.4,16.5,0,347.7,970.3,173.3
FLAKKEBJERG,2008-05-31,31,05,2008,152,12.1,23,17.2,0,359.9,987.5,173.3
FLAKKEBJERG,2008-06-01,01,06,2008,153,10.5,22.1,16.3,0,371.2,1003.8,173.3
FLAKKEBJERG,2008-06-02,02,06,2008,154,10.4,26.6,18.6,0,384.7,1022.4,173.3
FLAKKEBJERG,2008-06-03,03,06,2008,155,11.2,21.5,16.9,0,396.7,1039.3,173.3
FLAKKEBJERG,2008-06-04,04,06,2008,156,11.3,20.7,15.8,0,407.5,1055.1,173.3
FLAKKEBJERG,2008-06-05,05,06,2008,157,8.8,21.2,15.7,0,418.2,1070.8,173.3
FLAKKEBJERG,2008-06-06,06,06,2008,158,8.2,23.2,16.5,0,429.6,1087.3,173.3
FLAKKEBJERG,2008-06-07,07,06,2008,159,10.3,25.7,18.9,0,443.6,1106.2,173.3
FLAKKEBJERG,2008-06-08,08,06,2008,160,9.5,26.1,19.4,0,457.9,1125.5,173.3
FLAKKEBJERG,2008-06-09,09,06,2008,161,11.3,21.7,17.1,0,470.1,1142.7,173.3
FLAKKEBJERG,2008-06-10,10,06,2008,162,11.3,21,16,0,481,1158.6,173.3
FLAKKEBJERG,2008-06-11,11,06,2008,163,12,16.9,13.8,0,489.8,1172.4,173.3
FLAKKEBJERG,2008-06-12,12,06,2008,164,10,17.1,13.3,0.4,498.1,1185.7,173.70000000000002
FLAKKEBJERG,2008-06-13,13,06,2008,165,7.5,15.8,12,0,505.1,1197.7,173.70000000000002
FLAKKEBJERG,2008-06-14,14,06,2008,166,7.4,15.9,11.6,0.6,511.7,1209.3,174.3
FLAKKEBJERG,2008-06-15,15,06,2008,167,8.7,16.1,12.3,2,519,1221.6,176.3
FLAKKEBJERG,2008-06-16,16,06,2008,168,8.8,15,11.6,3.3,525.6,1233.2,179.6
FLAKKEBJERG,2008-06-17,17,06,2008,169,7.5,17.5,12.9,0.8,533.5,1246.1,180.4
FLAKKEBJERG,2008-06-18,18,06,2008,170,5.6,20.5,14.9,0,543.3,1261,180.4
FLAKKEBJERG,2008-06-19,19,06,2008,171,13.5,22,16.1,0,554.5,1277.1,180.4
FLAKKEBJERG,2008-06-20,20,06,2008,172,10.8,20.9,15,0.7,564.5,1292.1,181.1
FLAKKEBJERG,2008-06-21,21,06,2008,173,9.9,19.2,14.7,3.6,574.2,1306.8,184.70000000000002
FLAKKEBJERG,2008-06-22,22,06,2008,174,11.9,23.2,16.6,0.1,585.7,1323.3,184.8
FLAKKEBJERG,2008-06-23,23,06,2008,175,13.9,16.7,14.4,10.9,595.1,1337.7,195.70000000000002
FLAKKEBJERG,2008-06-24,24,06,2008,176,9.7,17.1,13.1,0.4,603.2,1350.8,196.1
FLAKKEBJERG,2008-06-25,25,06,2008,177,4.3,20.3,13.4,0,611.5,1364.1,196.1
FLAKKEBJERG,2008-06-26,26,06,2008,178,10.5,21.4,16.4,0,622.9,1380.5,196.1
FLAKKEBJERG,2008-06-27,27,06,2008,179,10.8,17.2,14.2,0.5,632.1,1394.7,196.6
FLAKKEBJERG,2008-06-28,28,06,2008,180,12.5,16.4,14.5,2,641.6,1409.2,198.6
FLAKKEBJERG,2008-06-29,29,06,2008,181,13.1,19.6,16.3,0.9,652.9,1425.5,199.5
FLAKKEBJERG,2008-06-30,30,06,2008,182,13.4,19.6,15.8,0.1,663.7,1441.3,199.6
FLAKKEBJERG,2008-07-01,01,07,2008,183,8.9,20.3,15.4,0,674.1,1456.7,199.6
FLAKKEBJERG,2008-07-02,02,07,2008,184,8.7,24.2,17.4,0,686.5,1474.1,199.6
FLAKKEBJERG,2008-07-03,03,07,2008,185,12.2,26.8,20,0,701.5,1494.1,199.6
FLAKKEBJERG,2008-07-04,04,07,2008,186,12.4,24.3,18.7,0,715.2,1512.8,199.6
FLAKKEBJERG,2008-07-05,05,07,2008,187,13,25.9,20.6,0,730.8,1533.4,199.6
FLAKKEBJERG,2008-07-06,06,07,2008,188,13.9,23.8,18.6,0,744.4,1552,199.6
FLAKKEBJERG,2008-07-07,07,07,2008,189,11.3,21.1,17,0.9,756.5,1569.1,200.5
FLAKKEBJERG,2008-07-08,08,07,2008,190,11.6,19.9,15.6,4.6,767.1,1584.7,205.1
FLAKKEBJERG,2008-07-09,09,07,2008,191,12.7,20.2,16.2,3.7,778.3,1600.9,208.8
FLAKKEBJERG,2008-07-10,10,07,2008,192,11.7,20.7,16.4,0.3,789.6,1617.3,209.1
FLAKKEBJERG,2008-07-11,11,07,2008,193,15.5,21,17.8,16.5,802.4,1635,225.6
FLAKKEBJERG,2008-07-12,12,07,2008,194,14,21.2,17,1,814.4,1652,226.6
FLAKKEBJERG,2008-07-13,13,07,2008,195,10.9,20.3,16,0,825.4,1668,226.6
FLAKKEBJERG,2008-07-14,14,07,2008,196,12.5,19.5,16.2,0,836.6,1684.2,226.6
FLAKKEBJERG,2008-07-15,15,07,2008,197,15.2,22.7,18.4,0.1,850,1702.6,226.70000000000002
FLAKKEBJERG,2008-07-16,16,07,2008,198,15.1,19.6,16,0,861,1718.6,226.70000000000002
FLAKKEBJERG,2008-07-17,17,07,2008,199,12.3,20,15.5,0.4,871.5,1734.1,227.1
FLAKKEBJERG,2008-07-18,18,07,2008,200,13,18.1,15.2,5.8,881.7,1749.3,232.9
FLAKKEBJERG,2008-07-19,19,07,2008,201,12,18.9,15.7,0,892.4,1765,232.9
FLAKKEBJERG,2008-07-20,20,07,2008,202,13.5,19,15.5,3.5,902.9,1780.5,236.4
FLAKKEBJERG,2008-07-21,21,07,2008,203,11.6,17.5,13.6,3.3,911.4,1794,239.70000000000002
FLAKKEBJERG,2008-07-22,22,07,2008,204,9.3,20.9,15.3,9.5,921.7,1809.3,249.20000000000002
FLAKKEBJERG,2008-07-23,23,07,2008,205,10.7,21.3,15.6,0,932.3,1825,249.20000000000002
FLAKKEBJERG,2008-07-24,24,07,2008,206,9.3,26.4,18.4,0,945.8,1843.4,249.20000000000002
FLAKKEBJERG,2008-07-25,25,07,2008,207,14.1,26.7,20.1,0,960.9,1863.5,249.20000000000002
FLAKKEBJERG,2008-07-26,26,07,2008,208,13.5,27.9,20.8,0,976.7,1884.3,249.20000000000002
FLAKKEBJERG,2008-07-27,27,07,2008,209,13.8,28.1,21.2,0,992.9,1905.5,249.20000000000002
FLAKKEBJERG,2008-07-28,28,07,2008,210,13.8,29.3,21.7,0,1009.6,1927.2,249.20000000000002
FLAKKEBJERG,2008-07-29,29,07,2008,211,13.7,29.2,21.8,0,1026.4,1949,249.20000000000002
FLAKKEBJERG,2008-07-30,30,07,2008,212,14.7,26,20.3,0,1041.7,1969.3,249.20000000000002
FLAKKEBJERG,2008-07-31,31,07,2008,213,12.1,27.6,20.5,0,1057.2,1989.8,249.20000000000002
FLAKKEBJERG,2008-08-01,01,08,2008,214,13.6,28.3,21.3,0,1073.5,2011.1,249.20000000000002
FLAKKEBJERG,2008-08-02,02,08,2008,215,16.1,23.4,19.4,1.1,1087.8,2030.5,250.3
FLAKKEBJERG,2008-08-03,03,08,2008,216,16.7,24.1,19,1.1,1101.9,2049.5,251.4
FLAKKEBJERG,2008-08-04,04,08,2008,217,14,19.9,16.6,33.4,1113.4,2066,284.8
FLAKKEBJERG,2008-08-05,05,08,2008,218,14.2,21.4,17.3,4.1,1125.7,2083.3,288.9
FLAKKEBJERG,2008-08-06,06,08,2008,219,12.1,18.1,16.2,1.5,1136.9,2099.5,290.4
FLAKKEBJERG,2008-08-07,07,08,2008,220,15.7,27,20.9,1.1,1152.8,2120.4,291.5
FLAKKEBJERG,2008-08-08,08,08,2008,221,16.3,21.4,18.2,4.5,1166,2138.6,296
FLAKKEBJERG,2008-08-09,09,08,2008,222,13.9,20.8,16.6,0.1,1177.6,2155.2,296.1
FLAKKEBJERG,2008-08-10,10,08,2008,223,13.1,18.6,16.1,8.1,1188.7,2171.3,304.2
FLAKKEBJERG,2008-08-11,11,08,2008,224,14.1,21.1,17.4,0.7,1201.1,2188.7,304.9
FLAKKEBJERG,2008-08-12,12,08,2008,225,12.8,19.4,16.8,0.1,1212.9,2205.5,305
FLAKKEBJERG,2008-08-13,13,08,2008,226,14.5,20.2,16.3,0.3,1224.2,2221.8,305.3
FLAKKEBJERG,2008-08-14,14,08,2008,227,13.8,19.6,16.5,2.9,1235.7,2238.3,308.2
FLAKKEBJERG,2008-08-15,15,08,2008,228,11.2,19.8,16.1,1.8,1246.8,2254.4,310
FLAKKEBJERG,2008-08-16,16,08,2008,229,11.4,20.6,15.9,0,1257.7,2270.3,310
FLAKKEBJERG,2008-08-17,17,08,2008,230,11.4,22.1,16.3,0.4,1269,2286.6,310.4
FLAKKEBJERG,2008-08-18,18,08,2008,231,9.5,18.8,14.6,0.1,1278.5,2301.1,310.5
FLAKKEBJERG,2008-08-19,19,08,2008,232,14.7,22.7,18,2.3,1291.6,2319.2,312.8
FLAKKEBJERG,2008-08-20,20,08,2008,233,15.4,20,17.1,0.1,1303.6,2336.2,312.9
FLAKKEBJERG,2008-08-21,21,08,2008,234,15.4,19.4,16.9,5.8,1315.5,2353.2,318.7
FLAKKEBJERG,2008-08-22,22,08,2008,235,15.4,20.5,16.9,3.4,1327.5,2370.1,322.1
FLAKKEBJERG,2008-08-23,23,08,2008,236,14.2,15,14.6,11.7,1337.1,2384.7,333.8
FLAKKEBJERG,2008-08-24,24,08,2008,237,13.9,20.1,16.1,23.2,1348.1,2400.8,357
FLAKKEBJERG,2008-08-25,25,08,2008,238,13.5,18.8,15.8,0.9,1358.9,2416.5,357.9
FLAKKEBJERG,2008-08-26,26,08,2008,239,13.9,21,17.2,0.5,1371.1,2433.8,358.4
FLAKKEBJERG,2008-08-27,27,08,2008,240,16.3,18,16.9,1.5,1383.1,2450.7,359.9
FLAKKEBJERG,2008-08-28,28,08,2008,241,15,19,16.6,1.5,1394.6,2467.2,361.4
FLAKKEBJERG,2008-08-29,29,08,2008,242,14.1,19.1,15.9,4.5,1405.5,2483.1,365.9
FLAKKEBJERG,2008-08-30,30,08,2008,243,9.1,21,15.4,0,1415.9,2498.5,365.9
FLAKKEBJERG,2008-08-31,31,08,2008,244,9.3,22.5,16.2,0,1427.1,2514.7,365.9
FLAKKEBJERG,2008-09-01,01,09,2008,245,14.9,20.5,17.1,0,1439.1,2531.7,365.9
FLAKKEBJERG,2008-09-02,02,09,2008,246,11.9,19,16.4,0.1,1450.5,2548.1,366
FLAKKEBJERG,2008-09-03,03,09,2008,247,14,18.4,14.9,2,1460.5,2563.1,368
FLAKKEBJERG,2008-09-04,04,09,2008,248,11.6,18.3,15.1,0.5,1470.6,2578.2,368.5
FLAKKEBJERG,2008-09-05,05,09,2008,249,13.7,18.9,16,0,1481.6,2594.2,368.5
FLAKKEBJERG,2008-09-06,06,09,2008,250,14,20.9,17.5,7.9,1494.1,2611.7,376.4
FLAKKEBJERG,2008-09-07,07,09,2008,251,13.6,21.1,16.8,0.8,1505.9,2628.6,377.2
FLAKKEBJERG,2008-09-08,08,09,2008,252,14.1,18.2,15.9,0,1516.8,2644.4,377.2
FLAKKEBJERG,2008-09-09,09,09,2008,253,14.2,18.8,15.8,0.5,1527.6,2660.2,377.7
FLAKKEBJERG,2008-09-10,10,09,2008,254,12.2,20.1,15.5,0,1538.1,2675.8,377.7
FLAKKEBJERG,2008-09-11,11,09,2008,255,9.1,20.5,13.9,2,1547.1,2689.7,379.7
FLAKKEBJERG,2008-09-12,12,09,2008,256,10.8,15.9,13,0,1555.1,2702.7,379.7
FLAKKEBJERG,2008-09-13,13,09,2008,257,8.3,16.5,11.9,0,1562,2714.6,379.7
FLAKKEBJERG,2008-09-14,14,09,2008,258,6.1,16.1,11,0,1568,2725.6,379.7
FLAKKEBJERG,2008-09-15,15,09,2008,259,8.6,15.8,12,0,1575,2737.6,379.7
FLAKKEBJERG,2008-09-16,16,09,2008,260,9.6,13.8,10.6,0,1580.6,2748.2,379.7
FLAKKEBJERG,2008-09-17,17,09,2008,261,6.3,15.4,10.8,0,1586.4,2759,379.7
FLAKKEBJERG,2008-09-18,18,09,2008,262,9,13.8,10.3,0,1591.7,2769.3,379.7
FLAKKEBJERG,2008-09-19,19,09,2008,263,6.5,15.9,10.7,0,1597.4,2780,379.7
FLAKKEBJERG,2008-09-20,20,09,2008,264,6.1,17.5,12.4,0,1604.8,2792.4,379.7
FLAKKEBJERG,2008-09-21,21,09,2008,265,10.1,16.8,13,0,1612.8,2805.4,379.7
FLAKKEBJERG,2008-09-22,22,09,2008,266,8.3,13.5,11.1,0,1618.9,2816.5,379.7
FLAKKEBJERG,2008-09-23,23,09,2008,267,10.8,17.4,13.1,0.5,1626.9,2829.5,380.2
FLAKKEBJERG,2008-09-24,24,09,2008,268,9.6,16.3,12.2,0,1634.1,2841.7,380.2
FLAKKEBJERG,2008-09-25,25,09,2008,269,7,18.2,11.3,0,1640.4,2853,380.2
FLAKKEBJERG,2008-09-26,26,09,2008,270,3.6,15.9,10,0.3,1645.3,2862.9,380.5
FLAKKEBJERG,2008-09-27,27,09,2008,271,9.1,17.4,13.2,0,1653.5,2876.1,380.5
FLAKKEBJERG,2008-09-28,28,09,2008,272,12.3,14.9,12.8,0.1,1661.3,2888.9,380.6
FLAKKEBJERG,2008-09-29,29,09,2008,273,8.7,14.9,11.4,0,1667.7,2900.3,380.6
FLAKKEBJERG,2008-09-30,30,09,2008,274,9.7,13.8,11.2,1.3,1673.9,2911.5,381.9
FLAKKEBJERG,2008-10-01,01,10,2008,275,9.2,11.8,10,5.4,1678.9,2921.5,387.3
FLAKKEBJERG,2008-10-02,02,10,2008,276,8.9,13.5,11,12.5,1684.9,2932.5,399.8
FLAKKEBJERG,2008-10-03,03,10,2008,277,8.8,13.2,10.4,0,1690.3,2942.9,399.8
FLAKKEBJERG,2008-10-04,04,10,2008,278,8.7,11.6,9.7,0.5,1695,2952.6,400.3
FLAKKEBJERG,2008-10-05,05,10,2008,279,7.3,11.3,9.2,10.9,1699.2,2961.8,411.2
FLAKKEBJERG,2008-10-06,06,10,2008,280,3.1,13.4,8.3,5.5,1702.5,2970.1,416.7
FLAKKEBJERG,2008-10-07,07,10,2008,281,1.8,13.6,8.9,0,1706.4,2979,416.7
FLAKKEBJERG,2008-10-08,08,10,2008,282,9.1,14.9,11.7,0,1713.1,2990.7,416.7
FLAKKEBJERG,2008-10-09,09,10,2008,283,9.9,14.6,11.9,0,1719.9,3002.5,416.7
FLAKKEBJERG,2008-10-10,10,10,2008,284,7.6,13.7,11.8,0,1726.8,3014.4,416.7
FLAKKEBJERG,2008-10-11,11,10,2008,285,11.6,14.7,12.9,0,1734.7,3027.3,416.7
FLAKKEBJERG,2008-10-12,12,10,2008,286,12,15.6,13,0.1,1742.7,3040.3,416.8
FLAKKEBJERG,2008-10-13,13,10,2008,287,9.8,14.5,13.1,0,1750.8,3053.4,416.8
FLAKKEBJERG,2008-10-14,14,10,2008,288,11.9,14.8,12.4,3.3,1758.2,3065.8,420.1
FLAKKEBJERG,2008-10-15,15,10,2008,289,7.9,13.2,11.5,1.7,1764.7,3077.3,421.8
FLAKKEBJERG,2008-10-16,16,10,2008,290,9.9,12.9,9.7,7.6,1769.4,3087,429.4
FLAKKEBJERG,2008-10-17,17,10,2008,291,7.1,11.5,8.6,2.2,1773,3095.6,431.6
FLAKKEBJERG,2008-10-18,18,10,2008,292,5.4,11.2,9.5,0,1777.5,3105.1,431.6
FLAKKEBJERG,2008-10-19,19,10,2008,293,9.5,13,11.3,2.8,1783.8,3116.4,434.4
FLAKKEBJERG,2008-10-20,20,10,2008,294,10.6,13,11.7,0.2,1790.5,3128.1,434.6
FLAKKEBJERG,2008-10-21,21,10,2008,295,10.3,13.5,11.2,0.3,1796.7,3139.3,434.9
FLAKKEBJERG,2008-10-22,22,10,2008,296,7.3,10.8,9,0.6,1800.7,3148.3,435.5
FLAKKEBJERG,2008-10-23,23,10,2008,297,4.7,11.5,9,0.4,1804.7,3157.3,435.9
FLAKKEBJERG,2008-10-24,24,10,2008,298,8.9,10.2,9.4,0.6,1809,3166.7,436.5
FLAKKEBJERG,2008-10-25,25,10,2008,299,5.1,11.9,9,6.1,1813.1,3175.7,442.6
FLAKKEBJERG,2008-10-26,26,10,2008,300,8.9,11.4,10.7,0.7,1818.7,3186.3,443.3
FLAKKEBJERG,2008-10-27,27,10,2008,301,8.4,10.2,8.5,3.5,1822.2,3194.8,446.8
FLAKKEBJERG,2008-10-28,28,10,2008,302,6.5,11.4,7.1,0,1824.3,3201.9,446.8
FLAKKEBJERG,2008-10-29,29,10,2008,303,3.4,8.4,4.9,0.3,1824.3,3206.9,447.1
FLAKKEBJERG,2008-10-30,30,10,2008,304,0.4,5.1,3.5,0,1824.3,3210.4,447.1
FLAKKEBJERG,2008-10-31,31,10,2008,305,0.8,7.5,3.5,0.5,1824.3,3213.9,447.6
FLAKKEBJERG,2008-11-01,01,11,2008,306,-0.9,6.1,3.5,0,1824.3,3217.4,447.6
FLAKKEBJERG,2008-11-02,02,11,2008,307,3,9.3,7.3,0,1826.7,3224.7,447.6
FLAKKEBJERG,2008-11-03,03,11,2008,308,6.6,10.2,8.6,0,1830.3,3233.4,447.6
FLAKKEBJERG,2008-11-04,04,11,2008,309,7.6,9.1,8.5,0,1833.8,3241.8,447.6
FLAKKEBJERG,2008-11-05,05,11,2008,310,7.7,9.1,8,0.1,1836.8,3249.9,447.7
FLAKKEBJERG,2008-11-06,06,11,2008,311,7.2,9.6,8.8,0,1840.7,3258.7,447.7
FLAKKEBJERG,2008-11-07,07,11,2008,312,8.2,9.7,8.7,0.6,1844.3,3267.4,448.3
FLAKKEBJERG,2008-11-08,08,11,2008,313,8,10.5,9.2,2.8,1848.5,3276.6,451.1
FLAKKEBJERG,2008-11-09,09,11,2008,314,7.3,9.9,8.1,0.2,1851.6,3284.7,451.3
FLAKKEBJERG,2008-11-10,10,11,2008,315,6.9,12.4,9.3,6.9,1855.9,3293.9,458.2
FLAKKEBJERG,2008-11-11,11,11,2008,316,7.9,12.4,9,13.5,1859.9,3302.9,471.7
FLAKKEBJERG,2008-11-12,12,11,2008,317,6.3,8.5,8,6.3,1862.9,3310.9,478
FLAKKEBJERG,2008-11-13,13,11,2008,318,5.4,9.2,7.3,1.1,1865.1,3318.2,479.1
FLAKKEBJERG,2008-11-14,14,11,2008,319,6.5,11.2,9.2,7.8,1869.4,3327.4,486.9
FLAKKEBJERG,2008-11-15,15,11,2008,320,7.6,11.3,10.1,0.6,1874.5,3337.5,487.5
FLAKKEBJERG,2008-11-16,16,11,2008,321,6.9,8.7,6.9,0.4,1876.4,3344.4,487.9
FLAKKEBJERG,2008-11-17,17,11,2008,322,0.3,6.9,3.6,1.6,1876.4,3348.1,489.5
FLAKKEBJERG,2008-11-18,18,11,2008,323,2.3,8.1,5.6,1.1,1876.9,3353.6,490.6
FLAKKEBJERG,2008-11-19,19,11,2008,324,4.2,9.7,7.3,5.5,1879.2,3361,496.1
FLAKKEBJERG,2008-11-20,20,11,2008,325,6.1,9.8,6.9,2.5,1881.1,3367.8,498.6
FLAKKEBJERG,2008-11-21,21,11,2008,326,1.3,4.1,1.9,0.1,1881.1,3369.8,498.7
FLAKKEBJERG,2008-11-22,22,11,2008,327,-2.1,2.7,0.9,0.8,1881.1,3370.7,499.5
FLAKKEBJERG,2008-11-23,23,11,2008,328,-2.3,3.7,0.4,1.9,1881.1,3371.1,501.4
FLAKKEBJERG,2008-11-24,24,11,2008,329,-5.7,2.9,-0.9,0,1881.1,3371.1,501.4
FLAKKEBJERG,2008-11-25,25,11,2008,330,-1.5,2.5,1.2,0.6,1881.1,3372.3,502
FLAKKEBJERG,2008-11-26,26,11,2008,331,-1,8.8,5.6,0.3,1881.8,3378,502.3
FLAKKEBJERG,2008-11-27,27,11,2008,332,4.3,8.3,7.6,0,1884.4,3385.6,502.3
FLAKKEBJERG,2008-11-28,28,11,2008,333,5.9,7.1,5.5,0.1,1884.9,3391.1,502.4
FLAKKEBJERG,2008-11-29,29,11,2008,334,2.3,4,2.7,0.5,1884.9,3393.7,502.9
FLAKKEBJERG,2008-11-30,30,11,2008,335,1.8,3.2,2.8,3.5,1884.9,3396.6,506.4
FLAKKEBJERG,2008-12-01,01,12,2008,336,1.6,4.3,3.2,0.1,1884.9,3399.7,506.5
FLAKKEBJERG,2008-12-02,02,12,2008,337,1.7,4.4,3.7,9,1884.9,3403.4,515.5
FLAKKEBJERG,2008-12-03,03,12,2008,338,2.6,4,1.9,2.7,1884.9,3405.4,518.2
FLAKKEBJERG,2008-12-04,04,12,2008,339,0.1,3.7,2,3.8,1884.9,3407.4,522
FLAKKEBJERG,2008-12-05,05,12,2008,340,1.7,5,4.3,2.9,1884.9,3411.7,524.9
FLAKKEBJERG,2008-12-06,06,12,2008,341,3.9,5.1,4.2,7,1884.9,3416,531.9
FLAKKEBJERG,2008-12-07,07,12,2008,342,3.3,5.3,4.1,0,1884.9,3420,531.9
FLAKKEBJERG,2008-12-08,08,12,2008,343,2.9,6,5.2,1.3,1885.1,3425.3,533.2
FLAKKEBJERG,2008-12-09,09,12,2008,344,4,5.9,3.8,3.1,1885.1,3429,536.3
FLAKKEBJERG,2008-12-10,10,12,2008,345,0.1,3.8,1.5,8.7,1885.1,3430.6,545
FLAKKEBJERG,2008-12-11,11,12,2008,346,-2.6,0.9,-0.3,0,1885.1,3430.6,545
FLAKKEBJERG,2008-12-12,12,12,2008,347,-2.5,2.6,1.1,1.3,1885.1,3431.7,546.3
FLAKKEBJERG,2008-12-13,13,12,2008,348,0,5.2,2.2,0,1885.1,3433.9,546.3
FLAKKEBJERG,2008-12-14,14,12,2008,349,0,4.3,3.7,0,1885.1,3437.6,546.3
FLAKKEBJERG,2008-12-15,15,12,2008,350,3.4,4.2,3.6,0,1885.1,3441.2,546.3
FLAKKEBJERG,2008-12-16,16,12,2008,351,3.2,3.6,3.3,0,1885.1,3444.5,546.3
FLAKKEBJERG,2008-12-17,17,12,2008,352,3.2,4.1,3.3,0,1885.1,3447.8,546.3
FLAKKEBJERG,2008-12-18,18,12,2008,353,2.4,4.5,3.4,0.4,1885.1,3451.2,546.7
FLAKKEBJERG,2008-12-19,19,12,2008,354,3.2,6.1,4.8,4.8,1885.1,3456,551.5
FLAKKEBJERG,2008-12-20,20,12,2008,355,3.2,7.5,6,1.3,1886.1,3462,552.8
FLAKKEBJERG,2008-12-21,21,12,2008,356,3.4,8.4,5.6,0,1886.7,3467.6,552.8
FLAKKEBJERG,2008-12-22,22,12,2008,357,3.2,8.6,6.8,0.3,1888.5,3474.4,553.1
FLAKKEBJERG,2008-12-23,23,12,2008,358,1,5,2.9,0,1888.5,3477.3,553.1
FLAKKEBJERG,2008-12-24,24,12,2008,359,0.5,6.2,5.4,1.1,1888.9,3482.6,554.2
FLAKKEBJERG,2008-12-25,25,12,2008,360,2,3.5,1.8,0,1888.9,3484.4,554.2
FLAKKEBJERG,2008-12-26,26,12,2008,361,-1.5,3.2,-0.2,0,1888.9,3484.4,554.2
FLAKKEBJERG,2008-12-27,27,12,2008,362,-1.4,2.2,1.2,0,1888.9,3485.6,554.2
FLAKKEBJERG,2008-12-28,28,12,2008,363,0.3,1.9,0.6,0,1888.9,3486.3,554.2
FLAKKEBJERG,2008-12-29,29,12,2008,364,-1.2,2.4,0,0,1888.9,3486.3,554.2
FLAKKEBJERG,2008-12-30,30,12,2008,365,-2.1,-0.7,-2,0,1888.9,3486.3,554.2
FLAKKEBJERG,2008-12-31,31,12,2008,366,-4.6,-0.8,-2.7,0,1888.9,3486.3,554.2
FLAKKEBJERG,2009-01-01,01,01,2009,1,-6.2,0.5,-0.9,0,0,0,0
FLAKKEBJERG,2009-01-02,02,01,2009,2,-5.4,0.6,-2.8,0,0,0,0
FLAKKEBJERG,2009-01-03,03,01,2009,3,-5.2,3.5,1.2,0,0,1.2,0
FLAKKEBJERG,2009-01-04,04,01,2009,4,-1.4,0.3,-1.9,0.5,0,1.2,0.5
FLAKKEBJERG,2009-01-05,05,01,2009,5,-7.2,-2.3,-5.9,0.2,0,1.2,0.7
FLAKKEBJERG,2009-01-06,06,01,2009,6,-8.5,1.2,-1,0,0,1.2,0.7
FLAKKEBJERG,2009-01-07,07,01,2009,7,-1,1.9,-0.6,0.7,0,1.2,1.4
FLAKKEBJERG,2009-01-08,08,01,2009,8,-7.2,2.1,-0.9,0,0,1.2,1.4
FLAKKEBJERG,2009-01-09,09,01,2009,9,-0.7,5.1,3.7,0,0,4.9,1.4
FLAKKEBJERG,2009-01-10,10,01,2009,10,1.7,3.6,2.1,0,0,7,1.4
FLAKKEBJERG,2009-01-11,11,01,2009,11,-1.5,3.6,0.8,0,0,7.9,1.4
FLAKKEBJERG,2009-01-12,12,01,2009,12,-1.5,4.5,3.5,0,0,11.4,1.4
FLAKKEBJERG,2009-01-13,13,01,2009,13,2.9,4.3,3.7,1.6,0,15.1,3
FLAKKEBJERG,2009-01-14,14,01,2009,14,2.8,3.6,3.1,1.6,0,18.2,4.6000000000000005
FLAKKEBJERG,2009-01-15,15,01,2009,15,1.6,2.8,1.7,0,0,19.8,4.6000000000000005
FLAKKEBJERG,2009-01-16,16,01,2009,16,-1.9,1.1,-0.4,0,0,19.8,4.6000000000000005
FLAKKEBJERG,2009-01-17,17,01,2009,17,-1.1,0.1,-0.6,0,0,19.8,4.6000000000000005
FLAKKEBJERG,2009-01-18,18,01,2009,18,-1.4,3.2,2.1,0.5,0,21.9,5.1000000000000005
FLAKKEBJERG,2009-01-19,19,01,2009,19,1.8,3.4,2.2,5.9,0,24.1,11
FLAKKEBJERG,2009-01-20,20,01,2009,20,1.1,4.6,3.5,5.3,0,27.7,16.3
FLAKKEBJERG,2009-01-21,21,01,2009,21,1,4.5,1.8,0,0,29.5,16.3
FLAKKEBJERG,2009-01-22,22,01,2009,22,-0.8,2.2,0.6,0,0,30.1,16.3
FLAKKEBJERG,2009-01-23,23,01,2009,23,-0.2,2.3,1.2,2.2,0,31.3,18.5
FLAKKEBJERG,2009-01-24,24,01,2009,24,0,3.5,2,4.5,0,33.3,23
FLAKKEBJERG,2009-01-25,25,01,2009,25,1.2,3.4,2.4,0.7,0,35.7,23.7
FLAKKEBJERG,2009-01-26,26,01,2009,26,-0.4,2,1,0,0,36.7,23.7
FLAKKEBJERG,2009-01-27,27,01,2009,27,-0.5,3.3,1.1,0,0,37.8,23.7
FLAKKEBJERG,2009-01-28,28,01,2009,28,-0.3,1.1,-0.2,0,0,37.8,23.7
FLAKKEBJERG,2009-01-29,29,01,2009,29,-2.8,-1.8,-2.4,0,0,37.8,23.7
FLAKKEBJERG,2009-01-30,30,01,2009,30,-3.2,0.7,-0.6,0,0,37.8,23.7
FLAKKEBJERG,2009-01-31,31,01,2009,31,-1.5,1.8,0.6,0,0,38.3,23.7
FLAKKEBJERG,2009-02-01,01,02,2009,32,-2.9,0.1,-1.2,0,0,38.3,23.7
FLAKKEBJERG,2009-02-02,02,02,2009,33,-1.8,1.3,0.3,0.5,0,38.7,24.2
FLAKKEBJERG,2009-02-03,03,02,2009,34,0,1.3,0.8,0,0,39.5,24.2
FLAKKEBJERG,2009-02-04,04,02,2009,35,-0.1,1.2,0.5,0,0,40,24.2
FLAKKEBJERG,2009-02-05,05,02,2009,36,0,2.4,0.8,1.9,0,40.8,26.1
FLAKKEBJERG,2009-02-06,06,02,2009,37,0.3,4.4,2.9,1.9,0,43.7,28
FLAKKEBJERG,2009-02-07,07,02,2009,38,1,2.9,2,0,0,45.8,28
FLAKKEBJERG,2009-02-08,08,02,2009,39,0.5,3.1,1.3,1.9,0,47.1,29.9
FLAKKEBJERG,2009-02-09,09,02,2009,40,0.2,1.1,0.5,0.2,0,47.6,30.1
FLAKKEBJERG,2009-02-10,10,02,2009,41,-0.1,2,0.5,0.3,0,48.1,30.4
FLAKKEBJERG,2009-02-11,11,02,2009,42,-0.8,1.6,0,1.9,0,48.2,32.3
FLAKKEBJERG,2009-02-12,12,02,2009,43,-1.3,-0.1,-1.2,0,0,48.2,32.3
FLAKKEBJERG,2009-02-13,13,02,2009,44,-8.3,1,-2.9,0,0,48.2,32.3
FLAKKEBJERG,2009-02-14,14,02,2009,45,-4.9,1.3,-1.7,0,0,48.2,32.3
FLAKKEBJERG,2009-02-15,15,02,2009,46,-3.2,0.8,-0.2,0,0,48.2,32.3
FLAKKEBJERG,2009-02-16,16,02,2009,47,-0.7,0.1,-0.7,1.3,0,48.2,33.6
FLAKKEBJERG,2009-02-17,17,02,2009,48,-7.4,-1,-4.6,0.8,0,48.2,34.4
FLAKKEBJERG,2009-02-18,18,02,2009,49,-9.2,0.2,-3.3,0,0,48.2,34.4
FLAKKEBJERG,2009-02-19,19,02,2009,50,-4,0.4,0.1,3.2,0,48.3,37.6
FLAKKEBJERG,2009-02-20,20,02,2009,51,-0.5,1.1,0.2,1.2,0,48.5,38.8
FLAKKEBJERG,2009-02-21,21,02,2009,52,-0.7,0.9,0,0.1,0,48.5,38.9
FLAKKEBJERG,2009-02-22,22,02,2009,53,-0.2,6.4,3.8,3.1,0,52.3,42
FLAKKEBJERG,2009-02-23,23,02,2009,54,0.8,3.5,1,0,0,53.4,42
FLAKKEBJERG,2009-02-24,24,02,2009,55,-2,3.5,1,0,0,54.4,42
FLAKKEBJERG,2009-02-25,25,02,2009,56,-0.6,4.9,4.1,0.1,0,58.5,42.1
FLAKKEBJERG,2009-02-26,26,02,2009,57,3.4,6.9,4.5,0.2,0,63.1,42.3
FLAKKEBJERG,2009-02-27,27,02,2009,58,1.3,6.2,3.6,2.6,0,66.7,44.9
FLAKKEBJERG,2009-02-28,28,02,2009,59,-0.3,3.6,1.9,0,0,68.6,44.9
FLAKKEBJERG,2009-03-01,01,03,2009,60,0.5,4,2.8,0.4,0,71.4,45.3
FLAKKEBJERG,2009-03-02,02,03,2009,61,2.5,5.6,3.7,1.8,0,75.1,47.1
FLAKKEBJERG,2009-03-03,03,03,2009,62,2.9,6.5,4.6,1.3,0,79.7,48.4
FLAKKEBJERG,2009-03-04,04,03,2009,63,2.8,6.6,4.1,0,0,83.8,48.4
FLAKKEBJERG,2009-03-05,05,03,2009,64,3.3,6.4,4.5,0,0,88.3,48.4
FLAKKEBJERG,2009-03-06,06,03,2009,65,2.3,4.2,2.7,0,0,91,48.4
FLAKKEBJERG,2009-03-07,07,03,2009,66,1.1,3.8,2.5,2.4,0,93.5,50.8
FLAKKEBJERG,2009-03-08,08,03,2009,67,1.2,6.7,3.5,2.4,0,97,53.2
FLAKKEBJERG,2009-03-09,09,03,2009,68,0.8,5.2,2.8,2.8,0,99.7,56
FLAKKEBJERG,2009-03-10,10,03,2009,69,1.7,7.9,4.1,3.6,0,103.8,59.6
FLAKKEBJERG,2009-03-11,11,03,2009,70,1.4,6.7,3.4,0.5,0,107.2,60.1
FLAKKEBJERG,2009-03-12,12,03,2009,71,-1.9,5.4,1.8,0,0,109,60.1
FLAKKEBJERG,2009-03-13,13,03,2009,72,1.3,8.2,5.8,7.8,0.8,114.8,67.9
FLAKKEBJERG,2009-03-14,14,03,2009,73,0.7,8.2,4.5,0,0.8,119.3,67.9
FLAKKEBJERG,2009-03-15,15,03,2009,74,2.2,7.7,6,4.2,1.8,125.3,72.1
FLAKKEBJERG,2009-03-16,16,03,2009,75,3.7,7.2,5.2,0,2,130.5,72.1
FLAKKEBJERG,2009-03-17,17,03,2009,76,4.7,8.5,6,3.2,2.9,136.5,75.3
FLAKKEBJERG,2009-03-18,18,03,2009,77,2.4,9.2,5.5,0,3.5,142,75.3
FLAKKEBJERG,2009-03-19,19,03,2009,78,0.8,8,3.9,0,3.5,145.9,75.3
FLAKKEBJERG,2009-03-20,20,03,2009,79,-2.2,5.1,1.8,0,3.5,147.7,75.3
FLAKKEBJERG,2009-03-21,21,03,2009,80,0.6,4.3,2.8,0,3.5,150.5,75.3
FLAKKEBJERG,2009-03-22,22,03,2009,81,2.4,8.8,6.3,0,4.8,156.9,75.3
FLAKKEBJERG,2009-03-23,23,03,2009,82,4.1,4.9,3.5,0.4,4.8,160.4,75.7
FLAKKEBJERG,2009-03-24,24,03,2009,83,-0.3,2.3,0.4,18.8,4.8,160.8,94.5
FLAKKEBJERG,2009-03-25,25,03,2009,84,-3.3,1.8,-0.7,0,4.8,160.8,94.5
FLAKKEBJERG,2009-03-26,26,03,2009,85,-1.6,4.7,1.9,0,4.8,162.7,94.5
FLAKKEBJERG,2009-03-27,27,03,2009,86,1.9,6.8,5,6.5,4.8,167.7,101
FLAKKEBJERG,2009-03-28,28,03,2009,87,2.2,7.8,5.2,0.2,5,172.9,101.2
FLAKKEBJERG,2009-03-29,29,03,2009,88,1.2,9.1,5.1,0.1,5.1,178,101.3
FLAKKEBJERG,2009-03-30,30,03,2009,89,0,7.3,4.2,0,5.1,182.1,101.3
FLAKKEBJERG,2009-03-31,31,03,2009,90,3.7,8.5,6.2,0,6.2,188.3,101.3
FLAKKEBJERG,2009-04-01,01,04,2009,91,5,9.3,6.6,0,7.9,194.9,101.3
FLAKKEBJERG,2009-04-02,02,04,2009,92,-0.3,10.6,4.2,0,7.9,199.1,101.3
FLAKKEBJERG,2009-04-03,03,04,2009,93,-0.8,15,7.2,0,10.1,206.3,101.3
FLAKKEBJERG,2009-04-04,04,04,2009,94,1.5,17.5,9.2,0,14.3,215.6,101.3
FLAKKEBJERG,2009-04-05,05,04,2009,95,6,11.3,7.6,0,17,223.2,101.3
FLAKKEBJERG,2009-04-06,06,04,2009,96,-1,12.4,7.1,0,19,230.3,101.3
FLAKKEBJERG,2009-04-07,07,04,2009,97,6.2,15.8,10.2,0,24.3,240.5,101.3
FLAKKEBJERG,2009-04-08,08,04,2009,98,6.2,13.4,9.4,5,28.7,249.9,106.3
FLAKKEBJERG,2009-04-09,09,04,2009,99,4.2,13.7,9,0.9,32.7,258.9,107.2
FLAKKEBJERG,2009-04-10,10,04,2009,100,4.4,15.4,9.9,0,37.6,268.8,107.2
FLAKKEBJERG,2009-04-11,11,04,2009,101,5.9,14.4,9.6,0,42.2,278.4,107.2
FLAKKEBJERG,2009-04-12,12,04,2009,102,3.6,13.4,8,0,45.2,286.4,107.2
FLAKKEBJERG,2009-04-13,13,04,2009,103,3,16,9.1,0,49.3,295.5,107.2
FLAKKEBJERG,2009-04-14,14,04,2009,104,5,17.8,10.8,0,55,306.2,107.2
FLAKKEBJERG,2009-04-15,15,04,2009,105,6.6,13.6,9.4,0,59.4,315.6,107.2
FLAKKEBJERG,2009-04-16,16,04,2009,106,5.2,12.5,8.2,0,62.6,323.9,107.2
FLAKKEBJERG,2009-04-17,17,04,2009,107,2.2,14.3,7.9,0,65.6,331.8,107.2
FLAKKEBJERG,2009-04-18,18,04,2009,108,2.5,14.2,8.4,0,68.9,340.1,107.2
FLAKKEBJERG,2009-04-19,19,04,2009,109,0.4,10.5,5.5,0,69.4,345.7,107.2
FLAKKEBJERG,2009-04-20,20,04,2009,110,-1,14.8,8,0,72.5,353.7,107.2
FLAKKEBJERG,2009-04-21,21,04,2009,111,1.1,14.4,8,0,75.5,361.7,107.2
FLAKKEBJERG,2009-04-22,22,04,2009,112,2.5,10.8,7,0,77.6,368.8,107.2
FLAKKEBJERG,2009-04-23,23,04,2009,113,2.2,16.5,9.7,0,82.2,378.4,107.2
FLAKKEBJERG,2009-04-24,24,04,2009,114,1.5,16.9,9.9,0,87.1,388.3,107.2
FLAKKEBJERG,2009-04-25,25,04,2009,115,3.3,16.9,11.1,0,93.2,399.4,107.2
FLAKKEBJERG,2009-04-26,26,04,2009,116,8.4,22.9,14.7,0,102.9,414.1,107.2
FLAKKEBJERG,2009-04-27,27,04,2009,117,7.9,20.2,13.8,0,111.7,427.9,107.2
FLAKKEBJERG,2009-04-28,28,04,2009,118,9.7,19.6,13.5,0,120.3,441.5,107.2
FLAKKEBJERG,2009-04-29,29,04,2009,119,6.6,19.7,13.8,0,129.1,455.3,107.2
FLAKKEBJERG,2009-04-30,30,04,2009,120,7.9,20.2,13.4,0,137.5,468.7,107.2
FLAKKEBJERG,2009-05-01,01,05,2009,121,4.9,17,10.4,0,142.9,479.1,107.2
FLAKKEBJERG,2009-05-02,02,05,2009,122,0.7,18,10.5,0,148.4,489.6,107.2
FLAKKEBJERG,2009-05-03,03,05,2009,123,6.6,15.6,11,0,154.4,500.6,107.2
FLAKKEBJERG,2009-05-04,04,05,2009,124,6.5,13,9.4,2.6,158.8,510.1,109.8
FLAKKEBJERG,2009-05-05,05,05,2009,125,7.7,13.6,10.1,5.9,163.9,520.1,115.7
FLAKKEBJERG,2009-05-06,06,05,2009,126,8.7,12.5,10,5,168.9,530.1,120.7
FLAKKEBJERG,2009-05-07,07,05,2009,127,6.2,14,10.5,0.2,174.3,540.6,120.9
FLAKKEBJERG,2009-05-08,08,05,2009,128,7.8,17.4,12.2,0,181.6,552.8,120.9
FLAKKEBJERG,2009-05-09,09,05,2009,129,6.5,15.5,11.5,5.2,188.1,564.3,126.10000000000001
FLAKKEBJERG,2009-05-10,10,05,2009,130,5.3,16,11.1,0,194.2,575.4,126.10000000000001
FLAKKEBJERG,2009-05-11,11,05,2009,131,6.4,12.7,9.6,0,198.8,585,126.10000000000001
FLAKKEBJERG,2009-05-12,12,05,2009,132,5,15.9,10.9,0,204.7,595.9,126.10000000000001
FLAKKEBJERG,2009-05-13,13,05,2009,133,3.8,16.7,10.7,0,210.3,606.6,126.10000000000001
FLAKKEBJERG,2009-05-14,14,05,2009,134,3.1,15.5,9.5,0,214.9,616.1,126.10000000000001
FLAKKEBJERG,2009-05-15,15,05,2009,135,5.1,14.1,9.7,0,219.6,625.8,126.10000000000001
FLAKKEBJERG,2009-05-16,16,05,2009,136,7.5,9.2,8.3,2.1,222.9,634.2,128.2
FLAKKEBJERG,2009-05-17,17,05,2009,137,7.4,13.7,10.1,3.1,228.1,644.3,131.3
FLAKKEBJERG,2009-05-18,18,05,2009,138,7.8,18.5,13.3,3.8,236.3,657.5,135.1
FLAKKEBJERG,2009-05-19,19,05,2009,139,5.9,18.9,14,0,245.3,671.6,135.1
FLAKKEBJERG,2009-05-20,20,05,2009,140,8.8,17.7,13.8,3.7,254.2,685.4,138.8
FLAKKEBJERG,2009-05-21,21,05,2009,141,7.7,19.5,13.5,0,262.6,698.8,138.8
FLAKKEBJERG,2009-05-22,22,05,2009,142,9.9,15.7,11.8,2,269.5,710.7,140.8
FLAKKEBJERG,2009-05-23,23,05,2009,143,8.6,17.1,12.2,3.4,276.6,722.8,144.2
FLAKKEBJERG,2009-05-24,24,05,2009,144,7.2,18.8,13.5,0,285.1,736.3,144.2
FLAKKEBJERG,2009-05-25,25,05,2009,145,10,17.7,13.1,0.1,293.2,749.4,144.3
FLAKKEBJERG,2009-05-26,26,05,2009,146,7.4,22.9,15.8,0,304,765.2,144.3
FLAKKEBJERG,2009-05-27,27,05,2009,147,10.9,15.7,12.8,1.7,311.8,778.1,146
FLAKKEBJERG,2009-05-28,28,05,2009,148,10.5,14.6,12.3,3.1,319.2,790.4,149.1
FLAKKEBJERG,2009-05-29,29,05,2009,149,8.9,17.9,14,0,328.2,804.4,149.1
FLAKKEBJERG,2009-05-30,30,05,2009,150,8.9,21.9,16.1,0,339.3,820.5,149.1
FLAKKEBJERG,2009-05-31,31,05,2009,151,11.1,24.6,18,0,352.3,838.5,149.1
FLAKKEBJERG,2009-06-01,01,06,2009,152,10.6,24,18,0,365.3,856.5,149.1
FLAKKEBJERG,2009-06-02,02,06,2009,153,9.4,22,16,0,376.3,872.5,149.1
FLAKKEBJERG,2009-06-03,03,06,2009,154,9.2,15.5,11.8,0.6,383.1,884.3,149.7
FLAKKEBJERG,2009-06-04,04,06,2009,155,6.1,15.4,10,0,388.1,894.3,149.7
FLAKKEBJERG,2009-06-05,05,06,2009,156,5.2,14.3,9.8,0.8,392.9,904.1,150.5
FLAKKEBJERG,2009-06-06,06,06,2009,157,1.9,15.1,9.4,0.3,397.2,913.5,150.8
FLAKKEBJERG,2009-06-07,07,06,2009,158,6.3,14.7,10.5,0,402.7,923.9,150.8
FLAKKEBJERG,2009-06-08,08,06,2009,159,7.2,16.1,11,0,408.7,935,150.8
FLAKKEBJERG,2009-06-09,09,06,2009,160,2.7,15.4,10.4,0,414.1,945.4,150.8
FLAKKEBJERG,2009-06-10,10,06,2009,161,10.7,16.5,13.7,5.9,422.8,959,156.7
FLAKKEBJERG,2009-06-11,11,06,2009,162,7.4,11.9,10.2,0.1,428,969.2,156.8
FLAKKEBJERG,2009-06-12,12,06,2009,163,9,12,10.8,51.7,433.8,980,208.5
FLAKKEBJERG,2009-06-13,13,06,2009,164,9.8,16.6,12.7,14.5,441.5,992.7,223
FLAKKEBJERG,2009-06-14,14,06,2009,165,8.5,18,13.3,0,449.8,1006,223
FLAKKEBJERG,2009-06-15,15,06,2009,166,9.1,16.6,12.4,0,457.2,1018.5,223
FLAKKEBJERG,2009-06-16,16,06,2009,167,5.6,16.1,11.6,0,463.8,1030,223
FLAKKEBJERG,2009-06-17,17,06,2009,168,8.3,17.2,12.9,0,471.7,1042.9,223
FLAKKEBJERG,2009-06-18,18,06,2009,169,12.3,18.2,14.8,1.1,481.5,1057.8,224.1
FLAKKEBJERG,2009-06-19,19,06,2009,170,10,16.6,12.9,0,489.5,1070.7,224.1
FLAKKEBJERG,2009-06-20,20,06,2009,171,10.7,17.8,13.6,2.3,498.1,1084.3,226.4
FLAKKEBJERG,2009-06-21,21,06,2009,172,8.5,17.8,13.8,0.1,506.9,1098.2,226.5
FLAKKEBJERG,2009-06-22,22,06,2009,173,7.5,20.6,14.7,0,516.7,1112.9,226.5
FLAKKEBJERG,2009-06-23,23,06,2009,174,8.4,21.3,16.4,0,528.1,1129.3,226.5
FLAKKEBJERG,2009-06-24,24,06,2009,175,13.4,24.3,18.6,0,541.7,1147.9,226.5
FLAKKEBJERG,2009-06-25,25,06,2009,176,12,23.3,18.1,0,554.8,1166,226.5
FLAKKEBJERG,2009-06-26,26,06,2009,177,16,23.1,18.5,0,568.3,1184.5,226.5
FLAKKEBJERG,2009-06-27,27,06,2009,178,11.9,21.9,16.7,0,580,1201.3,226.5
FLAKKEBJERG,2009-06-28,28,06,2009,179,10.4,23,17.1,0,592.2,1218.4,226.5
FLAKKEBJERG,2009-06-29,29,06,2009,180,11.6,21.6,17.3,0,604.5,1235.7,226.5
FLAKKEBJERG,2009-06-30,30,06,2009,181,12.7,26.7,20.7,0,620.2,1256.4,226.5
FLAKKEBJERG,2009-07-01,01,07,2009,182,16.1,26.6,21.2,0,636.4,1277.6,226.5
FLAKKEBJERG,2009-07-02,02,07,2009,183,14.4,27.2,21.6,0,653,1299.2,226.5
FLAKKEBJERG,2009-07-03,03,07,2009,184,15.1,27.8,21.8,0,669.8,1321,226.5
FLAKKEBJERG,2009-07-04,04,07,2009,185,12.2,27.2,20.8,0,685.6,1341.8,226.5
FLAKKEBJERG,2009-07-05,05,07,2009,186,17.1,23.1,19.1,0,699.7,1360.9,226.5
FLAKKEBJERG,2009-07-06,06,07,2009,187,12,22.2,17.8,0.1,712.5,1378.7,226.6
FLAKKEBJERG,2009-07-07,07,07,2009,188,12.6,21.8,17.4,3.8,725,1396.2,230.4
FLAKKEBJERG,2009-07-08,08,07,2009,189,12.5,20.7,16.7,0,736.6,1412.9,230.4
FLAKKEBJERG,2009-07-09,09,07,2009,190,13.2,19.5,15.9,0.3,747.5,1428.8,230.70000000000002
FLAKKEBJERG,2009-07-10,10,07,2009,191,12.1,17.3,14.4,7.7,757,1443.2,238.4
FLAKKEBJERG,2009-07-11,11,07,2009,192,12.7,18.7,15.3,2.5,767.3,1458.5,240.9
FLAKKEBJERG,2009-07-12,12,07,2009,193,12.6,19.4,16.2,0,778.5,1474.7,240.9
FLAKKEBJERG,2009-07-13,13,07,2009,194,14.6,21.1,17.8,4.7,791.3,1492.5,245.6
FLAKKEBJERG,2009-07-14,14,07,2009,195,13.4,24.2,19.6,0,805.9,1512.1,245.6
FLAKKEBJERG,2009-07-15,15,07,2009,196,13.7,26.7,20.2,0,821.1,1532.3,245.6
FLAKKEBJERG,2009-07-16,16,07,2009,197,14.1,24.4,19.3,0,835.4,1551.6,245.6
FLAKKEBJERG,2009-07-17,17,07,2009,198,10.9,25.9,19,0,849.3,1570.5,245.6
FLAKKEBJERG,2009-07-18,18,07,2009,199,17.2,19.7,17.8,5.2,862.2,1588.4,250.8
FLAKKEBJERG,2009-07-19,19,07,2009,200,14.7,20.3,17,4,874.2,1605.4,254.8
FLAKKEBJERG,2009-07-20,20,07,2009,201,13.3,19.5,15.9,0,885.1,1621.3,254.8
FLAKKEBJERG,2009-07-21,21,07,2009,202,13.5,22.3,17.3,0.9,897.4,1638.7,255.70000000000002
FLAKKEBJERG,2009-07-22,22,07,2009,203,11.3,22.3,18.3,0.1,910.7,1656.9,255.8
FLAKKEBJERG,2009-07-23,23,07,2009,204,16.1,22.4,18.6,21.1,924.3,1675.5,276.90000000000003
FLAKKEBJERG,2009-07-24,24,07,2009,205,13.3,20.3,16.4,0.3,935.6,1691.8,277.2
FLAKKEBJERG,2009-07-25,25,07,2009,206,12.4,20.3,16.5,1.7,947.1,1708.3,278.90000000000003
FLAKKEBJERG,2009-07-26,26,07,2009,207,14.1,20,16.5,1.7,958.6,1724.8,280.6
FLAKKEBJERG,2009-07-27,27,07,2009,208,14,25.2,19.6,0,973.2,1744.4,280.6
FLAKKEBJERG,2009-07-28,28,07,2009,209,14,23,18.2,0.3,986.4,1762.6,280.90000000000003
FLAKKEBJERG,2009-07-29,29,07,2009,210,9.9,24.1,18.4,0,999.8,1781,280.90000000000003
FLAKKEBJERG,2009-07-30,30,07,2009,211,16.1,20.7,17.9,4.1,1012.7,1799,285
FLAKKEBJERG,2009-07-31,31,07,2009,212,13.2,21.4,16.9,0.7,1024.6,1815.8,285.7
FLAKKEBJERG,2009-08-01,01,08,2009,213,6.9,22.4,16.4,0,1036,1832.2,285.7
FLAKKEBJERG,2009-08-02,02,08,2009,214,15.6,27.2,20.6,0,1051.6,1852.9,285.7
FLAKKEBJERG,2009-08-03,03,08,2009,215,16.3,20.3,17.2,0.2,1063.9,1870.1,285.90000000000003
FLAKKEBJERG,2009-08-04,04,08,2009,216,14.7,21.4,17.5,1.9,1076.4,1887.6,287.8
FLAKKEBJERG,2009-08-05,05,08,2009,217,12.3,25.9,19.2,0,1090.6,1906.9,287.8
FLAKKEBJERG,2009-08-06,06,08,2009,218,12.1,25.9,19.5,0,1105.1,1926.3,287.8
FLAKKEBJERG,2009-08-07,07,08,2009,219,13.5,25.1,19.8,0,1119.9,1946.1,287.8
FLAKKEBJERG,2009-08-08,08,08,2009,220,15.8,28.6,21.6,0,1136.5,1967.7,287.8
FLAKKEBJERG,2009-08-09,09,08,2009,221,16.7,27.9,21.9,0,1153.4,1989.6,287.8
FLAKKEBJERG,2009-08-10,10,08,2009,222,17,25.1,20.7,0,1169.1,2010.3,287.8
FLAKKEBJERG,2009-08-11,11,08,2009,223,15.1,22.3,18.1,0,1182.2,2028.4,287.8
FLAKKEBJERG,2009-08-12,12,08,2009,224,15,21.2,17.4,0,1194.6,2045.8,287.8
FLAKKEBJERG,2009-08-13,13,08,2009,225,13.4,21.4,16.9,0.6,1206.5,2062.7,288.40000000000003
FLAKKEBJERG,2009-08-14,14,08,2009,226,12.8,20.1,16.3,0,1217.8,2079,288.40000000000003
FLAKKEBJERG,2009-08-15,15,08,2009,227,13.1,21.9,17.3,5.1,1230.1,2096.3,293.5
FLAKKEBJERG,2009-08-16,16,08,2009,228,15.1,22.5,19.1,1.3,1244.2,2115.4,294.8
FLAKKEBJERG,2009-08-17,17,08,2009,229,15.8,21.1,17.2,0,1256.4,2132.6,294.8
FLAKKEBJERG,2009-08-18,18,08,2009,230,13.2,19.9,16,1.1,1267.4,2148.6,295.90000000000003
FLAKKEBJERG,2009-08-19,19,08,2009,231,10.5,22.7,16.9,0,1279.4,2165.6,295.90000000000003
FLAKKEBJERG,2009-08-20,20,08,2009,232,16.1,28.9,22.6,0,1296.9,2188.1,295.90000000000003
FLAKKEBJERG,2009-08-21,21,08,2009,233,18.1,22.2,19.3,2.2,1311.2,2207.5,298.1
FLAKKEBJERG,2009-08-22,22,08,2009,234,12.8,20.5,16.4,0,1322.7,2223.9,298.1
FLAKKEBJERG,2009-08-23,23,08,2009,235,7.1,21.3,15.7,0,1333.4,2239.6,298.1
FLAKKEBJERG,2009-08-24,24,08,2009,236,14.3,23.5,18.8,0,1347.2,2258.4,298.1
FLAKKEBJERG,2009-08-25,25,08,2009,237,14.7,23.3,18.8,0,1361,2277.2,298.1
FLAKKEBJERG,2009-08-26,26,08,2009,238,14,21.1,17.5,0.2,1373.5,2294.8,298.3
FLAKKEBJERG,2009-08-27,27,08,2009,239,15.3,26,20.8,0,1389.3,2315.6,298.3
FLAKKEBJERG,2009-08-28,28,08,2009,240,17,22.6,18.1,0,1402.5,2333.7,298.3
FLAKKEBJERG,2009-08-29,29,08,2009,241,13.4,18,15.4,0.4,1412.8,2349.1,298.7
FLAKKEBJERG,2009-08-30,30,08,2009,242,12,17.5,14.6,0.6,1422.4,2363.6,299.3
FLAKKEBJERG,2009-08-31,31,08,2009,243,12.5,18.3,16.5,2.8,1433.9,2380.1,302.1
FLAKKEBJERG,2009-09-01,01,09,2009,244,15.8,27,20,0.3,1448.9,2400.1,302.40000000000003
FLAKKEBJERG,2009-09-02,02,09,2009,245,14.9,19.2,16.2,29.2,1460.1,2416.3,331.6
FLAKKEBJERG,2009-09-03,03,09,2009,246,12.8,18,15.8,2.1,1470.9,2432.1,333.7
FLAKKEBJERG,2009-09-04,04,09,2009,247,13.7,17.7,15.5,6.5,1481.4,2447.6,340.2
FLAKKEBJERG,2009-09-05,05,09,2009,248,13.5,17.3,14.7,2.6,1491.1,2462.3,342.8
FLAKKEBJERG,2009-09-06,06,09,2009,249,11.9,18.8,15.3,2,1501.4,2477.6,344.8
FLAKKEBJERG,2009-09-07,07,09,2009,250,14,18.7,16.1,0.2,1512.5,2493.8,345
FLAKKEBJERG,2009-09-08,08,09,2009,251,14,23.2,18.8,0,1526.4,2512.6,345
FLAKKEBJERG,2009-09-09,09,09,2009,252,15.3,22.6,17.9,0,1539.3,2530.5,345
FLAKKEBJERG,2009-09-10,10,09,2009,253,11.2,19.6,15.1,0,1549.4,2545.6,345
FLAKKEBJERG,2009-09-11,11,09,2009,254,9.2,19.4,14.3,0,1558.6,2559.9,345
FLAKKEBJERG,2009-09-12,12,09,2009,255,7.6,17.5,13.4,0,1567.1,2573.3,345
FLAKKEBJERG,2009-09-13,13,09,2009,256,11.7,17.5,14.9,1.1,1577,2588.2,346.1
FLAKKEBJERG,2009-09-14,14,09,2009,257,11.7,19.2,14.5,15.7,1586.5,2602.7,361.8
FLAKKEBJERG,2009-09-15,15,09,2009,258,10.3,19.1,13.7,0,1595.2,2616.4,361.8
FLAKKEBJERG,2009-09-16,16,09,2009,259,6.8,18.2,13,0,1603.2,2629.4,361.8
FLAKKEBJERG,2009-09-17,17,09,2009,260,5.3,18.3,12.1,0,1610.3,2641.6,361.8
FLAKKEBJERG,2009-09-18,18,09,2009,261,4.4,19,12.1,0,1617.5,2653.7,361.8
FLAKKEBJERG,2009-09-19,19,09,2009,262,8.5,21.1,14.6,0,1627,2668.3,361.8
FLAKKEBJERG,2009-09-20,20,09,2009,263,6.9,22.1,14.6,0,1636.7,2682.9,361.8
FLAKKEBJERG,2009-09-21,21,09,2009,264,8.6,17.8,13.8,0,1645.4,2696.6,361.8
FLAKKEBJERG,2009-09-22,22,09,2009,265,14,19,15.8,0.6,1656.2,2712.4,362.4
FLAKKEBJERG,2009-09-23,23,09,2009,266,14.1,18,15,0.1,1666.3,2727.5,362.5
FLAKKEBJERG,2009-09-24,24,09,2009,267,11.7,18.7,14,0,1675.3,2741.5,362.5
FLAKKEBJERG,2009-09-25,25,09,2009,268,10.4,18.9,14.5,0.1,1684.8,2756,362.6
FLAKKEBJERG,2009-09-26,26,09,2009,269,13.7,16.3,15,0,1694.8,2771,362.6
FLAKKEBJERG,2009-09-27,27,09,2009,270,14.3,16.6,15.2,0,1705,2786.2,362.6
FLAKKEBJERG,2009-09-28,28,09,2009,271,14.2,17.6,14.9,0.3,1714.9,2801.1,362.9
FLAKKEBJERG,2009-09-29,29,09,2009,272,10.2,12.8,11.2,1.7,1721.1,2812.3,364.6
FLAKKEBJERG,2009-09-30,30,09,2009,273,6.2,13,10.5,0,1726.6,2822.9,364.6
FLAKKEBJERG,2009-10-01,01,10,2009,274,9.1,13.1,10.5,1.2,1732.1,2833.3,365.8
FLAKKEBJERG,2009-10-02,02,10,2009,275,6.9,11.7,8.6,0.4,1735.7,2842,366.2
FLAKKEBJERG,2009-10-03,03,10,2009,276,6.8,13.5,11.4,10.4,1742.2,2853.4,376.6
FLAKKEBJERG,2009-10-04,04,10,2009,277,10.3,12.9,11.2,13.4,1748.4,2864.6,390
FLAKKEBJERG,2009-10-05,05,10,2009,278,7.7,13.2,10.1,0,1753.5,2874.7,390
FLAKKEBJERG,2009-10-06,06,10,2009,279,6,14.6,11.5,0,1760,2886.2,390
FLAKKEBJERG,2009-10-07,07,10,2009,280,11.4,15.4,12.1,4.2,1767.1,2898.3,394.2
FLAKKEBJERG,2009-10-08,08,10,2009,281,4.7,13.4,8.9,0,1771,2907.2,394.2
FLAKKEBJERG,2009-10-09,09,10,2009,282,7,11.2,8.1,0.9,1774.1,2915.3,395.1
FLAKKEBJERG,2009-10-10,10,10,2009,283,2.9,10.6,7.4,0,1776.5,2922.7,395.1
FLAKKEBJERG,2009-10-11,11,10,2009,284,7.2,10.6,8.4,4.1,1779.9,2931.1,399.2
FLAKKEBJERG,2009-10-12,12,10,2009,285,6.3,9.7,6.8,0,1781.7,2937.9,399.2
FLAKKEBJERG,2009-10-13,13,10,2009,286,3.1,8.1,5.4,0.4,1782.1,2943.3,399.6
FLAKKEBJERG,2009-10-14,14,10,2009,287,-0.9,7.3,3.5,0,1782.1,2946.9,399.6
FLAKKEBJERG,2009-10-15,15,10,2009,288,1.2,8.5,4.4,0,1782.1,2951.3,399.6
FLAKKEBJERG,2009-10-16,16,10,2009,289,-0.3,6.9,4.3,3.4,1782.1,2955.6,403
FLAKKEBJERG,2009-10-17,17,10,2009,290,3.7,9.5,6.9,2.6,1784,2962.5,405.6
FLAKKEBJERG,2009-10-18,18,10,2009,291,0.6,9.9,5.8,0.1,1784.8,2968.3,405.7
FLAKKEBJERG,2009-10-19,19,10,2009,292,3.9,10.7,8.4,0.1,1788.2,2976.7,405.8
FLAKKEBJERG,2009-10-20,20,10,2009,293,7.2,10.3,7.6,0,1790.8,2984.3,405.8
FLAKKEBJERG,2009-10-21,21,10,2009,294,2.5,9.8,6.5,0,1792.3,2990.8,405.8
FLAKKEBJERG,2009-10-22,22,10,2009,295,5.9,9.8,8.3,0.1,1795.6,2999.1,405.9
FLAKKEBJERG,2009-10-23,23,10,2009,296,7,8.5,7.6,0,1798.2,3006.7,405.9
FLAKKEBJERG,2009-10-24,24,10,2009,297,7,8.6,7.6,1.4,1800.8,3014.3,407.3
FLAKKEBJERG,2009-10-25,25,10,2009,298,6.6,13,10.1,1.7,1805.9,3024.4,409
FLAKKEBJERG,2009-10-26,26,10,2009,299,9.3,11.5,10.7,4.4,1811.6,3035.1,413.40000000000003
FLAKKEBJERG,2009-10-27,27,10,2009,300,8.7,10.2,8.9,8.8,1815.5,3044,422.2
FLAKKEBJERG,2009-10-28,28,10,2009,301,5.1,8.5,7.3,0,1817.8,3051.3,422.2
FLAKKEBJERG,2009-10-29,29,10,2009,302,6,7.7,5.8,7.3,1818.6,3057.1,429.5
FLAKKEBJERG,2009-10-30,30,10,2009,303,1.4,8.1,5,0,1818.6,3062.1,429.5
FLAKKEBJERG,2009-10-31,31,10,2009,304,3.8,7,5.7,0,1819.3,3067.7,429.5
FLAKKEBJERG,2009-11-01,01,11,2009,305,4.2,6.1,5,0,1819.3,3072.7,429.5
FLAKKEBJERG,2009-11-02,02,11,2009,306,4.3,7.8,6.2,15.7,1820.4,3078.9,445.2
FLAKKEBJERG,2009-11-03,03,11,2009,307,4.6,7.3,5.5,5.9,1820.9,3084.4,451.1
FLAKKEBJERG,2009-11-04,04,11,2009,308,2.3,3.9,2.6,1.3,1820.9,3086.9,452.40000000000003
FLAKKEBJERG,2009-11-05,05,11,2009,309,0.8,7.4,4.4,7,1820.9,3091.3,459.40000000000003
FLAKKEBJERG,2009-11-06,06,11,2009,310,3.1,8.4,7.7,1.1,1823.6,3099,460.5
FLAKKEBJERG,2009-11-07,07,11,2009,311,6.6,8.8,7.4,0.3,1826,3106.4,460.8
FLAKKEBJERG,2009-11-08,08,11,2009,312,5.1,7.3,6.5,0,1827.4,3112.8,460.8
FLAKKEBJERG,2009-11-09,09,11,2009,313,4.9,6.6,5.3,0,1827.7,3118.1,460.8
FLAKKEBJERG,2009-11-10,10,11,2009,314,4.5,6.9,5.7,5.6,1828.5,3123.9,466.40000000000003
FLAKKEBJERG,2009-11-11,11,11,2009,315,5,6.6,5.7,0.3,1829.1,3129.5,466.7
FLAKKEBJERG,2009-11-12,12,11,2009,316,4.4,5.7,5,2.5,1829.1,3134.5,469.2
FLAKKEBJERG,2009-11-13,13,11,2009,317,4.6,9.8,6.8,2.7,1830.9,3141.3,471.90000000000003
FLAKKEBJERG,2009-11-14,14,11,2009,318,5.9,11.8,10.3,12.9,1836.2,3151.6,484.8
FLAKKEBJERG,2009-11-15,15,11,2009,319,8.8,10.4,8.7,1.6,1839.9,3160.3,486.40000000000003
FLAKKEBJERG,2009-11-16,16,11,2009,320,6.1,9.1,8.3,3.8,1843.2,3168.6,490.2
FLAKKEBJERG,2009-11-17,17,11,2009,321,7.8,9.3,8.8,4.5,1847.1,3177.5,494.7
FLAKKEBJERG,2009-11-18,18,11,2009,322,8.2,9.4,8.7,0,1850.8,3186.2,494.7
FLAKKEBJERG,2009-11-19,19,11,2009,323,6.8,11.5,9.8,7.3,1855.6,3196,502
FLAKKEBJERG,2009-11-20,20,11,2009,324,7.1,12.1,9.8,0,1860.4,3205.8,502
FLAKKEBJERG,2009-11-21,21,11,2009,325,7.7,11,8.8,0,1864.2,3214.6,502
FLAKKEBJERG,2009-11-22,22,11,2009,326,6.8,10.7,9.4,0.8,1868.6,3224,502.8
FLAKKEBJERG,2009-11-23,23,11,2009,327,8.3,9.3,8.6,3.6,1872.2,3232.6,506.40000000000003
FLAKKEBJERG,2009-11-24,24,11,2009,328,7.6,10,8.6,1,1875.8,3241.2,507.40000000000003
FLAKKEBJERG,2009-11-25,25,11,2009,329,8.1,11.2,10.3,3.5,1881.1,3251.5,510.90000000000003
FLAKKEBJERG,2009-11-26,26,11,2009,330,8,8.9,8.2,0.3,1884.3,3259.7,511.2
FLAKKEBJERG,2009-11-27,27,11,2009,331,5.8,7.6,6.8,7.3,1886,3266.4,518.5
FLAKKEBJERG,2009-11-28,28,11,2009,332,5,7.8,6.9,2.3,1887.9,3273.3,520.8
FLAKKEBJERG,2009-11-29,29,11,2009,333,5.9,8.7,7.4,5.7,1890.3,3280.7,526.5
FLAKKEBJERG,2009-11-30,30,11,2009,334,5.9,8.2,6.4,0.1,1891.6,3287,526.6
FLAKKEBJERG,2009-12-01,01,12,2009,335,2,5.7,2.7,1.6,1891.6,3289.8,528.2
FLAKKEBJERG,2009-12-02,02,12,2009,336,-2.9,1,-0.5,0,1891.6,3289.8,528.2
FLAKKEBJERG,2009-12-03,03,12,2009,337,-2,4.6,3.2,0,1891.6,3292.9,528.2
FLAKKEBJERG,2009-12-04,04,12,2009,338,3.6,5.9,4.6,2.8,1891.6,3297.6,531
FLAKKEBJERG,2009-12-05,05,12,2009,339,2.3,4.8,4,1,1891.6,3301.5,532
FLAKKEBJERG,2009-12-06,06,12,2009,340,3.6,7,5.4,0.8,1892.1,3306.9,532.8
FLAKKEBJERG,2009-12-07,07,12,2009,341,4.6,7.8,6.3,6.8,1893.3,3313.2,539.6
FLAKKEBJERG,2009-12-08,08,12,2009,342,5.2,6.3,5.1,0,1893.5,3318.3,539.6
FLAKKEBJERG,2009-12-09,09,12,2009,343,1.5,5.9,4.5,0,1893.5,3322.8,539.6
FLAKKEBJERG,2009-12-10,10,12,2009,344,4,5.1,4.9,1,1893.5,3327.8,540.6
FLAKKEBJERG,2009-12-11,11,12,2009,345,2.7,4.9,3.5,4.8,1893.5,3331.2,545.4
FLAKKEBJERG,2009-12-12,12,12,2009,346,0.9,2.8,1.3,0,1893.5,3332.5,545.4
FLAKKEBJERG,2009-12-13,13,12,2009,347,-1.4,2,0.2,0,1893.5,3332.7,545.4
FLAKKEBJERG,2009-12-14,14,12,2009,348,-1.3,1.1,-0.1,0,1893.5,3332.7,545.4
FLAKKEBJERG,2009-12-15,15,12,2009,349,-1.3,2.4,1.1,0,1893.5,3333.8,545.4
FLAKKEBJERG,2009-12-16,16,12,2009,350,0.3,2.1,0.7,0,1893.5,3334.4,545.4
FLAKKEBJERG,2009-12-17,17,12,2009,351,-4.6,-1.3,-4.6,3.1,1893.5,3334.4,548.5
FLAKKEBJERG,2009-12-18,18,12,2009,352,-7.1,-2.8,-3.8,0.1,1893.5,3334.4,548.6
FLAKKEBJERG,2009-12-19,19,12,2009,353,-8.4,-3.7,-7.4,0,1893.5,3334.4,548.6
FLAKKEBJERG,2009-12-20,20,12,2009,354,-11.9,-3.7,-5,0.1,1893.5,3334.4,548.7
FLAKKEBJERG,2009-12-21,21,12,2009,355,-7.5,-2.5,-5.3,0.1,1893.5,3334.4,548.8
FLAKKEBJERG,2009-12-22,22,12,2009,356,-5.8,2.1,-0.8,0,1893.5,3334.4,548.8
FLAKKEBJERG,2009-12-23,23,12,2009,357,-2.3,1.9,1,1.4,1893.5,3335.4,550.2
FLAKKEBJERG,2009-12-24,24,12,2009,358,-2.2,1.8,0,0,1893.5,3335.4,550.2
FLAKKEBJERG,2009-12-25,25,12,2009,359,-1,3.4,2,1.1,1893.5,3337.4,551.3
FLAKKEBJERG,2009-12-26,26,12,2009,360,0.5,4.3,2.7,10.1,1893.5,3340.2,561.4
FLAKKEBJERG,2009-12-27,27,12,2009,361,1.9,4.3,3.6,0.6,1893.5,3343.8,562
FLAKKEBJERG,2009-12-28,28,12,2009,362,2.7,3.4,2.4,2.4,1893.5,3346.1,564.4
FLAKKEBJERG,2009-12-29,29,12,2009,363,-1.1,2.3,-0.5,0,1893.5,3346.1,564.4
FLAKKEBJERG,2009-12-30,30,12,2009,364,-4.2,-0.1,-1.3,0,1893.5,3346.1,564.4
FLAKKEBJERG,2009-12-31,31,12,2009,365,-4.5,-1.2,-3.2,0,1893.5,3346.1,564.4
FLAKKEBJERG,2010-01-01,01,01,2010,1,-13.6,-4.8,-6,0,0,0,0
FLAKKEBJERG,2010-01-02,02,01,2010,2,-7.6,-2.5,-5.3,0,0,0,0
FLAKKEBJERG,2010-01-03,03,01,2010,3,-10,-4.4,-6.9,0,0,0,0
FLAKKEBJERG,2010-01-04,04,01,2010,4,-8.5,0.5,-1.3,0,0,0,0
FLAKKEBJERG,2010-01-05,05,01,2010,5,-3.4,-0.1,-1.1,0.5,0,0,0.5
FLAKKEBJERG,2010-01-06,06,01,2010,6,-4.2,-2.1,-3.8,0.6,0,0,1.1
FLAKKEBJERG,2010-01-07,07,01,2010,7,-7.1,-4.9,-6.4,0,0,0,1.1
FLAKKEBJERG,2010-01-08,08,01,2010,8,-10,-7.2,-9.1,0,0,0,1.1
FLAKKEBJERG,2010-01-09,09,01,2010,9,-11.2,-0.8,-5.6,0,0,0,1.1
FLAKKEBJERG,2010-01-10,10,01,2010,10,-7,0.1,-0.8,0,0,0,1.1
FLAKKEBJERG,2010-01-11,11,01,2010,11,-2.6,-0.3,-1.3,0.1,0,0,1.2
FLAKKEBJERG,2010-01-12,12,01,2010,12,-2.1,-0.2,-1,1.2,0,0,2.4
FLAKKEBJERG,2010-01-13,13,01,2010,13,-1.2,1.4,0.6,0.8,0,0.6,3.2
FLAKKEBJERG,2010-01-14,14,01,2010,14,-2.2,0.4,-2,0,0,0.6,3.2
FLAKKEBJERG,2010-01-15,15,01,2010,15,-3.3,-1.2,-1.7,0,0,0.6,3.2
FLAKKEBJERG,2010-01-16,16,01,2010,16,-2.2,-1,-2.1,0,0,0.6,3.2
FLAKKEBJERG,2010-01-17,17,01,2010,17,-3.8,-2,-2.8,0,0,0.6,3.2
FLAKKEBJERG,2010-01-18,18,01,2010,18,-3.6,-1.3,-2.4,2.3,0,0.6,5.5
FLAKKEBJERG,2010-01-19,19,01,2010,19,-4.1,-0.5,-1.2,0.2,0,0.6,5.7
FLAKKEBJERG,2010-01-20,20,01,2010,20,-1.6,0.3,-0.7,0,0,0.6,5.7
FLAKKEBJERG,2010-01-21,21,01,2010,21,-2.9,-0.6,-1.9,0.2,0,0.6,5.8999999999999995
FLAKKEBJERG,2010-01-22,22,01,2010,22,-5,-3.8,-4.6,0,0,0.6,5.8999999999999995
FLAKKEBJERG,2010-01-23,23,01,2010,23,-7.2,-3.1,-4.7,0,0,0.6,5.8999999999999995
FLAKKEBJERG,2010-01-24,24,01,2010,24,-6.8,-2.9,-4.9,0,0,0.6,5.8999999999999995
FLAKKEBJERG,2010-01-25,25,01,2010,25,-6.2,-2.6,-5,0,0,0.6,5.8999999999999995
FLAKKEBJERG,2010-01-26,26,01,2010,26,-11.2,-1.8,-7,0,0,0.6,5.8999999999999995
FLAKKEBJERG,2010-01-27,27,01,2010,27,-9.9,2.6,-2.2,0.4,0,0.6,6.3
FLAKKEBJERG,2010-01-28,28,01,2010,28,-4,1.3,-0.3,3.1,0,0.6,9.4
FLAKKEBJERG,2010-01-29,29,01,2010,29,-5.1,-0.8,-2.7,0,0,0.6,9.4
FLAKKEBJERG,2010-01-30,30,01,2010,30,-7.9,-3.6,-7.5,2.4,0,0.6,11.8
FLAKKEBJERG,2010-01-31,31,01,2010,31,-13.8,0.1,-2,4.4,0,0.6,16.2
FLAKKEBJERG,2010-02-01,01,02,2010,32,-1.8,0.3,-2.4,0.3,0,0.6,16.5
FLAKKEBJERG,2010-02-02,02,02,2010,33,-10.1,0.7,-2.2,0.4,0,0.6,16.9
FLAKKEBJERG,2010-02-03,03,02,2010,34,-2.5,-0.7,-1.7,1.8,0,0.6,18.7
FLAKKEBJERG,2010-02-04,04,02,2010,35,-13.2,-0.1,-4.3,0,0,0.6,18.7
FLAKKEBJERG,2010-02-05,05,02,2010,36,-4.1,1.6,0.1,0,0,0.8,18.7
FLAKKEBJERG,2010-02-06,06,02,2010,37,-1.2,-0.3,-1.3,0,0,0.8,18.7
FLAKKEBJERG,2010-02-07,07,02,2010,38,-3.1,-1.8,-3.1,0,0,0.8,18.7
FLAKKEBJERG,2010-02-08,08,02,2010,39,-5.6,-3.5,-5.1,0,0,0.8,18.7
FLAKKEBJERG,2010-02-09,09,02,2010,40,-5.6,-3.1,-4.7,0,0,0.8,18.7
FLAKKEBJERG,2010-02-10,10,02,2010,41,-5.4,-1.5,-3.2,0,0,0.8,18.7
FLAKKEBJERG,2010-02-11,11,02,2010,42,-7,-2.7,-5.1,0.1,0,0.8,18.8
FLAKKEBJERG,2010-02-12,12,02,2010,43,-7.9,-2.1,-4.6,0,0,0.8,18.8
FLAKKEBJERG,2010-02-13,13,02,2010,44,-6.8,-2.3,-3,0.1,0,0.8,18.9
FLAKKEBJERG,2010-02-14,14,02,2010,45,-4.1,-1.5,-2.9,0,0,0.8,18.9
FLAKKEBJERG,2010-02-15,15,02,2010,46,-3.8,0.3,-1.9,0,0,0.8,18.9
FLAKKEBJERG,2010-02-16,16,02,2010,47,-3.4,-1,-2.8,0.2,0,0.8,19.1
FLAKKEBJERG,2010-02-17,17,02,2010,48,-4.4,-0.4,-1.2,0.1,0,0.8,19.2
FLAKKEBJERG,2010-02-18,18,02,2010,49,-1.2,0.5,-0.2,0,0,0.8,19.2
FLAKKEBJERG,2010-02-19,19,02,2010,50,-0.7,1.6,0.8,0.9,0,1.5,20.1
FLAKKEBJERG,2010-02-20,20,02,2010,51,0.1,1.5,0.5,3.7,0,2,23.8
FLAKKEBJERG,2010-02-21,21,02,2010,52,-6.4,-1.3,-6.2,0.3,0,2,24.1
FLAKKEBJERG,2010-02-22,22,02,2010,53,-11.7,0.6,-1.8,0.3,0,2,24.400000000000002
FLAKKEBJERG,2010-02-23,23,02,2010,54,-3,-0.5,-2.9,1.8,0,2,26.2
FLAKKEBJERG,2010-02-24,24,02,2010,55,-8.7,-0.1,-2.3,0,0,2,26.2
FLAKKEBJERG,2010-02-25,25,02,2010,56,-3.6,3.3,1.3,1.6,0,3.2,27.8
FLAKKEBJERG,2010-02-26,26,02,2010,57,0.5,4.7,2.9,2,0,6.1,29.8
FLAKKEBJERG,2010-02-27,27,02,2010,58,1.2,3.1,2,0.9,0,8.1,30.7
FLAKKEBJERG,2010-02-28,28,02,2010,59,1.4,5.5,2.6,0.5,0,10.7,31.2
FLAKKEBJERG,2010-03-01,01,03,2010,60,0.3,2.9,1.2,5.3,0,12,36.5
FLAKKEBJERG,2010-03-02,02,03,2010,61,0.5,4.2,0.2,0,0,12.2,36.5
FLAKKEBJERG,2010-03-03,03,03,2010,62,-3.9,2.6,0.2,0.9,0,12.3,37.4
FLAKKEBJERG,2010-03-04,04,03,2010,63,-2.2,-0.2,-1.6,0,0,12.3,37.4
FLAKKEBJERG,2010-03-05,05,03,2010,64,-5.3,-0.1,-2.7,0,0,12.3,37.4
FLAKKEBJERG,2010-03-06,06,03,2010,65,-5.5,1.6,-2.2,0,0,12.3,37.4
FLAKKEBJERG,2010-03-07,07,03,2010,66,-3.7,1.1,-1.2,0,0,12.3,37.4
FLAKKEBJERG,2010-03-08,08,03,2010,67,-6.3,2.1,-1.9,0,0,12.3,37.4
FLAKKEBJERG,2010-03-09,09,03,2010,68,-5,-1.5,-3,0,0,12.3,37.4
FLAKKEBJERG,2010-03-10,10,03,2010,69,-4.7,0.1,-1,0,0,12.3,37.4
FLAKKEBJERG,2010-03-11,11,03,2010,70,-1.7,2.4,1.1,0,0,13.4,37.4
FLAKKEBJERG,2010-03-12,12,03,2010,71,1,4.1,2.3,0,0,15.7,37.4
FLAKKEBJERG,2010-03-13,13,03,2010,72,-0.2,6.5,2.8,0,0,18.6,37.4
FLAKKEBJERG,2010-03-14,14,03,2010,73,1.1,4.2,1,0,0,19.6,37.4
FLAKKEBJERG,2010-03-15,15,03,2010,74,-4.3,3.9,0.4,0.7,0,20,38.1
FLAKKEBJERG,2010-03-16,16,03,2010,75,-1.9,3.7,1,0,0,21,38.1
FLAKKEBJERG,2010-03-17,17,03,2010,76,0.9,6.8,3.8,0,0,24.8,38.1
FLAKKEBJERG,2010-03-18,18,03,2010,77,2.5,10.4,6,0.6,1,30.9,38.7
FLAKKEBJERG,2010-03-19,19,03,2010,78,3.7,9.3,7.2,0,3.2,38,38.7
FLAKKEBJERG,2010-03-20,20,03,2010,79,3.9,9.1,6.8,1.5,4.9,44.8,40.2
FLAKKEBJERG,2010-03-21,21,03,2010,80,4.7,9,6.7,4.4,6.7,51.5,44.6
FLAKKEBJERG,2010-03-22,22,03,2010,81,3.7,7.9,5.3,0,7,56.8,44.6
FLAKKEBJERG,2010-03-23,23,03,2010,82,4.5,9.5,6.6,0.4,8.5,63.4,45
FLAKKEBJERG,2010-03-24,24,03,2010,83,-0.5,9.2,4.5,0,8.5,67.8,45
FLAKKEBJERG,2010-03-25,25,03,2010,84,2.8,14.8,7.8,0,11.4,75.7,45
FLAKKEBJERG,2010-03-26,26,03,2010,85,6,15.9,11,0,17.4,86.7,45
FLAKKEBJERG,2010-03-27,27,03,2010,86,3.9,9.2,6.3,12.9,18.7,93,57.9
FLAKKEBJERG,2010-03-28,28,03,2010,87,4.2,8.2,5.9,0,19.7,99,57.9
FLAKKEBJERG,2010-03-29,29,03,2010,88,3.8,6.7,5.1,0,19.8,104.1,57.9
FLAKKEBJERG,2010-03-30,30,03,2010,89,0.4,10.8,6,0,20.8,110.1,57.9
FLAKKEBJERG,2010-03-31,31,03,2010,90,6.1,9.5,7.5,2.9,23.3,117.6,60.800000000000004
FLAKKEBJERG,2010-04-01,01,04,2010,91,3.3,6.5,4.7,0,23.3,122.2,60.800000000000004
FLAKKEBJERG,2010-04-02,02,04,2010,92,2.3,10,5.7,0.1,24,127.9,60.9
FLAKKEBJERG,2010-04-03,03,04,2010,93,2.8,10.4,5.9,0,24.8,133.8,60.9
FLAKKEBJERG,2010-04-04,04,04,2010,94,3.5,6.2,4.4,5.5,24.8,138.2,66.4
FLAKKEBJERG,2010-04-05,05,04,2010,95,3.7,7.6,5.4,2.5,25.3,143.7,68.9
FLAKKEBJERG,2010-04-06,06,04,2010,96,2.4,11.3,7.1,0.1,27.4,150.8,69
FLAKKEBJERG,2010-04-07,07,04,2010,97,4.5,12.4,7.8,0,30.2,158.6,69
FLAKKEBJERG,2010-04-08,08,04,2010,98,4.1,11,7.8,0,32.9,166.3,69
FLAKKEBJERG,2010-04-09,09,04,2010,99,4.4,10.2,7.1,0.2,35.1,173.5,69.2
FLAKKEBJERG,2010-04-10,10,04,2010,100,3.1,10.9,6.9,0,37,180.4,69.2
FLAKKEBJERG,2010-04-11,11,04,2010,101,4.1,13.3,7.7,0,39.6,188,69.2
FLAKKEBJERG,2010-04-12,12,04,2010,102,2.3,12.9,7,0,41.6,195,69.2
FLAKKEBJERG,2010-04-13,13,04,2010,103,-0.4,12.6,6.9,0,43.5,201.9,69.2
FLAKKEBJERG,2010-04-14,14,04,2010,104,2.9,12.8,7.5,0,46,209.4,69.2
FLAKKEBJERG,2010-04-15,15,04,2010,105,-0.1,13.5,7.3,0,48.3,216.8,69.2
FLAKKEBJERG,2010-04-16,16,04,2010,106,4.8,10.8,7.1,0,50.4,223.9,69.2
FLAKKEBJERG,2010-04-17,17,04,2010,107,3.1,11.8,7.2,0,52.6,231,69.2
FLAKKEBJERG,2010-04-18,18,04,2010,108,4.5,13.5,8.3,0,55.9,239.3,69.2
FLAKKEBJERG,2010-04-19,19,04,2010,109,1.4,8.5,5.2,0,56.1,244.5,69.2
FLAKKEBJERG,2010-04-20,20,04,2010,110,0.6,6.8,3.7,0,56.1,248.2,69.2
FLAKKEBJERG,2010-04-21,21,04,2010,111,1.6,7.1,4.4,5.5,56.1,252.7,74.7
FLAKKEBJERG,2010-04-22,22,04,2010,112,1.5,10.1,5.5,0,56.6,258.1,74.7
FLAKKEBJERG,2010-04-23,23,04,2010,113,2.7,10.3,6,0,57.7,264.2,74.7
FLAKKEBJERG,2010-04-24,24,04,2010,114,3,9.6,6,0,58.6,270.1,74.7
FLAKKEBJERG,2010-04-25,25,04,2010,115,0.6,14.2,8.2,0,61.9,278.4,74.7
FLAKKEBJERG,2010-04-26,26,04,2010,116,5.4,17.2,10.9,0,67.8,289.3,74.7
FLAKKEBJERG,2010-04-27,27,04,2010,117,7.3,14.2,10.2,0,73,299.5,74.7
FLAKKEBJERG,2010-04-28,28,04,2010,118,5.6,15,10.9,0,78.8,310.4,74.7
FLAKKEBJERG,2010-04-29,29,04,2010,119,10.5,20.2,14.7,0,88.5,325,74.7
FLAKKEBJERG,2010-04-30,30,04,2010,120,9.5,13.4,10.7,5.9,94.2,335.8,80.6
FLAKKEBJERG,2010-05-01,01,05,2010,121,6.9,11.8,8.9,5,98.2,344.7,85.6
FLAKKEBJERG,2010-05-02,02,05,2010,122,4.1,12.7,8.5,0.6,101.6,353.2,86.2
FLAKKEBJERG,2010-05-03,03,05,2010,123,3.3,10.3,7.3,0,103.9,360.5,86.2
FLAKKEBJERG,2010-05-04,04,05,2010,124,2.5,8.6,4.5,0,103.9,365,86.2
FLAKKEBJERG,2010-05-05,05,05,2010,125,2,10.3,6.9,2.2,105.9,371.9,88.4
FLAKKEBJERG,2010-05-06,06,05,2010,126,1.3,9.1,6,0,106.9,377.9,88.4
FLAKKEBJERG,2010-05-07,07,05,2010,127,4.8,7.1,6.1,1.5,108,384,89.9
FLAKKEBJERG,2010-05-08,08,05,2010,128,4.7,7.6,6,11.4,108.9,390,101.3
FLAKKEBJERG,2010-05-09,09,05,2010,129,5.3,8.8,7.1,0,111,397.1,101.3
FLAKKEBJERG,2010-05-10,10,05,2010,130,3.4,9.2,6.8,0,112.8,403.9,101.3
FLAKKEBJERG,2010-05-11,11,05,2010,131,4.3,10.2,7.2,0,115.1,411.1,101.3
FLAKKEBJERG,2010-05-12,12,05,2010,132,5,7.2,6.2,6,116.3,417.4,107.3
FLAKKEBJERG,2010-05-13,13,05,2010,133,4.9,9.2,7.6,6.1,118.9,424.9,113.4
FLAKKEBJERG,2010-05-14,14,05,2010,134,6.6,10.9,8.8,0,122.7,433.8,113.4
FLAKKEBJERG,2010-05-15,15,05,2010,135,6.5,9.2,8,0.1,125.7,441.8,113.5
FLAKKEBJERG,2010-05-16,16,05,2010,136,7.5,9.4,8.5,12.9,129.2,450.3,126.4
FLAKKEBJERG,2010-05-17,17,05,2010,137,6,13.9,9.8,1.2,134,460.1,127.60000000000001
FLAKKEBJERG,2010-05-18,18,05,2010,138,6.8,15.2,10.8,0,139.8,470.8,127.60000000000001
FLAKKEBJERG,2010-05-19,19,05,2010,139,8.9,20.1,15.8,0,150.5,486.6,127.60000000000001
FLAKKEBJERG,2010-05-20,20,05,2010,140,10.9,18.4,14.4,6.4,159.9,500.9,134
FLAKKEBJERG,2010-05-21,21,05,2010,141,8.4,19,13.7,0,168.6,514.7,134
FLAKKEBJERG,2010-05-22,22,05,2010,142,11.2,19,14.7,1.6,178.3,529.4,135.6
FLAKKEBJERG,2010-05-23,23,05,2010,143,11.6,17.8,13.8,0,187.1,543.1,135.6
FLAKKEBJERG,2010-05-24,24,05,2010,144,9.2,13.8,10.6,4.4,192.7,553.8,140
FLAKKEBJERG,2010-05-25,25,05,2010,145,6.9,12.9,9.6,0,197.3,563.4,140
FLAKKEBJERG,2010-05-26,26,05,2010,146,5.9,13,9.5,0,201.8,572.9,140
FLAKKEBJERG,2010-05-27,27,05,2010,147,5.8,13.9,10.1,0,206.9,582.9,140
FLAKKEBJERG,2010-05-28,28,05,2010,148,4,14.5,9.5,2.6,211.4,592.4,142.6
FLAKKEBJERG,2010-05-29,29,05,2010,149,7.3,15.2,11.3,0.3,217.7,603.7,142.9
FLAKKEBJERG,2010-05-30,30,05,2010,150,8.9,11.6,10.3,0.3,222.9,614,143.2
FLAKKEBJERG,2010-05-31,31,05,2010,151,9.2,17.3,12.4,14.2,230.4,626.4,157.4
FLAKKEBJERG,2010-06-01,01,06,2010,152,7.3,16.2,11.9,0,237.2,638.3,157.4
FLAKKEBJERG,2010-06-02,02,06,2010,153,10.1,19.7,15.2,6.9,247.4,653.5,164.3
FLAKKEBJERG,2010-06-03,03,06,2010,154,8.6,18,13.8,0,256.3,667.3,164.3
FLAKKEBJERG,2010-06-04,04,06,2010,155,7.7,19.9,14.5,0,265.7,681.8,164.3
FLAKKEBJERG,2010-06-05,05,06,2010,156,8.4,18.7,14.5,0,275.3,696.3,164.3
FLAKKEBJERG,2010-06-06,06,06,2010,157,8.7,21.1,15.4,0,285.6,711.7,164.3
FLAKKEBJERG,2010-06-07,07,06,2010,158,10.6,14.9,12.5,10.7,293.2,724.2,175
FLAKKEBJERG,2010-06-08,08,06,2010,159,10.4,17.7,14.2,8.5,302.3,738.4,183.5
FLAKKEBJERG,2010-06-09,09,06,2010,160,12.2,20.1,15.3,1.5,312.6,753.7,185
FLAKKEBJERG,2010-06-10,10,06,2010,161,13.2,15.1,13.8,0,321.4,767.5,185
FLAKKEBJERG,2010-06-11,11,06,2010,162,11.3,19.6,14.2,15.4,330.6,781.7,200.4
FLAKKEBJERG,2010-06-12,12,06,2010,163,10.3,15.7,12.2,2.9,337.9,793.9,203.3
FLAKKEBJERG,2010-06-13,13,06,2010,164,10.3,14.7,11.9,1.2,344.7,805.8,204.5
FLAKKEBJERG,2010-06-14,14,06,2010,165,7.5,15.2,11.8,0,351.5,817.6,204.5
FLAKKEBJERG,2010-06-15,15,06,2010,166,7.5,17,11.7,0,358.2,829.2,204.5
FLAKKEBJERG,2010-06-16,16,06,2010,167,6.1,18.5,13.6,0,366.8,842.8,204.5
FLAKKEBJERG,2010-06-17,17,06,2010,168,6.9,16.9,12.6,0,374.4,855.5,204.5
FLAKKEBJERG,2010-06-18,18,06,2010,169,9.3,15.8,12.5,0,382,868,204.5
FLAKKEBJERG,2010-06-19,19,06,2010,170,8.7,14.4,10.8,0,387.8,878.8,204.5
FLAKKEBJERG,2010-06-20,20,06,2010,171,5.8,17.4,12.3,0.2,395.1,891.1,204.7
FLAKKEBJERG,2010-06-21,21,06,2010,172,7.2,18.6,13.5,0,403.5,904.6,204.7
FLAKKEBJERG,2010-06-22,22,06,2010,173,6.6,17.8,13.3,0,411.8,917.9,204.7
FLAKKEBJERG,2010-06-23,23,06,2010,174,8.9,20.2,15.2,0,422.1,933.1,204.7
FLAKKEBJERG,2010-06-24,24,06,2010,175,8.9,21.7,16.4,0,433.5,949.5,204.7
FLAKKEBJERG,2010-06-25,25,06,2010,176,11.6,19.3,15.7,0,444.2,965.3,204.7
FLAKKEBJERG,2010-06-26,26,06,2010,177,11.2,17.1,13.6,0,452.8,978.9,204.7
FLAKKEBJERG,2010-06-27,27,06,2010,178,6.1,20.9,15,0,462.8,993.8,204.7
FLAKKEBJERG,2010-06-28,28,06,2010,179,8.4,23.9,17.8,0,475.6,1011.6,204.7
FLAKKEBJERG,2010-06-29,29,06,2010,180,11.1,25.7,19.4,0,490,1031,204.7
FLAKKEBJERG,2010-06-30,30,06,2010,181,13.5,19.7,16,0,501,1047.1,204.7
FLAKKEBJERG,2010-07-01,01,07,2010,182,8.5,22,16,0,512,1063.1,204.7
FLAKKEBJERG,2010-07-02,02,07,2010,183,12.3,26.6,20.8,0,527.8,1083.9,204.7
FLAKKEBJERG,2010-07-03,03,07,2010,184,16.6,29.1,22.6,0,545.4,1106.5,204.7
FLAKKEBJERG,2010-07-04,04,07,2010,185,14.1,23.4,18.9,0.2,559.3,1125.3,204.9
FLAKKEBJERG,2010-07-05,05,07,2010,186,10.2,22.4,17.1,0,571.4,1142.4,204.9
FLAKKEBJERG,2010-07-06,06,07,2010,187,10.7,19.6,15.5,0,581.9,1158,204.9
FLAKKEBJERG,2010-07-07,07,07,2010,188,10.5,20.9,16.2,0,593.1,1174.2,204.9
FLAKKEBJERG,2010-07-08,08,07,2010,189,14.4,24.4,19.9,0,608,1194.1,204.9
FLAKKEBJERG,2010-07-09,09,07,2010,190,14.3,27.1,21.1,0.7,624.2,1215.2,205.6
FLAKKEBJERG,2010-07-10,10,07,2010,191,17.3,29.4,24.4,0,643.6,1239.7,205.6
FLAKKEBJERG,2010-07-11,11,07,2010,192,18.8,30.2,23,0,661.6,1262.6,205.6
FLAKKEBJERG,2010-07-12,12,07,2010,193,15.2,28.8,22,0,678.6,1284.6,205.6
FLAKKEBJERG,2010-07-13,13,07,2010,194,17.8,22.3,19.7,12.8,693.3,1304.4,218.4
FLAKKEBJERG,2010-07-14,14,07,2010,195,12.8,27.4,20.9,0,709.2,1325.3,218.4
FLAKKEBJERG,2010-07-15,15,07,2010,196,19.9,24,21,0,725.3,1346.3,218.4
FLAKKEBJERG,2010-07-16,16,07,2010,197,12.3,26.8,20.7,0,740.9,1367,218.4
FLAKKEBJERG,2010-07-17,17,07,2010,198,17.2,22.9,19,4,754.9,1386,222.4
FLAKKEBJERG,2010-07-18,18,07,2010,199,12.4,21.5,16.8,0,766.7,1402.8,222.4
FLAKKEBJERG,2010-07-19,19,07,2010,200,8.9,23.6,17.9,0,779.6,1420.7,222.4
FLAKKEBJERG,2010-07-20,20,07,2010,201,14.6,26.7,21,0,795.6,1441.7,222.4
FLAKKEBJERG,2010-07-21,21,07,2010,202,14.6,27.2,22,0,812.6,1463.7,222.4
FLAKKEBJERG,2010-07-22,22,07,2010,203,18.2,24.1,20.4,1.6,828,1484,224
FLAKKEBJERG,2010-07-23,23,07,2010,204,14.6,23.2,18.7,0,841.6,1502.7,224
FLAKKEBJERG,2010-07-24,24,07,2010,205,13.5,21.4,17.6,0,854.2,1520.2,224
FLAKKEBJERG,2010-07-25,25,07,2010,206,13.4,21.1,17,0,866.2,1537.2,224
FLAKKEBJERG,2010-07-26,26,07,2010,207,10.1,22,16.7,0,877.8,1553.9,224
FLAKKEBJERG,2010-07-27,27,07,2010,208,9.7,24.3,18.2,0,891,1572.1,224
FLAKKEBJERG,2010-07-28,28,07,2010,209,10.4,22.9,17.4,0,903.4,1589.4,224
FLAKKEBJERG,2010-07-29,29,07,2010,210,15.4,19.9,16.7,26.2,915.1,1606.1,250.2
FLAKKEBJERG,2010-07-30,30,07,2010,211,14.6,16.9,15.4,11.1,925.5,1621.5,261.3
FLAKKEBJERG,2010-07-31,31,07,2010,212,11.5,25,18.8,3.7,939.3,1640.4,265
FLAKKEBJERG,2010-08-01,01,08,2010,213,16.5,23.6,19.5,2.2,953.8,1659.8,267.2
FLAKKEBJERG,2010-08-02,02,08,2010,214,15.3,21.2,17.5,1.3,966.3,1677.3,268.5
FLAKKEBJERG,2010-08-03,03,08,2010,215,12,20.6,16.2,0.1,977.5,1693.6,268.6
FLAKKEBJERG,2010-08-04,04,08,2010,216,9.3,21.5,16,0,988.4,1709.5,268.6
FLAKKEBJERG,2010-08-05,05,08,2010,217,13.6,22.7,17.8,6.2,1001.3,1727.3,274.8
FLAKKEBJERG,2010-08-06,06,08,2010,218,15,21.7,17.4,0.2,1013.7,1744.7,275
FLAKKEBJERG,2010-08-07,07,08,2010,219,11.8,24.4,18.4,0,1027,1763.1,275
FLAKKEBJERG,2010-08-08,08,08,2010,220,14.5,18.9,16.5,0,1038.6,1779.6,275
FLAKKEBJERG,2010-08-09,09,08,2010,221,15.4,20.6,16.6,17.2,1050.2,1796.3,292.2
FLAKKEBJERG,2010-08-10,10,08,2010,222,8.4,23.1,17.2,0,1062.4,1813.5,292.2
FLAKKEBJERG,2010-08-11,11,08,2010,223,16.5,21.2,18.2,0.2,1075.6,1831.7,292.4
FLAKKEBJERG,2010-08-12,12,08,2010,224,9.6,18.7,15.1,0.9,1085.7,1846.8,293.3
FLAKKEBJERG,2010-08-13,13,08,2010,225,15.3,21.6,17.5,34.6,1098.2,1864.3,327.9
FLAKKEBJERG,2010-08-14,14,08,2010,226,14.2,19.2,16.8,0.2,1110,1881,328.1
FLAKKEBJERG,2010-08-15,15,08,2010,227,15.6,23.6,19.1,3.8,1124.1,1900.2,331.9
FLAKKEBJERG,2010-08-16,16,08,2010,228,18,23,19.6,0.5,1138.8,1919.8,332.4
FLAKKEBJERG,2010-08-17,17,08,2010,229,13.2,17.4,15.5,1.4,1149.2,1935.3,333.8
FLAKKEBJERG,2010-08-18,18,08,2010,230,15,18.1,16.2,16.2,1160.4,1951.5,350
FLAKKEBJERG,2010-08-19,19,08,2010,231,13.6,21.8,16.8,6,1172.3,1968.3,356
FLAKKEBJERG,2010-08-20,20,08,2010,232,11.6,21.4,17.6,0,1184.9,1986,356
FLAKKEBJERG,2010-08-21,21,08,2010,233,17.1,23.1,19.7,0.1,1199.6,2005.7,356.1
FLAKKEBJERG,2010-08-22,22,08,2010,234,18.2,20.8,18.5,1.1,1213.1,2024.2,357.2
FLAKKEBJERG,2010-08-23,23,08,2010,235,10.3,19.2,15.9,4,1224,2040.1,361.2
FLAKKEBJERG,2010-08-24,24,08,2010,236,15.2,18.9,16.2,9.1,1235.3,2056.3,370.3
FLAKKEBJERG,2010-08-25,25,08,2010,237,12.7,18.7,15.1,1,1245.4,2071.4,371.3
FLAKKEBJERG,2010-08-26,26,08,2010,238,10.4,18.4,13.7,0,1254.1,2085.2,371.3
FLAKKEBJERG,2010-08-27,27,08,2010,239,9,19.1,13.2,0,1262.3,2098.3,371.3
FLAKKEBJERG,2010-08-28,28,08,2010,240,7.8,17.6,13,0.3,1270.2,2111.3,371.6
FLAKKEBJERG,2010-08-29,29,08,2010,241,6.3,17.1,12.4,0,1277.6,2123.6,371.6
FLAKKEBJERG,2010-08-30,30,08,2010,242,10.9,18.1,13.5,0.7,1286.1,2137.1,372.3
FLAKKEBJERG,2010-08-31,31,08,2010,243,9.8,17.6,14.2,0,1295.2,2151.3,372.3
FLAKKEBJERG,2010-09-01,01,09,2010,244,12.8,18.2,15,0,1305.3,2166.3,372.3
FLAKKEBJERG,2010-09-02,02,09,2010,245,10.3,18.4,13.8,0,1314.1,2180.2,372.3
FLAKKEBJERG,2010-09-03,03,09,2010,246,6.8,17.1,12.2,0,1321.3,2192.4,372.3
FLAKKEBJERG,2010-09-04,04,09,2010,247,6.4,16.9,11.4,2.9,1327.8,2203.8,375.2
FLAKKEBJERG,2010-09-05,05,09,2010,248,4.3,18.6,11.3,0,1334.1,2215.1,375.2
FLAKKEBJERG,2010-09-06,06,09,2010,249,4.8,17.8,11.6,0,1340.7,2226.7,375.2
FLAKKEBJERG,2010-09-07,07,09,2010,250,8.8,17.6,13.3,0,1349,2240,375.2
FLAKKEBJERG,2010-09-08,08,09,2010,251,13.1,17.8,15.3,0,1359.2,2255.3,375.2
FLAKKEBJERG,2010-09-09,09,09,2010,252,14,17.2,14.4,0,1368.6,2269.7,375.2
FLAKKEBJERG,2010-09-10,10,09,2010,253,12.2,15,13.6,6.9,1377.2,2283.2,382.1
FLAKKEBJERG,2010-09-11,11,09,2010,254,10.5,18.3,15.2,0.5,1387.4,2298.4,382.6
FLAKKEBJERG,2010-09-12,12,09,2010,255,14.1,18.3,16.2,0.8,1398.6,2314.6,383.4
FLAKKEBJERG,2010-09-13,13,09,2010,256,12.9,17.7,14.5,2.4,1408.1,2329.1,385.8
FLAKKEBJERG,2010-09-14,14,09,2010,257,11.1,18.7,15.2,10.4,1418.2,2344.3,396.2
FLAKKEBJERG,2010-09-15,15,09,2010,258,9.4,14.6,12.7,8.8,1425.9,2357,405
FLAKKEBJERG,2010-09-16,16,09,2010,259,10.8,15.3,12.3,3.9,1433.2,2369.3,408.9
FLAKKEBJERG,2010-09-17,17,09,2010,260,11,13.8,12,0.4,1440.2,2381.3,409.3
FLAKKEBJERG,2010-09-18,18,09,2010,261,9.7,14.5,11.2,1.1,1446.4,2392.5,410.4
FLAKKEBJERG,2010-09-19,19,09,2010,262,9.2,14.5,11.7,0,1453.2,2404.2,410.4
FLAKKEBJERG,2010-09-20,20,09,2010,263,11.7,14.1,13.3,4.2,1461.4,2417.5,414.6
FLAKKEBJERG,2010-09-21,21,09,2010,264,11.1,15.4,12.4,13.7,1468.9,2429.9,428.3
FLAKKEBJERG,2010-09-22,22,09,2010,265,4.3,15.1,10.5,0,1474.4,2440.4,428.3
FLAKKEBJERG,2010-09-23,23,09,2010,266,10.6,20.2,15.1,0,1484.5,2455.6,428.3
FLAKKEBJERG,2010-09-24,24,09,2010,267,13.3,18.5,15.3,0,1494.8,2470.9,428.3
FLAKKEBJERG,2010-09-25,25,09,2010,268,11.2,15.5,12.9,1.6,1502.7,2483.8,429.9
FLAKKEBJERG,2010-09-26,26,09,2010,269,11.2,15.4,13.8,0.4,1511.5,2497.5,430.3
FLAKKEBJERG,2010-09-27,27,09,2010,270,12.3,14.1,12.6,0,1519.1,2510.1,430.3
FLAKKEBJERG,2010-09-28,28,09,2010,271,7.6,11.1,9.2,0,1523.3,2519.4,430.3
FLAKKEBJERG,2010-09-29,29,09,2010,272,3.9,13.2,8.4,0,1526.7,2527.7,430.3
FLAKKEBJERG,2010-09-30,30,09,2010,273,3.6,12.6,8.4,0,1530,2536.1,430.3
FLAKKEBJERG,2010-10-01,01,10,2010,274,5.9,12.1,9.4,0,1534.5,2545.5,430.3
FLAKKEBJERG,2010-10-02,02,10,2010,275,6.9,12.5,10.4,0,1539.9,2555.9,430.3
FLAKKEBJERG,2010-10-03,03,10,2010,276,9.2,13.4,11.9,0,1546.7,2567.8,430.3
FLAKKEBJERG,2010-10-04,04,10,2010,277,10.2,14.6,12.6,0.1,1554.3,2580.4,430.4
FLAKKEBJERG,2010-10-05,05,10,2010,278,10.6,13.2,11.9,0,1561.3,2592.3,430.4
FLAKKEBJERG,2010-10-06,06,10,2010,279,11.3,15.3,13.6,0,1569.8,2605.9,430.4
FLAKKEBJERG,2010-10-07,07,10,2010,280,12.3,15,13,11.1,1577.8,2618.9,441.5
FLAKKEBJERG,2010-10-08,08,10,2010,281,11.2,13.8,11.1,0,1583.9,2629.9,441.5
FLAKKEBJERG,2010-10-09,09,10,2010,282,7.2,13.9,9.9,0,1588.7,2639.8,441.5
FLAKKEBJERG,2010-10-10,10,10,2010,283,2.6,13.3,7.8,0,1591.5,2647.6,441.5
FLAKKEBJERG,2010-10-11,11,10,2010,284,3.6,12.3,7.4,0,1593.9,2655,441.5
FLAKKEBJERG,2010-10-12,12,10,2010,285,0.8,12.1,5.6,0,1594.5,2660.6,441.5
FLAKKEBJERG,2010-10-13,13,10,2010,286,1.4,11.9,7,0,1596.5,2667.6,441.5
FLAKKEBJERG,2010-10-14,14,10,2010,287,7.6,13.8,10.2,0,1601.7,2677.7,441.5
FLAKKEBJERG,2010-10-15,15,10,2010,288,3.2,10.3,6.5,0,1603.2,2684.3,441.5
FLAKKEBJERG,2010-10-16,16,10,2010,289,1.9,7.7,4.3,0,1603.2,2688.6,441.5
FLAKKEBJERG,2010-10-17,17,10,2010,290,-2.5,10,3.3,0,1603.2,2691.9,441.5
FLAKKEBJERG,2010-10-18,18,10,2010,291,1.6,9.1,6.1,0,1604.3,2698,441.5
FLAKKEBJERG,2010-10-19,19,10,2010,292,5.9,11,8.6,2.5,1607.9,2706.5,444
FLAKKEBJERG,2010-10-20,20,10,2010,293,5.3,9.2,6.5,0,1609.4,2713,444
FLAKKEBJERG,2010-10-21,21,10,2010,294,1.1,7.3,4.9,0,1609.4,2717.9,444
FLAKKEBJERG,2010-10-22,22,10,2010,295,3.8,9.6,7,3.1,1611.3,2724.8,447.1
FLAKKEBJERG,2010-10-23,23,10,2010,296,4.9,9.7,8.4,0,1614.7,2733.3,447.1
FLAKKEBJERG,2010-10-24,24,10,2010,297,5.9,8.9,7.1,2.3,1616.8,2740.3,449.4
FLAKKEBJERG,2010-10-25,25,10,2010,298,3.9,8.1,5.8,0,1617.6,2746.1,449.4
FLAKKEBJERG,2010-10-26,26,10,2010,299,1.7,8.6,5.6,1.1,1618.2,2751.7,450.5
FLAKKEBJERG,2010-10-27,27,10,2010,300,4.9,9.6,7.5,0,1620.6,2759.2,450.5
FLAKKEBJERG,2010-10-28,28,10,2010,301,6.1,10.2,9.2,2.8,1624.9,2768.4,453.3
FLAKKEBJERG,2010-10-29,29,10,2010,302,7.8,11.1,9.7,0,1629.6,2778.1,453.3
FLAKKEBJERG,2010-10-30,30,10,2010,303,8.7,12.9,10.3,0,1634.9,2788.4,453.3
FLAKKEBJERG,2010-10-31,31,10,2010,304,9.1,10.4,9.5,5.4,1639.4,2797.9,458.7
FLAKKEBJERG,2010-11-01,01,11,2010,305,8.5,10.4,8.6,1.5,1643,2806.5,460.2
FLAKKEBJERG,2010-11-02,02,11,2010,306,6.3,10.3,8.2,0,1646.2,2814.7,460.2
FLAKKEBJERG,2010-11-03,03,11,2010,307,8,11.9,9.9,4.3,1651.2,2824.7,464.5
FLAKKEBJERG,2010-11-04,04,11,2010,308,7.8,11,8.9,0.2,1655.1,2833.6,464.7
FLAKKEBJERG,2010-11-05,05,11,2010,309,8.6,11.7,9.9,6.7,1660,2843.5,471.4
FLAKKEBJERG,2010-11-06,06,11,2010,310,6.1,8.7,6.8,3,1661.8,2850.3,474.4
FLAKKEBJERG,2010-11-07,07,11,2010,311,-0.7,6.2,1.6,0,1661.8,2851.9,474.4
FLAKKEBJERG,2010-11-08,08,11,2010,312,-2.2,4.8,1.9,0,1661.8,2853.8,474.4
FLAKKEBJERG,2010-11-09,09,11,2010,313,1.6,4.4,2.9,0,1661.8,2856.7,474.4
FLAKKEBJERG,2010-11-10,10,11,2010,314,2.1,4.6,3.3,0.2,1661.8,2859.9,474.6
FLAKKEBJERG,2010-11-11,11,11,2010,315,1.2,6.4,4.1,0,1661.8,2864,474.6
FLAKKEBJERG,2010-11-12,12,11,2010,316,3.7,10.1,8.2,13.6,1665,2872.2,488.2
FLAKKEBJERG,2010-11-13,13,11,2010,317,7.1,9.6,7.9,1.7,1667.9,2880.2,489.9
FLAKKEBJERG,2010-11-14,14,11,2010,318,4.9,10,7.6,0.1,1670.6,2887.8,490
FLAKKEBJERG,2010-11-15,15,11,2010,319,6.4,10.8,7.3,4.8,1672.9,2895.1,494.8
FLAKKEBJERG,2010-11-16,16,11,2010,320,-1,5.6,2.1,0,1672.9,2897.2,494.8
FLAKKEBJERG,2010-11-17,17,11,2010,321,-0.4,5.8,4.1,0,1672.9,2901.3,494.8
FLAKKEBJERG,2010-11-18,18,11,2010,322,3.4,4.1,3.6,0.4,1672.9,2904.9,495.2
FLAKKEBJERG,2010-11-19,19,11,2010,323,0.7,2.9,1.3,11.8,1672.9,2906.2,507
FLAKKEBJERG,2010-11-20,20,11,2010,324,0.2,2.6,1.4,6.6,1672.9,2907.7,513.6
FLAKKEBJERG,2010-11-21,21,11,2010,325,0.7,5.1,3.5,0,1672.9,2911.2,513.6
FLAKKEBJERG,2010-11-22,22,11,2010,326,3.1,4.2,3.5,0,1672.9,2914.7,513.6
FLAKKEBJERG,2010-11-23,23,11,2010,327,0.6,2.8,1.4,4.9,1672.9,2916.1,518.5
FLAKKEBJERG,2010-11-24,24,11,2010,328,-1,-0.1,-0.7,3.2,1672.9,2916.1,521.7
FLAKKEBJERG,2010-11-25,25,11,2010,329,-2.1,0.2,-1.5,1.1,1672.9,2916.1,522.8
FLAKKEBJERG,2010-11-26,26,11,2010,330,-3.7,-2.6,-3.2,0.6,1672.9,2916.1,523.4
FLAKKEBJERG,2010-11-27,27,11,2010,331,-3.7,-1,-2.2,3.9,1672.9,2916.1,527.3
FLAKKEBJERG,2010-11-28,28,11,2010,332,-6.4,-0.5,-3.8,0,1672.9,2916.1,527.3
FLAKKEBJERG,2010-11-29,29,11,2010,333,-5,-0.6,-3.2,0,1672.9,2916.1,527.3
FLAKKEBJERG,2010-11-30,30,11,2010,334,-8.5,-5.6,-7,0.2,1672.9,2916.1,527.5
FLAKKEBJERG,2010-12-01,01,12,2010,335,-8.5,-2.2,-4.9,0,1672.9,2916.1,527.5
FLAKKEBJERG,2010-12-02,02,12,2010,336,-6.5,-2.5,-3.9,1.8,1672.9,2916.1,529.3
FLAKKEBJERG,2010-12-03,03,12,2010,337,-7,-2.6,-5,0.6,1672.9,2916.1,529.9
FLAKKEBJERG,2010-12-04,04,12,2010,338,-8.7,-0.6,-2.2,0.2,1672.9,2916.1,530.1
FLAKKEBJERG,2010-12-05,05,12,2010,339,-2.4,1.2,-0.5,1.9,1672.9,2916.1,532
FLAKKEBJERG,2010-12-06,06,12,2010,340,-1.3,1.3,-0.3,1.8,1672.9,2916.1,533.8
FLAKKEBJERG,2010-12-07,07,12,2010,341,-4.7,-0.1,-1.1,0,1672.9,2916.1,533.8
FLAKKEBJERG,2010-12-08,08,12,2010,342,-4.1,-2,-3.4,0,1672.9,2916.1,533.8
FLAKKEBJERG,2010-12-09,09,12,2010,343,-6.1,0.3,-1.5,0.2,1672.9,2916.1,534
FLAKKEBJERG,2010-12-10,10,12,2010,344,-10.1,3.5,-3.8,0,1672.9,2916.1,534
FLAKKEBJERG,2010-12-11,11,12,2010,345,-8.7,5.5,4,6.4,1672.9,2920,540.4
FLAKKEBJERG,2010-12-12,12,12,2010,346,-1.8,2.9,-1.9,0.5,1672.9,2920,540.9
FLAKKEBJERG,2010-12-13,13,12,2010,347,-4.9,-0.3,-2.6,0,1672.9,2920,540.9
FLAKKEBJERG,2010-12-14,14,12,2010,348,-6.6,-3.1,-4.7,0,1672.9,2920,540.9
FLAKKEBJERG,2010-12-15,15,12,2010,349,-8.5,-2.8,-4.7,0,1672.9,2920,540.9
FLAKKEBJERG,2010-12-16,16,12,2010,350,-7.8,0,-1.8,0.5,1672.9,2920,541.4
FLAKKEBJERG,2010-12-17,17,12,2010,351,-14.3,-3.8,-9.4,2.2,1672.9,2920,543.6
FLAKKEBJERG,2010-12-18,18,12,2010,352,-13.6,-3.4,-5,2.2,1672.9,2920,545.8
FLAKKEBJERG,2010-12-19,19,12,2010,353,-10,-3.1,-6,0.2,1672.9,2920,546
FLAKKEBJERG,2010-12-20,20,12,2010,354,-10.3,-3,-7.2,0,1672.9,2920,546
FLAKKEBJERG,2010-12-21,21,12,2010,355,-11.9,-1.9,-10.7,6.6,1672.9,2920,552.6
FLAKKEBJERG,2010-12-22,22,12,2010,356,-19.5,-2.7,-8.1,0,1672.9,2920,552.6
FLAKKEBJERG,2010-12-23,23,12,2010,357,-9.2,-2.9,-3.5,2.3,1672.9,2920,554.9
FLAKKEBJERG,2010-12-24,24,12,2010,358,-5.5,-3.5,-5.5,0.5,1672.9,2920,555.4
FLAKKEBJERG,2010-12-25,25,12,2010,359,-7.7,-5.8,-6.6,0,1672.9,2920,555.4
FLAKKEBJERG,2010-12-26,26,12,2010,360,-8.5,-4.8,-6.4,0.2,1672.9,2920,555.6
FLAKKEBJERG,2010-12-27,27,12,2010,361,-8.5,-3.6,-6,1.6,1672.9,2920,557.2
FLAKKEBJERG,2010-12-28,28,12,2010,362,-11.7,-2.8,-5.6,1.2,1672.9,2920,558.4
FLAKKEBJERG,2010-12-29,29,12,2010,363,-15.3,-7.4,-12.4,0,1672.9,2920,558.4
FLAKKEBJERG,2010-12-30,30,12,2010,364,-17.4,1,-6.3,0,1672.9,2920,558.4
FLAKKEBJERG,2010-12-31,31,12,2010,365,-6.6,2.5,-0.4,0.2,1672.9,2920,558.6
FLAKKEBJERG,2011-01-01,01,01,2011,1,-2.3,3.3,1.2,0.8,0,1.2,0.8
FLAKKEBJERG,2011-01-02,02,01,2011,2,-4.7,-0.7,-3.3,0,0,1.2,0.8
FLAKKEBJERG,2011-01-03,03,01,2011,3,-9.1,-1.7,-5.5,0,0,1.2,0.8
FLAKKEBJERG,2011-01-04,04,01,2011,4,-10.1,0.1,-0.8,0,0,1.2,0.8
FLAKKEBJERG,2011-01-05,05,01,2011,5,-2.3,-0.3,-2.2,1,0,1.2,1.8
FLAKKEBJERG,2011-01-06,06,01,2011,6,-5,1.2,-1.2,3.3,0,1.2,5.1
FLAKKEBJERG,2011-01-07,07,01,2011,7,-0.9,2,-0.4,1,0,1.2,6.1
FLAKKEBJERG,2011-01-08,08,01,2011,8,-4.5,4.9,2.4,0.8,0,3.6,6.9
FLAKKEBJERG,2011-01-09,09,01,2011,9,0.1,2.8,1.4,1,0,5,7.9
FLAKKEBJERG,2011-01-10,10,01,2011,10,0.1,1.1,0.4,0,0,5.4,7.9
FLAKKEBJERG,2011-01-11,11,01,2011,11,-1.7,0.3,-0.8,0,0,5.4,7.9
FLAKKEBJERG,2011-01-12,12,01,2011,12,-1.7,2.2,0.9,0.9,0,6.3,8.8
FLAKKEBJERG,2011-01-13,13,01,2011,13,0.2,0.8,0.4,0,0,6.7,8.8
FLAKKEBJERG,2011-01-14,14,01,2011,14,0.1,2.9,1.6,3.6,0,8.3,12.4
FLAKKEBJERG,2011-01-15,15,01,2011,15,1,4.9,2.9,2.8,0,11.2,15.2
FLAKKEBJERG,2011-01-16,16,01,2011,16,1.7,6.8,5.3,7.3,0.3,16.4,22.5
FLAKKEBJERG,2011-01-17,17,01,2011,17,4.1,6.3,4.3,0,0.3,20.7,22.5
FLAKKEBJERG,2011-01-18,18,01,2011,18,1.8,4.8,3,5,0.3,23.8,27.5
FLAKKEBJERG,2011-01-19,19,01,2011,19,1.5,2.8,1.5,0,0.3,25.3,27.5
FLAKKEBJERG,2011-01-20,20,01,2011,20,-2,1.2,-0.8,0,0.3,25.3,27.5
FLAKKEBJERG,2011-01-21,21,01,2011,21,-1.9,0.5,-1.1,0,0.3,25.3,27.5
FLAKKEBJERG,2011-01-22,22,01,2011,22,-2.1,0.7,-0.8,0.3,0.3,25.3,27.8
FLAKKEBJERG,2011-01-23,23,01,2011,23,-2.5,1.4,0.2,0,0.3,25.5,27.8
FLAKKEBJERG,2011-01-24,24,01,2011,24,-3.1,3,0.3,0,0.3,25.7,27.8
FLAKKEBJERG,2011-01-25,25,01,2011,25,-2.9,2.7,1.5,1.7,0.3,27.2,29.5
FLAKKEBJERG,2011-01-26,26,01,2011,26,-1.7,0.2,-3,1.3,0.3,27.2,30.8
FLAKKEBJERG,2011-01-27,27,01,2011,27,-8.5,-2.4,-6.3,0.2,0.3,27.2,31
FLAKKEBJERG,2011-01-28,28,01,2011,28,-9.7,-1.6,-5.8,0,0.3,27.2,31
FLAKKEBJERG,2011-01-29,29,01,2011,29,-6.4,0.8,-2.4,0,0.3,27.2,31
FLAKKEBJERG,2011-01-30,30,01,2011,30,-5.9,5.9,-2.2,0,0.3,27.2,31
FLAKKEBJERG,2011-01-31,31,01,2011,31,-4.7,-0.2,-2.4,0.1,0.3,27.2,31.1
FLAKKEBJERG,2011-02-01,01,02,2011,32,-4.2,0.8,-0.4,0,0.3,27.2,31.1
FLAKKEBJERG,2011-02-02,02,02,2011,33,-1.3,2.1,1.5,0.1,0.3,28.7,31.2
FLAKKEBJERG,2011-02-03,03,02,2011,34,1,5.4,3.1,0.3,0.3,31.8,31.5
FLAKKEBJERG,2011-02-04,04,02,2011,35,0.9,7.3,4.2,5.2,0.3,36,36.7
FLAKKEBJERG,2011-02-05,05,02,2011,36,2.3,7.7,6.2,1.4,1.5,42.2,38.1
FLAKKEBJERG,2011-02-06,06,02,2011,37,2.9,5.8,4,0,1.5,46.2,38.1
FLAKKEBJERG,2011-02-07,07,02,2011,38,3.3,7.1,5.5,8.2,2,51.8,46.3
FLAKKEBJERG,2011-02-08,08,02,2011,39,4,6.2,4.8,0,2,56.6,46.3
FLAKKEBJERG,2011-02-09,09,02,2011,40,2.1,5.3,3.3,0,2,59.9,46.3
FLAKKEBJERG,2011-02-10,10,02,2011,41,1.4,5.2,3.6,0.3,2,63.5,46.6
FLAKKEBJERG,2011-02-11,11,02,2011,42,2.9,4.7,2.3,3,2,65.8,49.6
FLAKKEBJERG,2011-02-12,12,02,2011,43,-6,1,-2.6,0,2,65.8,49.6
FLAKKEBJERG,2011-02-13,13,02,2011,44,-4.6,-0.3,-1,0,2,65.8,49.6
FLAKKEBJERG,2011-02-14,14,02,2011,45,-1.5,-0.5,-1.6,0,2,65.8,49.6
FLAKKEBJERG,2011-02-15,15,02,2011,46,-2.9,-1.5,-2.5,0,2,65.8,49.6
FLAKKEBJERG,2011-02-16,16,02,2011,47,-3.5,-1.7,-2.4,1.8,2,65.8,51.4
FLAKKEBJERG,2011-02-17,17,02,2011,48,-3.3,-0.5,-1.6,0,2,65.8,51.4
FLAKKEBJERG,2011-02-18,18,02,2011,49,-2.2,-1.5,-2.1,0,2,65.8,51.4
FLAKKEBJERG,2011-02-19,19,02,2011,50,-7.7,-2.1,-4.9,0,2,65.8,51.4
FLAKKEBJERG,2011-02-20,20,02,2011,51,-8.1,-3.2,-5.8,0,2,65.8,51.4
FLAKKEBJERG,2011-02-21,21,02,2011,52,-8.3,-2.8,-4.2,0,2,65.8,51.4
FLAKKEBJERG,2011-02-22,22,02,2011,53,-5,-3.6,-4.8,0.1,2,65.8,51.5
FLAKKEBJERG,2011-02-23,23,02,2011,54,-6.8,-4.4,-5.4,0.4,2,65.8,51.9
FLAKKEBJERG,2011-02-24,24,02,2011,55,-6,-1.5,-3.8,0,2,65.8,51.9
FLAKKEBJERG,2011-02-25,25,02,2011,56,-5.5,0.8,-1.3,0,2,65.8,51.9
FLAKKEBJERG,2011-02-26,26,02,2011,57,-2.5,3.1,-0.1,0,2,65.8,51.9
FLAKKEBJERG,2011-02-27,27,02,2011,58,-2.8,-1.3,-1.8,0,2,65.8,51.9
FLAKKEBJERG,2011-02-28,28,02,2011,59,-2.4,0,-0.9,0,2,65.8,51.9
FLAKKEBJERG,2011-03-01,01,03,2011,60,-1.6,0.7,-0.6,0,2,65.8,51.9
FLAKKEBJERG,2011-03-02,02,03,2011,61,-2.6,-0.8,-1.7,0,2,65.8,51.9
FLAKKEBJERG,2011-03-03,03,03,2011,62,-2.7,-1.6,-2.2,0,2,65.8,51.9
FLAKKEBJERG,2011-03-04,04,03,2011,63,-2.7,2,-0.3,0,2,65.8,51.9
FLAKKEBJERG,2011-03-05,05,03,2011,64,-0.9,6,2.5,13.4,2,68.3,65.3
FLAKKEBJERG,2011-03-06,06,03,2011,65,-2.2,2.9,-0.3,0,2,68.3,65.3
FLAKKEBJERG,2011-03-07,07,03,2011,66,-5.2,2.1,-1.1,0,2,68.3,65.3
FLAKKEBJERG,2011-03-08,08,03,2011,67,-1.7,3.8,0.8,0,2,69.1,65.3
FLAKKEBJERG,2011-03-09,09,03,2011,68,-0.1,3.9,1.7,0,2,70.7,65.3
FLAKKEBJERG,2011-03-10,10,03,2011,69,0.7,5,2.8,2.5,2,73.6,67.8
FLAKKEBJERG,2011-03-11,11,03,2011,70,1.6,6.2,3.3,2.8,2,76.9,70.6
FLAKKEBJERG,2011-03-12,12,03,2011,71,0.9,7.1,3.8,0,2,80.7,70.6
FLAKKEBJERG,2011-03-13,13,03,2011,72,2.2,8.7,5.2,0.1,2.2,85.9,70.7
FLAKKEBJERG,2011-03-14,14,03,2011,73,2.8,8.3,5.9,1,3.1,91.8,71.7
FLAKKEBJERG,2011-03-15,15,03,2011,74,0.7,3.7,1.5,5.3,3.1,93.3,77
FLAKKEBJERG,2011-03-16,16,03,2011,75,-1.4,3.7,0.6,0,3.1,93.9,77
FLAKKEBJERG,2011-03-17,17,03,2011,76,-0.2,2.6,0.9,0.1,3.1,94.9,77.1
FLAKKEBJERG,2011-03-18,18,03,2011,77,-0.1,4.4,1.7,0.7,3.1,96.6,77.8
FLAKKEBJERG,2011-03-19,19,03,2011,78,0.3,7.9,3.2,0,3.1,99.8,77.8
FLAKKEBJERG,2011-03-20,20,03,2011,79,0.5,5.1,1.9,0,3.1,101.6,77.8
FLAKKEBJERG,2011-03-21,21,03,2011,80,0.6,7.5,3.9,0,3.1,105.6,77.8
FLAKKEBJERG,2011-03-22,22,03,2011,81,3.1,13.6,7.5,0,5.6,113,77.8
FLAKKEBJERG,2011-03-23,23,03,2011,82,1,10.1,5.6,0,6.2,118.7,77.8
FLAKKEBJERG,2011-03-24,24,03,2011,83,4.6,12.5,8,0,9.2,126.7,77.8
FLAKKEBJERG,2011-03-25,25,03,2011,84,4.9,8,5.6,0,9.8,132.3,77.8
FLAKKEBJERG,2011-03-26,26,03,2011,85,-2.3,5.6,1,0.8,9.8,133.3,78.6
FLAKKEBJERG,2011-03-27,27,03,2011,86,-3.3,6.1,2,0,9.8,135.4,78.6
FLAKKEBJERG,2011-03-28,28,03,2011,87,1.8,7.4,4.2,0,9.8,139.6,78.6
FLAKKEBJERG,2011-03-29,29,03,2011,88,1,7.4,4.4,0,9.8,144,78.6
FLAKKEBJERG,2011-03-30,30,03,2011,89,3.9,8.9,5.8,0.2,10.7,149.9,78.8
FLAKKEBJERG,2011-03-31,31,03,2011,90,3.3,9.8,6.3,3.2,12,156.2,82
FLAKKEBJERG,2011-04-01,01,04,2011,91,4.4,13.8,9.2,5.3,16.1,165.3,87.3
FLAKKEBJERG,2011-04-02,02,04,2011,92,8,16.6,11.8,0,22.9,177.1,87.3
FLAKKEBJERG,2011-04-03,03,04,2011,93,9.1,13.5,10.3,0,28.2,187.5,87.3
FLAKKEBJERG,2011-04-04,04,04,2011,94,4.1,12.6,8.1,0.2,31.3,195.5,87.5
FLAKKEBJERG,2011-04-05,05,04,2011,95,4.6,8.7,7.1,0,33.4,202.6,87.5
FLAKKEBJERG,2011-04-06,06,04,2011,96,7,11.4,9.2,1.4,37.6,211.8,88.9
FLAKKEBJERG,2011-04-07,07,04,2011,97,7.9,10.7,8.7,0,41.3,220.5,88.9
FLAKKEBJERG,2011-04-08,08,04,2011,98,5.7,10.9,8,0,44.3,228.5,88.9
FLAKKEBJERG,2011-04-09,09,04,2011,99,3.2,12.3,7.9,0,47.2,236.4,88.9
FLAKKEBJERG,2011-04-10,10,04,2011,100,2.7,17.2,10,0,52.2,246.4,88.9
FLAKKEBJERG,2011-04-11,11,04,2011,101,4.4,15.5,9.7,0,56.9,256.1,88.9
FLAKKEBJERG,2011-04-12,12,04,2011,102,5.7,7.9,6.5,3.4,58.4,262.6,92.3
FLAKKEBJERG,2011-04-13,13,04,2011,103,4.1,7,5.3,12,58.7,267.9,104.3
FLAKKEBJERG,2011-04-14,14,04,2011,104,2.7,10.6,6.6,1.3,60.3,274.5,105.6
FLAKKEBJERG,2011-04-15,15,04,2011,105,0.5,12.4,7,0,62.3,281.5,105.6
FLAKKEBJERG,2011-04-16,16,04,2011,106,3,12.6,8.5,0.1,65.8,290,105.7
FLAKKEBJERG,2011-04-17,17,04,2011,107,6.1,13.2,8.8,0,69.7,298.9,105.7
FLAKKEBJERG,2011-04-18,18,04,2011,108,3.9,17.4,9.9,0,74.6,308.8,105.7
FLAKKEBJERG,2011-04-19,19,04,2011,109,3.7,16.8,10.9,0,80.5,319.7,105.7
FLAKKEBJERG,2011-04-20,20,04,2011,110,7.8,20,13.4,0,88.9,333.1,105.7
FLAKKEBJERG,2011-04-21,21,04,2011,111,7.1,20.5,14,0,97.9,347.1,105.7
FLAKKEBJERG,2011-04-22,22,04,2011,112,6.2,19.7,13.3,0,106.2,360.4,105.7
FLAKKEBJERG,2011-04-23,23,04,2011,113,8.4,19.1,13.1,0,114.3,373.5,105.7
FLAKKEBJERG,2011-04-24,24,04,2011,114,7,18.6,12.5,0,121.8,386,105.7
FLAKKEBJERG,2011-04-25,25,04,2011,115,5.1,20.9,13.6,0,130.4,399.6,105.7
FLAKKEBJERG,2011-04-26,26,04,2011,116,6.7,20.7,14.3,0,139.7,413.9,105.7
FLAKKEBJERG,2011-04-27,27,04,2011,117,8.4,19.3,13.8,0,148.5,427.7,105.7
FLAKKEBJERG,2011-04-28,28,04,2011,118,8.4,17.6,12.6,0,156.1,440.3,105.7
FLAKKEBJERG,2011-04-29,29,04,2011,119,7.5,16.6,11.4,0,162.5,451.7,105.7
FLAKKEBJERG,2011-04-30,30,04,2011,120,5.6,18.2,12.3,0,169.7,463.9,105.7
FLAKKEBJERG,2011-05-01,01,05,2011,121,3.7,12.6,7.8,0,172.6,471.8,105.7
FLAKKEBJERG,2011-05-02,02,05,2011,122,1.8,10,5.8,0.1,173.4,477.6,105.8
FLAKKEBJERG,2011-05-03,03,05,2011,123,-1.6,11,5.1,0.3,173.5,482.7,106.1
FLAKKEBJERG,2011-05-04,04,05,2011,124,0.7,10.7,6,1.1,174.5,488.7,107.2
FLAKKEBJERG,2011-05-05,05,05,2011,125,2.7,14.1,8.9,0,178.4,497.6,107.2
FLAKKEBJERG,2011-05-06,06,05,2011,126,0.5,17.5,10.7,0,184.1,508.3,107.2
FLAKKEBJERG,2011-05-07,07,05,2011,127,6.5,18.5,12.3,0,191.4,520.6,107.2
FLAKKEBJERG,2011-05-08,08,05,2011,128,5.8,17.9,12.2,0,198.6,532.8,107.2
FLAKKEBJERG,2011-05-09,09,05,2011,129,8.1,20.8,14.6,0,208.2,547.4,107.2
FLAKKEBJERG,2011-05-10,10,05,2011,130,8.1,22.4,15.6,0,218.8,563,107.2
FLAKKEBJERG,2011-05-11,11,05,2011,131,8.9,18.5,13.4,0,227.2,576.4,107.2
FLAKKEBJERG,2011-05-12,12,05,2011,132,6.7,17.9,12.9,0.9,235.1,589.3,108.1
FLAKKEBJERG,2011-05-13,13,05,2011,133,7.6,17,11.9,0,241.9,601.1,108.1
FLAKKEBJERG,2011-05-14,14,05,2011,134,3.9,16.5,9.9,0.2,246.8,611,108.3
FLAKKEBJERG,2011-05-15,15,05,2011,135,6.9,13.4,10.1,1.2,251.9,621.1,109.5
FLAKKEBJERG,2011-05-16,16,05,2011,136,7.9,12.4,10.5,0.8,257.4,631.6,110.3
FLAKKEBJERG,2011-05-17,17,05,2011,137,10.6,15.3,12.1,12.2,264.5,643.7,122.5
FLAKKEBJERG,2011-05-18,18,05,2011,138,7.6,17.2,12.8,0.2,272.3,656.5,122.7
FLAKKEBJERG,2011-05-19,19,05,2011,139,12,17.2,13.4,0,280.7,669.9,122.7
FLAKKEBJERG,2011-05-20,20,05,2011,140,5.2,16.5,12,0,287.7,681.9,122.7
FLAKKEBJERG,2011-05-21,21,05,2011,141,5.5,18.2,13.2,0,295.8,695,122.7
FLAKKEBJERG,2011-05-22,22,05,2011,142,11.8,21.8,15,0,305.8,710,122.7
FLAKKEBJERG,2011-05-23,23,05,2011,143,10.2,17.9,14.3,4.5,315.1,724.3,127.2
FLAKKEBJERG,2011-05-24,24,05,2011,144,10.2,15.2,12.2,0.6,322.3,736.5,127.8
FLAKKEBJERG,2011-05-25,25,05,2011,145,8.4,14.9,11.5,0.1,328.8,748,127.89999999999999
FLAKKEBJERG,2011-05-26,26,05,2011,146,5.1,19.9,13,0,336.8,761,127.89999999999999
FLAKKEBJERG,2011-05-27,27,05,2011,147,10,14.5,12,5,343.8,773,132.9
FLAKKEBJERG,2011-05-28,28,05,2011,148,8,15,11.4,0.2,350.2,784.4,133.1
FLAKKEBJERG,2011-05-29,29,05,2011,149,9.1,14.7,12.1,6,357.3,796.5,139.1
FLAKKEBJERG,2011-05-30,30,05,2011,150,11.9,21.6,16,1,368.3,812.5,140.1
FLAKKEBJERG,2011-05-31,31,05,2011,151,12.3,21.9,15.6,0,378.9,828.1,140.1
FLAKKEBJERG,2011-06-01,01,06,2011,152,8.8,16.8,12.4,0.4,386.3,840.5,140.5
FLAKKEBJERG,2011-06-02,02,06,2011,153,7.2,20.5,14.8,0,396.1,855.3,140.5
FLAKKEBJERG,2011-06-03,03,06,2011,154,9.5,22.1,16.6,0,407.7,871.9,140.5
FLAKKEBJERG,2011-06-04,04,06,2011,155,8.5,23,17.3,0,419.9,889.1,140.5
FLAKKEBJERG,2011-06-05,05,06,2011,156,8.8,24,17.8,0,432.8,907,140.5
FLAKKEBJERG,2011-06-06,06,06,2011,157,15.5,26.7,20.3,0,448,927.2,140.5
FLAKKEBJERG,2011-06-07,07,06,2011,158,16,18.9,17.2,14.5,460.3,944.5,155
FLAKKEBJERG,2011-06-08,08,06,2011,159,15,22.2,18.5,4.3,473.8,963,159.3
FLAKKEBJERG,2011-06-09,09,06,2011,160,11.3,19.1,15,5.8,483.8,978,165.1
FLAKKEBJERG,2011-06-10,10,06,2011,161,10,17.5,13.6,0,492.4,991.6,165.1
FLAKKEBJERG,2011-06-11,11,06,2011,162,6.2,19.9,13.7,0,501.2,1005.4,165.1
FLAKKEBJERG,2011-06-12,12,06,2011,163,6.2,18.1,13.2,0,509.4,1018.6,165.1
FLAKKEBJERG,2011-06-13,13,06,2011,164,5.9,21,15.6,0,520,1034.2,165.1
FLAKKEBJERG,2011-06-14,14,06,2011,165,15.2,17.6,15.4,2,530.4,1049.6,167.1
FLAKKEBJERG,2011-06-15,15,06,2011,166,9,18.6,14,0,539.3,1063.5,167.1
FLAKKEBJERG,2011-06-16,16,06,2011,167,8.3,20.8,15.3,0,549.7,1078.9,167.1
FLAKKEBJERG,2011-06-17,17,06,2011,168,13.4,18.7,15.2,12.1,559.9,1094.1,179.2
FLAKKEBJERG,2011-06-18,18,06,2011,169,9.6,17.7,13.6,0.9,568.5,1107.7,180.1
FLAKKEBJERG,2011-06-19,19,06,2011,170,11.2,16.7,13.7,5.2,577.2,1121.4,185.3
FLAKKEBJERG,2011-06-20,20,06,2011,171,10.9,17.9,14.6,0.6,586.9,1136.1,185.9
FLAKKEBJERG,2011-06-21,21,06,2011,172,11.5,19,15.4,0,597.2,1151.4,185.9
FLAKKEBJERG,2011-06-22,22,06,2011,173,14.6,21.2,16.4,0,608.7,1167.9,185.9
FLAKKEBJERG,2011-06-23,23,06,2011,174,11.9,19.1,15.5,15.9,619.2,1183.4,201.8
FLAKKEBJERG,2011-06-24,24,06,2011,175,11.1,16.3,13.3,1.5,627.5,1196.7,203.3
FLAKKEBJERG,2011-06-25,25,06,2011,176,9.8,17,13.4,0,635.9,1210.1,203.3
FLAKKEBJERG,2011-06-26,26,06,2011,177,11.1,19.8,15.3,0,646.2,1225.4,203.3
FLAKKEBJERG,2011-06-27,27,06,2011,178,9.8,23.4,18.1,0,659.3,1243.5,203.3
FLAKKEBJERG,2011-06-28,28,06,2011,179,13.6,23,18.4,0,672.7,1261.9,203.3
FLAKKEBJERG,2011-06-29,29,06,2011,180,13.6,24.4,19.4,0,687.1,1281.3,203.3
FLAKKEBJERG,2011-06-30,30,06,2011,181,14.1,16.9,14.3,6,696.4,1295.6,209.3
FLAKKEBJERG,2011-07-01,01,07,2011,182,10.9,16.5,13.7,1.6,705.1,1309.3,210.9
FLAKKEBJERG,2011-07-02,02,07,2011,183,12.5,18.8,15.2,3.6,715.3,1324.5,214.5
FLAKKEBJERG,2011-07-03,03,07,2011,184,13.4,24.3,20.2,4.7,730.5,1344.7,219.2
FLAKKEBJERG,2011-07-04,04,07,2011,185,15.7,19.3,17.5,0,743.1,1362.3,219.2
FLAKKEBJERG,2011-07-05,05,07,2011,186,15.5,21.9,17.7,0.1,755.8,1380,219.3
FLAKKEBJERG,2011-07-06,06,07,2011,187,10.4,22.2,17.2,0,768,1397.2,219.3
FLAKKEBJERG,2011-07-07,07,07,2011,188,15,22.8,18.4,0.6,781.4,1415.6,219.9
FLAKKEBJERG,2011-07-08,08,07,2011,189,14.6,20.7,16.8,7.2,793.2,1432.4,227.1
FLAKKEBJERG,2011-07-09,09,07,2011,190,10.9,24.6,18,6.4,806.2,1450.4,233.5
FLAKKEBJERG,2011-07-10,10,07,2011,191,11.3,21.7,17.1,1.4,818.4,1467.6,234.9
FLAKKEBJERG,2011-07-11,11,07,2011,192,13.1,21.6,17.5,0,830.8,1485,234.9
FLAKKEBJERG,2011-07-12,12,07,2011,193,11,21.1,16.1,0,841.9,1501.1,234.9
FLAKKEBJERG,2011-07-13,13,07,2011,194,13.2,16.7,15.1,3,852.1,1516.3,237.9
FLAKKEBJERG,2011-07-14,14,07,2011,195,14.4,16.7,15.6,13,862.6,1531.8,250.9
FLAKKEBJERG,2011-07-15,15,07,2011,196,13.6,19,15.2,9.2,872.8,1547,260.1
FLAKKEBJERG,2011-07-16,16,07,2011,197,12,21.7,16.9,1.6,884.7,1563.9,261.7
FLAKKEBJERG,2011-07-17,17,07,2011,198,15.6,20.6,17.2,1.8,897,1581.2,263.5
FLAKKEBJERG,2011-07-18,18,07,2011,199,13.8,21.1,17,3.5,908.9,1598.1,267
FLAKKEBJERG,2011-07-19,19,07,2011,200,13.6,21.2,17.4,0.8,921.3,1615.5,267.8
FLAKKEBJERG,2011-07-20,20,07,2011,201,10.3,23.2,17.1,0.8,933.4,1632.6,268.6
FLAKKEBJERG,2011-07-21,21,07,2011,202,12.7,19.3,16.2,0,944.7,1648.9,268.6
FLAKKEBJERG,2011-07-22,22,07,2011,203,14.4,16.3,15.4,21.5,955,1664.2,290.1
FLAKKEBJERG,2011-07-23,23,07,2011,204,14.1,15.3,14.4,20.3,964.4,1678.6,310.4
FLAKKEBJERG,2011-07-24,24,07,2011,205,11.8,14.1,12.8,4,972.3,1691.5,314.4
FLAKKEBJERG,2011-07-25,25,07,2011,206,12.2,17.9,15,12.2,982.3,1706.5,326.6
FLAKKEBJERG,2011-07-26,26,07,2011,207,10.9,21.5,15.6,0.5,992.9,1722.1,327.1
FLAKKEBJERG,2011-07-27,27,07,2011,208,11.2,23.2,17.6,0.1,1005.5,1739.7,327.2
FLAKKEBJERG,2011-07-28,28,07,2011,209,13.5,19.9,17,0,1017.6,1756.8,327.2
FLAKKEBJERG,2011-07-29,29,07,2011,210,14.6,23.5,18.3,0,1030.9,1775.1,327.2
FLAKKEBJERG,2011-07-30,30,07,2011,211,16.4,24.9,20.6,0.4,1046.5,1795.7,327.6
FLAKKEBJERG,2011-07-31,31,07,2011,212,17.3,26.8,20.6,0.1,1062.1,1816.3,327.7
FLAKKEBJERG,2011-08-01,01,08,2011,213,14.2,24.1,19,0,1076.1,1835.3,327.7
FLAKKEBJERG,2011-08-02,02,08,2011,214,15,24.8,19.7,2.2,1090.8,1855,329.9
FLAKKEBJERG,2011-08-03,03,08,2011,215,13.2,23.9,19,0,1104.8,1874,329.9
FLAKKEBJERG,2011-08-04,04,08,2011,216,15.1,25.6,20.2,0,1119.9,1894.1,329.9
FLAKKEBJERG,2011-08-05,05,08,2011,217,17.7,21.4,18.6,1.7,1133.6,1912.8,331.6
FLAKKEBJERG,2011-08-06,06,08,2011,218,12.3,22.4,17.8,0,1146.4,1930.6,331.6
FLAKKEBJERG,2011-08-07,07,08,2011,219,16.4,21.4,18,4,1159.4,1948.6,335.6
FLAKKEBJERG,2011-08-08,08,08,2011,220,12.9,20.4,15.1,0,1169.6,1963.8,335.6
FLAKKEBJERG,2011-08-09,09,08,2011,221,12.6,19,15.7,10.7,1180.2,1979.4,346.3
FLAKKEBJERG,2011-08-10,10,08,2011,222,13.2,17.4,13.8,1,1189.1,1993.3,347.3
FLAKKEBJERG,2011-08-11,11,08,2011,223,11,14.1,12.2,15.4,1196.3,2005.5,362.7
FLAKKEBJERG,2011-08-12,12,08,2011,224,11.6,17.4,14.3,11,1205.7,2019.9,373.7
FLAKKEBJERG,2011-08-13,13,08,2011,225,13.3,18.2,15.8,0.1,1216.4,2035.6,373.8
FLAKKEBJERG,2011-08-14,14,08,2011,226,14.8,20.2,16.7,0,1228.1,2052.3,373.8
FLAKKEBJERG,2011-08-15,15,08,2011,227,15.2,20.9,17,47.4,1240.1,2069.3,421.2
FLAKKEBJERG,2011-08-16,16,08,2011,228,12,19,15.4,0,1250.5,2084.7,421.2
FLAKKEBJERG,2011-08-17,17,08,2011,229,14.1,21.1,16.8,0,1262.3,2101.5,421.2
FLAKKEBJERG,2011-08-18,18,08,2011,230,10.9,21,16.1,0.2,1273.4,2117.6,421.4
FLAKKEBJERG,2011-08-19,19,08,2011,231,13.5,17.5,14.9,0.4,1283.3,2132.5,421.8
FLAKKEBJERG,2011-08-20,20,08,2011,232,12.4,20.8,16.2,1.1,1294.5,2148.7,422.9
FLAKKEBJERG,2011-08-21,21,08,2011,233,12.9,23.8,18.3,0,1307.8,2167,422.9
FLAKKEBJERG,2011-08-22,22,08,2011,234,16.1,21.1,17.3,13.1,1320.1,2184.3,436
FLAKKEBJERG,2011-08-23,23,08,2011,235,11.1,20.5,16.4,0,1331.5,2200.7,436
FLAKKEBJERG,2011-08-24,24,08,2011,236,15.5,21.7,18.2,0,1344.7,2218.9,436
FLAKKEBJERG,2011-08-25,25,08,2011,237,16.1,21.9,18.1,0.4,1357.9,2237.1,436.4
FLAKKEBJERG,2011-08-26,26,08,2011,238,14.7,23.7,19.9,0,1372.8,2257,436.4
FLAKKEBJERG,2011-08-27,27,08,2011,239,17.3,20.2,17,7.6,1384.8,2274,444
FLAKKEBJERG,2011-08-28,28,08,2011,240,12.5,17.6,14.7,5.1,1394.5,2288.7,449.1
FLAKKEBJERG,2011-08-29,29,08,2011,241,12.1,15.7,13.8,1.8,1403.3,2302.5,450.9
FLAKKEBJERG,2011-08-30,30,08,2011,242,11.8,16.3,13.7,0.7,1412.1,2316.3,451.6
FLAKKEBJERG,2011-08-31,31,08,2011,243,11.7,17.3,14,2.1,1421.1,2330.3,453.7
FLAKKEBJERG,2011-09-01,01,09,2011,244,10.6,17.2,13.5,0.2,1429.5,2343.7,453.9
FLAKKEBJERG,2011-09-02,02,09,2011,245,6.9,16.8,12.6,0,1437.2,2356.4,453.9
FLAKKEBJERG,2011-09-03,03,09,2011,246,10.3,21.8,16.4,0,1448.6,2372.8,453.9
FLAKKEBJERG,2011-09-04,04,09,2011,247,15.1,23.7,19.6,0,1463.2,2392.4,453.9
FLAKKEBJERG,2011-09-05,05,09,2011,248,16.5,19.5,17.2,9.8,1475.4,2409.6,463.7
FLAKKEBJERG,2011-09-06,06,09,2011,249,13.3,18.8,15.3,0.9,1485.7,2424.9,464.6
FLAKKEBJERG,2011-09-07,07,09,2011,250,12.1,16.8,14.1,23,1494.9,2439.1,487.6
FLAKKEBJERG,2011-09-08,08,09,2011,251,11.4,15.4,12.8,1.4,1502.6,2451.8,489
FLAKKEBJERG,2011-09-09,09,09,2011,252,9.8,17.3,13.5,2.8,1511.2,2465.4,491.8
FLAKKEBJERG,2011-09-10,10,09,2011,253,12.8,18.9,16.1,0,1522.3,2481.5,491.8
FLAKKEBJERG,2011-09-11,11,09,2011,254,15.9,21.3,18.2,0,1535.5,2499.7,491.8
FLAKKEBJERG,2011-09-12,12,09,2011,255,14.2,17.4,16,4.9,1546.4,2515.6,496.7
FLAKKEBJERG,2011-09-13,13,09,2011,256,15.5,17.6,15.6,2,1557.1,2531.3,498.7
FLAKKEBJERG,2011-09-14,14,09,2011,257,12.1,17,13.7,0.3,1565.8,2545,499
FLAKKEBJERG,2011-09-15,15,09,2011,258,11.2,16.6,13.1,1.7,1573.9,2558.1,500.7
FLAKKEBJERG,2011-09-16,16,09,2011,259,8.9,15.3,11.4,0,1580.3,2569.5,500.7
FLAKKEBJERG,2011-09-17,17,09,2011,260,6.8,13.8,11.9,0.1,1587.2,2581.4,500.8
FLAKKEBJERG,2011-09-18,18,09,2011,261,11.2,15.1,13.3,0.4,1595.6,2594.8,501.2
FLAKKEBJERG,2011-09-19,19,09,2011,262,10.4,16,13.2,5.1,1603.8,2608,506.3
FLAKKEBJERG,2011-09-20,20,09,2011,263,11.4,15.3,13.9,0,1612.7,2621.9,506.3
FLAKKEBJERG,2011-09-21,21,09,2011,264,13.5,15.5,14.8,0.3,1622.5,2636.7,506.6
FLAKKEBJERG,2011-09-22,22,09,2011,265,12.6,15.9,13.6,1.6,1631.1,2650.3,508.2
FLAKKEBJERG,2011-09-23,23,09,2011,266,11.4,16.5,13.4,0,1639.5,2663.7,508.2
FLAKKEBJERG,2011-09-24,24,09,2011,267,11.6,16.8,13.7,0,1648.2,2677.4,508.2
FLAKKEBJERG,2011-09-25,25,09,2011,268,9.4,19.6,14.3,0,1657.5,2691.7,508.2
FLAKKEBJERG,2011-09-26,26,09,2011,269,10.5,20.7,15.9,0,1668.4,2707.6,508.2
FLAKKEBJERG,2011-09-27,27,09,2011,270,9.3,15.9,12.5,0,1675.9,2720.1,508.2
FLAKKEBJERG,2011-09-28,28,09,2011,271,8.1,18.4,13.3,0,1684.2,2733.4,508.2
FLAKKEBJERG,2011-09-29,29,09,2011,272,10.5,22.2,15.2,0,1694.4,2748.6,508.2
FLAKKEBJERG,2011-09-30,30,09,2011,273,7.6,22.3,14.5,0,1703.8,2763,508.2
FLAKKEBJERG,2011-10-01,01,10,2011,274,7.9,24.3,15.2,0,1714,2778.2,508.2
FLAKKEBJERG,2011-10-02,02,10,2011,275,9.8,20.8,15.2,0,1724.2,2793.4,508.2
FLAKKEBJERG,2011-10-03,03,10,2011,276,13.3,20.5,17,0,1736.2,2810.4,508.2
FLAKKEBJERG,2011-10-04,04,10,2011,277,14.8,17,15.3,0,1746.5,2825.7,508.2
FLAKKEBJERG,2011-10-05,05,10,2011,278,12.6,16.6,14.5,0,1756,2840.2,508.2
FLAKKEBJERG,2011-10-06,06,10,2011,279,13.5,16,13.1,1.5,1764.1,2853.3,509.7
FLAKKEBJERG,2011-10-07,07,10,2011,280,8.3,13.6,10.5,6.9,1769.6,2863.8,516.6
FLAKKEBJERG,2011-10-08,08,10,2011,281,9.2,10.9,8.9,0.8,1773.6,2872.8,517.4
FLAKKEBJERG,2011-10-09,09,10,2011,282,2.3,11.8,8,6.4,1776.6,2880.8,523.8
FLAKKEBJERG,2011-10-10,10,10,2011,283,7.9,14.8,12,7.4,1783.6,2892.8,531.2
FLAKKEBJERG,2011-10-11,11,10,2011,284,10.1,13.3,10.9,6.5,1789.5,2903.7,537.7
FLAKKEBJERG,2011-10-12,12,10,2011,285,8.1,13,10.1,0.6,1794.6,2913.8,538.3
FLAKKEBJERG,2011-10-13,13,10,2011,286,4.8,11.3,7.4,0,1797,2921.2,538.3
FLAKKEBJERG,2011-10-14,14,10,2011,287,0,11.6,4.9,0,1797,2926.1,538.3
FLAKKEBJERG,2011-10-15,15,10,2011,288,-0.5,10.9,5.4,0,1797.4,2931.6,538.3
FLAKKEBJERG,2011-10-16,16,10,2011,289,3.9,12,8.4,0,1800.8,2939.9,538.3
FLAKKEBJERG,2011-10-17,17,10,2011,290,4.4,12.2,9.2,0,1805,2949.2,538.3
FLAKKEBJERG,2011-10-18,18,10,2011,291,8.8,11,9.6,2.8,1809.6,2958.7,541.1
FLAKKEBJERG,2011-10-19,19,10,2011,292,7.1,11.3,8.9,6,1813.5,2967.6,547.1
FLAKKEBJERG,2011-10-20,20,10,2011,293,4.7,9.9,7.1,1.7,1815.5,2974.7,548.8
FLAKKEBJERG,2011-10-21,21,10,2011,294,5.6,11.3,8.4,0.1,1818.9,2983.1,548.9
FLAKKEBJERG,2011-10-22,22,10,2011,295,7.6,11,8.8,0.1,1822.7,2991.8,549
FLAKKEBJERG,2011-10-23,23,10,2011,296,5.6,10.3,7.1,0,1824.8,2998.9,549
FLAKKEBJERG,2011-10-24,24,10,2011,297,4.3,8.4,6.9,0,1826.6,3005.8,549
FLAKKEBJERG,2011-10-25,25,10,2011,298,7.5,9.8,8.5,0,1830.2,3014.3,549
FLAKKEBJERG,2011-10-26,26,10,2011,299,8,10.3,9.2,0,1834.4,3023.5,549
FLAKKEBJERG,2011-10-27,27,10,2011,300,4.3,11.3,7.9,2.2,1837.3,3031.5,551.2
FLAKKEBJERG,2011-10-28,28,10,2011,301,7.3,11.5,9.3,0,1841.7,3040.8,551.2
FLAKKEBJERG,2011-10-29,29,10,2011,302,2.3,10.6,7,0.1,1843.6,3047.7,551.3
FLAKKEBJERG,2011-10-30,30,10,2011,303,6.3,12.4,11.4,0.2,1850,3059.1,551.5
FLAKKEBJERG,2011-10-31,31,10,2011,304,11,12.8,11.9,0.1,1856.9,3071,551.6
FLAKKEBJERG,2011-11-01,01,11,2011,305,11.4,12.5,11,0.2,1862.9,3082.1,551.8
FLAKKEBJERG,2011-11-02,02,11,2011,306,7.5,9.4,8.4,0,1866.3,3090.5,551.8
FLAKKEBJERG,2011-11-03,03,11,2011,307,7.2,9.5,8.5,0,1869.9,3099,551.8
FLAKKEBJERG,2011-11-04,04,11,2011,308,7.6,10.3,8.1,0,1872.9,3107.1,551.8
FLAKKEBJERG,2011-11-05,05,11,2011,309,5.5,12.4,8.3,0,1876.2,3115.4,551.8
FLAKKEBJERG,2011-11-06,06,11,2011,310,6.3,10,8.7,0,1879.9,3124.1,551.8
FLAKKEBJERG,2011-11-07,07,11,2011,311,8.4,9.5,8.4,0,1883.3,3132.4,551.8
FLAKKEBJERG,2011-11-08,08,11,2011,312,7,8.6,7.7,0,1886,3140.2,551.8
FLAKKEBJERG,2011-11-09,09,11,2011,313,7.4,8.3,8,0,1889,3148.1,551.8
FLAKKEBJERG,2011-11-10,10,11,2011,314,7,8.8,7,0,1890.9,3155.1,551.8
FLAKKEBJERG,2011-11-11,11,11,2011,315,3.2,5.1,3.9,0,1890.9,3159,551.8
FLAKKEBJERG,2011-11-12,12,11,2011,316,1.5,6.4,3.1,0,1890.9,3162.1,551.8
FLAKKEBJERG,2011-11-13,13,11,2011,317,-1.9,6.5,1.6,0,1890.9,3163.7,551.8
FLAKKEBJERG,2011-11-14,14,11,2011,318,-0.6,6.3,4.1,0,1890.9,3167.8,551.8
FLAKKEBJERG,2011-11-15,15,11,2011,319,2.5,4.3,3.1,0,1890.9,3170.9,551.8
FLAKKEBJERG,2011-11-16,16,11,2011,320,-2,6.2,3.9,0,1890.9,3174.8,551.8
FLAKKEBJERG,2011-11-17,17,11,2011,321,2.6,3.8,2.6,0,1890.9,3177.4,551.8
FLAKKEBJERG,2011-11-18,18,11,2011,322,1.3,6.6,5.2,0.7,1891.2,3182.6,552.5
FLAKKEBJERG,2011-11-19,19,11,2011,323,5.5,7.2,6.7,0,1892.9,3189.3,552.5
FLAKKEBJERG,2011-11-20,20,11,2011,324,4.4,6.5,4.7,0,1892.9,3194.1,552.5
FLAKKEBJERG,2011-11-21,21,11,2011,325,0.6,5.4,3.2,0,1892.9,3197.2,552.5
FLAKKEBJERG,2011-11-22,22,11,2011,326,-1.7,6.7,2.7,0,1892.9,3200,552.5
FLAKKEBJERG,2011-11-23,23,11,2011,327,2.3,6.1,4.2,0.2,1892.9,3204.2,552.7
FLAKKEBJERG,2011-11-24,24,11,2011,328,3.8,8.7,7.7,0,1895.6,3211.9,552.7
FLAKKEBJERG,2011-11-25,25,11,2011,329,6.8,8.6,7.3,0,1897.9,3219.2,552.7
FLAKKEBJERG,2011-11-26,26,11,2011,330,5,9.8,7.3,1.8,1900.2,3226.5,554.5
FLAKKEBJERG,2011-11-27,27,11,2011,331,6.4,11,9.6,0.9,1904.7,3236,555.4
FLAKKEBJERG,2011-11-28,28,11,2011,332,5.8,8.5,7,1.9,1906.7,3243,557.3
FLAKKEBJERG,2011-11-29,29,11,2011,333,4.1,6.4,5.6,0,1907.3,3248.6,557.3
FLAKKEBJERG,2011-11-30,30,11,2011,334,4.9,8.5,7.2,0,1909.5,3255.8,557.3
FLAKKEBJERG,2011-12-01,01,12,2011,335,5.6,8.9,6.9,0,1911.5,3262.7,557.3
FLAKKEBJERG,2011-12-02,02,12,2011,336,3.6,7,4.9,3.7,1911.5,3267.6,561
FLAKKEBJERG,2011-12-03,03,12,2011,337,3.6,7.2,5.8,0.3,1912.2,3273.4,561.3
FLAKKEBJERG,2011-12-04,04,12,2011,338,1.4,4.1,2.2,9.1,1912.2,3275.6,570.4
FLAKKEBJERG,2011-12-05,05,12,2011,339,0.2,5,3.4,0.1,1912.2,3279,570.5
FLAKKEBJERG,2011-12-06,06,12,2011,340,1.7,3.9,2.8,0,1912.2,3281.9,570.5
FLAKKEBJERG,2011-12-07,07,12,2011,341,2.5,3.9,3,0,1912.2,3284.9,570.5
FLAKKEBJERG,2011-12-08,08,12,2011,342,0.9,6.8,3.5,1.3,1912.2,3288.4,571.8
FLAKKEBJERG,2011-12-09,09,12,2011,343,0.9,7.3,6,12.6,1913.3,3294.4,584.4
FLAKKEBJERG,2011-12-10,10,12,2011,344,2,5.4,3.5,0,1913.3,3297.9,584.4
FLAKKEBJERG,2011-12-11,11,12,2011,345,2.3,5.5,4.3,0,1913.3,3302.3,584.4
FLAKKEBJERG,2011-12-12,12,12,2011,346,2.7,5.6,3.9,0,1913.3,3306.2,584.4
FLAKKEBJERG,2011-12-13,13,12,2011,347,2.7,6.9,5.1,4.4,1913.4,3311.4,588.8
FLAKKEBJERG,2011-12-14,14,12,2011,348,3.5,6.1,4.9,4.2,1913.4,3316.2,593
FLAKKEBJERG,2011-12-15,15,12,2011,349,2.8,5.3,4.5,5.8,1913.4,3320.8,598.8
FLAKKEBJERG,2011-12-16,16,12,2011,350,3.7,4.5,4,0.5,1913.4,3324.7,599.3
FLAKKEBJERG,2011-12-17,17,12,2011,351,2.7,4.3,3.5,0.1,1913.4,3328.2,599.4
FLAKKEBJERG,2011-12-18,18,12,2011,352,1.5,3.7,2.6,1.2,1913.4,3330.8,600.6
FLAKKEBJERG,2011-12-19,19,12,2011,353,1.7,5,3.4,0,1913.4,3334.2,600.6
FLAKKEBJERG,2011-12-20,20,12,2011,354,1.1,2.5,1.7,0.9,1913.4,3335.9,601.5
FLAKKEBJERG,2011-12-21,21,12,2011,355,0.5,4.2,2,0.7,1913.4,3337.9,602.2
FLAKKEBJERG,2011-12-22,22,12,2011,356,-0.5,5.7,2.8,0,1913.4,3340.7,602.2
FLAKKEBJERG,2011-12-23,23,12,2011,357,2.5,7.5,6.7,0.7,1915.1,3347.5,602.9
FLAKKEBJERG,2011-12-24,24,12,2011,358,3.7,7.2,4.8,3.5,1915.1,3352.3,606.4
FLAKKEBJERG,2011-12-25,25,12,2011,359,2.5,8.6,6.6,2.1,1916.7,3358.8,608.5
FLAKKEBJERG,2011-12-26,26,12,2011,360,6.3,9.7,9,0,1920.7,3367.8,608.5
FLAKKEBJERG,2011-12-27,27,12,2011,361,7.6,9.7,7,0,1922.7,3374.8,608.5
FLAKKEBJERG,2011-12-28,28,12,2011,362,1.7,6.5,5.4,0.6,1923.1,3380.2,609.1
FLAKKEBJERG,2011-12-29,29,12,2011,363,5.3,6.5,4.9,0.1,1923.1,3385.1,609.2
FLAKKEBJERG,2011-12-30,30,12,2011,364,1.5,4.8,3,0,1923.1,3388.1,609.2
FLAKKEBJERG,2011-12-31,31,12,2011,365,-1.8,3.3,0.8,1.2,1923.1,3388.9,610.4
FLAKKEBJERG,2012-01-01,01,01,2012,1,-2.6,8.1,6,5.2,1,6,5.2
FLAKKEBJERG,2012-01-02,02,01,2012,2,5,8.1,6.2,5.8,2.2,12.2,11
FLAKKEBJERG,2012-01-03,03,01,2012,3,3.5,6.9,4.7,0,2.2,16.9,11
FLAKKEBJERG,2012-01-04,04,01,2012,4,3.6,6.2,5.3,7.7,2.5,22.2,18.7
FLAKKEBJERG,2012-01-05,05,01,2012,5,2.8,6.3,4.5,8.8,2.5,26.7,27.5
FLAKKEBJERG,2012-01-06,06,01,2012,6,2.3,3.6,2.7,1,2.5,29.4,28.5
FLAKKEBJERG,2012-01-07,07,01,2012,7,1.1,6.6,5.1,0.7,2.5,34.5,29.2
FLAKKEBJERG,2012-01-08,08,01,2012,8,4.1,5.5,4.1,0.6,2.5,38.5,29.8
FLAKKEBJERG,2012-01-09,09,01,2012,9,0.5,6.9,3.2,0,2.5,41.8,29.8
FLAKKEBJERG,2012-01-10,10,01,2012,10,0.7,6,5,2.2,2.5,46.7,32
FLAKKEBJERG,2012-01-11,11,01,2012,11,3.1,8.2,6.1,0,3.7,52.9,32
FLAKKEBJERG,2012-01-12,12,01,2012,12,4.4,8.3,6.3,0,5,59.1,32
FLAKKEBJERG,2012-01-13,13,01,2012,13,2.7,5.1,3.8,0.5,5,62.9,32.5
FLAKKEBJERG,2012-01-14,14,01,2012,14,1.2,4,2.3,0.6,5,65.2,33.1
FLAKKEBJERG,2012-01-15,15,01,2012,15,-1,3.3,1,0,5,66.2,33.1
FLAKKEBJERG,2012-01-16,16,01,2012,16,-1.3,4.5,3.6,0,5,69.9,33.1
FLAKKEBJERG,2012-01-17,17,01,2012,17,1.8,4.3,2.8,0,5,72.7,33.1
FLAKKEBJERG,2012-01-18,18,01,2012,18,0.7,5.7,3.3,0,5,76,33.1
FLAKKEBJERG,2012-01-19,19,01,2012,19,2.2,5,3.4,4.6,5,79.4,37.7
FLAKKEBJERG,2012-01-20,20,01,2012,20,0.9,3.5,1.6,8.6,5,81.1,46.3
FLAKKEBJERG,2012-01-21,21,01,2012,21,-0.1,3.9,1.8,4.6,5,82.9,50.9
FLAKKEBJERG,2012-01-22,22,01,2012,22,0.8,3.7,1.7,5.5,5,84.6,56.4
FLAKKEBJERG,2012-01-23,23,01,2012,23,-1.5,2.5,-0.3,0,5,84.6,56.4
FLAKKEBJERG,2012-01-24,24,01,2012,24,-4.4,-0.4,-2.9,0,5,84.6,56.4
FLAKKEBJERG,2012-01-25,25,01,2012,25,-5.6,-0.2,-2.5,0,5,84.6,56.4
FLAKKEBJERG,2012-01-26,26,01,2012,26,-4.2,1.4,-0.3,0,5,84.6,56.4
FLAKKEBJERG,2012-01-27,27,01,2012,27,-1.8,-0.4,-1.2,0,5,84.6,56.4
FLAKKEBJERG,2012-01-28,28,01,2012,28,-4.4,-0.6,-2.5,0,5,84.6,56.4
FLAKKEBJERG,2012-01-29,29,01,2012,29,-4.1,0,-1.7,0,5,84.6,56.4
FLAKKEBJERG,2012-01-30,30,01,2012,30,-4.1,0.4,-1.8,0,5,84.6,56.4
FLAKKEBJERG,2012-01-31,31,01,2012,31,-4.2,-0.8,-2.6,0,5,84.6,56.4
FLAKKEBJERG,2012-02-01,01,02,2012,32,-4.7,-1.6,-3.5,0,5,84.6,56.4
FLAKKEBJERG,2012-02-02,02,02,2012,33,-9.9,-4.5,-7.3,0,5,84.6,56.4
FLAKKEBJERG,2012-02-03,03,02,2012,34,-11,-7.1,-9.7,0,5,84.6,56.4
FLAKKEBJERG,2012-02-04,04,02,2012,35,-13.5,-7.4,-11.4,0,5,84.6,56.4
FLAKKEBJERG,2012-02-05,05,02,2012,36,-14.5,-6.1,-9.9,0,5,84.6,56.4
FLAKKEBJERG,2012-02-06,06,02,2012,37,-11.8,-8,-9.9,0,5,84.6,56.4
FLAKKEBJERG,2012-02-07,07,02,2012,38,-12.9,-3.3,-7.2,0,5,84.6,56.4
FLAKKEBJERG,2012-02-08,08,02,2012,39,-8.8,-1.5,-4.4,0,5,84.6,56.4
FLAKKEBJERG,2012-02-09,09,02,2012,40,-5.6,-0.9,-3.4,0,5,84.6,56.4
FLAKKEBJERG,2012-02-10,10,02,2012,41,-7.1,-1.9,-5.5,0,5,84.6,56.4
FLAKKEBJERG,2012-02-11,11,02,2012,42,-12.6,-3.2,-7.5,0,5,84.6,56.4
FLAKKEBJERG,2012-02-12,12,02,2012,43,-10.8,1,-1.5,1.1,5,84.6,57.5
FLAKKEBJERG,2012-02-13,13,02,2012,44,-9.5,0.6,-3.2,0.4,5,84.6,57.9
FLAKKEBJERG,2012-02-14,14,02,2012,45,-7.5,3.5,0.2,0,5,84.8,57.9
FLAKKEBJERG,2012-02-15,15,02,2012,46,-0.4,3.4,1.7,0.3,5,86.5,58.2
FLAKKEBJERG,2012-02-16,16,02,2012,47,-4.2,3.6,0.1,0,5,86.6,58.2
FLAKKEBJERG,2012-02-17,17,02,2012,48,-2.3,5.6,3.5,7.5,5,90.1,65.7
FLAKKEBJERG,2012-02-18,18,02,2012,49,0.1,4.6,2.7,0.2,5,92.8,65.9
FLAKKEBJERG,2012-02-19,19,02,2012,50,1,4.3,2,0.4,5,94.8,66.3
FLAKKEBJERG,2012-02-20,20,02,2012,51,-0.6,3.6,1.5,0,5,96.3,66.3
FLAKKEBJERG,2012-02-21,21,02,2012,52,0.6,6.3,3.5,5,5,99.7,71.3
FLAKKEBJERG,2012-02-22,22,02,2012,53,3,5.8,4.4,0.2,5,104.1,71.5
FLAKKEBJERG,2012-02-23,23,02,2012,54,3.8,8,6.1,1,6,110.2,72.5
FLAKKEBJERG,2012-02-24,24,02,2012,55,5.3,7.5,6.3,0,7.4,116.5,72.5
FLAKKEBJERG,2012-02-25,25,02,2012,56,4.4,7.1,4.8,0.3,7.4,121.4,72.8
FLAKKEBJERG,2012-02-26,26,02,2012,57,-0.3,4.2,1.3,0,7.4,122.7,72.8
FLAKKEBJERG,2012-02-27,27,02,2012,58,-1.4,3.9,1.1,0,7.4,123.8,72.8
FLAKKEBJERG,2012-02-28,28,02,2012,59,0.2,11.7,7.3,3.4,9.7,131.1,76.2
FLAKKEBJERG,2012-02-29,29,02,2012,60,6.2,10.9,7.8,0,12.4,138.9,76.2
FLAKKEBJERG,2012-03-01,01,03,2012,61,5.7,9.7,6.9,0,14.3,145.7,76.2
FLAKKEBJERG,2012-03-02,02,03,2012,62,4.2,10.2,5.8,0,15.1,151.5,76.2
FLAKKEBJERG,2012-03-03,03,03,2012,63,0.2,6.4,2.5,0,15.1,154,76.2
FLAKKEBJERG,2012-03-04,04,03,2012,64,1.5,5.3,2.3,0,15.1,156.3,76.2
FLAKKEBJERG,2012-03-05,05,03,2012,65,1.1,3.7,1.7,0,15.1,158,76.2
FLAKKEBJERG,2012-03-06,06,03,2012,66,-0.7,2.2,0.5,0,15.1,158.4,76.2
FLAKKEBJERG,2012-03-07,07,03,2012,67,-0.5,3,1.2,0,15.1,159.7,76.2
FLAKKEBJERG,2012-03-08,08,03,2012,68,0.5,7.3,3.5,6.9,15.1,163.2,83.1
FLAKKEBJERG,2012-03-09,09,03,2012,69,0.5,6.9,4,0.1,15.1,167.2,83.2
FLAKKEBJERG,2012-03-10,10,03,2012,70,2.9,7.3,6.1,0.9,16.2,173.3,84.1
FLAKKEBJERG,2012-03-11,11,03,2012,71,2.5,10,6.2,0.7,17.4,179.5,84.8
FLAKKEBJERG,2012-03-12,12,03,2012,72,5.2,9.9,7.2,0,19.6,186.7,84.8
FLAKKEBJERG,2012-03-13,13,03,2012,73,5.1,11.1,7.2,0,21.8,193.9,84.8
FLAKKEBJERG,2012-03-14,14,03,2012,74,4.8,9.5,6.6,0,23.5,200.6,84.8
FLAKKEBJERG,2012-03-15,15,03,2012,75,4.6,5.9,4.8,0,23.5,205.3,84.8
FLAKKEBJERG,2012-03-16,16,03,2012,76,0.1,13,6,0,24.5,211.3,84.8
FLAKKEBJERG,2012-03-17,17,03,2012,77,4.7,10.2,6.7,0,26.1,218,84.8
FLAKKEBJERG,2012-03-18,18,03,2012,78,5.1,9.5,6.8,1.7,28,224.8,86.5
FLAKKEBJERG,2012-03-19,19,03,2012,79,2.8,8.5,5.1,0.1,28.1,229.9,86.6
FLAKKEBJERG,2012-03-20,20,03,2012,80,3.6,9,6.6,0.6,29.7,236.5,87.2
FLAKKEBJERG,2012-03-21,21,03,2012,81,5.8,14.1,8.8,0,33.4,245.3,87.2
FLAKKEBJERG,2012-03-22,22,03,2012,82,3.4,13.2,8.1,0,36.6,253.5,87.2
FLAKKEBJERG,2012-03-23,23,03,2012,83,3,12.1,7,0,38.6,260.5,87.2
FLAKKEBJERG,2012-03-24,24,03,2012,84,0.4,9.8,4.3,0.1,38.6,264.8,87.3
FLAKKEBJERG,2012-03-25,25,03,2012,85,2.4,15.4,8,0,41.6,272.7,87.3
FLAKKEBJERG,2012-03-26,26,03,2012,86,0.8,9.3,5.7,0,42.2,278.4,87.3
FLAKKEBJERG,2012-03-27,27,03,2012,87,5.5,15.4,10,0,47.2,288.4,87.3
FLAKKEBJERG,2012-03-28,28,03,2012,88,5.9,15.8,9.8,0,52,298.2,87.3
FLAKKEBJERG,2012-03-29,29,03,2012,89,5.5,10.3,7.3,0,54.3,305.5,87.3
FLAKKEBJERG,2012-03-30,30,03,2012,90,4.6,10.7,7.4,0,56.7,312.9,87.3
FLAKKEBJERG,2012-03-31,31,03,2012,91,1.4,7,4.4,1,56.7,317.4,88.3
FLAKKEBJERG,2012-04-01,01,04,2012,92,-1.3,7.4,3.9,0,56.7,321.3,88.3
FLAKKEBJERG,2012-04-02,02,04,2012,93,1.8,7,3.5,0.6,56.7,324.8,88.9
FLAKKEBJERG,2012-04-03,03,04,2012,94,-0.7,5.8,2.6,0,56.7,327.4,88.9
FLAKKEBJERG,2012-04-04,04,04,2012,95,0.9,7.3,2.9,0,56.7,330.3,88.9
FLAKKEBJERG,2012-04-05,05,04,2012,96,-5.1,8.8,2.4,0,56.7,332.7,88.9
FLAKKEBJERG,2012-04-06,06,04,2012,97,-2.1,4.6,2.6,0,56.7,335.3,88.9
FLAKKEBJERG,2012-04-07,07,04,2012,98,0.4,3.8,1.5,6.6,56.7,336.8,95.5
FLAKKEBJERG,2012-04-08,08,04,2012,99,-2.2,6.2,2.7,0,56.7,339.5,95.5
FLAKKEBJERG,2012-04-09,09,04,2012,100,2.5,6.2,4.8,0.2,56.7,344.2,95.7
FLAKKEBJERG,2012-04-10,10,04,2012,101,4.1,9.9,8,4.4,59.8,352.3,100.1
FLAKKEBJERG,2012-04-11,11,04,2012,102,5.8,10.9,7.7,1.6,62.5,360,101.7
FLAKKEBJERG,2012-04-12,12,04,2012,103,1.2,11.8,6.9,0,64.4,366.9,101.7
FLAKKEBJERG,2012-04-13,13,04,2012,104,2.4,8.5,5.5,0,65,372.5,101.7
FLAKKEBJERG,2012-04-14,14,04,2012,105,0.8,10.1,6,0,65.9,378.4,101.7
FLAKKEBJERG,2012-04-15,15,04,2012,106,4.3,10,6.6,0,67.5,385,101.7
FLAKKEBJERG,2012-04-16,16,04,2012,107,1.7,9.1,5.1,0.1,67.6,390.1,101.8
FLAKKEBJERG,2012-04-17,17,04,2012,108,1.6,7.9,4.7,0,67.6,394.9,101.8
FLAKKEBJERG,2012-04-18,18,04,2012,109,4.4,9.1,6.9,0,69.5,401.8,101.8
FLAKKEBJERG,2012-04-19,19,04,2012,110,4.9,13.8,9.3,0,73.8,411.1,101.8
FLAKKEBJERG,2012-04-20,20,04,2012,111,5.5,11.1,7.4,0,76.2,418.4,101.8
FLAKKEBJERG,2012-04-21,21,04,2012,112,4.9,13.3,8.3,0.1,79.5,426.7,101.9
FLAKKEBJERG,2012-04-22,22,04,2012,113,4.1,12,8.3,3.1,82.8,435.1,105
FLAKKEBJERG,2012-04-23,23,04,2012,114,4.3,11.8,8.2,0,86,443.2,105
FLAKKEBJERG,2012-04-24,24,04,2012,115,4.4,13.6,9,0,90,452.2,105
FLAKKEBJERG,2012-04-25,25,04,2012,116,7.3,12.4,9.2,5.7,94.1,461.4,110.7
FLAKKEBJERG,2012-04-26,26,04,2012,117,8.2,14.1,10.5,2.3,99.6,471.8,113
FLAKKEBJERG,2012-04-27,27,04,2012,118,8.3,15.1,11.4,0.2,106,483.3,113.2
FLAKKEBJERG,2012-04-28,28,04,2012,119,7.2,11.4,8.7,0,109.7,492,113.2
FLAKKEBJERG,2012-04-29,29,04,2012,120,7.5,16.1,11.7,0.1,116.5,503.7,113.3
FLAKKEBJERG,2012-04-30,30,04,2012,121,6.7,16.3,11.6,0,123.1,515.4,113.3
FLAKKEBJERG,2012-05-01,01,05,2012,122,5.9,18.3,12.6,0,130.7,528,113.3
FLAKKEBJERG,2012-05-02,02,05,2012,123,6,20.1,12.6,0,138.3,540.5,113.3
FLAKKEBJERG,2012-05-03,03,05,2012,124,4.4,20,13.4,0,146.7,554,113.3
FLAKKEBJERG,2012-05-04,04,05,2012,125,8.1,13.3,10.6,0,152.4,564.6,113.3
FLAKKEBJERG,2012-05-05,05,05,2012,126,5,11.3,7.6,0,155,572.3,113.3
FLAKKEBJERG,2012-05-06,06,05,2012,127,3.1,10,6.3,0,156.3,578.5,113.3
FLAKKEBJERG,2012-05-07,07,05,2012,128,2.4,11.3,7.2,0,158.5,585.8,113.3
FLAKKEBJERG,2012-05-08,08,05,2012,129,3.9,15.9,11.5,0,165,597.2,113.3
FLAKKEBJERG,2012-05-09,09,05,2012,130,11,17.7,14,0.4,174,611.2,113.7
FLAKKEBJERG,2012-05-10,10,05,2012,131,10.8,17.2,14.6,3.1,183.6,625.8,116.8
FLAKKEBJERG,2012-05-11,11,05,2012,132,13.8,17.4,14.1,3.9,192.7,639.9,120.7
FLAKKEBJERG,2012-05-12,12,05,2012,133,7.1,10.8,8.5,0.2,196.2,648.4,120.9
FLAKKEBJERG,2012-05-13,13,05,2012,134,6.1,12.9,9.3,0,200.5,657.7,120.9
FLAKKEBJERG,2012-05-14,14,05,2012,135,7,14,10.7,0,206.2,668.4,120.9
FLAKKEBJERG,2012-05-15,15,05,2012,136,6.8,15.8,11.1,0,212.3,679.5,120.9
FLAKKEBJERG,2012-05-16,16,05,2012,137,6.9,10.1,8.2,10.5,215.5,687.8,131.4
FLAKKEBJERG,2012-05-17,17,05,2012,138,5.6,11.6,8.2,0.1,218.7,695.9,131.5
FLAKKEBJERG,2012-05-18,18,05,2012,139,2.6,14,8.7,0.6,222.4,704.7,132.1
FLAKKEBJERG,2012-05-19,19,05,2012,140,7.7,14.4,11.1,0,228.5,715.8,132.1
FLAKKEBJERG,2012-05-20,20,05,2012,141,9.2,21.5,15.7,0.1,239.2,731.5,132.2
FLAKKEBJERG,2012-05-21,21,05,2012,142,12.3,24.7,18.4,0,252.6,749.9,132.2
FLAKKEBJERG,2012-05-22,22,05,2012,143,14.7,25.6,19.5,0,267.1,769.4,132.2
FLAKKEBJERG,2012-05-23,23,05,2012,144,15.8,23.6,18.4,0,280.5,787.8,132.2
FLAKKEBJERG,2012-05-24,24,05,2012,145,8.5,21.6,16.1,0,291.6,803.9,132.2
FLAKKEBJERG,2012-05-25,25,05,2012,146,10.3,20.4,16.1,0,302.7,819.9,132.2
FLAKKEBJERG,2012-05-26,26,05,2012,147,8.8,22.2,16.5,0,314.2,836.4,132.2
FLAKKEBJERG,2012-05-27,27,05,2012,148,11.2,20.8,16.4,0,325.6,852.8,132.2
FLAKKEBJERG,2012-05-28,28,05,2012,149,11.2,23.3,17.9,0,338.5,870.8,132.2
FLAKKEBJERG,2012-05-29,29,05,2012,150,9.7,13.7,10.6,0,344.2,881.4,132.2
FLAKKEBJERG,2012-05-30,30,05,2012,151,7.5,14.2,10.9,1.7,350,892.3,133.9
FLAKKEBJERG,2012-05-31,31,05,2012,152,7.6,14,10.6,0,355.6,902.9,133.9
FLAKKEBJERG,2012-06-01,01,06,2012,153,7.2,14.1,10.7,0,361.3,913.6,133.9
FLAKKEBJERG,2012-06-02,02,06,2012,154,6.5,13.4,9.8,0.6,366.1,923.3,134.5
FLAKKEBJERG,2012-06-03,03,06,2012,155,5.6,14,9.8,0,370.9,933.2,134.5
FLAKKEBJERG,2012-06-04,04,06,2012,156,7.7,13.9,10.8,0,376.7,943.9,134.5
FLAKKEBJERG,2012-06-05,05,06,2012,157,8.8,14.4,10.8,0,382.5,954.8,134.5
FLAKKEBJERG,2012-06-06,06,06,2012,158,5.3,15.5,10.9,0,388.4,965.7,134.5
FLAKKEBJERG,2012-06-07,07,06,2012,159,9.3,16.9,12.4,1.5,395.8,978.1,136
FLAKKEBJERG,2012-06-08,08,06,2012,160,9.8,18.6,13.6,0.1,404.4,991.7,136.1
FLAKKEBJERG,2012-06-09,09,06,2012,161,9.6,16.6,13.2,9.7,412.6,1004.9,145.8
FLAKKEBJERG,2012-06-10,10,06,2012,162,11.1,14.6,12.6,0.4,420.2,1017.5,146.2
FLAKKEBJERG,2012-06-11,11,06,2012,163,11,17.4,13.6,0,428.8,1031.1,146.2
FLAKKEBJERG,2012-06-12,12,06,2012,164,7.3,17.6,13.1,0,436.9,1044.2,146.2
FLAKKEBJERG,2012-06-13,13,06,2012,165,10.9,16.9,13.1,0,445,1057.2,146.2
FLAKKEBJERG,2012-06-14,14,06,2012,166,8.7,14.2,11.1,0,451.1,1068.4,146.2
FLAKKEBJERG,2012-06-15,15,06,2012,167,4,18.4,12.8,0,458.9,1081.1,146.2
FLAKKEBJERG,2012-06-16,16,06,2012,168,13.7,19.9,15.7,1.2,469.6,1096.8,147.4
FLAKKEBJERG,2012-06-17,17,06,2012,169,9.8,17.4,14,6.6,478.6,1110.8,154
FLAKKEBJERG,2012-06-18,18,06,2012,170,8.9,20.4,14.8,0.7,488.4,1125.7,154.7
FLAKKEBJERG,2012-06-19,19,06,2012,171,9.6,18.1,13.7,4.5,497.1,1139.3,159.2
FLAKKEBJERG,2012-06-20,20,06,2012,172,7.9,19.5,14.5,0,506.6,1153.8,159.2
FLAKKEBJERG,2012-06-21,21,06,2012,173,7.4,21.3,15.4,0,517,1169.3,159.2
FLAKKEBJERG,2012-06-22,22,06,2012,174,11.1,19.5,14.5,13.6,526.5,1183.8,172.8
FLAKKEBJERG,2012-06-23,23,06,2012,175,10.5,18.8,14.5,4.6,536.1,1198.3,177.4
FLAKKEBJERG,2012-06-24,24,06,2012,176,10.7,14.4,12.4,2.6,543.5,1210.8,180
FLAKKEBJERG,2012-06-25,25,06,2012,177,10.6,16.2,13.1,12.8,551.6,1223.9,192.8
FLAKKEBJERG,2012-06-26,26,06,2012,178,11.9,17,13.4,2.5,560.1,1237.3,195.3
FLAKKEBJERG,2012-06-27,27,06,2012,179,10.4,18.1,13.5,0,568.6,1250.8,195.3
FLAKKEBJERG,2012-06-28,28,06,2012,180,8.5,19.1,14.1,0,577.7,1264.9,195.3
FLAKKEBJERG,2012-06-29,29,06,2012,181,14,22.6,17.5,3.4,590.2,1282.4,198.7
FLAKKEBJERG,2012-06-30,30,06,2012,182,13.4,22.3,18.4,14.8,603.5,1300.8,213.5
FLAKKEBJERG,2012-07-01,01,07,2012,183,13.2,20.3,17,0,615.5,1317.8,213.5
FLAKKEBJERG,2012-07-02,02,07,2012,184,11.6,19.2,15.6,0,626.1,1333.4,213.5
FLAKKEBJERG,2012-07-03,03,07,2012,185,9.4,20.9,15.3,0,636.4,1348.7,213.5
FLAKKEBJERG,2012-07-04,04,07,2012,186,11.6,21.4,16.7,0,648.1,1365.4,213.5
FLAKKEBJERG,2012-07-05,05,07,2012,187,13,21,17.6,0,660.7,1382.9,213.5
FLAKKEBJERG,2012-07-06,06,07,2012,188,15.8,20.1,17.8,0,673.5,1400.8,213.5
FLAKKEBJERG,2012-07-07,07,07,2012,189,13.5,21.2,17.5,0,686,1418.3,213.5
FLAKKEBJERG,2012-07-08,08,07,2012,190,10.4,24.3,18.2,0,699.2,1436.5,213.5
FLAKKEBJERG,2012-07-09,09,07,2012,191,15.6,18.3,16.1,0.6,710.3,1452.6,214.1
FLAKKEBJERG,2012-07-10,10,07,2012,192,13.2,18.4,15,0,720.4,1467.6,214.1
FLAKKEBJERG,2012-07-11,11,07,2012,193,10.7,19.8,15,0,730.3,1482.6,214.1
FLAKKEBJERG,2012-07-12,12,07,2012,194,11.3,18.3,14.2,3,739.5,1496.8,217.1
FLAKKEBJERG,2012-07-13,13,07,2012,195,11.2,18.6,14.8,0.4,749.3,1511.6,217.5
FLAKKEBJERG,2012-07-14,14,07,2012,196,11.7,19.5,15.4,0,759.7,1527,217.5
FLAKKEBJERG,2012-07-15,15,07,2012,197,10.9,17.7,13.9,0.5,768.6,1540.9,218
FLAKKEBJERG,2012-07-16,16,07,2012,198,10.6,16.9,13.4,1.3,777,1554.3,219.3
FLAKKEBJERG,2012-07-17,17,07,2012,199,11,18.6,14.4,5.5,786.4,1568.7,224.8
FLAKKEBJERG,2012-07-18,18,07,2012,200,11.9,17.7,14.5,0,795.9,1583.2,224.8
FLAKKEBJERG,2012-07-19,19,07,2012,201,13.3,18.8,14.7,13.6,805.6,1597.9,238.4
FLAKKEBJERG,2012-07-20,20,07,2012,202,11.3,18,14.4,0,815,1612.3,238.4
FLAKKEBJERG,2012-07-21,21,07,2012,203,10.3,19.9,14,0,824,1626.3,238.4
FLAKKEBJERG,2012-07-22,22,07,2012,204,10.7,19.4,15.1,1.3,834.2,1641.4,239.7
FLAKKEBJERG,2012-07-23,23,07,2012,205,13.2,22.3,17.7,0,846.8,1659.1,239.7
FLAKKEBJERG,2012-07-24,24,07,2012,206,12.7,25.3,19.7,0,861.5,1678.8,239.7
FLAKKEBJERG,2012-07-25,25,07,2012,207,12.6,28.3,21,0,877.5,1699.7,239.7
FLAKKEBJERG,2012-07-26,26,07,2012,208,13.8,24.1,19.1,0,891.6,1718.8,239.7
FLAKKEBJERG,2012-07-27,27,07,2012,209,11.1,26.2,19.9,0,906.5,1738.7,239.7
FLAKKEBJERG,2012-07-28,28,07,2012,210,18.4,24.1,18.6,0.5,920.1,1757.3,240.2
FLAKKEBJERG,2012-07-29,29,07,2012,211,8.9,17.2,14.3,3.8,929.4,1771.6,244
FLAKKEBJERG,2012-07-30,30,07,2012,212,13.3,19.1,15,0,939.3,1786.6,244
FLAKKEBJERG,2012-07-31,31,07,2012,213,11,19.6,14.8,12.7,949.1,1801.4,256.7
FLAKKEBJERG,2012-08-01,01,08,2012,214,9.3,21.5,16.2,0,960.3,1817.6,256.7
FLAKKEBJERG,2012-08-02,02,08,2012,215,15.2,26.1,20.1,0,975.4,1837.7,256.7
FLAKKEBJERG,2012-08-03,03,08,2012,216,13.8,22.9,18,0,988.4,1855.6,256.7
FLAKKEBJERG,2012-08-04,04,08,2012,217,11.8,21.2,16.3,0,999.7,1871.9,256.7
FLAKKEBJERG,2012-08-05,05,08,2012,218,12.1,23.6,17.8,6.8,1012.5,1889.8,263.5
FLAKKEBJERG,2012-08-06,06,08,2012,219,14.9,22.2,17.7,0,1025.2,1907.4,263.5
FLAKKEBJERG,2012-08-07,07,08,2012,220,15.2,20.3,16.4,4.2,1036.6,1923.8,267.7
FLAKKEBJERG,2012-08-08,08,08,2012,221,12.6,19.8,15.8,0.6,1047.3,1939.6,268.3
FLAKKEBJERG,2012-08-09,09,08,2012,222,11.7,21.2,15.8,0,1058.1,1955.4,268.3
FLAKKEBJERG,2012-08-10,10,08,2012,223,11.3,20.1,15,0,1068.1,1970.4,268.3
FLAKKEBJERG,2012-08-11,11,08,2012,224,8.5,21.3,15.4,0,1078.6,1985.8,268.3
FLAKKEBJERG,2012-08-12,12,08,2012,225,7.6,22.2,14.9,0,1088.5,2000.7,268.3
FLAKKEBJERG,2012-08-13,13,08,2012,226,8.4,21.5,15.2,0,1098.7,2016,268.3
FLAKKEBJERG,2012-08-14,14,08,2012,227,9.3,21.3,15,0,1108.7,2031,268.3
FLAKKEBJERG,2012-08-15,15,08,2012,228,7.3,23.3,16.1,0,1119.8,2047,268.3
FLAKKEBJERG,2012-08-16,16,08,2012,229,12,22.1,16.4,0,1131.2,2063.5,268.3
FLAKKEBJERG,2012-08-17,17,08,2012,230,11,22.9,17,0,1143.2,2080.5,268.3
FLAKKEBJERG,2012-08-18,18,08,2012,231,15.1,28.6,22,0,1160.2,2102.4,268.3
FLAKKEBJERG,2012-08-19,19,08,2012,232,17.2,29.2,23.2,0,1178.3,2125.6,268.3
FLAKKEBJERG,2012-08-20,20,08,2012,233,18.9,28.9,23,0,1196.4,2148.6,268.3
FLAKKEBJERG,2012-08-21,21,08,2012,234,15.1,19.9,17.4,0,1208.7,2166,268.3
FLAKKEBJERG,2012-08-22,22,08,2012,235,13.8,21.5,17.3,5.5,1221,2183.2,273.8
FLAKKEBJERG,2012-08-23,23,08,2012,236,14.2,21,16.7,0,1232.7,2199.9,273.8
FLAKKEBJERG,2012-08-24,24,08,2012,237,11.6,19.1,15.5,0,1243.1,2215.4,273.8
FLAKKEBJERG,2012-08-25,25,08,2012,238,10.2,20.5,15.4,0,1253.5,2230.8,273.8
FLAKKEBJERG,2012-08-26,26,08,2012,239,13.6,18.8,16.3,0,1264.9,2247.1,273.8
FLAKKEBJERG,2012-08-27,27,08,2012,240,12.4,18.8,14.5,1.5,1274.3,2261.6,275.3
FLAKKEBJERG,2012-08-28,28,08,2012,241,10.5,20,15.8,0.1,1285.2,2277.4,275.4
FLAKKEBJERG,2012-08-29,29,08,2012,242,9.5,21.5,16.5,0.6,1296.6,2293.9,276
FLAKKEBJERG,2012-08-30,30,08,2012,243,15.8,20.9,17.7,0.2,1309.4,2311.6,276.2
FLAKKEBJERG,2012-08-31,31,08,2012,244,11.5,20.2,15.1,0,1319.4,2326.7,276.2
FLAKKEBJERG,2012-09-01,01,09,2012,245,10.3,17.4,14,0,1328.5,2340.7,276.2
FLAKKEBJERG,2012-09-02,02,09,2012,246,11.2,20.3,16.8,0,1340.3,2357.5,276.2
FLAKKEBJERG,2012-09-03,03,09,2012,247,13.1,19.8,16.4,0,1351.6,2373.9,276.2
FLAKKEBJERG,2012-09-04,04,09,2012,248,11.5,21.4,17,0,1363.6,2390.9,276.2
FLAKKEBJERG,2012-09-05,05,09,2012,249,11.9,18.7,14.8,0,1373.4,2405.7,276.2
FLAKKEBJERG,2012-09-06,06,09,2012,250,11.4,17.3,13.9,0,1382.4,2419.6,276.2
FLAKKEBJERG,2012-09-07,07,09,2012,251,13.3,18,15.3,1.3,1392.6,2434.9,277.5
FLAKKEBJERG,2012-09-08,08,09,2012,252,11.4,21.1,15.5,0,1403.2,2450.4,277.5
FLAKKEBJERG,2012-09-09,09,09,2012,253,12.9,19,16.1,0,1414.3,2466.6,277.5
FLAKKEBJERG,2012-09-10,10,09,2012,254,15.6,23.9,18.6,0,1427.9,2485.1,277.5
FLAKKEBJERG,2012-09-11,11,09,2012,255,13.6,19,15.6,0,1438.4,2500.7,277.5
FLAKKEBJERG,2012-09-12,12,09,2012,256,9.8,16.2,12.1,3.7,1445.5,2512.8,281.2
FLAKKEBJERG,2012-09-13,13,09,2012,257,7.3,15.8,12,4.6,1452.5,2524.8,285.8
FLAKKEBJERG,2012-09-14,14,09,2012,258,10.5,14.2,13.2,0,1460.7,2538,285.8
FLAKKEBJERG,2012-09-15,15,09,2012,259,11.5,16.3,13.9,1,1469.6,2551.8,286.8
FLAKKEBJERG,2012-09-16,16,09,2012,260,12.9,18,15.3,0,1479.9,2567.1,286.8
FLAKKEBJERG,2012-09-17,17,09,2012,261,14.3,18.8,15.6,0,1490.5,2582.7,286.8
FLAKKEBJERG,2012-09-18,18,09,2012,262,11.1,17.3,13.7,0.1,1499.2,2596.4,286.9
FLAKKEBJERG,2012-09-19,19,09,2012,263,9.8,14,11,1.8,1505.1,2607.4,288.7
FLAKKEBJERG,2012-09-20,20,09,2012,264,8.3,14.1,11.2,0.3,1511.3,2618.6,289
FLAKKEBJERG,2012-09-21,21,09,2012,265,11,14.4,12.6,2.4,1519,2631.2,291.4
FLAKKEBJERG,2012-09-22,22,09,2012,266,9.5,12.6,10.5,0.6,1524.5,2641.7,292
FLAKKEBJERG,2012-09-23,23,09,2012,267,7,13.9,9.3,0,1528.8,2651.1,292
FLAKKEBJERG,2012-09-24,24,09,2012,268,3,11.7,8.8,0,1532.6,2659.9,292
FLAKKEBJERG,2012-09-25,25,09,2012,269,9.5,14.9,12.2,8.4,1539.9,2672.1,300.4
FLAKKEBJERG,2012-09-26,26,09,2012,270,9.9,13,11.7,4,1546.6,2683.9,304.4
FLAKKEBJERG,2012-09-27,27,09,2012,271,9.9,14.4,12,11.6,1553.6,2695.8,316
FLAKKEBJERG,2012-09-28,28,09,2012,272,9.6,13.4,11.7,2.6,1560.3,2707.6,318.6
FLAKKEBJERG,2012-09-29,29,09,2012,273,10.5,13,11.7,0.1,1567,2719.3,318.7
FLAKKEBJERG,2012-09-30,30,09,2012,274,10.2,14.7,12.4,0.3,1574.4,2731.7,319
FLAKKEBJERG,2012-10-01,01,10,2012,275,11.1,14.2,12.6,0.6,1582,2744.3,319.6
FLAKKEBJERG,2012-10-02,02,10,2012,276,12.4,15.5,13.2,1.8,1590.3,2757.5,321.4
FLAKKEBJERG,2012-10-03,03,10,2012,277,10.8,15.4,12.6,0,1597.8,2770.1,321.4
FLAKKEBJERG,2012-10-04,04,10,2012,278,8.7,12,10.5,1.3,1603.3,2780.6,322.7
FLAKKEBJERG,2012-10-05,05,10,2012,279,8,10.7,9.5,0,1607.8,2790.1,322.7
FLAKKEBJERG,2012-10-06,06,10,2012,280,8.9,11.1,10.1,6.5,1612.9,2800.1,329.2
FLAKKEBJERG,2012-10-07,07,10,2012,281,7.5,12.1,9.9,1.3,1617.8,2810.1,330.5
FLAKKEBJERG,2012-10-08,08,10,2012,282,8.7,13,10.5,0,1623.3,2820.5,330.5
FLAKKEBJERG,2012-10-09,09,10,2012,283,7,11.3,8.6,0.7,1626.9,2829.1,331.2
FLAKKEBJERG,2012-10-10,10,10,2012,284,5.9,11.7,8.2,0.3,1630,2837.3,331.5
FLAKKEBJERG,2012-10-11,11,10,2012,285,3.4,12.7,7.8,7.6,1632.8,2845,339.1
FLAKKEBJERG,2012-10-12,12,10,2012,286,2.5,11.1,7.4,1.3,1635.2,2852.5,340.4
FLAKKEBJERG,2012-10-13,13,10,2012,287,8.1,12.1,9.6,9,1639.9,2862.1,349.4
FLAKKEBJERG,2012-10-14,14,10,2012,288,7.6,9.4,8.4,0.8,1643.3,2870.5,350.2
FLAKKEBJERG,2012-10-15,15,10,2012,289,4.9,9.2,7.8,6.5,1646.1,2878.3,356.7
FLAKKEBJERG,2012-10-16,16,10,2012,290,6.8,11.7,9.5,0.9,1650.6,2887.8,357.6
FLAKKEBJERG,2012-10-17,17,10,2012,291,8.6,12.7,10.6,2.6,1656.1,2898.4,360.2
FLAKKEBJERG,2012-10-18,18,10,2012,292,9.8,15.2,13,0,1664.2,2911.4,360.2
FLAKKEBJERG,2012-10-19,19,10,2012,293,11.4,16.7,13.4,0.1,1672.6,2924.9,360.3
FLAKKEBJERG,2012-10-20,20,10,2012,294,11.6,17.1,14.3,0,1681.9,2939.2,360.3
FLAKKEBJERG,2012-10-21,21,10,2012,295,10,12.6,11.4,0,1688.3,2950.6,360.3
FLAKKEBJERG,2012-10-22,22,10,2012,296,10.4,11.1,10.4,0.2,1693.7,2961,360.5
FLAKKEBJERG,2012-10-23,23,10,2012,297,9.4,9.9,9.1,0,1697.8,2970.1,360.5
FLAKKEBJERG,2012-10-24,24,10,2012,298,7.4,10,8.4,0.3,1701.2,2978.5,360.8
FLAKKEBJERG,2012-10-25,25,10,2012,299,6.1,9,5.9,0.6,1702.2,2984.4,361.4
FLAKKEBJERG,2012-10-26,26,10,2012,300,-0.7,5.1,1.5,0.1,1702.2,2985.9,361.5
FLAKKEBJERG,2012-10-27,27,10,2012,301,-3.1,6.1,0.5,0.5,1702.2,2986.4,362
FLAKKEBJERG,2012-10-28,28,10,2012,302,-2.9,6.9,1.7,0,1702.2,2988.2,362
FLAKKEBJERG,2012-10-29,29,10,2012,303,-0.4,6.5,5,6,1702.2,2993.2,368
FLAKKEBJERG,2012-10-30,30,10,2012,304,1.9,8.3,5.2,14.2,1702.3,2998.3,382.2
FLAKKEBJERG,2012-10-31,31,10,2012,305,2.1,7.6,5.8,0,1703.2,3004.2,382.2
FLAKKEBJERG,2012-11-01,01,11,2012,306,4.2,7.7,5.7,0,1703.9,3009.9,382.2
FLAKKEBJERG,2012-11-02,02,11,2012,307,5.1,8,7.2,1.4,1706.1,3017.1,383.6
FLAKKEBJERG,2012-11-03,03,11,2012,308,5.1,7.8,6.5,1.6,1707.5,3023.5,385.2
FLAKKEBJERG,2012-11-04,04,11,2012,309,5.4,8.8,6.6,3.9,1709.1,3030.1,389.1
FLAKKEBJERG,2012-11-05,05,11,2012,310,4.2,5.7,4.4,7.9,1709.1,3034.5,397
FLAKKEBJERG,2012-11-06,06,11,2012,311,2.1,8.7,5.8,2.1,1709.9,3040.3,399.1
FLAKKEBJERG,2012-11-07,07,11,2012,312,4.3,10.2,8.2,0.9,1713.1,3048.5,400
FLAKKEBJERG,2012-11-08,08,11,2012,313,6.9,10.1,8.8,1.3,1716.9,3057.3,401.3
FLAKKEBJERG,2012-11-09,09,11,2012,314,7.7,9.5,8.5,0.5,1720.4,3065.8,401.8
FLAKKEBJERG,2012-11-10,10,11,2012,315,6.9,8.4,7.6,0,1723,3073.5,401.8
FLAKKEBJERG,2012-11-11,11,11,2012,316,6.9,10.2,8.6,3.9,1726.7,3082.1,405.7
FLAKKEBJERG,2012-11-12,12,11,2012,317,5.7,9,6.5,0,1728.2,3088.6,405.7
FLAKKEBJERG,2012-11-13,13,11,2012,318,3.2,7.8,6.6,0.2,1729.8,3095.2,405.9
FLAKKEBJERG,2012-11-14,14,11,2012,319,5.6,8.6,8,0.5,1732.8,3103.2,406.4
FLAKKEBJERG,2012-11-15,15,11,2012,320,7.8,10,8.6,0,1736.4,3111.8,406.4
FLAKKEBJERG,2012-11-16,16,11,2012,321,7.1,7.9,5.1,0,1736.5,3116.9,406.4
FLAKKEBJERG,2012-11-17,17,11,2012,322,1.4,3.4,2.4,0,1736.5,3119.3,406.4
FLAKKEBJERG,2012-11-18,18,11,2012,323,1.4,8,5.3,0.2,1736.8,3124.7,406.6
FLAKKEBJERG,2012-11-19,19,11,2012,324,-1.8,7.2,3.6,0.1,1736.8,3128.2,406.7
FLAKKEBJERG,2012-11-20,20,11,2012,325,0.7,7.1,6.3,0,1738.1,3134.6,406.7
FLAKKEBJERG,2012-11-21,21,11,2012,326,5.1,7.2,6.1,0,1739.3,3140.7,406.7
FLAKKEBJERG,2012-11-22,22,11,2012,327,5.6,9.8,7.2,0,1741.4,3147.9,406.7
FLAKKEBJERG,2012-11-23,23,11,2012,328,5,6.9,5.9,0,1742.3,3153.7,406.7
FLAKKEBJERG,2012-11-24,24,11,2012,329,5.2,6.7,5.5,2.1,1742.8,3159.2,408.8
FLAKKEBJERG,2012-11-25,25,11,2012,330,3.7,8.3,6,0.4,1743.8,3165.3,409.2
FLAKKEBJERG,2012-11-26,26,11,2012,331,5.6,8.8,7.4,11.4,1746.3,3172.7,420.6
FLAKKEBJERG,2012-11-27,27,11,2012,332,4.8,6.7,5.8,1,1747.1,3178.6,421.6
FLAKKEBJERG,2012-11-28,28,11,2012,333,4.5,6.6,4.5,1.4,1747.1,3183,423
FLAKKEBJERG,2012-11-29,29,11,2012,334,1.6,2.8,2.1,0.2,1747.1,3185.1,423.2
FLAKKEBJERG,2012-11-30,30,11,2012,335,0.4,1.9,1,0,1747.1,3186.1,423.2
FLAKKEBJERG,2012-12-01,01,12,2012,336,-1.2,2.7,0.5,0.3,1747.1,3186.6,423.5
FLAKKEBJERG,2012-12-02,02,12,2012,337,-2.5,0.3,-3,3.9,1747.1,3186.6,427.4
FLAKKEBJERG,2012-12-03,03,12,2012,338,-10.1,1.5,-2.6,0.1,1747.1,3186.6,427.5
FLAKKEBJERG,2012-12-04,04,12,2012,339,-4,1.3,0,1.4,1747.1,3186.6,428.9
FLAKKEBJERG,2012-12-05,05,12,2012,340,-3.8,-1.2,-3.3,0,1747.1,3186.6,428.9
FLAKKEBJERG,2012-12-06,06,12,2012,341,-6.4,1,-3.1,0,1747.1,3186.6,428.9
FLAKKEBJERG,2012-12-07,07,12,2012,342,-5.8,1,-2.1,0.1,1747.1,3186.6,429
FLAKKEBJERG,2012-12-08,08,12,2012,343,-6.4,-0.1,-3.5,0,1747.1,3186.6,429
FLAKKEBJERG,2012-12-09,09,12,2012,344,-7.6,0.8,-0.7,2.5,1747.1,3186.6,431.5
FLAKKEBJERG,2012-12-10,10,12,2012,345,-1.4,0.9,-1.2,5.6,1747.1,3186.6,437.1
FLAKKEBJERG,2012-12-11,11,12,2012,346,-4.6,-1.5,-2.3,0.8,1747.1,3186.6,437.9
FLAKKEBJERG,2012-12-12,12,12,2012,347,-2.8,-1.5,-3.1,0,1747.1,3186.6,437.9
FLAKKEBJERG,2012-12-13,13,12,2012,348,-10.1,-1.8,-5.3,0,1747.1,3186.6,437.9
FLAKKEBJERG,2012-12-14,14,12,2012,349,-8.4,0.8,-0.9,0,1747.1,3186.6,437.9
FLAKKEBJERG,2012-12-15,15,12,2012,350,-1,3.9,2,17.4,1747.1,3188.6,455.3
FLAKKEBJERG,2012-12-16,16,12,2012,351,1.7,3.3,2.5,0.9,1747.1,3191.1,456.2
FLAKKEBJERG,2012-12-17,17,12,2012,352,1.8,2.8,2.3,1.4,1747.1,3193.4,457.6
FLAKKEBJERG,2012-12-18,18,12,2012,353,1.9,3.2,2.2,0,1747.1,3195.6,457.6
FLAKKEBJERG,2012-12-19,19,12,2012,354,0.5,1.2,0.7,0,1747.1,3196.3,457.6
FLAKKEBJERG,2012-12-20,20,12,2012,355,-0.3,1.7,0.5,0.1,1747.1,3196.8,457.7
FLAKKEBJERG,2012-12-21,21,12,2012,356,-0.4,1.5,0.5,0,1747.1,3197.3,457.7
FLAKKEBJERG,2012-12-22,22,12,2012,357,-0.1,0.5,-0.3,0,1747.1,3197.3,457.7
FLAKKEBJERG,2012-12-23,23,12,2012,358,-1.4,3.6,-0.2,0.1,1747.1,3197.3,457.8
FLAKKEBJERG,2012-12-24,24,12,2012,359,-1.5,4.9,3.3,3.3,1747.1,3200.6,461.1
FLAKKEBJERG,2012-12-25,25,12,2012,360,1.9,7.5,4.7,3.5,1747.1,3205.3,464.6
FLAKKEBJERG,2012-12-26,26,12,2012,361,3.7,6.2,5.1,4.9,1747.3,3210.4,469.5
FLAKKEBJERG,2012-12-27,27,12,2012,362,3.8,5.9,3,8.2,1747.3,3213.4,477.7
FLAKKEBJERG,2012-12-28,28,12,2012,363,-1.7,1.3,0,1.7,1747.3,3213.5,479.4
FLAKKEBJERG,2012-12-29,29,12,2012,364,-1.4,7.1,4.9,2.9,1747.3,3218.4,482.3
FLAKKEBJERG,2012-12-30,30,12,2012,365,4.9,7.2,5.2,0.3,1747.4,3223.5,482.6
FLAKKEBJERG,2012-12-31,31,12,2012,366,2.4,7.9,6.5,5,1748.9,3230,487.6
FLAKKEBJERG,2013-01-01,01,01,2013,1,3.6,7.1,5.6,2.2,0.6,5.6,2.2
FLAKKEBJERG,2013-01-02,02,01,2013,2,2.9,5.6,4.5,0.9,0.6,10.1,3.1
FLAKKEBJERG,2013-01-03,03,01,2013,3,3.7,9.4,6.8,3.4,2.5,17,6.5
FLAKKEBJERG,2013-01-04,04,01,2013,4,5.2,9,6.9,0.1,4.4,23.9,6.6000000000000005
FLAKKEBJERG,2013-01-05,05,01,2013,5,4.3,7.2,4.9,0.1,4.4,28.8,6.7
FLAKKEBJERG,2013-01-06,06,01,2013,6,4.9,6.8,5.1,0.1,4.5,33.9,6.8
FLAKKEBJERG,2013-01-07,07,01,2013,7,2.9,4.5,3.6,0.2,4.5,37.4,7
FLAKKEBJERG,2013-01-08,08,01,2013,8,2.9,6.2,5.7,6.2,5.1,43.1,13.200000000000001
FLAKKEBJERG,2013-01-09,09,01,2013,9,4.6,6.2,5.3,0.3,5.4,48.4,13.5
FLAKKEBJERG,2013-01-10,10,01,2013,10,0.1,4.7,0.5,4.1,5.4,48.9,17.6
FLAKKEBJERG,2013-01-11,11,01,2013,11,-1.8,-0.2,-1.5,0.2,5.4,48.9,17.8
FLAKKEBJERG,2013-01-12,12,01,2013,12,-4.7,-1.1,-2.5,0,5.4,48.9,17.8
FLAKKEBJERG,2013-01-13,13,01,2013,13,-4.6,-0.3,-2.3,0,5.4,48.9,17.8
FLAKKEBJERG,2013-01-14,14,01,2013,14,-4.8,-1.4,-3.6,1.6,5.4,48.9,19.4
FLAKKEBJERG,2013-01-15,15,01,2013,15,-6.2,-2.4,-6,2.4,5.4,48.9,21.8
FLAKKEBJERG,2013-01-16,16,01,2013,16,-15.1,-5.5,-9.3,0.5,5.4,48.9,22.3
FLAKKEBJERG,2013-01-17,17,01,2013,17,-13.7,-2.9,-5.8,0,5.4,48.9,22.3
FLAKKEBJERG,2013-01-18,18,01,2013,18,-8.5,-2.3,-5,0,5.4,48.9,22.3
FLAKKEBJERG,2013-01-19,19,01,2013,19,-6.6,-3.5,-4.8,0,5.4,48.9,22.3
FLAKKEBJERG,2013-01-20,20,01,2013,20,-8.8,-3.2,-6.6,0.4,5.4,48.9,22.7
FLAKKEBJERG,2013-01-21,21,01,2013,21,-8.8,-2.2,-3.6,0,5.4,48.9,22.7
FLAKKEBJERG,2013-01-22,22,01,2013,22,-5.7,-1.5,-2.4,0.6,5.4,48.9,23.3
FLAKKEBJERG,2013-01-23,23,01,2013,23,-4.6,-2.8,-4.3,0,5.4,48.9,23.3
FLAKKEBJERG,2013-01-24,24,01,2013,24,-6.5,-2.1,-5.1,0,5.4,48.9,23.3
FLAKKEBJERG,2013-01-25,25,01,2013,25,-14,-1.9,-7,0,5.4,48.9,23.3
FLAKKEBJERG,2013-01-26,26,01,2013,26,-9.4,-2.6,-4.5,0,5.4,48.9,23.3
FLAKKEBJERG,2013-01-27,27,01,2013,27,-5.6,2.4,0.4,2,5.4,49.3,25.3
FLAKKEBJERG,2013-01-28,28,01,2013,28,-0.3,2.3,1.7,1.7,5.4,51,27
FLAKKEBJERG,2013-01-29,29,01,2013,29,0.1,5,2.7,4.1,5.4,53.7,31.099999999999998
FLAKKEBJERG,2013-01-30,30,01,2013,30,1.4,6.5,5,15,5.4,58.8,46.1
FLAKKEBJERG,2013-01-31,31,01,2013,31,4,6,4.4,2.7,5.4,63.2,48.8
FLAKKEBJERG,2013-02-01,01,02,2013,32,0.4,4.4,2.5,1.1,5.4,65.6,49.9
FLAKKEBJERG,2013-02-02,02,02,2013,33,-0.7,2.1,-0.1,3,5.4,65.6,52.9
FLAKKEBJERG,2013-02-03,03,02,2013,34,-1.9,2,0.2,0,5.4,65.8,52.9
FLAKKEBJERG,2013-02-04,04,02,2013,35,-0.5,5.4,2.4,2.9,5.4,68.2,55.8
FLAKKEBJERG,2013-02-05,05,02,2013,36,0.6,3.3,1.6,5.6,5.4,69.8,61.4
FLAKKEBJERG,2013-02-06,06,02,2013,37,0.1,2.4,0.9,1.7,5.4,70.7,63.1
FLAKKEBJERG,2013-02-07,07,02,2013,38,-0.9,0.6,-0.4,0.4,5.4,70.7,63.5
FLAKKEBJERG,2013-02-08,08,02,2013,39,-1.2,0.6,-0.4,0,5.4,70.7,63.5
FLAKKEBJERG,2013-02-09,09,02,2013,40,-2.7,-0.4,-2.5,0.4,5.4,70.7,63.9
FLAKKEBJERG,2013-02-10,10,02,2013,41,-4.9,-1.3,-3.2,1.2,5.4,70.7,65.1
FLAKKEBJERG,2013-02-11,11,02,2013,42,-8.2,-0.8,-3.6,0,5.4,70.7,65.1
FLAKKEBJERG,2013-02-12,12,02,2013,43,-5.9,-1.2,-2.9,0,5.4,70.7,65.1
FLAKKEBJERG,2013-02-13,13,02,2013,44,-9,3,-4.8,0.4,5.4,70.7,65.5
FLAKKEBJERG,2013-02-14,14,02,2013,45,-10.5,0.1,-4.2,0,5.4,70.7,65.5
FLAKKEBJERG,2013-02-15,15,02,2013,46,-6.7,1,0,0,5.4,70.7,65.5
FLAKKEBJERG,2013-02-16,16,02,2013,47,-0.6,1.5,0.4,0,5.4,71.1,65.5
FLAKKEBJERG,2013-02-17,17,02,2013,48,-0.6,1,0.1,0,5.4,71.1,65.5
FLAKKEBJERG,2013-02-18,18,02,2013,49,-0.9,2.1,0.7,0,5.4,71.8,65.5
FLAKKEBJERG,2013-02-19,19,02,2013,50,-0.1,1.8,0,4.3,5.4,71.8,69.8
FLAKKEBJERG,2013-02-20,20,02,2013,51,-1.7,0.3,-0.9,0,5.4,71.8,69.8
FLAKKEBJERG,2013-02-21,21,02,2013,52,-3.4,0,-2.2,0.1,5.4,71.8,69.9
FLAKKEBJERG,2013-02-22,22,02,2013,53,-6,-0.9,-3.2,0,5.4,71.8,69.9
FLAKKEBJERG,2013-02-23,23,02,2013,54,-4.1,-1,-1.8,0,5.4,71.8,69.9
FLAKKEBJERG,2013-02-24,24,02,2013,55,-2.2,1.1,-0.4,0,5.4,71.8,69.9
FLAKKEBJERG,2013-02-25,25,02,2013,56,-1.3,2.1,1.1,0.4,5.4,72.9,70.3
FLAKKEBJERG,2013-02-26,26,02,2013,57,0.3,1.5,0.2,0,5.4,73.1,70.3
FLAKKEBJERG,2013-02-27,27,02,2013,58,-4.2,2.5,-1,0,5.4,73.1,70.3
FLAKKEBJERG,2013-02-28,28,02,2013,59,-2.5,5.5,1.2,0,5.4,74.4,70.3
FLAKKEBJERG,2013-03-01,01,03,2013,60,-1.1,5.3,2,0,5.4,76.4,70.3
FLAKKEBJERG,2013-03-02,02,03,2013,61,-1.2,4,1.9,0,5.4,78.3,70.3
FLAKKEBJERG,2013-03-03,03,03,2013,62,0.7,5.4,2.2,0,5.4,80.5,70.3
FLAKKEBJERG,2013-03-04,04,03,2013,63,-1.6,5.5,1.3,0,5.4,81.8,70.3
FLAKKEBJERG,2013-03-05,05,03,2013,64,-1.2,7.2,2.8,0,5.4,84.6,70.3
FLAKKEBJERG,2013-03-06,06,03,2013,65,-1.5,12.5,4.7,0,5.4,89.2,70.3
FLAKKEBJERG,2013-03-07,07,03,2013,66,2.3,5.4,2.7,0,5.4,91.9,70.3
FLAKKEBJERG,2013-03-08,08,03,2013,67,0.1,2.4,0.7,0,5.4,92.7,70.3
FLAKKEBJERG,2013-03-09,09,03,2013,68,-1.3,2,-0.4,0,5.4,92.7,70.3
FLAKKEBJERG,2013-03-10,10,03,2013,69,-3,-1.8,-3.3,0,5.4,92.7,70.3
FLAKKEBJERG,2013-03-11,11,03,2013,70,-6.9,-1.4,-4.7,0.3,5.4,92.7,70.6
FLAKKEBJERG,2013-03-12,12,03,2013,71,-10.5,1,-3.8,0,5.4,92.7,70.6
FLAKKEBJERG,2013-03-13,13,03,2013,72,-4.3,-1.2,-2.4,1.6,5.4,92.7,72.2
FLAKKEBJERG,2013-03-14,14,03,2013,73,-5.6,-0.4,-2.9,0.5,5.4,92.7,72.7
FLAKKEBJERG,2013-03-15,15,03,2013,74,-8.4,1.9,-3.2,0,5.4,92.7,72.7
FLAKKEBJERG,2013-03-16,16,03,2013,75,-4,1.1,-0.9,0,5.4,92.7,72.7
FLAKKEBJERG,2013-03-17,17,03,2013,76,-1.6,2.7,0.3,0.2,5.4,93,72.9
FLAKKEBJERG,2013-03-18,18,03,2013,77,-0.5,0.7,-0.4,0,5.4,93,72.9
FLAKKEBJERG,2013-03-19,19,03,2013,78,-3.4,-0.9,-2.4,0.2,5.4,93,73.1
FLAKKEBJERG,2013-03-20,20,03,2013,79,-3.9,-1.2,-2.6,0.9,5.4,93,74
FLAKKEBJERG,2013-03-21,21,03,2013,80,-4.9,-1.4,-3.3,1.1,5.4,93,75.1
FLAKKEBJERG,2013-03-22,22,03,2013,81,-7.7,-1.1,-4.6,1.1,5.4,93,76.2
FLAKKEBJERG,2013-03-23,23,03,2013,82,-7.8,-1.1,-4.6,0,5.4,93,76.2
FLAKKEBJERG,2013-03-24,24,03,2013,83,-6.9,1.7,-2.3,0,5.4,93,76.2
FLAKKEBJERG,2013-03-25,25,03,2013,84,-4.1,1.2,-1.8,0.1,5.4,93,76.3
FLAKKEBJERG,2013-03-26,26,03,2013,85,-4.4,3.7,-0.7,0,5.4,93,76.3
FLAKKEBJERG,2013-03-27,27,03,2013,86,-3.4,2.9,-0.4,0,5.4,93,76.3
FLAKKEBJERG,2013-03-28,28,03,2013,87,-2.8,4,0.4,0,5.4,93.4,76.3
FLAKKEBJERG,2013-03-29,29,03,2013,88,-1.6,1.1,-0.4,1.5,5.4,93.4,77.8
FLAKKEBJERG,2013-03-30,30,03,2013,89,-2.7,1.4,-0.7,0.8,5.4,93.4,78.6
FLAKKEBJERG,2013-03-31,31,03,2013,90,-3,4.5,0.5,0.5,5.4,93.9,79.1
FLAKKEBJERG,2013-04-01,01,04,2013,91,-3.4,6.8,1.4,0,5.4,95.3,79.1
FLAKKEBJERG,2013-04-02,02,04,2013,92,-5.8,7.2,1,0,5.4,96.4,79.1
FLAKKEBJERG,2013-04-03,03,04,2013,93,-4.4,6,0.9,0,5.4,97.3,79.1
FLAKKEBJERG,2013-04-04,04,04,2013,94,-3.1,6.9,1.6,0,5.4,98.9,79.1
FLAKKEBJERG,2013-04-05,05,04,2013,95,-3.2,5.9,1.2,0,5.4,100,79.1
FLAKKEBJERG,2013-04-06,06,04,2013,96,-3.9,8.5,2.7,0,5.4,102.7,79.1
FLAKKEBJERG,2013-04-07,07,04,2013,97,0.4,5.5,2.1,0,5.4,104.8,79.1
FLAKKEBJERG,2013-04-08,08,04,2013,98,-0.8,7.3,1.8,2.4,5.4,106.6,81.5
FLAKKEBJERG,2013-04-09,09,04,2013,99,-2.7,6.5,1.8,0,5.4,108.4,81.5
FLAKKEBJERG,2013-04-10,10,04,2013,100,-0.5,6.1,2.3,0,5.4,110.7,81.5
FLAKKEBJERG,2013-04-11,11,04,2013,101,2.1,3.9,3,3.2,5.4,113.7,84.7
FLAKKEBJERG,2013-04-12,12,04,2013,102,2.6,5.5,4.1,0.4,5.4,117.8,85.1
FLAKKEBJERG,2013-04-13,13,04,2013,103,3.4,7.1,4.9,0.8,5.4,122.6,85.9
FLAKKEBJERG,2013-04-14,14,04,2013,104,2.3,13.1,8,0,8.5,130.7,85.9
FLAKKEBJERG,2013-04-15,15,04,2013,105,5,18.3,13.2,0,16.6,143.8,85.9
FLAKKEBJERG,2013-04-16,16,04,2013,106,4.5,16.2,10.2,0.2,21.8,154,86.1
FLAKKEBJERG,2013-04-17,17,04,2013,107,6.8,15.5,11,1,27.9,165,87.1
FLAKKEBJERG,2013-04-18,18,04,2013,108,8.9,14.5,11.5,2.5,34.4,176.5,89.6
FLAKKEBJERG,2013-04-19,19,04,2013,109,6.2,9.9,7.5,0,36.8,184,89.6
FLAKKEBJERG,2013-04-20,20,04,2013,110,2.1,12.6,7.3,0,39.1,191.3,89.6
FLAKKEBJERG,2013-04-21,21,04,2013,111,0.6,12.4,6.8,0,40.9,198.1,89.6
FLAKKEBJERG,2013-04-22,22,04,2013,112,5.4,13.1,8.2,0.8,44,206.2,90.4
FLAKKEBJERG,2013-04-23,23,04,2013,113,6.1,13.9,9.4,0.5,48.4,215.6,90.9
FLAKKEBJERG,2013-04-24,24,04,2013,114,4.9,15.2,10.1,0,53.5,225.7,90.9
FLAKKEBJERG,2013-04-25,25,04,2013,115,3.6,13.1,9,0.1,57.5,234.7,91
FLAKKEBJERG,2013-04-26,26,04,2013,116,7,12.5,8,0.5,60.5,242.7,91.5
FLAKKEBJERG,2013-04-27,27,04,2013,117,3.4,11.3,6.6,0.2,62.2,249.3,91.7
FLAKKEBJERG,2013-04-28,28,04,2013,118,2.8,10,6.4,0,63.6,255.8,91.7
FLAKKEBJERG,2013-04-29,29,04,2013,119,4.2,10.7,7.3,0,65.9,263.1,91.7
FLAKKEBJERG,2013-04-30,30,04,2013,120,5.3,12.6,8.1,0.7,69,271.2,92.4
FLAKKEBJERG,2013-05-01,01,05,2013,121,-0.2,11.4,6,0,70,277.2,92.4
FLAKKEBJERG,2013-05-02,02,05,2013,122,-1,13.3,6.8,0,71.8,284,92.4
FLAKKEBJERG,2013-05-03,03,05,2013,123,-0.5,14.2,8.2,0,75,292.2,92.4
FLAKKEBJERG,2013-05-04,04,05,2013,124,2.7,18.6,11.6,0,81.6,303.8,92.4
FLAKKEBJERG,2013-05-05,05,05,2013,125,6.8,16,10.5,0,87.1,314.3,92.4
FLAKKEBJERG,2013-05-06,06,05,2013,126,2,19.7,12.3,0,94.3,326.5,92.4
FLAKKEBJERG,2013-05-07,07,05,2013,127,5.9,23.1,15.7,0,105,342.2,92.4
FLAKKEBJERG,2013-05-08,08,05,2013,128,10.5,19.5,14.5,1.3,114.5,356.7,93.7
FLAKKEBJERG,2013-05-09,09,05,2013,129,11.5,18.2,14.2,0,123.7,370.9,93.7
FLAKKEBJERG,2013-05-10,10,05,2013,130,6.9,17.2,11.8,0,130.4,382.6,93.7
FLAKKEBJERG,2013-05-11,11,05,2013,131,9,16,12.4,0,137.9,395,93.7
FLAKKEBJERG,2013-05-12,12,05,2013,132,5.4,14,10.2,0.2,143.1,405.3,93.9
FLAKKEBJERG,2013-05-13,13,05,2013,133,5.9,13.1,9.7,0,147.8,415,93.9
FLAKKEBJERG,2013-05-14,14,05,2013,134,4.6,13.6,9.4,0.8,152.2,424.4,94.7
FLAKKEBJERG,2013-05-15,15,05,2013,135,8.5,21.9,15.2,0.2,162.4,439.6,94.9
FLAKKEBJERG,2013-05-16,16,05,2013,136,9.3,22,16.5,0,173.9,456.1,94.9
FLAKKEBJERG,2013-05-17,17,05,2013,137,14.6,23.8,18.7,0,187.6,474.8,94.9
FLAKKEBJERG,2013-05-18,18,05,2013,138,13.4,24.4,18.5,0,201.1,493.3,94.9
FLAKKEBJERG,2013-05-19,19,05,2013,139,11.7,16.2,14.1,0,210.2,507.4,94.9
FLAKKEBJERG,2013-05-20,20,05,2013,140,11.1,19.6,14.6,2.8,219.7,521.9,97.7
FLAKKEBJERG,2013-05-21,21,05,2013,141,12.2,16.2,13.8,0,228.5,535.7,97.7
FLAKKEBJERG,2013-05-22,22,05,2013,142,9.7,12.6,9.5,11.5,233,545.2,109.2
FLAKKEBJERG,2013-05-23,23,05,2013,143,5,11.7,8.3,21.7,236.3,553.5,130.9
FLAKKEBJERG,2013-05-24,24,05,2013,144,3.7,15.7,10.5,0.1,241.8,564,131
FLAKKEBJERG,2013-05-25,25,05,2013,145,8.2,17.9,13.3,2.5,250,577.2,133.5
FLAKKEBJERG,2013-05-26,26,05,2013,146,11.7,15.7,13.1,0.1,258.2,590.4,133.6
FLAKKEBJERG,2013-05-27,27,05,2013,147,9.5,18.1,13.8,6.3,267,604.2,139.9
FLAKKEBJERG,2013-05-28,28,05,2013,148,11.4,18.1,13.7,0,275.7,617.9,139.9
FLAKKEBJERG,2013-05-29,29,05,2013,149,9.7,15.5,12.2,2.9,282.9,630.1,142.8
FLAKKEBJERG,2013-05-30,30,05,2013,150,10.1,21.6,15.8,1.6,293.7,645.9,144.4
FLAKKEBJERG,2013-05-31,31,05,2013,151,11.4,22.5,17.2,0,305.9,663.1,144.4
FLAKKEBJERG,2013-06-01,01,06,2013,152,12.6,22.8,17.9,0,318.8,681,144.4
FLAKKEBJERG,2013-06-02,02,06,2013,153,10.9,15.2,12.5,0,326.3,693.5,144.4
FLAKKEBJERG,2013-06-03,03,06,2013,154,8.8,17.4,13,0,334.3,706.5,144.4
FLAKKEBJERG,2013-06-04,04,06,2013,155,11.7,18.1,14.1,0,343.4,720.6,144.4
FLAKKEBJERG,2013-06-05,05,06,2013,156,3.7,18.9,13.2,0,351.6,733.8,144.4
FLAKKEBJERG,2013-06-06,06,06,2013,157,7.1,19.8,14.4,0,361.1,748.3,144.4
FLAKKEBJERG,2013-06-07,07,06,2013,158,6.1,21,15.5,0,371.6,763.7,144.4
FLAKKEBJERG,2013-06-08,08,06,2013,159,10,16.3,13.2,0,379.7,776.9,144.4
FLAKKEBJERG,2013-06-09,09,06,2013,160,8.2,16.8,12.3,0,387,789.2,144.4
FLAKKEBJERG,2013-06-10,10,06,2013,161,7.7,20.1,15,0,397,804.2,144.4
FLAKKEBJERG,2013-06-11,11,06,2013,162,7.8,18.3,13.9,0,405.9,818.1,144.4
FLAKKEBJERG,2013-06-12,12,06,2013,163,5.1,21,15.1,0,416,833.2,144.4
FLAKKEBJERG,2013-06-13,13,06,2013,164,15.7,18.7,16.2,14.5,427.2,849.4,158.9
FLAKKEBJERG,2013-06-14,14,06,2013,165,11.7,17,14,8.8,436.2,863.4,167.7
FLAKKEBJERG,2013-06-15,15,06,2013,166,6.7,19.6,13.6,0.2,444.8,877,167.9
FLAKKEBJERG,2013-06-16,16,06,2013,167,9.7,15.9,13,8.8,452.8,890,176.7
FLAKKEBJERG,2013-06-17,17,06,2013,168,11.4,19.4,14.3,0.9,462.1,904.3,177.6
FLAKKEBJERG,2013-06-18,18,06,2013,169,11.3,21.2,17.1,0,474.2,921.4,177.6
FLAKKEBJERG,2013-06-19,19,06,2013,170,14.2,20.4,17.1,0,486.4,938.6,177.6
FLAKKEBJERG,2013-06-20,20,06,2013,171,16.2,26.2,20.4,10.9,501.7,958.9,188.5
FLAKKEBJERG,2013-06-21,21,06,2013,172,16.2,21.5,18,0.4,514.7,976.9,188.9
FLAKKEBJERG,2013-06-22,22,06,2013,173,14.5,19,16.3,2.6,526,993.2,191.5
FLAKKEBJERG,2013-06-23,23,06,2013,174,14.6,18.8,15.7,5,536.8,1009,196.5
FLAKKEBJERG,2013-06-24,24,06,2013,175,11.5,17.8,14.8,0.5,546.6,1023.8,197
FLAKKEBJERG,2013-06-25,25,06,2013,176,11.2,16.2,14.1,0.2,555.7,1037.9,197.2
FLAKKEBJERG,2013-06-26,26,06,2013,177,11.6,15.1,12.9,0,563.6,1050.8,197.2
FLAKKEBJERG,2013-06-27,27,06,2013,178,10.9,15.7,12.5,4.9,571.1,1063.3,202.1
FLAKKEBJERG,2013-06-28,28,06,2013,179,9.7,15.6,12.7,0.2,578.8,1076,202.3
FLAKKEBJERG,2013-06-29,29,06,2013,180,9.8,16,12.6,5.2,586.4,1088.6,207.5
FLAKKEBJERG,2013-06-30,30,06,2013,181,9.5,16.7,12.9,7.1,594.4,1101.5,214.6
FLAKKEBJERG,2013-07-01,01,07,2013,182,12.5,17.9,14.1,0,603.5,1115.7,214.6
FLAKKEBJERG,2013-07-02,02,07,2013,183,8.1,17.3,13.5,0.4,611.9,1129.1,215
FLAKKEBJERG,2013-07-03,03,07,2013,184,11.1,20.4,15.8,0,622.7,1144.9,215
FLAKKEBJERG,2013-07-04,04,07,2013,185,12.3,20.1,16.6,0.2,634.4,1161.6,215.2
FLAKKEBJERG,2013-07-05,05,07,2013,186,13.7,20.3,16.1,0.1,645.4,1177.6,215.3
FLAKKEBJERG,2013-07-06,06,07,2013,187,9.3,20.2,15.2,0,655.6,1192.8,215.3
FLAKKEBJERG,2013-07-07,07,07,2013,188,8.6,21.2,16.2,0,666.8,1209,215.3
FLAKKEBJERG,2013-07-08,08,07,2013,189,10.9,21.6,16.7,0,678.5,1225.7,215.3
FLAKKEBJERG,2013-07-09,09,07,2013,190,9,23.7,18.1,0,691.6,1243.8,215.3
FLAKKEBJERG,2013-07-10,10,07,2013,191,13.4,19.4,16.1,0,702.7,1259.9,215.3
FLAKKEBJERG,2013-07-11,11,07,2013,192,11.7,21.5,16.7,0,714.5,1276.6,215.3
FLAKKEBJERG,2013-07-12,12,07,2013,193,8.7,23,16.8,0.2,726.3,1293.4,215.5
FLAKKEBJERG,2013-07-13,13,07,2013,194,10.3,21.3,16.3,0.2,737.6,1309.8,215.7
FLAKKEBJERG,2013-07-14,14,07,2013,195,12.7,17.9,15,0,747.5,1324.7,215.7
FLAKKEBJERG,2013-07-15,15,07,2013,196,12.4,20.1,16.1,0,758.6,1340.8,215.7
FLAKKEBJERG,2013-07-16,16,07,2013,197,13.2,22.2,17.1,0,770.7,1357.9,215.7
FLAKKEBJERG,2013-07-17,17,07,2013,198,12.4,24.5,18.3,0,783.9,1376.1,215.7
FLAKKEBJERG,2013-07-18,18,07,2013,199,13.3,24.3,19,0,797.9,1395.1,215.7
FLAKKEBJERG,2013-07-19,19,07,2013,200,15.5,22.8,18.1,0,811,1413.2,215.7
FLAKKEBJERG,2013-07-20,20,07,2013,201,9.7,25.5,18.8,0,824.8,1432,215.7
FLAKKEBJERG,2013-07-21,21,07,2013,202,11.1,26.2,19.5,0,839.3,1451.5,215.7
FLAKKEBJERG,2013-07-22,22,07,2013,203,14,27.8,20.7,0,855.1,1472.2,215.7
FLAKKEBJERG,2013-07-23,23,07,2013,204,15,24.3,19.4,0,869.5,1491.7,215.7
FLAKKEBJERG,2013-07-24,24,07,2013,205,8.5,25.9,18.8,0,883.3,1510.5,215.7
FLAKKEBJERG,2013-07-25,25,07,2013,206,15.3,23.5,18.1,7.4,896.3,1528.5,223.1
FLAKKEBJERG,2013-07-26,26,07,2013,207,13.8,27.3,20.6,0,912,1549.1,223.1
FLAKKEBJERG,2013-07-27,27,07,2013,208,17.7,28,22,0,929,1571.2,223.1
FLAKKEBJERG,2013-07-28,28,07,2013,209,18.5,27.3,22,0.3,946,1593.2,223.4
FLAKKEBJERG,2013-07-29,29,07,2013,210,11.9,25.5,19.2,0.2,960.2,1612.4,223.6
FLAKKEBJERG,2013-07-30,30,07,2013,211,16.5,24.5,19.8,0,975.1,1632.2,223.6
FLAKKEBJERG,2013-07-31,31,07,2013,212,14,22.1,17.5,5.5,987.6,1649.8,229.1
FLAKKEBJERG,2013-08-01,01,08,2013,213,12,20.9,17.4,0.7,1000,1667.2,229.8
FLAKKEBJERG,2013-08-02,02,08,2013,214,14.5,30.3,22.8,0,1017.8,1690,229.8
FLAKKEBJERG,2013-08-03,03,08,2013,215,19.2,28.1,22.1,0,1034.9,1712.1,229.8
FLAKKEBJERG,2013-08-04,04,08,2013,216,11.2,24.4,18.4,0.3,1048.3,1730.5,230.1
FLAKKEBJERG,2013-08-05,05,08,2013,217,11.1,26.3,19.8,0,1063.1,1750.3,230.1
FLAKKEBJERG,2013-08-06,06,08,2013,218,18.3,25.7,20.9,1.1,1079,1771.2,231.2
FLAKKEBJERG,2013-08-07,07,08,2013,219,14,23.7,18.4,0,1092.4,1789.6,231.2
FLAKKEBJERG,2013-08-08,08,08,2013,220,15.7,22,17.7,2.2,1105.1,1807.3,233.4
FLAKKEBJERG,2013-08-09,09,08,2013,221,13.7,22.8,17.6,0.3,1117.7,1824.9,233.7
FLAKKEBJERG,2013-08-10,10,08,2013,222,9.9,22.4,16.3,0,1129,1841.2,233.7
FLAKKEBJERG,2013-08-11,11,08,2013,223,13.8,20.7,16.2,4.1,1140.2,1857.4,237.8
FLAKKEBJERG,2013-08-12,12,08,2013,224,13.6,19.9,15.6,0.2,1150.8,1873,238
FLAKKEBJERG,2013-08-13,13,08,2013,225,12,19.2,15.2,2.7,1161.1,1888.2,240.7
FLAKKEBJERG,2013-08-14,14,08,2013,226,11.6,19.9,15.8,0.6,1171.9,1904.1,241.3
FLAKKEBJERG,2013-08-15,15,08,2013,227,10.2,20.7,16.3,0,1183.2,1920.4,241.3
FLAKKEBJERG,2013-08-16,16,08,2013,228,16,24.2,19.3,0.6,1197.5,1939.7,241.9
FLAKKEBJERG,2013-08-17,17,08,2013,229,15.6,21.6,17.8,11,1210.3,1957.5,252.9
FLAKKEBJERG,2013-08-18,18,08,2013,230,15.4,20.4,18,0,1223.3,1975.5,252.9
FLAKKEBJERG,2013-08-19,19,08,2013,231,8.8,20.5,15.6,3,1233.9,1991.1,255.9
FLAKKEBJERG,2013-08-20,20,08,2013,232,11.2,20.3,16.4,0,1245.2,2007.4,255.9
FLAKKEBJERG,2013-08-21,21,08,2013,233,9.4,20.9,16.1,0,1256.3,2023.5,255.9
FLAKKEBJERG,2013-08-22,22,08,2013,234,11.6,22.1,17,0,1268.4,2040.5,255.9
FLAKKEBJERG,2013-08-23,23,08,2013,235,10.2,22.8,16.4,0,1279.8,2057,255.9
FLAKKEBJERG,2013-08-24,24,08,2013,236,11,20.8,16,0,1290.8,2072.9,255.9
FLAKKEBJERG,2013-08-25,25,08,2013,237,12.1,22,16.5,0,1302.2,2089.4,255.9
FLAKKEBJERG,2013-08-26,26,08,2013,238,11.2,21.4,15.7,0,1313,2105.2,255.9
FLAKKEBJERG,2013-08-27,27,08,2013,239,10.9,22.2,16.2,0,1324.1,2121.3,255.9
FLAKKEBJERG,2013-08-28,28,08,2013,240,9.2,22.8,16.3,0,1335.4,2137.6,255.9
FLAKKEBJERG,2013-08-29,29,08,2013,241,9.8,20.8,15.7,0,1346.1,2153.3,255.9
FLAKKEBJERG,2013-08-30,30,08,2013,242,11.7,20.1,17,0,1358.1,2170.3,255.9
FLAKKEBJERG,2013-08-31,31,08,2013,243,14.1,20.8,16.5,0,1369.7,2186.8,255.9
FLAKKEBJERG,2013-09-01,01,09,2013,244,11.5,16.9,13.9,8.2,1378.6,2200.7,264.1
FLAKKEBJERG,2013-09-02,02,09,2013,245,12.2,17.4,14.9,3.2,1388.5,2215.7,267.3
FLAKKEBJERG,2013-09-03,03,09,2013,246,14.7,17.6,15.8,3.2,1399.3,2231.5,270.5
FLAKKEBJERG,2013-09-04,04,09,2013,247,11.4,16.9,15,0,1409.3,2246.5,270.5
FLAKKEBJERG,2013-09-05,05,09,2013,248,14.5,21,17.1,0.1,1421.4,2263.6,270.6
FLAKKEBJERG,2013-09-06,06,09,2013,249,14.3,23.7,18.5,0,1434.9,2282.1,270.6
FLAKKEBJERG,2013-09-07,07,09,2013,250,14.7,24,18.5,0,1448.4,2300.6,270.6
FLAKKEBJERG,2013-09-08,08,09,2013,251,13.7,22.3,17.7,0,1461.1,2318.3,270.6
FLAKKEBJERG,2013-09-09,09,09,2013,252,13.5,15.3,13.3,8.7,1469.3,2331.5,279.3
FLAKKEBJERG,2013-09-10,10,09,2013,253,8.8,17.2,13.2,6.7,1477.6,2344.8,286
FLAKKEBJERG,2013-09-11,11,09,2013,254,10.4,16.9,13.1,7.9,1485.6,2357.8,293.9
FLAKKEBJERG,2013-09-12,12,09,2013,255,8.7,14.9,12.6,0.4,1493.2,2370.4,294.3
FLAKKEBJERG,2013-09-13,13,09,2013,256,8.2,19.6,13.4,0.1,1501.6,2383.8,294.4
FLAKKEBJERG,2013-09-14,14,09,2013,257,8.2,19.5,14.3,0,1511,2398.2,294.4
FLAKKEBJERG,2013-09-15,15,09,2013,258,13.4,15.6,14.2,7.1,1520.2,2412.4,301.5
FLAKKEBJERG,2013-09-16,16,09,2013,259,11.1,15.1,11.7,6.5,1526.9,2424.1,308
FLAKKEBJERG,2013-09-17,17,09,2013,260,7.7,13.9,10.5,1.4,1532.4,2434.6,309.4
FLAKKEBJERG,2013-09-18,18,09,2013,261,8.4,14.1,10.2,3.3,1537.6,2444.8,312.7
FLAKKEBJERG,2013-09-19,19,09,2013,262,3.6,15.2,10,1,1542.6,2454.7,313.7
FLAKKEBJERG,2013-09-20,20,09,2013,263,9.6,15.2,12,1.1,1549.6,2466.8,314.8
FLAKKEBJERG,2013-09-21,21,09,2013,264,6.7,15.9,12.5,0.2,1557.1,2479.3,315
FLAKKEBJERG,2013-09-22,22,09,2013,265,12.5,19,15.6,0,1567.7,2494.9,315
FLAKKEBJERG,2013-09-23,23,09,2013,266,13.5,15.7,14.2,0,1576.9,2509.1,315
FLAKKEBJERG,2013-09-24,24,09,2013,267,9.8,15.9,11.6,1.1,1583.5,2520.6,316.1
FLAKKEBJERG,2013-09-25,25,09,2013,268,4.3,13,8.7,0,1587.1,2529.3,316.1
FLAKKEBJERG,2013-09-26,26,09,2013,269,6.8,14,9.7,8.1,1591.8,2539,324.2
FLAKKEBJERG,2013-09-27,27,09,2013,270,6.8,13.6,9.5,2.3,1596.3,2548.5,326.5
FLAKKEBJERG,2013-09-28,28,09,2013,271,2,14.2,7.9,0.1,1599.2,2556.4,326.6
FLAKKEBJERG,2013-09-29,29,09,2013,272,4.3,13.8,9.1,0,1603.3,2565.5,326.6
FLAKKEBJERG,2013-09-30,30,09,2013,273,5.7,13.9,9.3,0,1607.6,2574.8,326.6
FLAKKEBJERG,2013-10-01,01,10,2013,274,6,13.4,9.1,0.1,1611.7,2583.9,326.7
FLAKKEBJERG,2013-10-02,02,10,2013,275,5.5,12.3,8.6,0.3,1615.3,2592.5,327
FLAKKEBJERG,2013-10-03,03,10,2013,276,4.7,11.5,8.2,0,1618.5,2600.6,327
FLAKKEBJERG,2013-10-04,04,10,2013,277,6.3,12,9.3,0,1622.7,2609.9,327
FLAKKEBJERG,2013-10-05,05,10,2013,278,7.8,14.9,12.2,2,1629.9,2622.1,329
FLAKKEBJERG,2013-10-06,06,10,2013,279,8.5,15.5,12.2,0,1637.1,2634.3,329
FLAKKEBJERG,2013-10-07,07,10,2013,280,9.4,15.8,12.5,0,1644.6,2646.8,329
FLAKKEBJERG,2013-10-08,08,10,2013,281,8,15.6,12.1,0,1651.7,2658.9,329
FLAKKEBJERG,2013-10-09,09,10,2013,282,11.9,15.7,13,0,1659.7,2671.9,329
FLAKKEBJERG,2013-10-10,10,10,2013,283,7,12.1,10.4,3.5,1665.1,2682.3,332.5
FLAKKEBJERG,2013-10-11,11,10,2013,284,8.8,14.4,12.4,0,1672.5,2694.7,332.5
FLAKKEBJERG,2013-10-12,12,10,2013,285,10.8,12.9,11.7,0,1679.2,2706.4,332.5
FLAKKEBJERG,2013-10-13,13,10,2013,286,10.8,13.4,11.4,1.8,1685.6,2717.8,334.3
FLAKKEBJERG,2013-10-14,14,10,2013,287,4,13.2,9.3,0.1,1689.9,2727.1,334.4
FLAKKEBJERG,2013-10-15,15,10,2013,288,7.2,13.8,10.5,0,1695.4,2737.6,334.4
FLAKKEBJERG,2013-10-16,16,10,2013,289,8.3,11.8,10,0.1,1700.5,2747.7,334.5
FLAKKEBJERG,2013-10-17,17,10,2013,290,8,12.8,10.5,3.8,1706,2758.2,338.3
FLAKKEBJERG,2013-10-18,18,10,2013,291,6.9,9.9,6.6,5.9,1707.7,2764.9,344.2
FLAKKEBJERG,2013-10-19,19,10,2013,292,-0.1,8.5,6.2,0,1708.9,2771.1,344.2
FLAKKEBJERG,2013-10-20,20,10,2013,293,6.8,14.2,11.2,9.8,1715.1,2782.3,354
FLAKKEBJERG,2013-10-21,21,10,2013,294,9.9,14.4,12.2,1.3,1722.3,2794.5,355.3
FLAKKEBJERG,2013-10-22,22,10,2013,295,11.6,16.2,14,8.9,1731.3,2808.5,364.2
FLAKKEBJERG,2013-10-23,23,10,2013,296,12.9,16.2,14.4,0.4,1740.7,2822.8,364.6
FLAKKEBJERG,2013-10-24,24,10,2013,297,10.7,13.8,11.7,5.6,1747.4,2834.6,370.2
FLAKKEBJERG,2013-10-25,25,10,2013,298,5.9,13.3,10.1,0,1752.4,2844.6,370.2
FLAKKEBJERG,2013-10-26,26,10,2013,299,8.6,16,14,0.7,1761.4,2858.6,370.9
FLAKKEBJERG,2013-10-27,27,10,2013,300,12.5,16,13.3,0.1,1769.7,2871.9,371
FLAKKEBJERG,2013-10-28,28,10,2013,301,11.3,16,12.2,4.7,1776.9,2884.1,375.7
FLAKKEBJERG,2013-10-29,29,10,2013,302,7.9,11.3,10,5.3,1781.9,2894.1,381
FLAKKEBJERG,2013-10-30,30,10,2013,303,6.3,11.3,8.3,1.4,1785.1,2902.3,382.4
FLAKKEBJERG,2013-10-31,31,10,2013,304,6.8,11.1,9.5,4.6,1789.6,2911.8,387
FLAKKEBJERG,2013-11-01,01,11,2013,305,9.1,11.5,10.3,4.9,1794.9,2922.1,391.9
FLAKKEBJERG,2013-11-02,02,11,2013,306,7.8,9.6,9,3.8,1798.9,2931.1,395.7
FLAKKEBJERG,2013-11-03,03,11,2013,307,8.1,10.8,9.3,5.9,1803.2,2940.4,401.6
FLAKKEBJERG,2013-11-04,04,11,2013,308,7,8.3,6.6,2,1804.8,2947,403.6
FLAKKEBJERG,2013-11-05,05,11,2013,309,4.7,10,7.9,3.5,1807.8,2954.9,407.1
FLAKKEBJERG,2013-11-06,06,11,2013,310,4.9,8.1,6,1.1,1808.8,2961,408.2
FLAKKEBJERG,2013-11-07,07,11,2013,311,4.8,9.5,7.4,1.3,1811.2,2968.4,409.5
FLAKKEBJERG,2013-11-08,08,11,2013,312,4.9,10.4,7.6,0.1,1813.7,2975.9,409.6
FLAKKEBJERG,2013-11-09,09,11,2013,313,6.2,9.6,7.7,5.9,1816.5,2983.7,415.5
FLAKKEBJERG,2013-11-10,10,11,2013,314,4.1,7.3,5.7,9.5,1817.1,2989.3,425
FLAKKEBJERG,2013-11-11,11,11,2013,315,3,8.5,6.3,4.3,1818.5,2995.7,429.3
FLAKKEBJERG,2013-11-12,12,11,2013,316,4.3,8.1,6.9,3.5,1820.4,3002.6,432.8
FLAKKEBJERG,2013-11-13,13,11,2013,317,5.5,9,6.7,8.3,1822.1,3009.3,441.1
FLAKKEBJERG,2013-11-14,14,11,2013,318,4.1,7.5,6.5,0,1823.6,3015.8,441.1
FLAKKEBJERG,2013-11-15,15,11,2013,319,4.8,8,7,0,1825.6,3022.8,441.1
FLAKKEBJERG,2013-11-16,16,11,2013,320,7,9.9,8.9,0,1829.6,3031.7,441.1
FLAKKEBJERG,2013-11-17,17,11,2013,321,7,9.6,6.6,0.4,1831.2,3038.4,441.5
FLAKKEBJERG,2013-11-18,18,11,2013,322,0,6.7,5.3,0.2,1831.5,3043.7,441.7
FLAKKEBJERG,2013-11-19,19,11,2013,323,5.5,6.5,5.7,0.4,1832.2,3049.4,442.1
FLAKKEBJERG,2013-11-20,20,11,2013,324,-0.4,3.1,1.2,0,1832.2,3050.6,442.1
FLAKKEBJERG,2013-11-21,21,11,2013,325,-0.6,4.8,2.7,0,1832.2,3053.3,442.1
FLAKKEBJERG,2013-11-22,22,11,2013,326,1.9,4.7,3.9,0,1832.2,3057.2,442.1
FLAKKEBJERG,2013-11-23,23,11,2013,327,1.5,5.9,4.3,0,1832.2,3061.5,442.1
FLAKKEBJERG,2013-11-24,24,11,2013,328,-0.2,5.9,1.7,0,1832.2,3063.2,442.1
FLAKKEBJERG,2013-11-25,25,11,2013,329,-3,4.9,1.4,0,1832.2,3064.6,442.1
FLAKKEBJERG,2013-11-26,26,11,2013,330,-4,4.7,0.6,0.6,1832.2,3065.2,442.7
FLAKKEBJERG,2013-11-27,27,11,2013,331,-3.1,8.8,7.9,2.6,1835.1,3073.1,445.3
FLAKKEBJERG,2013-11-28,28,11,2013,332,6.7,8.4,6.9,0,1836.9,3079.9,445.3
FLAKKEBJERG,2013-11-29,29,11,2013,333,1.9,5.9,4.5,6.6,1836.9,3084.4,451.9
FLAKKEBJERG,2013-11-30,30,11,2013,334,3.6,5.2,4.3,0,1836.9,3088.7,451.9
FLAKKEBJERG,2013-12-01,01,12,2013,335,3.4,8.6,6.5,0.2,1838.4,3095.2,452.1
FLAKKEBJERG,2013-12-02,02,12,2013,336,-2,5.3,2.4,0,1838.4,3097.6,452.1
FLAKKEBJERG,2013-12-03,03,12,2013,337,-1.9,5.6,4.6,0,1838.4,3102.3,452.1
FLAKKEBJERG,2013-12-04,04,12,2013,338,3.9,7.3,5.4,1.6,1838.9,3107.7,453.7
FLAKKEBJERG,2013-12-05,05,12,2013,339,2.9,6,4.1,8.6,1838.9,3111.8,462.3
FLAKKEBJERG,2013-12-06,06,12,2013,340,-0.7,4.2,2.5,3.8,1838.9,3114.3,466.1
FLAKKEBJERG,2013-12-07,07,12,2013,341,0.1,1.7,0.4,1.7,1838.9,3114.7,467.8
FLAKKEBJERG,2013-12-08,08,12,2013,342,-3.5,7.5,3.4,1.2,1838.9,3118.1,469
FLAKKEBJERG,2013-12-09,09,12,2013,343,0.9,7.6,6.8,9.4,1840.7,3124.9,478.4
FLAKKEBJERG,2013-12-10,10,12,2013,344,5.8,7.6,6.8,0,1842.4,3131.7,478.4
FLAKKEBJERG,2013-12-11,11,12,2013,345,5,6,5.4,0,1842.9,3137.1,478.4
FLAKKEBJERG,2013-12-12,12,12,2013,346,1.7,4.5,2.8,0,1842.9,3139.9,478.4
FLAKKEBJERG,2013-12-13,13,12,2013,347,2.2,4.9,4.3,4.7,1842.9,3144.3,483.1
FLAKKEBJERG,2013-12-14,14,12,2013,348,3.5,5.4,3.9,6.2,1842.9,3148.2,489.3
FLAKKEBJERG,2013-12-15,15,12,2013,349,1.6,8.1,6.1,2.1,1844,3154.3,491.4
FLAKKEBJERG,2013-12-16,16,12,2013,350,5,9.1,7,0.1,1846,3161.3,491.5
FLAKKEBJERG,2013-12-17,17,12,2013,351,4.1,8.6,4.4,3.2,1846,3165.7,494.7
FLAKKEBJERG,2013-12-18,18,12,2013,352,-0.9,5.8,4,0.7,1846,3169.7,495.4
FLAKKEBJERG,2013-12-19,19,12,2013,353,3.8,6.7,5.4,0.2,1846.4,3175.1,495.6
FLAKKEBJERG,2013-12-20,20,12,2013,354,1.6,5.3,4.1,2.5,1846.4,3179.2,498.1
FLAKKEBJERG,2013-12-21,21,12,2013,355,3.3,6.6,5.7,0.6,1847.1,3184.9,498.7
FLAKKEBJERG,2013-12-22,22,12,2013,356,4.5,7.6,6.3,0.7,1848.4,3191.2,499.4
FLAKKEBJERG,2013-12-23,23,12,2013,357,3.7,6.4,4.9,2.5,1848.4,3196.1,501.9
FLAKKEBJERG,2013-12-24,24,12,2013,358,3.8,10.1,8.5,1.4,1851.9,3204.6,503.3
FLAKKEBJERG,2013-12-25,25,12,2013,359,6.6,9,6.6,5.9,1853.6,3211.3,509.2
FLAKKEBJERG,2013-12-26,26,12,2013,360,-1.1,4.3,2.3,0,1853.6,3213.6,509.2
FLAKKEBJERG,2013-12-27,27,12,2013,361,-1,6.4,4.7,4.2,1853.6,3218.3,513.4
FLAKKEBJERG,2013-12-28,28,12,2013,362,3.2,7.3,6.1,3,1854.7,3224.4,516.4
FLAKKEBJERG,2013-12-29,29,12,2013,363,3.7,5.6,5,0,1854.7,3229.3,516.4
FLAKKEBJERG,2013-12-30,30,12,2013,364,4.2,5.6,4.4,0.2,1854.7,3233.7,516.6
FLAKKEBJERG,2013-12-31,31,12,2013,365,3.2,5.1,3.8,0.3,1854.7,3237.5,516.9
FLAKKEBJERG,2014-01-01,01,01,2014,1,1.6,3.9,2.7,0.1,0,2.7,0.1
FLAKKEBJERG,2014-01-02,02,01,2014,2,1.3,6.6,3.6,6.2,0,6.3,6.3
FLAKKEBJERG,2014-01-03,03,01,2014,3,3.9,7.5,5.7,3,0.7,12,9.3
FLAKKEBJERG,2014-01-04,04,01,2014,4,4,6.7,5.3,0.1,1,17.3,9.4
FLAKKEBJERG,2014-01-05,05,01,2014,5,3,5.6,4.9,0.2,1,22.2,9.6
FLAKKEBJERG,2014-01-06,06,01,2014,6,2.6,7.8,4.9,6.9,1,27.1,16.5
FLAKKEBJERG,2014-01-07,07,01,2014,7,6.3,8.8,7.7,3.9,3.7,34.8,20.400000000000002
FLAKKEBJERG,2014-01-08,08,01,2014,8,6.5,8.3,7.3,0.2,6,42.1,20.6
FLAKKEBJERG,2014-01-09,09,01,2014,9,5.1,8.6,6.4,10.7,7.4,48.5,31.3
FLAKKEBJERG,2014-01-10,10,01,2014,10,4.7,6.8,5.8,0.4,8.2,54.3,31.7
FLAKKEBJERG,2014-01-11,11,01,2014,11,3.6,6.2,5.2,7.3,8.4,59.5,39
FLAKKEBJERG,2014-01-12,12,01,2014,12,-1.1,5.6,3.4,0.6,8.4,62.9,39.6
FLAKKEBJERG,2014-01-13,13,01,2014,13,-1.9,3.8,0.3,1.2,8.4,63.2,40.8
FLAKKEBJERG,2014-01-14,14,01,2014,14,1.9,4.3,3.3,0,8.4,66.5,40.8
FLAKKEBJERG,2014-01-15,15,01,2014,15,0.9,4.2,2.8,0,8.4,69.3,40.8
FLAKKEBJERG,2014-01-16,16,01,2014,16,0.5,2.3,1.5,6.9,8.4,70.8,47.7
FLAKKEBJERG,2014-01-17,17,01,2014,17,0,2.1,1.2,4.2,8.4,72,51.9
FLAKKEBJERG,2014-01-18,18,01,2014,18,1.6,2.9,2.2,2.3,8.4,74.2,54.2
FLAKKEBJERG,2014-01-19,19,01,2014,19,0.9,2.7,1.7,0,8.4,75.9,54.2
FLAKKEBJERG,2014-01-20,20,01,2014,20,0.1,1.5,1.1,0,8.4,77,54.2
FLAKKEBJERG,2014-01-21,21,01,2014,21,-0.6,0.9,0.1,0.4,8.4,77.1,54.6
FLAKKEBJERG,2014-01-22,22,01,2014,22,-1.1,0.9,-0.1,0,8.4,77.1,54.6
FLAKKEBJERG,2014-01-23,23,01,2014,23,-3.3,-0.8,-2.1,0,8.4,77.1,54.6
FLAKKEBJERG,2014-01-24,24,01,2014,24,-5.1,-1.5,-3.1,0,8.4,77.1,54.6
FLAKKEBJERG,2014-01-25,25,01,2014,25,-8.1,-3.7,-5.7,0,8.4,77.1,54.6
FLAKKEBJERG,2014-01-26,26,01,2014,26,-8.7,-4.9,-6.8,0,8.4,77.1,54.6
FLAKKEBJERG,2014-01-27,27,01,2014,27,-8.3,-2.3,-4.2,1.5,8.4,77.1,56.1
FLAKKEBJERG,2014-01-28,28,01,2014,28,-2.8,-0.2,-1.6,0,8.4,77.1,56.1
FLAKKEBJERG,2014-01-29,29,01,2014,29,-5.6,-2.7,-4.4,0.1,8.4,77.1,56.2
FLAKKEBJERG,2014-01-30,30,01,2014,30,-5.3,-3.2,-4,0,8.4,77.1,56.2
FLAKKEBJERG,2014-01-31,31,01,2014,31,-4,-2,-3,0.1,8.4,77.1,56.3
FLAKKEBJERG,2014-02-01,01,02,2014,32,-2.8,2.5,0.3,3.5,8.4,77.4,59.8
FLAKKEBJERG,2014-02-02,02,02,2014,33,0.4,3.7,1.6,0,8.4,79,59.8
FLAKKEBJERG,2014-02-03,03,02,2014,34,-1.6,3,0.3,0,8.4,79.3,59.8
FLAKKEBJERG,2014-02-04,04,02,2014,35,-0.4,1.7,0.6,0.1,8.4,79.9,59.9
FLAKKEBJERG,2014-02-05,05,02,2014,36,-0.5,3.7,0.7,0,8.4,80.6,59.9
FLAKKEBJERG,2014-02-06,06,02,2014,37,0.5,5.2,2.9,0.3,8.4,83.5,60.2
FLAKKEBJERG,2014-02-07,07,02,2014,38,2.4,6.1,4,9.1,8.4,87.5,69.3
FLAKKEBJERG,2014-02-08,08,02,2014,39,1.4,4.7,3.5,2.7,8.4,91,72
FLAKKEBJERG,2014-02-09,09,02,2014,40,2.6,6.5,4,3.4,8.4,95,75.4
FLAKKEBJERG,2014-02-10,10,02,2014,41,1.6,5.8,3.6,0,8.4,98.6,75.4
FLAKKEBJERG,2014-02-11,11,02,2014,42,-0.1,3.9,1.8,2.7,8.4,100.4,78.1
FLAKKEBJERG,2014-02-12,12,02,2014,43,0.9,5,3,0.2,8.4,103.4,78.3
FLAKKEBJERG,2014-02-13,13,02,2014,44,1,6.4,3.6,1.8,8.4,107,80.1
FLAKKEBJERG,2014-02-14,14,02,2014,45,0.2,5.1,2.9,0,8.4,109.9,80.1
FLAKKEBJERG,2014-02-15,15,02,2014,46,3.2,9.3,6.1,1.1,9.5,116,81.2
FLAKKEBJERG,2014-02-16,16,02,2014,47,3,6.8,4.9,2.9,9.5,120.9,84.1
FLAKKEBJERG,2014-02-17,17,02,2014,48,1.8,7,3.7,0,9.5,124.6,84.1
FLAKKEBJERG,2014-02-18,18,02,2014,49,0.6,6.9,3.7,0.8,9.5,128.3,84.9
FLAKKEBJERG,2014-02-19,19,02,2014,50,3.2,5.5,4.3,5.6,9.5,132.6,90.5
FLAKKEBJERG,2014-02-20,20,02,2014,51,3.9,7.3,5.5,2.6,10,138.1,93.1
FLAKKEBJERG,2014-02-21,21,02,2014,52,3,8.2,5.7,8.1,10.7,143.8,101.2
FLAKKEBJERG,2014-02-22,22,02,2014,53,2.6,5.2,4,0.1,10.7,147.8,101.3
FLAKKEBJERG,2014-02-23,23,02,2014,54,2.8,7.8,5.2,0,10.9,153,101.3
FLAKKEBJERG,2014-02-24,24,02,2014,55,2.9,8.6,5.7,0,11.6,158.7,101.3
FLAKKEBJERG,2014-02-25,25,02,2014,56,2,8.8,5.3,0,11.9,164,101.3
FLAKKEBJERG,2014-02-26,26,02,2014,57,4.3,8.9,6.4,0,13.3,170.4,101.3
FLAKKEBJERG,2014-02-27,27,02,2014,58,0.8,8.1,4.8,0,13.3,175.2,101.3
FLAKKEBJERG,2014-02-28,28,02,2014,59,1.5,6.4,4.6,1.4,13.3,179.8,102.7
FLAKKEBJERG,2014-03-01,01,03,2014,60,1.1,5.1,3.4,0.8,13.3,183.2,103.5
FLAKKEBJERG,2014-03-02,02,03,2014,61,1.3,6,3.3,1.3,13.3,186.5,104.8
FLAKKEBJERG,2014-03-03,03,03,2014,62,1.3,5.1,3.3,0,13.3,189.8,104.8
FLAKKEBJERG,2014-03-04,04,03,2014,63,0.8,6,3.4,0.2,13.3,193.2,105
FLAKKEBJERG,2014-03-05,05,03,2014,64,3.3,4.8,3.9,2.1,13.3,197.1,107.1
FLAKKEBJERG,2014-03-06,06,03,2014,65,0.7,6.2,3.6,0,13.3,200.7,107.1
FLAKKEBJERG,2014-03-07,07,03,2014,66,3.2,8.5,5.9,0.2,14.2,206.6,107.3
FLAKKEBJERG,2014-03-08,08,03,2014,67,1.6,7.9,5.1,0,14.3,211.7,107.3
FLAKKEBJERG,2014-03-09,09,03,2014,68,3.7,12.2,7.7,0,17,219.4,107.3
FLAKKEBJERG,2014-03-10,10,03,2014,69,3.5,15.2,8.5,0,20.5,227.9,107.3
FLAKKEBJERG,2014-03-11,11,03,2014,70,0.5,11.2,5.6,0,21.1,233.5,107.3
FLAKKEBJERG,2014-03-12,12,03,2014,71,-1.2,11.3,4.7,0,21.1,238.2,107.3
FLAKKEBJERG,2014-03-13,13,03,2014,72,-1.3,12.3,5.6,0,21.7,243.8,107.3
FLAKKEBJERG,2014-03-14,14,03,2014,73,2.1,9.5,5.9,1.3,22.6,249.7,108.6
FLAKKEBJERG,2014-03-15,15,03,2014,74,5.5,8.7,6.7,0.8,24.3,256.4,109.4
FLAKKEBJERG,2014-03-16,16,03,2014,75,5.5,11.1,8.1,0.2,27.4,264.5,109.6
FLAKKEBJERG,2014-03-17,17,03,2014,76,6.9,10.5,8.6,0,31,273.1,109.6
FLAKKEBJERG,2014-03-18,18,03,2014,77,6.1,8.9,7.1,0.3,33.1,280.2,109.9
FLAKKEBJERG,2014-03-19,19,03,2014,78,4.6,8.7,7,0,35.1,287.2,109.9
FLAKKEBJERG,2014-03-20,20,03,2014,79,6.5,13.9,9.9,0,40,297.1,109.9
FLAKKEBJERG,2014-03-21,21,03,2014,80,3.6,12,7.3,5.2,42.3,304.4,115.1
FLAKKEBJERG,2014-03-22,22,03,2014,81,3.4,8.2,5.7,0.5,43,310.1,115.6
FLAKKEBJERG,2014-03-23,23,03,2014,82,2.4,8.5,5.3,0,43.3,315.4,115.6
FLAKKEBJERG,2014-03-24,24,03,2014,83,-1.9,9,3.5,0,43.3,318.9,115.6
FLAKKEBJERG,2014-03-25,25,03,2014,84,-1.4,9,3.7,1.9,43.3,322.6,117.5
FLAKKEBJERG,2014-03-26,26,03,2014,85,0.5,6.8,3.7,1.9,43.3,326.3,119.4
FLAKKEBJERG,2014-03-27,27,03,2014,86,-0.4,8.4,3.4,0,43.3,329.7,119.4
FLAKKEBJERG,2014-03-28,28,03,2014,87,3.2,12.3,6.5,0,44.8,336.2,119.4
FLAKKEBJERG,2014-03-29,29,03,2014,88,1.8,11.9,6.1,0,45.9,342.3,119.4
FLAKKEBJERG,2014-03-30,30,03,2014,89,1.8,14.8,7.7,0,48.6,350,119.4
FLAKKEBJERG,2014-03-31,31,03,2014,90,2.1,10,5.3,0,48.9,355.3,119.4
FLAKKEBJERG,2014-04-01,01,04,2014,91,2.6,6.8,4.4,0,48.9,359.7,119.4
FLAKKEBJERG,2014-04-02,02,04,2014,92,2.8,8.9,5.4,0,49.3,365.1,119.4
FLAKKEBJERG,2014-04-03,03,04,2014,93,1,10.8,5.2,0,49.5,370.3,119.4
FLAKKEBJERG,2014-04-04,04,04,2014,94,0.8,7.2,3.7,0,49.5,374,119.4
FLAKKEBJERG,2014-04-05,05,04,2014,95,3.1,6.6,5.3,1.1,49.8,379.3,120.5
FLAKKEBJERG,2014-04-06,06,04,2014,96,6.1,11,8.5,2.1,53.3,387.8,122.6
FLAKKEBJERG,2014-04-07,07,04,2014,97,9.9,13.4,11.2,5.1,59.5,399,127.7
FLAKKEBJERG,2014-04-08,08,04,2014,98,7.1,13.4,10,1.5,64.5,409,129.2
FLAKKEBJERG,2014-04-09,09,04,2014,99,4.8,10,7.7,0,67.2,416.7,129.2
FLAKKEBJERG,2014-04-10,10,04,2014,100,4.8,8.2,6.2,0,68.4,422.9,129.2
FLAKKEBJERG,2014-04-11,11,04,2014,101,3.9,11.6,7.8,3.4,71.2,430.7,132.6
FLAKKEBJERG,2014-04-12,12,04,2014,102,0.6,10.6,6.1,1.4,72.3,436.8,134
FLAKKEBJERG,2014-04-13,13,04,2014,103,6.5,11.4,8.5,0.5,75.8,445.3,134.5
FLAKKEBJERG,2014-04-14,14,04,2014,104,4.9,9,6.7,3.6,77.5,452,138.1
FLAKKEBJERG,2014-04-15,15,04,2014,105,2.4,9.1,6.3,0,78.8,458.3,138.1
FLAKKEBJERG,2014-04-16,16,04,2014,106,0.1,11.8,6.6,0,80.4,464.9,138.1
FLAKKEBJERG,2014-04-17,17,04,2014,107,2.9,13.2,8.2,3.5,83.6,473.1,141.6
FLAKKEBJERG,2014-04-18,18,04,2014,108,3.3,9.2,6.6,0.5,85.2,479.7,142.1
FLAKKEBJERG,2014-04-19,19,04,2014,109,2.2,16.7,9.4,0,89.6,489.1,142.1
FLAKKEBJERG,2014-04-20,20,04,2014,110,7.6,20.1,13.1,0,97.7,502.2,142.1
FLAKKEBJERG,2014-04-21,21,04,2014,111,10,16.5,12.6,0,105.3,514.8,142.1
FLAKKEBJERG,2014-04-22,22,04,2014,112,8.3,18.8,12.9,0,113.2,527.7,142.1
FLAKKEBJERG,2014-04-23,23,04,2014,113,7.1,11.2,9.1,0.4,117.3,536.8,142.5
FLAKKEBJERG,2014-04-24,24,04,2014,114,4.4,11.3,7.1,3,119.4,543.9,145.5
FLAKKEBJERG,2014-04-25,25,04,2014,115,4.4,17.2,10.7,0,125.1,554.6,145.5
FLAKKEBJERG,2014-04-26,26,04,2014,116,4.3,19,11.8,0,131.9,566.4,145.5
FLAKKEBJERG,2014-04-27,27,04,2014,117,6.3,19.2,12.3,0,139.2,578.7,145.5
FLAKKEBJERG,2014-04-28,28,04,2014,118,4.4,19.5,12.1,0,146.3,590.8,145.5
FLAKKEBJERG,2014-04-29,29,04,2014,119,3,18.9,12,0,153.3,602.8,145.5
FLAKKEBJERG,2014-04-30,30,04,2014,120,5,17.4,12.2,0,160.5,615,145.5
FLAKKEBJERG,2014-05-01,01,05,2014,121,3.7,11.2,8.2,0,163.7,623.2,145.5
FLAKKEBJERG,2014-05-02,02,05,2014,122,2.3,10.8,6.9,1.1,165.6,630.1,146.6
FLAKKEBJERG,2014-05-03,03,05,2014,123,-1,12.5,6.4,0,167,636.5,146.6
FLAKKEBJERG,2014-05-04,04,05,2014,124,4.3,11.5,8.1,0,170.1,644.6,146.6
FLAKKEBJERG,2014-05-05,05,05,2014,125,2.5,9.4,7.1,0.1,172.2,651.7,146.7
FLAKKEBJERG,2014-05-06,06,05,2014,126,7.7,14.6,11,0.5,178.2,662.7,147.2
FLAKKEBJERG,2014-05-07,07,05,2014,127,7.3,13.9,10.8,16,184,673.5,163.2
FLAKKEBJERG,2014-05-08,08,05,2014,128,9.1,13.7,10.7,8.8,189.7,684.2,172
FLAKKEBJERG,2014-05-09,09,05,2014,129,8.8,13.7,10.6,1.8,195.3,694.8,173.8
FLAKKEBJERG,2014-05-10,10,05,2014,130,8.4,13.6,10.7,3.2,201,705.5,177
FLAKKEBJERG,2014-05-11,11,05,2014,131,9,13.3,11,1,207,716.5,178
FLAKKEBJERG,2014-05-12,12,05,2014,132,8.8,14,10.5,7.3,212.5,727,185.3
FLAKKEBJERG,2014-05-13,13,05,2014,133,7.7,13,10,0.4,217.5,737,185.7
FLAKKEBJERG,2014-05-14,14,05,2014,134,6.1,13.4,9.4,0.2,221.9,746.4,185.9
FLAKKEBJERG,2014-05-15,15,05,2014,135,5.6,15.3,10.5,0,227.4,756.9,185.9
FLAKKEBJERG,2014-05-16,16,05,2014,136,6.8,14.8,10.4,0,232.8,767.3,185.9
FLAKKEBJERG,2014-05-17,17,05,2014,137,6.1,18.1,12.9,0,240.7,780.2,185.9
FLAKKEBJERG,2014-05-18,18,05,2014,138,7.8,17.5,12.4,4.6,248.1,792.6,190.5
FLAKKEBJERG,2014-05-19,19,05,2014,139,9.6,17.3,13,0,256.1,805.6,190.5
FLAKKEBJERG,2014-05-20,20,05,2014,140,7,20,14.3,0,265.4,819.9,190.5
FLAKKEBJERG,2014-05-21,21,05,2014,141,10.1,25.1,17.9,0,278.3,837.8,190.5
FLAKKEBJERG,2014-05-22,22,05,2014,142,15,24.9,20,0,293.3,857.8,190.5
FLAKKEBJERG,2014-05-23,23,05,2014,143,13.2,20.4,16.3,1.7,304.6,874.1,192.2
FLAKKEBJERG,2014-05-24,24,05,2014,144,11.2,18.7,15,0,314.6,889.1,192.2
FLAKKEBJERG,2014-05-25,25,05,2014,145,9.3,20.8,15.5,0,325.1,904.6,192.2
FLAKKEBJERG,2014-05-26,26,05,2014,146,8.4,21.1,15.5,0,335.6,920.1,192.2
FLAKKEBJERG,2014-05-27,27,05,2014,147,8.7,18.1,13.5,0,344.1,933.6,192.2
FLAKKEBJERG,2014-05-28,28,05,2014,148,5.1,13.7,9.6,0,348.7,943.2,192.2
FLAKKEBJERG,2014-05-29,29,05,2014,149,3.4,16.2,9.9,0,353.6,953.1,192.2
FLAKKEBJERG,2014-05-30,30,05,2014,150,5.5,20.1,13.7,0,362.3,966.8,192.2
FLAKKEBJERG,2014-05-31,31,05,2014,151,10.1,17.6,13,0,370.3,979.8,192.2
FLAKKEBJERG,2014-06-01,01,06,2014,152,8.7,16.8,13.1,0,378.4,992.9,192.2
FLAKKEBJERG,2014-06-02,02,06,2014,153,6.5,19.8,14.2,0,387.6,1007.1,192.2
FLAKKEBJERG,2014-06-03,03,06,2014,154,10.4,20.8,15.6,0,398.2,1022.7,192.2
FLAKKEBJERG,2014-06-04,04,06,2014,155,11,19.9,15,0,408.2,1037.7,192.2
FLAKKEBJERG,2014-06-05,05,06,2014,156,10.1,19,13.9,2.4,417.1,1051.6,194.6
FLAKKEBJERG,2014-06-06,06,06,2014,157,9.7,17.2,13.8,0,425.9,1065.4,194.6
FLAKKEBJERG,2014-06-07,07,06,2014,158,6.2,19.7,14.1,0,435,1079.5,194.6
FLAKKEBJERG,2014-06-08,08,06,2014,159,9.7,22.9,16.8,2,446.8,1096.3,196.6
FLAKKEBJERG,2014-06-09,09,06,2014,160,10.9,24.1,17.8,0,459.6,1114.1,196.6
FLAKKEBJERG,2014-06-10,10,06,2014,161,11.1,26.2,19,0,473.6,1133.1,196.6
FLAKKEBJERG,2014-06-11,11,06,2014,162,13.4,22.7,17.6,1.7,486.2,1150.7,198.3
FLAKKEBJERG,2014-06-12,12,06,2014,163,12.3,20.4,16.2,0,497.4,1166.9,198.3
FLAKKEBJERG,2014-06-13,13,06,2014,164,10.1,19.4,15,0,507.4,1181.9,198.3
FLAKKEBJERG,2014-06-14,14,06,2014,165,9,18.8,14.7,0,517.1,1196.6,198.3
FLAKKEBJERG,2014-06-15,15,06,2014,166,7.2,20.3,14.8,0,526.9,1211.4,198.3
FLAKKEBJERG,2014-06-16,16,06,2014,167,8.5,19.4,14.6,0,536.5,1226,198.3
FLAKKEBJERG,2014-06-17,17,06,2014,168,8.4,21.6,16,0,547.5,1242,198.3
FLAKKEBJERG,2014-06-18,18,06,2014,169,8.4,22,15.6,0,558.1,1257.6,198.3
FLAKKEBJERG,2014-06-19,19,06,2014,170,11.5,17.7,14,0.7,567.1,1271.6,199
FLAKKEBJERG,2014-06-20,20,06,2014,171,11.2,19.1,14.1,1.1,576.2,1285.7,200.1
FLAKKEBJERG,2014-06-21,21,06,2014,172,10,17.2,13.1,1.2,584.3,1298.8,201.3
FLAKKEBJERG,2014-06-22,22,06,2014,173,9.4,18,13.3,0,592.6,1312.1,201.3
FLAKKEBJERG,2014-06-23,23,06,2014,174,9.4,18.4,13.5,0,601.1,1325.6,201.3
FLAKKEBJERG,2014-06-24,24,06,2014,175,8.1,17.1,12.5,10.1,608.6,1338.1,211.4
FLAKKEBJERG,2014-06-25,25,06,2014,176,6.8,20.5,14.4,0,618,1352.5,211.4
FLAKKEBJERG,2014-06-26,26,06,2014,177,6.9,20.2,14.2,0,627.2,1366.7,211.4
FLAKKEBJERG,2014-06-27,27,06,2014,178,6.9,21.3,15.3,0.1,637.5,1382,211.5
FLAKKEBJERG,2014-06-28,28,06,2014,179,12.8,19.5,15.8,1.7,648.3,1397.8,213.2
FLAKKEBJERG,2014-06-29,29,06,2014,180,9,19.3,14.8,0,658.1,1412.6,213.2
FLAKKEBJERG,2014-06-30,30,06,2014,181,6.4,19.6,13.4,1.2,666.5,1426,214.4
FLAKKEBJERG,2014-07-01,01,07,2014,182,8.9,19.1,14,0,675.5,1440,214.4
FLAKKEBJERG,2014-07-02,02,07,2014,183,6.5,18.8,13.6,1.1,684.1,1453.6,215.5
FLAKKEBJERG,2014-07-03,03,07,2014,184,11.1,20.8,15.9,0.1,695,1469.5,215.6
FLAKKEBJERG,2014-07-04,04,07,2014,185,13.2,26.9,20.6,0,710.6,1490.1,215.6
FLAKKEBJERG,2014-07-05,05,07,2014,186,16,27.4,20.8,0.3,726.4,1510.9,215.9
FLAKKEBJERG,2014-07-06,06,07,2014,187,15.6,26.2,21,0,742.4,1531.9,215.9
FLAKKEBJERG,2014-07-07,07,07,2014,188,15.4,22.5,19.4,1.9,756.8,1551.3,217.8
FLAKKEBJERG,2014-07-08,08,07,2014,189,14.4,26.4,20.4,0,772.2,1571.7,217.8
FLAKKEBJERG,2014-07-09,09,07,2014,190,18.2,29,23.2,2.5,790.4,1594.9,220.3
FLAKKEBJERG,2014-07-10,10,07,2014,191,17.4,29,23,0,808.4,1617.9,220.3
FLAKKEBJERG,2014-07-11,11,07,2014,192,14.1,25.9,20.4,0,823.8,1638.3,220.3
FLAKKEBJERG,2014-07-12,12,07,2014,193,10.8,21.9,16.9,1.1,835.7,1655.2,221.4
FLAKKEBJERG,2014-07-13,13,07,2014,194,13.8,18.2,16,1.7,846.7,1671.2,223.1
FLAKKEBJERG,2014-07-14,14,07,2014,195,13.4,20.1,16.8,23.7,858.5,1688,246.8
FLAKKEBJERG,2014-07-15,15,07,2014,196,14.1,22.6,18.6,0,872.1,1706.6,246.8
FLAKKEBJERG,2014-07-16,16,07,2014,197,13.7,21.6,18,0,885.1,1724.6,246.8
FLAKKEBJERG,2014-07-17,17,07,2014,198,10,24.3,18.2,0,898.3,1742.8,246.8
FLAKKEBJERG,2014-07-18,18,07,2014,199,11.8,26.7,20.2,0,913.5,1763,246.8
FLAKKEBJERG,2014-07-19,19,07,2014,200,13.7,27.7,20.9,0,929.4,1783.9,246.8
FLAKKEBJERG,2014-07-20,20,07,2014,201,13.2,27.4,20.8,0,945.2,1804.7,246.8
FLAKKEBJERG,2014-07-21,21,07,2014,202,15.8,26.8,21.4,0,961.6,1826.1,246.8
FLAKKEBJERG,2014-07-22,22,07,2014,203,14.3,29.3,22,0,978.6,1848.1,246.8
FLAKKEBJERG,2014-07-23,23,07,2014,204,13.5,28.5,21.5,0,995.1,1869.6,246.8
FLAKKEBJERG,2014-07-24,24,07,2014,205,15.1,29,21.9,0,1012,1891.5,246.8
FLAKKEBJERG,2014-07-25,25,07,2014,206,14.6,30.3,22.7,0,1029.7,1914.2,246.8
FLAKKEBJERG,2014-07-26,26,07,2014,207,18,28.1,22.4,0.5,1047.1,1936.6,247.3
FLAKKEBJERG,2014-07-27,27,07,2014,208,16,29,22.5,0,1064.6,1959.1,247.3
FLAKKEBJERG,2014-07-28,28,07,2014,209,16.4,28,22.5,0,1082.1,1981.6,247.3
FLAKKEBJERG,2014-07-29,29,07,2014,210,17.6,29.5,23.3,0,1100.4,2004.9,247.3
FLAKKEBJERG,2014-07-30,30,07,2014,211,17.5,25.5,21,0,1116.4,2025.9,247.3
FLAKKEBJERG,2014-07-31,31,07,2014,212,14.5,24.8,19.7,0,1131.1,2045.6,247.3
FLAKKEBJERG,2014-08-01,01,08,2014,213,14.7,26.8,21.1,0.1,1147.2,2066.7,247.4
FLAKKEBJERG,2014-08-02,02,08,2014,214,17.8,27.5,21.6,0,1163.8,2088.3,247.4
FLAKKEBJERG,2014-08-03,03,08,2014,215,18.9,23.9,21,8.8,1179.8,2109.3,256.2
FLAKKEBJERG,2014-08-04,04,08,2014,216,17.4,23.5,20.1,17.6,1194.9,2129.4,273.8
FLAKKEBJERG,2014-08-05,05,08,2014,217,16.7,24.6,20.1,0,1210,2149.5,273.8
FLAKKEBJERG,2014-08-06,06,08,2014,218,13.5,24.3,19.1,0.1,1224.1,2168.6,273.9
FLAKKEBJERG,2014-08-07,07,08,2014,219,12.1,23.8,18.1,0,1237.2,2186.7,273.9
FLAKKEBJERG,2014-08-08,08,08,2014,220,12.1,24.4,18.7,0,1250.9,2205.4,273.9
FLAKKEBJERG,2014-08-09,09,08,2014,221,12.9,24.2,18.5,9.2,1264.4,2223.9,283.1
FLAKKEBJERG,2014-08-10,10,08,2014,222,10.9,23.8,18.4,0.8,1277.8,2242.3,283.9
FLAKKEBJERG,2014-08-11,11,08,2014,223,13.1,21.2,18.1,3.1,1290.9,2260.4,287
FLAKKEBJERG,2014-08-12,12,08,2014,224,12.6,19.6,16.1,6.9,1302,2276.5,293.9
FLAKKEBJERG,2014-08-13,13,08,2014,225,11.9,21.4,16.6,0.1,1313.6,2293.1,294
FLAKKEBJERG,2014-08-14,14,08,2014,226,11.6,21.4,16.5,5.2,1325.1,2309.6,299.2
FLAKKEBJERG,2014-08-15,15,08,2014,227,12.1,19.5,16.2,0,1336.3,2325.8,299.2
FLAKKEBJERG,2014-08-16,16,08,2014,228,12.2,18.4,15.3,0,1346.6,2341.1,299.2
FLAKKEBJERG,2014-08-17,17,08,2014,229,12.7,15.3,14.2,21.4,1355.8,2355.3,320.6
FLAKKEBJERG,2014-08-18,18,08,2014,230,11.9,16.5,14.3,1.5,1365.1,2369.6,322.1
FLAKKEBJERG,2014-08-19,19,08,2014,231,12.4,17.2,14.4,0,1374.5,2384,322.1
FLAKKEBJERG,2014-08-20,20,08,2014,232,12.4,18.2,14.6,0,1384.1,2398.6,322.1
FLAKKEBJERG,2014-08-21,21,08,2014,233,11.3,16.9,13.5,0.6,1392.6,2412.1,322.7
FLAKKEBJERG,2014-08-22,22,08,2014,234,11.4,16.8,13.8,5.1,1401.4,2425.9,327.8
FLAKKEBJERG,2014-08-23,23,08,2014,235,11.9,16.2,13.7,3,1410.1,2439.6,330.8
FLAKKEBJERG,2014-08-24,24,08,2014,236,10.9,17.1,13.6,0,1418.7,2453.2,330.8
FLAKKEBJERG,2014-08-25,25,08,2014,237,10.5,16.3,13,0,1426.7,2466.2,330.8
FLAKKEBJERG,2014-08-26,26,08,2014,238,9.6,18.2,13.6,3.2,1435.3,2479.8,334
FLAKKEBJERG,2014-08-27,27,08,2014,239,9.4,20.2,14.7,0,1445,2494.5,334
FLAKKEBJERG,2014-08-28,28,08,2014,240,9.9,19.2,14.8,0,1454.8,2509.3,334
FLAKKEBJERG,2014-08-29,29,08,2014,241,9.5,18.5,14.7,8.5,1464.5,2524,342.5
FLAKKEBJERG,2014-08-30,30,08,2014,242,11.5,17.3,15.1,4.8,1474.6,2539.1,347.3
FLAKKEBJERG,2014-08-31,31,08,2014,243,11.8,17.2,14.6,18.8,1484.2,2553.7,366.1
FLAKKEBJERG,2014-09-01,01,09,2014,244,12.1,18.6,15.7,0,1494.9,2569.4,366.1
FLAKKEBJERG,2014-09-02,02,09,2014,245,10.2,19.5,14.4,0,1504.3,2583.8,366.1
FLAKKEBJERG,2014-09-03,03,09,2014,246,8.4,20.5,14.1,0,1513.4,2597.9,366.1
FLAKKEBJERG,2014-09-04,04,09,2014,247,9.6,20.3,14.8,0,1523.2,2612.7,366.1
FLAKKEBJERG,2014-09-05,05,09,2014,248,11.6,23.1,17,0,1535.2,2629.7,366.1
FLAKKEBJERG,2014-09-06,06,09,2014,249,14,24,18.4,0,1548.6,2648.1,366.1
FLAKKEBJERG,2014-09-07,07,09,2014,250,14.2,20.6,17.2,4,1560.8,2665.3,370.1
FLAKKEBJERG,2014-09-08,08,09,2014,251,10,17.5,14.7,0,1570.5,2680,370.1
FLAKKEBJERG,2014-09-09,09,09,2014,252,12.8,19.7,15.5,0,1581,2695.5,370.1
FLAKKEBJERG,2014-09-10,10,09,2014,253,10.8,18.6,15,4.1,1591,2710.5,374.2
FLAKKEBJERG,2014-09-11,11,09,2014,254,11.1,20.1,14.9,0,1600.9,2725.4,374.2
FLAKKEBJERG,2014-09-12,12,09,2014,255,10.3,20.5,15.1,0,1611,2740.5,374.2
FLAKKEBJERG,2014-09-13,13,09,2014,256,12.2,16.8,14.4,25.6,1620.4,2754.9,399.8
FLAKKEBJERG,2014-09-14,14,09,2014,257,13.7,16.7,15.3,15.4,1630.7,2770.2,415.2
FLAKKEBJERG,2014-09-15,15,09,2014,258,14.1,19.8,16.5,0,1642.2,2786.7,415.2
FLAKKEBJERG,2014-09-16,16,09,2014,259,13.6,20.3,16.1,0,1653.3,2802.8,415.2
FLAKKEBJERG,2014-09-17,17,09,2014,260,12.9,20.7,15.9,0,1664.2,2818.7,415.2
FLAKKEBJERG,2014-09-18,18,09,2014,261,13.3,20.9,16.3,0,1675.5,2835,415.2
FLAKKEBJERG,2014-09-19,19,09,2014,262,12.3,21.9,16.3,0,1686.8,2851.3,415.2
FLAKKEBJERG,2014-09-20,20,09,2014,263,11.8,20.1,14.9,0,1696.7,2866.2,415.2
FLAKKEBJERG,2014-09-21,21,09,2014,264,13.1,16.9,14.7,5.5,1706.4,2880.9,420.7
FLAKKEBJERG,2014-09-22,22,09,2014,265,8.5,14,10.7,6.8,1712.1,2891.6,427.5
FLAKKEBJERG,2014-09-23,23,09,2014,266,3.7,14.4,10.1,0,1717.2,2901.7,427.5
FLAKKEBJERG,2014-09-24,24,09,2014,267,12.1,15.4,13.6,5.2,1725.8,2915.3,432.7
FLAKKEBJERG,2014-09-25,25,09,2014,268,10.8,15,12.6,0.3,1733.4,2927.9,433
FLAKKEBJERG,2014-09-26,26,09,2014,269,11.7,17.7,14.9,1.1,1743.3,2942.8,434.1
FLAKKEBJERG,2014-09-27,27,09,2014,270,10.4,16.9,13.3,0,1751.6,2956.1,434.1
FLAKKEBJERG,2014-09-28,28,09,2014,271,8.9,17.4,13.5,0,1760.1,2969.6,434.1
FLAKKEBJERG,2014-09-29,29,09,2014,272,8.7,17.9,13.2,0,1768.3,2982.8,434.1
FLAKKEBJERG,2014-09-30,30,09,2014,273,12.1,13.9,13.2,7.1,1776.5,2996,441.2
FLAKKEBJERG,2014-10-01,01,10,2014,274,12.3,17.3,14.2,1.1,1785.7,3010.2,442.3
FLAKKEBJERG,2014-10-02,02,10,2014,275,9.8,16.4,14.4,0,1795.1,3024.6,442.3
FLAKKEBJERG,2014-10-03,03,10,2014,276,8.5,18.2,14.2,0,1804.3,3038.8,442.3
FLAKKEBJERG,2014-10-04,04,10,2014,277,11.7,17,14.3,0,1813.6,3053.1,442.3
FLAKKEBJERG,2014-10-05,05,10,2014,278,9,17,12.5,0,1821.1,3065.6,442.3
FLAKKEBJERG,2014-10-06,06,10,2014,279,8.9,15.3,11.9,0,1828,3077.5,442.3
FLAKKEBJERG,2014-10-07,07,10,2014,280,10.8,13.8,12.2,5.2,1835.2,3089.7,447.5
FLAKKEBJERG,2014-10-08,08,10,2014,281,10.4,14.1,12.4,0.1,1842.6,3102.1,447.6
FLAKKEBJERG,2014-10-09,09,10,2014,282,13,16.7,14.8,0.3,1852.4,3116.9,447.9
FLAKKEBJERG,2014-10-10,10,10,2014,283,10.3,15.9,13.5,0,1860.9,3130.4,447.9
FLAKKEBJERG,2014-10-11,11,10,2014,284,8.6,17,12.7,0,1868.6,3143.1,447.9
FLAKKEBJERG,2014-10-12,12,10,2014,285,7.2,15.2,12.5,4.1,1876.1,3155.6,452
FLAKKEBJERG,2014-10-13,13,10,2014,286,7.4,12.5,10.7,11.7,1881.8,3166.3,463.7
FLAKKEBJERG,2014-10-14,14,10,2014,287,9.6,11.2,10.4,13.7,1887.2,3176.7,477.4
FLAKKEBJERG,2014-10-15,15,10,2014,288,11,13.9,12.4,1.3,1894.6,3189.1,478.7
FLAKKEBJERG,2014-10-16,16,10,2014,289,10.8,14.6,12.3,3.6,1901.9,3201.4,482.3
FLAKKEBJERG,2014-10-17,17,10,2014,290,11.3,15,12.6,1.9,1909.5,3214,484.2
FLAKKEBJERG,2014-10-18,18,10,2014,291,11.3,14.6,13.1,0,1917.6,3227.1,484.2
FLAKKEBJERG,2014-10-19,19,10,2014,292,14.1,15.6,14.8,28.8,1927.4,3241.9,513
FLAKKEBJERG,2014-10-20,20,10,2014,293,11.5,14.7,13.1,2.1,1935.5,3255,515.1
FLAKKEBJERG,2014-10-21,21,10,2014,294,8.3,12.9,11.3,13.4,1941.8,3266.3,528.5
FLAKKEBJERG,2014-10-22,22,10,2014,295,7.5,13.7,11,1.2,1947.8,3277.3,529.7
FLAKKEBJERG,2014-10-23,23,10,2014,296,10.3,11.8,11.1,2.7,1953.9,3288.4,532.4
FLAKKEBJERG,2014-10-24,24,10,2014,297,10.6,12.7,11.5,0.2,1960.4,3299.9,532.6
FLAKKEBJERG,2014-10-25,25,10,2014,298,8.6,12.2,10.4,5.5,1965.8,3310.3,538.1
FLAKKEBJERG,2014-10-26,26,10,2014,299,8.7,13.1,11.6,0,1972.4,3321.9,538.1
FLAKKEBJERG,2014-10-27,27,10,2014,300,11,13.9,12.6,0,1980,3334.5,538.1
FLAKKEBJERG,2014-10-28,28,10,2014,301,7.9,13.7,10.8,0,1985.8,3345.3,538.1
FLAKKEBJERG,2014-10-29,29,10,2014,302,3.4,11.8,8.5,0,1989.3,3353.8,538.1
FLAKKEBJERG,2014-10-30,30,10,2014,303,0.8,11.4,5.6,0,1989.9,3359.4,538.1
FLAKKEBJERG,2014-10-31,31,10,2014,304,7.2,11.6,10,0.9,1994.9,3369.4,539
FLAKKEBJERG,2014-11-01,01,11,2014,305,10.8,15.6,12.3,0,2002.2,3381.7,539
FLAKKEBJERG,2014-11-02,02,11,2014,306,10.5,14.4,12.1,0,2009.3,3393.8,539
FLAKKEBJERG,2014-11-03,03,11,2014,307,11.7,13.1,12.3,1.3,2016.6,3406.1,540.3
FLAKKEBJERG,2014-11-04,04,11,2014,308,8.4,13.4,11.2,1,2022.8,3417.3,541.3
FLAKKEBJERG,2014-11-05,05,11,2014,309,7.3,8.9,8.1,17.6,2025.9,3425.4,558.9
FLAKKEBJERG,2014-11-06,06,11,2014,310,4.7,8.9,7.9,0.3,2028.8,3433.3,559.2
FLAKKEBJERG,2014-11-07,07,11,2014,311,4.2,9.7,7.3,0.2,2031.1,3440.6,559.4
FLAKKEBJERG,2014-11-08,08,11,2014,312,7.1,10,8.7,0,2034.8,3449.3,559.4
FLAKKEBJERG,2014-11-09,09,11,2014,313,6.5,11.3,8.4,0,2038.2,3457.7,559.4
FLAKKEBJERG,2014-11-10,10,11,2014,314,7.7,9.6,8.7,0.9,2041.9,3466.4,560.3
FLAKKEBJERG,2014-11-11,11,11,2014,315,5.2,10.1,7.9,0,2044.8,3474.3,560.3
FLAKKEBJERG,2014-11-12,12,11,2014,316,9.6,11.8,10.8,0,2050.6,3485.1,560.3
FLAKKEBJERG,2014-11-13,13,11,2014,317,9.8,11.3,10.4,1.9,2056,3495.5,562.2
FLAKKEBJERG,2014-11-14,14,11,2014,318,8.9,10.6,9.8,0,2060.8,3505.3,562.2
FLAKKEBJERG,2014-11-15,15,11,2014,319,8.7,9.8,9.2,0,2065,3514.5,562.2
FLAKKEBJERG,2014-11-16,16,11,2014,320,7.2,9.8,8.2,3.6,2068.2,3522.7,565.8
FLAKKEBJERG,2014-11-17,17,11,2014,321,7.4,9.7,8.5,0.5,2071.7,3531.2,566.3
FLAKKEBJERG,2014-11-18,18,11,2014,322,5.8,8.5,7.3,0.2,2074,3538.5,566.5
FLAKKEBJERG,2014-11-19,19,11,2014,323,4.5,6.1,5.2,0.2,2074.2,3543.7,566.7
FLAKKEBJERG,2014-11-20,20,11,2014,324,4.2,5.9,5,0.4,2074.2,3548.7,567.1
FLAKKEBJERG,2014-11-21,21,11,2014,325,0.9,7.2,3.9,0.1,2074.2,3552.6,567.2
FLAKKEBJERG,2014-11-22,22,11,2014,326,3.5,6.4,5.2,4.2,2074.4,3557.8,571.4
FLAKKEBJERG,2014-11-23,23,11,2014,327,5.2,7.5,6.1,1.4,2075.5,3563.9,572.8
FLAKKEBJERG,2014-11-24,24,11,2014,328,5.5,9.2,7.8,4.2,2078.3,3571.7,577
FLAKKEBJERG,2014-11-25,25,11,2014,329,0.7,8.9,5.2,0,2078.5,3576.9,577
FLAKKEBJERG,2014-11-26,26,11,2014,330,3.9,7.1,5.3,0,2078.8,3582.2,577
FLAKKEBJERG,2014-11-27,27,11,2014,331,2.4,5.6,3.8,0,2078.8,3586,577
FLAKKEBJERG,2014-11-28,28,11,2014,332,1,5.2,3,0,2078.8,3589,577
FLAKKEBJERG,2014-11-29,29,11,2014,333,0.5,3.1,1.9,0,2078.8,3590.9,577
FLAKKEBJERG,2014-11-30,30,11,2014,334,-0.5,2.5,0.5,0,2078.8,3591.4,577
FLAKKEBJERG,2014-12-01,01,12,2014,335,0.7,3.1,1.9,0,2078.8,3593.3,577
FLAKKEBJERG,2014-12-02,02,12,2014,336,-0.7,1.1,0.2,0,2078.8,3593.5,577
FLAKKEBJERG,2014-12-03,03,12,2014,337,0.6,1.7,1,0,2078.8,3594.5,577
FLAKKEBJERG,2014-12-04,04,12,2014,338,0.9,6,3,0,2078.8,3597.5,577
FLAKKEBJERG,2014-12-05,05,12,2014,339,2.6,5.8,3.6,2.4,2078.8,3601.1,579.4
FLAKKEBJERG,2014-12-06,06,12,2014,340,0.2,6.3,3.8,1.4,2078.8,3604.9,580.8
FLAKKEBJERG,2014-12-07,07,12,2014,341,0.5,5.6,4.2,6.7,2078.8,3609.1,587.5
FLAKKEBJERG,2014-12-08,08,12,2014,342,2.3,5.4,3.9,0,2078.8,3613,587.5
FLAKKEBJERG,2014-12-09,09,12,2014,343,0,3.6,2.6,0,2078.8,3615.6,587.5
FLAKKEBJERG,2014-12-10,10,12,2014,344,2.7,6,4.2,4.9,2078.8,3619.8,592.4
FLAKKEBJERG,2014-12-11,11,12,2014,345,2.2,5.2,3.8,6.6,2078.8,3623.6,599
FLAKKEBJERG,2014-12-12,12,12,2014,346,1.4,7.9,4.3,13.6,2078.8,3627.9,612.6
FLAKKEBJERG,2014-12-13,13,12,2014,347,2.6,6.6,4.5,0.2,2078.8,3632.4,612.8
FLAKKEBJERG,2014-12-14,14,12,2014,348,2.1,4.4,3.4,0,2078.8,3635.8,612.8
FLAKKEBJERG,2014-12-15,15,12,2014,349,3.3,5.5,4.3,2.2,2078.8,3640.1,615
FLAKKEBJERG,2014-12-16,16,12,2014,350,2.8,5.2,4,0.6,2078.8,3644.1,615.6
FLAKKEBJERG,2014-12-17,17,12,2014,351,3.4,5.2,4.1,0.2,2078.8,3648.2,615.8
FLAKKEBJERG,2014-12-18,18,12,2014,352,3.7,10.2,7.5,1.9,2081.3,3655.7,617.7
FLAKKEBJERG,2014-12-19,19,12,2014,353,4.3,10.1,7.3,0.1,2083.6,3663,617.8
FLAKKEBJERG,2014-12-20,20,12,2014,354,1.3,5.9,4.3,7.6,2083.6,3667.3,625.4
FLAKKEBJERG,2014-12-21,21,12,2014,355,4,7.5,5.5,4.5,2084.1,3672.8,629.9
FLAKKEBJERG,2014-12-22,22,12,2014,356,6.8,9.4,8.2,6.9,2087.3,3681,636.8
FLAKKEBJERG,2014-12-23,23,12,2014,357,6.1,8.1,7.2,1.4,2089.5,3688.2,638.2
FLAKKEBJERG,2014-12-24,24,12,2014,358,3.7,8.4,5.9,11.4,2090.4,3694.1,649.6
FLAKKEBJERG,2014-12-25,25,12,2014,359,-4.8,4.3,0.3,7.1,2090.4,3694.4,656.7
FLAKKEBJERG,2014-12-26,26,12,2014,360,-6.5,0.9,-2.3,0,2090.4,3694.4,656.7
FLAKKEBJERG,2014-12-27,27,12,2014,361,-4.1,1.1,-1.4,0,2090.4,3694.4,656.7
FLAKKEBJERG,2014-12-28,28,12,2014,362,-6,0.1,-2.4,6.1,2090.4,3694.4,662.8
FLAKKEBJERG,2014-12-29,29,12,2014,363,-11.2,0.8,-3.9,3.8,2090.4,3694.4,666.6
FLAKKEBJERG,2014-12-30,30,12,2014,364,0.3,4,2.5,0,2090.4,3696.9,666.6
FLAKKEBJERG,2014-12-31,31,12,2014,365,3.4,7.6,5.7,0.8,2091.1,3702.6,667.4
FLAKKEBJERG,2015-01-01,01,01,2015,1,4,6.1,4.9,0,0,4.9,0
FLAKKEBJERG,2015-01-02,02,01,2015,2,3.2,9.1,5.8,3.6,0.8,10.7,3.6
FLAKKEBJERG,2015-01-03,03,01,2015,3,0.9,5.7,3.9,6.1,0.8,14.6,9.7
FLAKKEBJERG,2015-01-04,04,01,2015,4,1.8,4.3,3.3,0.3,0.8,17.9,10
FLAKKEBJERG,2015-01-05,05,01,2015,5,2.7,5.6,3.8,2,0.8,21.7,12
FLAKKEBJERG,2015-01-06,06,01,2015,6,2,3.9,3.1,1.3,0.8,24.8,13.299999999999999
FLAKKEBJERG,2015-01-07,07,01,2015,7,2,6.5,4,1.5,0.8,28.8,14.799999999999999
FLAKKEBJERG,2015-01-08,08,01,2015,8,3.6,6.5,4.9,1.6,0.8,33.7,16.4
FLAKKEBJERG,2015-01-09,09,01,2015,9,4.2,7.6,5.8,8.6,1.6,39.5,25
FLAKKEBJERG,2015-01-10,10,01,2015,10,3,10.1,6.2,5.4,2.8,45.7,30.4
FLAKKEBJERG,2015-01-11,11,01,2015,11,1.2,4.6,3.3,0.6,2.8,49,31
FLAKKEBJERG,2015-01-12,12,01,2015,12,2.7,8,6,1.7,3.8,55,32.7
FLAKKEBJERG,2015-01-13,13,01,2015,13,4.3,8.1,5.6,2.7,4.4,60.6,35.4
FLAKKEBJERG,2015-01-14,14,01,2015,14,0,5,3,4.7,4.4,63.6,40.1
FLAKKEBJERG,2015-01-15,15,01,2015,15,1.7,6.4,4.1,12.1,4.4,67.7,52.2
FLAKKEBJERG,2015-01-16,16,01,2015,16,3.5,6.7,5.4,0,4.8,73.1,52.2
FLAKKEBJERG,2015-01-17,17,01,2015,17,1.7,4.8,3.3,0.1,4.8,76.4,52.3
FLAKKEBJERG,2015-01-18,18,01,2015,18,0.9,2.6,1.8,0.2,4.8,78.2,52.5
FLAKKEBJERG,2015-01-19,19,01,2015,19,0,2.1,1,3,4.8,79.2,55.5
FLAKKEBJERG,2015-01-20,20,01,2015,20,-1,1.2,0.5,4.9,4.8,79.7,60.4
FLAKKEBJERG,2015-01-21,21,01,2015,21,-2.5,0.3,-0.9,0,4.8,79.7,60.4
FLAKKEBJERG,2015-01-22,22,01,2015,22,-2.1,1.3,-0.5,0.2,4.8,79.7,60.6
FLAKKEBJERG,2015-01-23,23,01,2015,23,-1.9,0.1,-0.9,0,4.8,79.7,60.6
FLAKKEBJERG,2015-01-24,24,01,2015,24,-1.9,0.8,-0.8,2.9,4.8,79.7,63.5
FLAKKEBJERG,2015-01-25,25,01,2015,25,-4.8,3.2,-0.5,0,4.8,79.7,63.5
FLAKKEBJERG,2015-01-26,26,01,2015,26,0.2,3.9,2.1,8.9,4.8,81.8,72.4
FLAKKEBJERG,2015-01-27,27,01,2015,27,-0.1,4.5,2.4,0,4.8,84.2,72.4
FLAKKEBJERG,2015-01-28,28,01,2015,28,1.2,4.2,3.3,5.1,4.8,87.5,77.5
FLAKKEBJERG,2015-01-29,29,01,2015,29,0.2,2.9,1.4,1.7,4.8,88.9,79.2
FLAKKEBJERG,2015-01-30,30,01,2015,30,-0.3,2,0.9,1,4.8,89.8,80.2
FLAKKEBJERG,2015-01-31,31,01,2015,31,0.7,2.3,1.4,0,4.8,91.2,80.2
FLAKKEBJERG,2015-02-01,01,02,2015,32,-0.4,2.2,0.8,0.6,4.8,92,80.8
FLAKKEBJERG,2015-02-02,02,02,2015,33,-2.2,0.2,-1.1,6,4.8,92,86.8
FLAKKEBJERG,2015-02-03,03,02,2015,34,-5.6,-1.4,-2.7,1.5,4.8,92,88.3
FLAKKEBJERG,2015-02-04,04,02,2015,35,-2.2,-0.8,-1.6,0,4.8,92,88.3
FLAKKEBJERG,2015-02-05,05,02,2015,36,-10.4,1.2,-2.8,0,4.8,92,88.3
FLAKKEBJERG,2015-02-06,06,02,2015,37,-12.1,1.7,-3.7,0,4.8,92,88.3
FLAKKEBJERG,2015-02-07,07,02,2015,38,1.4,5.7,3.5,0,4.8,95.5,88.3
FLAKKEBJERG,2015-02-08,08,02,2015,39,0.8,5,2.3,0,4.8,97.8,88.3
FLAKKEBJERG,2015-02-09,09,02,2015,40,2.3,6.4,4.5,0,4.8,102.3,88.3
FLAKKEBJERG,2015-02-10,10,02,2015,41,1.1,7.3,4,0,4.8,106.3,88.3
FLAKKEBJERG,2015-02-11,11,02,2015,42,0.6,3.2,2.1,0,4.8,108.4,88.3
FLAKKEBJERG,2015-02-12,12,02,2015,43,0.2,2.1,1.3,0,4.8,109.7,88.3
FLAKKEBJERG,2015-02-13,13,02,2015,44,-1,0.6,-0.1,0.1,4.8,109.7,88.4
FLAKKEBJERG,2015-02-14,14,02,2015,45,-1.3,4.6,1.1,0,4.8,110.8,88.4
FLAKKEBJERG,2015-02-15,15,02,2015,46,1.4,3.4,2.4,0,4.8,113.2,88.4
FLAKKEBJERG,2015-02-16,16,02,2015,47,-0.1,2.4,0.8,0,4.8,114,88.4
FLAKKEBJERG,2015-02-17,17,02,2015,48,-0.3,2,0.7,0,4.8,114.7,88.4
FLAKKEBJERG,2015-02-18,18,02,2015,49,1.3,6,3.9,1.3,4.8,118.6,89.7
FLAKKEBJERG,2015-02-19,19,02,2015,50,1,4.4,2.8,0,4.8,121.4,89.7
FLAKKEBJERG,2015-02-20,20,02,2015,51,0.3,4.1,2.4,3.1,4.8,123.8,92.8
FLAKKEBJERG,2015-02-21,21,02,2015,52,0.1,4.4,2.8,15.3,4.8,126.6,108.1
FLAKKEBJERG,2015-02-22,22,02,2015,53,0.8,4.8,2.5,0,4.8,129.1,108.1
FLAKKEBJERG,2015-02-23,23,02,2015,54,0.2,4.2,2.2,2.1,4.8,131.3,110.2
FLAKKEBJERG,2015-02-24,24,02,2015,55,1.7,4.9,3.5,0.7,4.8,134.8,110.9
FLAKKEBJERG,2015-02-25,25,02,2015,56,-0.1,4.6,3,0,4.8,137.8,110.9
FLAKKEBJERG,2015-02-26,26,02,2015,57,-0.8,6.7,3.4,0.1,4.8,141.2,111
FLAKKEBJERG,2015-02-27,27,02,2015,58,0.5,3.8,2.5,3.2,4.8,143.7,114.2
FLAKKEBJERG,2015-02-28,28,02,2015,59,-0.7,5.1,2.2,0,4.8,145.9,114.2
FLAKKEBJERG,2015-03-01,01,03,2015,60,1.2,6.7,3.5,3.8,4.8,149.4,118
FLAKKEBJERG,2015-03-02,02,03,2015,61,2.4,5.5,3.5,4.9,4.8,152.9,122.9
FLAKKEBJERG,2015-03-03,03,03,2015,62,0,5.6,2.4,5.1,4.8,155.3,128
FLAKKEBJERG,2015-03-04,04,03,2015,63,0.1,5,1.9,5.4,4.8,157.2,133.4
FLAKKEBJERG,2015-03-05,05,03,2015,64,0.2,6.5,3.4,0,4.8,160.6,133.4
FLAKKEBJERG,2015-03-06,06,03,2015,65,3.7,6.9,5.3,0,5.1,165.9,133.4
FLAKKEBJERG,2015-03-07,07,03,2015,66,4.4,8.2,5.8,0,5.9,171.7,133.4
FLAKKEBJERG,2015-03-08,08,03,2015,67,4.1,11.1,6.9,0,7.8,178.6,133.4
FLAKKEBJERG,2015-03-09,09,03,2015,68,3.4,9.1,5.8,0,8.6,184.4,133.4
FLAKKEBJERG,2015-03-10,10,03,2015,69,3.7,10.3,6.5,1.1,10.1,190.9,134.5
FLAKKEBJERG,2015-03-11,11,03,2015,70,1.3,9.4,5.4,0,10.5,196.3,134.5
FLAKKEBJERG,2015-03-12,12,03,2015,71,-0.9,8.4,3,0,10.5,199.3,134.5
FLAKKEBJERG,2015-03-13,13,03,2015,72,-1,6.7,2.6,0,10.5,201.9,134.5
FLAKKEBJERG,2015-03-14,14,03,2015,73,0.1,7.8,3.9,0,10.5,205.8,134.5
FLAKKEBJERG,2015-03-15,15,03,2015,74,1.7,6.4,4.5,0,10.5,210.3,134.5
FLAKKEBJERG,2015-03-16,16,03,2015,75,3.1,9.3,5.9,0,11.4,216.2,134.5
FLAKKEBJERG,2015-03-17,17,03,2015,76,4.5,9.6,7.2,0,13.6,223.4,134.5
FLAKKEBJERG,2015-03-18,18,03,2015,77,2.2,10.2,6.9,0,15.5,230.3,134.5
FLAKKEBJERG,2015-03-19,19,03,2015,78,-0.2,12.1,5.3,0,15.8,235.6,134.5
FLAKKEBJERG,2015-03-20,20,03,2015,79,-1.2,6.9,3.6,0,15.8,239.2,134.5
FLAKKEBJERG,2015-03-21,21,03,2015,80,-0.9,5.3,3.1,2.5,15.8,242.3,137
FLAKKEBJERG,2015-03-22,22,03,2015,81,-4,3.6,0.2,0,15.8,242.5,137
FLAKKEBJERG,2015-03-23,23,03,2015,82,0.8,7.2,3.9,0,15.8,246.4,137
FLAKKEBJERG,2015-03-24,24,03,2015,83,2.4,6.8,4.8,1.3,15.8,251.2,138.3
FLAKKEBJERG,2015-03-25,25,03,2015,84,0.3,7.4,4.4,0,15.8,255.6,138.3
FLAKKEBJERG,2015-03-26,26,03,2015,85,3,7.6,5,0.1,15.8,260.6,138.4
FLAKKEBJERG,2015-03-27,27,03,2015,86,1.8,6.6,4.4,0.3,15.8,265,138.7
FLAKKEBJERG,2015-03-28,28,03,2015,87,1,8.2,5,1,15.8,270,139.7
FLAKKEBJERG,2015-03-29,29,03,2015,88,5.5,8.8,7.1,9,17.9,277.1,148.7
FLAKKEBJERG,2015-03-30,30,03,2015,89,3.4,8.9,5.6,9.6,18.5,282.7,158.3
FLAKKEBJERG,2015-03-31,31,03,2015,90,0.2,4.2,2.5,11.6,18.5,285.2,169.9
FLAKKEBJERG,2015-04-01,01,04,2015,91,1.9,6.9,3.9,1.2,18.5,289.1,171.1
FLAKKEBJERG,2015-04-02,02,04,2015,92,0.5,7.7,3.6,0,18.5,292.7,171.1
FLAKKEBJERG,2015-04-03,03,04,2015,93,-0.1,7.8,4,0,18.5,296.7,171.1
FLAKKEBJERG,2015-04-04,04,04,2015,94,-1.2,8.8,3.8,0,18.5,300.5,171.1
FLAKKEBJERG,2015-04-05,05,04,2015,95,-0.5,8.6,4.1,0,18.5,304.6,171.1
FLAKKEBJERG,2015-04-06,06,04,2015,96,0.3,8.5,4.1,0,18.5,308.7,171.1
FLAKKEBJERG,2015-04-07,07,04,2015,97,1.8,9.4,5.8,0,19.3,314.5,171.1
FLAKKEBJERG,2015-04-08,08,04,2015,98,3.8,12.7,8,0,22.3,322.5,171.1
FLAKKEBJERG,2015-04-09,09,04,2015,99,0.9,10.8,6.4,0,23.7,328.9,171.1
FLAKKEBJERG,2015-04-10,10,04,2015,100,0.1,14,8.2,0,26.9,337.1,171.1
FLAKKEBJERG,2015-04-11,11,04,2015,101,5.5,16.7,10.5,1.6,32.4,347.6,172.7
FLAKKEBJERG,2015-04-12,12,04,2015,102,5,11.3,7.5,4,34.9,355.1,176.7
FLAKKEBJERG,2015-04-13,13,04,2015,103,3.9,9.2,6.1,3,36,361.2,179.7
FLAKKEBJERG,2015-04-14,14,04,2015,104,2.7,9.5,6.1,4,37.1,367.3,183.7
FLAKKEBJERG,2015-04-15,15,04,2015,105,5.6,14.6,9.5,0.6,41.6,376.8,184.3
FLAKKEBJERG,2015-04-16,16,04,2015,106,4.6,10.6,7.1,0,43.7,383.9,184.3
FLAKKEBJERG,2015-04-17,17,04,2015,107,3.7,10.1,6.8,0,45.5,390.7,184.3
FLAKKEBJERG,2015-04-18,18,04,2015,108,1.6,11.1,6.8,0,47.3,397.5,184.3
FLAKKEBJERG,2015-04-19,19,04,2015,109,0.7,13.2,7.6,0,49.9,405.1,184.3
FLAKKEBJERG,2015-04-20,20,04,2015,110,2.8,15.7,9.7,0,54.6,414.8,184.3
FLAKKEBJERG,2015-04-21,21,04,2015,111,5.5,14.8,9.8,0,59.4,424.6,184.3
FLAKKEBJERG,2015-04-22,22,04,2015,112,4.9,13.4,8.7,0,63.1,433.3,184.3
FLAKKEBJERG,2015-04-23,23,04,2015,113,5,13.6,8.7,0,66.8,442,184.3
FLAKKEBJERG,2015-04-24,24,04,2015,114,7.1,12.2,9,0,70.8,451,184.3
FLAKKEBJERG,2015-04-25,25,04,2015,115,5.9,12.9,10.2,1.7,76,461.2,186
FLAKKEBJERG,2015-04-26,26,04,2015,116,2.8,9.9,7.1,4.3,78.1,468.3,190.3
FLAKKEBJERG,2015-04-27,27,04,2015,117,1.8,11.2,6.6,0,79.7,474.9,190.3
FLAKKEBJERG,2015-04-28,28,04,2015,118,0.2,10.3,6.1,0,80.8,481,190.3
FLAKKEBJERG,2015-04-29,29,04,2015,119,3.5,12,8.1,0,83.9,489.1,190.3
FLAKKEBJERG,2015-04-30,30,04,2015,120,5.7,10.9,8.2,2.3,87.1,497.3,192.6
FLAKKEBJERG,2015-05-01,01,05,2015,121,3.1,10.5,6.9,5.1,89,504.2,197.7
FLAKKEBJERG,2015-05-02,02,05,2015,122,0.8,11.5,6.8,0,90.8,511,197.7
FLAKKEBJERG,2015-05-03,03,05,2015,123,-0.9,13.5,7.4,4.2,93.2,518.4,201.9
FLAKKEBJERG,2015-05-04,04,05,2015,124,7.4,15.4,11.7,9.9,99.9,530.1,211.8
FLAKKEBJERG,2015-05-05,05,05,2015,125,9.4,19.4,13.3,9.4,108.2,543.4,221.2
FLAKKEBJERG,2015-05-06,06,05,2015,126,7.4,16.5,11.9,1,115.1,555.3,222.2
FLAKKEBJERG,2015-05-07,07,05,2015,127,7,12.6,10.3,0.7,120.4,565.6,222.9
FLAKKEBJERG,2015-05-08,08,05,2015,128,3.8,12.1,8.1,0,123.5,573.7,222.9
FLAKKEBJERG,2015-05-09,09,05,2015,129,3.5,13.9,9,1.2,127.5,582.7,224.1
FLAKKEBJERG,2015-05-10,10,05,2015,130,5.2,13.4,9.8,1.4,132.3,592.5,225.5
FLAKKEBJERG,2015-05-11,11,05,2015,131,3.3,17.2,11.6,0,138.9,604.1,225.5
FLAKKEBJERG,2015-05-12,12,05,2015,132,8.1,15.6,11.6,4.4,145.5,615.7,229.9
FLAKKEBJERG,2015-05-13,13,05,2015,133,8,12.4,9.7,0.6,150.2,625.4,230.5
FLAKKEBJERG,2015-05-14,14,05,2015,134,7.3,14.8,10.6,0,155.8,636,230.5
FLAKKEBJERG,2015-05-15,15,05,2015,135,5.7,15,10.7,0,161.5,646.7,230.5
FLAKKEBJERG,2015-05-16,16,05,2015,136,5.9,12,8.3,1.1,164.8,655,231.6
FLAKKEBJERG,2015-05-17,17,05,2015,137,6.2,12.6,8.9,1,168.7,663.9,232.6
FLAKKEBJERG,2015-05-18,18,05,2015,138,6.2,12.3,8.9,10.4,172.6,672.8,243
FLAKKEBJERG,2015-05-19,19,05,2015,139,7.3,13.4,10.4,2.7,178,683.2,245.7
FLAKKEBJERG,2015-05-20,20,05,2015,140,5.9,13.5,10,0,183,693.2,245.7
FLAKKEBJERG,2015-05-21,21,05,2015,141,3.9,13.5,9.2,0.1,187.2,702.4,245.8
FLAKKEBJERG,2015-05-22,22,05,2015,142,5,16,11,0,193.2,713.4,245.8
FLAKKEBJERG,2015-05-23,23,05,2015,143,5.6,12.8,10.2,1.3,198.4,723.6,247.1
FLAKKEBJERG,2015-05-24,24,05,2015,144,3.9,13.5,8.9,0,202.3,732.5,247.1
FLAKKEBJERG,2015-05-25,25,05,2015,145,6.4,13.3,9.6,3,206.9,742.1,250.1
FLAKKEBJERG,2015-05-26,26,05,2015,146,6.1,13.4,9.8,0.1,211.7,751.9,250.2
FLAKKEBJERG,2015-05-27,27,05,2015,147,5.8,13.7,10,0,216.7,761.9,250.2
FLAKKEBJERG,2015-05-28,28,05,2015,148,6,14.7,11.1,0.5,222.8,773,250.7
FLAKKEBJERG,2015-05-29,29,05,2015,149,6.3,14.8,10.9,3.1,228.7,783.9,253.8
FLAKKEBJERG,2015-05-30,30,05,2015,150,7.1,13.6,10.1,2.6,233.8,794,256.4
FLAKKEBJERG,2015-05-31,31,05,2015,151,8.1,15.1,11.5,1.8,240.3,805.5,258.2
FLAKKEBJERG,2015-06-01,01,06,2015,152,7,14.6,11.7,5.5,247,817.2,263.7
FLAKKEBJERG,2015-06-02,02,06,2015,153,8.5,14.3,11.7,8.8,253.7,828.9,272.5
FLAKKEBJERG,2015-06-03,03,06,2015,154,8.6,16,13.3,1.3,262,842.2,273.8
FLAKKEBJERG,2015-06-04,04,06,2015,155,7,16.8,11.8,0,268.8,854,273.8
FLAKKEBJERG,2015-06-05,05,06,2015,156,5.5,19.5,13.5,0,277.3,867.5,273.8
FLAKKEBJERG,2015-06-06,06,06,2015,157,9.4,20.5,15.8,0.2,288.1,883.3,274
FLAKKEBJERG,2015-06-07,07,06,2015,158,9,16.6,12.6,0,295.7,895.9,274
FLAKKEBJERG,2015-06-08,08,06,2015,159,7.8,14.3,11,0,301.7,906.9,274
FLAKKEBJERG,2015-06-09,09,06,2015,160,4.1,18.9,12.2,0,308.9,919.1,274
FLAKKEBJERG,2015-06-10,10,06,2015,161,7.1,18.8,13.8,0,317.7,932.9,274
FLAKKEBJERG,2015-06-11,11,06,2015,162,8.1,16.8,11.8,0,324.5,944.7,274
FLAKKEBJERG,2015-06-12,12,06,2015,163,5.7,21.1,14.5,0,334,959.2,274
FLAKKEBJERG,2015-06-13,13,06,2015,164,8.4,24,16.4,1.2,345.4,975.6,275.2
FLAKKEBJERG,2015-06-14,14,06,2015,165,8.9,15.4,12.9,0,353.3,988.5,275.2
FLAKKEBJERG,2015-06-15,15,06,2015,166,7.5,14.1,10.9,0,359.2,999.4,275.2
FLAKKEBJERG,2015-06-16,16,06,2015,167,7.4,14.7,10.8,0,365,1010.2,275.2
FLAKKEBJERG,2015-06-17,17,06,2015,168,4.5,14.3,10.7,8.6,370.7,1020.9,283.8
FLAKKEBJERG,2015-06-18,18,06,2015,169,10,15.3,12.3,0.5,378,1033.2,284.3
FLAKKEBJERG,2015-06-19,19,06,2015,170,8.9,14.4,11.4,0.4,384.4,1044.6,284.7
FLAKKEBJERG,2015-06-20,20,06,2015,171,8.3,17.9,13.4,0.4,392.8,1058,285.1
FLAKKEBJERG,2015-06-21,21,06,2015,172,9,15.2,12.1,0,399.9,1070.1,285.1
FLAKKEBJERG,2015-06-22,22,06,2015,173,8.7,16.1,12.3,7.6,407.2,1082.4,292.7
FLAKKEBJERG,2015-06-23,23,06,2015,174,6.3,17.4,12.5,0,414.7,1094.9,292.7
FLAKKEBJERG,2015-06-24,24,06,2015,175,10.2,13.4,11.9,0,421.6,1106.8,292.7
FLAKKEBJERG,2015-06-25,25,06,2015,176,8.3,16.3,12.4,0,429,1119.2,292.7
FLAKKEBJERG,2015-06-26,26,06,2015,177,9,17.7,13.7,0.2,437.7,1132.9,292.9
FLAKKEBJERG,2015-06-27,27,06,2015,178,12.6,19,15.8,1.1,448.5,1148.7,294
FLAKKEBJERG,2015-06-28,28,06,2015,179,11.9,19.7,14.8,1.5,458.3,1163.5,295.5
FLAKKEBJERG,2015-06-29,29,06,2015,180,13.1,20.9,16.4,3,469.7,1179.9,298.5
FLAKKEBJERG,2015-06-30,30,06,2015,181,11,20.1,15.6,0,480.3,1195.5,298.5
FLAKKEBJERG,2015-07-01,01,07,2015,182,8.8,23.5,17.2,0,492.5,1212.7,298.5
FLAKKEBJERG,2015-07-02,02,07,2015,183,12.3,24.2,18.8,0,506.3,1231.5,298.5
FLAKKEBJERG,2015-07-03,03,07,2015,184,13.3,27.4,21.2,0,522.5,1252.7,298.5
FLAKKEBJERG,2015-07-04,04,07,2015,185,13.6,29.4,22.3,0,539.8,1275,298.5
FLAKKEBJERG,2015-07-05,05,07,2015,186,15.2,29.8,22.9,3.3,557.7,1297.9,301.8
FLAKKEBJERG,2015-07-06,06,07,2015,187,14,21.1,17.4,1.4,570.1,1315.3,303.2
FLAKKEBJERG,2015-07-07,07,07,2015,188,12.6,22.7,17.3,3,582.4,1332.6,306.2
FLAKKEBJERG,2015-07-08,08,07,2015,189,12.3,18.8,16.1,6.4,593.5,1348.7,312.6
FLAKKEBJERG,2015-07-09,09,07,2015,190,10.3,13.7,11.9,5.3,600.4,1360.6,317.9
FLAKKEBJERG,2015-07-10,10,07,2015,191,8.8,16.3,12.6,0,608,1373.2,317.9
FLAKKEBJERG,2015-07-11,11,07,2015,192,8.1,18.9,13.3,0,616.3,1386.5,317.9
FLAKKEBJERG,2015-07-12,12,07,2015,193,10.2,20.5,15.5,0.4,626.8,1402,318.3
FLAKKEBJERG,2015-07-13,13,07,2015,194,12.7,19.4,15.8,0.5,637.6,1417.8,318.8
FLAKKEBJERG,2015-07-14,14,07,2015,195,8.9,19.9,15.1,0,647.7,1432.9,318.8
FLAKKEBJERG,2015-07-15,15,07,2015,196,10.9,19.4,15,0,657.7,1447.9,318.8
FLAKKEBJERG,2015-07-16,16,07,2015,197,9.6,20.3,15.2,0,667.9,1463.1,318.8
FLAKKEBJERG,2015-07-17,17,07,2015,198,6.5,21.6,15.1,0.2,678,1478.2,319
FLAKKEBJERG,2015-07-18,18,07,2015,199,12.6,22.5,17.8,0,690.8,1496,319
FLAKKEBJERG,2015-07-19,19,07,2015,200,10,18.1,14,7.3,699.8,1510,326.3
FLAKKEBJERG,2015-07-20,20,07,2015,201,8.9,19.5,14.5,0,709.3,1524.5,326.3
FLAKKEBJERG,2015-07-21,21,07,2015,202,10.3,22.5,17.4,1.2,721.7,1541.9,327.5
FLAKKEBJERG,2015-07-22,22,07,2015,203,10.7,24.3,18.1,0,734.8,1560,327.5
FLAKKEBJERG,2015-07-23,23,07,2015,204,12.1,19.5,15.5,0,745.3,1575.5,327.5
FLAKKEBJERG,2015-07-24,24,07,2015,205,7.9,20.5,14.9,0,755.2,1590.4,327.5
FLAKKEBJERG,2015-07-25,25,07,2015,206,13.5,23.3,16,19.1,766.2,1606.4,346.6
FLAKKEBJERG,2015-07-26,26,07,2015,207,11.4,18,14.5,10.3,775.7,1620.9,356.9
FLAKKEBJERG,2015-07-27,27,07,2015,208,11.4,16.4,14.1,2.5,784.8,1635,359.4
FLAKKEBJERG,2015-07-28,28,07,2015,209,13.5,19.1,16,3.3,795.8,1651,362.7
FLAKKEBJERG,2015-07-29,29,07,2015,210,12,17.8,14.6,0.9,805.4,1665.6,363.6
FLAKKEBJERG,2015-07-30,30,07,2015,211,6.4,19.8,13.9,0.5,814.3,1679.5,364.1
FLAKKEBJERG,2015-07-31,31,07,2015,212,9.8,17,13.6,0,822.9,1693.1,364.1
FLAKKEBJERG,2015-08-01,01,08,2015,213,6,18.7,13.5,0,831.4,1706.6,364.1
FLAKKEBJERG,2015-08-02,02,08,2015,214,8,22.8,16.2,0,842.6,1722.8,364.1
FLAKKEBJERG,2015-08-03,03,08,2015,215,9,24.6,17.6,0,855.2,1740.4,364.1
FLAKKEBJERG,2015-08-04,04,08,2015,216,15.4,28.3,20.9,8.6,871.1,1761.3,372.7
FLAKKEBJERG,2015-08-05,05,08,2015,217,12.7,22.4,17.8,0.1,883.9,1779.1,372.8
FLAKKEBJERG,2015-08-06,06,08,2015,218,10.9,26.5,19.1,0,898,1798.2,372.8
FLAKKEBJERG,2015-08-07,07,08,2015,219,13.9,24.7,19.4,0.8,912.4,1817.6,373.6
FLAKKEBJERG,2015-08-08,08,08,2015,220,11,21.1,16.7,0,924.1,1834.3,373.6
FLAKKEBJERG,2015-08-09,09,08,2015,221,7.4,23.4,16.1,0,935.2,1850.4,373.6
FLAKKEBJERG,2015-08-10,10,08,2015,222,11,25.5,18.1,1.8,948.3,1868.5,375.4
FLAKKEBJERG,2015-08-11,11,08,2015,223,13.4,24.5,18.5,11.5,961.8,1887,386.9
FLAKKEBJERG,2015-08-12,12,08,2015,224,11.7,21.1,17.3,0,974.1,1904.3,386.9
FLAKKEBJERG,2015-08-13,13,08,2015,225,8.1,23.8,16.6,0,985.7,1920.9,386.9
FLAKKEBJERG,2015-08-14,14,08,2015,226,15.7,25.3,19.6,0,1000.3,1940.5,386.9
FLAKKEBJERG,2015-08-15,15,08,2015,227,16.9,22.1,18.8,2.3,1014.1,1959.3,389.2
FLAKKEBJERG,2015-08-16,16,08,2015,228,14.9,23.9,19.2,2.8,1028.3,1978.5,392
FLAKKEBJERG,2015-08-17,17,08,2015,229,15.9,26.1,20.3,0,1043.6,1998.8,392
FLAKKEBJERG,2015-08-18,18,08,2015,230,15.7,24.7,19.2,0,1057.8,2018,392
FLAKKEBJERG,2015-08-19,19,08,2015,231,14,25,18.9,0,1071.7,2036.9,392
FLAKKEBJERG,2015-08-20,20,08,2015,232,11.9,25.2,17.9,0,1084.6,2054.8,392
FLAKKEBJERG,2015-08-21,21,08,2015,233,10.6,25.7,18,0,1097.6,2072.8,392
FLAKKEBJERG,2015-08-22,22,08,2015,234,10.6,23.9,17.6,0,1110.2,2090.4,392
FLAKKEBJERG,2015-08-23,23,08,2015,235,13.4,24,18.4,0,1123.6,2108.8,392
FLAKKEBJERG,2015-08-24,24,08,2015,236,14.1,21.4,17.4,3,1136,2126.2,395
FLAKKEBJERG,2015-08-25,25,08,2015,237,13.5,20.7,17.7,3.6,1148.7,2143.9,398.6
FLAKKEBJERG,2015-08-26,26,08,2015,238,12.9,21.2,17.6,0,1161.3,2161.5,398.6
FLAKKEBJERG,2015-08-27,27,08,2015,239,14.5,20.6,17.7,13,1174,2179.2,411.6
FLAKKEBJERG,2015-08-28,28,08,2015,240,12.6,20.3,16,3.7,1185,2195.2,415.3
FLAKKEBJERG,2015-08-29,29,08,2015,241,11.3,20.6,16.5,0,1196.5,2211.7,415.3
FLAKKEBJERG,2015-08-30,30,08,2015,242,14.2,20.8,17.3,0,1208.8,2229,415.3
FLAKKEBJERG,2015-08-31,31,08,2015,243,15.5,19.3,17,6.9,1220.8,2246,422.2
FLAKKEBJERG,2015-09-01,01,09,2015,244,14.8,20.6,17.2,0.1,1233,2263.2,422.3
FLAKKEBJERG,2015-09-02,02,09,2015,245,13.4,19.8,15.7,0,1243.7,2278.9,422.3
FLAKKEBJERG,2015-09-03,03,09,2015,246,10.2,18.2,14.6,0,1253.3,2293.5,422.3
FLAKKEBJERG,2015-09-04,04,09,2015,247,9.6,17.7,13.7,4.7,1262,2307.2,427
FLAKKEBJERG,2015-09-05,05,09,2015,248,11.4,15.6,13.5,8.9,1270.5,2320.7,435.9
FLAKKEBJERG,2015-09-06,06,09,2015,249,10.6,16.9,13.6,9.6,1279.1,2334.3,445.5
FLAKKEBJERG,2015-09-07,07,09,2015,250,8.5,16.7,13,0,1287.1,2347.3,445.5
FLAKKEBJERG,2015-09-08,08,09,2015,251,7.6,17.3,13,0,1295.1,2360.3,445.5
FLAKKEBJERG,2015-09-09,09,09,2015,252,5.9,18.7,12.4,0,1302.5,2372.7,445.5
FLAKKEBJERG,2015-09-10,10,09,2015,253,7.2,18.4,13.1,0,1310.6,2385.8,445.5
FLAKKEBJERG,2015-09-11,11,09,2015,254,11.8,18.5,14.6,14.1,1320.2,2400.4,459.6
FLAKKEBJERG,2015-09-12,12,09,2015,255,12.9,17.8,14.8,0.8,1330,2415.2,460.4
FLAKKEBJERG,2015-09-13,13,09,2015,256,14.2,16.2,15.2,6.2,1340.2,2430.4,466.6
FLAKKEBJERG,2015-09-14,14,09,2015,257,15,19.7,16.4,5.8,1351.6,2446.8,472.4
FLAKKEBJERG,2015-09-15,15,09,2015,258,11,15.7,13.7,7.2,1360.3,2460.5,479.6
FLAKKEBJERG,2015-09-16,16,09,2015,259,12.1,16.7,14.5,3.5,1369.8,2475,483.1
FLAKKEBJERG,2015-09-17,17,09,2015,260,13.9,19,16.6,0.4,1381.4,2491.6,483.5
FLAKKEBJERG,2015-09-18,18,09,2015,261,12.1,17,14.7,3.1,1391.1,2506.3,486.6
FLAKKEBJERG,2015-09-19,19,09,2015,262,11.6,17.1,13.9,0.1,1400,2520.2,486.7
FLAKKEBJERG,2015-09-20,20,09,2015,263,9.1,16.4,12.8,0.6,1407.8,2533,487.3
FLAKKEBJERG,2015-09-21,21,09,2015,264,8.4,15.2,11.8,0.9,1414.6,2544.8,488.2
FLAKKEBJERG,2015-09-22,22,09,2015,265,12.3,14.9,13.5,2.4,1423.1,2558.3,490.6
FLAKKEBJERG,2015-09-23,23,09,2015,266,10.4,14.9,13,0.3,1431.1,2571.3,490.9
FLAKKEBJERG,2015-09-24,24,09,2015,267,10.9,16.3,13.5,0.6,1439.6,2584.8,491.5
FLAKKEBJERG,2015-09-25,25,09,2015,268,9.6,15.6,12.7,1.1,1447.3,2597.5,492.6
FLAKKEBJERG,2015-09-26,26,09,2015,269,7.1,15.4,11.4,0,1453.7,2608.9,492.6
FLAKKEBJERG,2015-09-27,27,09,2015,270,6.5,16.8,11.5,0,1460.2,2620.4,492.6
FLAKKEBJERG,2015-09-28,28,09,2015,271,4.6,17.3,10.7,0,1465.9,2631.1,492.6
FLAKKEBJERG,2015-09-29,29,09,2015,272,5.9,17.7,11,0,1471.9,2642.1,492.6
FLAKKEBJERG,2015-09-30,30,09,2015,273,4,16.2,10.1,0,1477,2652.2,492.6
FLAKKEBJERG,2015-10-01,01,10,2015,274,6.9,15.4,11.2,0,1483.2,2663.4,492.6
FLAKKEBJERG,2015-10-02,02,10,2015,275,8.6,18.1,12.6,0,1490.8,2676,492.6
FLAKKEBJERG,2015-10-03,03,10,2015,276,5,16.2,10.3,0,1496.1,2686.3,492.6
FLAKKEBJERG,2015-10-04,04,10,2015,277,6.5,14.7,9.9,0,1501,2696.2,492.6
FLAKKEBJERG,2015-10-05,05,10,2015,278,6.6,16.6,11.6,0,1507.6,2707.8,492.6
FLAKKEBJERG,2015-10-06,06,10,2015,279,11.8,15.6,13.2,0.1,1515.8,2721,492.7
FLAKKEBJERG,2015-10-07,07,10,2015,280,10.4,13,11.9,0.4,1522.7,2732.9,493.1
FLAKKEBJERG,2015-10-08,08,10,2015,281,7.9,10.5,8.8,5,1526.5,2741.7,498.1
FLAKKEBJERG,2015-10-09,09,10,2015,282,6.8,11.7,9.4,0,1530.9,2751.1,498.1
FLAKKEBJERG,2015-10-10,10,10,2015,283,5,11.1,7.6,0,1533.5,2758.7,498.1
FLAKKEBJERG,2015-10-11,11,10,2015,284,6,9.8,7.9,0.1,1536.4,2766.6,498.2
FLAKKEBJERG,2015-10-12,12,10,2015,285,5.6,9.7,7.1,0,1538.5,2773.7,498.2
FLAKKEBJERG,2015-10-13,13,10,2015,286,5.8,8.5,6.9,0.8,1540.4,2780.6,499
FLAKKEBJERG,2015-10-14,14,10,2015,287,6.7,8.7,7.7,0.1,1543.1,2788.3,499.1
FLAKKEBJERG,2015-10-15,15,10,2015,288,7.6,11.6,9.4,2.1,1547.5,2797.7,501.2
FLAKKEBJERG,2015-10-16,16,10,2015,289,8,9.9,8.7,3.6,1551.2,2806.4,504.8
FLAKKEBJERG,2015-10-17,17,10,2015,290,8.4,10.3,9.5,1.5,1555.7,2815.9,506.3
FLAKKEBJERG,2015-10-18,18,10,2015,291,6.6,10.4,9.6,2,1560.3,2825.5,508.3
FLAKKEBJERG,2015-10-19,19,10,2015,292,3.4,12,7.9,0,1563.2,2833.4,508.3
FLAKKEBJERG,2015-10-20,20,10,2015,293,5.5,9.9,8.2,0,1566.4,2841.6,508.3
FLAKKEBJERG,2015-10-21,21,10,2015,294,7.3,11.6,9.6,0.6,1571,2851.2,508.9
FLAKKEBJERG,2015-10-22,22,10,2015,295,9.9,12.9,10.9,0.1,1576.9,2862.1,509
FLAKKEBJERG,2015-10-23,23,10,2015,296,7.3,13.2,11,0,1582.9,2873.1,509
FLAKKEBJERG,2015-10-24,24,10,2015,297,5.7,11.7,9.6,0,1587.5,2882.7,509
FLAKKEBJERG,2015-10-25,25,10,2015,298,5,12.5,9.8,0.1,1592.3,2892.5,509.1
FLAKKEBJERG,2015-10-26,26,10,2015,299,0.8,11.7,6.4,0,1593.7,2898.9,509.1
FLAKKEBJERG,2015-10-27,27,10,2015,300,2.3,11.4,6.9,0,1595.6,2905.8,509.1
FLAKKEBJERG,2015-10-28,28,10,2015,301,6.3,12.5,9.3,0,1599.9,2915.1,509.1
FLAKKEBJERG,2015-10-29,29,10,2015,302,3.9,10.8,7.9,0,1602.8,2923,509.1
FLAKKEBJERG,2015-10-30,30,10,2015,303,6.8,10.4,8.2,0,1606,2931.2,509.1
FLAKKEBJERG,2015-10-31,31,10,2015,304,5.4,12.9,9,0,1610,2940.2,509.1
FLAKKEBJERG,2015-11-01,01,11,2015,305,4.2,10.7,8.9,0,1613.9,2949.1,509.1
FLAKKEBJERG,2015-11-02,02,11,2015,306,7.7,10.7,9.3,0,1618.2,2958.4,509.1
FLAKKEBJERG,2015-11-03,03,11,2015,307,4.7,8.2,6.3,0,1619.5,2964.7,509.1
FLAKKEBJERG,2015-11-04,04,11,2015,308,4.2,6.7,5.5,0,1620,2970.2,509.1
FLAKKEBJERG,2015-11-05,05,11,2015,309,5.8,11.1,8.8,0.3,1623.8,2979,509.4
FLAKKEBJERG,2015-11-06,06,11,2015,310,8.1,12.2,10.8,7.3,1629.6,2989.8,516.7
FLAKKEBJERG,2015-11-07,07,11,2015,311,11.6,14.8,12.9,10.1,1637.5,3002.7,526.8
FLAKKEBJERG,2015-11-08,08,11,2015,312,7.9,12.8,10.8,0,1643.3,3013.5,526.8
FLAKKEBJERG,2015-11-09,09,11,2015,313,10.3,12.8,11.2,2.1,1649.5,3024.7,528.9
FLAKKEBJERG,2015-11-10,10,11,2015,314,11.6,15.2,13.5,1.2,1658,3038.2,530.1
FLAKKEBJERG,2015-11-11,11,11,2015,315,11.5,14.1,12.9,1.1,1665.9,3051.1,531.2
FLAKKEBJERG,2015-11-12,12,11,2015,316,7.5,13.1,11.1,0.7,1672,3062.2,531.9
FLAKKEBJERG,2015-11-13,13,11,2015,317,6.3,12.2,9.6,2.6,1676.6,3071.8,534.5
FLAKKEBJERG,2015-11-14,14,11,2015,318,5.5,9.7,7.3,5.6,1678.9,3079.1,540.1
FLAKKEBJERG,2015-11-15,15,11,2015,319,0.9,8.9,6.2,0.6,1680.1,3085.3,540.7
FLAKKEBJERG,2015-11-16,16,11,2015,320,0.8,12.1,8.7,9.2,1683.8,3094,549.9
FLAKKEBJERG,2015-11-17,17,11,2015,321,6.4,10.6,8.8,10.5,1687.6,3102.8,560.4
FLAKKEBJERG,2015-11-18,18,11,2015,322,8.3,12.6,10.1,11.3,1692.7,3112.9,571.7
FLAKKEBJERG,2015-11-19,19,11,2015,323,7.1,10.7,9,5.3,1696.7,3121.9,577
FLAKKEBJERG,2015-11-20,20,11,2015,324,2.1,8.2,5.7,2.7,1697.4,3127.6,579.7
FLAKKEBJERG,2015-11-21,21,11,2015,325,-0.1,2.4,1.4,1.9,1697.4,3129,581.6
FLAKKEBJERG,2015-11-22,22,11,2015,326,-0.1,2.1,0.8,17.4,1697.4,3129.8,599
FLAKKEBJERG,2015-11-23,23,11,2015,327,-3.4,4.5,1.3,2.2,1697.4,3131.1,601.2
FLAKKEBJERG,2015-11-24,24,11,2015,328,2.8,5.5,4.3,4.4,1697.4,3135.4,605.6
FLAKKEBJERG,2015-11-25,25,11,2015,329,2.9,5.6,4.2,1.5,1697.4,3139.6,607.1
FLAKKEBJERG,2015-11-26,26,11,2015,330,0.6,6.7,3.8,0.1,1697.4,3143.4,607.2
FLAKKEBJERG,2015-11-27,27,11,2015,331,2.1,6.8,5.6,0,1698,3149,607.2
FLAKKEBJERG,2015-11-28,28,11,2015,332,3.4,6.5,4.8,6.1,1698,3153.8,613.3
FLAKKEBJERG,2015-11-29,29,11,2015,333,4.4,9.6,6.8,6.8,1699.8,3160.6,620.1
FLAKKEBJERG,2015-11-30,30,11,2015,334,3,6.6,5.2,1.3,1700,3165.8,621.4
FLAKKEBJERG,2015-12-01,01,12,2015,335,4,7,5.3,0,1700.3,3171.1,621.4
FLAKKEBJERG,2015-12-02,02,12,2015,336,4.6,9.8,7.8,1.4,1703.1,3178.9,622.8
FLAKKEBJERG,2015-12-03,03,12,2015,337,7.5,9.3,8.3,2,1706.4,3187.2,624.8
FLAKKEBJERG,2015-12-04,04,12,2015,338,6.3,9.2,7.9,10,1709.3,3195.1,634.8
FLAKKEBJERG,2015-12-05,05,12,2015,339,7.8,9,8.5,0,1712.8,3203.6,634.8
FLAKKEBJERG,2015-12-06,06,12,2015,340,7.6,10.8,8.9,0.1,1716.7,3212.5,634.9
FLAKKEBJERG,2015-12-07,07,12,2015,341,1.1,7.9,5.3,0,1717,3217.8,634.9
FLAKKEBJERG,2015-12-08,08,12,2015,342,4.8,9.3,7.6,0.6,1719.6,3225.4,635.5
FLAKKEBJERG,2015-12-09,09,12,2015,343,5.8,8.7,7.4,0.7,1722,3232.8,636.2
FLAKKEBJERG,2015-12-10,10,12,2015,344,6.1,7.2,6.7,1.3,1723.7,3239.5,637.5
FLAKKEBJERG,2015-12-11,11,12,2015,345,3.8,6.7,5.5,4,1724.2,3245,641.5
FLAKKEBJERG,2015-12-12,12,12,2015,346,3.4,6.5,4.9,5.1,1724.2,3249.9,646.6
FLAKKEBJERG,2015-12-13,13,12,2015,347,-0.4,5.5,3.1,3.8,1724.2,3253,650.4
FLAKKEBJERG,2015-12-14,14,12,2015,348,-1.7,3.9,1.7,16,1724.2,3254.7,666.4
FLAKKEBJERG,2015-12-15,15,12,2015,349,2.1,4.1,3.2,3,1724.2,3257.9,669.4
FLAKKEBJERG,2015-12-16,16,12,2015,350,1.3,6.2,3.9,0.6,1724.2,3261.8,670
FLAKKEBJERG,2015-12-17,17,12,2015,351,6,10.1,8.8,1.3,1728,3270.6,671.3
FLAKKEBJERG,2015-12-18,18,12,2015,352,8.5,10.5,9.3,0.2,1732.3,3279.9,671.5
FLAKKEBJERG,2015-12-19,19,12,2015,353,8.5,10.5,9.3,0,1736.6,3289.2,671.5
FLAKKEBJERG,2015-12-20,20,12,2015,354,8.4,10.8,9.8,0,1741.4,3299,671.5
FLAKKEBJERG,2015-12-21,21,12,2015,355,7.2,10.4,8.8,7,1745.2,3307.8,678.5
FLAKKEBJERG,2015-12-22,22,12,2015,356,6.8,11.4,9.1,1.8,1749.3,3316.9,680.3
FLAKKEBJERG,2015-12-23,23,12,2015,357,6.5,10.8,9,3.6,1753.3,3325.9,683.9
FLAKKEBJERG,2015-12-24,24,12,2015,358,5.2,10.2,7,0,1755.3,3332.9,683.9
FLAKKEBJERG,2015-12-25,25,12,2015,359,6.1,9.6,7,1.4,1757.3,3339.9,685.3
FLAKKEBJERG,2015-12-26,26,12,2015,360,4,6.3,4.9,51,1757.3,3344.8,736.3
FLAKKEBJERG,2015-12-27,27,12,2015,361,4.9,10.1,7.9,2.3,1760.2,3352.7,738.6
FLAKKEBJERG,2015-12-28,28,12,2015,362,0,7,3.9,0,1760.2,3356.6,738.6
FLAKKEBJERG,2015-12-29,29,12,2015,363,2.3,4.2,3.3,0,1760.2,3359.9,738.6
FLAKKEBJERG,2015-12-30,30,12,2015,364,0.9,4.3,2.6,0,1760.2,3362.5,738.6
FLAKKEBJERG,2015-12-31,31,12,2015,365,-0.1,4.3,1.6,1,1760.2,3364.1,739.6
FLAKKEBJERG,2016-01-01,01,01,2016,1,1.7,4.7,3.5,0,0,3.5,0
FLAKKEBJERG,2016-01-02,02,01,2016,2,-3.6,3.4,-0.8,0.2,0,3.5,0.2
FLAKKEBJERG,2016-01-03,03,01,2016,3,-5.5,-3.1,-4,0,0,3.5,0.2
FLAKKEBJERG,2016-01-04,04,01,2016,4,-5.7,-0.8,-2.9,0,0,3.5,0.2
FLAKKEBJERG,2016-01-05,05,01,2016,5,-4.8,-1.4,-3,0.1,0,3.5,0.30000000000000004
FLAKKEBJERG,2016-01-06,06,01,2016,6,-5.4,-1.8,-3.5,0.1,0,3.5,0.4
FLAKKEBJERG,2016-01-07,07,01,2016,7,-3.4,-1,-2,0.1,0,3.5,0.5
FLAKKEBJERG,2016-01-08,08,01,2016,8,-1.9,1.6,0,2.5,0,3.5,3
FLAKKEBJERG,2016-01-09,09,01,2016,9,-2,2.4,0.9,0.1,0,4.4,3.1
FLAKKEBJERG,2016-01-10,10,01,2016,10,-0.3,2,0.6,6.8,0,5,9.9
FLAKKEBJERG,2016-01-11,11,01,2016,11,-0.6,2,0.9,0.1,0,5.9,10
FLAKKEBJERG,2016-01-12,12,01,2016,12,-0.1,1.9,1.1,7,0,7,17
FLAKKEBJERG,2016-01-13,13,01,2016,13,-2.9,0.6,-1.1,6.6,0,7,23.599999999999998
FLAKKEBJERG,2016-01-14,14,01,2016,14,-1.5,1.8,0.1,1.1,0,7.1,24.7
FLAKKEBJERG,2016-01-15,15,01,2016,15,-6.9,0.5,-2,0,0,7.1,24.7
FLAKKEBJERG,2016-01-16,16,01,2016,16,-6.1,-0.8,-2.9,0.4,0,7.1,25.099999999999998
FLAKKEBJERG,2016-01-17,17,01,2016,17,-8.8,-2,-5,0,0,7.1,25.099999999999998
FLAKKEBJERG,2016-01-18,18,01,2016,18,-10.2,0.5,-2.8,0.3,0,7.1,25.4
FLAKKEBJERG,2016-01-19,19,01,2016,19,-4.8,0.6,-1.4,0,0,7.1,25.4
FLAKKEBJERG,2016-01-20,20,01,2016,20,-7.5,-1.6,-3.1,0,0,7.1,25.4
FLAKKEBJERG,2016-01-21,21,01,2016,21,-8.9,-1.1,-4.2,0,0,7.1,25.4
FLAKKEBJERG,2016-01-22,22,01,2016,22,-4.4,-1.7,-2.8,0,0,7.1,25.4
FLAKKEBJERG,2016-01-23,23,01,2016,23,-3.6,2.2,-1,2.2,0,7.1,27.6
FLAKKEBJERG,2016-01-24,24,01,2016,24,0.9,3,1.9,5.1,0,9,32.7
FLAKKEBJERG,2016-01-25,25,01,2016,25,2.4,5.8,4.3,0.2,0,13.3,32.9
FLAKKEBJERG,2016-01-26,26,01,2016,26,3.9,6.6,5.4,0.2,0.4,18.7,33.1
FLAKKEBJERG,2016-01-27,27,01,2016,27,5.8,8.8,7.5,1.6,2.9,26.2,34.7
FLAKKEBJERG,2016-01-28,28,01,2016,28,4.1,8.4,5.5,0,3.4,31.7,34.7
FLAKKEBJERG,2016-01-29,29,01,2016,29,3.3,8.4,5.6,0.5,4,37.3,35.2
FLAKKEBJERG,2016-01-30,30,01,2016,30,1.7,7.3,5.4,7.5,4.4,42.7,42.7
FLAKKEBJERG,2016-01-31,31,01,2016,31,1.2,4.4,2.6,3.5,4.4,45.3,46.2
FLAKKEBJERG,2016-02-01,01,02,2016,32,0,8.9,3.1,2.2,4.4,48.4,48.4
FLAKKEBJERG,2016-02-02,02,02,2016,33,4.9,7.7,6.2,0.3,5.6,54.6,48.7
FLAKKEBJERG,2016-02-03,03,02,2016,34,2.2,6.5,4.5,0.4,5.6,59.1,49.1
FLAKKEBJERG,2016-02-04,04,02,2016,35,0.8,4.8,2.5,0,5.6,61.6,49.1
FLAKKEBJERG,2016-02-05,05,02,2016,36,0.6,6.1,2.9,2.5,5.6,64.5,51.6
FLAKKEBJERG,2016-02-06,06,02,2016,37,5.4,7.5,6.6,0.5,7.2,71.1,52.1
FLAKKEBJERG,2016-02-07,07,02,2016,38,4.7,8.8,6.1,0,8.3,77.2,52.1
FLAKKEBJERG,2016-02-08,08,02,2016,39,4.1,7,5.4,5.4,8.7,82.6,57.5
FLAKKEBJERG,2016-02-09,09,02,2016,40,3.3,6.2,4.9,4.5,8.7,87.5,62
FLAKKEBJERG,2016-02-10,10,02,2016,41,1.5,4,3.1,9.8,8.7,90.6,71.8
FLAKKEBJERG,2016-02-11,11,02,2016,42,-1.1,5,3,0.1,8.7,93.6,71.9
FLAKKEBJERG,2016-02-12,12,02,2016,43,-1.2,2.3,0.3,0,8.7,93.9,71.9
FLAKKEBJERG,2016-02-13,13,02,2016,44,-1.9,1.5,-0.6,0.5,8.7,93.9,72.4
FLAKKEBJERG,2016-02-14,14,02,2016,45,0,3.4,1.2,0,8.7,95.1,72.4
FLAKKEBJERG,2016-02-15,15,02,2016,46,-3.1,0.8,-0.5,0,8.7,95.1,72.4
FLAKKEBJERG,2016-02-16,16,02,2016,47,-4.6,2.9,-0.9,0,8.7,95.1,72.4
FLAKKEBJERG,2016-02-17,17,02,2016,48,-1.6,1.8,0,0,8.7,95.1,72.4
FLAKKEBJERG,2016-02-18,18,02,2016,49,-0.6,2.2,0.3,0.3,8.7,95.4,72.7
FLAKKEBJERG,2016-02-19,19,02,2016,50,-1,1.7,0.7,0,8.7,96.1,72.7
FLAKKEBJERG,2016-02-20,20,02,2016,51,0.1,5.4,2.9,6,8.7,99,78.7
FLAKKEBJERG,2016-02-21,21,02,2016,52,3.3,6.5,4.5,5.4,8.7,103.5,84.1
FLAKKEBJERG,2016-02-22,22,02,2016,53,3,6.7,4.3,0.9,8.7,107.8,85
FLAKKEBJERG,2016-02-23,23,02,2016,54,2.5,6.6,3.9,0.7,8.7,111.7,85.7
FLAKKEBJERG,2016-02-24,24,02,2016,55,0.4,5.2,2.4,0,8.7,114.1,85.7
FLAKKEBJERG,2016-02-25,25,02,2016,56,0,4.3,1.8,0,8.7,115.9,85.7
FLAKKEBJERG,2016-02-26,26,02,2016,57,-0.1,5.3,2.1,0,8.7,118,85.7
FLAKKEBJERG,2016-02-27,27,02,2016,58,-3.8,1.8,-0.6,0,8.7,118,85.7
FLAKKEBJERG,2016-02-28,28,02,2016,59,-2,1.3,-0.4,0,8.7,118,85.7
FLAKKEBJERG,2016-02-29,29,02,2016,60,-1.2,4.2,0.5,0,8.7,118.5,85.7
FLAKKEBJERG,2016-03-01,01,03,2016,61,-0.3,2.2,0.9,0.2,8.7,119.4,85.9
FLAKKEBJERG,2016-03-02,02,03,2016,62,-0.2,5,2.3,18,8.7,121.7,103.9
FLAKKEBJERG,2016-03-03,03,03,2016,63,-0.3,6.3,2.5,0.9,8.7,124.2,104.8
FLAKKEBJERG,2016-03-04,04,03,2016,64,0.9,3.2,1.8,0,8.7,126,104.8
FLAKKEBJERG,2016-03-05,05,03,2016,65,1.5,3.9,2.8,9,8.7,128.8,113.8
FLAKKEBJERG,2016-03-06,06,03,2016,66,-0.1,3,1.3,10.3,8.7,130.1,124.10000000000001
FLAKKEBJERG,2016-03-07,07,03,2016,67,1.5,4.9,2.8,0,8.7,132.9,124.10000000000001
FLAKKEBJERG,2016-03-08,08,03,2016,68,-0.1,3.7,2,0.2,8.7,134.9,124.3
FLAKKEBJERG,2016-03-09,09,03,2016,69,-0.1,6.3,2.7,0,8.7,137.6,124.3
FLAKKEBJERG,2016-03-10,10,03,2016,70,0.3,5.6,2.5,0,8.7,140.1,124.3
FLAKKEBJERG,2016-03-11,11,03,2016,71,-1.5,5.4,1.6,0,8.7,141.7,124.3
FLAKKEBJERG,2016-03-12,12,03,2016,72,-2,3.8,0.1,0.2,8.7,141.8,124.5
FLAKKEBJERG,2016-03-13,13,03,2016,73,-2.9,3.3,-0.6,0,8.7,141.8,124.5
FLAKKEBJERG,2016-03-14,14,03,2016,74,1.5,4.4,3.3,0,8.7,145.1,124.5
FLAKKEBJERG,2016-03-15,15,03,2016,75,0.2,8.9,4.4,0,8.7,149.5,124.5
FLAKKEBJERG,2016-03-16,16,03,2016,76,-1.1,7.7,2.6,0,8.7,152.1,124.5
FLAKKEBJERG,2016-03-17,17,03,2016,77,-0.8,10,4.5,0,8.7,156.6,124.5
FLAKKEBJERG,2016-03-18,18,03,2016,78,-1.3,10.1,3.9,0,8.7,160.5,124.5
FLAKKEBJERG,2016-03-19,19,03,2016,79,-2,7.6,3,0,8.7,163.5,124.5
FLAKKEBJERG,2016-03-20,20,03,2016,80,2.4,8.6,5.1,0,8.8,168.6,124.5
FLAKKEBJERG,2016-03-21,21,03,2016,81,3.3,9.7,5.9,0.2,9.7,174.5,124.7
FLAKKEBJERG,2016-03-22,22,03,2016,82,4.2,6.8,5.5,0.1,10.2,180,124.8
FLAKKEBJERG,2016-03-23,23,03,2016,83,0.8,7.8,4.2,0,10.2,184.2,124.8
FLAKKEBJERG,2016-03-24,24,03,2016,84,-1.9,7.5,3.7,0.5,10.2,187.9,125.3
FLAKKEBJERG,2016-03-25,25,03,2016,85,3.6,7.2,5.5,0.6,10.7,193.4,125.9
FLAKKEBJERG,2016-03-26,26,03,2016,86,1,8,4.6,0,10.7,198,125.9
FLAKKEBJERG,2016-03-27,27,03,2016,87,4.7,9.4,6.6,2.8,12.3,204.6,128.7
FLAKKEBJERG,2016-03-28,28,03,2016,88,4.5,10.9,7.4,1.6,14.7,212,130.3
FLAKKEBJERG,2016-03-29,29,03,2016,89,3.6,10.4,6.4,1.4,16.1,218.4,131.7
FLAKKEBJERG,2016-03-30,30,03,2016,90,2.4,8.6,5.2,3.5,16.3,223.6,135.2
FLAKKEBJERG,2016-03-31,31,03,2016,91,2.5,9.8,5.7,0,17,229.3,135.2
FLAKKEBJERG,2016-04-01,01,04,2016,92,0.1,8.6,4.3,0,17,233.6,135.2
FLAKKEBJERG,2016-04-02,02,04,2016,93,3.9,12,7.7,0,19.7,241.3,135.2
FLAKKEBJERG,2016-04-03,03,04,2016,94,3.6,14.4,8.4,0,23.1,249.7,135.2
FLAKKEBJERG,2016-04-04,04,04,2016,95,3.4,15.9,9.3,0,27.4,259,135.2
FLAKKEBJERG,2016-04-05,05,04,2016,96,5.1,10.1,7.8,6.9,30.2,266.8,142.1
FLAKKEBJERG,2016-04-06,06,04,2016,97,6.3,11.3,7.9,3.3,33.1,274.7,145.4
FLAKKEBJERG,2016-04-07,07,04,2016,98,5,8.7,6.6,1.1,34.7,281.3,146.5
FLAKKEBJERG,2016-04-08,08,04,2016,99,3.3,10.1,6.7,0.6,36.4,288,147.1
FLAKKEBJERG,2016-04-09,09,04,2016,100,1.4,11.3,6.2,0,37.6,294.2,147.1
FLAKKEBJERG,2016-04-10,10,04,2016,101,1.3,11.2,5.8,0,38.4,300,147.1
FLAKKEBJERG,2016-04-11,11,04,2016,102,1.2,12.8,6.9,0,40.3,306.9,147.1
FLAKKEBJERG,2016-04-12,12,04,2016,103,3.9,8.7,6.4,6.3,41.7,313.3,153.4
FLAKKEBJERG,2016-04-13,13,04,2016,104,3.8,11.9,7.8,0,44.5,321.1,153.4
FLAKKEBJERG,2016-04-14,14,04,2016,105,3.7,10.9,7,0,46.5,328.1,153.4
FLAKKEBJERG,2016-04-15,15,04,2016,106,4.8,11.2,7.7,2.4,49.2,335.8,155.8
FLAKKEBJERG,2016-04-16,16,04,2016,107,5.6,12.5,8.7,0.1,52.9,344.5,155.9
FLAKKEBJERG,2016-04-17,17,04,2016,108,4.7,10.7,7.2,0,55.1,351.7,155.9
FLAKKEBJERG,2016-04-18,18,04,2016,109,3.6,9.5,6.6,0,56.7,358.3,155.9
FLAKKEBJERG,2016-04-19,19,04,2016,110,5.8,11.1,7.9,0,59.6,366.2,155.9
FLAKKEBJERG,2016-04-20,20,04,2016,111,4.4,11.5,7.5,0,62.1,373.7,155.9
FLAKKEBJERG,2016-04-21,21,04,2016,112,2.9,10.2,6.9,0,64,380.6,155.9
FLAKKEBJERG,2016-04-22,22,04,2016,113,4.3,11.5,7.5,0,66.5,388.1,155.9
FLAKKEBJERG,2016-04-23,23,04,2016,114,0.6,9.2,4.7,0.1,66.5,392.8,156
FLAKKEBJERG,2016-04-24,24,04,2016,115,0.5,6.1,2.6,7.9,66.5,395.4,163.9
FLAKKEBJERG,2016-04-25,25,04,2016,116,-0.6,7.2,3.4,1.9,66.5,398.8,165.8
FLAKKEBJERG,2016-04-26,26,04,2016,117,1.8,7.5,3.8,6.2,66.5,402.6,172
FLAKKEBJERG,2016-04-27,27,04,2016,118,0.2,6.8,3.6,5.5,66.5,406.2,177.5
FLAKKEBJERG,2016-04-28,28,04,2016,119,2.7,8.9,5.2,0.3,66.7,411.4,177.8
FLAKKEBJERG,2016-04-29,29,04,2016,120,2.3,10.8,6.6,0,68.3,418,177.8
FLAKKEBJERG,2016-04-30,30,04,2016,121,4.9,10.8,7.5,0.5,70.8,425.5,178.3
FLAKKEBJERG,2016-05-01,01,05,2016,122,3.9,13.4,8.6,0,74.4,434.1,178.3
FLAKKEBJERG,2016-05-02,02,05,2016,123,0.4,16.3,9.4,0,78.8,443.5,178.3
FLAKKEBJERG,2016-05-03,03,05,2016,124,6.6,13.7,10.1,0.6,83.9,453.6,178.9
FLAKKEBJERG,2016-05-04,04,05,2016,125,3.9,13.5,8.8,0,87.7,462.4,178.9
FLAKKEBJERG,2016-05-05,05,05,2016,126,1.5,15.9,9.9,0,92.6,472.3,178.9
FLAKKEBJERG,2016-05-06,06,05,2016,127,5.2,19.4,12.7,0,100.3,485,178.9
FLAKKEBJERG,2016-05-07,07,05,2016,128,7.9,21.8,14.9,0,110.2,499.9,178.9
FLAKKEBJERG,2016-05-08,08,05,2016,129,8.8,22.8,16.4,0,121.6,516.3,178.9
FLAKKEBJERG,2016-05-09,09,05,2016,130,11.3,22.8,16.7,0,133.3,533,178.9
FLAKKEBJERG,2016-05-10,10,05,2016,131,11,23.3,16.8,0,145.1,549.8,178.9
FLAKKEBJERG,2016-05-11,11,05,2016,132,11,22.5,15.8,0,155.9,565.6,178.9
FLAKKEBJERG,2016-05-12,12,05,2016,133,7.6,19.4,13.7,0,164.6,579.3,178.9
FLAKKEBJERG,2016-05-13,13,05,2016,134,3.5,19.3,12.3,0,171.9,591.6,178.9
FLAKKEBJERG,2016-05-14,14,05,2016,135,5.2,12.9,9.9,0.1,176.8,601.5,179
FLAKKEBJERG,2016-05-15,15,05,2016,136,5,11.2,8.2,7,180,609.7,186
FLAKKEBJERG,2016-05-16,16,05,2016,137,6.7,14.6,10,0.1,185,619.7,186.1
FLAKKEBJERG,2016-05-17,17,05,2016,138,6.9,11.7,9.3,0,189.3,629,186.1
FLAKKEBJERG,2016-05-18,18,05,2016,139,7.4,16,11.5,0,195.8,640.5,186.1
FLAKKEBJERG,2016-05-19,19,05,2016,140,6.9,19.7,13.8,0,204.6,654.3,186.1
FLAKKEBJERG,2016-05-20,20,05,2016,141,11.8,16.6,13.8,0.1,213.4,668.1,186.2
FLAKKEBJERG,2016-05-21,21,05,2016,142,11.3,17.7,14.7,0.4,223.1,682.8,186.6
FLAKKEBJERG,2016-05-22,22,05,2016,143,14.4,25,19.3,0,237.4,702.1,186.6
FLAKKEBJERG,2016-05-23,23,05,2016,144,13.3,19.4,15.8,1.8,248.2,717.9,188.4
FLAKKEBJERG,2016-05-24,24,05,2016,145,12.6,18.6,15,0,258.2,732.9,188.4
FLAKKEBJERG,2016-05-25,25,05,2016,146,9,23.2,16.6,0,269.8,749.5,188.4
FLAKKEBJERG,2016-05-26,26,05,2016,147,10.4,15,13,0,277.8,762.5,188.4
FLAKKEBJERG,2016-05-27,27,05,2016,148,6.1,19.3,13.8,0,286.6,776.3,188.4
FLAKKEBJERG,2016-05-28,28,05,2016,149,6.7,19.7,14.5,0,296.1,790.8,188.4
FLAKKEBJERG,2016-05-29,29,05,2016,150,10.3,23.2,17.1,0.1,308.2,807.9,188.5
FLAKKEBJERG,2016-05-30,30,05,2016,151,15.4,25.3,19.9,4.2,323.1,827.8,192.7
FLAKKEBJERG,2016-05-31,31,05,2016,152,16.4,23.6,19.4,3.2,337.5,847.2,195.9
FLAKKEBJERG,2016-06-01,01,06,2016,153,16.8,26.4,21.4,0,353.9,868.6,195.9
FLAKKEBJERG,2016-06-02,02,06,2016,154,16.5,25.2,20.6,0,369.5,889.2,195.9
FLAKKEBJERG,2016-06-03,03,06,2016,155,15.1,27,20.8,0,385.3,910,195.9
FLAKKEBJERG,2016-06-04,04,06,2016,156,11.9,26.8,20.5,0,400.8,930.5,195.9
FLAKKEBJERG,2016-06-05,05,06,2016,157,11.5,24.9,18,0,413.8,948.5,195.9
FLAKKEBJERG,2016-06-06,06,06,2016,158,9.7,20.3,15.2,0,424,963.7,195.9
FLAKKEBJERG,2016-06-07,07,06,2016,159,8,22.5,16.1,0,435.1,979.8,195.9
FLAKKEBJERG,2016-06-08,08,06,2016,160,11.6,20.4,14.7,0,444.8,994.5,195.9
FLAKKEBJERG,2016-06-09,09,06,2016,161,6.5,19.3,14.5,0,454.3,1009,195.9
FLAKKEBJERG,2016-06-10,10,06,2016,162,8.1,17.1,13.4,0,462.7,1022.4,195.9
FLAKKEBJERG,2016-06-11,11,06,2016,163,5.1,17.9,12.5,0,470.2,1034.9,195.9
FLAKKEBJERG,2016-06-12,12,06,2016,164,4,18.3,12.6,0,477.8,1047.5,195.9
FLAKKEBJERG,2016-06-13,13,06,2016,165,11.8,16.3,13.4,0.8,486.2,1060.9,196.7
FLAKKEBJERG,2016-06-14,14,06,2016,166,12.4,15.1,13.9,1.7,495.1,1074.8,198.4
FLAKKEBJERG,2016-06-15,15,06,2016,167,13.8,21.3,16.5,5.2,506.6,1091.3,203.6
FLAKKEBJERG,2016-06-16,16,06,2016,168,12.5,20.7,15.9,0,517.5,1107.2,203.6
FLAKKEBJERG,2016-06-17,17,06,2016,169,9.9,19.4,15.4,0,527.9,1122.6,203.6
FLAKKEBJERG,2016-06-18,18,06,2016,170,11.8,19.9,15.8,0,538.7,1138.4,203.6
FLAKKEBJERG,2016-06-19,19,06,2016,171,11.2,17.3,14.1,0,547.8,1152.5,203.6
FLAKKEBJERG,2016-06-20,20,06,2016,172,8.6,19.7,15.3,3.2,558.1,1167.8,206.8
FLAKKEBJERG,2016-06-21,21,06,2016,173,11.9,19.7,16.2,8.3,569.3,1184,215.1
FLAKKEBJERG,2016-06-22,22,06,2016,174,10,23.2,17.4,0.3,581.7,1201.4,215.4
FLAKKEBJERG,2016-06-23,23,06,2016,175,12,27.2,20.1,22,596.8,1221.5,237.4
FLAKKEBJERG,2016-06-24,24,06,2016,176,18.2,24.9,21.3,4.4,613.1,1242.8,241.8
FLAKKEBJERG,2016-06-25,25,06,2016,177,16.3,23.2,18.9,5.7,627,1261.7,247.5
FLAKKEBJERG,2016-06-26,26,06,2016,178,12.6,20.2,16.7,0.2,638.7,1278.4,247.70000000000002
FLAKKEBJERG,2016-06-27,27,06,2016,179,11.5,19.6,15.6,1.3,649.3,1294,249
FLAKKEBJERG,2016-06-28,28,06,2016,180,11,19.5,15.3,0,659.6,1309.3,249
FLAKKEBJERG,2016-06-29,29,06,2016,181,9.8,20,14.9,5.9,669.5,1324.2,254.9
FLAKKEBJERG,2016-06-30,30,06,2016,182,13.4,18.6,16,0.6,680.5,1340.2,255.5
FLAKKEBJERG,2016-07-01,01,07,2016,183,15.6,19.6,17,6.2,692.5,1357.2,261.7
FLAKKEBJERG,2016-07-02,02,07,2016,184,10.4,18.6,15.9,16.7,703.4,1373.1,278.4
FLAKKEBJERG,2016-07-03,03,07,2016,185,10.3,18.2,14.3,4.6,712.7,1387.4,283
FLAKKEBJERG,2016-07-04,04,07,2016,186,11.1,19.7,15,0.2,722.7,1402.4,283.2
FLAKKEBJERG,2016-07-05,05,07,2016,187,9.4,20.6,14.6,6.7,732.3,1417,289.9
FLAKKEBJERG,2016-07-06,06,07,2016,188,11.7,18.2,14.2,2.9,741.5,1431.2,292.8
FLAKKEBJERG,2016-07-07,07,07,2016,189,10.7,18.5,14.7,0,751.2,1445.9,292.8
FLAKKEBJERG,2016-07-08,08,07,2016,190,14.4,20.7,16.5,8.8,762.7,1462.4,301.6
FLAKKEBJERG,2016-07-09,09,07,2016,191,13.2,20.1,16,0.7,773.7,1478.4,302.3
FLAKKEBJERG,2016-07-10,10,07,2016,192,14.9,21.8,17.6,10.9,786.3,1496,313.2
FLAKKEBJERG,2016-07-11,11,07,2016,193,15.5,21.1,17.7,3.2,799,1513.7,316.4
FLAKKEBJERG,2016-07-12,12,07,2016,194,14.3,20.4,17.4,4.6,811.4,1531.1,321
FLAKKEBJERG,2016-07-13,13,07,2016,195,10.4,19.8,15.4,0,821.8,1546.5,321
FLAKKEBJERG,2016-07-14,14,07,2016,196,9.5,19.1,14.6,0,831.4,1561.1,321
FLAKKEBJERG,2016-07-15,15,07,2016,197,12.6,18.2,15.1,0,841.5,1576.2,321
FLAKKEBJERG,2016-07-16,16,07,2016,198,10.8,19.6,15.1,0.5,851.6,1591.3,321.5
FLAKKEBJERG,2016-07-17,17,07,2016,199,11.4,17.6,14.7,0.2,861.3,1606,321.7
FLAKKEBJERG,2016-07-18,18,07,2016,200,12.3,18.3,15.7,0.1,872,1621.7,321.8
FLAKKEBJERG,2016-07-19,19,07,2016,201,13.2,21.4,17.5,0,884.5,1639.2,321.8
FLAKKEBJERG,2016-07-20,20,07,2016,202,13.4,25.6,20.2,0,899.7,1659.4,321.8
FLAKKEBJERG,2016-07-21,21,07,2016,203,14.9,26,20,0,914.7,1679.4,321.8
FLAKKEBJERG,2016-07-22,22,07,2016,204,13.1,27.1,20.9,0,930.6,1700.3,321.8
FLAKKEBJERG,2016-07-23,23,07,2016,205,15.5,27,21.7,0,947.3,1722,321.8
FLAKKEBJERG,2016-07-24,24,07,2016,206,14.4,27.1,20.9,0,963.2,1742.9,321.8
FLAKKEBJERG,2016-07-25,25,07,2016,207,14.1,27,20.9,0,979.1,1763.8,321.8
FLAKKEBJERG,2016-07-26,26,07,2016,208,13,22.7,18.8,0,992.9,1782.6,321.8
FLAKKEBJERG,2016-07-27,27,07,2016,209,11,20.9,16.7,0,1004.6,1799.3,321.8
FLAKKEBJERG,2016-07-28,28,07,2016,210,12.6,22.2,17.8,1.7,1017.4,1817.1,323.5
FLAKKEBJERG,2016-07-29,29,07,2016,211,11.7,23.4,18.1,0.1,1030.5,1835.2,323.6
FLAKKEBJERG,2016-07-30,30,07,2016,212,13.2,22.4,18,0.8,1043.5,1853.2,324.4
FLAKKEBJERG,2016-07-31,31,07,2016,213,10,19.7,15.7,0,1054.2,1868.9,324.4
FLAKKEBJERG,2016-08-01,01,08,2016,214,10.6,20,15.2,2.3,1064.4,1884.1,326.7
FLAKKEBJERG,2016-08-02,02,08,2016,215,10.8,21.1,15.9,0.4,1075.3,1900,327.1
FLAKKEBJERG,2016-08-03,03,08,2016,216,8.5,19.5,15.2,5.8,1085.5,1915.2,332.9
FLAKKEBJERG,2016-08-04,04,08,2016,217,14.6,22.4,17.9,0.7,1098.4,1933.1,333.6
FLAKKEBJERG,2016-08-05,05,08,2016,218,14.3,22.8,18.3,0,1111.7,1951.4,333.6
FLAKKEBJERG,2016-08-06,06,08,2016,219,13.4,20.3,16.1,2.8,1122.8,1967.5,336.4
FLAKKEBJERG,2016-08-07,07,08,2016,220,11.7,21.2,16.6,0,1134.4,1984.1,336.4
FLAKKEBJERG,2016-08-08,08,08,2016,221,12.4,21.4,17.3,3.6,1146.7,2001.4,340
FLAKKEBJERG,2016-08-09,09,08,2016,222,10.8,17.6,13.8,0.2,1155.5,2015.2,340.2
FLAKKEBJERG,2016-08-10,10,08,2016,223,9.9,17.2,13,0.7,1163.5,2028.2,340.9
FLAKKEBJERG,2016-08-11,11,08,2016,224,9.4,17.9,13,0,1171.5,2041.2,340.9
FLAKKEBJERG,2016-08-12,12,08,2016,225,10.8,18.6,15.3,0,1181.8,2056.5,340.9
FLAKKEBJERG,2016-08-13,13,08,2016,226,14,19.6,16.8,1.1,1193.6,2073.3,342
FLAKKEBJERG,2016-08-14,14,08,2016,227,12.2,19.7,15.4,5.7,1204,2088.7,347.7
FLAKKEBJERG,2016-08-15,15,08,2016,228,10.7,19.5,15.1,0,1214.1,2103.8,347.7
FLAKKEBJERG,2016-08-16,16,08,2016,229,9.8,20.3,15.2,0,1224.3,2119,347.7
FLAKKEBJERG,2016-08-17,17,08,2016,230,8.3,22,16,0,1235.3,2135,347.7
FLAKKEBJERG,2016-08-18,18,08,2016,231,12.3,18.8,15.6,0.1,1245.9,2150.6,347.8
FLAKKEBJERG,2016-08-19,19,08,2016,232,11.6,22.1,16.8,0,1257.7,2167.4,347.8
FLAKKEBJERG,2016-08-20,20,08,2016,233,13.6,21.7,17.3,0.3,1270,2184.7,348.1
FLAKKEBJERG,2016-08-21,21,08,2016,234,11.5,21.9,17.2,0.8,1282.2,2201.9,348.9
FLAKKEBJERG,2016-08-22,22,08,2016,235,14,20.7,17.2,7.3,1294.4,2219.1,356.2
FLAKKEBJERG,2016-08-23,23,08,2016,236,13.6,20.2,17.8,0.9,1307.2,2236.9,357.1
FLAKKEBJERG,2016-08-24,24,08,2016,237,10.9,24,18.1,0,1320.3,2255,357.1
FLAKKEBJERG,2016-08-25,25,08,2016,238,16.2,27.5,21.7,0,1337,2276.7,357.1
FLAKKEBJERG,2016-08-26,26,08,2016,239,17.2,29.5,22.7,0,1354.7,2299.4,357.1
FLAKKEBJERG,2016-08-27,27,08,2016,240,14,22.4,18,0,1367.7,2317.4,357.1
FLAKKEBJERG,2016-08-28,28,08,2016,241,13.2,21.9,17.8,13.7,1380.5,2335.2,370.8
FLAKKEBJERG,2016-08-29,29,08,2016,242,13.8,19.7,17,0.4,1392.5,2352.2,371.2
FLAKKEBJERG,2016-08-30,30,08,2016,243,12.6,21.2,16.7,0,1404.2,2368.9,371.2
FLAKKEBJERG,2016-08-31,31,08,2016,244,11.3,22.4,17.4,0,1416.6,2386.3,371.2
FLAKKEBJERG,2016-09-01,01,09,2016,245,10.1,20.4,16,0,1427.6,2402.3,371.2
FLAKKEBJERG,2016-09-02,02,09,2016,246,11.4,19.9,16.2,1.1,1438.8,2418.5,372.3
FLAKKEBJERG,2016-09-03,03,09,2016,247,13.6,20.4,17,1.6,1450.8,2435.5,373.9
FLAKKEBJERG,2016-09-04,04,09,2016,248,12.1,15.8,14.2,18.6,1460,2449.7,392.5
FLAKKEBJERG,2016-09-05,05,09,2016,249,10.2,21.3,16,9.9,1471,2465.7,402.4
FLAKKEBJERG,2016-09-06,06,09,2016,250,8.3,20.7,15,0,1481,2480.7,402.4
FLAKKEBJERG,2016-09-07,07,09,2016,251,14.6,23.1,18.2,0,1494.2,2498.9,402.4
FLAKKEBJERG,2016-09-08,08,09,2016,252,11.2,24.7,18.4,0,1507.6,2517.3,402.4
FLAKKEBJERG,2016-09-09,09,09,2016,253,12.5,22.5,17.7,0,1520.3,2535,402.4
FLAKKEBJERG,2016-09-10,10,09,2016,254,9.7,23.1,17.2,0,1532.5,2552.2,402.4
FLAKKEBJERG,2016-09-11,11,09,2016,255,11.9,22.6,18.5,0,1546,2570.7,402.4
FLAKKEBJERG,2016-09-12,12,09,2016,256,11,24.5,18.1,0,1559.1,2588.8,402.4
FLAKKEBJERG,2016-09-13,13,09,2016,257,16.5,26.3,20.6,0,1574.7,2609.4,402.4
FLAKKEBJERG,2016-09-14,14,09,2016,258,15.1,26.1,20.1,0,1589.8,2629.5,402.4
FLAKKEBJERG,2016-09-15,15,09,2016,259,13.1,25.3,18.7,0,1603.5,2648.2,402.4
FLAKKEBJERG,2016-09-16,16,09,2016,260,13.4,23.3,17.8,0,1616.3,2666,402.4
FLAKKEBJERG,2016-09-17,17,09,2016,261,11.3,18.9,16.2,0,1627.5,2682.2,402.4
FLAKKEBJERG,2016-09-18,18,09,2016,262,10.1,18.9,14.1,0,1636.6,2696.3,402.4
FLAKKEBJERG,2016-09-19,19,09,2016,263,8.9,17.4,14.4,0,1646,2710.7,402.4
FLAKKEBJERG,2016-09-20,20,09,2016,264,8.3,19,14.5,0,1655.5,2725.2,402.4
FLAKKEBJERG,2016-09-21,21,09,2016,265,9.1,18.9,14.5,3.5,1665,2739.7,405.9
FLAKKEBJERG,2016-09-22,22,09,2016,266,7.2,18.5,13.1,0,1673.1,2752.8,405.9
FLAKKEBJERG,2016-09-23,23,09,2016,267,9,19.4,14.4,0,1682.5,2767.2,405.9
FLAKKEBJERG,2016-09-24,24,09,2016,268,8.3,18,13.6,0,1691.1,2780.8,405.9
FLAKKEBJERG,2016-09-25,25,09,2016,269,12.4,20.6,16,0,1702.1,2796.8,405.9
FLAKKEBJERG,2016-09-26,26,09,2016,270,11.4,18.1,15.3,0.1,1712.4,2812.1,406
FLAKKEBJERG,2016-09-27,27,09,2016,271,11.4,19.9,15.6,11.2,1723,2827.7,417.2
FLAKKEBJERG,2016-09-28,28,09,2016,272,15.6,19.6,17.1,0,1735.1,2844.8,417.2
FLAKKEBJERG,2016-09-29,29,09,2016,273,14.3,18,16.3,3.8,1746.4,2861.1,421
FLAKKEBJERG,2016-09-30,30,09,2016,274,10.7,16.4,13.3,2.3,1754.7,2874.4,423.3
FLAKKEBJERG,2016-10-01,01,10,2016,275,9.9,16.6,13.2,0,1762.9,2887.6,423.3
FLAKKEBJERG,2016-10-02,02,10,2016,276,10.7,16.3,12.4,3,1770.3,2900,426.3
FLAKKEBJERG,2016-10-03,03,10,2016,277,10,14.8,12,13.8,1777.3,2912,440.1
FLAKKEBJERG,2016-10-04,04,10,2016,278,6.2,13.6,9.6,0,1781.9,2921.6,440.1
FLAKKEBJERG,2016-10-05,05,10,2016,279,3.9,11.4,7.6,0,1784.5,2929.2,440.1
FLAKKEBJERG,2016-10-06,06,10,2016,280,6.8,10.6,8.7,0,1788.2,2937.9,440.1
FLAKKEBJERG,2016-10-07,07,10,2016,281,5.9,11.7,8.7,0,1791.9,2946.6,440.1
FLAKKEBJERG,2016-10-08,08,10,2016,282,6.5,11.8,8.8,0,1795.7,2955.4,440.1
FLAKKEBJERG,2016-10-09,09,10,2016,283,5.5,9.4,7.5,1,1798.2,2962.9,441.1
FLAKKEBJERG,2016-10-10,10,10,2016,284,6.6,10,8.2,4.4,1801.4,2971.1,445.5
FLAKKEBJERG,2016-10-11,11,10,2016,285,6.8,8.4,7.8,0,1804.2,2978.9,445.5
FLAKKEBJERG,2016-10-12,12,10,2016,286,6.3,10.2,7.8,0,1807,2986.7,445.5
FLAKKEBJERG,2016-10-13,13,10,2016,287,7.3,10.7,8.6,0.6,1810.6,2995.3,446.1
FLAKKEBJERG,2016-10-14,14,10,2016,288,6.2,10.2,9,0,1814.6,3004.3,446.1
FLAKKEBJERG,2016-10-15,15,10,2016,289,8.3,10.8,9.6,1.1,1819.2,3013.9,447.2
FLAKKEBJERG,2016-10-16,16,10,2016,290,7.7,9.1,8.4,0.7,1822.6,3022.3,447.9
FLAKKEBJERG,2016-10-17,17,10,2016,291,7.5,8.9,8.2,0,1825.8,3030.5,447.9
FLAKKEBJERG,2016-10-18,18,10,2016,292,7.8,10.8,9.5,0.2,1830.3,3040,448.1
FLAKKEBJERG,2016-10-19,19,10,2016,293,9.1,11.5,10.1,7.9,1835.4,3050.1,456
FLAKKEBJERG,2016-10-20,20,10,2016,294,7.4,11,9.1,1.3,1839.5,3059.2,457.3
FLAKKEBJERG,2016-10-21,21,10,2016,295,7.4,8.6,8,6.7,1842.5,3067.2,464
FLAKKEBJERG,2016-10-22,22,10,2016,296,4.2,8,5.9,2.6,1843.4,3073.1,466.6
FLAKKEBJERG,2016-10-23,23,10,2016,297,3.6,9.6,7,0,1845.4,3080.1,466.6
FLAKKEBJERG,2016-10-24,24,10,2016,298,4.3,10,6.7,0,1847.1,3086.8,466.6
FLAKKEBJERG,2016-10-25,25,10,2016,299,2.3,10.6,6.6,0,1848.7,3093.4,466.6
FLAKKEBJERG,2016-10-26,26,10,2016,300,1.6,8.7,6,0,1849.7,3099.4,466.6
FLAKKEBJERG,2016-10-27,27,10,2016,301,8,13.8,10.9,1.5,1855.6,3110.3,468.1
FLAKKEBJERG,2016-10-28,28,10,2016,302,8.4,12.5,11,0.3,1861.6,3121.3,468.40000000000003
FLAKKEBJERG,2016-10-29,29,10,2016,303,8,10.8,9.2,0,1865.8,3130.5,468.40000000000003
FLAKKEBJERG,2016-10-30,30,10,2016,304,4.4,9.9,7.5,0,1868.3,3138,468.40000000000003
FLAKKEBJERG,2016-10-31,31,10,2016,305,4.1,11.3,9,0,1872.3,3147,468.40000000000003
FLAKKEBJERG,2016-11-01,01,11,2016,306,6.6,11.3,9.4,0.4,1876.7,3156.4,468.8
FLAKKEBJERG,2016-11-02,02,11,2016,307,1.1,7.3,4.7,3.9,1876.7,3161.1,472.7
FLAKKEBJERG,2016-11-03,03,11,2016,308,0.8,6.6,4,0.8,1876.7,3165.1,473.5
FLAKKEBJERG,2016-11-04,04,11,2016,309,6,8.2,7.2,9.6,1878.9,3172.3,483.1
FLAKKEBJERG,2016-11-05,05,11,2016,310,3.5,7.9,5.8,6.7,1879.7,3178.1,489.8
FLAKKEBJERG,2016-11-06,06,11,2016,311,0.4,5.4,3.5,0.4,1879.7,3181.6,490.2
FLAKKEBJERG,2016-11-07,07,11,2016,312,-1.3,2.4,0,0,1879.7,3181.6,490.2
FLAKKEBJERG,2016-11-08,08,11,2016,313,-3.3,-0.7,-1.9,3.6,1879.7,3181.6,493.8
FLAKKEBJERG,2016-11-09,09,11,2016,314,-2.7,1.5,0,4.3,1879.7,3181.6,498.1
FLAKKEBJERG,2016-11-10,10,11,2016,315,-2.3,1.2,-0.3,0,1879.7,3181.6,498.1
FLAKKEBJERG,2016-11-11,11,11,2016,316,-4.5,2.7,-0.2,0,1879.7,3181.6,498.1
FLAKKEBJERG,2016-11-12,12,11,2016,317,-6,3.1,-1.5,0,1879.7,3181.6,498.1
FLAKKEBJERG,2016-11-13,13,11,2016,318,-1.2,2.3,0.5,0,1879.7,3182.1,498.1
FLAKKEBJERG,2016-11-14,14,11,2016,319,-1,3.5,1.7,3.5,1879.7,3183.8,501.6
FLAKKEBJERG,2016-11-15,15,11,2016,320,3.2,9.7,5.9,6.7,1880.6,3189.7,508.3
FLAKKEBJERG,2016-11-16,16,11,2016,321,1.7,8.6,5.9,1,1881.5,3195.6,509.3
FLAKKEBJERG,2016-11-17,17,11,2016,322,3.3,7.3,6,1.8,1882.5,3201.6,511.1
FLAKKEBJERG,2016-11-18,18,11,2016,323,4.5,8.1,6.5,0.1,1884,3208.1,511.2
FLAKKEBJERG,2016-11-19,19,11,2016,324,3.1,6.7,5,1.9,1884,3213.1,513.1
FLAKKEBJERG,2016-11-20,20,11,2016,325,2.8,10.4,6,2,1885,3219.1,515.1
FLAKKEBJERG,2016-11-21,21,11,2016,326,7.2,10.8,8.5,0.2,1888.5,3227.6,515.3
FLAKKEBJERG,2016-11-22,22,11,2016,327,3.9,9.8,7.9,0,1891.4,3235.5,515.3
FLAKKEBJERG,2016-11-23,23,11,2016,328,4.3,10.1,6.8,0,1893.2,3242.3,515.3
FLAKKEBJERG,2016-11-24,24,11,2016,329,1,7,3.9,0,1893.2,3246.2,515.3
FLAKKEBJERG,2016-11-25,25,11,2016,330,2.3,7.2,4.7,0,1893.2,3250.9,515.3
FLAKKEBJERG,2016-11-26,26,11,2016,331,3.9,9.4,6.5,0,1894.7,3257.4,515.3
FLAKKEBJERG,2016-11-27,27,11,2016,332,0.9,6.3,4.1,0,1894.7,3261.5,515.3
FLAKKEBJERG,2016-11-28,28,11,2016,333,-2.9,2.3,0.1,0,1894.7,3261.6,515.3
FLAKKEBJERG,2016-11-29,29,11,2016,334,-0.4,5.9,3.7,0.1,1894.7,3265.3,515.4
FLAKKEBJERG,2016-11-30,30,11,2016,335,5.2,7.1,6.2,4.3,1895.9,3271.5,519.7
FLAKKEBJERG,2016-12-01,01,12,2016,336,5.8,8.4,7.5,3.1,1898.4,3279,522.8
FLAKKEBJERG,2016-12-02,02,12,2016,337,-1.2,6,3.3,0,1898.4,3282.3,522.8
FLAKKEBJERG,2016-12-03,03,12,2016,338,-3.9,3.6,0.4,0,1898.4,3282.7,522.8
FLAKKEBJERG,2016-12-04,04,12,2016,339,2.1,6.5,4,0,1898.4,3286.7,522.8
FLAKKEBJERG,2016-12-05,05,12,2016,340,3.6,5.8,4.8,0,1898.4,3291.5,522.8
FLAKKEBJERG,2016-12-06,06,12,2016,341,-1.6,5.8,2.9,0,1898.4,3294.4,522.8
FLAKKEBJERG,2016-12-07,07,12,2016,342,2.1,7.3,4.5,4.6,1898.4,3298.9,527.4
FLAKKEBJERG,2016-12-08,08,12,2016,343,7.1,10.4,8.9,0,1902.3,3307.8,527.4
FLAKKEBJERG,2016-12-09,09,12,2016,344,7.3,8.9,8.3,5,1905.6,3316.1,532.4
FLAKKEBJERG,2016-12-10,10,12,2016,345,7.3,10,8.8,2.4,1909.4,3324.9,534.8
FLAKKEBJERG,2016-12-11,11,12,2016,346,5.9,8,6.9,2.7,1911.3,3331.8,537.5
FLAKKEBJERG,2016-12-12,12,12,2016,347,0.8,6.3,2.6,0.1,1911.3,3334.4,537.6
FLAKKEBJERG,2016-12-13,13,12,2016,348,3.1,6.1,4.6,0.1,1911.3,3339,537.7
FLAKKEBJERG,2016-12-14,14,12,2016,349,-1.9,5.2,2.3,0.1,1911.3,3341.3,537.8
FLAKKEBJERG,2016-12-15,15,12,2016,350,-2.3,1.8,0.4,0,1911.3,3341.7,537.8
FLAKKEBJERG,2016-12-16,16,12,2016,351,0.4,2,1.4,0,1911.3,3343.1,537.8
FLAKKEBJERG,2016-12-17,17,12,2016,352,-0.7,5.1,2,0,1911.3,3345.1,537.8
FLAKKEBJERG,2016-12-18,18,12,2016,353,4,6.3,5.3,1.7,1911.6,3350.4,539.5
FLAKKEBJERG,2016-12-19,19,12,2016,354,3.3,4.5,3.9,0,1911.6,3354.3,539.5
FLAKKEBJERG,2016-12-20,20,12,2016,355,0.4,3.9,2.3,0,1911.6,3356.6,539.5
FLAKKEBJERG,2016-12-21,21,12,2016,356,-0.1,5.4,2.4,0,1911.6,3359,539.5
FLAKKEBJERG,2016-12-22,22,12,2016,357,4.3,5.5,4.9,0,1911.6,3363.9,539.5
FLAKKEBJERG,2016-12-23,23,12,2016,358,3.7,6.7,5.4,1.3,1912,3369.3,540.8
FLAKKEBJERG,2016-12-24,24,12,2016,359,2.4,6.5,5.3,1.9,1912.3,3374.6,542.7
FLAKKEBJERG,2016-12-25,25,12,2016,360,2.3,10,6.8,0.1,1914.1,3381.4,542.8
FLAKKEBJERG,2016-12-26,26,12,2016,361,1.3,9.6,6.4,2,1915.5,3387.8,544.8
FLAKKEBJERG,2016-12-27,27,12,2016,362,5.2,7.3,6.2,0.1,1916.7,3394,544.9
FLAKKEBJERG,2016-12-28,28,12,2016,363,4.7,6.6,5.7,0.6,1917.4,3399.7,545.5
FLAKKEBJERG,2016-12-29,29,12,2016,364,1.5,5.3,3.5,0,1917.4,3403.2,545.5
FLAKKEBJERG,2016-12-30,30,12,2016,365,0.4,5.3,3.1,0,1917.4,3406.3,545.5
FLAKKEBJERG,2016-12-31,31,12,2016,366,5,7.4,6.2,0,1918.6,3412.5,545.5
FLAKKEBJERG,2017-01-01,01,01,2017,1,2.9,6.7,5.5,2.5,0.5,5.5,2.5
FLAKKEBJERG,2017-01-02,02,01,2017,2,0,3.4,1.3,0,0.5,6.8,2.5
FLAKKEBJERG,2017-01-03,03,01,2017,3,0.2,7.2,4,3.7,0.5,10.8,6.2
FLAKKEBJERG,2017-01-04,04,01,2017,4,-2.2,4.8,1.9,0.2,0.5,12.7,6.4
FLAKKEBJERG,2017-01-05,05,01,2017,5,-8.7,-2.1,-5.7,0,0.5,12.7,6.4
FLAKKEBJERG,2017-01-06,06,01,2017,6,-10.4,-2.9,-6.5,0,0.5,12.7,6.4
FLAKKEBJERG,2017-01-07,07,01,2017,7,-3,3.3,0.2,3,0.5,12.9,9.4
FLAKKEBJERG,2017-01-08,08,01,2017,8,-0.5,1.7,0.2,0,0.5,13.1,9.4
FLAKKEBJERG,2017-01-09,09,01,2017,9,0.3,2.8,1.7,0,0.5,14.8,9.4
FLAKKEBJERG,2017-01-10,10,01,2017,10,0.1,1.6,0.9,0.1,0.5,15.7,9.5
FLAKKEBJERG,2017-01-11,11,01,2017,11,1.2,5.1,2.9,4.3,0.5,18.6,13.8
FLAKKEBJERG,2017-01-12,12,01,2017,12,0.8,4.3,2.7,0.2,0.5,21.3,14
FLAKKEBJERG,2017-01-13,13,01,2017,13,-0.9,2.1,0.7,0,0.5,22,14
FLAKKEBJERG,2017-01-14,14,01,2017,14,-2,2.2,0.7,1.3,0.5,22.7,15.3
FLAKKEBJERG,2017-01-15,15,01,2017,15,-3,1.4,-0.3,0.2,0.5,22.7,15.5
FLAKKEBJERG,2017-01-16,16,01,2017,16,-4.1,1.7,-1.4,0,0.5,22.7,15.5
FLAKKEBJERG,2017-01-17,17,01,2017,17,-3.1,1,-1.3,0,0.5,22.7,15.5
FLAKKEBJERG,2017-01-18,18,01,2017,18,0.8,2,1.4,0.1,0.5,24.1,15.6
FLAKKEBJERG,2017-01-19,19,01,2017,19,1.4,4.7,3,0,0.5,27.1,15.6
FLAKKEBJERG,2017-01-20,20,01,2017,20,2.6,6.6,4.5,0,0.5,31.6,15.6
FLAKKEBJERG,2017-01-21,21,01,2017,21,1.8,3.9,3.3,0,0.5,34.9,15.6
FLAKKEBJERG,2017-01-22,22,01,2017,22,0.3,3.3,2.1,0,0.5,37,15.6
FLAKKEBJERG,2017-01-23,23,01,2017,23,0,2.7,1,0,0.5,38,15.6
FLAKKEBJERG,2017-01-24,24,01,2017,24,0.4,4.2,2.4,0,0.5,40.4,15.6
FLAKKEBJERG,2017-01-25,25,01,2017,25,-0.8,2.3,0.3,0,0.5,40.7,15.6
FLAKKEBJERG,2017-01-26,26,01,2017,26,-1.7,1.3,-0.4,0,0.5,40.7,15.6
FLAKKEBJERG,2017-01-27,27,01,2017,27,-1.6,2,-0.1,0,0.5,40.7,15.6
FLAKKEBJERG,2017-01-28,28,01,2017,28,-2.6,3.1,-0.4,0,0.5,40.7,15.6
FLAKKEBJERG,2017-01-29,29,01,2017,29,-2.8,3,0.9,0.8,0.5,41.6,16.4
FLAKKEBJERG,2017-01-30,30,01,2017,30,0.9,3,2.1,0.4,0.5,43.7,16.8
FLAKKEBJERG,2017-01-31,31,01,2017,31,1.2,3.1,2.4,0,0.5,46.1,16.8
FLAKKEBJERG,2017-02-01,01,02,2017,32,-0.9,1.3,0.6,0,0.5,46.7,16.8
FLAKKEBJERG,2017-02-02,02,02,2017,33,-0.6,1.9,0.4,0,0.5,47.1,16.8
FLAKKEBJERG,2017-02-03,03,02,2017,34,-0.3,2.2,1.2,0,0.5,48.3,16.8
FLAKKEBJERG,2017-02-04,04,02,2017,35,1.4,3.1,2.1,0.2,0.5,50.4,17
FLAKKEBJERG,2017-02-05,05,02,2017,36,0.7,2.6,1.7,0.4,0.5,52.1,17.4
FLAKKEBJERG,2017-02-06,06,02,2017,37,-1.2,2.6,1.2,0.2,0.5,53.3,17.6
FLAKKEBJERG,2017-02-07,07,02,2017,38,-2.8,-0.9,-1.7,1.3,0.5,53.3,18.9
FLAKKEBJERG,2017-02-08,08,02,2017,39,-3.1,-1.9,-2.6,0.8,0.5,53.3,19.7
FLAKKEBJERG,2017-02-09,09,02,2017,40,-5.4,-2.8,-3.4,0.1,0.5,53.3,19.8
FLAKKEBJERG,2017-02-10,10,02,2017,41,-3.5,0.6,-1.4,0,0.5,53.3,19.8
FLAKKEBJERG,2017-02-11,11,02,2017,42,-1.9,0.9,-0.5,0,0.5,53.3,19.8
FLAKKEBJERG,2017-02-12,12,02,2017,43,-1.5,0.2,-0.7,0,0.5,53.3,19.8
FLAKKEBJERG,2017-02-13,13,02,2017,44,-5.8,0.2,-2,0,0.5,53.3,19.8
FLAKKEBJERG,2017-02-14,14,02,2017,45,-6.4,4.1,-1.9,0,0.5,53.3,19.8
FLAKKEBJERG,2017-02-15,15,02,2017,46,-2.6,4.2,0.6,0,0.5,53.9,19.8
FLAKKEBJERG,2017-02-16,16,02,2017,47,-2.3,4.5,2.4,0,0.5,56.3,19.8
FLAKKEBJERG,2017-02-17,17,02,2017,48,2.2,5.7,3.9,0.2,0.5,60.2,20
FLAKKEBJERG,2017-02-18,18,02,2017,49,1.7,5,3.3,0,0.5,63.5,20
FLAKKEBJERG,2017-02-19,19,02,2017,50,2.4,5.6,4.2,1.5,0.5,67.7,21.5
FLAKKEBJERG,2017-02-20,20,02,2017,51,3.9,7.5,5.7,0.9,1.2,73.4,22.4
FLAKKEBJERG,2017-02-21,21,02,2017,52,3.4,7.4,5.7,0,1.9,79.1,22.4
FLAKKEBJERG,2017-02-22,22,02,2017,53,2.9,8,5.8,7,2.7,84.9,29.4
FLAKKEBJERG,2017-02-23,23,02,2017,54,0.4,5.9,4,10.8,2.7,88.9,40.2
FLAKKEBJERG,2017-02-24,24,02,2017,55,-0.8,4.8,1.6,0.3,2.7,90.5,40.5
FLAKKEBJERG,2017-02-25,25,02,2017,56,-0.5,4.2,1.9,3.3,2.7,92.4,43.800000000000004
FLAKKEBJERG,2017-02-26,26,02,2017,57,4,6.5,5.6,0.3,3.3,98,44.1
FLAKKEBJERG,2017-02-27,27,02,2017,58,6.2,9,7.6,0.8,5.9,105.6,44.9
FLAKKEBJERG,2017-02-28,28,02,2017,59,2.9,7.7,5,0.3,5.9,110.6,45.2
FLAKKEBJERG,2017-03-01,01,03,2017,60,2.2,5.7,3.7,0.2,5.9,114.3,45.4
FLAKKEBJERG,2017-03-02,02,03,2017,61,1.6,6.1,3.6,3.3,5.9,117.9,48.7
FLAKKEBJERG,2017-03-03,03,03,2017,62,1.1,6.6,4.4,0,5.9,122.3,48.7
FLAKKEBJERG,2017-03-04,04,03,2017,63,0.9,7.4,4.4,0.7,5.9,126.7,49.4
FLAKKEBJERG,2017-03-05,05,03,2017,64,3.3,6.1,4.6,3.3,5.9,131.3,52.7
FLAKKEBJERG,2017-03-06,06,03,2017,65,-0.1,3.5,1.9,0,5.9,133.2,52.7
FLAKKEBJERG,2017-03-07,07,03,2017,66,-1.4,0.9,-0.5,0,5.9,133.2,52.7
FLAKKEBJERG,2017-03-08,08,03,2017,67,-1.3,4.7,2.1,2,5.9,135.3,54.7
FLAKKEBJERG,2017-03-09,09,03,2017,68,3.1,5.5,4.1,1.3,5.9,139.4,56
FLAKKEBJERG,2017-03-10,10,03,2017,69,2.4,7.9,5.3,0,6.2,144.7,56
FLAKKEBJERG,2017-03-11,11,03,2017,70,1.4,8.7,4.2,0,6.2,148.9,56
FLAKKEBJERG,2017-03-12,12,03,2017,71,0.1,5,1.9,0,6.2,150.8,56
FLAKKEBJERG,2017-03-13,13,03,2017,72,-0.5,6.2,2.5,0,6.2,153.3,56
FLAKKEBJERG,2017-03-14,14,03,2017,73,2.5,9.5,6,0,7.2,159.3,56
FLAKKEBJERG,2017-03-15,15,03,2017,74,3.7,9.8,6.3,0,8.5,165.6,56
FLAKKEBJERG,2017-03-16,16,03,2017,75,3.1,11.6,7.3,0,10.8,172.9,56
FLAKKEBJERG,2017-03-17,17,03,2017,76,2.7,8.2,5.3,2.5,11.1,178.2,58.5
FLAKKEBJERG,2017-03-18,18,03,2017,77,1.8,6.7,4.1,7.3,11.1,182.3,65.8
FLAKKEBJERG,2017-03-19,19,03,2017,78,-0.7,6.1,2,8.3,11.1,184.3,74.1
FLAKKEBJERG,2017-03-20,20,03,2017,79,4.7,8.6,6.3,8.1,12.4,190.6,82.2
FLAKKEBJERG,2017-03-21,21,03,2017,80,2.1,8.6,5.7,2.7,13.1,196.3,84.9
FLAKKEBJERG,2017-03-22,22,03,2017,81,-0.2,9.8,5.3,0,13.4,201.6,84.9
FLAKKEBJERG,2017-03-23,23,03,2017,82,-1.2,10.8,4.7,0,13.4,206.3,84.9
FLAKKEBJERG,2017-03-24,24,03,2017,83,-1.1,8.6,4.1,0,13.4,210.4,84.9
FLAKKEBJERG,2017-03-25,25,03,2017,84,1.3,10.7,6,0,14.4,216.4,84.9
FLAKKEBJERG,2017-03-26,26,03,2017,85,1.1,9.5,4.4,0,14.4,220.8,84.9
FLAKKEBJERG,2017-03-27,27,03,2017,86,3,11.9,6.4,0,15.8,227.2,84.9
FLAKKEBJERG,2017-03-28,28,03,2017,87,3.2,12.8,6.6,0,17.4,233.8,84.9
FLAKKEBJERG,2017-03-29,29,03,2017,88,3.3,7.6,5.6,1.2,18,239.4,86.1
FLAKKEBJERG,2017-03-30,30,03,2017,89,5.9,12.1,8.4,4.6,21.4,247.8,90.7
FLAKKEBJERG,2017-03-31,31,03,2017,90,7.2,17.3,12.1,0,28.5,259.9,90.7
FLAKKEBJERG,2017-04-01,01,04,2017,91,7.8,15.3,11.1,0.3,34.6,271,91
FLAKKEBJERG,2017-04-02,02,04,2017,92,7.9,14,10.2,0.6,39.8,281.2,91.6
FLAKKEBJERG,2017-04-03,03,04,2017,93,3,10.6,7.4,0,42.2,288.6,91.6
FLAKKEBJERG,2017-04-04,04,04,2017,94,-0.4,12.2,6.4,0,43.6,295,91.6
FLAKKEBJERG,2017-04-05,05,04,2017,95,3.7,10.6,7,0.5,45.6,302,92.1
FLAKKEBJERG,2017-04-06,06,04,2017,96,2.3,10,6.8,0.3,47.4,308.8,92.4
FLAKKEBJERG,2017-04-07,07,04,2017,97,7.3,13.6,9.4,0,51.8,318.2,92.4
FLAKKEBJERG,2017-04-08,08,04,2017,98,6.6,10.3,8.5,0,55.3,326.7,92.4
FLAKKEBJERG,2017-04-09,09,04,2017,99,3.1,13.8,8.4,0,58.7,335.1,92.4
FLAKKEBJERG,2017-04-10,10,04,2017,100,5.7,11,9,0.1,62.7,344.1,92.5
FLAKKEBJERG,2017-04-11,11,04,2017,101,4,10.2,6.5,2.9,64.2,350.6,95.4
FLAKKEBJERG,2017-04-12,12,04,2017,102,5.6,10.1,7.6,5.4,66.8,358.2,100.8
FLAKKEBJERG,2017-04-13,13,04,2017,103,5.4,10.1,7.3,0.4,69.1,365.5,101.2
FLAKKEBJERG,2017-04-14,14,04,2017,104,4.7,8.7,6.7,3.1,70.8,372.2,104.3
FLAKKEBJERG,2017-04-15,15,04,2017,105,1.6,8.9,5.5,6.2,71.3,377.7,110.5
FLAKKEBJERG,2017-04-16,16,04,2017,106,0,7.1,3.4,0,71.3,381.1,110.5
FLAKKEBJERG,2017-04-17,17,04,2017,107,1,4.9,3.5,8.2,71.3,384.6,118.7
FLAKKEBJERG,2017-04-18,18,04,2017,108,-2,5.6,1.7,0,71.3,386.3,118.7
FLAKKEBJERG,2017-04-19,19,04,2017,109,-3.6,7.2,2.2,0,71.3,388.5,118.7
FLAKKEBJERG,2017-04-20,20,04,2017,110,0,7.6,5.3,0,71.6,393.8,118.7
FLAKKEBJERG,2017-04-21,21,04,2017,111,4.8,11.2,8.4,1.6,75,402.2,120.3
FLAKKEBJERG,2017-04-22,22,04,2017,112,3.5,10.1,6.3,0,76.3,408.5,120.3
FLAKKEBJERG,2017-04-23,23,04,2017,113,3.6,9.1,6,0,77.3,414.5,120.3
FLAKKEBJERG,2017-04-24,24,04,2017,114,2.3,9.9,5.8,4.2,78.1,420.3,124.5
FLAKKEBJERG,2017-04-25,25,04,2017,115,0.9,6.5,3.4,1.5,78.1,423.7,126
FLAKKEBJERG,2017-04-26,26,04,2017,116,-0.4,9,4.1,0,78.1,427.8,126
FLAKKEBJERG,2017-04-27,27,04,2017,117,-0.5,8.6,4.8,0,78.1,432.6,126
FLAKKEBJERG,2017-04-28,28,04,2017,118,3.8,9.3,6.4,5.7,79.5,439,131.7
FLAKKEBJERG,2017-04-29,29,04,2017,119,-0.2,9.1,5.3,1.4,79.8,444.3,133.1
FLAKKEBJERG,2017-04-30,30,04,2017,120,0.1,10.6,6.1,0,80.9,450.4,133.1
FLAKKEBJERG,2017-05-01,01,05,2017,121,4.6,11.9,7.8,0,83.7,458.2,133.1
FLAKKEBJERG,2017-05-02,02,05,2017,122,3.8,13.3,8.6,0,87.3,466.8,133.1
FLAKKEBJERG,2017-05-03,03,05,2017,123,6.4,12.9,8.1,0,90.4,474.9,133.1
FLAKKEBJERG,2017-05-04,04,05,2017,124,8.5,14.4,11.4,0,96.8,486.3,133.1
FLAKKEBJERG,2017-05-05,05,05,2017,125,6.6,13.2,9.3,0.5,101.1,495.6,133.6
FLAKKEBJERG,2017-05-06,06,05,2017,126,6.9,15.5,10.2,0,106.3,505.8,133.6
FLAKKEBJERG,2017-05-07,07,05,2017,127,3.6,15.5,10.7,0,112,516.5,133.6
FLAKKEBJERG,2017-05-08,08,05,2017,128,1.8,10.8,7.8,0,114.8,524.3,133.6
FLAKKEBJERG,2017-05-09,09,05,2017,129,0.7,9.9,6.1,0.1,115.9,530.4,133.7
FLAKKEBJERG,2017-05-10,10,05,2017,130,4.9,8.4,6.4,9.4,117.3,536.8,143.1
FLAKKEBJERG,2017-05-11,11,05,2017,131,5.5,13.1,8.5,0.4,120.8,545.3,143.5
FLAKKEBJERG,2017-05-12,12,05,2017,132,5.2,13,9.2,0,125,554.5,143.5
FLAKKEBJERG,2017-05-13,13,05,2017,133,7.2,18.2,12.1,0,132.1,566.6,143.5
FLAKKEBJERG,2017-05-14,14,05,2017,134,8,18.3,13.2,0.3,140.3,579.8,143.8
FLAKKEBJERG,2017-05-15,15,05,2017,135,7.7,18.6,12.5,0,147.8,592.3,143.8
FLAKKEBJERG,2017-05-16,16,05,2017,136,10,13,11.5,8.9,154.3,603.8,152.7
FLAKKEBJERG,2017-05-17,17,05,2017,137,12.4,21.2,16.6,0,165.9,620.4,152.7
FLAKKEBJERG,2017-05-18,18,05,2017,138,14.7,24.2,18.7,0.8,179.6,639.1,153.5
FLAKKEBJERG,2017-05-19,19,05,2017,139,12.8,24.1,17.4,1,192,656.5,154.5
FLAKKEBJERG,2017-05-20,20,05,2017,140,8.9,15.8,12.9,0,199.9,669.4,154.5
FLAKKEBJERG,2017-05-21,21,05,2017,141,6,18.3,13.2,0,208.1,682.6,154.5
FLAKKEBJERG,2017-05-22,22,05,2017,142,6.9,17.5,12.9,0,216,695.5,154.5
FLAKKEBJERG,2017-05-23,23,05,2017,143,7.2,21.5,14.3,1.6,225.3,709.8,156.1
FLAKKEBJERG,2017-05-24,24,05,2017,144,10.7,17.5,13,0,233.3,722.8,156.1
FLAKKEBJERG,2017-05-25,25,05,2017,145,9.3,19.6,14.1,0,242.4,736.9,156.1
FLAKKEBJERG,2017-05-26,26,05,2017,146,11.5,21.5,16.3,0,253.7,753.2,156.1
FLAKKEBJERG,2017-05-27,27,05,2017,147,8.4,23.2,17.4,0,266.1,770.6,156.1
FLAKKEBJERG,2017-05-28,28,05,2017,148,15,22.9,18.5,0,279.6,789.1,156.1
FLAKKEBJERG,2017-05-29,29,05,2017,149,12.8,15.8,14.4,0,289,803.5,156.1
FLAKKEBJERG,2017-05-30,30,05,2017,150,11.5,21.1,15.6,2.4,299.6,819.1,158.5
FLAKKEBJERG,2017-05-31,31,05,2017,151,10.7,16.3,13.9,0,308.5,833,158.5
FLAKKEBJERG,2017-06-01,01,06,2017,152,8.9,18,13.3,0,316.8,846.3,158.5
FLAKKEBJERG,2017-06-02,02,06,2017,153,7.2,21.1,14.6,0,326.4,860.9,158.5
FLAKKEBJERG,2017-06-03,03,06,2017,154,9.1,20.2,15.1,0,336.5,876,158.5
FLAKKEBJERG,2017-06-04,04,06,2017,155,10.5,17.6,14.1,1.3,345.6,890.1,159.8
FLAKKEBJERG,2017-06-05,05,06,2017,156,9.5,19.2,14.4,0,355,904.5,159.8
FLAKKEBJERG,2017-06-06,06,06,2017,157,10.9,21.7,16.1,7.9,366.1,920.6,167.7
FLAKKEBJERG,2017-06-07,07,06,2017,158,10.7,15.6,12.4,8.9,373.5,933,176.6
FLAKKEBJERG,2017-06-08,08,06,2017,159,10.6,16.8,13.5,3.2,382,946.5,179.8
FLAKKEBJERG,2017-06-09,09,06,2017,160,12.2,22.6,16.6,4.4,393.6,963.1,184.2
FLAKKEBJERG,2017-06-10,10,06,2017,161,11.6,19.4,15.1,0,403.7,978.2,184.2
FLAKKEBJERG,2017-06-11,11,06,2017,162,14.4,22.7,18.6,2.3,417.3,996.8,186.5
FLAKKEBJERG,2017-06-12,12,06,2017,163,12.7,18,15.1,2.9,427.4,1011.9,189.4
FLAKKEBJERG,2017-06-13,13,06,2017,164,12.6,17.7,14.5,0,436.9,1026.4,189.4
FLAKKEBJERG,2017-06-14,14,06,2017,165,10.9,19.9,15.2,0,447.1,1041.6,189.4
FLAKKEBJERG,2017-06-15,15,06,2017,166,9.2,20.8,16.4,0.1,458.5,1058,189.5
FLAKKEBJERG,2017-06-16,16,06,2017,167,12.5,18.7,15.8,3.3,469.3,1073.8,192.8
FLAKKEBJERG,2017-06-17,17,06,2017,168,12.4,20.8,16,0,480.3,1089.8,192.8
FLAKKEBJERG,2017-06-18,18,06,2017,169,11.8,25.1,18.5,0,493.8,1108.3,192.8
FLAKKEBJERG,2017-06-19,19,06,2017,170,15,24.9,19.9,0,508.7,1128.2,192.8
FLAKKEBJERG,2017-06-20,20,06,2017,171,13,18.7,16.4,0,520.1,1144.6,192.8
FLAKKEBJERG,2017-06-21,21,06,2017,172,11.4,17.6,14.3,0,529.4,1158.9,192.8
FLAKKEBJERG,2017-06-22,22,06,2017,173,9.4,20.3,15.6,6.2,540,1174.5,199
FLAKKEBJERG,2017-06-23,23,06,2017,174,14.4,18.2,16.3,0.4,551.3,1190.8,199.4
FLAKKEBJERG,2017-06-24,24,06,2017,175,12.2,18.9,15.6,2.1,561.9,1206.4,201.5
FLAKKEBJERG,2017-06-25,25,06,2017,176,11.9,18.6,15.1,0,572,1221.5,201.5
FLAKKEBJERG,2017-06-26,26,06,2017,177,11.2,18.6,14.4,0,581.4,1235.9,201.5
FLAKKEBJERG,2017-06-27,27,06,2017,178,8.7,17.7,13.2,0,589.6,1249.1,201.5
FLAKKEBJERG,2017-06-28,28,06,2017,179,9.5,20.2,14.7,1.2,599.3,1263.8,202.7
FLAKKEBJERG,2017-06-29,29,06,2017,180,13.1,17.1,15.4,12.4,609.7,1279.2,215.1
FLAKKEBJERG,2017-06-30,30,06,2017,181,14,15.4,14.6,34.3,619.3,1293.8,249.4
FLAKKEBJERG,2017-07-01,01,07,2017,182,13.2,20.5,15.5,1.8,629.8,1309.3,251.2
FLAKKEBJERG,2017-07-02,02,07,2017,183,12.6,18.3,15,0.4,639.8,1324.3,251.6
FLAKKEBJERG,2017-07-03,03,07,2017,184,11.7,17.6,14.1,14.3,648.9,1338.4,265.9
FLAKKEBJERG,2017-07-04,04,07,2017,185,11.3,18.5,14.3,0,658.2,1352.7,265.9
FLAKKEBJERG,2017-07-05,05,07,2017,186,10.5,19.9,14.7,0,667.9,1367.4,265.9
FLAKKEBJERG,2017-07-06,06,07,2017,187,6.3,19.4,14,0,676.9,1381.4,265.9
FLAKKEBJERG,2017-07-07,07,07,2017,188,10.2,20,16.1,0.1,688,1397.5,266
FLAKKEBJERG,2017-07-08,08,07,2017,189,12.2,22.1,16.4,0.1,699.4,1413.9,266.1
FLAKKEBJERG,2017-07-09,09,07,2017,190,9.4,19.2,14.8,0,709.2,1428.7,266.1
FLAKKEBJERG,2017-07-10,10,07,2017,191,7.3,19.4,13.9,3.7,718.1,1442.6,269.8
FLAKKEBJERG,2017-07-11,11,07,2017,192,8.2,20.8,15.3,0.1,728.4,1457.9,269.9
FLAKKEBJERG,2017-07-12,12,07,2017,193,13,17.2,14.3,2.8,737.7,1472.2,272.7
FLAKKEBJERG,2017-07-13,13,07,2017,194,10.1,18.4,14.5,0,747.2,1486.7,272.7
FLAKKEBJERG,2017-07-14,14,07,2017,195,8.8,19.6,14.5,0,756.7,1501.2,272.7
FLAKKEBJERG,2017-07-15,15,07,2017,196,6.1,21.9,15.2,0,766.9,1516.4,272.7
FLAKKEBJERG,2017-07-16,16,07,2017,197,11.2,18.9,14.9,7.2,776.8,1531.3,279.9
FLAKKEBJERG,2017-07-17,17,07,2017,198,9.8,20.5,15.4,0,787.2,1546.7,279.9
FLAKKEBJERG,2017-07-18,18,07,2017,199,11.3,18.9,15.2,0,797.4,1561.9,279.9
FLAKKEBJERG,2017-07-19,19,07,2017,200,8.6,21.8,16.2,0,808.6,1578.1,279.9
FLAKKEBJERG,2017-07-20,20,07,2017,201,13.2,22,16.8,1.9,820.4,1594.9,281.8
FLAKKEBJERG,2017-07-21,21,07,2017,202,14.9,21.2,17.5,0,832.9,1612.4,281.8
FLAKKEBJERG,2017-07-22,22,07,2017,203,14.8,20.3,16.8,0.4,844.7,1629.2,282.2
FLAKKEBJERG,2017-07-23,23,07,2017,204,12.3,19.2,16.2,11.6,855.9,1645.4,293.8
FLAKKEBJERG,2017-07-24,24,07,2017,205,8.9,22.3,15.7,11.1,866.6,1661.1,304.9
FLAKKEBJERG,2017-07-25,25,07,2017,206,13.9,16.8,15.4,2.7,877,1676.5,307.6
FLAKKEBJERG,2017-07-26,26,07,2017,207,12.9,22.7,17.8,0,889.8,1694.3,307.6
FLAKKEBJERG,2017-07-27,27,07,2017,208,10.4,20.3,15.9,1.4,900.7,1710.2,309
FLAKKEBJERG,2017-07-28,28,07,2017,209,9,20.5,15.8,0,911.5,1726,309
FLAKKEBJERG,2017-07-29,29,07,2017,210,11.9,22,16.1,1.8,922.6,1742.1,310.8
FLAKKEBJERG,2017-07-30,30,07,2017,211,11.9,25,18.3,12.7,935.9,1760.4,323.5
FLAKKEBJERG,2017-07-31,31,07,2017,212,10.7,23.1,17.6,0.1,948.5,1778,323.6
FLAKKEBJERG,2017-08-01,01,08,2017,213,12.2,23.5,17.8,0.1,961.3,1795.8,323.7
FLAKKEBJERG,2017-08-02,02,08,2017,214,13.8,22.9,18.1,0,974.4,1813.9,323.7
FLAKKEBJERG,2017-08-03,03,08,2017,215,12.8,19.2,16.7,10.5,986.1,1830.6,334.2
FLAKKEBJERG,2017-08-04,04,08,2017,216,15,20.6,17.2,3.7,998.3,1847.8,337.9
FLAKKEBJERG,2017-08-05,05,08,2017,217,14.1,21.3,17.2,0.1,1010.5,1865,338
FLAKKEBJERG,2017-08-06,06,08,2017,218,12.6,21,16.2,0,1021.7,1881.2,338
FLAKKEBJERG,2017-08-07,07,08,2017,219,9.8,22.5,16.9,0,1033.6,1898.1,338
FLAKKEBJERG,2017-08-08,08,08,2017,220,11.1,25.1,18,0.1,1046.6,1916.1,338.1
FLAKKEBJERG,2017-08-09,09,08,2017,221,15.3,22.5,18.5,0.3,1060.1,1934.6,338.4
FLAKKEBJERG,2017-08-10,10,08,2017,222,11.7,21.3,16.8,0,1071.9,1951.4,338.4
FLAKKEBJERG,2017-08-11,11,08,2017,223,10.1,18.6,14.8,0.1,1081.7,1966.2,338.5
FLAKKEBJERG,2017-08-12,12,08,2017,224,14,17.3,15.3,2.1,1092,1981.5,340.6
FLAKKEBJERG,2017-08-13,13,08,2017,225,10.9,19.9,15.5,0,1102.5,1997,340.6
FLAKKEBJERG,2017-08-14,14,08,2017,226,6.4,20.2,14,0,1111.5,2011,340.6
FLAKKEBJERG,2017-08-15,15,08,2017,227,10.3,25.1,18.8,6.5,1125.3,2029.8,347.1
FLAKKEBJERG,2017-08-16,16,08,2017,228,13.5,21.7,17.8,0.5,1138.1,2047.6,347.6
FLAKKEBJERG,2017-08-17,17,08,2017,229,10.1,22.9,17,6.2,1150.1,2064.6,353.8
FLAKKEBJERG,2017-08-18,18,08,2017,230,15.5,20,17.9,4.6,1163,2082.5,358.4
FLAKKEBJERG,2017-08-19,19,08,2017,231,13.7,19,16,1.9,1174,2098.5,360.3
FLAKKEBJERG,2017-08-20,20,08,2017,232,13.2,18.6,15.6,0.4,1184.6,2114.1,360.7
FLAKKEBJERG,2017-08-21,21,08,2017,233,13.3,19.6,15.8,1,1195.4,2129.9,361.7
FLAKKEBJERG,2017-08-22,22,08,2017,234,10.9,19.2,15.3,0,1205.7,2145.2,361.7
FLAKKEBJERG,2017-08-23,23,08,2017,235,9.1,20.5,15,0,1215.7,2160.2,361.7
FLAKKEBJERG,2017-08-24,24,08,2017,236,7.8,20.2,14.9,0.1,1225.6,2175.1,361.8
FLAKKEBJERG,2017-08-25,25,08,2017,237,13.4,21.4,16.8,0,1237.4,2191.9,361.8
FLAKKEBJERG,2017-08-26,26,08,2017,238,10.5,20.6,15.9,0,1248.3,2207.8,361.8
FLAKKEBJERG,2017-08-27,27,08,2017,239,11.9,19.4,15.8,0.1,1259.1,2223.6,361.9
FLAKKEBJERG,2017-08-28,28,08,2017,240,10.3,20.5,16,0,1270.1,2239.6,361.9
FLAKKEBJERG,2017-08-29,29,08,2017,241,14.6,23.9,19.1,0,1284.2,2258.7,361.9
FLAKKEBJERG,2017-08-30,30,08,2017,242,14.9,18.8,17.2,8.7,1296.4,2275.9,370.6
FLAKKEBJERG,2017-08-31,31,08,2017,243,12.8,16.8,15,6.2,1306.4,2290.9,376.8
FLAKKEBJERG,2017-09-01,01,09,2017,244,8.3,18.7,13.9,0,1315.3,2304.8,376.8
FLAKKEBJERG,2017-09-02,02,09,2017,245,8.3,17.9,13.3,0,1323.6,2318.1,376.8
FLAKKEBJERG,2017-09-03,03,09,2017,246,6,19.3,12.7,0,1331.3,2330.8,376.8
FLAKKEBJERG,2017-09-04,04,09,2017,247,7,17.7,13,0,1339.3,2343.8,376.8
FLAKKEBJERG,2017-09-05,05,09,2017,248,7.8,19.8,14.8,0,1349.1,2358.6,376.8
FLAKKEBJERG,2017-09-06,06,09,2017,249,13.9,16.7,15.6,16.8,1359.7,2374.2,393.6
FLAKKEBJERG,2017-09-07,07,09,2017,250,12.3,14.6,13.3,8.6,1368,2387.5,402.2
FLAKKEBJERG,2017-09-08,08,09,2017,251,12.9,15.9,14.2,6.6,1377.2,2401.7,408.8
FLAKKEBJERG,2017-09-09,09,09,2017,252,10.7,15.5,13.7,20.2,1385.9,2415.4,429
FLAKKEBJERG,2017-09-10,10,09,2017,253,9.4,17.4,13.8,0,1394.7,2429.2,429
FLAKKEBJERG,2017-09-11,11,09,2017,254,12.7,18.2,14.8,3.2,1404.5,2444,432.2
FLAKKEBJERG,2017-09-12,12,09,2017,255,12.8,17.1,14.7,0.2,1414.2,2458.7,432.4
FLAKKEBJERG,2017-09-13,13,09,2017,256,11.1,14.6,12.7,20.1,1421.9,2471.4,452.5
FLAKKEBJERG,2017-09-14,14,09,2017,257,10.5,14,12.3,9.4,1429.2,2483.7,461.9
FLAKKEBJERG,2017-09-15,15,09,2017,258,10.9,16.1,12.8,0.2,1437,2496.5,462.1
FLAKKEBJERG,2017-09-16,16,09,2017,259,7.4,14.5,11.8,1.4,1443.8,2508.3,463.5
FLAKKEBJERG,2017-09-17,17,09,2017,260,6.6,16.7,11.1,0,1449.9,2519.4,463.5
FLAKKEBJERG,2017-09-18,18,09,2017,261,4.7,16.2,10.4,0,1455.3,2529.8,463.5
FLAKKEBJERG,2017-09-19,19,09,2017,262,8,16.9,12.5,2.9,1462.8,2542.3,466.4
FLAKKEBJERG,2017-09-20,20,09,2017,263,11.4,16.2,13.3,1.7,1471.1,2555.6,468.1
FLAKKEBJERG,2017-09-21,21,09,2017,264,9.4,17,13.2,0.5,1479.3,2568.8,468.6
FLAKKEBJERG,2017-09-22,22,09,2017,265,6.5,15.8,10.7,0,1485,2579.5,468.6
FLAKKEBJERG,2017-09-23,23,09,2017,266,5.9,16.3,11.8,0,1491.8,2591.3,468.6
FLAKKEBJERG,2017-09-24,24,09,2017,267,13.4,19.5,15.2,0,1502,2606.5,468.6
FLAKKEBJERG,2017-09-25,25,09,2017,268,12.6,18.6,14.6,3.7,1511.6,2621.1,472.3
FLAKKEBJERG,2017-09-26,26,09,2017,269,12.8,17.5,14.6,0,1521.2,2635.7,472.3
FLAKKEBJERG,2017-09-27,27,09,2017,270,12.8,16.9,14.5,7.2,1530.7,2650.2,479.5
FLAKKEBJERG,2017-09-28,28,09,2017,271,12.9,15,13.8,0,1539.5,2664,479.5
FLAKKEBJERG,2017-09-29,29,09,2017,272,12.6,17.1,14.1,0,1548.6,2678.1,479.5
FLAKKEBJERG,2017-09-30,30,09,2017,273,11.3,15.4,13.3,0,1556.9,2691.4,479.5
FLAKKEBJERG,2017-10-01,01,10,2017,274,11.1,16.3,13.2,6.1,1565.1,2704.6,485.6
FLAKKEBJERG,2017-10-02,02,10,2017,275,11.3,16.1,13,13.2,1573.1,2717.6,498.8
FLAKKEBJERG,2017-10-03,03,10,2017,276,11,15.3,12.8,1.4,1580.9,2730.4,500.2
FLAKKEBJERG,2017-10-04,04,10,2017,277,7.7,12.3,11,5.3,1586.9,2741.4,505.5
FLAKKEBJERG,2017-10-05,05,10,2017,278,8.8,12,10.4,2.5,1592.3,2751.8,508
FLAKKEBJERG,2017-10-06,06,10,2017,279,9.4,14.4,11.2,1.9,1598.5,2763,509.9
FLAKKEBJERG,2017-10-07,07,10,2017,280,8.4,12.2,10.4,2,1603.9,2773.4,511.9
FLAKKEBJERG,2017-10-08,08,10,2017,281,5.7,11.4,9.1,0,1608,2782.5,511.9
FLAKKEBJERG,2017-10-09,09,10,2017,282,4.4,12.6,8.7,0,1611.7,2791.2,511.9
FLAKKEBJERG,2017-10-10,10,10,2017,283,2.4,12.9,8.4,0.4,1615.1,2799.6,512.3
FLAKKEBJERG,2017-10-11,11,10,2017,284,11.2,14.3,12.8,0,1622.9,2812.4,512.3
FLAKKEBJERG,2017-10-12,12,10,2017,285,10.3,13.8,12.2,2.3,1630.1,2824.6,514.6
FLAKKEBJERG,2017-10-13,13,10,2017,286,9,14.5,11.9,0,1637,2836.5,514.6
FLAKKEBJERG,2017-10-14,14,10,2017,287,13.9,15.8,14.9,0,1646.9,2851.4,514.6
FLAKKEBJERG,2017-10-15,15,10,2017,288,12.8,15,14.1,0,1656,2865.5,514.6
FLAKKEBJERG,2017-10-16,16,10,2017,289,10.7,16.9,13.8,0.1,1664.8,2879.3,514.7
FLAKKEBJERG,2017-10-17,17,10,2017,290,11.6,14.8,13.6,0,1673.4,2892.9,514.7
FLAKKEBJERG,2017-10-18,18,10,2017,291,11.3,13.6,12.3,3,1680.7,2905.2,517.7
FLAKKEBJERG,2017-10-19,19,10,2017,292,11.2,13.1,11.8,0.7,1687.5,2917,518.4
FLAKKEBJERG,2017-10-20,20,10,2017,293,11.1,12.3,11.8,3,1694.3,2928.8,521.4
FLAKKEBJERG,2017-10-21,21,10,2017,294,9.6,13.9,11.7,1,1701,2940.5,522.4
FLAKKEBJERG,2017-10-22,22,10,2017,295,9.5,13.1,11.3,7.5,1707.3,2951.8,529.9
FLAKKEBJERG,2017-10-23,23,10,2017,296,8.5,12.1,9.9,5.6,1712.2,2961.7,535.5
FLAKKEBJERG,2017-10-24,24,10,2017,297,8.2,13.1,10.3,7.6,1717.5,2972,543.1
FLAKKEBJERG,2017-10-25,25,10,2017,298,10.9,14.4,13.1,2,1725.6,2985.1,545.1
FLAKKEBJERG,2017-10-26,26,10,2017,299,10.5,13.5,11.6,2.6,1732.2,2996.7,547.7
FLAKKEBJERG,2017-10-27,27,10,2017,300,9.2,11,10.2,1,1737.4,3006.9,548.7
FLAKKEBJERG,2017-10-28,28,10,2017,301,9.5,11.9,10.6,0.7,1743,3017.5,549.4
FLAKKEBJERG,2017-10-29,29,10,2017,302,4.2,10.4,8,8.9,1746,3025.5,558.3
FLAKKEBJERG,2017-10-30,30,10,2017,303,2,8.7,5.8,0.4,1746.8,3031.3,558.7
FLAKKEBJERG,2017-10-31,31,10,2017,304,1.6,9.7,7.2,0,1749,3038.5,558.7
FLAKKEBJERG,2017-11-01,01,11,2017,305,9.5,13.1,11.6,0.5,1755.6,3050.1,559.2
FLAKKEBJERG,2017-11-02,02,11,2017,306,9.3,11.5,10.4,1.9,1761,3060.5,561.1
FLAKKEBJERG,2017-11-03,03,11,2017,307,6.6,10.3,9.1,0.2,1765.1,3069.6,561.3
FLAKKEBJERG,2017-11-04,04,11,2017,308,8.5,11.4,9.5,0,1769.6,3079.1,561.3
FLAKKEBJERG,2017-11-05,05,11,2017,309,6,11.2,9.5,0.1,1774.1,3088.6,561.4
FLAKKEBJERG,2017-11-06,06,11,2017,310,0.3,9.4,5.4,0,1774.5,3094,561.4
FLAKKEBJERG,2017-11-07,07,11,2017,311,-0.8,9.2,3.5,0,1774.5,3097.5,561.4
FLAKKEBJERG,2017-11-08,08,11,2017,312,0.9,9.4,5.8,0,1775.3,3103.3,561.4
FLAKKEBJERG,2017-11-09,09,11,2017,313,5.9,8.9,7.5,0.9,1777.8,3110.8,562.3
FLAKKEBJERG,2017-11-10,10,11,2017,314,4.9,9,6.7,3.1,1779.5,3117.5,565.4
FLAKKEBJERG,2017-11-11,11,11,2017,315,4.1,6.6,5,0,1779.5,3122.5,565.4
FLAKKEBJERG,2017-11-12,12,11,2017,316,2.1,7.2,5.4,0,1779.9,3127.9,565.4
FLAKKEBJERG,2017-11-13,13,11,2017,317,-0.5,6.6,3.4,0,1779.9,3131.3,565.4
FLAKKEBJERG,2017-11-14,14,11,2017,318,-0.7,8.4,5.4,2.9,1780.3,3136.7,568.3
FLAKKEBJERG,2017-11-15,15,11,2017,319,1.6,8.9,6.3,0.1,1781.6,3143,568.4
FLAKKEBJERG,2017-11-16,16,11,2017,320,0.3,9.1,5.9,2,1782.5,3148.9,570.4
FLAKKEBJERG,2017-11-17,17,11,2017,321,4.6,8.5,6.4,0,1783.9,3155.3,570.4
FLAKKEBJERG,2017-11-18,18,11,2017,322,4.4,7,5.7,3.4,1784.6,3161,573.8
FLAKKEBJERG,2017-11-19,19,11,2017,323,0.4,6.3,4.4,1.4,1784.6,3165.4,575.2
FLAKKEBJERG,2017-11-20,20,11,2017,324,0.1,5.7,3.2,0.2,1784.6,3168.6,575.4
FLAKKEBJERG,2017-11-21,21,11,2017,325,1.1,4.6,3.3,0.3,1784.6,3171.9,575.7
FLAKKEBJERG,2017-11-22,22,11,2017,326,3.8,10.1,7.6,9.9,1787.2,3179.5,585.6
FLAKKEBJERG,2017-11-23,23,11,2017,327,7.1,10.9,8.7,0.3,1790.9,3188.2,585.9
FLAKKEBJERG,2017-11-24,24,11,2017,328,3.3,7.8,6.4,1.2,1792.3,3194.6,587.1
FLAKKEBJERG,2017-11-25,25,11,2017,329,-0.1,6,3,0,1792.3,3197.6,587.1
FLAKKEBJERG,2017-11-26,26,11,2017,330,2.8,6.1,4.7,1.9,1792.3,3202.3,589
FLAKKEBJERG,2017-11-27,27,11,2017,331,3.5,6.2,5,8.8,1792.3,3207.3,597.8
FLAKKEBJERG,2017-11-28,28,11,2017,332,3.7,5.9,4.7,6.7,1792.3,3212,604.5
FLAKKEBJERG,2017-11-29,29,11,2017,333,-0.1,5,2.7,1.1,1792.3,3214.7,605.6
FLAKKEBJERG,2017-11-30,30,11,2017,334,-1.2,5,1.1,0,1792.3,3215.8,605.6
FLAKKEBJERG,2017-12-01,01,12,2017,335,-0.1,3.4,1.9,0,1792.3,3217.7,605.6
FLAKKEBJERG,2017-12-02,02,12,2017,336,-0.6,3.9,2,0.1,1792.3,3219.7,605.7
FLAKKEBJERG,2017-12-03,03,12,2017,337,2.6,6.8,4.5,4.2,1792.3,3224.2,609.9
FLAKKEBJERG,2017-12-04,04,12,2017,338,2.4,5.1,3.6,0,1792.3,3227.8,609.9
FLAKKEBJERG,2017-12-05,05,12,2017,339,2.8,8.4,7.2,0.3,1794.5,3235,610.2
FLAKKEBJERG,2017-12-06,06,12,2017,340,6.8,8.7,7.9,0,1797.4,3242.9,610.2
FLAKKEBJERG,2017-12-07,07,12,2017,341,4.9,8.7,6.2,3.5,1798.6,3249.1,613.7
FLAKKEBJERG,2017-12-08,08,12,2017,342,2.3,6.3,4.1,0,1798.6,3253.2,613.7
FLAKKEBJERG,2017-12-09,09,12,2017,343,1.2,4.9,3,0,1798.6,3256.2,613.7
FLAKKEBJERG,2017-12-10,10,12,2017,344,-1.1,2,1,0.9,1798.6,3257.2,614.6
FLAKKEBJERG,2017-12-11,11,12,2017,345,-1,0.5,0,2.9,1798.6,3257.2,617.5
FLAKKEBJERG,2017-12-12,12,12,2017,346,-0.2,2.8,1,1.9,1798.6,3258.2,619.4
FLAKKEBJERG,2017-12-13,13,12,2017,347,1.4,2.8,2,5.9,1798.6,3260.2,625.3
FLAKKEBJERG,2017-12-14,14,12,2017,348,0.6,5,2.8,3.6,1798.6,3263,628.9
FLAKKEBJERG,2017-12-15,15,12,2017,349,0.9,4,3,0.1,1798.6,3266,629
FLAKKEBJERG,2017-12-16,16,12,2017,350,-1.7,2.7,1,0,1798.6,3267,629
FLAKKEBJERG,2017-12-17,17,12,2017,351,-0.8,2.3,0.6,0,1798.6,3267.6,629
FLAKKEBJERG,2017-12-18,18,12,2017,352,0.3,3.3,1.6,0,1798.6,3269.2,629
FLAKKEBJERG,2017-12-19,19,12,2017,353,2.1,4.1,3,0,1798.6,3272.2,629
FLAKKEBJERG,2017-12-20,20,12,2017,354,2.3,6.5,4.5,0,1798.6,3276.7,629
FLAKKEBJERG,2017-12-21,21,12,2017,355,3.4,6.9,5.2,0,1798.8,3281.9,629
FLAKKEBJERG,2017-12-22,22,12,2017,356,4,5.6,4.8,0,1798.8,3286.7,629
FLAKKEBJERG,2017-12-23,23,12,2017,357,5,9.5,7.5,0,1801.3,3294.2,629
FLAKKEBJERG,2017-12-24,24,12,2017,358,7.2,9.4,8.2,1.4,1804.5,3302.4,630.4
FLAKKEBJERG,2017-12-25,25,12,2017,359,5.9,8.2,7.3,0.2,1806.8,3309.7,630.6
FLAKKEBJERG,2017-12-26,26,12,2017,360,3.4,6.1,5,0.3,1806.8,3314.7,630.9
FLAKKEBJERG,2017-12-27,27,12,2017,361,2.1,4.6,3.8,5.2,1806.8,3318.5,636.1
FLAKKEBJERG,2017-12-28,28,12,2017,362,2.9,4.4,3.7,0,1806.8,3322.2,636.1
FLAKKEBJERG,2017-12-29,29,12,2017,363,0.4,4.2,2.9,0,1806.8,3325.1,636.1
FLAKKEBJERG,2017-12-30,30,12,2017,364,0.5,4.2,2.2,5,1806.8,3327.3,641.1
FLAKKEBJERG,2017-12-31,31,12,2017,365,1,7.9,4.3,3,1806.8,3331.6,644.1
FLAKKEBJERG,2018-01-01,01,01,2018,1,4.3,7.4,5.7,5.8,0.7,5.7,5.8
FLAKKEBJERG,2018-01-02,02,01,2018,2,2.8,5.7,4.4,0,0.7,10.1,5.8
FLAKKEBJERG,2018-01-03,03,01,2018,3,0.8,6,3.3,17.7,0.7,13.4,23.5
FLAKKEBJERG,2018-01-04,04,01,2018,4,0.1,4.4,3,4.6,0.7,16.4,28.099999999999998
FLAKKEBJERG,2018-01-05,05,01,2018,5,0.3,3.5,2.4,4.3,0.7,18.8,32.4
FLAKKEBJERG,2018-01-06,06,01,2018,6,-1.5,2.7,0.4,2.7,0.7,19.2,35.1
FLAKKEBJERG,2018-01-07,07,01,2018,7,-4.5,1.5,-1.8,0,0.7,19.2,35.1
FLAKKEBJERG,2018-01-08,08,01,2018,8,-4.9,3,-1.7,0,0.7,19.2,35.1
FLAKKEBJERG,2018-01-09,09,01,2018,9,0.1,4.3,2.3,0,0.7,21.5,35.1
FLAKKEBJERG,2018-01-10,10,01,2018,10,1.2,3.4,2,14.7,0.7,23.5,49.8
FLAKKEBJERG,2018-01-11,11,01,2018,11,1.7,3.4,2.6,1.8,0.7,26.1,51.6
FLAKKEBJERG,2018-01-12,12,01,2018,12,0.7,2.3,1.7,0.4,0.7,27.8,52
FLAKKEBJERG,2018-01-13,13,01,2018,13,-1,1.9,0.6,0,0.7,28.4,52
FLAKKEBJERG,2018-01-14,14,01,2018,14,-2.2,0.1,-0.9,0,0.7,28.4,52
FLAKKEBJERG,2018-01-15,15,01,2018,15,-1.7,2.4,0.3,3.3,0.7,28.7,55.3
FLAKKEBJERG,2018-01-16,16,01,2018,16,0.8,3.7,2.3,5.8,0.7,31,61.099999999999994
FLAKKEBJERG,2018-01-17,17,01,2018,17,0.9,2.1,1.3,0.1,0.7,32.3,61.199999999999996
FLAKKEBJERG,2018-01-18,18,01,2018,18,0.2,2.1,1.1,3,0.7,33.4,64.2
FLAKKEBJERG,2018-01-19,19,01,2018,19,0.1,2.7,1.5,0.4,0.7,34.9,64.6
FLAKKEBJERG,2018-01-20,20,01,2018,20,0.3,2,1.4,0,0.7,36.3,64.6
FLAKKEBJERG,2018-01-21,21,01,2018,21,-2.6,2.4,-0.2,0,0.7,36.3,64.6
FLAKKEBJERG,2018-01-22,22,01,2018,22,-1.1,0.3,-0.2,0.6,0.7,36.3,65.2
FLAKKEBJERG,2018-01-23,23,01,2018,23,-0.3,5,1.5,2.1,0.7,37.8,67.3
FLAKKEBJERG,2018-01-24,24,01,2018,24,4.9,10.5,7.7,2.9,3.4,45.5,70.2
FLAKKEBJERG,2018-01-25,25,01,2018,25,4.4,6.3,5.5,0.2,3.9,51,70.39999999999999
FLAKKEBJERG,2018-01-26,26,01,2018,26,2.4,4.9,3.5,0.1,3.9,54.5,70.5
FLAKKEBJERG,2018-01-27,27,01,2018,27,3,5.9,4.5,0.2,3.9,59,70.7
FLAKKEBJERG,2018-01-28,28,01,2018,28,3.5,6.9,5.4,0.2,4.3,64.4,70.89999999999999
FLAKKEBJERG,2018-01-29,29,01,2018,29,4.1,7.9,6.4,0.3,5.7,70.8,71.2
FLAKKEBJERG,2018-01-30,30,01,2018,30,3.2,5.8,4.4,0,5.7,75.2,71.2
FLAKKEBJERG,2018-01-31,31,01,2018,31,2.2,6.1,3.7,5.1,5.7,78.9,76.3
FLAKKEBJERG,2018-02-01,01,02,2018,32,1.6,3.5,2.7,1.9,5.7,81.6,78.2
FLAKKEBJERG,2018-02-02,02,02,2018,33,-2.3,3.1,1.9,6.5,5.7,83.5,84.7
FLAKKEBJERG,2018-02-03,03,02,2018,34,-3.4,-0.9,-2,0,5.7,83.5,84.7
FLAKKEBJERG,2018-02-04,04,02,2018,35,-3.2,0.9,-0.8,0,5.7,83.5,84.7
FLAKKEBJERG,2018-02-05,05,02,2018,36,-5.3,-1.2,-3.2,0,5.7,83.5,84.7
FLAKKEBJERG,2018-02-06,06,02,2018,37,-6.8,-1.9,-3.9,0,5.7,83.5,84.7
FLAKKEBJERG,2018-02-07,07,02,2018,38,-5.5,-0.5,-2.4,0,5.7,83.5,84.7
FLAKKEBJERG,2018-02-08,08,02,2018,39,-3.9,1.4,-1.5,0,5.7,83.5,84.7
FLAKKEBJERG,2018-02-09,09,02,2018,40,-3.5,0,-1.8,0,5.7,83.5,84.7
FLAKKEBJERG,2018-02-10,10,02,2018,41,-4.6,0.8,-1.7,0,5.7,83.5,84.7
FLAKKEBJERG,2018-02-11,11,02,2018,42,-0.5,2.8,0.9,2.2,5.7,84.4,86.89999999999999
FLAKKEBJERG,2018-02-12,12,02,2018,43,0.9,3.1,2,0.5,5.7,86.4,87.39999999999999
FLAKKEBJERG,2018-02-13,13,02,2018,44,-0.6,1.4,0.6,0,5.7,87,87.39999999999999
FLAKKEBJERG,2018-02-14,14,02,2018,45,-1.9,3.4,0.4,0,5.7,87.4,87.39999999999999
FLAKKEBJERG,2018-02-15,15,02,2018,46,-1.3,0.8,-0.4,0.6,5.7,87.4,88
FLAKKEBJERG,2018-02-16,16,02,2018,47,0.4,4.8,2.4,1,5.7,89.8,89
FLAKKEBJERG,2018-02-17,17,02,2018,48,1,4.2,2.3,0.8,5.7,92.1,89.8
FLAKKEBJERG,2018-02-18,18,02,2018,49,0.2,3.3,1.7,0,5.7,93.8,89.8
FLAKKEBJERG,2018-02-19,19,02,2018,50,-0.2,3.5,1,2.9,5.7,94.8,92.7
FLAKKEBJERG,2018-02-20,20,02,2018,51,-0.7,3.5,1,0,5.7,95.8,92.7
FLAKKEBJERG,2018-02-21,21,02,2018,52,-0.5,3.1,0.8,0.9,5.7,96.6,93.6
FLAKKEBJERG,2018-02-22,22,02,2018,53,-2.3,2.1,-0.2,1,5.7,96.6,94.6
FLAKKEBJERG,2018-02-23,23,02,2018,54,-4.1,1.9,-1.2,0,5.7,96.6,94.6
FLAKKEBJERG,2018-02-24,24,02,2018,55,-3.8,-0.5,-1.8,0,5.7,96.6,94.6
FLAKKEBJERG,2018-02-25,25,02,2018,56,-6.2,-2,-4,0,5.7,96.6,94.6
FLAKKEBJERG,2018-02-26,26,02,2018,57,-7.7,-0.8,-4.4,0,5.7,96.6,94.6
FLAKKEBJERG,2018-02-27,27,02,2018,58,-8.3,-4.1,-6.2,0.1,5.7,96.6,94.7
FLAKKEBJERG,2018-02-28,28,02,2018,59,-9.4,-5.5,-7.6,0.2,5.7,96.6,94.89999999999999
FLAKKEBJERG,2018-03-01,01,03,2018,60,-7.9,-3.4,-5.6,0.1,5.7,96.6,95
FLAKKEBJERG,2018-03-02,02,03,2018,61,-6.2,-2.6,-4.4,0.3,5.7,96.6,95.3
FLAKKEBJERG,2018-03-03,03,03,2018,62,-4.7,-0.5,-2.9,0.2,5.7,96.6,95.5
FLAKKEBJERG,2018-03-04,04,03,2018,63,-4.8,-0.7,-2.7,0,5.7,96.6,95.5
FLAKKEBJERG,2018-03-05,05,03,2018,64,-2.5,2.5,-0.5,1.4,5.7,96.6,96.89999999999999
FLAKKEBJERG,2018-03-06,06,03,2018,65,-3.2,6.4,1.7,0,5.7,98.3,96.89999999999999
FLAKKEBJERG,2018-03-07,07,03,2018,66,-0.3,2,0.4,3.2,5.7,98.7,100.1
FLAKKEBJERG,2018-03-08,08,03,2018,67,-1.1,2,0.2,7.8,5.7,98.9,107.89999999999999
FLAKKEBJERG,2018-03-09,09,03,2018,68,-0.9,1.9,0.6,0.2,5.7,99.5,108.1
FLAKKEBJERG,2018-03-10,10,03,2018,69,-1.6,1.9,0,4.5,5.7,99.5,112.6
FLAKKEBJERG,2018-03-11,11,03,2018,70,0.8,4.7,2.8,4,5.7,102.3,116.6
FLAKKEBJERG,2018-03-12,12,03,2018,71,2.5,5.4,4,11.1,5.7,106.3,127.7
FLAKKEBJERG,2018-03-13,13,03,2018,72,1.1,3.4,2.1,5.5,5.7,108.4,133.2
FLAKKEBJERG,2018-03-14,14,03,2018,73,0.6,3.6,1.8,0,5.7,110.2,133.2
FLAKKEBJERG,2018-03-15,15,03,2018,74,-0.6,1.3,0.3,0,5.7,110.5,133.2
FLAKKEBJERG,2018-03-16,16,03,2018,75,-4.5,-0.2,-1.9,0.1,5.7,110.5,133.29999999999998
FLAKKEBJERG,2018-03-17,17,03,2018,76,-5.4,-1,-3.5,0.1,5.7,110.5,133.4
FLAKKEBJERG,2018-03-18,18,03,2018,77,-4.9,0.9,-2.1,0.6,5.7,110.5,134
FLAKKEBJERG,2018-03-19,19,03,2018,78,-6.4,2.7,-1.2,0,5.7,110.5,134
FLAKKEBJERG,2018-03-20,20,03,2018,79,-2.5,4.2,1,0.3,5.7,111.5,134.29999999999998
FLAKKEBJERG,2018-03-21,21,03,2018,80,-2.6,5.7,1.3,0.9,5.7,112.8,135.2
FLAKKEBJERG,2018-03-22,22,03,2018,81,-0.2,2.8,1.1,5.1,5.7,113.9,140.29999999999998
FLAKKEBJERG,2018-03-23,23,03,2018,82,-0.2,1.9,0.8,0,5.7,114.7,140.29999999999998
FLAKKEBJERG,2018-03-24,24,03,2018,83,1.1,4.8,2.8,0,5.7,117.5,140.29999999999998
FLAKKEBJERG,2018-03-25,25,03,2018,84,2.7,5.7,4,0.4,5.7,121.5,140.7
FLAKKEBJERG,2018-03-26,26,03,2018,85,0.7,6.4,3.5,0,5.7,125,140.7
FLAKKEBJERG,2018-03-27,27,03,2018,86,0.9,5.6,3.1,0,5.7,128.1,140.7
FLAKKEBJERG,2018-03-28,28,03,2018,87,-1.7,0.9,-0.2,1,5.7,128.1,141.7
FLAKKEBJERG,2018-03-29,29,03,2018,88,-0.6,0.7,0.2,0.9,5.7,128.3,142.6
FLAKKEBJERG,2018-03-30,30,03,2018,89,-3.3,4.3,0.6,0,5.7,128.9,142.6
FLAKKEBJERG,2018-03-31,31,03,2018,90,-0.9,2.1,0.5,0.3,5.7,129.4,142.9
FLAKKEBJERG,2018-04-01,01,04,2018,91,0.1,2.3,1,0.1,5.7,130.4,143
FLAKKEBJERG,2018-04-02,02,04,2018,92,-1.2,6.4,2.3,0,5.7,132.7,143
FLAKKEBJERG,2018-04-03,03,04,2018,93,0.4,8.6,4.1,4.5,5.7,136.8,147.5
FLAKKEBJERG,2018-04-04,04,04,2018,94,7.3,11.7,9.2,1.3,9.9,146,148.79999999999998
FLAKKEBJERG,2018-04-05,05,04,2018,95,2.8,9.9,6.3,1.2,11.2,152.3,150
FLAKKEBJERG,2018-04-06,06,04,2018,96,1.9,9.9,5.3,0,11.5,157.6,150
FLAKKEBJERG,2018-04-07,07,04,2018,97,3.7,13.4,7.9,0,14.4,165.5,150
FLAKKEBJERG,2018-04-08,08,04,2018,98,5.1,17.7,11.5,0,20.9,177,150
FLAKKEBJERG,2018-04-09,09,04,2018,99,7.4,17.5,11.9,0,27.8,188.9,150
FLAKKEBJERG,2018-04-10,10,04,2018,100,4.8,11.8,7.9,0,30.7,196.8,150
FLAKKEBJERG,2018-04-11,11,04,2018,101,2.9,11.3,6.3,0,32,203.1,150
FLAKKEBJERG,2018-04-12,12,04,2018,102,4.1,13.8,8.3,0,35.3,211.4,150
FLAKKEBJERG,2018-04-13,13,04,2018,103,7.6,14.8,10.7,0.5,41,222.1,150.5
FLAKKEBJERG,2018-04-14,14,04,2018,104,6.4,11.2,8.3,0.2,44.3,230.4,150.7
FLAKKEBJERG,2018-04-15,15,04,2018,105,4.6,8.8,7,0.7,46.3,237.4,151.4
FLAKKEBJERG,2018-04-16,16,04,2018,106,2.8,14.5,8.7,0,50,246.1,151.4
FLAKKEBJERG,2018-04-17,17,04,2018,107,5.7,14.7,9.4,0,54.4,255.5,151.4
FLAKKEBJERG,2018-04-18,18,04,2018,108,6.5,19.7,12.9,0,62.3,268.4,151.4
FLAKKEBJERG,2018-04-19,19,04,2018,109,6.2,21.3,14.6,0,71.9,283,151.4
FLAKKEBJERG,2018-04-20,20,04,2018,110,10.5,23.9,16.4,0,83.3,299.4,151.4
FLAKKEBJERG,2018-04-21,21,04,2018,111,7.2,17,11.7,0,90,311.1,151.4
FLAKKEBJERG,2018-04-22,22,04,2018,112,3.2,16.4,10.5,0,95.5,321.6,151.4
FLAKKEBJERG,2018-04-23,23,04,2018,113,7.9,15.9,11.9,0,102.4,333.5,151.4
FLAKKEBJERG,2018-04-24,24,04,2018,114,7.4,13.3,9.7,0.1,107.1,343.2,151.5
FLAKKEBJERG,2018-04-25,25,04,2018,115,5.7,12.1,8,11,110.1,351.2,162.5
FLAKKEBJERG,2018-04-26,26,04,2018,116,6,11.6,8.3,14.1,113.4,359.5,176.6
FLAKKEBJERG,2018-04-27,27,04,2018,117,6.7,12.9,9.4,1.1,117.8,368.9,177.7
FLAKKEBJERG,2018-04-28,28,04,2018,118,7.1,16,10.9,2.1,123.7,379.8,179.79999999999998
FLAKKEBJERG,2018-04-29,29,04,2018,119,7.2,15.4,10.6,0,129.3,390.4,179.79999999999998
FLAKKEBJERG,2018-04-30,30,04,2018,120,7.9,16.7,10.7,10.4,135,401.1,190.2
FLAKKEBJERG,2018-05-01,01,05,2018,121,6.1,10.4,8.2,2.5,138.2,409.3,192.7
FLAKKEBJERG,2018-05-02,02,05,2018,122,4.4,13.4,9.3,0,142.5,418.6,192.7
FLAKKEBJERG,2018-05-03,03,05,2018,123,5.4,13.1,9,0,146.5,427.6,192.7
FLAKKEBJERG,2018-05-04,04,05,2018,124,1.9,12.9,8.1,0,149.6,435.7,192.7
FLAKKEBJERG,2018-05-05,05,05,2018,125,2.9,17.5,10.9,5.3,155.5,446.6,198
FLAKKEBJERG,2018-05-06,06,05,2018,126,4.7,19.4,13.4,0,163.9,460,198
FLAKKEBJERG,2018-05-07,07,05,2018,127,7.4,21.8,15.4,0,174.3,475.4,198
FLAKKEBJERG,2018-05-08,08,05,2018,128,7.6,22.9,15.9,0,185.2,491.3,198
FLAKKEBJERG,2018-05-09,09,05,2018,129,9.2,22.9,16.1,0,196.3,507.4,198
FLAKKEBJERG,2018-05-10,10,05,2018,130,10.5,23.5,16.2,7.1,207.5,523.6,205.1
FLAKKEBJERG,2018-05-11,11,05,2018,131,8.7,16.6,12.1,0.2,214.6,535.7,205.29999999999998
FLAKKEBJERG,2018-05-12,12,05,2018,132,6.4,18.6,12.8,0,222.4,548.5,205.29999999999998
FLAKKEBJERG,2018-05-13,13,05,2018,133,8,23.2,15.4,0,232.8,563.9,205.29999999999998
FLAKKEBJERG,2018-05-14,14,05,2018,134,11.2,25.1,18.1,0,245.9,582,205.29999999999998
FLAKKEBJERG,2018-05-15,15,05,2018,135,10.4,23.2,17.2,0,258.1,599.2,205.29999999999998
FLAKKEBJERG,2018-05-16,16,05,2018,136,10.3,24,17.8,0,270.9,617,205.29999999999998
FLAKKEBJERG,2018-05-17,17,05,2018,137,9.9,19.4,14.2,0,280.1,631.2,205.29999999999998
FLAKKEBJERG,2018-05-18,18,05,2018,138,8.5,18.8,14.2,0,289.3,645.4,205.29999999999998
FLAKKEBJERG,2018-05-19,19,05,2018,139,9.5,19.2,14.5,0,298.8,659.9,205.29999999999998
FLAKKEBJERG,2018-05-20,20,05,2018,140,6.5,20.4,14.2,0,308,674.1,205.29999999999998
FLAKKEBJERG,2018-05-21,21,05,2018,141,6.6,19.5,13.8,0,316.8,687.9,205.29999999999998
FLAKKEBJERG,2018-05-22,22,05,2018,142,9.3,22.7,15.6,0,327.4,703.5,205.29999999999998
FLAKKEBJERG,2018-05-23,23,05,2018,143,7.3,24.7,16.7,0,339.1,720.2,205.29999999999998
FLAKKEBJERG,2018-05-24,24,05,2018,144,9.7,22.7,16.8,0,350.9,737,205.29999999999998
FLAKKEBJERG,2018-05-25,25,05,2018,145,11.1,22.5,16.8,0,362.7,753.8,205.29999999999998
FLAKKEBJERG,2018-05-26,26,05,2018,146,11.9,24.7,17.6,0.2,375.3,771.4,205.5
FLAKKEBJERG,2018-05-27,27,05,2018,147,12.1,21.7,16.3,0.7,386.6,787.7,206.2
FLAKKEBJERG,2018-05-28,28,05,2018,148,13.3,21.4,16.6,5.3,398.2,804.3,211.5
FLAKKEBJERG,2018-05-29,29,05,2018,149,14.7,25.9,20.4,0,413.6,824.7,211.5
FLAKKEBJERG,2018-05-30,30,05,2018,150,14.4,26.8,20.7,0,429.3,845.4,211.5
FLAKKEBJERG,2018-05-31,31,05,2018,151,15.4,23.1,19,0,443.3,864.4,211.5
FLAKKEBJERG,2018-06-01,01,06,2018,152,13.6,26.6,19.9,0,458.2,884.3,211.5
FLAKKEBJERG,2018-06-02,02,06,2018,153,11.8,26.9,20.4,0,473.6,904.7,211.5
FLAKKEBJERG,2018-06-03,03,06,2018,154,13.1,24.3,18.6,0,487.2,923.3,211.5
FLAKKEBJERG,2018-06-04,04,06,2018,155,14.4,23.3,18.7,0,500.9,942,211.5
FLAKKEBJERG,2018-06-05,05,06,2018,156,13.2,24.1,18.5,0,514.4,960.5,211.5
FLAKKEBJERG,2018-06-06,06,06,2018,157,9.8,21.4,16.2,0,525.6,976.7,211.5
FLAKKEBJERG,2018-06-07,07,06,2018,158,9.5,23.6,17.2,0,537.8,993.9,211.5
FLAKKEBJERG,2018-06-08,08,06,2018,159,10,27.5,19.6,0,552.4,1013.5,211.5
FLAKKEBJERG,2018-06-09,09,06,2018,160,12.1,27.2,20.3,0,567.7,1033.8,211.5
FLAKKEBJERG,2018-06-10,10,06,2018,161,15.7,24.9,18.9,0.1,581.6,1052.7,211.6
FLAKKEBJERG,2018-06-11,11,06,2018,162,11.2,19.1,15.2,0,591.8,1067.9,211.6
FLAKKEBJERG,2018-06-12,12,06,2018,163,12.9,18.7,15.1,0.1,601.9,1083,211.7
FLAKKEBJERG,2018-06-13,13,06,2018,164,12,19,15,0,611.9,1098,211.7
FLAKKEBJERG,2018-06-14,14,06,2018,165,10.9,21.1,15.9,1.1,622.8,1113.9,212.79999999999998
FLAKKEBJERG,2018-06-15,15,06,2018,166,11,20.4,15.9,0,633.7,1129.8,212.79999999999998
FLAKKEBJERG,2018-06-16,16,06,2018,167,9,20.8,15.5,0.5,644.2,1145.3,213.29999999999998
FLAKKEBJERG,2018-06-17,17,06,2018,168,12.5,19.9,16.1,7,655.3,1161.4,220.29999999999998
FLAKKEBJERG,2018-06-18,18,06,2018,169,10.5,18.8,15.5,0,665.8,1176.9,220.29999999999998
FLAKKEBJERG,2018-06-19,19,06,2018,170,12,20.3,16.6,0,677.4,1193.5,220.29999999999998
FLAKKEBJERG,2018-06-20,20,06,2018,171,10.7,23.6,17.2,0,689.6,1210.7,220.29999999999998
FLAKKEBJERG,2018-06-21,21,06,2018,172,10.5,17,13.5,0.2,698.1,1224.2,220.5
FLAKKEBJERG,2018-06-22,22,06,2018,173,9.5,18.4,13.3,0,706.4,1237.5,220.5
FLAKKEBJERG,2018-06-23,23,06,2018,174,9.8,17.8,13.8,0,715.2,1251.3,220.5
FLAKKEBJERG,2018-06-24,24,06,2018,175,11.4,19.3,14.6,0,724.8,1265.9,220.5
FLAKKEBJERG,2018-06-25,25,06,2018,176,9.8,23.3,16.6,0,736.4,1282.5,220.5
FLAKKEBJERG,2018-06-26,26,06,2018,177,12.6,25.7,19.4,0,750.8,1301.9,220.5
FLAKKEBJERG,2018-06-27,27,06,2018,178,11.9,23.9,18.6,0,764.4,1320.5,220.5
FLAKKEBJERG,2018-06-28,28,06,2018,179,8.5,26.6,19,0,778.4,1339.5,220.5
FLAKKEBJERG,2018-06-29,29,06,2018,180,11,23.6,18.5,0,791.9,1358,220.5
FLAKKEBJERG,2018-06-30,30,06,2018,181,8.3,23.4,16.9,0,803.8,1374.9,220.5
FLAKKEBJERG,2018-07-01,01,07,2018,182,10.2,22.8,16.7,0,815.5,1391.6,220.5
FLAKKEBJERG,2018-07-02,02,07,2018,183,9.1,23.2,17.6,0,828.1,1409.2,220.5
FLAKKEBJERG,2018-07-03,03,07,2018,184,10.3,24.5,18.1,0,841.2,1427.3,220.5
FLAKKEBJERG,2018-07-04,04,07,2018,185,9.7,21.2,16.6,0,852.8,1443.9,220.5
FLAKKEBJERG,2018-07-05,05,07,2018,186,14.6,19.6,16.4,0.1,864.2,1460.3,220.6
FLAKKEBJERG,2018-07-06,06,07,2018,187,13,21.8,17.1,0,876.3,1477.4,220.6
FLAKKEBJERG,2018-07-07,07,07,2018,188,12.2,24.3,17.7,0,889,1495.1,220.6
FLAKKEBJERG,2018-07-08,08,07,2018,189,14.5,24.2,18.9,0,902.9,1514,220.6
FLAKKEBJERG,2018-07-09,09,07,2018,190,12.6,19.8,16.1,0,914,1530.1,220.6
FLAKKEBJERG,2018-07-10,10,07,2018,191,10.6,20,15.7,0.3,924.7,1545.8,220.9
FLAKKEBJERG,2018-07-11,11,07,2018,192,15.3,26,19.6,0,939.3,1565.4,220.9
FLAKKEBJERG,2018-07-12,12,07,2018,193,14.4,28.2,21.9,0,956.2,1587.3,220.9
FLAKKEBJERG,2018-07-13,13,07,2018,194,15.3,26.7,20.5,0,971.7,1607.8,220.9
FLAKKEBJERG,2018-07-14,14,07,2018,195,13.6,20.4,16,0,982.7,1623.8,220.9
FLAKKEBJERG,2018-07-15,15,07,2018,196,11.6,24.6,18.5,0,996.2,1642.3,220.9
FLAKKEBJERG,2018-07-16,16,07,2018,197,10.9,28.4,21,0,1012.2,1663.3,220.9
FLAKKEBJERG,2018-07-17,17,07,2018,198,13.7,29.1,21.7,1,1028.9,1685,221.9
FLAKKEBJERG,2018-07-18,18,07,2018,199,17.3,25.2,20.5,0,1044.4,1705.5,221.9
FLAKKEBJERG,2018-07-19,19,07,2018,200,13.9,23.2,18.8,0,1058.2,1724.3,221.9
FLAKKEBJERG,2018-07-20,20,07,2018,201,11.7,24.2,18.3,0,1071.5,1742.6,221.9
FLAKKEBJERG,2018-07-21,21,07,2018,202,10,26.2,19.4,0,1085.9,1762,221.9
FLAKKEBJERG,2018-07-22,22,07,2018,203,15.6,27,21.3,0,1102.2,1783.3,221.9
FLAKKEBJERG,2018-07-23,23,07,2018,204,14.4,26.7,20.7,0,1117.9,1804,221.9
FLAKKEBJERG,2018-07-24,24,07,2018,205,16.8,29.4,23.2,0,1136.1,1827.2,221.9
FLAKKEBJERG,2018-07-25,25,07,2018,206,15.5,32,24.8,0,1155.9,1852,221.9
FLAKKEBJERG,2018-07-26,26,07,2018,207,19.3,31.1,25.3,0,1176.2,1877.3,221.9
FLAKKEBJERG,2018-07-27,27,07,2018,208,17.2,30.2,24.1,0,1195.3,1901.4,221.9
FLAKKEBJERG,2018-07-28,28,07,2018,209,18.3,29.4,23.4,14.2,1213.7,1924.8,236.1
FLAKKEBJERG,2018-07-29,29,07,2018,210,0,24.4,19.8,0,1228.5,1944.6,236.1
FLAKKEBJERG,2018-07-30,30,07,2018,211,19.6,29.6,24.4,0,1247.9,1969,236.1
FLAKKEBJERG,2018-07-31,31,07,2018,212,20.2,31.7,25.5,0,1268.4,1994.5,236.1
FLAKKEBJERG,2018-08-01,01,08,2018,213,16.4,25.8,21.4,1.1,1284.8,2015.9,237.2
FLAKKEBJERG,2018-08-02,02,08,2018,214,12.7,26.3,20.7,0,1300.5,2036.6,237.2
FLAKKEBJERG,2018-08-03,03,08,2018,215,14.3,28.4,22.2,0,1317.7,2058.8,237.2
FLAKKEBJERG,2018-08-04,04,08,2018,216,17.4,25.6,21.4,0,1334.1,2080.2,237.2
FLAKKEBJERG,2018-08-05,05,08,2018,217,17.1,23,19.4,0,1348.5,2099.6,237.2
FLAKKEBJERG,2018-08-06,06,08,2018,218,15.6,25.1,19.8,0,1363.3,2119.4,237.2
FLAKKEBJERG,2018-08-07,07,08,2018,219,13.8,31.1,23.3,0,1381.6,2142.7,237.2
FLAKKEBJERG,2018-08-08,08,08,2018,220,19.6,30.1,25,0,1401.6,2167.7,237.2
FLAKKEBJERG,2018-08-09,09,08,2018,221,14.9,26.5,21.1,3.7,1417.7,2188.8,240.9
FLAKKEBJERG,2018-08-10,10,08,2018,222,13.8,21.8,19.1,0,1431.8,2207.9,240.9
FLAKKEBJERG,2018-08-11,11,08,2018,223,13.1,19,15.8,11,1442.6,2223.7,251.9
FLAKKEBJERG,2018-08-12,12,08,2018,224,13.2,17.9,14.5,12.5,1452.1,2238.2,264.4
FLAKKEBJERG,2018-08-13,13,08,2018,225,15.4,20.9,18,6.2,1465.1,2256.2,270.6
FLAKKEBJERG,2018-08-14,14,08,2018,226,15.5,21.2,18.5,4,1478.6,2274.7,274.6
FLAKKEBJERG,2018-08-15,15,08,2018,227,15.5,21.9,18.6,1.7,1492.2,2293.3,276.3
FLAKKEBJERG,2018-08-16,16,08,2018,228,16,25.6,20.7,0,1507.9,2314,276.3
FLAKKEBJERG,2018-08-17,17,08,2018,229,14,20.9,17.7,2.1,1520.6,2331.7,278.4
FLAKKEBJERG,2018-08-18,18,08,2018,230,9.7,21.8,17,0,1532.6,2348.7,278.4
FLAKKEBJERG,2018-08-19,19,08,2018,231,17.3,21,19.1,0,1546.7,2367.8,278.4
FLAKKEBJERG,2018-08-20,20,08,2018,232,15,20.6,18.2,0.6,1559.9,2386,279
FLAKKEBJERG,2018-08-21,21,08,2018,233,12.7,20.4,16.4,0,1571.3,2402.4,279
FLAKKEBJERG,2018-08-22,22,08,2018,234,12.7,25.1,19.7,0,1586,2422.1,279
FLAKKEBJERG,2018-08-23,23,08,2018,235,14,22.7,18.5,0,1599.5,2440.6,279
FLAKKEBJERG,2018-08-24,24,08,2018,236,13.6,18.9,16.4,7.3,1610.9,2457,286.3
FLAKKEBJERG,2018-08-25,25,08,2018,237,10.8,17.2,13.6,4.4,1619.5,2470.6,290.7
FLAKKEBJERG,2018-08-26,26,08,2018,238,11.6,18.7,14.4,0.5,1628.9,2485,291.2
FLAKKEBJERG,2018-08-27,27,08,2018,239,13,19.1,15.2,5.8,1639.1,2500.2,297
FLAKKEBJERG,2018-08-28,28,08,2018,240,12.8,18.9,16,0,1650.1,2516.2,297
FLAKKEBJERG,2018-08-29,29,08,2018,241,12.6,21.5,16.7,0,1661.8,2532.9,297
FLAKKEBJERG,2018-08-30,30,08,2018,242,14.4,16.9,15.8,22.9,1672.6,2548.7,319.9
FLAKKEBJERG,2018-08-31,31,08,2018,243,13.7,18.5,15.6,5.6,1683.2,2564.3,325.5
FLAKKEBJERG,2018-09-01,01,09,2018,244,11.8,18.5,15.1,0,1693.3,2579.4,325.5
FLAKKEBJERG,2018-09-02,02,09,2018,245,12,20.7,16.3,0,1704.6,2595.7,325.5
FLAKKEBJERG,2018-09-03,03,09,2018,246,13.6,21.5,17.4,0,1717,2613.1,325.5
FLAKKEBJERG,2018-09-04,04,09,2018,247,12.3,22.1,16.7,0,1728.7,2629.8,325.5
FLAKKEBJERG,2018-09-05,05,09,2018,248,10.7,22,16.6,0,1740.3,2646.4,325.5
FLAKKEBJERG,2018-09-06,06,09,2018,249,11.7,21.2,16.6,0,1751.9,2663,325.5
FLAKKEBJERG,2018-09-07,07,09,2018,250,12.2,19.3,16.5,5.7,1763.4,2679.5,331.2
FLAKKEBJERG,2018-09-08,08,09,2018,251,10.9,17.9,14,3.6,1772.4,2693.5,334.8
FLAKKEBJERG,2018-09-09,09,09,2018,252,13.5,18.9,16.2,0,1783.6,2709.7,334.8
FLAKKEBJERG,2018-09-10,10,09,2018,253,13.4,19.8,16.8,0,1795.4,2726.5,334.8
FLAKKEBJERG,2018-09-11,11,09,2018,254,13.1,17.6,15.1,6.6,1805.5,2741.6,341.4
FLAKKEBJERG,2018-09-12,12,09,2018,255,12.2,15.7,14,0.6,1814.5,2755.6,342
FLAKKEBJERG,2018-09-13,13,09,2018,256,8,17.3,13.4,0,1822.9,2769,342
FLAKKEBJERG,2018-09-14,14,09,2018,257,10.9,17.3,14.7,0,1832.6,2783.7,342
FLAKKEBJERG,2018-09-15,15,09,2018,258,9.5,16.4,14.1,0.9,1841.7,2797.8,342.9
FLAKKEBJERG,2018-09-16,16,09,2018,259,4.9,18,13,0,1849.7,2810.8,342.9
FLAKKEBJERG,2018-09-17,17,09,2018,260,13.6,19.6,16.8,0,1861.5,2827.6,342.9
FLAKKEBJERG,2018-09-18,18,09,2018,261,11.8,25.6,18.7,0,1875.2,2846.3,342.9
FLAKKEBJERG,2018-09-19,19,09,2018,262,14.3,22.1,17.6,0,1887.8,2863.9,342.9
FLAKKEBJERG,2018-09-20,20,09,2018,263,16,19.9,17.8,0.3,1900.6,2881.7,343.2
FLAKKEBJERG,2018-09-21,21,09,2018,264,11.1,21.8,15.9,2.5,1911.5,2897.6,345.7
FLAKKEBJERG,2018-09-22,22,09,2018,265,10.3,15.5,12.2,0.9,1918.7,2909.8,346.59999999999997
FLAKKEBJERG,2018-09-23,23,09,2018,266,9.7,13.7,11.3,0,1925,2921.1,346.59999999999997
FLAKKEBJERG,2018-09-24,24,09,2018,267,8.6,13.1,10.5,0.1,1930.5,2931.6,346.7
FLAKKEBJERG,2018-09-25,25,09,2018,268,7.5,13.7,10.6,0,1936.1,2942.2,346.7
FLAKKEBJERG,2018-09-26,26,09,2018,269,10.9,15.3,13.2,0,1944.3,2955.4,346.7
FLAKKEBJERG,2018-09-27,27,09,2018,270,12.6,18.1,15.5,0,1954.8,2970.9,346.7
FLAKKEBJERG,2018-09-28,28,09,2018,271,9,13.6,11.2,0,1961,2982.1,346.7
FLAKKEBJERG,2018-09-29,29,09,2018,272,5.8,13.8,10.4,0.1,1966.4,2992.5,346.8
FLAKKEBJERG,2018-09-30,30,09,2018,273,10.3,14.5,12.4,0,1973.8,3004.9,346.8
FLAKKEBJERG,2018-10-01,01,10,2018,274,5.3,12.8,9.4,0.6,1978.2,3014.3,347.4
FLAKKEBJERG,2018-10-02,02,10,2018,275,6.9,9.6,8.4,1,1981.6,3022.7,348.4
FLAKKEBJERG,2018-10-03,03,10,2018,276,7.9,13.7,10.5,0,1987.1,3033.2,348.4
FLAKKEBJERG,2018-10-04,04,10,2018,277,5.7,15.3,11,0,1993.1,3044.2,348.4
FLAKKEBJERG,2018-10-05,05,10,2018,278,10.4,15.5,13.4,0,2001.5,3057.6,348.4
FLAKKEBJERG,2018-10-06,06,10,2018,279,5.9,15.6,10.9,0.3,2007.4,3068.5,348.7
FLAKKEBJERG,2018-10-07,07,10,2018,280,6.1,11.9,9,4,2011.4,3077.5,352.7
FLAKKEBJERG,2018-10-08,08,10,2018,281,6,12.8,10.6,0,2017,3088.1,352.7
FLAKKEBJERG,2018-10-09,09,10,2018,282,9.8,15.1,12.6,0,2024.6,3100.7,352.7
FLAKKEBJERG,2018-10-10,10,10,2018,283,6,18.5,12.4,0,2032,3113.1,352.7
FLAKKEBJERG,2018-10-11,11,10,2018,284,12.3,18.4,14.5,0,2041.5,3127.6,352.7
FLAKKEBJERG,2018-10-12,12,10,2018,285,12.2,19.5,15.2,0,2051.7,3142.8,352.7
FLAKKEBJERG,2018-10-13,13,10,2018,286,13.2,21.8,17.4,0,2064.1,3160.2,352.7
FLAKKEBJERG,2018-10-14,14,10,2018,287,12.3,17.9,15.3,0,2074.4,3175.5,352.7
FLAKKEBJERG,2018-10-15,15,10,2018,288,9.7,19,14,0,2083.4,3189.5,352.7
FLAKKEBJERG,2018-10-16,16,10,2018,289,8.1,19.1,13,0,2091.4,3202.5,352.7
FLAKKEBJERG,2018-10-17,17,10,2018,290,8.5,18.4,12.9,0,2099.3,3215.4,352.7
FLAKKEBJERG,2018-10-18,18,10,2018,291,6.7,13.8,11.3,0.1,2105.6,3226.7,352.8
FLAKKEBJERG,2018-10-19,19,10,2018,292,1.5,12.3,7.4,0,2108,3234.1,352.8
FLAKKEBJERG,2018-10-20,20,10,2018,293,6.9,13.1,10.4,0,2113.4,3244.5,352.8
FLAKKEBJERG,2018-10-21,21,10,2018,294,4.6,13.4,10.7,0,2119.1,3255.2,352.8
FLAKKEBJERG,2018-10-22,22,10,2018,295,8.2,12.9,10.2,0.7,2124.3,3265.4,353.5
FLAKKEBJERG,2018-10-23,23,10,2018,296,9.2,12.7,10.9,4.3,2130.2,3276.3,357.8
FLAKKEBJERG,2018-10-24,24,10,2018,297,7,10.2,8.8,0.8,2134,3285.1,358.59999999999997
FLAKKEBJERG,2018-10-25,25,10,2018,298,8.1,11.5,10.2,0.2,2139.2,3295.3,358.8
FLAKKEBJERG,2018-10-26,26,10,2018,299,4.3,10.7,8.4,4.6,2142.6,3303.7,363.4
FLAKKEBJERG,2018-10-27,27,10,2018,300,0.1,8,4.5,1.8,2142.6,3308.2,365.2
FLAKKEBJERG,2018-10-28,28,10,2018,301,-1.7,4.6,1.4,0,2142.6,3309.6,365.2
FLAKKEBJERG,2018-10-29,29,10,2018,302,2,6.5,4.5,0.3,2142.6,3314.1,365.5
FLAKKEBJERG,2018-10-30,30,10,2018,303,4.9,15.4,9.4,4.3,2147,3323.5,369.8
FLAKKEBJERG,2018-10-31,31,10,2018,304,5.6,9.9,7.8,1.6,2149.8,3331.3,371.4
FLAKKEBJERG,2018-11-01,01,11,2018,305,5.9,12.5,9,0,2153.8,3340.3,371.4
FLAKKEBJERG,2018-11-02,02,11,2018,306,4.4,11.4,8.4,0,2157.2,3348.7,371.4
FLAKKEBJERG,2018-11-03,03,11,2018,307,2.9,10.2,6.2,0,2158.4,3354.9,371.4
FLAKKEBJERG,2018-11-04,04,11,2018,308,2.5,9.7,6.7,0,2160.1,3361.6,371.4
FLAKKEBJERG,2018-11-05,05,11,2018,309,7.9,10.1,9.3,0,2164.4,3370.9,371.4
FLAKKEBJERG,2018-11-06,06,11,2018,310,4.9,10.1,8,0,2167.4,3378.9,371.4
FLAKKEBJERG,2018-11-07,07,11,2018,311,5.1,11.5,7.7,0,2170.1,3386.6,371.4
FLAKKEBJERG,2018-11-08,08,11,2018,312,2,11.8,6.7,0,2171.8,3393.3,371.4
FLAKKEBJERG,2018-11-09,09,11,2018,313,2.1,10,7.4,1,2174.2,3400.7,372.4
FLAKKEBJERG,2018-11-10,10,11,2018,314,7.6,10.2,8.9,0.9,2178.1,3409.6,373.3
FLAKKEBJERG,2018-11-11,11,11,2018,315,9.4,11.3,10.3,4.5,2183.4,3419.9,377.8
FLAKKEBJERG,2018-11-12,12,11,2018,316,8.5,10.4,9.7,6.8,2188.1,3429.6,384.59999999999997
FLAKKEBJERG,2018-11-13,13,11,2018,317,7,10.4,9.1,0,2192.2,3438.7,384.59999999999997
FLAKKEBJERG,2018-11-14,14,11,2018,318,8.4,9.9,9.1,0.1,2196.3,3447.8,384.7
FLAKKEBJERG,2018-11-15,15,11,2018,319,6.5,11.1,8.7,0.1,2200,3456.5,384.8
FLAKKEBJERG,2018-11-16,16,11,2018,320,3.4,9.2,6.3,0,2201.3,3462.8,384.8
FLAKKEBJERG,2018-11-17,17,11,2018,321,0,6.4,3.4,0,2201.3,3466.2,384.8
FLAKKEBJERG,2018-11-18,18,11,2018,322,0.3,7.3,4.1,0,2201.3,3470.3,384.8
FLAKKEBJERG,2018-11-19,19,11,2018,323,3.2,5.7,4.4,0.6,2201.3,3474.7,385.4
FLAKKEBJERG,2018-11-20,20,11,2018,324,3.1,5.5,4.3,2.2,2201.3,3479,387.59999999999997
FLAKKEBJERG,2018-11-21,21,11,2018,325,3.6,6.1,4.8,0,2201.3,3483.8,387.59999999999997
FLAKKEBJERG,2018-11-22,22,11,2018,326,1.4,4.9,3.6,0,2201.3,3487.4,387.59999999999997
FLAKKEBJERG,2018-11-23,23,11,2018,327,0.1,1.5,0.9,0,2201.3,3488.3,387.59999999999997
FLAKKEBJERG,2018-11-24,24,11,2018,328,1.2,3.2,2.1,0.1,2201.3,3490.4,387.7
FLAKKEBJERG,2018-11-25,25,11,2018,329,-0.2,3.4,2.1,0,2201.3,3492.5,387.7
FLAKKEBJERG,2018-11-26,26,11,2018,330,-4.5,2.9,-0.9,0,2201.3,3492.5,387.7
FLAKKEBJERG,2018-11-27,27,11,2018,331,-3.7,0.5,-1.7,0,2201.3,3492.5,387.7
FLAKKEBJERG,2018-11-28,28,11,2018,332,-1.1,3.4,1.2,0,2201.3,3493.7,387.7
FLAKKEBJERG,2018-11-29,29,11,2018,333,1.1,4.1,2.4,7.5,2201.3,3496.1,395.2
FLAKKEBJERG,2018-11-30,30,11,2018,334,3.5,5.8,4.5,0.1,2201.3,3500.6,395.3
FLAKKEBJERG,2018-12-01,01,12,2018,335,3.4,6.9,5.6,0.4,2201.9,3506.2,395.7
FLAKKEBJERG,2018-12-02,02,12,2018,336,4.7,8.7,6.1,5.5,2203,3512.3,401.2
FLAKKEBJERG,2018-12-03,03,12,2018,337,6.5,10.3,8.7,2,2206.7,3521,403.2
FLAKKEBJERG,2018-12-04,04,12,2018,338,2.6,7.3,4.9,0,2206.7,3525.9,403.2
FLAKKEBJERG,2018-12-05,05,12,2018,339,0.5,6.3,3.2,1.2,2206.7,3529.1,404.4
FLAKKEBJERG,2018-12-06,06,12,2018,340,2.7,8.5,4.8,8.4,2206.7,3533.9,412.8
FLAKKEBJERG,2018-12-07,07,12,2018,341,6.6,10.2,8.7,6.2,2210.4,3542.6,419
FLAKKEBJERG,2018-12-08,08,12,2018,342,4.2,8.1,6.6,10.7,2212,3549.2,429.7
FLAKKEBJERG,2018-12-09,09,12,2018,343,3.4,7.3,6,0.4,2213,3555.2,430.09999999999997
FLAKKEBJERG,2018-12-10,10,12,2018,344,4.1,5.8,5,0,2213,3560.2,430.09999999999997
FLAKKEBJERG,2018-12-11,11,12,2018,345,3.2,5.6,4.4,0.1,2213,3564.6,430.2
FLAKKEBJERG,2018-12-12,12,12,2018,346,0.4,4.1,2.7,0,2213,3567.3,430.2
FLAKKEBJERG,2018-12-13,13,12,2018,347,-0.6,2.3,0.9,0,2213,3568.2,430.2
FLAKKEBJERG,2018-12-14,14,12,2018,348,-1.3,2.4,0.6,0.3,2213,3568.8,430.5
FLAKKEBJERG,2018-12-15,15,12,2018,349,-0.5,0.9,0.2,0.2,2213,3569,430.7
FLAKKEBJERG,2018-12-16,16,12,2018,350,-1.1,0.8,-0.3,0,2213,3569,430.7
FLAKKEBJERG,2018-12-17,17,12,2018,351,-1,0.2,-0.3,0,2213,3569,430.7
FLAKKEBJERG,2018-12-18,18,12,2018,352,0,4.1,2.3,0.4,2213,3571.3,431.09999999999997
FLAKKEBJERG,2018-12-19,19,12,2018,353,1.8,3.6,2.6,0.5,2213,3573.9,431.59999999999997
FLAKKEBJERG,2018-12-20,20,12,2018,354,2.7,4,3.3,1.3,2213,3577.2,432.9
FLAKKEBJERG,2018-12-21,21,12,2018,355,3.2,4.9,4.4,10.3,2213,3581.6,443.2
FLAKKEBJERG,2018-12-22,22,12,2018,356,-0.1,3.9,1.1,1.5,2213,3582.7,444.7
FLAKKEBJERG,2018-12-23,23,12,2018,357,-1.9,3.2,0.8,5.5,2213,3583.5,450.2
FLAKKEBJERG,2018-12-24,24,12,2018,358,-3.5,3.7,0.3,0,2213,3583.8,450.2
FLAKKEBJERG,2018-12-25,25,12,2018,359,3.3,5.7,4.5,0,2213,3588.3,450.2
FLAKKEBJERG,2018-12-26,26,12,2018,360,3.4,5.4,4.4,0,2213,3592.7,450.2
FLAKKEBJERG,2018-12-27,27,12,2018,361,-6.3,4.4,2.7,0,2213,3595.4,450.2
FLAKKEBJERG,2018-12-28,28,12,2018,362,5.5,7.2,6.4,0,2214.4,3601.8,450.2
FLAKKEBJERG,2018-12-29,29,12,2018,363,6.1,7.4,6.6,6.1,2216,3608.4,456.3
FLAKKEBJERG,2018-12-30,30,12,2018,364,2.8,7.7,5,0.6,2216,3613.4,456.9
FLAKKEBJERG,2018-12-31,31,12,2018,365,3.4,7.1,5.4,0.2,2216.4,3618.8,457.09999999999997
FLAKKEBJERG,2019-01-01,01,01,2019,1,4.7,8.2,6.2,0.5,1.2,6.2,0.5
FLAKKEBJERG,2019-01-02,02,01,2019,2,0.9,5.4,2.9,0,1.2,9.1,0.5
FLAKKEBJERG,2019-01-03,03,01,2019,3,0.1,3.2,1.7,0,1.2,10.8,0.5
FLAKKEBJERG,2019-01-04,04,01,2019,4,1.8,7.1,4.8,0.1,1.2,15.6,0.6
FLAKKEBJERG,2019-01-05,05,01,2019,5,-1.8,7.3,4.2,0,1.2,19.8,0.6
FLAKKEBJERG,2019-01-06,06,01,2019,6,-2.9,4.7,1.3,0,1.2,21.1,0.6
FLAKKEBJERG,2019-01-07,07,01,2019,7,4,6.9,5,2.1,1.2,26.1,2.7
FLAKKEBJERG,2019-01-08,08,01,2019,8,1.6,6.7,4.1,5.5,1.2,30.2,8.2
FLAKKEBJERG,2019-01-09,09,01,2019,9,0,2.5,1.4,0.2,1.2,31.6,8.4
FLAKKEBJERG,2019-01-10,10,01,2019,10,-2.1,2.7,0.4,0.1,1.2,32,8.5
FLAKKEBJERG,2019-01-11,11,01,2019,11,2.1,7.1,4.9,0,1.2,36.9,8.5
FLAKKEBJERG,2019-01-12,12,01,2019,12,1,6.2,4.4,2.6,1.2,41.3,11.1
FLAKKEBJERG,2019-01-13,13,01,2019,13,3.1,8,5.8,3.1,2,47.1,14.200000000000001
FLAKKEBJERG,2019-01-14,14,01,2019,14,0.8,3.7,2,0,2,49.1,14.200000000000001
FLAKKEBJERG,2019-01-15,15,01,2019,15,0.9,7,4.7,2.4,2,53.8,16.6
FLAKKEBJERG,2019-01-16,16,01,2019,16,4.8,6.8,6,2.3,3,59.8,18.9
FLAKKEBJERG,2019-01-17,17,01,2019,17,-1.4,5.2,2.6,3.6,3,62.4,22.5
FLAKKEBJERG,2019-01-18,18,01,2019,18,-3.6,1.9,-0.5,0,3,62.4,22.5
FLAKKEBJERG,2019-01-19,19,01,2019,19,-3.4,1.1,-0.5,0,3,62.4,22.5
FLAKKEBJERG,2019-01-20,20,01,2019,20,-5.1,2,-1.4,0.1,3,62.4,22.6
FLAKKEBJERG,2019-01-21,21,01,2019,21,-1.1,3.8,1.2,0.7,3,63.6,23.3
FLAKKEBJERG,2019-01-22,22,01,2019,22,-1.6,1.4,-0.5,0,3,63.6,23.3
FLAKKEBJERG,2019-01-23,23,01,2019,23,-3.3,-0.4,-2.1,0,3,63.6,23.3
FLAKKEBJERG,2019-01-24,24,01,2019,24,-4.3,-2.5,-3.4,0,3,63.6,23.3
FLAKKEBJERG,2019-01-25,25,01,2019,25,-3.4,-2.3,-2.9,0.2,3,63.6,23.5
FLAKKEBJERG,2019-01-26,26,01,2019,26,-3.3,1.5,-0.7,2.4,3,63.6,25.9
FLAKKEBJERG,2019-01-27,27,01,2019,27,1.2,3.5,2.6,17.1,3,66.2,43
FLAKKEBJERG,2019-01-28,28,01,2019,28,-0.2,3.3,1.8,0.8,3,68,43.800000000000004
FLAKKEBJERG,2019-01-29,29,01,2019,29,-3.3,2.6,0.1,0,3,68.1,43.800000000000004
FLAKKEBJERG,2019-01-30,30,01,2019,30,-1.4,2.5,0.4,0,3,68.5,43.800000000000004
FLAKKEBJERG,2019-01-31,31,01,2019,31,-0.7,0.8,0.1,0,3,68.6,43.800000000000004
FLAKKEBJERG,2019-02-01,01,02,2019,32,-1.6,1.8,0.2,0,3,68.8,43.800000000000004
FLAKKEBJERG,2019-02-02,02,02,2019,33,0.3,1.5,0.8,0.3,3,69.6,44.1
FLAKKEBJERG,2019-02-03,03,02,2019,34,-2.2,2.3,0.5,0,3,70.1,44.1
FLAKKEBJERG,2019-02-04,04,02,2019,35,-1.5,2.3,0.8,0.9,3,70.9,45
FLAKKEBJERG,2019-02-05,05,02,2019,36,1.8,6,3.6,0,3,74.5,45
FLAKKEBJERG,2019-02-06,06,02,2019,37,1.7,4.1,2.7,3.7,3,77.2,48.7
FLAKKEBJERG,2019-02-07,07,02,2019,38,2.6,5.5,3.8,3.9,3,81,52.6
FLAKKEBJERG,2019-02-08,08,02,2019,39,4.3,5.7,5,1.7,3,86,54.300000000000004
FLAKKEBJERG,2019-02-09,09,02,2019,40,4.9,7.3,5.7,4.8,3.7,91.7,59.1
FLAKKEBJERG,2019-02-10,10,02,2019,41,3.2,5.8,4.4,7.7,3.7,96.1,66.8
FLAKKEBJERG,2019-02-11,11,02,2019,42,1.5,5.1,3.3,0,3.7,99.4,66.8
FLAKKEBJERG,2019-02-12,12,02,2019,43,-0.7,4.4,2.2,0.1,3.7,101.6,66.9
FLAKKEBJERG,2019-02-13,13,02,2019,44,4.1,7.7,6.2,0,4.9,107.8,66.9
FLAKKEBJERG,2019-02-14,14,02,2019,45,4,6.2,5.1,0,5,112.9,66.9
FLAKKEBJERG,2019-02-15,15,02,2019,46,0.8,8.6,3.9,0,5,116.8,66.9
FLAKKEBJERG,2019-02-16,16,02,2019,47,1.6,8.9,5.1,0,5.1,121.9,66.9
FLAKKEBJERG,2019-02-17,17,02,2019,48,4.8,9.8,6.6,0,6.7,128.5,66.9
FLAKKEBJERG,2019-02-18,18,02,2019,49,2,9.7,5.5,0,7.2,134,66.9
FLAKKEBJERG,2019-02-19,19,02,2019,50,3,7.9,5.5,1.5,7.7,139.5,68.4
FLAKKEBJERG,2019-02-20,20,02,2019,51,3.6,7.4,5.6,4.1,8.3,145.1,72.5
FLAKKEBJERG,2019-02-21,21,02,2019,52,4.4,7.9,6.5,5.2,9.8,151.6,77.7
FLAKKEBJERG,2019-02-22,22,02,2019,53,-0.4,4.6,1.7,0,9.8,153.3,77.7
FLAKKEBJERG,2019-02-23,23,02,2019,54,-0.9,4,1.2,0,9.8,154.5,77.7
FLAKKEBJERG,2019-02-24,24,02,2019,55,-0.4,9.9,3.9,0,9.8,158.4,77.7
FLAKKEBJERG,2019-02-25,25,02,2019,56,0.6,10.2,4.8,0,9.8,163.2,77.7
FLAKKEBJERG,2019-02-26,26,02,2019,57,2.7,8.3,5.2,0,10,168.4,77.7
FLAKKEBJERG,2019-02-27,27,02,2019,58,0.6,12.7,6,0,11,174.4,77.7
FLAKKEBJERG,2019-02-28,28,02,2019,59,-1.3,8.5,4.5,0,11,178.9,77.7
FLAKKEBJERG,2019-03-01,01,03,2019,60,-0.8,6.1,2.7,0,11,181.6,77.7
FLAKKEBJERG,2019-03-02,02,03,2019,61,0.6,5.1,3,0,11,184.6,77.7
FLAKKEBJERG,2019-03-03,03,03,2019,62,4.3,9.5,6.7,4,12.7,191.3,81.7
FLAKKEBJERG,2019-03-04,04,03,2019,63,4.6,9.8,6.9,10.2,14.6,198.2,91.9
FLAKKEBJERG,2019-03-05,05,03,2019,64,3.7,6.9,5.4,7.5,15,203.6,99.4
FLAKKEBJERG,2019-03-06,06,03,2019,65,0.7,7,4.7,11.7,15,208.3,111.1
FLAKKEBJERG,2019-03-07,07,03,2019,66,4.7,9.6,7.1,2.3,17.1,215.4,113.4
FLAKKEBJERG,2019-03-08,08,03,2019,67,3.2,7.4,5.5,1.6,17.6,220.9,115
FLAKKEBJERG,2019-03-09,09,03,2019,68,2.9,8.1,4.8,6.5,17.6,225.7,121.5
FLAKKEBJERG,2019-03-10,10,03,2019,69,-0.8,7.3,4.1,0,17.6,229.8,121.5
FLAKKEBJERG,2019-03-11,11,03,2019,70,-1.7,5.7,1.2,0,17.6,231,121.5
FLAKKEBJERG,2019-03-12,12,03,2019,71,-0.9,5.6,3.2,12,17.6,234.2,133.5
FLAKKEBJERG,2019-03-13,13,03,2019,72,3.3,6,4.7,4.8,17.6,238.9,138.3
FLAKKEBJERG,2019-03-14,14,03,2019,73,3.5,6.5,4.9,7.1,17.6,243.8,145.4
FLAKKEBJERG,2019-03-15,15,03,2019,74,3.9,8,5.3,6.1,17.9,249.1,151.5
FLAKKEBJERG,2019-03-16,16,03,2019,75,3,7.3,5.3,11.2,18.2,254.4,162.7
FLAKKEBJERG,2019-03-17,17,03,2019,76,3.9,8.1,6.5,2.1,19.7,260.9,164.8
FLAKKEBJERG,2019-03-18,18,03,2019,77,2.3,7.1,4.8,1.6,19.7,265.7,166.4
FLAKKEBJERG,2019-03-19,19,03,2019,78,-0.2,7.4,3.6,0,19.7,269.3,166.4
FLAKKEBJERG,2019-03-20,20,03,2019,79,0.3,8.6,5.5,0.3,20.2,274.8,166.7
FLAKKEBJERG,2019-03-21,21,03,2019,80,6,9.7,7.5,0,22.7,282.3,166.7
FLAKKEBJERG,2019-03-22,22,03,2019,81,3.7,7.8,6.6,0,24.3,288.9,166.7
FLAKKEBJERG,2019-03-23,23,03,2019,82,2,10.5,7,0,26.3,295.9,166.7
FLAKKEBJERG,2019-03-24,24,03,2019,83,1.7,8.6,5.1,0,26.4,301,166.7
FLAKKEBJERG,2019-03-25,25,03,2019,84,0.8,7.5,4.4,2,26.4,305.4,168.7
FLAKKEBJERG,2019-03-26,26,03,2019,85,1.8,8.3,5,0,26.4,310.4,168.7
FLAKKEBJERG,2019-03-27,27,03,2019,86,5.6,11,7.9,0,29.3,318.3,168.7
FLAKKEBJERG,2019-03-28,28,03,2019,87,6.2,12.4,8.6,0,32.9,326.9,168.7
FLAKKEBJERG,2019-03-29,29,03,2019,88,4.9,12.8,8.4,0,36.3,335.3,168.7
FLAKKEBJERG,2019-03-30,30,03,2019,89,2.4,14,8.2,0,39.5,343.5,168.7
FLAKKEBJERG,2019-03-31,31,03,2019,90,-0.2,7.4,5,0,39.5,348.5,168.7
FLAKKEBJERG,2019-04-01,01,04,2019,91,-3.1,8,2.8,0,39.5,351.3,168.7
FLAKKEBJERG,2019-04-02,02,04,2019,92,1.7,9.7,5.9,0,40.4,357.2,168.7
FLAKKEBJERG,2019-04-03,03,04,2019,93,6.9,14.7,9.5,0,44.9,366.7,168.7
FLAKKEBJERG,2019-04-04,04,04,2019,94,5.8,14.2,9.5,0,49.4,376.2,168.7
FLAKKEBJERG,2019-04-05,05,04,2019,95,6.5,16.6,10.2,0,54.6,386.4,168.7
FLAKKEBJERG,2019-04-06,06,04,2019,96,5.7,16.7,10.3,0,59.9,396.7,168.7
FLAKKEBJERG,2019-04-07,07,04,2019,97,4.3,18.6,10.6,0,65.5,407.3,168.7
FLAKKEBJERG,2019-04-08,08,04,2019,98,2.6,11.2,7.4,0.1,67.9,414.7,168.8
FLAKKEBJERG,2019-04-09,09,04,2019,99,-1.7,6.6,2.9,0,67.9,417.6,168.8
FLAKKEBJERG,2019-04-10,10,04,2019,100,-2.8,6.8,2.5,0,67.9,420.1,168.8
FLAKKEBJERG,2019-04-11,11,04,2019,101,-0.9,6.3,2.8,0,67.9,422.9,168.8
FLAKKEBJERG,2019-04-12,12,04,2019,102,-2.9,5.2,1.4,0,67.9,424.3,168.8
FLAKKEBJERG,2019-04-13,13,04,2019,103,-2.3,5.2,2,0,67.9,426.3,168.8
FLAKKEBJERG,2019-04-14,14,04,2019,104,-1.4,8.6,3.7,0,67.9,430,168.8
FLAKKEBJERG,2019-04-15,15,04,2019,105,-1.3,10,3.9,0,67.9,433.9,168.8
FLAKKEBJERG,2019-04-16,16,04,2019,106,-0.9,10.1,4.8,0,67.9,438.7,168.8
FLAKKEBJERG,2019-04-17,17,04,2019,107,2.2,14.8,8.3,0,71.2,447,168.8
FLAKKEBJERG,2019-04-18,18,04,2019,108,3.5,16.5,9.7,0,75.9,456.7,168.8
FLAKKEBJERG,2019-04-19,19,04,2019,109,4,17.6,10.3,0,81.2,467,168.8
FLAKKEBJERG,2019-04-20,20,04,2019,110,-0.6,17.7,9.5,0,85.7,476.5,168.8
FLAKKEBJERG,2019-04-21,21,04,2019,111,1.4,18.4,10.7,0,91.4,487.2,168.8
FLAKKEBJERG,2019-04-22,22,04,2019,112,3.7,15.2,10.1,0,96.5,497.3,168.8
FLAKKEBJERG,2019-04-23,23,04,2019,113,7.1,17,12.2,1.2,103.7,509.5,170
FLAKKEBJERG,2019-04-24,24,04,2019,114,9.5,16.2,12.4,2.3,111.1,521.9,172.3
FLAKKEBJERG,2019-04-25,25,04,2019,115,9,18.6,13.7,0,119.8,535.6,172.3
FLAKKEBJERG,2019-04-26,26,04,2019,116,9.6,19.3,13.1,0.4,127.9,548.7,172.7
FLAKKEBJERG,2019-04-27,27,04,2019,117,8.4,15.9,11.5,8.4,134.4,560.2,181.1
FLAKKEBJERG,2019-04-28,28,04,2019,118,8.5,16.1,11.9,0,141.3,572.1,181.1
FLAKKEBJERG,2019-04-29,29,04,2019,119,6,17.6,12.7,1,149,584.8,182.1
FLAKKEBJERG,2019-04-30,30,04,2019,120,4.2,19.1,11.9,0,155.9,596.7,182.1
FLAKKEBJERG,2019-05-01,01,05,2019,121,7.8,14.1,10.2,0,161.1,606.9,182.1
FLAKKEBJERG,2019-05-02,02,05,2019,122,3.6,11.4,8.8,2,164.9,615.7,184.1
FLAKKEBJERG,2019-05-03,03,05,2019,123,2.8,9.6,5.7,1.1,165.6,621.4,185.2
FLAKKEBJERG,2019-05-04,04,05,2019,124,0.4,9.3,4.6,1.8,165.6,626,187
FLAKKEBJERG,2019-05-05,05,05,2019,125,-1.6,12.3,6.2,0,166.8,632.2,187
FLAKKEBJERG,2019-05-06,06,05,2019,126,4.8,10,7,0.1,168.8,639.2,187.1
FLAKKEBJERG,2019-05-07,07,05,2019,127,2.7,10.6,6.3,0.4,170.1,645.5,187.5
FLAKKEBJERG,2019-05-08,08,05,2019,128,3,13,8.6,0.8,173.7,654.1,188.3
FLAKKEBJERG,2019-05-09,09,05,2019,129,8.3,15.4,11.3,8.7,180,665.4,197
FLAKKEBJERG,2019-05-10,10,05,2019,130,5.5,12.7,9.6,0.2,184.6,675,197.2
FLAKKEBJERG,2019-05-11,11,05,2019,131,1.1,12.9,8,0,187.6,683,197.2
FLAKKEBJERG,2019-05-12,12,05,2019,132,4.4,13.8,8.8,0,191.4,691.8,197.2
FLAKKEBJERG,2019-05-13,13,05,2019,133,2.9,13.3,8.3,0,194.7,700.1,197.2
FLAKKEBJERG,2019-05-14,14,05,2019,134,-0.4,13,8,0,197.7,708.1,197.2
FLAKKEBJERG,2019-05-15,15,05,2019,135,1.6,16,9.6,0,202.3,717.7,197.2
FLAKKEBJERG,2019-05-16,16,05,2019,136,3.5,19.4,12.3,0,209.6,730,197.2
FLAKKEBJERG,2019-05-17,17,05,2019,137,9,12.1,10.6,5.1,215.2,740.6,202.3
FLAKKEBJERG,2019-05-18,18,05,2019,138,8.6,19.2,13.4,0,223.6,754,202.3
FLAKKEBJERG,2019-05-19,19,05,2019,139,11.7,21,15.3,0,233.9,769.3,202.3
FLAKKEBJERG,2019-05-20,20,05,2019,140,10.1,22.4,17.4,0,246.3,786.7,202.3
FLAKKEBJERG,2019-05-21,21,05,2019,141,12.8,18,15,11.5,256.3,801.7,213.8
FLAKKEBJERG,2019-05-22,22,05,2019,142,7,15.2,11.9,4.9,263.2,813.6,218.7
FLAKKEBJERG,2019-05-23,23,05,2019,143,5.2,17.7,12.1,0,270.3,825.7,218.7
FLAKKEBJERG,2019-05-24,24,05,2019,144,8.5,17.9,12.5,0,277.8,838.2,218.7
FLAKKEBJERG,2019-05-25,25,05,2019,145,9.7,16.9,12.2,0,285,850.4,218.7
FLAKKEBJERG,2019-05-26,26,05,2019,146,9.4,14.3,11.6,7.7,291.6,862,226.4
FLAKKEBJERG,2019-05-27,27,05,2019,147,10.2,15.8,13.1,0.6,299.7,875.1,227
FLAKKEBJERG,2019-05-28,28,05,2019,148,7.1,14,10.7,0.1,305.4,885.8,227.1
FLAKKEBJERG,2019-05-29,29,05,2019,149,5.6,13.5,9.5,0,309.9,895.3,227.1
FLAKKEBJERG,2019-05-30,30,05,2019,150,6.5,14.5,11.9,0.5,316.8,907.2,227.6
FLAKKEBJERG,2019-05-31,31,05,2019,151,11.9,17.9,14.4,3.2,326.2,921.6,230.8
FLAKKEBJERG,2019-06-01,01,06,2019,152,11.4,18.7,14.7,0.1,335.9,936.3,230.9
FLAKKEBJERG,2019-06-02,02,06,2019,153,8,22.7,15.4,0,346.3,951.7,230.9
FLAKKEBJERG,2019-06-03,03,06,2019,154,13.4,22.4,18,5,359.3,969.7,235.9
FLAKKEBJERG,2019-06-04,04,06,2019,155,10.4,17.7,14.9,0.1,369.2,984.6,236
FLAKKEBJERG,2019-06-05,05,06,2019,156,13.4,26.9,20.7,0,384.9,1005.3,236
FLAKKEBJERG,2019-06-06,06,06,2019,157,14.6,25.7,19.4,6.2,399.3,1024.7,242.2
FLAKKEBJERG,2019-06-07,07,06,2019,158,12,19,14.5,0.1,408.8,1039.2,242.3
FLAKKEBJERG,2019-06-08,08,06,2019,159,12.2,18.1,15.2,7.8,419,1054.4,250.1
FLAKKEBJERG,2019-06-09,09,06,2019,160,11,18.2,15,0,429,1069.4,250.1
FLAKKEBJERG,2019-06-10,10,06,2019,161,10.1,18.3,14.5,0.1,438.5,1083.9,250.2
FLAKKEBJERG,2019-06-11,11,06,2019,162,13.3,21.7,17.2,0.1,450.7,1101.1,250.3
FLAKKEBJERG,2019-06-12,12,06,2019,163,14.4,18.9,16.7,14.5,462.4,1117.8,264.8
FLAKKEBJERG,2019-06-13,13,06,2019,164,11.8,21.8,17.1,0.4,474.5,1134.9,265.2
FLAKKEBJERG,2019-06-14,14,06,2019,165,13.1,24,17.7,6.4,487.2,1152.6,271.6
FLAKKEBJERG,2019-06-15,15,06,2019,166,13.5,20.4,16.2,7.1,498.4,1168.8,278.7
FLAKKEBJERG,2019-06-16,16,06,2019,167,12.6,20.3,16.7,0,510.1,1185.5,278.7
FLAKKEBJERG,2019-06-17,17,06,2019,168,11.7,22.1,17.5,0,522.6,1203,278.7
FLAKKEBJERG,2019-06-18,18,06,2019,169,13.7,26.1,19.4,1.8,537,1222.4,280.5
FLAKKEBJERG,2019-06-19,19,06,2019,170,14.3,27,20.8,9.2,552.8,1243.2,289.7
FLAKKEBJERG,2019-06-20,20,06,2019,171,12.9,21.2,17.7,0,565.5,1260.9,289.7
FLAKKEBJERG,2019-06-21,21,06,2019,172,11.2,20,15.5,0.2,576,1276.4,289.9
FLAKKEBJERG,2019-06-22,22,06,2019,173,8.4,18.5,14.2,0,585.2,1290.6,289.9
FLAKKEBJERG,2019-06-23,23,06,2019,174,7.3,21.6,15.2,0,595.4,1305.8,289.9
FLAKKEBJERG,2019-06-24,24,06,2019,175,8.2,22.8,16.4,0,606.8,1322.2,289.9
FLAKKEBJERG,2019-06-25,25,06,2019,176,13.4,27.8,20.8,0,622.6,1343,289.9
FLAKKEBJERG,2019-06-26,26,06,2019,177,13.8,28.1,20.8,0,638.4,1363.8,289.9
FLAKKEBJERG,2019-06-27,27,06,2019,178,11.6,19.4,15.4,0,648.8,1379.2,289.9
FLAKKEBJERG,2019-06-28,28,06,2019,179,11.6,22.1,17,0,660.8,1396.2,289.9
FLAKKEBJERG,2019-06-29,29,06,2019,180,11,25.6,18,0,673.8,1414.2,289.9
FLAKKEBJERG,2019-06-30,30,06,2019,181,10.8,30.4,21.1,0,689.9,1435.3,289.9
FLAKKEBJERG,2019-07-01,01,07,2019,182,14.5,22,17.2,2.5,702.1,1452.5,292.4
FLAKKEBJERG,2019-07-02,02,07,2019,183,11.5,17.2,14.2,0,711.3,1466.7,292.4
FLAKKEBJERG,2019-07-03,03,07,2019,184,10.4,18,13.6,0,719.9,1480.3,292.4
FLAKKEBJERG,2019-07-04,04,07,2019,185,9.9,16.6,13.1,7.4,728,1493.4,299.8
FLAKKEBJERG,2019-07-05,05,07,2019,186,12,19.8,15.2,0.3,738.2,1508.6,300.1
FLAKKEBJERG,2019-07-06,06,07,2019,187,11.8,18.8,14,6.3,747.2,1522.6,306.4
FLAKKEBJERG,2019-07-07,07,07,2019,188,10.8,16.9,13.8,0,756,1536.4,306.4
FLAKKEBJERG,2019-07-08,08,07,2019,189,11.2,18.8,14.1,0.6,765.1,1550.5,307
FLAKKEBJERG,2019-07-09,09,07,2019,190,10.5,20.2,15,0,775.1,1565.5,307
FLAKKEBJERG,2019-07-10,10,07,2019,191,11.6,20.9,15.9,0,786,1581.4,307
FLAKKEBJERG,2019-07-11,11,07,2019,192,8.9,20.9,15.8,0,796.8,1597.2,307
FLAKKEBJERG,2019-07-12,12,07,2019,193,14.3,23,17.7,2.7,809.5,1614.9,309.7
FLAKKEBJERG,2019-07-13,13,07,2019,194,9.9,22.8,17.4,0,821.9,1632.3,309.7
FLAKKEBJERG,2019-07-14,14,07,2019,195,11.7,17,14.7,0,831.6,1647,309.7
FLAKKEBJERG,2019-07-15,15,07,2019,196,11.6,18,15,0,841.6,1662,309.7
FLAKKEBJERG,2019-07-16,16,07,2019,197,10.9,20.2,15.6,0,852.2,1677.6,309.7
FLAKKEBJERG,2019-07-17,17,07,2019,198,9,22.2,16.4,0,863.6,1694,309.7
FLAKKEBJERG,2019-07-18,18,07,2019,199,7.8,23.7,17.2,0,875.8,1711.2,309.7
FLAKKEBJERG,2019-07-19,19,07,2019,200,14.8,23.7,19,0,889.8,1730.2,309.7
FLAKKEBJERG,2019-07-20,20,07,2019,201,9.1,25.5,18.4,4.5,903.2,1748.6,314.2
FLAKKEBJERG,2019-07-21,21,07,2019,202,14.7,20.2,17.7,1.1,915.9,1766.3,315.3
FLAKKEBJERG,2019-07-22,22,07,2019,203,13.3,18.2,15.6,5.6,926.5,1781.9,320.9
FLAKKEBJERG,2019-07-23,23,07,2019,204,16.4,26.9,20.8,0.1,942.3,1802.7,321
FLAKKEBJERG,2019-07-24,24,07,2019,205,11.9,29.4,21.5,0,958.8,1824.2,321
FLAKKEBJERG,2019-07-25,25,07,2019,206,15.2,29.3,22.4,0,976.2,1846.6,321
FLAKKEBJERG,2019-07-26,26,07,2019,207,14,31.1,22.4,0,993.6,1869,321
FLAKKEBJERG,2019-07-27,27,07,2019,208,14.8,27.4,21.1,0,1009.7,1890.1,321
FLAKKEBJERG,2019-07-28,28,07,2019,209,16.8,26.8,20.9,0,1025.6,1911,321
FLAKKEBJERG,2019-07-29,29,07,2019,210,16.5,31,23.6,0,1044.2,1934.6,321
FLAKKEBJERG,2019-07-30,30,07,2019,211,16.3,25.9,20.3,15.8,1059.5,1954.9,336.8
FLAKKEBJERG,2019-07-31,31,07,2019,212,16,19.5,17.6,4.4,1072.1,1972.5,341.2
FLAKKEBJERG,2019-08-01,01,08,2019,213,13.4,17.2,15.5,2.4,1082.6,1988,343.6
FLAKKEBJERG,2019-08-02,02,08,2019,214,10.3,22.2,16.9,0,1094.5,2004.9,343.6
FLAKKEBJERG,2019-08-03,03,08,2019,215,9.9,25,18.5,0.1,1108,2023.4,343.7
FLAKKEBJERG,2019-08-04,04,08,2019,216,13,20.7,17.4,0,1120.4,2040.8,343.7
FLAKKEBJERG,2019-08-05,05,08,2019,217,11.1,23.3,17.4,0,1132.8,2058.2,343.7
FLAKKEBJERG,2019-08-06,06,08,2019,218,15.2,23.5,19,9.3,1146.8,2077.2,353
FLAKKEBJERG,2019-08-07,07,08,2019,219,10.9,23,17.4,5.8,1159.2,2094.6,358.8
FLAKKEBJERG,2019-08-08,08,08,2019,220,14,21.3,17.7,0.2,1171.9,2112.3,359
FLAKKEBJERG,2019-08-09,09,08,2019,221,14,21.8,18.1,0,1185,2130.4,359
FLAKKEBJERG,2019-08-10,10,08,2019,222,17.6,24,20.2,2.2,1200.2,2150.6,361.2
FLAKKEBJERG,2019-08-11,11,08,2019,223,16.6,22.3,19.3,0,1214.5,2169.9,361.2
FLAKKEBJERG,2019-08-12,12,08,2019,224,13.7,21.6,18.1,0,1227.6,2188,361.2
FLAKKEBJERG,2019-08-13,13,08,2019,225,11,17.7,14.5,5,1237.1,2202.5,366.2
FLAKKEBJERG,2019-08-14,14,08,2019,226,9.9,18.8,15.1,0,1247.2,2217.6,366.2
FLAKKEBJERG,2019-08-15,15,08,2019,227,14.3,18.3,16,10.4,1258.2,2233.6,376.6
FLAKKEBJERG,2019-08-16,16,08,2019,228,14.1,19.6,16.8,1.1,1270,2250.4,377.7
FLAKKEBJERG,2019-08-17,17,08,2019,229,15,19,17,3.9,1282,2267.4,381.6
FLAKKEBJERG,2019-08-18,18,08,2019,230,13.4,18.8,16.3,6.5,1293.3,2283.7,388.1
FLAKKEBJERG,2019-08-19,19,08,2019,231,14,19.8,16.8,0.1,1305.1,2300.5,388.2
FLAKKEBJERG,2019-08-20,20,08,2019,232,11.7,20.3,16.3,0,1316.4,2316.8,388.2
FLAKKEBJERG,2019-08-21,21,08,2019,233,10.8,20.3,15.5,0,1326.9,2332.3,388.2
FLAKKEBJERG,2019-08-22,22,08,2019,234,8.9,23.4,17,0,1338.9,2349.3,388.2
FLAKKEBJERG,2019-08-23,23,08,2019,235,13.1,24,18.6,0,1352.5,2367.9,388.2
FLAKKEBJERG,2019-08-24,24,08,2019,236,10.7,26.3,18.6,0,1366.1,2386.5,388.2
FLAKKEBJERG,2019-08-25,25,08,2019,237,14.3,27.8,20.9,0,1382,2407.4,388.2
FLAKKEBJERG,2019-08-26,26,08,2019,238,17.6,29,22.5,0,1399.5,2429.9,388.2
FLAKKEBJERG,2019-08-27,27,08,2019,239,15.8,26.9,20.8,7.5,1415.3,2450.7,395.7
FLAKKEBJERG,2019-08-28,28,08,2019,240,18.3,28.9,23.2,0.2,1433.5,2473.9,395.9
FLAKKEBJERG,2019-08-29,29,08,2019,241,16.9,23.8,21,0.1,1449.5,2494.9,396
FLAKKEBJERG,2019-08-30,30,08,2019,242,11.8,22.7,17.8,0,1462.3,2512.7,396
FLAKKEBJERG,2019-08-31,31,08,2019,243,11.9,28.1,20.6,0.1,1477.9,2533.3,396.1
FLAKKEBJERG,2019-09-01,01,09,2019,244,14.3,23.2,18.6,0.6,1491.5,2551.9,396.7
FLAKKEBJERG,2019-09-02,02,09,2019,245,10.6,19.1,15.1,0,1501.6,2567,396.7
FLAKKEBJERG,2019-09-03,03,09,2019,246,12.2,19.9,16.1,6,1512.7,2583.1,402.7
FLAKKEBJERG,2019-09-04,04,09,2019,247,13.4,19.8,16.3,8.6,1524,2599.4,411.3
FLAKKEBJERG,2019-09-05,05,09,2019,248,11.5,16.3,14,4.5,1533,2613.4,415.8
FLAKKEBJERG,2019-09-06,06,09,2019,249,10.9,16,13.3,5.9,1541.3,2626.7,421.7
FLAKKEBJERG,2019-09-07,07,09,2019,250,10.1,17.6,14.5,0.2,1550.8,2641.2,421.9
FLAKKEBJERG,2019-09-08,08,09,2019,251,9.1,17.5,12.8,4.7,1558.6,2654,426.6
FLAKKEBJERG,2019-09-09,09,09,2019,252,9.5,15.7,13.2,9,1566.8,2667.2,435.6
FLAKKEBJERG,2019-09-10,10,09,2019,253,14,15.4,14.6,20,1576.4,2681.8,455.6
FLAKKEBJERG,2019-09-11,11,09,2019,254,12.2,17.5,14.8,3.9,1586.2,2696.6,459.5
FLAKKEBJERG,2019-09-12,12,09,2019,255,12.9,18.6,15.8,0,1597,2712.4,459.5
FLAKKEBJERG,2019-09-13,13,09,2019,256,12.2,17.2,15.1,0.4,1607.1,2727.5,459.9
FLAKKEBJERG,2019-09-14,14,09,2019,257,9.8,17,13.5,0,1615.6,2741,459.9
FLAKKEBJERG,2019-09-15,15,09,2019,258,11.7,16.9,14.3,0.4,1624.9,2755.3,460.3
FLAKKEBJERG,2019-09-16,16,09,2019,259,10.8,15.9,12.8,0,1632.7,2768.1,460.3
FLAKKEBJERG,2019-09-17,17,09,2019,260,7.6,13.3,11.3,0.4,1639,2779.4,460.7
FLAKKEBJERG,2019-09-18,18,09,2019,261,8.6,14.4,11.3,0.1,1645.3,2790.7,460.8
FLAKKEBJERG,2019-09-19,19,09,2019,262,7.5,15.4,11.1,0,1651.4,2801.8,460.8
FLAKKEBJERG,2019-09-20,20,09,2019,263,8.2,16.4,12.8,0,1659.2,2814.6,460.8
FLAKKEBJERG,2019-09-21,21,09,2019,264,7.7,17.6,13,0,1667.2,2827.6,460.8
FLAKKEBJERG,2019-09-22,22,09,2019,265,5.6,21.4,13.4,0,1675.6,2841,460.8
FLAKKEBJERG,2019-09-23,23,09,2019,266,12.3,16.7,14.3,0,1684.9,2855.3,460.8
FLAKKEBJERG,2019-09-24,24,09,2019,267,12.8,16.5,14.2,0,1694.1,2869.5,460.8
FLAKKEBJERG,2019-09-25,25,09,2019,268,11.1,16,14,0.1,1703.1,2883.5,460.9
FLAKKEBJERG,2019-09-26,26,09,2019,269,12.4,18.1,14.5,0,1712.6,2898,460.9
FLAKKEBJERG,2019-09-27,27,09,2019,270,12.4,17,15,10.9,1722.6,2913,471.8
FLAKKEBJERG,2019-09-28,28,09,2019,271,13,16.7,14.5,3.1,1732.1,2927.5,474.9
FLAKKEBJERG,2019-09-29,29,09,2019,272,12.6,14.9,13.5,3.3,1740.6,2941,478.2
FLAKKEBJERG,2019-09-30,30,09,2019,273,9.6,15,12.6,10.1,1748.2,2953.6,488.3
FLAKKEBJERG,2019-10-01,01,10,2019,274,8.1,10.8,9.5,0,1752.7,2963.1,488.3
FLAKKEBJERG,2019-10-02,02,10,2019,275,5.7,13.5,8.9,7.4,1756.6,2972,495.7
FLAKKEBJERG,2019-10-03,03,10,2019,276,4.5,10.1,7.5,0,1759.1,2979.5,495.7
FLAKKEBJERG,2019-10-04,04,10,2019,277,3.1,11.1,7.3,0,1761.4,2986.8,495.7
FLAKKEBJERG,2019-10-05,05,10,2019,278,1.6,10,6.3,0,1762.7,2993.1,495.7
FLAKKEBJERG,2019-10-06,06,10,2019,279,1.6,9.6,5.6,0,1763.3,2998.7,495.7
FLAKKEBJERG,2019-10-07,07,10,2019,280,-0.1,8.9,4.7,0,1763.3,3003.4,495.7
FLAKKEBJERG,2019-10-08,08,10,2019,281,4.7,15.7,10.5,8.9,1768.8,3013.9,504.6
FLAKKEBJERG,2019-10-09,09,10,2019,282,9.2,13.1,11.3,4.4,1775.1,3025.2,509
FLAKKEBJERG,2019-10-10,10,10,2019,283,9,13.7,11,1.8,1781.1,3036.2,510.8
FLAKKEBJERG,2019-10-11,11,10,2019,284,10.9,14.4,12.7,32.7,1788.8,3048.9,543.5
FLAKKEBJERG,2019-10-12,12,10,2019,285,11.7,14.5,12.6,8.9,1796.4,3061.5,552.4
FLAKKEBJERG,2019-10-13,13,10,2019,286,11.1,17.8,12.3,4.7,1803.7,3073.8,557.1
FLAKKEBJERG,2019-10-14,14,10,2019,287,9.9,17.1,12.9,0.7,1811.6,3086.7,557.8
FLAKKEBJERG,2019-10-15,15,10,2019,288,9.6,16.7,12.4,23.4,1819,3099.1,581.2
FLAKKEBJERG,2019-10-16,16,10,2019,289,9.6,12.7,11.7,3.6,1825.7,3110.8,584.8
FLAKKEBJERG,2019-10-17,17,10,2019,290,9.1,13.9,11.8,5.4,1832.5,3122.6,590.2
FLAKKEBJERG,2019-10-18,18,10,2019,291,8.8,15.3,12.5,9.7,1840,3135.1,599.9
FLAKKEBJERG,2019-10-19,19,10,2019,292,9.8,14,11.7,2.5,1846.7,3146.8,602.4
FLAKKEBJERG,2019-10-20,20,10,2019,293,9,13,11.2,0.1,1852.9,3158,602.5
FLAKKEBJERG,2019-10-21,21,10,2019,294,9.7,12.6,11.2,0.4,1859.1,3169.2,602.9
FLAKKEBJERG,2019-10-22,22,10,2019,295,9.5,12.8,11.4,0,1865.5,3180.6,602.9
FLAKKEBJERG,2019-10-23,23,10,2019,296,9.6,13.3,11.2,0,1871.7,3191.8,602.9
FLAKKEBJERG,2019-10-24,24,10,2019,297,10.6,12.8,11.6,0,1878.3,3203.4,602.9
FLAKKEBJERG,2019-10-25,25,10,2019,298,11.2,13.8,12.4,0,1885.7,3215.8,602.9
FLAKKEBJERG,2019-10-26,26,10,2019,299,12,14.8,13.8,0.1,1894.5,3229.6,603
FLAKKEBJERG,2019-10-27,27,10,2019,300,8.5,14.8,10.5,1.5,1900,3240.1,604.5
FLAKKEBJERG,2019-10-28,28,10,2019,301,4.1,10.9,8.2,0.4,1903.2,3248.3,604.9
FLAKKEBJERG,2019-10-29,29,10,2019,302,0,9.8,4.6,0,1903.2,3252.9,604.9
FLAKKEBJERG,2019-10-30,30,10,2019,303,-1.6,8.3,2.9,0,1903.2,3255.8,604.9
FLAKKEBJERG,2019-10-31,31,10,2019,304,2.6,9.2,6.2,0,1904.4,3262,604.9
FLAKKEBJERG,2019-11-01,01,11,2019,305,0.5,7.1,4.2,4.3,1904.4,3266.2,609.2
FLAKKEBJERG,2019-11-02,02,11,2019,306,5.1,10.7,8.1,5.9,1907.5,3274.3,615.1
FLAKKEBJERG,2019-11-03,03,11,2019,307,8.1,11.4,9.5,0.2,1912,3283.8,615.3
FLAKKEBJERG,2019-11-04,04,11,2019,308,7.3,10.3,8.7,3.9,1915.7,3292.5,619.2
FLAKKEBJERG,2019-11-05,05,11,2019,309,3.3,7.5,5.3,3,1916,3297.8,622.2
FLAKKEBJERG,2019-11-06,06,11,2019,310,2.4,5.5,3.9,0,1916,3301.7,622.2
FLAKKEBJERG,2019-11-07,07,11,2019,311,3,7.7,4.8,0,1916,3306.5,622.2
FLAKKEBJERG,2019-11-08,08,11,2019,312,3,8.4,6.2,2.3,1917.2,3312.7,624.5
FLAKKEBJERG,2019-11-09,09,11,2019,313,2.7,7.9,5,0,1917.2,3317.7,624.5
FLAKKEBJERG,2019-11-10,10,11,2019,314,1.2,8.4,5.1,0.3,1917.3,3322.8,624.8
FLAKKEBJERG,2019-11-11,11,11,2019,315,3.5,7.2,5.5,0.1,1917.8,3328.3,624.9
FLAKKEBJERG,2019-11-12,12,11,2019,316,4.5,6.8,5.7,0.5,1918.5,3334,625.4
FLAKKEBJERG,2019-11-13,13,11,2019,317,2.3,6.9,5.2,0,1918.7,3339.2,625.4
FLAKKEBJERG,2019-11-14,14,11,2019,318,2.6,7.1,5.3,0.1,1919,3344.5,625.5
FLAKKEBJERG,2019-11-15,15,11,2019,319,2.9,9.4,6.9,0.4,1920.9,3351.4,625.9
FLAKKEBJERG,2019-11-16,16,11,2019,320,6.4,9.1,8.3,10.6,1924.2,3359.7,636.5
FLAKKEBJERG,2019-11-17,17,11,2019,321,3.6,6.8,5.6,0.4,1924.8,3365.3,636.9
FLAKKEBJERG,2019-11-18,18,11,2019,322,6.4,10,8.7,1.8,1928.5,3374,638.7
FLAKKEBJERG,2019-11-19,19,11,2019,323,4.9,8.3,6.8,0.5,1930.3,3380.8,639.2
FLAKKEBJERG,2019-11-20,20,11,2019,324,4.3,7.6,6.2,7,1931.5,3387,646.2
FLAKKEBJERG,2019-11-21,21,11,2019,325,5.1,9.1,6.9,0.4,1933.4,3393.9,646.6
FLAKKEBJERG,2019-11-22,22,11,2019,326,7.7,9,8.3,2.7,1936.7,3402.2,649.3
FLAKKEBJERG,2019-11-23,23,11,2019,327,6.5,8.7,7.2,0,1938.9,3409.4,649.3
FLAKKEBJERG,2019-11-24,24,11,2019,328,5.6,7,6.1,0,1940,3415.5,649.3
FLAKKEBJERG,2019-11-25,25,11,2019,329,4.2,7,5.3,0,1940.3,3420.8,649.3
FLAKKEBJERG,2019-11-26,26,11,2019,330,5,6.8,5.8,0.7,1941.1,3426.6,650
FLAKKEBJERG,2019-11-27,27,11,2019,331,6.6,7.8,7.2,3.5,1943.3,3433.8,653.5
FLAKKEBJERG,2019-11-28,28,11,2019,332,5.9,8.9,7.9,5.5,1946.2,3441.7,659
FLAKKEBJERG,2019-11-29,29,11,2019,333,0.6,6.2,3.4,3.2,1946.2,3445.1,662.2
FLAKKEBJERG,2019-11-30,30,11,2019,334,0.5,5.1,2.2,0,1946.2,3447.3,662.2
FLAKKEBJERG,2019-12-01,01,12,2019,335,0.6,4.4,2.7,0,1946.2,3450,662.2
FLAKKEBJERG,2019-12-02,02,12,2019,336,-0.1,5.2,3,0,1946.2,3453,662.2
FLAKKEBJERG,2019-12-03,03,12,2019,337,-1.7,7.5,3.6,2.5,1946.2,3456.6,664.7
FLAKKEBJERG,2019-12-04,04,12,2019,338,5.9,7.6,6.8,0,1948,3463.4,664.7
FLAKKEBJERG,2019-12-05,05,12,2019,339,5.1,8.2,5.9,0.1,1948.9,3469.3,664.8
FLAKKEBJERG,2019-12-06,06,12,2019,340,5,7.9,6.7,2.5,1950.6,3476,667.3
FLAKKEBJERG,2019-12-07,07,12,2019,341,5.4,8.6,7.2,0.2,1952.8,3483.2,667.5
FLAKKEBJERG,2019-12-08,08,12,2019,342,5.6,9.2,7.6,5.6,1955.4,3490.8,673.1
FLAKKEBJERG,2019-12-09,09,12,2019,343,4,7.2,6,0.1,1956.4,3496.8,673.2
FLAKKEBJERG,2019-12-10,10,12,2019,344,-0.6,6,3.4,0,1956.4,3500.2,673.2
FLAKKEBJERG,2019-12-11,11,12,2019,345,3.9,6,5.1,2.1,1956.5,3505.3,675.3
FLAKKEBJERG,2019-12-12,12,12,2019,346,3.4,5.3,4.7,1.9,1956.5,3510,677.2
FLAKKEBJERG,2019-12-13,13,12,2019,347,2.1,4.3,3.3,0,1956.5,3513.3,677.2
FLAKKEBJERG,2019-12-14,14,12,2019,348,1.6,5.7,3.6,8.4,1956.5,3516.9,685.6
FLAKKEBJERG,2019-12-15,15,12,2019,349,2.4,6.5,4.9,6.4,1956.5,3521.8,692
FLAKKEBJERG,2019-12-16,16,12,2019,350,4.4,6.8,5.8,0,1957.3,3527.6,692
FLAKKEBJERG,2019-12-17,17,12,2019,351,4.4,10,6.8,2.5,1959.1,3534.4,694.5
FLAKKEBJERG,2019-12-18,18,12,2019,352,3.3,9.6,6.3,0.4,1960.4,3540.7,694.9
FLAKKEBJERG,2019-12-19,19,12,2019,353,3,7.1,5.3,0,1960.7,3546,694.9
FLAKKEBJERG,2019-12-20,20,12,2019,354,4.1,6.7,5,0,1960.7,3551,694.9
FLAKKEBJERG,2019-12-21,21,12,2019,355,4.7,7.5,6.3,1.7,1962,3557.3,696.6
FLAKKEBJERG,2019-12-22,22,12,2019,356,1.9,4.8,3.8,0.1,1962,3561.1,696.7
FLAKKEBJERG,2019-12-23,23,12,2019,357,4.4,7.2,5.8,0.9,1962.8,3566.9,697.6
FLAKKEBJERG,2019-12-24,24,12,2019,358,1,6.7,5.1,0.9,1962.9,3572,698.5
FLAKKEBJERG,2019-12-25,25,12,2019,359,1.6,5.9,4.2,0.8,1962.9,3576.2,699.3
FLAKKEBJERG,2019-12-26,26,12,2019,360,1.3,5.7,4.2,0,1962.9,3580.4,699.3
FLAKKEBJERG,2019-12-27,27,12,2019,361,-1,3.1,1.2,0,1962.9,3581.6,699.3
FLAKKEBJERG,2019-12-28,28,12,2019,362,-1.1,1.3,0.1,0,1962.9,3581.7,699.3
FLAKKEBJERG,2019-12-29,29,12,2019,363,0.2,4.6,2.6,0,1962.9,3584.3,699.3
FLAKKEBJERG,2019-12-30,30,12,2019,364,4.1,7.7,5.9,0,1963.8,3590.2,699.3
FLAKKEBJERG,2019-12-31,31,12,2019,365,2,7.8,5.2,0,1964,3595.4,699.3
FLAKKEBJERG,2020-01-01,01,01,2020,1,0.3,5.3,3.5,0,0,3.5,0
FLAKKEBJERG,2020-01-02,02,01,2020,2,0.9,3.4,1.7,0,0,5.2,0
FLAKKEBJERG,2020-01-03,03,01,2020,3,3.2,7,5.1,0.5,0.1,10.3,0.5
FLAKKEBJERG,2020-01-04,04,01,2020,4,0.2,5.9,4.4,4.4,0.1,14.7,4.9
FLAKKEBJERG,2020-01-05,05,01,2020,5,-0.8,5.4,2.9,0.5,0.1,17.6,5.4
FLAKKEBJERG,2020-01-06,06,01,2020,6,4.9,6.3,5.5,1.2,0.6,23.1,6.6000000000000005
FLAKKEBJERG,2020-01-07,07,01,2020,7,3.6,7.7,5.4,0.2,1,28.5,6.800000000000001
FLAKKEBJERG,2020-01-08,08,01,2020,8,4.5,8.9,6.8,0.9,2.8,35.3,7.7
FLAKKEBJERG,2020-01-09,09,01,2020,9,2,9,5.8,8.8,3.6,41.1,16.5
FLAKKEBJERG,2020-01-10,10,01,2020,10,4.2,7.9,5.8,12.1,4.4,46.9,28.6
FLAKKEBJERG,2020-01-11,11,01,2020,11,2.4,6.1,4.6,0,4.4,51.5,28.6
FLAKKEBJERG,2020-01-12,12,01,2020,12,4.5,6.2,5.6,14.4,5,57.1,43
FLAKKEBJERG,2020-01-13,13,01,2020,13,4.2,6.3,5.3,0,5.3,62.4,43
FLAKKEBJERG,2020-01-14,14,01,2020,14,4.7,9.3,6.6,5.1,6.9,69,48.1
FLAKKEBJERG,2020-01-15,15,01,2020,15,5.4,10.3,8.9,1.1,10.8,77.9,49.2
FLAKKEBJERG,2020-01-16,16,01,2020,16,4.3,7.7,6.1,0,11.9,84,49.2
FLAKKEBJERG,2020-01-17,17,01,2020,17,4.8,7.9,6.1,0.3,13,90.1,49.5
FLAKKEBJERG,2020-01-18,18,01,2020,18,4,7.2,5.6,0.1,13.6,95.7,49.6
FLAKKEBJERG,2020-01-19,19,01,2020,19,0.5,6.3,3.3,0,13.6,99,49.6
FLAKKEBJERG,2020-01-20,20,01,2020,20,1.5,6.8,4.9,0,13.6,103.9,49.6
FLAKKEBJERG,2020-01-21,21,01,2020,21,5.7,7.2,6.4,0,15,110.3,49.6
FLAKKEBJERG,2020-01-22,22,01,2020,22,-0.5,7.4,4.6,0,15,114.9,49.6
FLAKKEBJERG,2020-01-23,23,01,2020,23,-0.5,5.6,4.2,0,15,119.1,49.6
FLAKKEBJERG,2020-01-24,24,01,2020,24,4.8,6.6,5.7,0.6,15.7,124.8,50.2
FLAKKEBJERG,2020-01-25,25,01,2020,25,4.1,6.7,5.6,0.1,16.3,130.4,50.300000000000004
FLAKKEBJERG,2020-01-26,26,01,2020,26,2.9,4.5,3.7,0,16.3,134.1,50.300000000000004
FLAKKEBJERG,2020-01-27,27,01,2020,27,3.2,6.3,4.8,1.6,16.3,138.9,51.9
FLAKKEBJERG,2020-01-28,28,01,2020,28,3.9,6.2,5.2,3.5,16.5,144.1,55.4
FLAKKEBJERG,2020-01-29,29,01,2020,29,3.1,6.4,4.5,0,16.5,148.6,55.4
FLAKKEBJERG,2020-01-30,30,01,2020,30,4.2,7.9,6.1,4.1,17.6,154.7,59.5
FLAKKEBJERG,2020-01-31,31,01,2020,31,6.4,8.2,7.5,2.1,20.1,162.2,61.6
FLAKKEBJERG,2020-02-01,01,02,2020,32,6.4,9,8.1,2,23.2,170.3,63.6
FLAKKEBJERG,2020-02-02,02,02,2020,33,2,7.2,4.9,0,23.2,175.2,63.6
FLAKKEBJERG,2020-02-03,03,02,2020,34,1.9,7,4.6,2.5,23.2,179.8,66.1
FLAKKEBJERG,2020-02-04,04,02,2020,35,2.7,5,3.7,0.5,23.2,183.5,66.6
FLAKKEBJERG,2020-02-05,05,02,2020,36,-1.8,6.3,3.1,0,23.2,186.6,66.6
FLAKKEBJERG,2020-02-06,06,02,2020,37,4.1,7.7,6.1,0,24.3,192.7,66.6
FLAKKEBJERG,2020-02-07,07,02,2020,38,4.1,5.9,4.9,0,24.3,197.6,66.6
FLAKKEBJERG,2020-02-08,08,02,2020,39,2.8,6.4,4.7,0.2,24.3,202.3,66.8
FLAKKEBJERG,2020-02-09,09,02,2020,40,5,9.2,6.9,8.1,26.2,209.2,74.9
FLAKKEBJERG,2020-02-10,10,02,2020,41,2.5,7.9,5.8,9.9,27,215,84.8
FLAKKEBJERG,2020-02-11,11,02,2020,42,1.4,6.2,3.7,5.8,27,218.7,90.6
FLAKKEBJERG,2020-02-12,12,02,2020,43,1.8,4.8,3.8,4.9,27,222.5,95.5
FLAKKEBJERG,2020-02-13,13,02,2020,44,2.4,5,3.5,0.7,27,226,96.2
FLAKKEBJERG,2020-02-14,14,02,2020,45,2.6,6.7,4,0,27,230,96.2
FLAKKEBJERG,2020-02-15,15,02,2020,46,3.9,7.9,5.8,1.8,27.8,235.8,98
FLAKKEBJERG,2020-02-16,16,02,2020,47,5.5,10.4,8.5,15.9,31.3,244.3,113.9
FLAKKEBJERG,2020-02-17,17,02,2020,48,4.8,8.4,6.8,1,33.1,251.1,114.9
FLAKKEBJERG,2020-02-18,18,02,2020,49,4.1,7,5.5,1.1,33.6,256.6,116
FLAKKEBJERG,2020-02-19,19,02,2020,50,3,6,4.9,7.3,33.6,261.5,123.3
FLAKKEBJERG,2020-02-20,20,02,2020,51,2.2,6.6,4.8,5.4,33.6,266.3,128.7
FLAKKEBJERG,2020-02-21,21,02,2020,52,3.5,8,5.6,0,34.2,271.9,128.7
FLAKKEBJERG,2020-02-22,22,02,2020,53,4.2,7.9,6.3,6.3,35.5,278.2,135
FLAKKEBJERG,2020-02-23,23,02,2020,54,3.4,6.2,4.6,1.5,35.5,282.8,136.5
FLAKKEBJERG,2020-02-24,24,02,2020,55,2.4,5.7,4.3,2,35.5,287.1,138.5
FLAKKEBJERG,2020-02-25,25,02,2020,56,2.3,6.3,4.6,2.9,35.5,291.7,141.4
FLAKKEBJERG,2020-02-26,26,02,2020,57,0.3,3.7,2,0.8,35.5,293.7,142.2
FLAKKEBJERG,2020-02-27,27,02,2020,58,-2.1,4.9,0.8,1,35.5,294.5,143.2
FLAKKEBJERG,2020-02-28,28,02,2020,59,-0.7,8.2,3.9,0.7,35.5,298.4,143.9
FLAKKEBJERG,2020-02-29,29,02,2020,60,2.6,8.1,4.9,5.8,35.5,303.3,149.7
FLAKKEBJERG,2020-03-01,01,03,2020,61,3.3,6.8,5,1.4,35.5,308.3,151.1
FLAKKEBJERG,2020-03-02,02,03,2020,62,2.1,8,4.8,0,35.5,313.1,151.1
FLAKKEBJERG,2020-03-03,03,03,2020,63,2.9,6.3,4.4,0.8,35.5,317.5,151.9
FLAKKEBJERG,2020-03-04,04,03,2020,64,1,7.4,3.9,0,35.5,321.4,151.9
FLAKKEBJERG,2020-03-05,05,03,2020,65,1,4.9,2.9,0,35.5,324.3,151.9
FLAKKEBJERG,2020-03-06,06,03,2020,66,2.6,6.8,4.4,0.1,35.5,328.7,152
FLAKKEBJERG,2020-03-07,07,03,2020,67,1.1,7.2,3.8,0,35.5,332.5,152
FLAKKEBJERG,2020-03-08,08,03,2020,68,3.2,9.4,6.5,0.3,37,339,152.3
FLAKKEBJERG,2020-03-09,09,03,2020,69,2.9,9.1,6.6,3.6,38.6,345.6,155.9
FLAKKEBJERG,2020-03-10,10,03,2020,70,3.2,8,6,6.6,39.6,351.6,162.5
FLAKKEBJERG,2020-03-11,11,03,2020,71,5,9.5,7,1.2,41.6,358.6,163.7
FLAKKEBJERG,2020-03-12,12,03,2020,72,3.1,8.1,6.1,2.4,42.7,364.7,166.1
FLAKKEBJERG,2020-03-13,13,03,2020,73,0.8,7.9,4.3,2.3,42.7,369,168.4
FLAKKEBJERG,2020-03-14,14,03,2020,74,-2.2,5.7,2.4,0,42.7,371.4,168.4
FLAKKEBJERG,2020-03-15,15,03,2020,75,3.2,9.8,6.4,0,44.1,377.8,168.4
FLAKKEBJERG,2020-03-16,16,03,2020,76,4.4,9.1,7.6,0,46.7,385.4,168.4
FLAKKEBJERG,2020-03-17,17,03,2020,77,3.2,9.3,6.9,0,48.6,392.3,168.4
FLAKKEBJERG,2020-03-18,18,03,2020,78,6,8.7,7.5,0.7,51.1,399.8,169.1
FLAKKEBJERG,2020-03-19,19,03,2020,79,3.5,9.4,6.2,0,52.3,406,169.1
FLAKKEBJERG,2020-03-20,20,03,2020,80,1.1,8.3,4.8,0,52.3,410.8,169.1
FLAKKEBJERG,2020-03-21,21,03,2020,81,-1.4,7.6,2.8,0,52.3,413.6,169.1
FLAKKEBJERG,2020-03-22,22,03,2020,82,-1.9,5,1.5,0,52.3,415.1,169.1
FLAKKEBJERG,2020-03-23,23,03,2020,83,-1.7,5.9,1.6,0,52.3,416.7,169.1
FLAKKEBJERG,2020-03-24,24,03,2020,84,-0.2,6.4,3.3,0,52.3,420,169.1
FLAKKEBJERG,2020-03-25,25,03,2020,85,0,7.8,4,0,52.3,424,169.1
FLAKKEBJERG,2020-03-26,26,03,2020,86,-1,9.7,3.9,0,52.3,427.9,169.1
FLAKKEBJERG,2020-03-27,27,03,2020,87,-1.1,12.7,5.4,0,52.7,433.3,169.1
FLAKKEBJERG,2020-03-28,28,03,2020,88,-0.4,7.9,4.1,0,52.7,437.4,169.1
FLAKKEBJERG,2020-03-29,29,03,2020,89,-2.1,4.9,1.9,0.5,52.7,439.3,169.6
FLAKKEBJERG,2020-03-30,30,03,2020,90,-0.7,7.5,3.5,0,52.7,442.8,169.6
FLAKKEBJERG,2020-03-31,31,03,2020,91,-4.3,7.6,2.6,0.1,52.7,445.4,169.7
FLAKKEBJERG,2020-04-01,01,04,2020,92,3.6,9,6,0.6,53.7,451.4,170.3
FLAKKEBJERG,2020-04-02,02,04,2020,93,3.3,9.1,6.4,1.9,55.1,457.8,172.2
FLAKKEBJERG,2020-04-03,03,04,2020,94,1.9,8.5,4.9,0,55.1,462.7,172.2
FLAKKEBJERG,2020-04-04,04,04,2020,95,0,8.9,4.6,0,55.1,467.3,172.2
FLAKKEBJERG,2020-04-05,05,04,2020,96,1.4,13.6,7.9,0,58,475.2,172.2
FLAKKEBJERG,2020-04-06,06,04,2020,97,5.4,17,11.1,0,64.1,486.3,172.2
FLAKKEBJERG,2020-04-07,07,04,2020,98,4.3,15.1,10.6,0,69.7,496.9,172.2
FLAKKEBJERG,2020-04-08,08,04,2020,99,2.7,15.9,9.8,0,74.5,506.7,172.2
FLAKKEBJERG,2020-04-09,09,04,2020,100,4.8,12,8.4,0,77.9,515.1,172.2
FLAKKEBJERG,2020-04-10,10,04,2020,101,-0.3,10.3,5.4,0,78.3,520.5,172.2
FLAKKEBJERG,2020-04-11,11,04,2020,102,-0.5,9.2,5.9,0.1,79.2,526.4,172.3
FLAKKEBJERG,2020-04-12,12,04,2020,103,5.6,17.7,11.3,0,85.5,537.7,172.3
FLAKKEBJERG,2020-04-13,13,04,2020,104,1.4,8.8,5.6,0,86.1,543.3,172.3
FLAKKEBJERG,2020-04-14,14,04,2020,105,1.8,9.7,5.7,0,86.8,549,172.3
FLAKKEBJERG,2020-04-15,15,04,2020,106,5.7,14.2,8.9,0,90.7,557.9,172.3
FLAKKEBJERG,2020-04-16,16,04,2020,107,4.6,13,8.9,0,94.6,566.8,172.3
FLAKKEBJERG,2020-04-17,17,04,2020,108,0.5,12.8,7.1,0,96.7,573.9,172.3
FLAKKEBJERG,2020-04-18,18,04,2020,109,0.1,13.9,7.4,0,99.1,581.3,172.3
FLAKKEBJERG,2020-04-19,19,04,2020,110,3.1,13.3,7.8,0,101.9,589.1,172.3
FLAKKEBJERG,2020-04-20,20,04,2020,111,-0.2,16.1,8.6,0,105.5,597.7,172.3
FLAKKEBJERG,2020-04-21,21,04,2020,112,2.6,16,9.6,0,110.1,607.3,172.3
FLAKKEBJERG,2020-04-22,22,04,2020,113,2.7,17.7,10.4,0,115.5,617.7,172.3
FLAKKEBJERG,2020-04-23,23,04,2020,114,2.6,18.2,11.2,0,121.7,628.9,172.3
FLAKKEBJERG,2020-04-24,24,04,2020,115,4.8,14.3,9.8,0,126.5,638.7,172.3
FLAKKEBJERG,2020-04-25,25,04,2020,116,3.1,14.1,9.3,0,130.8,648,172.3
FLAKKEBJERG,2020-04-26,26,04,2020,117,2.5,10.8,7.4,0,133.2,655.4,172.3
FLAKKEBJERG,2020-04-27,27,04,2020,118,3.8,14.8,9.7,0,137.9,665.1,172.3
FLAKKEBJERG,2020-04-28,28,04,2020,119,7,12.6,9.7,0,142.6,674.8,172.3
FLAKKEBJERG,2020-04-29,29,04,2020,120,5.1,9.3,7.1,4.9,144.7,681.9,177.2
FLAKKEBJERG,2020-04-30,30,04,2020,121,4.7,11.1,8.1,10.6,147.8,690,187.8
FLAKKEBJERG,2020-05-01,01,05,2020,122,5.4,12.4,8.9,0.9,151.7,698.9,188.7
FLAKKEBJERG,2020-05-02,02,05,2020,123,5.7,11.9,8.9,0.9,155.6,707.8,189.6
FLAKKEBJERG,2020-05-03,03,05,2020,124,5.1,13.6,9.4,0,160,717.2,189.6
FLAKKEBJERG,2020-05-04,04,05,2020,125,3.8,12.3,8.2,0.1,163.2,725.4,189.7
FLAKKEBJERG,2020-05-05,05,05,2020,126,3.8,12.5,8,1.2,166.2,733.4,190.9
FLAKKEBJERG,2020-05-06,06,05,2020,127,1.9,13.4,8.4,0,169.6,741.8,190.9
FLAKKEBJERG,2020-05-07,07,05,2020,128,6.6,15.7,10.8,0,175.4,752.6,190.9
FLAKKEBJERG,2020-05-08,08,05,2020,129,3.9,17.9,11,0,181.4,763.6,190.9
FLAKKEBJERG,2020-05-09,09,05,2020,130,8.3,17.9,12.8,0,189.2,776.4,190.9
FLAKKEBJERG,2020-05-10,10,05,2020,131,7.4,19.2,12.7,0,196.9,789.1,190.9
FLAKKEBJERG,2020-05-11,11,05,2020,132,0.2,9.6,7.1,0.1,199,796.2,191
FLAKKEBJERG,2020-05-12,12,05,2020,133,0.1,11.2,6,0.6,200,802.2,191.6
FLAKKEBJERG,2020-05-13,13,05,2020,134,0.2,11.6,6.7,0.1,201.7,808.9,191.7
FLAKKEBJERG,2020-05-14,14,05,2020,135,-0.3,12.1,6.9,0,203.6,815.8,191.7
FLAKKEBJERG,2020-05-15,15,05,2020,136,4.8,12,8.8,1.9,207.4,824.6,193.6
FLAKKEBJERG,2020-05-16,16,05,2020,137,6.8,14.6,10.3,0,212.7,834.9,193.6
FLAKKEBJERG,2020-05-17,17,05,2020,138,7.7,15.9,10.9,0,218.6,845.8,193.6
FLAKKEBJERG,2020-05-18,18,05,2020,139,9.4,13.1,11,1.6,224.6,856.8,195.2
FLAKKEBJERG,2020-05-19,19,05,2020,140,6.3,15.5,12.1,0.1,231.7,868.9,195.3
FLAKKEBJERG,2020-05-20,20,05,2020,141,3.2,17.2,10.8,0,237.5,879.7,195.3
FLAKKEBJERG,2020-05-21,21,05,2020,142,4.6,18.5,12.6,0,245.1,892.3,195.3
FLAKKEBJERG,2020-05-22,22,05,2020,143,7.8,19.6,13.5,4.8,253.6,905.8,200.1
FLAKKEBJERG,2020-05-23,23,05,2020,144,9.2,16.6,13.2,1.1,261.8,919,201.2
FLAKKEBJERG,2020-05-24,24,05,2020,145,9,14,11.6,0.8,268.4,930.6,202
FLAKKEBJERG,2020-05-25,25,05,2020,146,7.2,16.7,12.1,0.5,275.5,942.7,202.5
FLAKKEBJERG,2020-05-26,26,05,2020,147,5.3,19.3,13.4,0,283.9,956.1,202.5
FLAKKEBJERG,2020-05-27,27,05,2020,148,6.3,16.8,12.1,0,291,968.2,202.5
FLAKKEBJERG,2020-05-28,28,05,2020,149,5.9,17.2,12.5,0,298.5,980.7,202.5
FLAKKEBJERG,2020-05-29,29,05,2020,150,3.7,18.3,12.6,0,306.1,993.3,202.5
FLAKKEBJERG,2020-05-30,30,05,2020,151,5.9,20.4,13.7,0,314.8,1007,202.5
FLAKKEBJERG,2020-05-31,31,05,2020,152,7.3,21.8,15.3,0,325.1,1022.3,202.5
FLAKKEBJERG,2020-06-01,01,06,2020,153,5.8,23.2,16.1,0,336.2,1038.4,202.5
FLAKKEBJERG,2020-06-02,02,06,2020,154,7.8,24,17.4,0,348.6,1055.8,202.5
FLAKKEBJERG,2020-06-03,03,06,2020,155,8.9,20.9,14.9,0,358.5,1070.7,202.5
FLAKKEBJERG,2020-06-04,04,06,2020,156,8.7,17.3,12.8,7.7,366.3,1083.5,210.2
FLAKKEBJERG,2020-06-05,05,06,2020,157,10,15.3,12.6,4.9,373.9,1096.1,215.1
FLAKKEBJERG,2020-06-06,06,06,2020,158,7.9,15.1,11.1,10.4,380,1107.2,225.5
FLAKKEBJERG,2020-06-07,07,06,2020,159,7.3,18.3,13.6,0,388.6,1120.8,225.5
FLAKKEBJERG,2020-06-08,08,06,2020,160,7.9,18.3,13.6,0,397.2,1134.4,225.5
FLAKKEBJERG,2020-06-09,09,06,2020,161,8,17.5,13.5,0,405.7,1147.9,225.5
FLAKKEBJERG,2020-06-10,10,06,2020,162,7.4,20.9,15.1,0,415.8,1163,225.5
FLAKKEBJERG,2020-06-11,11,06,2020,163,14.5,22.1,17.2,0.3,428,1180.2,225.8
FLAKKEBJERG,2020-06-12,12,06,2020,164,15.1,17.4,16.2,0,439.2,1196.4,225.8
FLAKKEBJERG,2020-06-13,13,06,2020,165,15.6,23.8,18.3,0.1,452.5,1214.7,225.9
FLAKKEBJERG,2020-06-14,14,06,2020,166,9.8,21.9,17.4,0,464.9,1232.1,225.9
FLAKKEBJERG,2020-06-15,15,06,2020,167,8.7,23.5,17,0,476.9,1249.1,225.9
FLAKKEBJERG,2020-06-16,16,06,2020,168,8.3,25,17.8,0,489.7,1266.9,225.9
FLAKKEBJERG,2020-06-17,17,06,2020,169,11.7,24.2,18.5,0.4,503.2,1285.4,226.3
FLAKKEBJERG,2020-06-18,18,06,2020,170,12.9,23.6,18.2,1.5,516.4,1303.6,227.8
FLAKKEBJERG,2020-06-19,19,06,2020,171,15.2,19.2,16.8,9.8,528.2,1320.4,237.6
FLAKKEBJERG,2020-06-20,20,06,2020,172,15.2,17.3,16.4,2.7,539.6,1336.8,240.3
FLAKKEBJERG,2020-06-21,21,06,2020,173,13.1,21,17.1,0,551.7,1353.9,240.3
FLAKKEBJERG,2020-06-22,22,06,2020,174,10.4,21.3,16.3,1.6,563,1370.2,241.9
FLAKKEBJERG,2020-06-23,23,06,2020,175,9.5,21.7,16.3,0,574.3,1386.5,241.9
FLAKKEBJERG,2020-06-24,24,06,2020,176,9.6,24.9,18.8,0,588.1,1405.3,241.9
FLAKKEBJERG,2020-06-25,25,06,2020,177,11.8,27.4,20.7,0,603.8,1426,241.9
FLAKKEBJERG,2020-06-26,26,06,2020,178,16,26.8,21.7,0,620.5,1447.7,241.9
FLAKKEBJERG,2020-06-27,27,06,2020,179,15.9,26.9,21.4,0,636.9,1469.1,241.9
FLAKKEBJERG,2020-06-28,28,06,2020,180,13.1,22.4,18.3,0.9,650.2,1487.4,242.8
FLAKKEBJERG,2020-06-29,29,06,2020,181,10.4,21.6,17.2,0,662.4,1504.6,242.8
FLAKKEBJERG,2020-06-30,30,06,2020,182,13.1,19.2,15.5,8.2,672.9,1520.1,251
FLAKKEBJERG,2020-07-01,01,07,2020,183,13.2,20.2,16.5,2.1,684.4,1536.6,253.1
FLAKKEBJERG,2020-07-02,02,07,2020,184,13.2,19.7,16.3,1.5,695.7,1552.9,254.6
FLAKKEBJERG,2020-07-03,03,07,2020,185,11.8,17.8,14.4,3.5,705.1,1567.3,258.1
FLAKKEBJERG,2020-07-04,04,07,2020,186,14.2,16.5,15.4,16.2,715.5,1582.7,274.3
FLAKKEBJERG,2020-07-05,05,07,2020,187,13.7,19.7,16.9,2.1,727.4,1599.6,276.4
FLAKKEBJERG,2020-07-06,06,07,2020,188,11.5,18.1,14.1,6.7,736.5,1613.7,283.1
FLAKKEBJERG,2020-07-07,07,07,2020,189,10.3,17.4,12.9,4.9,744.4,1626.6,288
FLAKKEBJERG,2020-07-08,08,07,2020,190,9.7,17.9,13.1,0,752.5,1639.7,288
FLAKKEBJERG,2020-07-09,09,07,2020,191,8.1,16.8,12.9,0,760.4,1652.6,288
FLAKKEBJERG,2020-07-10,10,07,2020,192,6.5,15,11.1,3.5,766.5,1663.7,291.5
FLAKKEBJERG,2020-07-11,11,07,2020,193,10.1,18.7,13.9,0,775.4,1677.6,291.5
FLAKKEBJERG,2020-07-12,12,07,2020,194,9.7,17.4,13.7,0,784.1,1691.3,291.5
FLAKKEBJERG,2020-07-13,13,07,2020,195,10.3,19.8,14.7,0,793.8,1706,291.5
FLAKKEBJERG,2020-07-14,14,07,2020,196,10.5,19.6,15.5,4.1,804.3,1721.5,295.6
FLAKKEBJERG,2020-07-15,15,07,2020,197,12.8,19.5,15.1,2.6,814.4,1736.6,298.2
FLAKKEBJERG,2020-07-16,16,07,2020,198,10.6,20.6,15.8,0,825.2,1752.4,298.2
FLAKKEBJERG,2020-07-17,17,07,2020,199,10.4,22.8,17.3,0,837.5,1769.7,298.2
FLAKKEBJERG,2020-07-18,18,07,2020,200,9.9,24.6,18.4,0,850.9,1788.1,298.2
FLAKKEBJERG,2020-07-19,19,07,2020,201,15.2,26.5,20.8,0,866.7,1808.9,298.2
FLAKKEBJERG,2020-07-20,20,07,2020,202,12.4,19.9,16.4,0,878.1,1825.3,298.2
FLAKKEBJERG,2020-07-21,21,07,2020,203,11,20.1,15,0,888.1,1840.3,298.2
FLAKKEBJERG,2020-07-22,22,07,2020,204,9.9,19.3,14.9,0,898,1855.2,298.2
FLAKKEBJERG,2020-07-23,23,07,2020,205,7.7,20,14.9,6.5,907.9,1870.1,304.7
FLAKKEBJERG,2020-07-24,24,07,2020,206,13.6,21,16.7,2.6,919.6,1886.8,307.3
FLAKKEBJERG,2020-07-25,25,07,2020,207,9.9,22.1,16.9,0,931.5,1903.7,307.3
FLAKKEBJERG,2020-07-26,26,07,2020,208,13.8,21.3,17.9,3.7,944.4,1921.6,311
FLAKKEBJERG,2020-07-27,27,07,2020,209,11.3,21.4,17.1,0,956.5,1938.7,311
FLAKKEBJERG,2020-07-28,28,07,2020,210,13.9,21.8,18.1,0.3,969.6,1956.8,311.3
FLAKKEBJERG,2020-07-29,29,07,2020,211,12.8,19.9,15.3,0.3,979.9,1972.1,311.6
FLAKKEBJERG,2020-07-30,30,07,2020,212,12.2,19.7,15.7,0,990.6,1987.8,311.6
FLAKKEBJERG,2020-07-31,31,07,2020,213,11.7,22.8,16.1,0,1001.7,2003.9,311.6
FLAKKEBJERG,2020-08-01,01,08,2020,214,10.1,24.6,18.3,0,1015,2022.2,311.6
FLAKKEBJERG,2020-08-02,02,08,2020,215,15.7,22.8,19,0.2,1029,2041.2,311.8
FLAKKEBJERG,2020-08-03,03,08,2020,216,10.7,20.6,16.3,0,1040.3,2057.5,311.8
FLAKKEBJERG,2020-08-04,04,08,2020,217,10.2,20.4,15.4,0,1050.7,2072.9,311.8
FLAKKEBJERG,2020-08-05,05,08,2020,218,10.9,25.7,18.4,0,1064.1,2091.3,311.8
FLAKKEBJERG,2020-08-06,06,08,2020,219,12.5,29.6,22.2,0,1081.3,2113.5,311.8
FLAKKEBJERG,2020-08-07,07,08,2020,220,15.3,30.4,22.9,0,1099.2,2136.4,311.8
FLAKKEBJERG,2020-08-08,08,08,2020,221,14.8,31.1,23,0,1117.2,2159.4,311.8
FLAKKEBJERG,2020-08-09,09,08,2020,222,14.1,31.8,22.9,0,1135.1,2182.3,311.8
FLAKKEBJERG,2020-08-10,10,08,2020,223,18.1,31,23.6,0.3,1153.7,2205.9,312.1
FLAKKEBJERG,2020-08-11,11,08,2020,224,16.2,25.9,20.7,0,1169.4,2226.6,312.1
FLAKKEBJERG,2020-08-12,12,08,2020,225,15,25.2,19.8,0,1184.2,2246.4,312.1
FLAKKEBJERG,2020-08-13,13,08,2020,226,12.5,26.6,19.6,0,1198.8,2266,312.1
FLAKKEBJERG,2020-08-14,14,08,2020,227,9.5,28.3,19.2,0,1213,2285.2,312.1
FLAKKEBJERG,2020-08-15,15,08,2020,228,12.4,29.8,21.8,0,1229.8,2307,312.1
FLAKKEBJERG,2020-08-16,16,08,2020,229,13.2,30.1,22.7,0,1247.5,2329.7,312.1
FLAKKEBJERG,2020-08-17,17,08,2020,230,15.7,29.1,22.5,0,1265,2352.2,312.1
FLAKKEBJERG,2020-08-18,18,08,2020,231,16.5,24.1,20.3,0,1280.3,2372.5,312.1
FLAKKEBJERG,2020-08-19,19,08,2020,232,13.8,24.8,19.8,0,1295.1,2392.3,312.1
FLAKKEBJERG,2020-08-20,20,08,2020,233,14.2,23.8,19.6,3.3,1309.7,2411.9,315.4
FLAKKEBJERG,2020-08-21,21,08,2020,234,16.2,24.1,20,2.8,1324.7,2431.9,318.2
FLAKKEBJERG,2020-08-22,22,08,2020,235,17.7,24.3,20.4,0,1340.1,2452.3,318.2
FLAKKEBJERG,2020-08-23,23,08,2020,236,16.1,20.8,18,0.2,1353.1,2470.3,318.4
FLAKKEBJERG,2020-08-24,24,08,2020,237,13.2,19.5,15.6,5.8,1363.7,2485.9,324.2
FLAKKEBJERG,2020-08-25,25,08,2020,238,8.5,18.8,14.8,2.7,1373.5,2500.7,326.9
FLAKKEBJERG,2020-08-26,26,08,2020,239,14.7,19.9,17.1,4.9,1385.6,2517.8,331.8
FLAKKEBJERG,2020-08-27,27,08,2020,240,11.7,16.7,14.8,31.7,1395.4,2532.6,363.5
FLAKKEBJERG,2020-08-28,28,08,2020,241,11.7,18.6,14.7,0,1405.1,2547.3,363.5
FLAKKEBJERG,2020-08-29,29,08,2020,242,12.3,19.6,15.3,3.4,1415.4,2562.6,366.9
FLAKKEBJERG,2020-08-30,30,08,2020,243,9.8,21.5,15.4,0,1425.8,2578,366.9
FLAKKEBJERG,2020-08-31,31,08,2020,244,11.4,19.7,15.1,0,1435.9,2593.1,366.9
FLAKKEBJERG,2020-09-01,01,09,2020,245,8.2,20.1,14.4,0,1445.3,2607.5,366.9
FLAKKEBJERG,2020-09-02,02,09,2020,246,10.6,20.4,15.1,0,1455.4,2622.6,366.9
FLAKKEBJERG,2020-09-03,03,09,2020,247,7.9,19.6,14.5,5,1464.9,2637.1,371.9
FLAKKEBJERG,2020-09-04,04,09,2020,248,14.6,20.2,17,0,1476.9,2654.1,371.9
FLAKKEBJERG,2020-09-05,05,09,2020,249,11.8,18.1,15.3,3,1487.2,2669.4,374.9
FLAKKEBJERG,2020-09-06,06,09,2020,250,11.4,17.3,13.7,0,1495.9,2683.1,374.9
FLAKKEBJERG,2020-09-07,07,09,2020,251,10.9,18.1,14.2,0,1505.1,2697.3,374.9
FLAKKEBJERG,2020-09-08,08,09,2020,252,14.6,20.1,16.8,1.4,1516.9,2714.1,376.3
FLAKKEBJERG,2020-09-09,09,09,2020,253,13,18.6,16.3,1.3,1528.2,2730.4,377.6
FLAKKEBJERG,2020-09-10,10,09,2020,254,7.4,17.6,13.5,0,1536.7,2743.9,377.6
FLAKKEBJERG,2020-09-11,11,09,2020,255,6.1,11.7,8.2,0,1539.9,2752.1,377.6
FLAKKEBJERG,2020-09-12,12,09,2020,256,11.2,18.8,14.8,1.8,1549.7,2766.9,379.4
FLAKKEBJERG,2020-09-13,13,09,2020,257,13.3,18.4,15.9,0,1560.6,2782.8,379.4
FLAKKEBJERG,2020-09-14,14,09,2020,258,11.9,23.5,17.4,0,1573,2800.2,379.4
FLAKKEBJERG,2020-09-15,15,09,2020,259,10.9,27.6,18.4,0,1586.4,2818.6,379.4
FLAKKEBJERG,2020-09-16,16,09,2020,260,11.7,20,15.5,1.3,1596.9,2834.1,380.7
FLAKKEBJERG,2020-09-17,17,09,2020,261,5.5,16.5,11.4,0,1603.3,2845.5,380.7
FLAKKEBJERG,2020-09-18,18,09,2020,262,2,17.7,9.8,0,1608.1,2855.3,380.7
FLAKKEBJERG,2020-09-19,19,09,2020,263,4.1,19.3,11.5,0,1614.6,2866.8,380.7
FLAKKEBJERG,2020-09-20,20,09,2020,264,5.2,18.6,12.2,0,1621.8,2879,380.7
FLAKKEBJERG,2020-09-21,21,09,2020,265,6.5,19.5,12.8,0,1629.6,2891.8,380.7
FLAKKEBJERG,2020-09-22,22,09,2020,266,5.4,22.6,13.5,0,1638.1,2905.3,380.7
FLAKKEBJERG,2020-09-23,23,09,2020,267,7.3,21.8,14.9,0,1648,2920.2,380.7
FLAKKEBJERG,2020-09-24,24,09,2020,268,9.2,18.6,15.9,0.8,1658.9,2936.1,381.5
FLAKKEBJERG,2020-09-25,25,09,2020,269,9.4,14.2,12.8,21.7,1666.7,2948.9,403.2
FLAKKEBJERG,2020-09-26,26,09,2020,270,9.5,16.5,13.2,0.5,1674.9,2962.1,403.7
FLAKKEBJERG,2020-09-27,27,09,2020,271,15,21.9,17.8,0,1687.7,2979.9,403.7
FLAKKEBJERG,2020-09-28,28,09,2020,272,10.1,16,14.1,0.1,1696.8,2994,403.8
FLAKKEBJERG,2020-09-29,29,09,2020,273,8.4,17.6,13.1,0,1704.9,3007.1,403.8
FLAKKEBJERG,2020-09-30,30,09,2020,274,10.7,18.1,13.9,0,1713.8,3021,403.8
FLAKKEBJERG,2020-10-01,01,10,2020,275,8.9,17,13.6,0,1722.4,3034.6,403.8
FLAKKEBJERG,2020-10-02,02,10,2020,276,13.6,16.5,14.7,1.2,1732.1,3049.3,405
FLAKKEBJERG,2020-10-03,03,10,2020,277,13.7,16.4,15.3,0,1742.4,3064.6,405
FLAKKEBJERG,2020-10-04,04,10,2020,278,11.1,16.9,14.7,0.9,1752.1,3079.3,405.9
FLAKKEBJERG,2020-10-05,05,10,2020,279,8.1,16.7,13.2,0.7,1760.3,3092.5,406.6
FLAKKEBJERG,2020-10-06,06,10,2020,280,8.9,14.2,11.9,0.3,1767.2,3104.4,406.9
FLAKKEBJERG,2020-10-07,07,10,2020,281,11,15.4,12.8,2.6,1775,3117.2,409.5
FLAKKEBJERG,2020-10-08,08,10,2020,282,10.3,14.7,12.2,6.4,1782.2,3129.4,415.9
FLAKKEBJERG,2020-10-09,09,10,2020,283,9.2,14.4,11.6,0,1788.8,3141,415.9
FLAKKEBJERG,2020-10-10,10,10,2020,284,7.3,12,10,3.3,1793.8,3151,419.2
FLAKKEBJERG,2020-10-11,11,10,2020,285,5,11.9,9.1,0,1797.9,3160.1,419.2
FLAKKEBJERG,2020-10-12,12,10,2020,286,2,13.4,7.3,1.7,1800.2,3167.4,420.9
FLAKKEBJERG,2020-10-13,13,10,2020,287,3.4,13.6,8.4,0,1803.6,3175.8,420.9
FLAKKEBJERG,2020-10-14,14,10,2020,288,5.9,11.1,8.3,0,1806.9,3184.1,420.9
FLAKKEBJERG,2020-10-15,15,10,2020,289,1.6,10,7.3,0,1809.2,3191.4,420.9
FLAKKEBJERG,2020-10-16,16,10,2020,290,1.3,12.5,7.2,0,1811.4,3198.6,420.9
FLAKKEBJERG,2020-10-17,17,10,2020,291,3.4,11.1,7.9,0,1814.3,3206.5,420.9
FLAKKEBJERG,2020-10-18,18,10,2020,292,5.5,11.4,9.1,0.1,1818.4,3215.6,421
FLAKKEBJERG,2020-10-19,19,10,2020,293,5.6,11.6,8.4,0.3,1821.8,3224,421.3
FLAKKEBJERG,2020-10-20,20,10,2020,294,8.8,10.5,9.7,0,1826.5,3233.7,421.3
FLAKKEBJERG,2020-10-21,21,10,2020,295,10.5,15,12.1,4.2,1833.6,3245.8,425.5
FLAKKEBJERG,2020-10-22,22,10,2020,296,12.1,15.7,13.9,1.4,1842.5,3259.7,426.9
FLAKKEBJERG,2020-10-23,23,10,2020,297,9.1,13.7,11.4,0.1,1848.9,3271.1,427
FLAKKEBJERG,2020-10-24,24,10,2020,298,9.8,13.4,11.9,3.8,1855.8,3283,430.8
FLAKKEBJERG,2020-10-25,25,10,2020,299,10.4,13.8,12.2,12.6,1863,3295.2,443.4
FLAKKEBJERG,2020-10-26,26,10,2020,300,9.2,11.9,10.7,1.2,1868.7,3305.9,444.6
FLAKKEBJERG,2020-10-27,27,10,2020,301,8.3,10.9,9.6,0.5,1873.3,3315.5,445.1
FLAKKEBJERG,2020-10-28,28,10,2020,302,8.8,12.2,10.5,4.7,1878.8,3326,449.8
FLAKKEBJERG,2020-10-29,29,10,2020,303,8.3,11.6,9.6,6.3,1883.4,3335.6,456.1
FLAKKEBJERG,2020-10-30,30,10,2020,304,8,12.3,9.9,5.2,1888.3,3345.5,461.3
FLAKKEBJERG,2020-10-31,31,10,2020,305,10.8,13.3,11.9,0.3,1895.2,3357.4,461.6
FLAKKEBJERG,2020-11-01,01,11,2020,306,11.1,13.6,12.1,2.2,1902.3,3369.5,463.8
FLAKKEBJERG,2020-11-02,02,11,2020,307,11.2,16.7,14.8,4.2,1912.1,3384.3,468
FLAKKEBJERG,2020-11-03,03,11,2020,308,7.1,12.7,10.4,0.1,1917.5,3394.7,468.1
FLAKKEBJERG,2020-11-04,04,11,2020,309,7.6,11.8,9.2,0,1921.7,3403.9,468.1
FLAKKEBJERG,2020-11-05,05,11,2020,310,7.5,11.5,10,0.2,1926.7,3413.9,468.3
FLAKKEBJERG,2020-11-06,06,11,2020,311,5.9,11.9,10.2,0,1931.9,3424.1,468.3
FLAKKEBJERG,2020-11-07,07,11,2020,312,4.5,10.5,8.9,0,1935.8,3433,468.3
FLAKKEBJERG,2020-11-08,08,11,2020,313,1,11.3,6.2,0,1937,3439.2,468.3
FLAKKEBJERG,2020-11-09,09,11,2020,314,6.7,9.1,7.7,0,1939.7,3446.9,468.3
FLAKKEBJERG,2020-11-10,10,11,2020,315,5.6,7.9,6.8,0,1941.5,3453.7,468.3
FLAKKEBJERG,2020-11-11,11,11,2020,316,5,6.5,5.8,0,1942.3,3459.5,468.3
FLAKKEBJERG,2020-11-12,12,11,2020,317,5.7,8.8,7.1,2.8,1944.4,3466.6,471.1
FLAKKEBJERG,2020-11-13,13,11,2020,318,5.5,10.1,8.3,0.6,1947.7,3474.9,471.7
FLAKKEBJERG,2020-11-14,14,11,2020,319,7.9,11.2,9.5,0.6,1952.2,3484.4,472.3
FLAKKEBJERG,2020-11-15,15,11,2020,320,9.8,12.5,11.1,0.1,1958.3,3495.5,472.4
FLAKKEBJERG,2020-11-16,16,11,2020,321,8.8,11.8,10,1.5,1963.3,3505.5,473.9
FLAKKEBJERG,2020-11-17,17,11,2020,322,8.9,12,10.3,1.8,1968.6,3515.8,475.7
FLAKKEBJERG,2020-11-18,18,11,2020,323,9.2,12,10.9,0.1,1974.5,3526.7,475.8
FLAKKEBJERG,2020-11-19,19,11,2020,324,3.6,11.7,7.8,4.8,1977.3,3534.5,480.6
FLAKKEBJERG,2020-11-20,20,11,2020,325,2.1,6.2,4.4,0,1977.3,3538.9,480.6
FLAKKEBJERG,2020-11-21,21,11,2020,326,5.1,10,7.2,2.5,1979.5,3546.1,483.1
FLAKKEBJERG,2020-11-22,22,11,2020,327,6.9,9.9,8.5,0,1983,3554.6,483.1
FLAKKEBJERG,2020-11-23,23,11,2020,328,5.5,8.8,7.3,0,1985.3,3561.9,483.1
FLAKKEBJERG,2020-11-24,24,11,2020,329,6.9,8.8,7.8,0.2,1988.1,3569.7,483.3
FLAKKEBJERG,2020-11-25,25,11,2020,330,4.9,7.6,6.2,0,1989.3,3575.9,483.3
FLAKKEBJERG,2020-11-26,26,11,2020,331,3.2,9.4,6.9,0,1991.2,3582.8,483.3
FLAKKEBJERG,2020-11-27,27,11,2020,332,-1.2,7.4,3,0,1991.2,3585.8,483.3
FLAKKEBJERG,2020-11-28,28,11,2020,333,-2.6,2.9,0,0,1991.2,3585.8,483.3
FLAKKEBJERG,2020-11-29,29,11,2020,334,-1,2,0.6,0.1,1991.2,3586.4,483.4
FLAKKEBJERG,2020-11-30,30,11,2020,335,-1.5,3.7,1.5,1.4,1991.2,3587.9,484.8
FLAKKEBJERG,2020-12-01,01,12,2020,336,2.6,5.1,3.9,0.7,1991.2,3591.8,485.5
FLAKKEBJERG,2020-12-02,02,12,2020,337,1.4,4.2,3.2,0,1991.2,3595,485.5
FLAKKEBJERG,2020-12-03,03,12,2020,338,-0.3,2.2,1.1,0,1991.2,3596.1,485.5
FLAKKEBJERG,2020-12-04,04,12,2020,339,0.5,3,2,0,1991.2,3598.1,485.5
FLAKKEBJERG,2020-12-05,05,12,2020,340,1.9,6.1,4.1,0,1991.2,3602.2,485.5
FLAKKEBJERG,2020-12-06,06,12,2020,341,2.6,8.1,5.5,0,1991.7,3607.7,485.5
FLAKKEBJERG,2020-12-07,07,12,2020,342,5.7,7.9,6.6,0,1993.3,3614.3,485.5
FLAKKEBJERG,2020-12-08,08,12,2020,343,3.1,6.1,4.7,0,1993.3,3619,485.5
FLAKKEBJERG,2020-12-09,09,12,2020,344,2.5,4.9,3.4,0.5,1993.3,3622.4,486
FLAKKEBJERG,2020-12-10,10,12,2020,345,1.9,3.3,2.8,0.1,1993.3,3625.2,486.1
FLAKKEBJERG,2020-12-11,11,12,2020,346,0.4,2.3,1.4,0,1993.3,3626.6,486.1
FLAKKEBJERG,2020-12-12,12,12,2020,347,1.8,4.3,3.1,0,1993.3,3629.7,486.1
FLAKKEBJERG,2020-12-13,13,12,2020,348,1.8,4.7,3.1,0,1993.3,3632.8,486.1
FLAKKEBJERG,2020-12-14,14,12,2020,349,2.6,6.7,4.7,2.3,1993.3,3637.5,488.4
FLAKKEBJERG,2020-12-15,15,12,2020,350,5.8,7.4,6.7,8.7,1995,3644.2,497.1
FLAKKEBJERG,2020-12-16,16,12,2020,351,4.9,8.2,6.6,0.2,1996.6,3650.8,497.3
FLAKKEBJERG,2020-12-17,17,12,2020,352,5.7,7.8,6.7,5.6,1998.3,3657.5,502.9
FLAKKEBJERG,2020-12-18,18,12,2020,353,4.9,7.7,6.7,0,2000,3664.2,502.9
FLAKKEBJERG,2020-12-19,19,12,2020,354,4,6.7,4.9,0,2000,3669.1,502.9
FLAKKEBJERG,2020-12-20,20,12,2020,355,5.2,7.3,6.2,0,2001.2,3675.3,502.9
FLAKKEBJERG,2020-12-21,21,12,2020,356,4.8,6.8,6,0.1,2002.2,3681.3,503
FLAKKEBJERG,2020-12-22,22,12,2020,357,4.7,8.9,6.4,2.9,2003.6,3687.7,505.9
FLAKKEBJERG,2020-12-23,23,12,2020,358,1.2,5.8,3.4,0,2003.6,3691.1,505.9
FLAKKEBJERG,2020-12-24,24,12,2020,359,0.9,5,2.9,0,2003.6,3694,505.9
FLAKKEBJERG,2020-12-25,25,12,2020,360,-2.4,3.6,1.4,0,2003.6,3695.4,505.9
FLAKKEBJERG,2020-12-26,26,12,2020,361,-0.5,4.5,2.8,2.4,2003.6,3698.2,508.3
FLAKKEBJERG,2020-12-27,27,12,2020,362,1.5,4.8,3,7.5,2003.6,3701.2,515.8
FLAKKEBJERG,2020-12-28,28,12,2020,363,1.4,3.4,2.5,1.9,2003.6,3703.7,517.7
FLAKKEBJERG,2020-12-29,29,12,2020,364,1.6,3.6,2.6,4.7,2003.6,3706.3,522.4
FLAKKEBJERG,2020-12-30,30,12,2020,365,2.9,4.8,3.9,11.7,2003.6,3710.2,534.1
FLAKKEBJERG,2020-12-31,31,12,2020,366,1.8,5,3.8,1.3,2003.6,3714,535.4
FLAKKEBJERG,2021-01-01,01,01,2021,1,-0.6,2.9,1.7,3.6,0,1.7,3.6
FLAKKEBJERG,2021-01-02,02,01,2021,2,-2.1,0.8,-0.4,0,0,1.7,3.6
FLAKKEBJERG,2021-01-03,03,01,2021,3,-2,2.9,0.7,0,0,2.4,3.6
FLAKKEBJERG,2021-01-04,04,01,2021,4,-1.8,1.1,-0.2,0,0,2.4,3.6
FLAKKEBJERG,2021-01-05,05,01,2021,5,0,1.9,0.9,0,0,3.3,3.6
FLAKKEBJERG,2021-01-06,06,01,2021,6,-0.1,1.4,0.7,1.4,0,4,5
FLAKKEBJERG,2021-01-07,07,01,2021,7,-0.3,1.5,0.6,0.4,0,4.6,5.4
FLAKKEBJERG,2021-01-08,08,01,2021,8,-0.4,1.8,0.8,0.6,0,5.4,6
FLAKKEBJERG,2021-01-09,09,01,2021,9,-0.6,2.6,1,0,0,6.4,6
FLAKKEBJERG,2021-01-10,10,01,2021,10,-0.5,2.6,1.1,4.4,0,7.5,10.4
FLAKKEBJERG,2021-01-11,11,01,2021,11,0.7,4.8,3.6,3.3,0,11.1,13.7
FLAKKEBJERG,2021-01-12,12,01,2021,12,0.3,5.3,2,1.6,0,13.1,15.3
FLAKKEBJERG,2021-01-13,13,01,2021,13,-0.3,2.7,1.3,2.9,0,14.4,18.2
FLAKKEBJERG,2021-01-14,14,01,2021,14,-1.8,1.3,0,0.2,0,14.4,18.4
FLAKKEBJERG,2021-01-15,15,01,2021,15,-4.8,-0.7,-2,0,0,14.4,18.4
FLAKKEBJERG,2021-01-16,16,01,2021,16,-6.9,-0.5,-3.5,0,0,14.4,18.4
FLAKKEBJERG,2021-01-17,17,01,2021,17,-5.3,0.4,-2.4,0,0,14.4,18.4
FLAKKEBJERG,2021-01-18,18,01,2021,18,-1.6,3,0.5,3.7,0,14.9,22.1
FLAKKEBJERG,2021-01-19,19,01,2021,19,1.1,3.4,2.1,5.9,0,17,28
FLAKKEBJERG,2021-01-20,20,01,2021,20,3.2,6.8,5.4,10.2,0.4,22.4,38.2
FLAKKEBJERG,2021-01-21,21,01,2021,21,4.4,7.8,5.9,0.1,1.3,28.3,38.3
FLAKKEBJERG,2021-01-22,22,01,2021,22,2.7,6.3,4.4,6.6,1.3,32.7,44.9
FLAKKEBJERG,2021-01-23,23,01,2021,23,0.7,3.9,2.3,0,1.3,35,44.9
FLAKKEBJERG,2021-01-24,24,01,2021,24,0.8,3.5,2.1,0,1.3,37.1,44.9
FLAKKEBJERG,2021-01-25,25,01,2021,25,-0.5,3.8,1.2,0.9,1.3,38.3,45.8
FLAKKEBJERG,2021-01-26,26,01,2021,26,-1.5,2.5,0.2,0,1.3,38.5,45.8
FLAKKEBJERG,2021-01-27,27,01,2021,27,-0.9,2.2,1.1,4.1,1.3,39.6,49.9
FLAKKEBJERG,2021-01-28,28,01,2021,28,-4.2,1,-1,0.6,1.3,39.6,50.5
FLAKKEBJERG,2021-01-29,29,01,2021,29,-5.4,-1.4,-2.9,0,1.3,39.6,50.5
FLAKKEBJERG,2021-01-30,30,01,2021,30,-5.8,0.4,-1.5,0.2,1.3,39.6,50.7
FLAKKEBJERG,2021-01-31,31,01,2021,31,-1.2,3.1,0.7,0,1.3,40.3,50.7
FLAKKEBJERG,2021-02-01,01,02,2021,32,-2.5,1.2,-0.5,0,1.3,40.3,50.7
FLAKKEBJERG,2021-02-02,02,02,2021,33,-6.5,1.5,-2.4,0,1.3,40.3,50.7
FLAKKEBJERG,2021-02-03,03,02,2021,34,-2.7,0,-1.3,2,1.3,40.3,52.7
FLAKKEBJERG,2021-02-04,04,02,2021,35,-4.4,-2,-3.3,0,1.3,40.3,52.7
FLAKKEBJERG,2021-02-05,05,02,2021,36,-7.1,-1.5,-3.6,0,1.3,40.3,52.7
FLAKKEBJERG,2021-02-06,06,02,2021,37,-7.4,-2.8,-5.4,0,1.3,40.3,52.7
FLAKKEBJERG,2021-02-07,07,02,2021,38,-6,-2.3,-3.8,0.3,1.3,40.3,53
FLAKKEBJERG,2021-02-08,08,02,2021,39,-4.3,-2.5,-3.5,0.7,1.3,40.3,53.699999999999996
FLAKKEBJERG,2021-02-09,09,02,2021,40,-5.5,-2.2,-4,0.1,1.3,40.3,53.8
FLAKKEBJERG,2021-02-10,10,02,2021,41,-6.6,-3,-5.1,0,1.3,40.3,53.8
FLAKKEBJERG,2021-02-11,11,02,2021,42,-7.7,-3.7,-6.1,0,1.3,40.3,53.8
FLAKKEBJERG,2021-02-12,12,02,2021,43,-10.6,-1.8,-6.5,0,1.3,40.3,53.8
FLAKKEBJERG,2021-02-13,13,02,2021,44,-11.3,0.9,-5.3,0,1.3,40.3,53.8
FLAKKEBJERG,2021-02-14,14,02,2021,45,-11.7,0.2,-5,0,1.3,40.3,53.8
FLAKKEBJERG,2021-02-15,15,02,2021,46,-3.3,1.3,-1.3,1.4,1.3,40.3,55.199999999999996
FLAKKEBJERG,2021-02-16,16,02,2021,47,-1.9,1.3,-0.4,1.6,1.3,40.3,56.8
FLAKKEBJERG,2021-02-17,17,02,2021,48,0.8,2.8,1.8,7.3,1.3,42.1,64.1
FLAKKEBJERG,2021-02-18,18,02,2021,49,1.2,4.6,2.4,2.5,1.3,44.5,66.6
FLAKKEBJERG,2021-02-19,19,02,2021,50,0.7,5.9,3.3,3.9,1.3,47.8,70.5
FLAKKEBJERG,2021-02-20,20,02,2021,51,2.6,7.8,4.8,0,1.3,52.6,70.5
FLAKKEBJERG,2021-02-21,21,02,2021,52,2,10.6,6.3,0,2.6,58.9,70.5
FLAKKEBJERG,2021-02-22,22,02,2021,53,1,10.4,6.1,0,3.7,65,70.5
FLAKKEBJERG,2021-02-23,23,02,2021,54,3.2,9.3,6.7,0,5.4,71.7,70.5
FLAKKEBJERG,2021-02-24,24,02,2021,55,5,12.5,9.2,0,9.6,80.9,70.5
FLAKKEBJERG,2021-02-25,25,02,2021,56,3.6,12.1,7.9,0,12.5,88.8,70.5
FLAKKEBJERG,2021-02-26,26,02,2021,57,2.8,9,5.2,0,12.7,94,70.5
FLAKKEBJERG,2021-02-27,27,02,2021,58,2.1,8.2,4.4,0,12.7,98.4,70.5
FLAKKEBJERG,2021-02-28,28,02,2021,59,-0.1,6.3,4,0,12.7,102.4,70.5
FLAKKEBJERG,2021-03-01,01,03,2021,60,-0.9,8.9,2.6,0,12.7,105,70.5
FLAKKEBJERG,2021-03-02,02,03,2021,61,-1.2,2.3,0.8,0,12.7,105.8,70.5
FLAKKEBJERG,2021-03-03,03,03,2021,62,-3.2,2.7,-0.3,0,12.7,105.8,70.5
FLAKKEBJERG,2021-03-04,04,03,2021,63,-2,4.5,2,0,12.7,107.8,70.5
FLAKKEBJERG,2021-03-05,05,03,2021,64,-3.6,5.1,0.4,0,12.7,108.2,70.5
FLAKKEBJERG,2021-03-06,06,03,2021,65,-2.8,5.8,2.1,0,12.7,110.3,70.5
FLAKKEBJERG,2021-03-07,07,03,2021,66,-3,6.7,2.5,0,12.7,112.8,70.5
FLAKKEBJERG,2021-03-08,08,03,2021,67,-4,5.1,-0.1,0,12.7,112.8,70.5
FLAKKEBJERG,2021-03-09,09,03,2021,68,-5.1,5.9,0.2,0,12.7,113,70.5
FLAKKEBJERG,2021-03-10,10,03,2021,69,-4,5.3,1.4,0,12.7,114.4,70.5
FLAKKEBJERG,2021-03-11,11,03,2021,70,0.8,7.6,4.6,16.7,12.7,119,87.2
FLAKKEBJERG,2021-03-12,12,03,2021,71,3.1,7.1,4.9,2.1,12.7,123.9,89.3
FLAKKEBJERG,2021-03-13,13,03,2021,72,1,6.3,3.6,12.8,12.7,127.5,102.1
FLAKKEBJERG,2021-03-14,14,03,2021,73,1.8,7.7,4.3,2.6,12.7,131.8,104.7
FLAKKEBJERG,2021-03-15,15,03,2021,74,1.7,6.5,4.2,0.2,12.7,136,104.9
FLAKKEBJERG,2021-03-16,16,03,2021,75,-1.2,6.3,2.5,0,12.7,138.5,104.9
FLAKKEBJERG,2021-03-17,17,03,2021,76,-1.5,8.2,2.9,0,12.7,141.4,104.9
FLAKKEBJERG,2021-03-18,18,03,2021,77,-1.8,6.4,2.2,0,12.7,143.6,104.9
FLAKKEBJERG,2021-03-19,19,03,2021,78,-3.1,3.8,0.8,0.1,12.7,144.4,105
FLAKKEBJERG,2021-03-20,20,03,2021,79,-3.7,5.3,2.2,0.2,12.7,146.6,105.2
FLAKKEBJERG,2021-03-21,21,03,2021,80,-0.1,8.2,5.2,0,12.9,151.8,105.2
FLAKKEBJERG,2021-03-22,22,03,2021,81,-1.1,7.2,3.8,0.3,12.9,155.6,105.5
FLAKKEBJERG,2021-03-23,23,03,2021,82,4.2,7.4,5.4,0,13.3,161,105.5
FLAKKEBJERG,2021-03-24,24,03,2021,83,4.1,9.9,7,0,15.3,168,105.5
FLAKKEBJERG,2021-03-25,25,03,2021,84,2,10.8,6.6,0,16.9,174.6,105.5
FLAKKEBJERG,2021-03-26,26,03,2021,85,2.9,12.9,8.4,0.6,20.3,183,106.1
FLAKKEBJERG,2021-03-27,27,03,2021,86,3.6,9.1,6.2,5,21.5,189.2,111.1
FLAKKEBJERG,2021-03-28,28,03,2021,87,3.2,7.9,5.7,1.1,22.2,194.9,112.2
FLAKKEBJERG,2021-03-29,29,03,2021,88,7.1,9.9,8.3,0,25.5,203.2,112.2
FLAKKEBJERG,2021-03-30,30,03,2021,89,6.6,15.5,10.1,0,30.6,213.3,112.2
FLAKKEBJERG,2021-03-31,31,03,2021,90,2.1,16.6,9.4,0,35,222.7,112.2
FLAKKEBJERG,2021-04-01,01,04,2021,91,1.2,8.4,6.4,0,36.4,229.1,112.2
FLAKKEBJERG,2021-04-02,02,04,2021,92,0.3,9.6,5,0,36.4,234.1,112.2
FLAKKEBJERG,2021-04-03,03,04,2021,93,-1,7.7,4,0,36.4,238.1,112.2
FLAKKEBJERG,2021-04-04,04,04,2021,94,-1.2,8.6,4.3,0,36.4,242.4,112.2
FLAKKEBJERG,2021-04-05,05,04,2021,95,-0.1,6.5,3,5,36.4,245.4,117.2
FLAKKEBJERG,2021-04-06,06,04,2021,96,1.2,6.4,3.6,0.1,36.4,249,117.3
FLAKKEBJERG,2021-04-07,07,04,2021,97,1.4,8.7,3.8,0.5,36.4,252.8,117.8
FLAKKEBJERG,2021-04-08,08,04,2021,98,2.4,6.4,4.5,0.4,36.4,257.3,118.2
FLAKKEBJERG,2021-04-09,09,04,2021,99,2.4,9.2,5.9,1.1,37.3,263.2,119.3
FLAKKEBJERG,2021-04-10,10,04,2021,100,0.3,8.3,4,0,37.3,267.2,119.3
FLAKKEBJERG,2021-04-11,11,04,2021,101,0.5,8.2,3.7,4.7,37.3,270.9,124
FLAKKEBJERG,2021-04-12,12,04,2021,102,2.1,8.2,4.4,0.3,37.3,275.3,124.3
FLAKKEBJERG,2021-04-13,13,04,2021,103,1.5,7.5,4.6,0.2,37.3,279.9,124.5
FLAKKEBJERG,2021-04-14,14,04,2021,104,-1.2,9.5,4.3,0.1,37.3,284.2,124.6
FLAKKEBJERG,2021-04-15,15,04,2021,105,0.2,10.1,5.4,0,37.7,289.6,124.6
FLAKKEBJERG,2021-04-16,16,04,2021,106,0.7,10.2,6,0,38.7,295.6,124.6
FLAKKEBJERG,2021-04-17,17,04,2021,107,4.3,15.2,9.3,0.1,43,304.9,124.7
FLAKKEBJERG,2021-04-18,18,04,2021,108,4.2,16.5,10.1,0,48.1,315,124.7
FLAKKEBJERG,2021-04-19,19,04,2021,109,4.4,17.4,10.6,0,53.7,325.6,124.7
FLAKKEBJERG,2021-04-20,20,04,2021,110,1.5,15.9,9.8,0,58.5,335.4,124.7
FLAKKEBJERG,2021-04-21,21,04,2021,111,4.3,10.9,7.4,0,60.9,342.8,124.7
FLAKKEBJERG,2021-04-22,22,04,2021,112,4.6,10.7,7.2,0,63.1,350,124.7
FLAKKEBJERG,2021-04-23,23,04,2021,113,3.4,11,7,0,65.1,357,124.7
FLAKKEBJERG,2021-04-24,24,04,2021,114,2.3,9.8,6.5,0,66.6,363.5,124.7
FLAKKEBJERG,2021-04-25,25,04,2021,115,0.1,8.5,4.7,0.1,66.6,368.2,124.8
FLAKKEBJERG,2021-04-26,26,04,2021,116,-2.6,8.4,3.8,0,66.6,372,124.8
FLAKKEBJERG,2021-04-27,27,04,2021,117,-3.4,10.7,4.5,0,66.6,376.5,124.8
FLAKKEBJERG,2021-04-28,28,04,2021,118,-0.4,12.4,6.7,0,68.3,383.2,124.8
FLAKKEBJERG,2021-04-29,29,04,2021,119,5.7,12.1,8.2,2.8,71.5,391.4,127.6
FLAKKEBJERG,2021-04-30,30,04,2021,120,4.9,12.4,8.1,1.9,74.6,399.5,129.5
FLAKKEBJERG,2021-05-01,01,05,2021,121,3.1,12.5,8,0,77.6,407.5,129.5
FLAKKEBJERG,2021-05-02,02,05,2021,122,3.8,11.9,7.4,1.3,80,414.9,130.8
FLAKKEBJERG,2021-05-03,03,05,2021,123,5,10.3,7,4,82,421.9,134.8
FLAKKEBJERG,2021-05-04,04,05,2021,124,6,10.1,7.3,10.1,84.3,429.2,144.9
FLAKKEBJERG,2021-05-05,05,05,2021,125,5.4,9.3,6.8,13.9,86.1,436,158.8
FLAKKEBJERG,2021-05-06,06,05,2021,126,3.9,8.2,5.6,7,86.7,441.6,165.8
FLAKKEBJERG,2021-05-07,07,05,2021,127,2.9,9.6,5.4,3.7,87.1,447,169.5
FLAKKEBJERG,2021-05-08,08,05,2021,128,3.6,11.1,7.8,0.4,89.9,454.8,169.9
FLAKKEBJERG,2021-05-09,09,05,2021,129,7.3,20.2,14,4.3,98.9,468.8,174.2
FLAKKEBJERG,2021-05-10,10,05,2021,130,12.3,22.2,16.5,0.4,110.4,485.3,174.6
FLAKKEBJERG,2021-05-11,11,05,2021,131,10.6,14.6,12.1,9.8,117.5,497.4,184.4
FLAKKEBJERG,2021-05-12,12,05,2021,132,9.8,13.9,11.5,8.3,124,508.9,192.7
FLAKKEBJERG,2021-05-13,13,05,2021,133,10,13.1,11.3,0.1,130.3,520.2,192.8
FLAKKEBJERG,2021-05-14,14,05,2021,134,9.5,14.9,11.7,0.3,137,531.9,193.1
FLAKKEBJERG,2021-05-15,15,05,2021,135,6.6,11.3,9.1,0,141.1,541,193.1
FLAKKEBJERG,2021-05-16,16,05,2021,136,6.5,16,11.1,0.7,147.2,552.1,193.8
FLAKKEBJERG,2021-05-17,17,05,2021,137,5.4,15.4,11.1,0,153.3,563.2,193.8
FLAKKEBJERG,2021-05-18,18,05,2021,138,8,13.4,10.8,0,159.1,574,193.8
FLAKKEBJERG,2021-05-19,19,05,2021,139,7.2,14.1,10.5,0.7,164.6,584.5,194.5
FLAKKEBJERG,2021-05-20,20,05,2021,140,6.5,13.9,9.8,0,169.4,594.3,194.5
FLAKKEBJERG,2021-05-21,21,05,2021,141,6.3,15.2,10.5,3.1,174.9,604.8,197.6
FLAKKEBJERG,2021-05-22,22,05,2021,142,8.3,13.6,10.8,1.7,180.7,615.6,199.3
FLAKKEBJERG,2021-05-23,23,05,2021,143,6,13.2,10,0.3,185.7,625.6,199.6
FLAKKEBJERG,2021-05-24,24,05,2021,144,6.5,19,13.1,0,193.8,638.7,199.6
FLAKKEBJERG,2021-05-25,25,05,2021,145,8.9,13.8,11.3,5,200.1,650,204.6
FLAKKEBJERG,2021-05-26,26,05,2021,146,8.1,11.2,9.3,9.9,204.4,659.3,214.5
FLAKKEBJERG,2021-05-27,27,05,2021,147,8.8,13,10.7,8.8,210.1,670,223.3
FLAKKEBJERG,2021-05-28,28,05,2021,148,6.2,16.3,11.6,0,216.7,681.6,223.3
FLAKKEBJERG,2021-05-29,29,05,2021,149,7.9,17.7,12,0,223.7,693.6,223.3
FLAKKEBJERG,2021-05-30,30,05,2021,150,6.1,20.5,14.4,0,233.1,708,223.3
FLAKKEBJERG,2021-05-31,31,05,2021,151,7.2,21.1,15.3,0,243.4,723.3,223.3
FLAKKEBJERG,2021-06-01,01,06,2021,152,9.1,18.4,13.8,0,252.2,737.1,223.3
FLAKKEBJERG,2021-06-02,02,06,2021,153,9.3,17.6,13.7,0,260.9,750.8,223.3
FLAKKEBJERG,2021-06-03,03,06,2021,154,10.9,21.9,16.8,1.2,272.7,767.6,224.5
FLAKKEBJERG,2021-06-04,04,06,2021,155,12.1,20.1,15.7,3.5,283.4,783.3,228
FLAKKEBJERG,2021-06-05,05,06,2021,156,10.9,22,16.6,0,295,799.9,228
FLAKKEBJERG,2021-06-06,06,06,2021,157,11,24.1,17.6,0,307.6,817.5,228
FLAKKEBJERG,2021-06-07,07,06,2021,158,14.1,21,17.5,0,320.1,835,228
FLAKKEBJERG,2021-06-08,08,06,2021,159,11.6,21,15.7,0,330.8,850.7,228
FLAKKEBJERG,2021-06-09,09,06,2021,160,10.9,21.9,17.1,0,342.9,867.8,228
FLAKKEBJERG,2021-06-10,10,06,2021,161,9.8,22.4,17.1,0,355,884.9,228
FLAKKEBJERG,2021-06-11,11,06,2021,162,10.7,21.7,17.7,0,367.7,902.6,228
FLAKKEBJERG,2021-06-12,12,06,2021,163,12.1,17.7,15.4,0,378.1,918,228
FLAKKEBJERG,2021-06-13,13,06,2021,164,11.6,18.4,14.6,0,387.7,932.6,228
FLAKKEBJERG,2021-06-14,14,06,2021,165,9.9,21.9,16.7,0,399.4,949.3,228
FLAKKEBJERG,2021-06-15,15,06,2021,166,11,19,14.8,0,409.2,964.1,228
FLAKKEBJERG,2021-06-16,16,06,2021,167,6.7,21.5,15.5,0,419.7,979.6,228
FLAKKEBJERG,2021-06-17,17,06,2021,168,13.4,27.3,21.3,0,436,1000.9,228
FLAKKEBJERG,2021-06-18,18,06,2021,169,17.9,30.2,24,0,455,1024.9,228
FLAKKEBJERG,2021-06-19,19,06,2021,170,16.9,26.6,22.1,0,472.1,1047,228
FLAKKEBJERG,2021-06-20,20,06,2021,171,13.1,24.9,18.9,1.4,486,1065.9,229.4
FLAKKEBJERG,2021-06-21,21,06,2021,172,12.1,17,14.4,1.9,495.4,1080.3,231.3
FLAKKEBJERG,2021-06-22,22,06,2021,173,12.7,17.1,14.5,0,504.9,1094.8,231.3
FLAKKEBJERG,2021-06-23,23,06,2021,174,11.5,19.4,15.9,0,515.8,1110.7,231.3
FLAKKEBJERG,2021-06-24,24,06,2021,175,10.5,20.4,16,0,526.8,1126.7,231.3
FLAKKEBJERG,2021-06-25,25,06,2021,176,14,19.4,16.3,0,538.1,1143,231.3
FLAKKEBJERG,2021-06-26,26,06,2021,177,12.4,21.2,17.3,0,550.4,1160.3,231.3
FLAKKEBJERG,2021-06-27,27,06,2021,178,12.1,20.3,16.7,0,562.1,1177,231.3
FLAKKEBJERG,2021-06-28,28,06,2021,179,9.3,25.1,18.1,0,575.2,1195.1,231.3
FLAKKEBJERG,2021-06-29,29,06,2021,180,11.6,26.6,19.7,0.2,589.9,1214.8,231.5
FLAKKEBJERG,2021-06-30,30,06,2021,181,16.1,20.1,18,3.8,602.9,1232.8,235.3
FLAKKEBJERG,2021-07-01,01,07,2021,182,15.2,22.2,18.1,0,616,1250.9,235.3
FLAKKEBJERG,2021-07-02,02,07,2021,183,15.9,18.8,17.1,10,628.1,1268,245.3
FLAKKEBJERG,2021-07-03,03,07,2021,184,13.9,19.3,17,3.6,640.1,1285,248.9
FLAKKEBJERG,2021-07-04,04,07,2021,185,14.7,23.3,18.8,0,653.9,1303.8,248.9
FLAKKEBJERG,2021-07-05,05,07,2021,186,13.6,23.6,18.5,0.3,667.4,1322.3,249.2
FLAKKEBJERG,2021-07-06,06,07,2021,187,10.9,23.6,17.8,0.5,680.2,1340.1,249.7
FLAKKEBJERG,2021-07-07,07,07,2021,188,14.4,22.9,18.6,1.8,693.8,1358.7,251.5
FLAKKEBJERG,2021-07-08,08,07,2021,189,14,23.5,19.4,0.5,708.2,1378.1,252
FLAKKEBJERG,2021-07-09,09,07,2021,190,12.8,23.8,18.9,1.5,722.1,1397,253.5
FLAKKEBJERG,2021-07-10,10,07,2021,191,14.8,21.5,16.9,6.4,734,1413.9,259.9
FLAKKEBJERG,2021-07-11,11,07,2021,192,10.3,24.7,18,0,747,1431.9,259.9
FLAKKEBJERG,2021-07-12,12,07,2021,193,14.9,25.1,20.1,0,762.1,1452,259.9
FLAKKEBJERG,2021-07-13,13,07,2021,194,17.1,25.5,20.9,0,778,1472.9,259.9
FLAKKEBJERG,2021-07-14,14,07,2021,195,16.5,28.7,22.9,0,795.9,1495.8,259.9
FLAKKEBJERG,2021-07-15,15,07,2021,196,18.1,29.7,24.2,0.1,815.1,1520,260
FLAKKEBJERG,2021-07-16,16,07,2021,197,18.5,29.2,23.8,0,833.9,1543.8,260
FLAKKEBJERG,2021-07-17,17,07,2021,198,16.1,25.8,20.9,0,849.8,1564.7,260
FLAKKEBJERG,2021-07-18,18,07,2021,199,15.7,22.2,18.7,0,863.5,1583.4,260
FLAKKEBJERG,2021-07-19,19,07,2021,200,12.9,22.8,17.7,0,876.2,1601.1,260
FLAKKEBJERG,2021-07-20,20,07,2021,201,12.4,20.3,16.8,0,888,1617.9,260
FLAKKEBJERG,2021-07-21,21,07,2021,202,14.1,18.9,16.5,0.1,899.5,1634.4,260.1
FLAKKEBJERG,2021-07-22,22,07,2021,203,13.6,21,16.9,0,911.4,1651.3,260.1
FLAKKEBJERG,2021-07-23,23,07,2021,204,14.2,22.4,17.8,0,924.2,1669.1,260.1
FLAKKEBJERG,2021-07-24,24,07,2021,205,12.5,26.4,20.1,0,939.3,1689.2,260.1
FLAKKEBJERG,2021-07-25,25,07,2021,206,17.9,25.4,20.5,4.9,954.8,1709.7,265
FLAKKEBJERG,2021-07-26,26,07,2021,207,18.8,27.3,22,7.1,971.8,1731.7,272.1
FLAKKEBJERG,2021-07-27,27,07,2021,208,15.6,26,20.3,0.8,987.1,1752,272.9
FLAKKEBJERG,2021-07-28,28,07,2021,209,14.8,24.2,19.7,0.8,1001.8,1771.7,273.7
FLAKKEBJERG,2021-07-29,29,07,2021,210,12.9,19.5,16.2,7.1,1013,1787.9,280.8
FLAKKEBJERG,2021-07-30,30,07,2021,211,13.9,22.5,18.2,0.1,1026.2,1806.1,280.9
FLAKKEBJERG,2021-07-31,31,07,2021,212,12.7,19.8,16.5,2.1,1037.7,1822.6,283
FLAKKEBJERG,2021-08-01,01,08,2021,213,14,22.1,17.1,0,1049.8,1839.7,283
FLAKKEBJERG,2021-08-02,02,08,2021,214,13.1,22.9,16.8,0,1061.6,1856.5,283
FLAKKEBJERG,2021-08-03,03,08,2021,215,11,20.4,16,0,1072.6,1872.5,283
FLAKKEBJERG,2021-08-04,04,08,2021,216,9.7,21.6,15.9,0,1083.5,1888.4,283
FLAKKEBJERG,2021-08-05,05,08,2021,217,9.9,23.7,16.9,0,1095.4,1905.3,283
FLAKKEBJERG,2021-08-06,06,08,2021,218,11.8,24.2,17.9,0.4,1108.3,1923.2,283.4
FLAKKEBJERG,2021-08-07,07,08,2021,219,13.5,23.2,18,1.4,1121.3,1941.2,284.8
FLAKKEBJERG,2021-08-08,08,08,2021,220,12.3,21.6,16.7,4,1133,1957.9,288.8
FLAKKEBJERG,2021-08-09,09,08,2021,221,12.9,21.1,16.4,0,1144.4,1974.3,288.8
FLAKKEBJERG,2021-08-10,10,08,2021,222,12.4,20.8,16.2,5.4,1155.6,1990.5,294.2
FLAKKEBJERG,2021-08-11,11,08,2021,223,11.7,23,17.3,0,1167.9,2007.8,294.2
FLAKKEBJERG,2021-08-12,12,08,2021,224,10.7,25.5,18.9,0,1181.8,2026.7,294.2
FLAKKEBJERG,2021-08-13,13,08,2021,225,14.1,25.5,19.3,0,1196.1,2046,294.2
FLAKKEBJERG,2021-08-14,14,08,2021,226,14.7,19.6,17.1,6.9,1208.2,2063.1,301.1
FLAKKEBJERG,2021-08-15,15,08,2021,227,15.2,21.5,17.7,0.1,1220.9,2080.8,301.2
FLAKKEBJERG,2021-08-16,16,08,2021,228,11.4,18.3,15.4,10.8,1231.3,2096.2,312
FLAKKEBJERG,2021-08-17,17,08,2021,229,8.6,20.6,15.4,7.5,1241.7,2111.6,319.5
FLAKKEBJERG,2021-08-18,18,08,2021,230,13.4,17.9,15.2,1.3,1251.9,2126.8,320.8
FLAKKEBJERG,2021-08-19,19,08,2021,231,13.6,19.3,15.8,0.4,1262.7,2142.6,321.2
FLAKKEBJERG,2021-08-20,20,08,2021,232,11.5,18.4,14.8,0.1,1272.5,2157.4,321.3
FLAKKEBJERG,2021-08-21,21,08,2021,233,8.2,19.8,14.2,0,1281.7,2171.6,321.3
FLAKKEBJERG,2021-08-22,22,08,2021,234,8.1,21.3,15.3,0,1292,2186.9,321.3
FLAKKEBJERG,2021-08-23,23,08,2021,235,9.4,23.2,16.2,0,1303.2,2203.1,321.3
FLAKKEBJERG,2021-08-24,24,08,2021,236,7.2,22.1,14.9,0,1313.1,2218,321.3
FLAKKEBJERG,2021-08-25,25,08,2021,237,13.2,19.9,15.8,0.1,1323.9,2233.8,321.4
FLAKKEBJERG,2021-08-26,26,08,2021,238,10,15.6,13.9,0.6,1332.8,2247.7,322
FLAKKEBJERG,2021-08-27,27,08,2021,239,13.1,20.3,15.4,4.7,1343.2,2263.1,326.7
FLAKKEBJERG,2021-08-28,28,08,2021,240,13.7,15.5,14.5,3.4,1352.7,2277.6,330.1
FLAKKEBJERG,2021-08-29,29,08,2021,241,13.9,19.4,16.4,0.1,1364.1,2294,330.2
FLAKKEBJERG,2021-08-30,30,08,2021,242,13.9,21.6,17.4,0,1376.5,2311.4,330.2
FLAKKEBJERG,2021-08-31,31,08,2021,243,11.9,22.3,16.9,0,1388.4,2328.3,330.2
FLAKKEBJERG,2021-09-01,01,09,2021,244,12.6,22.5,17.5,0,1400.9,2345.8,330.2
FLAKKEBJERG,2021-09-02,02,09,2021,245,13.3,22.7,17.5,0,1413.4,2363.3,330.2
FLAKKEBJERG,2021-09-03,03,09,2021,246,12.3,20.3,15.6,0,1424,2378.9,330.2
FLAKKEBJERG,2021-09-04,04,09,2021,247,9,20.9,14.7,0,1433.7,2393.6,330.2
FLAKKEBJERG,2021-09-05,05,09,2021,248,7.3,18.6,13.1,0,1441.8,2406.7,330.2
FLAKKEBJERG,2021-09-06,06,09,2021,249,8.8,20.3,15,0,1451.8,2421.7,330.2
FLAKKEBJERG,2021-09-07,07,09,2021,250,8.8,20.6,15.6,0,1462.4,2437.3,330.2
FLAKKEBJERG,2021-09-08,08,09,2021,251,13.4,22.8,18.2,0,1475.6,2455.5,330.2
FLAKKEBJERG,2021-09-09,09,09,2021,252,11.2,25.6,18.2,0,1488.8,2473.7,330.2
FLAKKEBJERG,2021-09-10,10,09,2021,253,11.4,23.6,17.2,0,1501,2490.9,330.2
FLAKKEBJERG,2021-09-11,11,09,2021,254,13.7,21.4,18,0.5,1514,2508.9,330.7
FLAKKEBJERG,2021-09-12,12,09,2021,255,14.9,21.2,17.9,0.1,1526.9,2526.8,330.8
FLAKKEBJERG,2021-09-13,13,09,2021,256,12.1,18.1,15,0,1536.9,2541.8,330.8
FLAKKEBJERG,2021-09-14,14,09,2021,257,11.5,18.1,15.1,0,1547,2556.9,330.8
FLAKKEBJERG,2021-09-15,15,09,2021,258,12.2,17.9,15.3,8,1557.3,2572.2,338.8
FLAKKEBJERG,2021-09-16,16,09,2021,259,14.2,19,16.5,0.7,1568.8,2588.7,339.5
FLAKKEBJERG,2021-09-17,17,09,2021,260,12.2,17.2,14.2,0.6,1578,2602.9,340.1
FLAKKEBJERG,2021-09-18,18,09,2021,261,11.4,16.2,13.7,0,1586.7,2616.6,340.1
FLAKKEBJERG,2021-09-19,19,09,2021,262,7.8,15.2,11.5,0,1593.2,2628.1,340.1
FLAKKEBJERG,2021-09-20,20,09,2021,263,5.7,14.3,10.2,0,1598.4,2638.3,340.1
FLAKKEBJERG,2021-09-21,21,09,2021,264,5.2,15.4,11.4,1.2,1604.8,2649.7,341.3
FLAKKEBJERG,2021-09-22,22,09,2021,265,9.6,18.8,14.6,0,1614.4,2664.3,341.3
FLAKKEBJERG,2021-09-23,23,09,2021,266,12.3,16.3,14.6,5.2,1624,2678.9,346.5
FLAKKEBJERG,2021-09-24,24,09,2021,267,11.5,16.3,14.1,0,1633.1,2693,346.5
FLAKKEBJERG,2021-09-25,25,09,2021,268,9.1,18.2,15,0.2,1643.1,2708,346.7
FLAKKEBJERG,2021-09-26,26,09,2021,269,7.5,19.6,13.4,0,1651.5,2721.4,346.7
FLAKKEBJERG,2021-09-27,27,09,2021,270,14.9,17.3,16.1,1.3,1662.6,2737.5,348
FLAKKEBJERG,2021-09-28,28,09,2021,271,7.9,18.6,14.1,4.3,1671.7,2751.6,352.3
FLAKKEBJERG,2021-09-29,29,09,2021,272,6.6,15.5,11.3,3.3,1678,2762.9,355.6
FLAKKEBJERG,2021-09-30,30,09,2021,273,10.5,14,12,2.9,1685,2774.9,358.5
FLAKKEBJERG,2021-10-01,01,10,2021,274,10.6,15.4,13,1.3,1693,2787.9,359.8
FLAKKEBJERG,2021-10-02,02,10,2021,275,11.5,14.8,13.2,2,1701.2,2801.1,361.8
FLAKKEBJERG,2021-10-03,03,10,2021,276,12.9,17.7,16.2,1.2,1712.4,2817.3,363
FLAKKEBJERG,2021-10-04,04,10,2021,277,10.7,14.7,12.6,0,1720,2829.9,363
FLAKKEBJERG,2021-10-05,05,10,2021,278,9.5,13,11.3,7.8,1726.3,2841.2,370.8
FLAKKEBJERG,2021-10-06,06,10,2021,279,6.6,14.5,11.8,0.6,1733.1,2853,371.4
FLAKKEBJERG,2021-10-07,07,10,2021,280,4.6,16.4,10.2,0,1738.3,2863.2,371.4
FLAKKEBJERG,2021-10-08,08,10,2021,281,6.5,15.3,10.6,0,1743.9,2873.8,371.4
FLAKKEBJERG,2021-10-09,09,10,2021,282,5.6,14.5,10.8,0,1749.7,2884.6,371.4
FLAKKEBJERG,2021-10-10,10,10,2021,283,4,13,8.5,0,1753.2,2893.1,371.4
FLAKKEBJERG,2021-10-11,11,10,2021,284,8.6,13.8,10.7,0.2,1758.9,2903.8,371.6
FLAKKEBJERG,2021-10-12,12,10,2021,285,6.3,11.8,8.7,0,1762.6,2912.5,371.6
FLAKKEBJERG,2021-10-13,13,10,2021,286,2.3,12,8.3,0.5,1765.9,2920.8,372.1
FLAKKEBJERG,2021-10-14,14,10,2021,287,8.5,13.4,11.5,1.4,1772.4,2932.3,373.5
FLAKKEBJERG,2021-10-15,15,10,2021,288,8.7,13.2,11.1,6.1,1778.5,2943.4,379.6
FLAKKEBJERG,2021-10-16,16,10,2021,289,6.7,11.6,9.1,0.1,1782.6,2952.5,379.7
FLAKKEBJERG,2021-10-17,17,10,2021,290,7.8,12,9.5,2,1787.1,2962,381.7
FLAKKEBJERG,2021-10-18,18,10,2021,291,8.5,11.1,10,4.8,1792.1,2972,386.5
FLAKKEBJERG,2021-10-19,19,10,2021,292,9.6,14.7,11.6,7.5,1798.7,2983.6,394
FLAKKEBJERG,2021-10-20,20,10,2021,293,11.8,14.9,14.1,10.3,1807.8,2997.7,404.3
FLAKKEBJERG,2021-10-21,21,10,2021,294,6.6,13,9.8,16.4,1812.6,3007.5,420.7
FLAKKEBJERG,2021-10-22,22,10,2021,295,6.5,9.2,7.8,5.9,1815.4,3015.3,426.6
FLAKKEBJERG,2021-10-23,23,10,2021,296,4.3,10.5,8.1,0,1818.5,3023.4,426.6
FLAKKEBJERG,2021-10-24,24,10,2021,297,5.5,11.5,8.8,0,1822.3,3032.2,426.6
FLAKKEBJERG,2021-10-25,25,10,2021,298,3.2,10.5,7.8,2.1,1825.1,3040,428.7
FLAKKEBJERG,2021-10-26,26,10,2021,299,9,12.5,10.5,0.6,1830.6,3050.5,429.3
FLAKKEBJERG,2021-10-27,27,10,2021,300,10.5,14,12.7,1.1,1838.3,3063.2,430.4
FLAKKEBJERG,2021-10-28,28,10,2021,301,10.3,13.9,12.2,0,1845.5,3075.4,430.4
FLAKKEBJERG,2021-10-29,29,10,2021,302,7.8,12.6,10.5,0,1851,3085.9,430.4
FLAKKEBJERG,2021-10-30,30,10,2021,303,8.4,14.4,10.7,0,1856.7,3096.6,430.4
FLAKKEBJERG,2021-10-31,31,10,2021,304,10.5,13.2,11.4,2.2,1863.1,3108,432.6
FLAKKEBJERG,2021-11-01,01,11,2021,305,8.8,13.3,10.8,1.9,1868.9,3118.8,434.5
FLAKKEBJERG,2021-11-02,02,11,2021,306,1.8,11.3,7.8,0,1871.7,3126.6,434.5
FLAKKEBJERG,2021-11-03,03,11,2021,307,0.1,10.1,4.6,0.3,1871.7,3131.2,434.8
FLAKKEBJERG,2021-11-04,04,11,2021,308,5.5,8.9,7.4,2.2,1874.1,3138.6,437
FLAKKEBJERG,2021-11-05,05,11,2021,309,5.7,10.9,8.7,0.8,1877.8,3147.3,437.8
FLAKKEBJERG,2021-11-06,06,11,2021,310,8.8,11.3,9.8,4.1,1882.6,3157.1,441.9
FLAKKEBJERG,2021-11-07,07,11,2021,311,6.3,10.2,8.9,4.8,1886.5,3166,446.7
FLAKKEBJERG,2021-11-08,08,11,2021,312,5.7,8.6,7.1,0.7,1888.6,3173.1,447.4
FLAKKEBJERG,2021-11-09,09,11,2021,313,5.9,10.1,8.9,1.3,1892.5,3182,448.7
FLAKKEBJERG,2021-11-10,10,11,2021,314,8.9,10.5,9.8,0,1897.3,3191.8,448.7
FLAKKEBJERG,2021-11-11,11,11,2021,315,6.3,11.1,9.6,1,1901.9,3201.4,449.7
FLAKKEBJERG,2021-11-12,12,11,2021,316,3.2,9.8,7.6,0,1904.5,3209,449.7
FLAKKEBJERG,2021-11-13,13,11,2021,317,6.2,8.3,7,0.3,1906.5,3216,450
FLAKKEBJERG,2021-11-14,14,11,2021,318,6.9,8.1,7.4,0,1908.9,3223.4,450
FLAKKEBJERG,2021-11-15,15,11,2021,319,5.5,8.1,6.9,0.1,1910.8,3230.3,450.1
FLAKKEBJERG,2021-11-16,16,11,2021,320,4.6,6.3,5.5,0,1911.3,3235.8,450.1
FLAKKEBJERG,2021-11-17,17,11,2021,321,3.7,8.1,5.8,2.1,1912.1,3241.6,452.2
FLAKKEBJERG,2021-11-18,18,11,2021,322,6.1,11.9,9.3,0.7,1916.4,3250.9,452.9
FLAKKEBJERG,2021-11-19,19,11,2021,323,10,13,11.7,0,1923.1,3262.6,452.9
FLAKKEBJERG,2021-11-20,20,11,2021,324,8.8,12,10.3,0,1928.4,3272.9,452.9
FLAKKEBJERG,2021-11-21,21,11,2021,325,1.1,9.4,5.9,0.8,1929.3,3278.8,453.7
FLAKKEBJERG,2021-11-22,22,11,2021,326,-2,7.6,3.1,0,1929.3,3281.9,453.7
FLAKKEBJERG,2021-11-23,23,11,2021,327,6.2,8.6,7.6,0,1931.9,3289.5,453.7
FLAKKEBJERG,2021-11-24,24,11,2021,328,6.2,8.7,7.3,0.1,1934.2,3296.8,453.8
FLAKKEBJERG,2021-11-25,25,11,2021,329,4,7.4,6.1,2.5,1935.3,3302.9,456.3
FLAKKEBJERG,2021-11-26,26,11,2021,330,1.2,5,3.6,2.7,1935.3,3306.5,459
FLAKKEBJERG,2021-11-27,27,11,2021,331,0.8,4.5,3,3.8,1935.3,3309.5,462.8
FLAKKEBJERG,2021-11-28,28,11,2021,332,0.7,4.2,2.1,0.3,1935.3,3311.6,463.1
FLAKKEBJERG,2021-11-29,29,11,2021,333,-1.9,2.6,0.8,0.5,1935.3,3312.4,463.6
FLAKKEBJERG,2021-11-30,30,11,2021,334,-2.5,5.7,2,2.8,1935.3,3314.4,466.4
FLAKKEBJERG,2021-12-01,01,12,2021,335,-2.4,7.5,3.3,24.4,1935.3,3317.7,490.8
FLAKKEBJERG,2021-12-02,02,12,2021,336,-1.6,2.6,0.5,3.4,1935.3,3318.2,494.2
FLAKKEBJERG,2021-12-03,03,12,2021,337,1.6,5.3,2.7,4,1935.3,3320.9,498.2
FLAKKEBJERG,2021-12-04,04,12,2021,338,3.3,5.3,4.3,0.8,1935.3,3325.2,499
FLAKKEBJERG,2021-12-05,05,12,2021,339,-1.5,3.9,1.6,2.2,1935.3,3326.8,501.2
FLAKKEBJERG,2021-12-06,06,12,2021,340,-2,1.5,-0.3,0,1935.3,3326.8,501.2
FLAKKEBJERG,2021-12-07,07,12,2021,341,-0.4,1.4,0.7,0,1935.3,3327.5,501.2
FLAKKEBJERG,2021-12-08,08,12,2021,342,0,0.9,0.5,1,1935.3,3328,502.2
FLAKKEBJERG,2021-12-09,09,12,2021,343,-0.9,0.8,0.1,0.3,1935.3,3328.1,502.5
FLAKKEBJERG,2021-12-10,10,12,2021,344,-0.3,1.9,0.6,3.7,1935.3,3328.7,506.2
FLAKKEBJERG,2021-12-11,11,12,2021,345,-0.5,2.7,0.9,7,1935.3,3329.6,513.2
FLAKKEBJERG,2021-12-12,12,12,2021,346,-1.2,6.9,3.1,5.9,1935.3,3332.7,519.1
FLAKKEBJERG,2021-12-13,13,12,2021,347,4.7,8.1,6.6,0.1,1936.9,3339.3,519.2
FLAKKEBJERG,2021-12-14,14,12,2021,348,2.7,7.8,5.7,0.5,1937.6,3345,519.7
FLAKKEBJERG,2021-12-15,15,12,2021,349,6.1,9.4,8,0,1940.6,3353,519.7
FLAKKEBJERG,2021-12-16,16,12,2021,350,2.7,8.4,6.6,0,1942.2,3359.6,519.7
FLAKKEBJERG,2021-12-17,17,12,2021,351,3.1,6.5,5,0,1942.2,3364.6,519.7
FLAKKEBJERG,2021-12-18,18,12,2021,352,5,7.4,6.1,0,1943.3,3370.7,519.7
FLAKKEBJERG,2021-12-19,19,12,2021,353,1.3,7.5,5,0,1943.3,3375.7,519.7
FLAKKEBJERG,2021-12-20,20,12,2021,354,-0.6,4.2,1.7,0,1943.3,3377.4,519.7
FLAKKEBJERG,2021-12-21,21,12,2021,355,-3.9,1.8,-0.6,0,1943.3,3377.4,519.7
FLAKKEBJERG,2021-12-22,22,12,2021,356,0.9,2.7,2,0,1943.3,3379.4,519.7
FLAKKEBJERG,2021-12-23,23,12,2021,357,-1.1,1.4,-0.2,3.7,1943.3,3379.4,523.4
FLAKKEBJERG,2021-12-24,24,12,2021,358,-8.9,0.7,-2.7,0.4,1943.3,3379.4,523.8
FLAKKEBJERG,2021-12-25,25,12,2021,359,-7.4,-0.1,-3.7,0,1943.3,3379.4,523.8
FLAKKEBJERG,2021-12-26,26,12,2021,360,-7.7,-0.5,-3.9,0,1943.3,3379.4,523.8
FLAKKEBJERG,2021-12-27,27,12,2021,361,-7.2,-0.9,-3.2,0,1943.3,3379.4,523.8
FLAKKEBJERG,2021-12-28,28,12,2021,362,-1.6,0.5,-0.8,0,1943.3,3379.4,523.8
FLAKKEBJERG,2021-12-29,29,12,2021,363,-0.9,1.8,0.5,0.5,1943.3,3379.9,524.3
FLAKKEBJERG,2021-12-30,30,12,2021,364,1.2,8,4.8,0,1943.3,3384.7,524.3
FLAKKEBJERG,2021-12-31,31,12,2021,365,6.3,9.2,8,12.8,1946.3,3392.7,537.1
FLAKKEBJERG,2022-01-01,01,01,2022,1,6.7,9.2,8,1.6,3,8,1.6
FLAKKEBJERG,2022-01-02,02,01,2022,2,7.3,9,8.2,9.6,6.2,16.2,11.2
FLAKKEBJERG,2022-01-03,03,01,2022,3,6.3,7.8,6.9,2.6,8.1,23.1,13.8
FLAKKEBJERG,2022-01-04,04,01,2022,4,2.4,7,3.8,2,8.1,26.9,15.8
FLAKKEBJERG,2022-01-05,05,01,2022,5,0,4.8,2.7,2.3,8.1,29.6,18.1
FLAKKEBJERG,2022-01-06,06,01,2022,6,-1.6,2.6,0.4,0,8.1,30,18.1
FLAKKEBJERG,2022-01-07,07,01,2022,7,0.8,3.5,2.1,3.3,8.1,32.1,21.4
FLAKKEBJERG,2022-01-08,08,01,2022,8,1.4,4.3,2.6,4.8,8.1,34.7,26.2
FLAKKEBJERG,2022-01-09,09,01,2022,9,0,1.8,0.8,2.5,8.1,35.5,28.7
FLAKKEBJERG,2022-01-10,10,01,2022,10,-0.5,3.7,1.7,0,8.1,37.2,28.7
FLAKKEBJERG,2022-01-11,11,01,2022,11,-0.7,2.8,1.5,1.3,8.1,38.7,30
FLAKKEBJERG,2022-01-12,12,01,2022,12,1.1,6.4,3.7,0.2,8.1,42.4,30.2
FLAKKEBJERG,2022-01-13,13,01,2022,13,6,7.7,6.7,0,9.8,49.1,30.2
FLAKKEBJERG,2022-01-14,14,01,2022,14,0.4,7.7,5.2,0,10,54.3,30.2
FLAKKEBJERG,2022-01-15,15,01,2022,15,-0.3,4.5,1.9,0,10,56.2,30.2
FLAKKEBJERG,2022-01-16,16,01,2022,16,1.5,6.5,4,0.1,10,60.2,30.3
FLAKKEBJERG,2022-01-17,17,01,2022,17,0.7,7,4.2,0.1,10,64.4,30.4
FLAKKEBJERG,2022-01-18,18,01,2022,18,0.5,5.9,3.6,0,10,68,30.4
FLAKKEBJERG,2022-01-19,19,01,2022,19,2.4,5.5,3.4,0.7,10,71.4,31.099999999999998
FLAKKEBJERG,2022-01-20,20,01,2022,20,0.4,2.7,1.4,0,10,72.8,31.099999999999998
FLAKKEBJERG,2022-01-21,21,01,2022,21,-0.7,4.5,1.9,0.8,10,74.7,31.9
FLAKKEBJERG,2022-01-22,22,01,2022,22,-1.2,4.9,2.1,0.2,10,76.8,32.1
FLAKKEBJERG,2022-01-23,23,01,2022,23,4.3,7.2,5.7,0,10.7,82.5,32.1
FLAKKEBJERG,2022-01-24,24,01,2022,24,4.4,5.8,5,0,10.7,87.5,32.1
FLAKKEBJERG,2022-01-25,25,01,2022,25,4.4,7.3,5.8,0.3,11.5,93.3,32.4
FLAKKEBJERG,2022-01-26,26,01,2022,26,4.1,6.1,5.1,0.2,11.6,98.4,32.6
FLAKKEBJERG,2022-01-27,27,01,2022,27,4.5,7.8,6,1,12.6,104.4,33.6
FLAKKEBJERG,2022-01-28,28,01,2022,28,1.2,6.1,4,0,12.6,108.4,33.6
FLAKKEBJERG,2022-01-29,29,01,2022,29,3.6,8.9,6.3,4.7,13.9,114.7,38.3
FLAKKEBJERG,2022-01-30,30,01,2022,30,1.1,6,4.6,0,13.9,119.3,38.3
FLAKKEBJERG,2022-01-31,31,01,2022,31,0.6,3.4,1.9,0,13.9,121.2,38.3
FLAKKEBJERG,2022-02-01,01,02,2022,32,0.5,6.6,3.7,4.4,13.9,124.9,42.7
FLAKKEBJERG,2022-02-02,02,02,2022,33,0.7,5.4,3.6,1.1,13.9,128.5,43.8
FLAKKEBJERG,2022-02-03,03,02,2022,34,3,6.3,5,10.1,13.9,133.5,53.9
FLAKKEBJERG,2022-02-04,04,02,2022,35,1.5,6.2,4.7,6.3,13.9,138.2,60.2
FLAKKEBJERG,2022-02-05,05,02,2022,36,2,5.5,3.7,2.1,13.9,141.9,62.3
FLAKKEBJERG,2022-02-06,06,02,2022,37,0.6,6,4.1,3.8,13.9,146,66.1
FLAKKEBJERG,2022-02-07,07,02,2022,38,1.1,6.2,3.7,0,13.9,149.7,66.1
FLAKKEBJERG,2022-02-08,08,02,2022,39,3.3,8.9,6.1,0.2,15,155.8,66.3
FLAKKEBJERG,2022-02-09,09,02,2022,40,3.4,8.1,6.1,0.2,16.1,161.9,66.5
FLAKKEBJERG,2022-02-10,10,02,2022,41,1.9,6.4,3.9,0.2,16.1,165.8,66.7
FLAKKEBJERG,2022-02-11,11,02,2022,42,-0.7,4.3,2.1,0.7,16.1,167.9,67.4
FLAKKEBJERG,2022-02-12,12,02,2022,43,-0.2,3.8,2,0,16.1,169.9,67.4
FLAKKEBJERG,2022-02-13,13,02,2022,44,1.5,4.3,2.9,0,16.1,172.8,67.4
FLAKKEBJERG,2022-02-14,14,02,2022,45,4.1,8.5,6,0,17.1,178.8,67.4
FLAKKEBJERG,2022-02-15,15,02,2022,46,4.1,6.8,5.3,2.9,17.4,184.1,70.3
FLAKKEBJERG,2022-02-16,16,02,2022,47,3.8,8.5,5.9,15.9,18.3,190,86.2
FLAKKEBJERG,2022-02-17,17,02,2022,48,3.5,9,5.6,1.2,18.9,195.6,87.4
FLAKKEBJERG,2022-02-18,18,02,2022,49,1.5,6.6,4,19.5,18.9,199.6,106.9
FLAKKEBJERG,2022-02-19,19,02,2022,50,1.1,6.7,4.1,2,18.9,203.7,108.9
FLAKKEBJERG,2022-02-20,20,02,2022,51,0.9,7.5,3.8,8.7,18.9,207.5,117.6
FLAKKEBJERG,2022-02-21,21,02,2022,52,3.1,7.7,5.3,1.6,19.2,212.8,119.2
FLAKKEBJERG,2022-02-22,22,02,2022,53,1.3,5.8,3.7,2.3,19.2,216.5,121.5
FLAKKEBJERG,2022-02-23,23,02,2022,54,4.1,7.9,5.6,0.1,19.8,222.1,121.6
FLAKKEBJERG,2022-02-24,24,02,2022,55,0.8,7.5,5.3,4.3,20.1,227.4,125.9
FLAKKEBJERG,2022-02-25,25,02,2022,56,1.6,5.6,3.7,1,20.1,231.1,126.9
FLAKKEBJERG,2022-02-26,26,02,2022,57,-0.1,7.5,3.2,0,20.1,234.3,126.9
FLAKKEBJERG,2022-02-27,27,02,2022,58,-1.1,5.4,1.7,0,20.1,236,126.9
FLAKKEBJERG,2022-02-28,28,02,2022,59,-0.3,6.4,2.6,0,20.1,238.6,126.9
FLAKKEBJERG,2022-03-01,01,03,2022,60,0.7,3.3,2.1,0,20.1,240.7,126.9
FLAKKEBJERG,2022-03-02,02,03,2022,61,-2.3,4.1,1.3,0,20.1,242,126.9
FLAKKEBJERG,2022-03-03,03,03,2022,62,-2.7,8.5,1.4,0,20.1,243.4,126.9
FLAKKEBJERG,2022-03-04,04,03,2022,63,-2.4,5.8,1,0,20.1,244.4,126.9
FLAKKEBJERG,2022-03-05,05,03,2022,64,-2.6,2.8,0.2,0,20.1,244.6,126.9
FLAKKEBJERG,2022-03-06,06,03,2022,65,-3.1,6,1,0,20.1,245.6,126.9
FLAKKEBJERG,2022-03-07,07,03,2022,66,-1.8,6.8,1.9,0,20.1,247.5,126.9
FLAKKEBJERG,2022-03-08,08,03,2022,67,-3.5,7.2,0.9,0,20.1,248.4,126.9
FLAKKEBJERG,2022-03-09,09,03,2022,68,-4.7,7.2,0,0,20.1,248.4,126.9
FLAKKEBJERG,2022-03-10,10,03,2022,69,-1.1,8.3,3.2,0,20.1,251.6,126.9
FLAKKEBJERG,2022-03-11,11,03,2022,70,-0.4,6.3,2.9,0,20.1,254.5,126.9
FLAKKEBJERG,2022-03-12,12,03,2022,71,0.6,8.3,3.8,0,20.1,258.3,126.9
FLAKKEBJERG,2022-03-13,13,03,2022,72,0.7,9.3,4.6,0,20.1,262.9,126.9
FLAKKEBJERG,2022-03-14,14,03,2022,73,0,10.3,4.7,0,20.1,267.6,126.9
FLAKKEBJERG,2022-03-15,15,03,2022,74,-0.5,6,3.3,0,20.1,270.9,126.9
FLAKKEBJERG,2022-03-16,16,03,2022,75,1.4,7.2,3.2,0,20.1,274.1,126.9
FLAKKEBJERG,2022-03-17,17,03,2022,76,2.2,7.3,4.6,0.8,20.1,278.7,127.7
FLAKKEBJERG,2022-03-18,18,03,2022,77,-0.4,10.5,5.1,0,20.2,283.8,127.7
FLAKKEBJERG,2022-03-19,19,03,2022,78,-1.5,11,4.8,0,20.2,288.6,127.7
FLAKKEBJERG,2022-03-20,20,03,2022,79,1.3,8.5,4.4,0,20.2,293,127.7
FLAKKEBJERG,2022-03-21,21,03,2022,80,1.1,10.5,5.6,0,20.8,298.6,127.7
FLAKKEBJERG,2022-03-22,22,03,2022,81,-1.6,13.7,6.3,0,22.1,304.9,127.7
FLAKKEBJERG,2022-03-23,23,03,2022,82,-0.1,13.6,6.4,0,23.5,311.3,127.7
FLAKKEBJERG,2022-03-24,24,03,2022,83,-1.3,14,6.1,0,24.6,317.4,127.7
FLAKKEBJERG,2022-03-25,25,03,2022,84,1.8,15.6,8.9,0,28.5,326.3,127.7
FLAKKEBJERG,2022-03-26,26,03,2022,85,0.6,13.1,8.4,0,31.9,334.7,127.7
FLAKKEBJERG,2022-03-27,27,03,2022,86,-1.9,14,6.4,0,33.3,341.1,127.7
FLAKKEBJERG,2022-03-28,28,03,2022,87,4.3,11.5,6.9,0,35.2,348,127.7
FLAKKEBJERG,2022-03-29,29,03,2022,88,1.1,7.4,4.5,0,35.2,352.5,127.7
FLAKKEBJERG,2022-03-30,30,03,2022,89,0.2,5.5,1.7,0.6,35.2,354.2,128.3
FLAKKEBJERG,2022-03-31,31,03,2022,90,-1.5,5.5,1.6,0,35.2,355.8,128.3
FLAKKEBJERG,2022-04-01,01,04,2022,91,-1.9,5.4,1.5,0,35.2,357.3,128.3
FLAKKEBJERG,2022-04-02,02,04,2022,92,-3.9,5.2,0.4,0,35.2,357.7,128.3
FLAKKEBJERG,2022-04-03,03,04,2022,93,-5.4,7.7,2.5,0.5,35.2,360.2,128.8
FLAKKEBJERG,2022-04-04,04,04,2022,94,3.2,8.7,4.8,3.9,35.2,365,132.7
FLAKKEBJERG,2022-04-05,05,04,2022,95,1.9,7.2,4.1,0.6,35.2,369.1,133.3
FLAKKEBJERG,2022-04-06,06,04,2022,96,0.9,8,5.1,6.2,35.3,374.2,139.5
FLAKKEBJERG,2022-04-07,07,04,2022,97,4.2,8.5,6.2,11.2,36.5,380.4,150.7
FLAKKEBJERG,2022-04-08,08,04,2022,98,1.3,7.2,4,0.8,36.5,384.4,151.5
FLAKKEBJERG,2022-04-09,09,04,2022,99,2,8.1,4.7,0,36.5,389.1,151.5
FLAKKEBJERG,2022-04-10,10,04,2022,100,2.7,7.7,4.8,0,36.5,393.9,151.5
FLAKKEBJERG,2022-04-11,11,04,2022,101,0.4,9.2,4.6,0,36.5,398.5,151.5
FLAKKEBJERG,2022-04-12,12,04,2022,102,-1.6,10.2,4.9,0,36.5,403.4,151.5
FLAKKEBJERG,2022-04-13,13,04,2022,103,5,14.8,9.9,0.1,41.4,413.3,151.6
FLAKKEBJERG,2022-04-14,14,04,2022,104,7.2,13.8,9.6,0.1,46,422.9,151.7
FLAKKEBJERG,2022-04-15,15,04,2022,105,1,7.7,6.2,0.3,47.2,429.1,152
FLAKKEBJERG,2022-04-16,16,04,2022,106,-0.8,12.5,6,0,48.2,435.1,152
FLAKKEBJERG,2022-04-17,17,04,2022,107,-0.5,13.7,6.6,0,49.8,441.7,152
FLAKKEBJERG,2022-04-18,18,04,2022,108,-0.7,15.2,8.1,0,52.9,449.8,152
FLAKKEBJERG,2022-04-19,19,04,2022,109,2.2,14.5,8.9,0,56.8,458.7,152
FLAKKEBJERG,2022-04-20,20,04,2022,110,1.9,16.3,9.3,0,61.1,468,152
FLAKKEBJERG,2022-04-21,21,04,2022,111,2.4,17.5,10.2,0,66.3,478.2,152
FLAKKEBJERG,2022-04-22,22,04,2022,112,5.1,17.4,10.5,0,71.8,488.7,152
FLAKKEBJERG,2022-04-23,23,04,2022,113,5.4,15.5,9.8,0,76.6,498.5,152
FLAKKEBJERG,2022-04-24,24,04,2022,114,3.9,11.5,8.1,0.4,79.7,506.6,152.4
FLAKKEBJERG,2022-04-25,25,04,2022,115,1.4,12.2,7.1,0,81.8,513.7,152.4
FLAKKEBJERG,2022-04-26,26,04,2022,116,-1,14.1,7.4,0,84.2,521.1,152.4
FLAKKEBJERG,2022-04-27,27,04,2022,117,2,14.5,8.7,0,87.9,529.8,152.4
FLAKKEBJERG,2022-04-28,28,04,2022,118,4.4,14.3,8.9,0,91.8,538.7,152.4
FLAKKEBJERG,2022-04-29,29,04,2022,119,2.8,12.4,8,0,94.8,546.7,152.4
FLAKKEBJERG,2022-04-30,30,04,2022,120,3.6,12.5,8.1,0,97.9,554.8,152.4
FLAKKEBJERG,2022-05-01,01,05,2022,121,4.3,13.3,8.9,0,101.8,563.7,152.4
FLAKKEBJERG,2022-05-02,02,05,2022,122,1.2,14.5,8.7,0,105.5,572.4,152.4
FLAKKEBJERG,2022-05-03,03,05,2022,123,6.1,14.7,10.1,0,110.6,582.5,152.4
FLAKKEBJERG,2022-05-04,04,05,2022,124,4,14.3,9.6,0,115.2,592.1,152.4
FLAKKEBJERG,2022-05-05,05,05,2022,125,5.5,14.9,10.4,0,120.6,602.5,152.4
FLAKKEBJERG,2022-05-06,06,05,2022,126,4.6,15.3,11.3,0,126.9,613.8,152.4
FLAKKEBJERG,2022-05-07,07,05,2022,127,6.6,16.8,12.5,0.1,134.4,626.3,152.5
FLAKKEBJERG,2022-05-08,08,05,2022,128,4.1,16.1,10.4,0,139.8,636.7,152.5
FLAKKEBJERG,2022-05-09,09,05,2022,129,2.9,16.7,11,0,145.8,647.7,152.5
FLAKKEBJERG,2022-05-10,10,05,2022,130,9.7,19.2,14.3,2.7,155.1,662,155.2
FLAKKEBJERG,2022-05-11,11,05,2022,131,8.5,16.2,12,3.6,162.1,674,158.8
FLAKKEBJERG,2022-05-12,12,05,2022,132,9.3,15.6,11.8,6.8,168.9,685.8,165.6
FLAKKEBJERG,2022-05-13,13,05,2022,133,8.2,14.1,11.2,1.6,175.1,697,167.2
FLAKKEBJERG,2022-05-14,14,05,2022,134,9.7,15.5,12.7,0,182.8,709.7,167.2
FLAKKEBJERG,2022-05-15,15,05,2022,135,7.5,16.7,12.1,0,189.9,721.8,167.2
FLAKKEBJERG,2022-05-16,16,05,2022,136,5.2,18.6,12.7,0,197.6,734.5,167.2
FLAKKEBJERG,2022-05-17,17,05,2022,137,9.1,18.3,13.4,0,206,747.9,167.2
FLAKKEBJERG,2022-05-18,18,05,2022,138,8.2,20,14.1,0,215.1,762,167.2
FLAKKEBJERG,2022-05-19,19,05,2022,139,13.3,23,17.9,0.1,228,779.9,167.3
FLAKKEBJERG,2022-05-20,20,05,2022,140,12.5,17,14.3,0,237.3,794.2,167.3
FLAKKEBJERG,2022-05-21,21,05,2022,141,9.5,15.7,12.5,4.9,244.8,806.7,172.2
FLAKKEBJERG,2022-05-22,22,05,2022,142,9.3,17.2,12.9,0,252.7,819.6,172.2
FLAKKEBJERG,2022-05-23,23,05,2022,143,7.6,18.7,13.7,0,261.4,833.3,172.2
FLAKKEBJERG,2022-05-24,24,05,2022,144,10.9,15.9,13.5,11.4,269.9,846.8,183.6
FLAKKEBJERG,2022-05-25,25,05,2022,145,10,16.4,12.8,3.2,277.7,859.6,186.8
FLAKKEBJERG,2022-05-26,26,05,2022,146,11.3,15.8,13.2,1.4,285.9,872.8,188.2
FLAKKEBJERG,2022-05-27,27,05,2022,147,7.9,13.8,10.9,2.8,291.8,883.7,191
FLAKKEBJERG,2022-05-28,28,05,2022,148,7.8,15.9,11.7,0.3,298.5,895.4,191.3
FLAKKEBJERG,2022-05-29,29,05,2022,149,8.6,16.8,12.5,0,306,907.9,191.3
FLAKKEBJERG,2022-05-30,30,05,2022,150,8.3,13.8,10.6,2.4,311.6,918.5,193.7
FLAKKEBJERG,2022-05-31,31,05,2022,151,8.9,15,11.5,0.5,318.1,930,194.2
FLAKKEBJERG,2022-06-01,01,06,2022,152,6.1,16.3,11.5,0,324.6,941.5,194.2
FLAKKEBJERG,2022-06-02,02,06,2022,153,7.4,12.7,10.8,0.1,330.4,952.3,194.3
FLAKKEBJERG,2022-06-03,03,06,2022,154,9.3,17.3,12.6,0,338,964.9,194.3
FLAKKEBJERG,2022-06-04,04,06,2022,155,5.1,17.7,12.3,0,345.3,977.2,194.3
FLAKKEBJERG,2022-06-05,05,06,2022,156,4.6,21.3,14.4,0,354.7,991.6,194.3
FLAKKEBJERG,2022-06-06,06,06,2022,157,11.8,19.4,15.7,2,365.4,1007.3,196.3
FLAKKEBJERG,2022-06-07,07,06,2022,158,11.2,16.7,14,0.2,374.4,1021.3,196.5
FLAKKEBJERG,2022-06-08,08,06,2022,159,11.9,19,14.6,0,384,1035.9,196.5
FLAKKEBJERG,2022-06-09,09,06,2022,160,12.2,20.7,15.8,0,394.8,1051.7,196.5
FLAKKEBJERG,2022-06-10,10,06,2022,161,12,20.8,15.9,0,405.7,1067.6,196.5
FLAKKEBJERG,2022-06-11,11,06,2022,162,12,21.6,17.1,0.2,417.8,1084.7,196.7
FLAKKEBJERG,2022-06-12,12,06,2022,163,8.1,19.6,15,6.7,427.8,1099.7,203.4
FLAKKEBJERG,2022-06-13,13,06,2022,164,10.1,17.3,13.7,0,436.5,1113.4,203.4
FLAKKEBJERG,2022-06-14,14,06,2022,165,11.3,18.7,14.3,0,445.8,1127.7,203.4
FLAKKEBJERG,2022-06-15,15,06,2022,166,10.8,18.3,14.5,0,455.3,1142.2,203.4
FLAKKEBJERG,2022-06-16,16,06,2022,167,10.2,20.4,15.5,0,465.8,1157.7,203.4
FLAKKEBJERG,2022-06-17,17,06,2022,168,8.7,19.6,16,0.1,476.8,1173.7,203.5
FLAKKEBJERG,2022-06-18,18,06,2022,169,13.9,21.9,18.3,0,490.1,1192,203.5
FLAKKEBJERG,2022-06-19,19,06,2022,170,9.9,16.1,12.7,9.1,497.8,1204.7,212.6
FLAKKEBJERG,2022-06-20,20,06,2022,171,8,16.8,12.1,3.4,504.9,1216.8,216
FLAKKEBJERG,2022-06-21,21,06,2022,172,10.2,20.2,15.2,0,515.1,1232,216
FLAKKEBJERG,2022-06-22,22,06,2022,173,10.9,18.4,14.6,0,524.7,1246.6,216
FLAKKEBJERG,2022-06-23,23,06,2022,174,7.6,22.6,16.1,0,535.8,1262.7,216
FLAKKEBJERG,2022-06-24,24,06,2022,175,12.4,26.5,20.1,0,550.9,1282.8,216
FLAKKEBJERG,2022-06-25,25,06,2022,176,15.3,25.1,20.3,0.1,566.2,1303.1,216.1
FLAKKEBJERG,2022-06-26,26,06,2022,177,17.5,28.2,21.8,0,583,1324.9,216.1
FLAKKEBJERG,2022-06-27,27,06,2022,178,15.3,27.4,19.7,3.2,597.7,1344.6,219.3
FLAKKEBJERG,2022-06-28,28,06,2022,179,12.8,22.1,17.7,0,610.4,1362.3,219.3
FLAKKEBJERG,2022-06-29,29,06,2022,180,9.6,23.9,17.7,0,623.1,1380,219.3
FLAKKEBJERG,2022-06-30,30,06,2022,181,9.7,25.9,18.5,0,636.6,1398.5,219.3
FLAKKEBJERG,2022-07-01,01,07,2022,182,13.5,20.8,16.8,8,648.4,1415.3,227.3
FLAKKEBJERG,2022-07-02,02,07,2022,183,13.4,21.8,17.6,0.3,661,1432.9,227.6
FLAKKEBJERG,2022-07-03,03,07,2022,184,13.6,24.8,19.2,2.2,675.2,1452.1,229.8
FLAKKEBJERG,2022-07-04,04,07,2022,185,12.8,20.1,16.4,2.2,686.6,1468.5,232
FLAKKEBJERG,2022-07-05,05,07,2022,186,12.8,19.4,15.6,0.6,697.2,1484.1,232.6
FLAKKEBJERG,2022-07-06,06,07,2022,187,11.4,19.2,14.9,1.7,707.1,1499,234.3
FLAKKEBJERG,2022-07-07,07,07,2022,188,12.1,19.8,16.2,6.9,718.3,1515.2,241.2
FLAKKEBJERG,2022-07-08,08,07,2022,189,11.8,19.9,15.7,0,729,1530.9,241.2
FLAKKEBJERG,2022-07-09,09,07,2022,190,12.6,18.1,15.2,0,739.2,1546.1,241.2
FLAKKEBJERG,2022-07-10,10,07,2022,191,11.8,20,15.5,0,749.7,1561.6,241.2
FLAKKEBJERG,2022-07-11,11,07,2022,192,10.4,21.9,16.6,0,761.3,1578.2,241.2
FLAKKEBJERG,2022-07-12,12,07,2022,193,10.8,25,18.3,0,774.6,1596.5,241.2
FLAKKEBJERG,2022-07-13,13,07,2022,194,14.1,26.3,19.9,0,789.5,1616.4,241.2
FLAKKEBJERG,2022-07-14,14,07,2022,195,12.3,19.1,15.4,0,799.9,1631.8,241.2
FLAKKEBJERG,2022-07-15,15,07,2022,196,12.3,18.9,15,0,809.9,1646.8,241.2
FLAKKEBJERG,2022-07-16,16,07,2022,197,11.3,20.1,15.4,0.5,820.3,1662.2,241.7
FLAKKEBJERG,2022-07-17,17,07,2022,198,11.5,21.5,16.5,0,831.8,1678.7,241.7
FLAKKEBJERG,2022-07-18,18,07,2022,199,13,24,18.8,0,845.6,1697.5,241.7
FLAKKEBJERG,2022-07-19,19,07,2022,200,12.6,29.8,21.6,0,862.2,1719.1,241.7
FLAKKEBJERG,2022-07-20,20,07,2022,201,13.7,33.9,25.1,0,882.3,1744.2,241.7
FLAKKEBJERG,2022-07-21,21,07,2022,202,15.4,27.1,21.1,0,898.4,1765.3,241.7
FLAKKEBJERG,2022-07-22,22,07,2022,203,14.4,20.6,16.7,0,910.1,1782,241.7
FLAKKEBJERG,2022-07-23,23,07,2022,204,13.1,15.1,13.9,1.3,919,1795.9,243
FLAKKEBJERG,2022-07-24,24,07,2022,205,9.6,24,17.5,0.2,931.5,1813.4,243.2
FLAKKEBJERG,2022-07-25,25,07,2022,206,15.3,31.2,21.5,5.7,948,1834.9,248.9
FLAKKEBJERG,2022-07-26,26,07,2022,207,11.7,19,16.3,0.1,959.3,1851.2,249
FLAKKEBJERG,2022-07-27,27,07,2022,208,11.7,19.3,14.6,0,968.9,1865.8,249
FLAKKEBJERG,2022-07-28,28,07,2022,209,9,19.7,14.9,0,978.8,1880.7,249
FLAKKEBJERG,2022-07-29,29,07,2022,210,6.4,23.5,15.8,0,989.6,1896.5,249
FLAKKEBJERG,2022-07-30,30,07,2022,211,12.7,25.1,18.6,0,1003.2,1915.1,249
FLAKKEBJERG,2022-07-31,31,07,2022,212,14,24.6,18.9,2.4,1017.1,1934,251.4
FLAKKEBJERG,2022-08-01,01,08,2022,213,11,20.6,17.1,5.4,1029.2,1951.1,256.8
FLAKKEBJERG,2022-08-02,02,08,2022,214,7.5,21.5,15.6,0.3,1039.8,1966.7,257.1
FLAKKEBJERG,2022-08-03,03,08,2022,215,17.6,28.6,22.7,0,1057.5,1989.4,257.1
FLAKKEBJERG,2022-08-04,04,08,2022,216,14.8,33.2,24,0,1076.5,2013.4,257.1
FLAKKEBJERG,2022-08-05,05,08,2022,217,13.3,19.4,16.7,1.6,1088.2,2030.1,258.7
FLAKKEBJERG,2022-08-06,06,08,2022,218,11.5,20.2,15.5,0,1098.7,2045.6,258.7
FLAKKEBJERG,2022-08-07,07,08,2022,219,8.9,19.8,14.7,0.6,1108.4,2060.3,259.3
FLAKKEBJERG,2022-08-08,08,08,2022,220,11.8,21.8,16.8,0,1120.2,2077.1,259.3
FLAKKEBJERG,2022-08-09,09,08,2022,221,10.5,22.6,17.1,0,1132.3,2094.2,259.3
FLAKKEBJERG,2022-08-10,10,08,2022,222,9.5,25.2,17.9,0,1145.2,2112.1,259.3
FLAKKEBJERG,2022-08-11,11,08,2022,223,10.4,27,19.5,0,1159.7,2131.6,259.3
FLAKKEBJERG,2022-08-12,12,08,2022,224,11.3,28.8,20.8,0,1175.5,2152.4,259.3
FLAKKEBJERG,2022-08-13,13,08,2022,225,13.3,30.4,21.9,0,1192.4,2174.3,259.3
FLAKKEBJERG,2022-08-14,14,08,2022,226,14.6,28.7,21.9,0,1209.3,2196.2,259.3
FLAKKEBJERG,2022-08-15,15,08,2022,227,15.4,28.8,22.7,8.6,1227,2218.9,267.9
FLAKKEBJERG,2022-08-16,16,08,2022,228,18.7,26.5,21.4,7.1,1243.4,2240.3,275
FLAKKEBJERG,2022-08-17,17,08,2022,229,14.4,26.7,20.6,0,1259,2260.9,275
FLAKKEBJERG,2022-08-18,18,08,2022,230,17.9,28.2,21.9,7.7,1275.9,2282.8,282.7
FLAKKEBJERG,2022-08-19,19,08,2022,231,16.5,21.2,19.4,0.2,1290.3,2302.2,282.9
FLAKKEBJERG,2022-08-20,20,08,2022,232,15.6,24.2,19.6,0,1304.9,2321.8,282.9
FLAKKEBJERG,2022-08-21,21,08,2022,233,13.2,24,18.6,0,1318.5,2340.4,282.9
FLAKKEBJERG,2022-08-22,22,08,2022,234,9.2,24.1,17.7,0,1331.2,2358.1,282.9
FLAKKEBJERG,2022-08-23,23,08,2022,235,14.1,25.5,19.7,0,1345.9,2377.8,282.9
FLAKKEBJERG,2022-08-24,24,08,2022,236,13.2,25.7,19.7,0,1360.6,2397.5,282.9
FLAKKEBJERG,2022-08-25,25,08,2022,237,14.2,25.2,19.5,0,1375.1,2417,282.9
FLAKKEBJERG,2022-08-26,26,08,2022,238,16.2,25.7,20.8,0,1390.9,2437.8,282.9
FLAKKEBJERG,2022-08-27,27,08,2022,239,15.6,20.6,18.6,26,1404.5,2456.4,308.9
FLAKKEBJERG,2022-08-28,28,08,2022,240,15.4,20.1,17.7,1.1,1417.2,2474.1,310
FLAKKEBJERG,2022-08-29,29,08,2022,241,14.1,18.8,16,1.8,1428.2,2490.1,311.8
FLAKKEBJERG,2022-08-30,30,08,2022,242,11.5,20.1,15.6,0,1438.8,2505.7,311.8
FLAKKEBJERG,2022-08-31,31,08,2022,243,9.4,21.6,15.5,0,1449.3,2521.2,311.8
FLAKKEBJERG,2022-09-01,01,09,2022,244,9,21.3,14.8,0,1459.1,2536,311.8
FLAKKEBJERG,2022-09-02,02,09,2022,245,6.7,21.4,14.4,0,1468.5,2550.4,311.8
FLAKKEBJERG,2022-09-03,03,09,2022,246,10.5,21.5,15.6,0,1479.1,2566,311.8
FLAKKEBJERG,2022-09-04,04,09,2022,247,9.6,21.6,15.3,0,1489.4,2581.3,311.8
FLAKKEBJERG,2022-09-05,05,09,2022,248,12.3,21.1,16.5,0,1500.9,2597.8,311.8
FLAKKEBJERG,2022-09-06,06,09,2022,249,12.3,19.6,15.8,0,1511.7,2613.6,311.8
FLAKKEBJERG,2022-09-07,07,09,2022,250,11.6,21,15.6,1.6,1522.3,2629.2,313.4
FLAKKEBJERG,2022-09-08,08,09,2022,251,13,19,16.2,13.2,1533.5,2645.4,326.6
FLAKKEBJERG,2022-09-09,09,09,2022,252,12.6,19.2,15.3,12.7,1543.8,2660.7,339.3
FLAKKEBJERG,2022-09-10,10,09,2022,253,12,20.3,15.2,20.4,1554,2675.9,359.7
FLAKKEBJERG,2022-09-11,11,09,2022,254,9.5,18.7,14.2,0,1563.2,2690.1,359.7
FLAKKEBJERG,2022-09-12,12,09,2022,255,6.8,18.6,13.8,0,1572,2703.9,359.7
FLAKKEBJERG,2022-09-13,13,09,2022,256,14.2,18.5,15.8,4.9,1582.8,2719.7,364.6
FLAKKEBJERG,2022-09-14,14,09,2022,257,12.9,16.8,14.6,0.2,1592.4,2734.3,364.8
FLAKKEBJERG,2022-09-15,15,09,2022,258,11.1,16.8,13.4,0,1600.8,2747.7,364.8
FLAKKEBJERG,2022-09-16,16,09,2022,259,9.4,16,12.4,0.6,1608.2,2760.1,365.4
FLAKKEBJERG,2022-09-17,17,09,2022,260,9.5,16.6,13,4.1,1616.2,2773.1,369.5
FLAKKEBJERG,2022-09-18,18,09,2022,261,8.2,13.1,11.2,0.3,1622.4,2784.3,369.8
FLAKKEBJERG,2022-09-19,19,09,2022,262,7.8,16.1,12.2,0.1,1629.6,2796.5,369.9
FLAKKEBJERG,2022-09-20,20,09,2022,263,6.6,15.8,11.3,0.4,1635.9,2807.8,370.3
FLAKKEBJERG,2022-09-21,21,09,2022,264,4.3,16.8,10.6,0,1641.5,2818.4,370.3
FLAKKEBJERG,2022-09-22,22,09,2022,265,6.5,17,12.2,0.1,1648.7,2830.6,370.4
FLAKKEBJERG,2022-09-23,23,09,2022,266,9.2,16.9,13,0,1656.7,2843.6,370.4
FLAKKEBJERG,2022-09-24,24,09,2022,267,9.9,17.7,13.3,0,1665,2856.9,370.4
FLAKKEBJERG,2022-09-25,25,09,2022,268,10,15.9,12.4,0.9,1672.4,2869.3,371.3
FLAKKEBJERG,2022-09-26,26,09,2022,269,9.9,12.8,11.4,5,1678.8,2880.7,376.3
FLAKKEBJERG,2022-09-27,27,09,2022,270,8.9,13,11,8.2,1684.8,2891.7,384.5
FLAKKEBJERG,2022-09-28,28,09,2022,271,4.7,13.3,9.8,1.9,1689.6,2901.5,386.4
FLAKKEBJERG,2022-09-29,29,09,2022,272,9.1,13,10.3,22,1694.9,2911.8,408.4
FLAKKEBJERG,2022-09-30,30,09,2022,273,9.3,13.8,11.6,1,1701.5,2923.4,409.4
FLAKKEBJERG,2022-10-01,01,10,2022,274,10.2,12.4,11.3,5.1,1707.8,2934.7,414.5
FLAKKEBJERG,2022-10-02,02,10,2022,275,10.6,16.1,12.7,0.1,1715.5,2947.4,414.6
FLAKKEBJERG,2022-10-03,03,10,2022,276,11.2,15.3,12.8,0.2,1723.3,2960.2,414.8
FLAKKEBJERG,2022-10-04,04,10,2022,277,10.1,15.7,12.7,0,1731,2972.9,414.8
FLAKKEBJERG,2022-10-05,05,10,2022,278,13.5,15.7,14.4,0,1740.4,2987.3,414.8
FLAKKEBJERG,2022-10-06,06,10,2022,279,12,16.4,13.8,1.5,1749.2,3001.1,416.3
FLAKKEBJERG,2022-10-07,07,10,2022,280,10.5,15.7,13,0,1757.2,3014.1,416.3
FLAKKEBJERG,2022-10-08,08,10,2022,281,9.2,14.5,12.1,0.8,1764.3,3026.2,417.1
FLAKKEBJERG,2022-10-09,09,10,2022,282,6.1,14.7,10.7,0,1770,3036.9,417.1
FLAKKEBJERG,2022-10-10,10,10,2022,283,9.2,14.7,11.6,2.5,1776.6,3048.5,419.6
FLAKKEBJERG,2022-10-11,11,10,2022,284,6.7,14,10.4,0,1782,3058.9,419.6
FLAKKEBJERG,2022-10-12,12,10,2022,285,4.7,14.3,10,0,1787,3068.9,419.6
FLAKKEBJERG,2022-10-13,13,10,2022,286,8.8,13,10.7,1,1792.7,3079.6,420.6
FLAKKEBJERG,2022-10-14,14,10,2022,287,9.3,14.2,11.7,0,1799.4,3091.3,420.6
FLAKKEBJERG,2022-10-15,15,10,2022,288,11.4,14.6,12.9,14.3,1807.3,3104.2,434.9
FLAKKEBJERG,2022-10-16,16,10,2022,289,11.1,15.8,13.2,0,1815.5,3117.4,434.9
FLAKKEBJERG,2022-10-17,17,10,2022,290,6,16,12.3,1.3,1822.8,3129.7,436.2
FLAKKEBJERG,2022-10-18,18,10,2022,291,9.7,14.7,12.7,0,1830.5,3142.4,436.2
FLAKKEBJERG,2022-10-19,19,10,2022,292,1.5,12,8.2,0.2,1833.7,3150.6,436.4
FLAKKEBJERG,2022-10-20,20,10,2022,293,0.5,10.9,6.5,0,1835.2,3157.1,436.4
FLAKKEBJERG,2022-10-21,21,10,2022,294,8.1,12,10,4.7,1840.2,3167.1,441.1
FLAKKEBJERG,2022-10-22,22,10,2022,295,11.3,13.6,12.3,1.6,1847.5,3179.4,442.7
FLAKKEBJERG,2022-10-23,23,10,2022,296,9.4,13.5,11.6,0,1854.1,3191,442.7
FLAKKEBJERG,2022-10-24,24,10,2022,297,11.9,16.8,13.7,6.1,1862.8,3204.7,448.8
FLAKKEBJERG,2022-10-25,25,10,2022,298,11.2,14.2,12.9,1.9,1870.7,3217.6,450.7
FLAKKEBJERG,2022-10-26,26,10,2022,299,9.5,14.5,12.3,0,1878,3229.9,450.7
FLAKKEBJERG,2022-10-27,27,10,2022,300,10.9,14.9,13.4,1,1886.4,3243.3,451.7
FLAKKEBJERG,2022-10-28,28,10,2022,301,10.5,17.8,14.2,0,1895.6,3257.5,451.7
FLAKKEBJERG,2022-10-29,29,10,2022,302,10.8,15.5,12.8,0.5,1903.4,3270.3,452.2
FLAKKEBJERG,2022-10-30,30,10,2022,303,9.6,16.4,12.6,0,1911,3282.9,452.2
FLAKKEBJERG,2022-10-31,31,10,2022,304,10.3,14.7,11.8,0,1917.8,3294.7,452.2
FLAKKEBJERG,2022-11-01,01,11,2022,305,11.2,15.8,12.7,0,1925.5,3307.4,452.2
FLAKKEBJERG,2022-11-02,02,11,2022,306,8.7,12.7,10.9,3.2,1931.4,3318.3,455.4
FLAKKEBJERG,2022-11-03,03,11,2022,307,8.5,12.2,10.1,0,1936.5,3328.4,455.4
FLAKKEBJERG,2022-11-04,04,11,2022,308,7.2,12,9.8,1.7,1941.3,3338.2,457.1
FLAKKEBJERG,2022-11-05,05,11,2022,309,6.6,12,9.6,0,1945.9,3347.8,457.1
FLAKKEBJERG,2022-11-06,06,11,2022,310,8.3,10.7,9.7,3.2,1950.6,3357.5,460.3
FLAKKEBJERG,2022-11-07,07,11,2022,311,8.5,12.2,10.8,2.4,1956.4,3368.3,462.7
FLAKKEBJERG,2022-11-08,08,11,2022,312,11.3,13.2,12.1,0,1963.5,3380.4,462.7
FLAKKEBJERG,2022-11-09,09,11,2022,313,9.6,13.9,11.7,2.6,1970.2,3392.1,465.3
FLAKKEBJERG,2022-11-10,10,11,2022,314,9.3,12.4,11,0.8,1976.2,3403.1,466.1
FLAKKEBJERG,2022-11-11,11,11,2022,315,11.7,12.8,12.3,0,1983.5,3415.4,466.1
FLAKKEBJERG,2022-11-12,12,11,2022,316,11.3,12.8,12,0,1990.5,3427.4,466.1
FLAKKEBJERG,2022-11-13,13,11,2022,317,8.2,11.7,10,0,1995.5,3437.4,466.1
FLAKKEBJERG,2022-11-14,14,11,2022,318,7.9,10.6,9.1,0,1999.6,3446.5,466.1
FLAKKEBJERG,2022-11-15,15,11,2022,319,7.1,10,8.3,0,2002.9,3454.8,466.1
FLAKKEBJERG,2022-11-16,16,11,2022,320,6.6,10.1,8.4,0,2006.3,3463.2,466.1
FLAKKEBJERG,2022-11-17,17,11,2022,321,4.7,7,5.5,0,2006.8,3468.7,466.1
FLAKKEBJERG,2022-11-18,18,11,2022,322,-0.1,5.6,3.4,1.4,2006.8,3472.1,467.5
FLAKKEBJERG,2022-11-19,19,11,2022,323,-1.4,3.1,0.7,0,2006.8,3472.8,467.5
FLAKKEBJERG,2022-11-20,20,11,2022,324,-3.9,0.9,-1.2,0.2,2006.8,3472.8,467.7
FLAKKEBJERG,2022-11-21,21,11,2022,325,-3,1.9,0,4.2,2006.8,3472.8,471.9
FLAKKEBJERG,2022-11-22,22,11,2022,326,-1.4,2.5,0.9,0.2,2006.8,3473.7,472.1
FLAKKEBJERG,2022-11-23,23,11,2022,327,1.1,5.5,3.8,0,2006.8,3477.5,472.1
FLAKKEBJERG,2022-11-24,24,11,2022,328,4.5,6.3,5.4,0.2,2007.2,3482.9,472.3
FLAKKEBJERG,2022-11-25,25,11,2022,329,5.2,6.3,5.8,1.9,2008,3488.7,474.2
FLAKKEBJERG,2022-11-26,26,11,2022,330,5.6,7.3,6.3,0,2009.3,3495,474.2
FLAKKEBJERG,2022-11-27,27,11,2022,331,5.4,7,6.2,0,2010.5,3501.2,474.2
FLAKKEBJERG,2022-11-28,28,11,2022,332,4.5,6.7,5.6,0,2011.1,3506.8,474.2
FLAKKEBJERG,2022-11-29,29,11,2022,333,3.6,6,4.8,0,2011.1,3511.6,474.2
FLAKKEBJERG,2022-11-30,30,11,2022,334,3.2,4.6,3.8,1.4,2011.1,3515.4,475.6
FLAKKEBJERG,2022-12-01,01,12,2022,335,2.7,4.6,3.5,0,2011.1,3518.9,475.6
FLAKKEBJERG,2022-12-02,02,12,2022,336,2.4,4.2,3.4,0,2011.1,3522.3,475.6
FLAKKEBJERG,2022-12-03,03,12,2022,337,0.3,2.5,1.5,0.4,2011.1,3523.8,476
FLAKKEBJERG,2022-12-04,04,12,2022,338,1,3.3,2,0,2011.1,3525.8,476
FLAKKEBJERG,2022-12-05,05,12,2022,339,2.3,3.9,3.2,0,2011.1,3529,476
FLAKKEBJERG,2022-12-06,06,12,2022,340,1.1,3.1,2.3,0,2011.1,3531.3,476
FLAKKEBJERG,2022-12-07,07,12,2022,341,-4.2,2.8,0.5,0.3,2011.1,3531.8,476.3
FLAKKEBJERG,2022-12-08,08,12,2022,342,-7.2,2.6,-3.1,0,2011.1,3531.8,476.3
FLAKKEBJERG,2022-12-09,09,12,2022,343,-1.8,1.2,0.2,0.4,2011.1,3532,476.7
FLAKKEBJERG,2022-12-10,10,12,2022,344,-2.1,0.9,-0.2,0,2011.1,3532,476.7
FLAKKEBJERG,2022-12-11,11,12,2022,345,-5.3,-0.4,-2,0,2011.1,3532,476.7
FLAKKEBJERG,2022-12-12,12,12,2022,346,-6.9,-1.7,-4.1,0,2011.1,3532,476.7
FLAKKEBJERG,2022-12-13,13,12,2022,347,-5.9,0.5,-1.7,0,2011.1,3532,476.7
FLAKKEBJERG,2022-12-14,14,12,2022,348,-1.7,1.3,0.1,0,2011.1,3532.1,476.7
FLAKKEBJERG,2022-12-15,15,12,2022,349,-10,0.4,-2.8,0.5,2011.1,3532.1,477.2
FLAKKEBJERG,2022-12-16,16,12,2022,350,-10.6,-2.7,-6.5,0,2011.1,3532.1,477.2
FLAKKEBJERG,2022-12-17,17,12,2022,351,-10.6,-0.4,-3.4,0,2011.1,3532.1,477.2
FLAKKEBJERG,2022-12-18,18,12,2022,352,-3.4,0.1,-1.3,0,2011.1,3532.1,477.2
FLAKKEBJERG,2022-12-19,19,12,2022,353,-3.3,5.5,0.6,6.9,2011.1,3532.7,484.1
FLAKKEBJERG,2022-12-20,20,12,2022,354,3.9,7.3,5.9,6.2,2012,3538.6,490.3
FLAKKEBJERG,2022-12-21,21,12,2022,355,3.6,6.7,4.6,0.2,2012,3543.2,490.5
FLAKKEBJERG,2022-12-22,22,12,2022,356,4.4,6.2,5.3,0,2012.3,3548.5,490.5
FLAKKEBJERG,2022-12-23,23,12,2022,357,-2.4,6,2.8,0,2012.3,3551.3,490.5
FLAKKEBJERG,2022-12-24,24,12,2022,358,-2.7,2.4,0,0.2,2012.3,3551.3,490.7
FLAKKEBJERG,2022-12-25,25,12,2022,359,2.1,4.9,4,4.3,2012.3,3555.3,495
FLAKKEBJERG,2022-12-26,26,12,2022,360,3.3,7.1,4.8,0.9,2012.3,3560.1,495.9
FLAKKEBJERG,2022-12-27,27,12,2022,361,2.2,4.4,3.3,1.1,2012.3,3563.4,497
FLAKKEBJERG,2022-12-28,28,12,2022,362,3.7,7,5.4,9.9,2012.7,3568.8,506.9
FLAKKEBJERG,2022-12-29,29,12,2022,363,6.2,8.9,7.3,3.1,2015,3576.1,510
FLAKKEBJERG,2022-12-30,30,12,2022,364,5,7.3,5.9,0.8,2015.9,3582,510.8
FLAKKEBJERG,2022-12-31,31,12,2022,365,7.3,10.3,8.7,5.5,2019.6,3590.7,516.3
FLAKKEBJERG,2023-01-01,01,01,2023,1,7.3,10.6,9.3,5.1,4.3,9.3,5.1
FLAKKEBJERG,2023-01-02,02,01,2023,2,5.1,9.6,7.4,4,6.7,16.7,9.1
FLAKKEBJERG,2023-01-03,03,01,2023,3,0.8,6.1,4.4,0,6.7,21.1,9.1
FLAKKEBJERG,2023-01-04,04,01,2023,4,4.1,9.4,7,19.9,8.7,28.1,29
FLAKKEBJERG,2023-01-05,05,01,2023,5,2.6,8.2,4.4,1.3,8.7,32.5,30.299999999999997
FLAKKEBJERG,2023-01-06,06,01,2023,6,2.4,8.3,4.9,14.6,8.7,37.4,44.9
FLAKKEBJERG,2023-01-07,07,01,2023,7,4.7,8.6,6.7,2.4,10.4,44.1,47.3
FLAKKEBJERG,2023-01-08,08,01,2023,8,4.8,7.7,6.6,2.7,12,50.7,50
FLAKKEBJERG,2023-01-09,09,01,2023,9,3.9,6.1,5.1,3.5,12.1,55.8,53.5
FLAKKEBJERG,2023-01-10,10,01,2023,10,3.5,6,5.1,0.1,12.2,60.9,53.6
FLAKKEBJERG,2023-01-11,11,01,2023,11,4.7,8.4,6.3,4.2,13.5,67.2,57.8
FLAKKEBJERG,2023-01-12,12,01,2023,12,5.4,8.4,6.4,7.7,14.9,73.6,65.5
FLAKKEBJERG,2023-01-13,13,01,2023,13,5.5,8.7,6.8,2.1,16.7,80.4,67.6
FLAKKEBJERG,2023-01-14,14,01,2023,14,4.9,7.9,6.1,7.6,17.8,86.5,75.2
FLAKKEBJERG,2023-01-15,15,01,2023,15,4.1,7.5,5.4,2.4,18.2,91.9,77.6
FLAKKEBJERG,2023-01-16,16,01,2023,16,3.2,5.4,4.3,0.3,18.2,96.2,77.89999999999999
FLAKKEBJERG,2023-01-17,17,01,2023,17,1.4,3.8,2.7,4.5,18.2,98.9,82.39999999999999
FLAKKEBJERG,2023-01-18,18,01,2023,18,0.4,3.3,1.7,0,18.2,100.6,82.39999999999999
FLAKKEBJERG,2023-01-19,19,01,2023,19,0.7,3.6,2,1.7,18.2,102.6,84.1
FLAKKEBJERG,2023-01-20,20,01,2023,20,-1.6,2.6,0.7,0.2,18.2,103.3,84.3
FLAKKEBJERG,2023-01-21,21,01,2023,21,-2.4,1,-0.7,0,18.2,103.3,84.3
FLAKKEBJERG,2023-01-22,22,01,2023,22,-3.4,1.4,-0.7,0,18.2,103.3,84.3
FLAKKEBJERG,2023-01-23,23,01,2023,23,-0.1,2.2,0.9,0,18.2,104.2,84.3
FLAKKEBJERG,2023-01-24,24,01,2023,24,-0.4,2.4,1.1,0,18.2,105.3,84.3
FLAKKEBJERG,2023-01-25,25,01,2023,25,-0.3,0.7,0.2,0,18.2,105.5,84.3
FLAKKEBJERG,2023-01-26,26,01,2023,26,0.3,5.7,2.9,0.4,18.2,108.4,84.7
FLAKKEBJERG,2023-01-27,27,01,2023,27,-4.2,3.4,-0.1,0,18.2,108.4,84.7
FLAKKEBJERG,2023-01-28,28,01,2023,28,-4.2,3.6,0.5,0,18.2,108.9,84.7
FLAKKEBJERG,2023-01-29,29,01,2023,29,2.9,5.4,4.3,0,18.2,113.2,84.7
FLAKKEBJERG,2023-01-30,30,01,2023,30,2.8,5.9,4.4,4.4,18.2,117.6,89.1
FLAKKEBJERG,2023-01-31,31,01,2023,31,1.3,6.6,3.4,6.1,18.2,121,95.2
FLAKKEBJERG,2023-02-01,01,02,2023,32,3,5.7,4.3,2.5,18.2,125.3,97.7
FLAKKEBJERG,2023-02-02,02,02,2023,33,-0.9,4.4,1.8,0.1,18.2,127.1,97.8
FLAKKEBJERG,2023-02-03,03,02,2023,34,0.1,7.1,4.1,10.6,18.2,131.2,108.39999999999999
FLAKKEBJERG,2023-02-04,04,02,2023,35,-2.4,0.7,-1,0,18.2,131.2,108.39999999999999
FLAKKEBJERG,2023-02-05,05,02,2023,36,-2.2,2.4,0.4,0,18.2,131.6,108.39999999999999
FLAKKEBJERG,2023-02-06,06,02,2023,37,-2.1,1.2,-0.6,0,18.2,131.6,108.39999999999999
FLAKKEBJERG,2023-02-07,07,02,2023,38,-0.7,3.4,0.6,0,18.2,132.2,108.39999999999999
FLAKKEBJERG,2023-02-08,08,02,2023,39,-1,2.9,0.8,0,18.2,133,108.39999999999999
FLAKKEBJERG,2023-02-09,09,02,2023,40,-0.5,3.9,1.4,0,18.2,134.4,108.39999999999999
FLAKKEBJERG,2023-02-10,10,02,2023,41,2.4,5.9,4.5,0,18.2,138.9,108.39999999999999
FLAKKEBJERG,2023-02-11,11,02,2023,42,3.6,9.3,6.7,0,19.9,145.6,108.39999999999999
FLAKKEBJERG,2023-02-12,12,02,2023,43,2.4,8.4,6.4,0,21.3,152,108.39999999999999
FLAKKEBJERG,2023-02-13,13,02,2023,44,4.8,8.1,6.2,0,22.5,158.2,108.39999999999999
FLAKKEBJERG,2023-02-14,14,02,2023,45,0.6,4.9,3.5,0,22.5,161.7,108.39999999999999
FLAKKEBJERG,2023-02-15,15,02,2023,46,-1.1,2.5,1.2,0,22.5,162.9,108.39999999999999
FLAKKEBJERG,2023-02-16,16,02,2023,47,1.4,5.2,3.9,2.3,22.5,166.8,110.7
FLAKKEBJERG,2023-02-17,17,02,2023,48,4.7,9.7,6.9,6.5,24.4,173.7,117.2
FLAKKEBJERG,2023-02-18,18,02,2023,49,2.3,6.1,4.8,0,24.4,178.5,117.2
FLAKKEBJERG,2023-02-19,19,02,2023,50,1.6,6.2,3.5,0.7,24.4,182,117.89999999999999
FLAKKEBJERG,2023-02-20,20,02,2023,51,3.6,8.9,6.7,1.7,26.1,188.7,119.6
FLAKKEBJERG,2023-02-21,21,02,2023,52,5,8.1,6.1,0,27.2,194.8,119.6
FLAKKEBJERG,2023-02-22,22,02,2023,53,1.1,6.9,3.9,0,27.2,198.7,119.6
FLAKKEBJERG,2023-02-23,23,02,2023,54,2,6.3,4.4,0.3,27.2,203.1,119.89999999999999
FLAKKEBJERG,2023-02-24,24,02,2023,55,1.9,6.9,3.7,4.8,27.2,206.8,124.7
FLAKKEBJERG,2023-02-25,25,02,2023,56,-1,2.3,1,0,27.2,207.8,124.7
FLAKKEBJERG,2023-02-26,26,02,2023,57,-2.8,4.1,0.4,0,27.2,208.2,124.7
FLAKKEBJERG,2023-02-27,27,02,2023,58,-2.8,6.8,1.9,0,27.2,210.1,124.7
FLAKKEBJERG,2023-02-28,28,02,2023,59,-2.4,8.1,1.6,0,27.2,211.7,124.7
FLAKKEBJERG,2023-03-01,01,03,2023,60,-2.4,6.6,0.7,0,27.2,212.4,124.7
FLAKKEBJERG,2023-03-02,02,03,2023,61,-1.7,7.7,2.4,0,27.2,214.8,124.7
FLAKKEBJERG,2023-03-03,03,03,2023,62,-1.9,6.7,2.5,0,27.2,217.3,124.7
FLAKKEBJERG,2023-03-04,04,03,2023,63,-0.1,5.3,2.9,0,27.2,220.2,124.7
FLAKKEBJERG,2023-03-05,05,03,2023,64,-4.9,2.6,0,0,27.2,220.2,124.7
FLAKKEBJERG,2023-03-06,06,03,2023,65,-6.2,3.1,-1,0,27.2,220.2,124.7
FLAKKEBJERG,2023-03-07,07,03,2023,66,-1.1,3.2,1.1,1.9,27.2,221.3,126.6
FLAKKEBJERG,2023-03-08,08,03,2023,67,-3.7,3.9,-0.2,0,27.2,221.3,126.6
FLAKKEBJERG,2023-03-09,09,03,2023,68,-5.1,3,-0.6,0,27.2,221.3,126.6
FLAKKEBJERG,2023-03-10,10,03,2023,69,-2.4,3.2,0.4,0,27.2,221.7,126.6
FLAKKEBJERG,2023-03-11,11,03,2023,70,-1.3,4.4,0.9,0.8,27.2,222.6,127.39999999999999
FLAKKEBJERG,2023-03-12,12,03,2023,71,-1.9,3.7,0.9,1.3,27.2,223.5,128.7
FLAKKEBJERG,2023-03-13,13,03,2023,72,2.5,11.5,7.7,8.1,29.9,231.2,136.79999999999998
FLAKKEBJERG,2023-03-14,14,03,2023,73,1.1,9.2,5.1,1.3,30,236.3,138.1
FLAKKEBJERG,2023-03-15,15,03,2023,74,0.9,5.3,2.8,0.2,30,239.1,138.29999999999998
FLAKKEBJERG,2023-03-16,16,03,2023,75,-1.5,6.2,3.3,0,30,242.4,138.29999999999998
FLAKKEBJERG,2023-03-17,17,03,2023,76,4,8.9,6.4,0.1,31.4,248.8,138.4
FLAKKEBJERG,2023-03-18,18,03,2023,77,3.4,10.9,7.6,0.1,34,256.4,138.5
FLAKKEBJERG,2023-03-19,19,03,2023,78,1.9,13.6,8,0,37,264.4,138.5
FLAKKEBJERG,2023-03-20,20,03,2023,79,5.2,7.7,6.3,3.4,38.3,270.7,141.9
FLAKKEBJERG,2023-03-21,21,03,2023,80,2.8,8.3,6.6,3.5,39.9,277.3,145.4
FLAKKEBJERG,2023-03-22,22,03,2023,81,7,10,8.2,3.4,43.1,285.5,148.79999999999998
FLAKKEBJERG,2023-03-23,23,03,2023,82,6.1,11.6,8.6,2,46.7,294.1,150.79999999999998
FLAKKEBJERG,2023-03-24,24,03,2023,83,5.4,10.4,8.5,5.1,50.2,302.6,155.9
FLAKKEBJERG,2023-03-25,25,03,2023,84,5.5,9.3,7.2,4.9,52.4,309.8,160.79999999999998
FLAKKEBJERG,2023-03-26,26,03,2023,85,-0.1,6.7,4,0,52.4,313.8,160.79999999999998
FLAKKEBJERG,2023-03-27,27,03,2023,86,-1.9,4.7,0.9,1.8,52.4,314.7,162.6
FLAKKEBJERG,2023-03-28,28,03,2023,87,-1.5,5.4,2.1,0.1,52.4,316.8,162.7
FLAKKEBJERG,2023-03-29,29,03,2023,88,2.6,7.2,4.7,0.7,52.4,321.5,163.4
FLAKKEBJERG,2023-03-30,30,03,2023,89,5.7,12.2,7.9,8.7,55.3,329.4,172.1
FLAKKEBJERG,2023-03-31,31,03,2023,90,4.1,11,8.1,3.3,58.4,337.5,175.4
FLAKKEBJERG,2023-04-01,01,04,2023,91,0.5,6.8,3.5,0.1,58.4,341,175.5
FLAKKEBJERG,2023-04-02,02,04,2023,92,-0.8,7.7,3.1,0,58.4,344.1,175.5
FLAKKEBJERG,2023-04-03,03,04,2023,93,-1.9,6.9,2.3,0,58.4,346.4,175.5
FLAKKEBJERG,2023-04-04,04,04,2023,94,-1.4,7.6,3,0,58.4,349.4,175.5
FLAKKEBJERG,2023-04-05,05,04,2023,95,-0.9,8.7,3.7,0,58.4,353.1,175.5
FLAKKEBJERG,2023-04-06,06,04,2023,96,0.7,9.5,4.8,0,58.4,357.9,175.5
FLAKKEBJERG,2023-04-07,07,04,2023,97,-0.2,7.2,4.1,0,58.4,362,175.5
FLAKKEBJERG,2023-04-08,08,04,2023,98,3.5,14.8,8,0,61.4,370,175.5
FLAKKEBJERG,2023-04-09,09,04,2023,99,2.4,13.1,7,0,63.4,377,175.5
FLAKKEBJERG,2023-04-10,10,04,2023,100,2.9,13.1,7.8,0,66.2,384.8,175.5
FLAKKEBJERG,2023-04-11,11,04,2023,101,4.6,10.9,8.3,10.8,69.5,393.1,186.29999999999998
FLAKKEBJERG,2023-04-12,12,04,2023,102,1.9,11.1,6.9,0.8,71.4,400,187.1
FLAKKEBJERG,2023-04-13,13,04,2023,103,4.3,11.5,8,5.3,74.4,408,192.4
FLAKKEBJERG,2023-04-14,14,04,2023,104,1.9,10.3,6.4,7.9,75.8,414.4,200.29999999999998
FLAKKEBJERG,2023-04-15,15,04,2023,105,7.1,14.3,9.9,0.4,80.7,424.3,200.7
FLAKKEBJERG,2023-04-16,16,04,2023,106,7.1,13.1,9.7,0,85.4,434,200.7
FLAKKEBJERG,2023-04-17,17,04,2023,107,2.1,13.3,8,0,88.4,442,200.7
FLAKKEBJERG,2023-04-18,18,04,2023,108,1.7,14.4,8.3,0,91.7,450.3,200.7
FLAKKEBJERG,2023-04-19,19,04,2023,109,3.6,13.7,8.9,0,95.6,459.2,200.7
FLAKKEBJERG,2023-04-20,20,04,2023,110,4.3,16.6,10.3,0,100.9,469.5,200.7
FLAKKEBJERG,2023-04-21,21,04,2023,111,4.6,16.6,10.5,0,106.4,480,200.7
FLAKKEBJERG,2023-04-22,22,04,2023,112,3.7,18.5,11,0,112.4,491,200.7
FLAKKEBJERG,2023-04-23,23,04,2023,113,8.3,13.9,10.4,2.8,117.8,501.4,203.5
FLAKKEBJERG,2023-04-24,24,04,2023,114,7.9,14.4,10.9,4.5,123.7,512.3,208
FLAKKEBJERG,2023-04-25,25,04,2023,115,5.3,8.9,6.6,1,125.3,518.9,209
FLAKKEBJERG,2023-04-26,26,04,2023,116,3.7,9.6,6.2,0.6,126.5,525.1,209.6
FLAKKEBJERG,2023-04-27,27,04,2023,117,2.6,10.4,6.1,0,127.6,531.2,209.6
FLAKKEBJERG,2023-04-28,28,04,2023,118,-1,11.6,6.3,0,128.9,537.5,209.6
FLAKKEBJERG,2023-04-29,29,04,2023,119,3.2,12.8,8.1,0,132,545.6,209.6
FLAKKEBJERG,2023-04-30,30,04,2023,120,3.9,10.8,7,0,134,552.6,209.6
FLAKKEBJERG,2023-05-01,01,05,2023,121,3.4,14.4,9.6,0,138.6,562.2,209.6
FLAKKEBJERG,2023-05-02,02,05,2023,122,5.2,12,8.7,0,142.3,570.9,209.6
FLAKKEBJERG,2023-05-03,03,05,2023,123,3.6,11.6,7.9,0,145.2,578.8,209.6
FLAKKEBJERG,2023-05-04,04,05,2023,124,2.3,13.2,8.3,0,148.5,587.1,209.6
FLAKKEBJERG,2023-05-05,05,05,2023,125,4.4,8.4,6.3,0,149.8,593.4,209.6
FLAKKEBJERG,2023-05-06,06,05,2023,126,4.5,10.5,6.6,0.3,151.4,600,209.9
FLAKKEBJERG,2023-05-07,07,05,2023,127,4.6,14.7,9.3,0,155.7,609.3,209.9
FLAKKEBJERG,2023-05-08,08,05,2023,128,4,16.2,10.4,0,161.1,619.7,209.9
FLAKKEBJERG,2023-05-09,09,05,2023,129,7.7,17.7,12.4,0,168.5,632.1,209.9
FLAKKEBJERG,2023-05-10,10,05,2023,130,9.2,18.5,13.8,0,177.3,645.9,209.9
FLAKKEBJERG,2023-05-11,11,05,2023,131,8.8,21.1,14.5,0,186.8,660.4,209.9
FLAKKEBJERG,2023-05-12,12,05,2023,132,8.4,20.4,14.7,0,196.5,675.1,209.9
FLAKKEBJERG,2023-05-13,13,05,2023,133,7.2,20.8,14.5,0,206,689.6,209.9
FLAKKEBJERG,2023-05-14,14,05,2023,134,6.3,22,14.7,0,215.7,704.3,209.9
FLAKKEBJERG,2023-05-15,15,05,2023,135,8.3,21.5,14.3,7.8,225,718.6,217.7
FLAKKEBJERG,2023-05-16,16,05,2023,136,8.6,12.2,9.9,2.4,229.9,728.5,220.1
FLAKKEBJERG,2023-05-17,17,05,2023,137,5.6,12.2,8.6,0,233.5,737.1,220.1
FLAKKEBJERG,2023-05-18,18,05,2023,138,2.3,13.9,8.4,0,236.9,745.5,220.1
FLAKKEBJERG,2023-05-19,19,05,2023,139,2.2,16.9,10.4,0,242.3,755.9,220.1
FLAKKEBJERG,2023-05-20,20,05,2023,140,4.5,17.3,12.1,0,249.4,768,220.1
FLAKKEBJERG,2023-05-21,21,05,2023,141,8.7,21.6,15.7,0,260.1,783.7,220.1
FLAKKEBJERG,2023-05-22,22,05,2023,142,13,22.5,17.2,0,272.3,800.9,220.1
FLAKKEBJERG,2023-05-23,23,05,2023,143,10.7,14.1,11.9,2.2,279.2,812.8,222.29999999999998
FLAKKEBJERG,2023-05-24,24,05,2023,144,6.2,17.7,13,0,287.2,825.8,222.29999999999998
FLAKKEBJERG,2023-05-25,25,05,2023,145,9.3,16.4,12.7,0,294.9,838.5,222.29999999999998
FLAKKEBJERG,2023-05-26,26,05,2023,146,7.6,15.9,11.5,0,301.4,850,222.29999999999998
FLAKKEBJERG,2023-05-27,27,05,2023,147,5.1,16.9,11.7,0,308.1,861.7,222.29999999999998
FLAKKEBJERG,2023-05-28,28,05,2023,148,5.8,17.9,12.6,0,315.7,874.3,222.29999999999998
FLAKKEBJERG,2023-05-29,29,05,2023,149,5.1,17.4,12.2,0,322.9,886.5,222.29999999999998
FLAKKEBJERG,2023-05-30,30,05,2023,150,8.3,19.2,13.8,0,331.7,900.3,222.29999999999998
FLAKKEBJERG,2023-05-31,31,05,2023,151,6.1,20.6,14.6,0,341.3,914.9,222.29999999999998
FLAKKEBJERG,2023-06-01,01,06,2023,152,9.9,18.7,13.4,0,349.7,928.3,222.29999999999998
FLAKKEBJERG,2023-06-02,02,06,2023,153,6.2,18.1,12.9,0,357.6,941.2,222.29999999999998
FLAKKEBJERG,2023-06-03,03,06,2023,154,3,18.9,12.3,0,364.9,953.5,222.29999999999998
FLAKKEBJERG,2023-06-04,04,06,2023,155,6.2,17.4,12.3,0,372.2,965.8,222.29999999999998
FLAKKEBJERG,2023-06-05,05,06,2023,156,4.2,20.3,14,0,381.2,979.8,222.29999999999998
FLAKKEBJERG,2023-06-06,06,06,2023,157,6.3,21.3,15.2,0,391.4,995,222.29999999999998
FLAKKEBJERG,2023-06-07,07,06,2023,158,6.2,20.8,14.2,0,400.6,1009.2,222.29999999999998
FLAKKEBJERG,2023-06-08,08,06,2023,159,7.6,23,15.4,0,411,1024.6,222.29999999999998
FLAKKEBJERG,2023-06-09,09,06,2023,160,6.8,21,14.9,0,420.9,1039.5,222.29999999999998
FLAKKEBJERG,2023-06-10,10,06,2023,161,10,23,16,0,431.9,1055.5,222.29999999999998
FLAKKEBJERG,2023-06-11,11,06,2023,162,9.8,21.3,15.9,0,442.8,1071.4,222.29999999999998
FLAKKEBJERG,2023-06-12,12,06,2023,163,10.2,23.9,16.8,0,454.6,1088.2,222.29999999999998
FLAKKEBJERG,2023-06-13,13,06,2023,164,7.4,23.5,16.4,0,466,1104.6,222.29999999999998
FLAKKEBJERG,2023-06-14,14,06,2023,165,8.5,23.7,17.1,0,478.1,1121.7,222.29999999999998
FLAKKEBJERG,2023-06-15,15,06,2023,166,10.4,25.7,18,0,491.1,1139.7,222.29999999999998
FLAKKEBJERG,2023-06-16,16,06,2023,167,11.8,24.5,17.3,17.6,503.4,1157,239.9
FLAKKEBJERG,2023-06-17,17,06,2023,168,10.4,24.4,17.2,6.5,515.6,1174.2,246.4
FLAKKEBJERG,2023-06-18,18,06,2023,169,13.6,22.8,18.5,0.4,529.1,1192.7,246.8
FLAKKEBJERG,2023-06-19,19,06,2023,170,11.4,22.9,18.3,0.5,542.4,1211,247.3
FLAKKEBJERG,2023-06-20,20,06,2023,171,11.8,24,18.9,0,556.3,1229.9,247.3
FLAKKEBJERG,2023-06-21,21,06,2023,172,15.7,24.3,19.4,0,570.7,1249.3,247.3
FLAKKEBJERG,2023-06-22,22,06,2023,173,13,24.8,19,0,584.7,1268.3,247.3
FLAKKEBJERG,2023-06-23,23,06,2023,174,15.7,22.1,18.8,0,598.5,1287.1,247.3
FLAKKEBJERG,2023-06-24,24,06,2023,175,8.9,23.4,18.2,0,611.7,1305.3,247.3
FLAKKEBJERG,2023-06-25,25,06,2023,176,13,25.5,19.8,0,626.5,1325.1,247.3
FLAKKEBJERG,2023-06-26,26,06,2023,177,14.7,28.1,19.7,8.9,641.2,1344.8,256.2
FLAKKEBJERG,2023-06-27,27,06,2023,178,14.3,20.5,17.1,0,653.3,1361.9,256.2
FLAKKEBJERG,2023-06-28,28,06,2023,179,14.2,22.7,17.8,0,666.1,1379.7,256.2
FLAKKEBJERG,2023-06-29,29,06,2023,180,15.8,23.2,19,0.6,680.1,1398.7,256.8
FLAKKEBJERG,2023-06-30,30,06,2023,181,13.2,21.4,17.3,0.3,692.4,1416,257.1
FLAKKEBJERG,2023-07-01,01,07,2023,182,12.6,17.4,15.4,5.6,702.8,1431.4,262.7
FLAKKEBJERG,2023-07-02,02,07,2023,183,12.9,18.4,15.7,2.5,713.5,1447.1,265.2
FLAKKEBJERG,2023-07-03,03,07,2023,184,12.6,18.9,15.1,0.2,723.6,1462.2,265.4
FLAKKEBJERG,2023-07-04,04,07,2023,185,9.5,18.2,14.4,9.9,733,1476.6,275.3
FLAKKEBJERG,2023-07-05,05,07,2023,186,8.8,19.9,14,6,742,1490.6,281.3
FLAKKEBJERG,2023-07-06,06,07,2023,187,11.7,20.4,15.8,0.1,752.8,1506.4,281.4
FLAKKEBJERG,2023-07-07,07,07,2023,188,11,22.6,17,0,764.8,1523.4,281.4
FLAKKEBJERG,2023-07-08,08,07,2023,189,9.3,24.9,18.6,0,778.4,1542,281.4
FLAKKEBJERG,2023-07-09,09,07,2023,190,11,28.1,20.2,0,793.6,1562.2,281.4
FLAKKEBJERG,2023-07-10,10,07,2023,191,15.4,21.4,18,26.1,806.6,1580.2,307.5
FLAKKEBJERG,2023-07-11,11,07,2023,192,11.4,25.3,19.2,0,820.8,1599.4,307.5
FLAKKEBJERG,2023-07-12,12,07,2023,193,15.7,21.8,18.6,15.9,834.4,1618,323.4
FLAKKEBJERG,2023-07-13,13,07,2023,194,14.5,20.5,17.1,0.9,846.5,1635.1,324.3
FLAKKEBJERG,2023-07-14,14,07,2023,195,12.9,22.1,17.6,0,859.1,1652.7,324.3
FLAKKEBJERG,2023-07-15,15,07,2023,196,16.4,30.2,22.7,0,876.8,1675.4,324.3
FLAKKEBJERG,2023-07-16,16,07,2023,197,15.9,22.9,19.1,3.4,890.9,1694.5,327.7
FLAKKEBJERG,2023-07-17,17,07,2023,198,13.8,21.2,16.7,4,902.6,1711.2,331.7
FLAKKEBJERG,2023-07-18,18,07,2023,199,12.4,21.7,16.6,0,914.2,1727.8,331.7
FLAKKEBJERG,2023-07-19,19,07,2023,200,12,18.8,15,0.1,924.2,1742.8,331.8
FLAKKEBJERG,2023-07-20,20,07,2023,201,10.7,19.5,15,0.4,934.2,1757.8,332.2
FLAKKEBJERG,2023-07-21,21,07,2023,202,11.4,19.8,15.4,3.8,944.6,1773.2,336
FLAKKEBJERG,2023-07-22,22,07,2023,203,11.5,19.8,14.8,1.7,954.4,1788,337.7
FLAKKEBJERG,2023-07-23,23,07,2023,204,12.6,17,15,15.5,964.4,1803,353.2
FLAKKEBJERG,2023-07-24,24,07,2023,205,15.8,22.6,18.3,0,977.7,1821.3,353.2
FLAKKEBJERG,2023-07-25,25,07,2023,206,13.5,22.3,16.1,1,988.8,1837.4,354.2
FLAKKEBJERG,2023-07-26,26,07,2023,207,11.9,18.9,14.6,1.2,998.4,1852,355.4
FLAKKEBJERG,2023-07-27,27,07,2023,208,12.4,21.4,16.3,0.2,1009.7,1868.3,355.6
FLAKKEBJERG,2023-07-28,28,07,2023,209,10.8,22.9,17.2,0,1021.9,1885.5,355.6
FLAKKEBJERG,2023-07-29,29,07,2023,210,14,23.7,18.6,5,1035.5,1904.1,360.6
FLAKKEBJERG,2023-07-30,30,07,2023,211,12.8,22.7,17.4,0.3,1047.9,1921.5,360.9
FLAKKEBJERG,2023-07-31,31,07,2023,212,13.4,19.7,16,4.6,1058.9,1937.5,365.5
FLAKKEBJERG,2023-08-01,01,08,2023,213,14.3,20.7,16.3,12.3,1070.2,1953.8,377.8
FLAKKEBJERG,2023-08-02,02,08,2023,214,12.1,21.1,16.6,2.2,1081.8,1970.4,380
FLAKKEBJERG,2023-08-03,03,08,2023,215,15.4,22.4,18,0.4,1094.8,1988.4,380.4
FLAKKEBJERG,2023-08-04,04,08,2023,216,13.8,21.2,17.4,0,1107.2,2005.8,380.4
FLAKKEBJERG,2023-08-05,05,08,2023,217,12.9,21,16.8,0,1119,2022.6,380.4
FLAKKEBJERG,2023-08-06,06,08,2023,218,11.6,19.2,15.5,2,1129.5,2038.1,382.4
FLAKKEBJERG,2023-08-07,07,08,2023,219,13.1,15.9,14.7,15.3,1139.2,2052.8,397.7
FLAKKEBJERG,2023-08-08,08,08,2023,220,13,19.3,15.1,0,1149.3,2067.9,397.7
FLAKKEBJERG,2023-08-09,09,08,2023,221,12.1,16.8,13.9,1.1,1158.2,2081.8,398.8
FLAKKEBJERG,2023-08-10,10,08,2023,222,12,19.2,15,0.1,1168.2,2096.8,398.9
FLAKKEBJERG,2023-08-11,11,08,2023,223,10.4,20.8,16.7,0,1179.9,2113.5,398.9
FLAKKEBJERG,2023-08-12,12,08,2023,224,15.7,21.1,18.1,11.3,1193,2131.6,410.2
FLAKKEBJERG,2023-08-13,13,08,2023,225,13,22,17.7,0,1205.7,2149.3,410.2
FLAKKEBJERG,2023-08-14,14,08,2023,226,14.6,25.6,20.2,0,1220.9,2169.5,410.2
FLAKKEBJERG,2023-08-15,15,08,2023,227,15.1,25,20,1.9,1235.9,2189.5,412.1
FLAKKEBJERG,2023-08-16,16,08,2023,228,12.8,21.8,17.4,0,1248.3,2206.9,412.1
FLAKKEBJERG,2023-08-17,17,08,2023,229,10.9,19.5,16,3.4,1259.3,2222.9,415.5
FLAKKEBJERG,2023-08-18,18,08,2023,230,14.4,23.5,18.3,5.2,1272.6,2241.2,420.7
FLAKKEBJERG,2023-08-19,19,08,2023,231,16.1,23.3,18.7,16.4,1286.3,2259.9,437.1
FLAKKEBJERG,2023-08-20,20,08,2023,232,15.9,22.9,19.1,0.4,1300.4,2279,437.5
FLAKKEBJERG,2023-08-21,21,08,2023,233,13.8,22.4,18.1,0,1313.5,2297.1,437.5
FLAKKEBJERG,2023-08-22,22,08,2023,234,14.9,23.3,18.9,0,1327.4,2316,437.5
FLAKKEBJERG,2023-08-23,23,08,2023,235,13.7,21.2,17.6,0.5,1340,2333.6,438
FLAKKEBJERG,2023-08-24,24,08,2023,236,12.6,21.4,16.9,0.9,1351.9,2350.5,438.9
FLAKKEBJERG,2023-08-25,25,08,2023,237,15.3,22.9,18.9,6.8,1365.8,2369.4,445.7
FLAKKEBJERG,2023-08-26,26,08,2023,238,13.5,20.3,17.5,9.1,1378.3,2386.9,454.8
FLAKKEBJERG,2023-08-27,27,08,2023,239,10,20.4,15.8,0.2,1389.1,2402.7,455
FLAKKEBJERG,2023-08-28,28,08,2023,240,12,19.6,15.7,0,1399.8,2418.4,455
FLAKKEBJERG,2023-08-29,29,08,2023,241,8.7,18.6,14.1,0,1408.9,2432.5,455
FLAKKEBJERG,2023-08-30,30,08,2023,242,9.4,19.7,15,0,1418.9,2447.5,455
FLAKKEBJERG,2023-08-31,31,08,2023,243,13.1,17.2,14.8,7.2,1428.7,2462.3,462.2
FLAKKEBJERG,2023-09-01,01,09,2023,244,12.2,20.7,16.4,0.3,1440.1,2478.7,462.5
FLAKKEBJERG,2023-09-02,02,09,2023,245,13.1,21.4,16.6,0,1451.7,2495.3,462.5
FLAKKEBJERG,2023-09-03,03,09,2023,246,13.5,19.8,16.6,0,1463.3,2511.9,462.5
FLAKKEBJERG,2023-09-04,04,09,2023,247,12.7,23.3,18.2,0,1476.5,2530.1,462.5
FLAKKEBJERG,2023-09-05,05,09,2023,248,9.5,24.9,17.5,0,1489,2547.6,462.5
FLAKKEBJERG,2023-09-06,06,09,2023,249,10,25.8,17.8,0,1501.8,2565.4,462.5
FLAKKEBJERG,2023-09-07,07,09,2023,250,14.8,24.1,18.5,0,1515.3,2583.9,462.5
FLAKKEBJERG,2023-09-08,08,09,2023,251,14.5,26.3,19.7,0,1530,2603.6,462.5
FLAKKEBJERG,2023-09-09,09,09,2023,252,13.6,27.1,20.1,0,1545.1,2623.7,462.5
FLAKKEBJERG,2023-09-10,10,09,2023,253,12.7,18.7,16.1,0,1556.2,2639.8,462.5
FLAKKEBJERG,2023-09-11,11,09,2023,254,15.1,23.1,18.5,0,1569.7,2658.3,462.5
FLAKKEBJERG,2023-09-12,12,09,2023,255,15.5,22.2,18.7,1.1,1583.4,2677,463.6
FLAKKEBJERG,2023-09-13,13,09,2023,256,11.5,19.2,15.5,1,1593.9,2692.5,464.6
FLAKKEBJERG,2023-09-14,14,09,2023,257,8.2,17.3,13.1,0,1602,2705.6,464.6
FLAKKEBJERG,2023-09-15,15,09,2023,258,10.3,19.5,14.9,0,1611.9,2720.5,464.6
FLAKKEBJERG,2023-09-16,16,09,2023,259,11.8,22.4,16.8,0,1623.7,2737.3,464.6
FLAKKEBJERG,2023-09-17,17,09,2023,260,14.4,24.1,18.6,0,1637.3,2755.9,464.6
FLAKKEBJERG,2023-09-18,18,09,2023,261,16.8,23.5,19.4,3.3,1651.7,2775.3,467.9
FLAKKEBJERG,2023-09-19,19,09,2023,262,13.6,19,16.4,2.3,1663.1,2791.7,470.2
FLAKKEBJERG,2023-09-20,20,09,2023,263,16.1,20.2,17.9,0.9,1676,2809.6,471.1
FLAKKEBJERG,2023-09-21,21,09,2023,264,16.6,24.9,19.9,2,1690.9,2829.5,473.1
FLAKKEBJERG,2023-09-22,22,09,2023,265,11.8,20.1,16.1,4.9,1702,2845.6,478
FLAKKEBJERG,2023-09-23,23,09,2023,266,10.3,17.4,13.9,1.3,1710.9,2859.5,479.3
FLAKKEBJERG,2023-09-24,24,09,2023,267,9.6,17.6,13.8,0,1719.7,2873.3,479.3
FLAKKEBJERG,2023-09-25,25,09,2023,268,13,18.3,15.6,0,1730.3,2888.9,479.3
FLAKKEBJERG,2023-09-26,26,09,2023,269,8.9,20.2,14.6,0,1739.9,2903.5,479.3
FLAKKEBJERG,2023-09-27,27,09,2023,270,11.9,21.5,16.7,0,1751.6,2920.2,479.3
FLAKKEBJERG,2023-09-28,28,09,2023,271,13.5,20.9,17.5,0,1764.1,2937.7,479.3
FLAKKEBJERG,2023-09-29,29,09,2023,272,12.9,19.5,16.2,5,1775.3,2953.9,484.3
FLAKKEBJERG,2023-09-30,30,09,2023,273,12.9,17.8,14.9,0,1785.2,2968.8,484.3
FLAKKEBJERG,2023-10-01,01,10,2023,274,12.4,16.6,14.5,2,1794.7,2983.3,486.3
FLAKKEBJERG,2023-10-02,02,10,2023,275,15.6,18.7,16.9,1.1,1806.6,3000.2,487.4
FLAKKEBJERG,2023-10-03,03,10,2023,276,12.2,19.2,15.6,2.9,1817.2,3015.8,490.3
FLAKKEBJERG,2023-10-04,04,10,2023,277,11.8,16.8,14.1,0,1826.3,3029.9,490.3
FLAKKEBJERG,2023-10-05,05,10,2023,278,10.3,16.2,13.4,3.6,1834.7,3043.3,493.9
FLAKKEBJERG,2023-10-06,06,10,2023,279,10.2,16.9,14.5,5.5,1844.2,3057.8,499.4
FLAKKEBJERG,2023-10-07,07,10,2023,280,8.3,16.6,12.4,0,1851.6,3070.2,499.4
FLAKKEBJERG,2023-10-08,08,10,2023,281,3.5,12.7,8,0,1854.6,3078.2,499.4
FLAKKEBJERG,2023-10-09,09,10,2023,282,6.3,11.9,9.9,0.5,1859.5,3088.1,499.9
FLAKKEBJERG,2023-10-10,10,10,2023,283,7.5,15.8,12.3,0.7,1866.8,3100.4,500.6
FLAKKEBJERG,2023-10-11,11,10,2023,284,11.9,17.5,15.2,1,1877,3115.6,501.6
FLAKKEBJERG,2023-10-12,12,10,2023,285,5.1,14.1,11.3,0,1883.3,3126.9,501.6
FLAKKEBJERG,2023-10-13,13,10,2023,286,3.7,18,12.5,17.8,1890.8,3139.4,519.4
FLAKKEBJERG,2023-10-14,14,10,2023,287,8.6,14.9,11.1,6.1,1896.9,3150.5,525.5
FLAKKEBJERG,2023-10-15,15,10,2023,288,7.4,11.7,9,0,1900.9,3159.5,525.5
FLAKKEBJERG,2023-10-16,16,10,2023,289,3.1,10.5,7.1,0,1903,3166.6,525.5
FLAKKEBJERG,2023-10-17,17,10,2023,290,4.3,12.7,9,0,1907,3175.6,525.5
FLAKKEBJERG,2023-10-18,18,10,2023,291,5.5,14.2,9.2,0,1911.2,3184.8,525.5
FLAKKEBJERG,2023-10-19,19,10,2023,292,5.1,9,7.2,4.4,1913.4,3192,529.9
FLAKKEBJERG,2023-10-20,20,10,2023,293,4.4,6.9,5.4,10.9,1913.8,3197.4,540.8
FLAKKEBJERG,2023-10-21,21,10,2023,294,6.2,10,8.5,6.3,1917.3,3205.9,547.1
FLAKKEBJERG,2023-10-22,22,10,2023,295,8,14.4,10.9,2.2,1923.2,3216.8,549.3
FLAKKEBJERG,2023-10-23,23,10,2023,296,4.5,13,9.7,0,1927.9,3226.5,549.3
FLAKKEBJERG,2023-10-24,24,10,2023,297,4.1,11.3,8.4,9.3,1931.3,3234.9,558.6
FLAKKEBJERG,2023-10-25,25,10,2023,298,8.6,11.9,10,7.7,1936.3,3244.9,566.3
FLAKKEBJERG,2023-10-26,26,10,2023,299,6.4,8.9,7.6,1.8,1938.9,3252.5,568.1
FLAKKEBJERG,2023-10-27,27,10,2023,300,5.4,7.8,6.4,0.1,1940.3,3258.9,568.2
FLAKKEBJERG,2023-10-28,28,10,2023,301,5.2,8.2,6.6,0,1941.9,3265.5,568.2
FLAKKEBJERG,2023-10-29,29,10,2023,302,7.5,14.2,10.1,19.5,1947,3275.6,587.7
FLAKKEBJERG,2023-10-30,30,10,2023,303,9.1,13.1,10.9,1,1952.9,3286.5,588.7
FLAKKEBJERG,2023-10-31,31,10,2023,304,4.4,10.6,7.2,15,1955.1,3293.7,603.7
FLAKKEBJERG,2023-11-01,01,11,2023,305,-0.4,10.5,5.7,1.7,1955.8,3299.4,605.4
FLAKKEBJERG,2023-11-02,02,11,2023,306,8.7,12.1,10.5,0.4,1961.3,3309.9,605.8
FLAKKEBJERG,2023-11-03,03,11,2023,307,7.2,10.8,9.5,0,1965.8,3319.4,605.8
FLAKKEBJERG,2023-11-04,04,11,2023,308,6.9,9.2,8.2,0.2,1969,3327.6,606
FLAKKEBJERG,2023-11-05,05,11,2023,309,7.1,10.4,8.7,1.6,1972.7,3336.3,607.6
FLAKKEBJERG,2023-11-06,06,11,2023,310,8.5,11.5,9.8,3.9,1977.5,3346.1,611.5
FLAKKEBJERG,2023-11-07,07,11,2023,311,8.4,10.8,9.4,0.1,1981.9,3355.5,611.6
FLAKKEBJERG,2023-11-08,08,11,2023,312,8.3,11,9.2,3.3,1986.1,3364.7,614.9
FLAKKEBJERG,2023-11-09,09,11,2023,313,6.4,10.1,8.5,4.2,1989.6,3373.2,619.1
FLAKKEBJERG,2023-11-10,10,11,2023,314,6.1,8.5,7.5,8,1992.1,3380.7,627.1
FLAKKEBJERG,2023-11-11,11,11,2023,315,3.7,9.2,7.2,3.4,1994.3,3387.9,630.5
FLAKKEBJERG,2023-11-12,12,11,2023,316,4.1,8.4,6.2,1.1,1995.5,3394.1,631.6
FLAKKEBJERG,2023-11-13,13,11,2023,317,2.9,8.2,5.6,9.1,1996.1,3399.7,640.7
FLAKKEBJERG,2023-11-14,14,11,2023,318,4.9,10.1,7.2,9.4,1998.3,3406.9,650.1
FLAKKEBJERG,2023-11-15,15,11,2023,319,3.1,6.4,4.9,9.2,1998.3,3411.8,659.3
FLAKKEBJERG,2023-11-16,16,11,2023,320,1.9,8.4,4.3,12.3,1998.3,3416.1,671.6
FLAKKEBJERG,2023-11-17,17,11,2023,321,1.5,5.4,4.2,0.1,1998.3,3420.3,671.7
FLAKKEBJERG,2023-11-18,18,11,2023,322,-1.8,5.1,2.1,0,1998.3,3422.4,671.7
FLAKKEBJERG,2023-11-19,19,11,2023,323,3.4,6.4,4.9,19.5,1998.3,3427.3,691.2
FLAKKEBJERG,2023-11-20,20,11,2023,324,4.1,6.4,5.6,4.7,1998.9,3432.9,695.9
FLAKKEBJERG,2023-11-21,21,11,2023,325,-1.1,4.9,3,0,1998.9,3435.9,695.9
FLAKKEBJERG,2023-11-22,22,11,2023,326,-2.5,6.8,2.2,0,1998.9,3438.1,695.9
FLAKKEBJERG,2023-11-23,23,11,2023,327,5.4,12,8.8,7.6,2002.7,3446.9,703.5
FLAKKEBJERG,2023-11-24,24,11,2023,328,1.7,5.8,3.7,1.9,2002.7,3450.6,705.4
FLAKKEBJERG,2023-11-25,25,11,2023,329,-2.4,3.8,0.9,0,2002.7,3451.5,705.4
FLAKKEBJERG,2023-11-26,26,11,2023,330,-3.9,2.3,0,0,2002.7,3451.5,705.4
FLAKKEBJERG,2023-11-27,27,11,2023,331,-3,0.3,-1.1,0,2002.7,3451.5,705.4
FLAKKEBJERG,2023-11-28,28,11,2023,332,-7.8,-1.5,-4.8,0.1,2002.7,3451.5,705.5
FLAKKEBJERG,2023-11-29,29,11,2023,333,-8,-1.4,-3.6,0.5,2002.7,3451.5,706
FLAKKEBJERG,2023-11-30,30,11,2023,334,-4.8,0,-2.2,4.8,2002.7,3451.5,710.8
FLAKKEBJERG,2023-12-01,01,12,2023,335,-11.6,-1.1,-4.4,0.1,2002.7,3451.5,710.9
FLAKKEBJERG,2023-12-02,02,12,2023,336,-5.9,-1,-2.8,0,2002.7,3451.5,710.9
FLAKKEBJERG,2023-12-03,03,12,2023,337,-6.3,-0.4,-1.8,3.5,2002.7,3451.5,714.4
FLAKKEBJERG,2023-12-04,04,12,2023,338,-2.1,0,-1,1.3,2002.7,3451.5,715.7
FLAKKEBJERG,2023-12-05,05,12,2023,339,-1.6,2,0.2,0.8,2002.7,3451.7,716.5
FLAKKEBJERG,2023-12-06,06,12,2023,340,-0.3,1.2,0.4,5.8,2002.7,3452.1,722.3
FLAKKEBJERG,2023-12-07,07,12,2023,341,0.2,1.1,0.6,0,2002.7,3452.7,722.3
FLAKKEBJERG,2023-12-08,08,12,2023,342,0.1,1.7,0.8,0.2,2002.7,3453.5,722.5
FLAKKEBJERG,2023-12-09,09,12,2023,343,0.4,3.2,1.9,0.4,2002.7,3455.4,722.9
FLAKKEBJERG,2023-12-10,10,12,2023,344,2.3,4.6,3.1,6.1,2002.7,3458.5,729
FLAKKEBJERG,2023-12-11,11,12,2023,345,2.7,5.3,4.3,2.9,2002.7,3462.8,731.9
FLAKKEBJERG,2023-12-12,12,12,2023,346,1.2,3,1.8,0,2002.7,3464.6,731.9
FLAKKEBJERG,2023-12-13,13,12,2023,347,-0.3,1.7,0.5,0,2002.7,3465.1,731.9
FLAKKEBJERG,2023-12-14,14,12,2023,348,-0.7,2.6,0.4,0,2002.7,3465.5,731.9
FLAKKEBJERG,2023-12-15,15,12,2023,349,2.4,6.5,4.8,0.1,2002.7,3470.3,732
FLAKKEBJERG,2023-12-16,16,12,2023,350,5.4,9,7,0,2004.7,3477.3,732
FLAKKEBJERG,2023-12-17,17,12,2023,351,6.7,8.7,7.8,0,2007.5,3485.1,732
FLAKKEBJERG,2023-12-18,18,12,2023,352,6.7,8.4,7.6,0,2010.1,3492.7,732
FLAKKEBJERG,2023-12-19,19,12,2023,353,3.5,9.2,6.9,2.3,2012,3499.6,734.3
FLAKKEBJERG,2023-12-20,20,12,2023,354,3.1,5.4,4.3,4.3,2012,3503.9,738.6
FLAKKEBJERG,2023-12-21,21,12,2023,355,3.4,8.3,5.4,9.1,2012.4,3509.3,747.7
FLAKKEBJERG,2023-12-22,22,12,2023,356,1.2,4.5,3.2,0,2012.4,3512.5,747.7
FLAKKEBJERG,2023-12-23,23,12,2023,357,0.6,3.3,2.1,0,2012.4,3514.6,747.7
FLAKKEBJERG,2023-12-24,24,12,2023,358,0.5,9.5,5.2,5.6,2012.6,3519.8,753.3
FLAKKEBJERG,2023-12-25,25,12,2023,359,4.2,8.6,6.2,0.1,2013.8,3526,753.4
FLAKKEBJERG,2023-12-26,26,12,2023,360,3.2,7.6,5.2,3.3,2014,3531.2,756.7
FLAKKEBJERG,2023-12-27,27,12,2023,361,1.3,4.5,3,1.7,2014,3534.2,758.4
FLAKKEBJERG,2023-12-28,28,12,2023,362,3.4,9.3,7.1,10.7,2016.1,3541.3,769.1
FLAKKEBJERG,2023-12-29,29,12,2023,363,5.2,8.4,7.1,3.2,2018.2,3548.4,772.3
FLAKKEBJERG,2023-12-30,30,12,2023,364,2.5,6.6,4.9,0.8,2018.2,3553.3,773.1
FLAKKEBJERG,2023-12-31,31,12,2023,365,2.6,5.9,5.1,10.5,2018.3,3558.4,783.6
FLAKKEBJERG,2024-01-01,01,01,2024,1,4.8,6,5.4,6.1,0.4,5.4,6.1
FLAKKEBJERG,2024-01-02,02,01,2024,2,3.5,6.1,4.6,5.6,0.4,10,11.7
FLAKKEBJERG,2024-01-03,03,01,2024,3,0,3.6,2,21.1,0.4,12,32.8
FLAKKEBJERG,2024-01-04,04,01,2024,4,-8.6,0.2,-3.6,4,0.4,12,36.8
FLAKKEBJERG,2024-01-05,05,01,2024,5,-9,-3.5,-6.6,0,0.4,12,36.8
FLAKKEBJERG,2024-01-06,06,01,2024,6,-7.2,-3.3,-5,0,0.4,12,36.8
FLAKKEBJERG,2024-01-07,07,01,2024,7,-9.5,-4.6,-6.9,0,0.4,12,36.8
FLAKKEBJERG,2024-01-08,08,01,2024,8,-10.3,-3.1,-6.2,0,0.4,12,36.8
FLAKKEBJERG,2024-01-09,09,01,2024,9,-9.3,-0.5,-3.5,0,0.4,12,36.8
FLAKKEBJERG,2024-01-10,10,01,2024,10,-0.8,0.7,0.2,0,0.4,12.2,36.8
FLAKKEBJERG,2024-01-11,11,01,2024,11,-3.6,1.7,0.3,0,0.4,12.5,36.8
FLAKKEBJERG,2024-01-12,12,01,2024,12,-6.3,0.5,-2,0,0.4,12.5,36.8
FLAKKEBJERG,2024-01-13,13,01,2024,13,0.4,4.7,2.6,0.9,0.4,15.1,37.7
FLAKKEBJERG,2024-01-14,14,01,2024,14,0.6,3.7,2.2,0.5,0.4,17.3,38.2
FLAKKEBJERG,2024-01-15,15,01,2024,15,-6,1.3,-1.5,0.7,0.4,17.3,38.9
FLAKKEBJERG,2024-01-16,16,01,2024,16,-6.5,0.8,-2.8,0.2,0.4,17.3,39.1
FLAKKEBJERG,2024-01-17,17,01,2024,17,-4.5,0.7,-0.8,1.2,0.4,17.3,40.3
FLAKKEBJERG,2024-01-18,18,01,2024,18,-7.9,0.5,-2,0,0.4,17.3,40.3
FLAKKEBJERG,2024-01-19,19,01,2024,19,-1.5,3.4,0.8,2.7,0.4,18.1,43
FLAKKEBJERG,2024-01-20,20,01,2024,20,1.1,4.5,3.4,1.5,0.4,21.5,44.5
FLAKKEBJERG,2024-01-21,21,01,2024,21,0.6,3.5,2,0.1,0.4,23.5,44.6
FLAKKEBJERG,2024-01-22,22,01,2024,22,3,8.5,5.9,4.1,1.3,29.4,48.7
FLAKKEBJERG,2024-01-23,23,01,2024,23,3.7,7.6,5.4,3.2,1.7,34.8,51.9
FLAKKEBJERG,2024-01-24,24,01,2024,24,3.7,9,7.1,7,3.8,41.9,58.9
FLAKKEBJERG,2024-01-25,25,01,2024,25,1.6,6.9,5,0,3.8,46.9,58.9
FLAKKEBJERG,2024-01-26,26,01,2024,26,2.6,7.9,4.6,11.7,3.8,51.5,70.6
FLAKKEBJERG,2024-01-27,27,01,2024,27,3.4,6,5.1,0,3.9,56.6,70.6
FLAKKEBJERG,2024-01-28,28,01,2024,28,1,5.5,3.4,0,3.9,60,70.6
FLAKKEBJERG,2024-01-29,29,01,2024,29,1.5,6.6,3.4,0,3.9,63.4,70.6
FLAKKEBJERG,2024-01-30,30,01,2024,30,3.8,7.2,5.3,0.1,4.2,68.7,70.7
FLAKKEBJERG,2024-01-31,31,01,2024,31,2.5,6.2,4.5,0.6,4.2,73.2,71.3
FLAKKEBJERG,2024-02-01,01,02,2024,32,3.7,6.6,4.8,0.4,4.2,78,71.7
FLAKKEBJERG,2024-02-02,02,02,2024,33,3.3,7.5,5.5,3.5,4.7,83.5,75.2
FLAKKEBJERG,2024-02-03,03,02,2024,34,4.5,9,7,0,6.7,90.5,75.2
FLAKKEBJERG,2024-02-04,04,02,2024,35,4.3,7.4,6.2,0,7.9,96.7,75.2
FLAKKEBJERG,2024-02-05,05,02,2024,36,4.9,6.9,5.9,19.3,8.8,102.6,94.5
FLAKKEBJERG,2024-02-06,06,02,2024,37,3.9,7.9,6.5,21.1,10.3,109.1,115.60000000000001
FLAKKEBJERG,2024-02-07,07,02,2024,38,-0.8,4.8,2,4.7,10.3,111.1,120.3
FLAKKEBJERG,2024-02-08,08,02,2024,39,-1.6,4.1,1,0.9,10.3,112.1,121.2
FLAKKEBJERG,2024-02-09,09,02,2024,40,-0.5,1.2,0.3,8,10.3,112.4,129.2
FLAKKEBJERG,2024-02-10,10,02,2024,41,0.5,2.4,1.7,0,10.3,114.1,129.2
FLAKKEBJERG,2024-02-11,11,02,2024,42,1.3,3,2.1,3,10.3,116.2,132.2
FLAKKEBJERG,2024-02-12,12,02,2024,43,1.6,4.8,2.5,14.1,10.3,118.7,146.3
FLAKKEBJERG,2024-02-13,13,02,2024,44,2.7,6.6,4.5,0.1,10.3,123.2,146.4
FLAKKEBJERG,2024-02-14,14,02,2024,45,3.6,5.3,4.6,1.3,10.3,127.8,147.7
FLAKKEBJERG,2024-02-15,15,02,2024,46,4.8,9.9,7.6,1,12.9,135.4,148.7
FLAKKEBJERG,2024-02-16,16,02,2024,47,5.8,10.6,8.9,1,16.8,144.3,149.7
FLAKKEBJERG,2024-02-17,17,02,2024,48,-1.4,6.4,4.2,0,16.8,148.5,149.7
FLAKKEBJERG,2024-02-18,18,02,2024,49,-1.3,6.4,4,25.9,16.8,152.5,175.6
FLAKKEBJERG,2024-02-19,19,02,2024,50,3.3,8.6,5.9,3.1,17.7,158.4,178.7
FLAKKEBJERG,2024-02-20,20,02,2024,51,5.6,9,6.8,1.2,19.5,165.2,179.9
FLAKKEBJERG,2024-02-21,21,02,2024,52,5.5,8.9,6.9,1.3,21.4,172.1,181.2
FLAKKEBJERG,2024-02-22,22,02,2024,53,5.6,8.5,6.9,6.3,23.3,179,187.5
FLAKKEBJERG,2024-02-23,23,02,2024,54,3.4,9.7,6.2,3.3,24.5,185.2,190.8
FLAKKEBJERG,2024-02-24,24,02,2024,55,3.3,7.9,5.1,2,24.6,190.3,192.8
FLAKKEBJERG,2024-02-25,25,02,2024,56,2.3,5.8,4.1,2.2,24.6,194.4,195
FLAKKEBJERG,2024-02-26,26,02,2024,57,1.1,8,3.9,0,24.6,198.3,195
FLAKKEBJERG,2024-02-27,27,02,2024,58,0.8,4.5,2.8,0,24.6,201.1,195
FLAKKEBJERG,2024-02-28,28,02,2024,59,2.2,5,3.5,0.1,24.6,204.6,195.1
FLAKKEBJERG,2024-02-29,29,02,2024,60,3.5,8.1,5.7,0,25.3,210.3,195.1
FLAKKEBJERG,2024-03-01,01,03,2024,61,3.2,8.5,5.7,0,26,216,195.1
FLAKKEBJERG,2024-03-02,02,03,2024,62,4.5,10.5,7.1,0.1,28.1,223.1,195.2
FLAKKEBJERG,2024-03-03,03,03,2024,63,4.3,8.8,6.6,0.5,29.7,229.7,195.7
FLAKKEBJERG,2024-03-04,04,03,2024,64,2.3,8.5,5.2,0,29.9,234.9,195.7
FLAKKEBJERG,2024-03-05,05,03,2024,65,0.6,5.2,2.6,0.2,29.9,237.5,195.9
FLAKKEBJERG,2024-03-06,06,03,2024,66,0.3,6.2,3.3,0,29.9,240.8,195.9
FLAKKEBJERG,2024-03-07,07,03,2024,67,-1.1,3.6,1.1,0,29.9,241.9,195.9
FLAKKEBJERG,2024-03-08,08,03,2024,68,-2.5,6.9,0.8,0,29.9,242.7,195.9
FLAKKEBJERG,2024-03-09,09,03,2024,69,-0.1,4.8,1.8,0,29.9,244.5,195.9
FLAKKEBJERG,2024-03-10,10,03,2024,70,0.9,5.4,2.8,0.5,29.9,247.3,196.4
FLAKKEBJERG,2024-03-11,11,03,2024,71,2.6,6.3,3.8,0,29.9,251.1,196.4
FLAKKEBJERG,2024-03-12,12,03,2024,72,2.7,5.6,3.8,0,29.9,254.9,196.4
FLAKKEBJERG,2024-03-13,13,03,2024,73,3.3,10.3,6.7,0,31.6,261.6,196.4
FLAKKEBJERG,2024-03-14,14,03,2024,74,7,10.8,8.7,0.1,35.3,270.3,196.5
FLAKKEBJERG,2024-03-15,15,03,2024,75,6.9,11.6,9.3,1.6,39.6,279.6,198.1
FLAKKEBJERG,2024-03-16,16,03,2024,76,2.9,9.6,7.2,0.2,41.8,286.8,198.3
FLAKKEBJERG,2024-03-17,17,03,2024,77,-1.2,6.5,2.7,0,41.8,289.5,198.3
FLAKKEBJERG,2024-03-18,18,03,2024,78,-1.5,5.9,1.4,0,41.8,290.9,198.3
FLAKKEBJERG,2024-03-19,19,03,2024,79,-0.7,6.5,3.6,0,41.8,294.5,198.3
FLAKKEBJERG,2024-03-20,20,03,2024,80,5.1,10,6.9,0.5,43.7,301.4,198.8
FLAKKEBJERG,2024-03-21,21,03,2024,81,5.4,9.6,7.1,8.5,45.8,308.5,207.3
FLAKKEBJERG,2024-03-22,22,03,2024,82,4.3,10.3,7.3,1.1,48.1,315.8,208.4
FLAKKEBJERG,2024-03-23,23,03,2024,83,3.6,8.9,5.6,0.8,48.7,321.4,209.2
FLAKKEBJERG,2024-03-24,24,03,2024,84,3.5,7.5,5.3,2.6,49,326.7,211.8
FLAKKEBJERG,2024-03-25,25,03,2024,85,2.2,7.8,5.3,1.3,49.3,332,213.1
FLAKKEBJERG,2024-03-26,26,03,2024,86,0.5,10.1,5.5,0,49.8,337.5,213.1
FLAKKEBJERG,2024-03-27,27,03,2024,87,5.1,13.1,8.5,0,53.3,346,213.1
FLAKKEBJERG,2024-03-28,28,03,2024,88,5.1,12.1,7.5,7.7,55.8,353.5,220.8
FLAKKEBJERG,2024-03-29,29,03,2024,89,4.1,9.3,6.9,0.8,57.7,360.4,221.6
FLAKKEBJERG,2024-03-30,30,03,2024,90,4,12.9,8.4,0.2,61.1,368.8,221.8
FLAKKEBJERG,2024-03-31,31,03,2024,91,4.3,10.3,7.4,0,63.5,376.2,221.8
FLAKKEBJERG,2024-04-01,01,04,2024,92,3.8,8.9,6.8,12.3,65.3,383,234.1
FLAKKEBJERG,2024-04-02,02,04,2024,93,2.4,7.5,5.2,19.9,65.5,388.2,254
FLAKKEBJERG,2024-04-03,03,04,2024,94,1.1,5.4,2.7,0.2,65.5,390.9,254.2
FLAKKEBJERG,2024-04-04,04,04,2024,95,3,11,6.8,12.5,67.3,397.7,266.7
FLAKKEBJERG,2024-04-05,05,04,2024,96,6,12.1,8.9,8.9,71.2,406.6,275.6
FLAKKEBJERG,2024-04-06,06,04,2024,97,8.2,16.9,12.4,0,78.6,419,275.6
FLAKKEBJERG,2024-04-07,07,04,2024,98,11.2,16.2,13.5,1.2,87.1,432.5,276.8
FLAKKEBJERG,2024-04-08,08,04,2024,99,10.6,16.7,13.2,0.3,95.3,445.7,277.1
FLAKKEBJERG,2024-04-09,09,04,2024,100,9.7,18.3,11.8,1,102.1,457.5,278.1
FLAKKEBJERG,2024-04-10,10,04,2024,101,5.8,12,9.2,0,106.3,466.7,278.1
FLAKKEBJERG,2024-04-11,11,04,2024,102,5.6,12.4,9.7,1.4,111,476.4,279.5
FLAKKEBJERG,2024-04-12,12,04,2024,103,8.7,12.8,10.8,0.1,116.8,487.2,279.6
FLAKKEBJERG,2024-04-13,13,04,2024,104,7.7,15,11.3,0,123.1,498.5,279.6
FLAKKEBJERG,2024-04-14,14,04,2024,105,5.7,12.8,9.3,0,127.4,507.8,279.6
FLAKKEBJERG,2024-04-15,15,04,2024,106,4,10.9,7.3,1.8,129.7,515.1,281.4
FLAKKEBJERG,2024-04-16,16,04,2024,107,3.1,11.3,7.2,11.3,131.9,522.3,292.7
FLAKKEBJERG,2024-04-17,17,04,2024,108,1.9,10.4,5.9,0.3,132.8,528.2,293
FLAKKEBJERG,2024-04-18,18,04,2024,109,-0.7,10.3,5.7,0,133.5,533.9,293
FLAKKEBJERG,2024-04-19,19,04,2024,110,4.2,6.2,5.1,4.3,133.6,539,297.3
FLAKKEBJERG,2024-04-20,20,04,2024,111,0.3,8.2,4.6,0,133.6,543.6,297.3
FLAKKEBJERG,2024-04-21,21,04,2024,112,0.1,8.9,4.5,0,133.6,548.1,297.3
FLAKKEBJERG,2024-04-22,22,04,2024,113,-0.8,5.2,2.4,0,133.6,550.5,297.3
FLAKKEBJERG,2024-04-23,23,04,2024,114,-2.4,8.2,3.1,8.1,133.6,553.6,305.4
FLAKKEBJERG,2024-04-24,24,04,2024,115,3.5,8.3,5.3,3.3,133.9,558.9,308.7
FLAKKEBJERG,2024-04-25,25,04,2024,116,3.2,8.5,5,12.6,133.9,563.9,321.3
FLAKKEBJERG,2024-04-26,26,04,2024,117,2.6,8.1,5.4,12.3,134.3,569.3,333.6
FLAKKEBJERG,2024-04-27,27,04,2024,118,0.4,15.1,7.7,0,137,577,333.6
FLAKKEBJERG,2024-04-28,28,04,2024,119,7.5,19.6,14.1,0,146.1,591.1,333.6
FLAKKEBJERG,2024-04-29,29,04,2024,120,6.9,16.5,12.3,0,153.4,603.4,333.6
FLAKKEBJERG,2024-04-30,30,04,2024,121,9.3,19.3,14,0,162.4,617.4,333.6
FLAKKEBJERG,2024-05-01,01,05,2024,122,10.5,22.3,15.6,0,173,633,333.6
FLAKKEBJERG,2024-05-02,02,05,2024,123,11.7,21,15.9,0,183.9,648.9,333.6
FLAKKEBJERG,2024-05-03,03,05,2024,124,10.5,20,15.4,0,194.3,664.3,333.6
FLAKKEBJERG,2024-05-04,04,05,2024,125,8.6,16.1,12.3,0.8,201.6,676.6,334.4
FLAKKEBJERG,2024-05-05,05,05,2024,126,7.9,16.2,11.4,3.8,208,688,338.2
FLAKKEBJERG,2024-05-06,06,05,2024,127,9,14.2,11.3,1.8,214.3,699.3,340
FLAKKEBJERG,2024-05-07,07,05,2024,128,7.3,15.6,11.3,0.2,220.6,710.6,340.2
FLAKKEBJERG,2024-05-08,08,05,2024,129,4.7,17.2,11.3,0,226.9,721.9,340.2
FLAKKEBJERG,2024-05-09,09,05,2024,130,5.6,16.5,11.7,0,233.6,733.6,340.2
FLAKKEBJERG,2024-05-10,10,05,2024,131,9.7,16.8,12.5,0.2,241.1,746.1,340.4
FLAKKEBJERG,2024-05-11,11,05,2024,132,7,19.4,13.2,0,249.3,759.3,340.4
FLAKKEBJERG,2024-05-12,12,05,2024,133,6,17.8,12,0,256.3,771.3,340.4
FLAKKEBJERG,2024-05-13,13,05,2024,134,5.6,19.6,13.1,0,264.4,784.4,340.4
FLAKKEBJERG,2024-05-14,14,05,2024,135,7.8,21,14.9,0,274.3,799.3,340.4
FLAKKEBJERG,2024-05-15,15,05,2024,136,9.5,22.8,16.3,0,285.6,815.6,340.4
FLAKKEBJERG,2024-05-16,16,05,2024,137,10.6,20.3,15.8,0,296.4,831.4,340.4
FLAKKEBJERG,2024-05-17,17,05,2024,138,11.4,21.2,15.8,0,307.2,847.2,340.4
FLAKKEBJERG,2024-05-18,18,05,2024,139,9.4,22.9,16.5,0,318.7,863.7,340.4
FLAKKEBJERG,2024-05-19,19,05,2024,140,10.1,23.1,16.9,0,330.6,880.6,340.4
FLAKKEBJERG,2024-05-20,20,05,2024,141,9.5,22.8,16.8,0,342.4,897.4,340.4
FLAKKEBJERG,2024-05-21,21,05,2024,142,11.2,21.7,16.3,0,353.7,913.7,340.4
FLAKKEBJERG,2024-05-22,22,05,2024,143,13,24.9,18.5,0,367.2,932.2,340.4
FLAKKEBJERG,2024-05-23,23,05,2024,144,12.1,16,14.5,17.9,376.7,946.7,358.3
FLAKKEBJERG,2024-05-24,24,05,2024,145,9.8,19.1,15,0,386.7,961.7,358.3
FLAKKEBJERG,2024-05-25,25,05,2024,146,11.4,20.4,15.4,0,397.1,977.1,358.3
FLAKKEBJERG,2024-05-26,26,05,2024,147,11.8,22,16.7,0.7,408.8,993.8,359
FLAKKEBJERG,2024-05-27,27,05,2024,148,12.5,20.1,16.7,0.3,420.5,1010.5,359.3
FLAKKEBJERG,2024-05-28,28,05,2024,149,10.8,17.7,14,6.3,429.5,1024.5,365.6
FLAKKEBJERG,2024-05-29,29,05,2024,150,10.5,16.4,14,5.4,438.5,1038.5,371
FLAKKEBJERG,2024-05-30,30,05,2024,151,12.3,19.2,15.5,3.4,449,1054,374.4
FLAKKEBJERG,2024-05-31,31,05,2024,152,14.1,21.9,17.1,8.4,461.1,1071.1,382.8
FLAKKEBJERG,2024-06-01,01,06,2024,153,12.5,24.5,19.3,0,475.4,1090.4,382.8
FLAKKEBJERG,2024-06-02,02,06,2024,154,14.5,22.4,18,0,488.4,1108.4,382.8
FLAKKEBJERG,2024-06-03,03,06,2024,155,11.5,17.2,14.3,0,497.7,1122.7,382.8
FLAKKEBJERG,2024-06-04,04,06,2024,156,8.7,17.9,14,1.3,506.7,1136.7,384.1
FLAKKEBJERG,2024-06-05,05,06,2024,157,8.2,17.3,14.1,1.3,515.8,1150.8,385.4
FLAKKEBJERG,2024-06-06,06,06,2024,158,7.1,14,10.5,2.1,521.3,1161.3,387.5
FLAKKEBJERG,2024-06-07,07,06,2024,159,5.9,15.8,11.5,1.8,527.8,1172.8,389.3
FLAKKEBJERG,2024-06-08,08,06,2024,160,7.2,17.5,11.9,9.5,534.7,1184.7,398.8
FLAKKEBJERG,2024-06-09,09,06,2024,161,7.8,13.8,10.8,2.2,540.5,1195.5,401
FLAKKEBJERG,2024-06-10,10,06,2024,162,9.4,16.7,12.8,0,548.3,1208.3,401
FLAKKEBJERG,2024-06-11,11,06,2024,163,10,14.8,12.3,1.6,555.6,1220.6,402.6
FLAKKEBJERG,2024-06-12,12,06,2024,164,8.6,15.6,12,1.3,562.6,1232.6,403.9
FLAKKEBJERG,2024-06-13,13,06,2024,165,8.3,15.2,11.4,0,569,1244,403.9
FLAKKEBJERG,2024-06-14,14,06,2024,166,9,20,15.3,0,579.3,1259.3,403.9
FLAKKEBJERG,2024-06-15,15,06,2024,167,10.7,17.3,14.1,15.2,588.4,1273.4,419.1
FLAKKEBJERG,2024-06-16,16,06,2024,168,12.6,20,15.7,3.1,599.1,1289.1,422.2
FLAKKEBJERG,2024-06-17,17,06,2024,169,11.5,19.3,15.7,0.1,609.8,1304.8,422.3
FLAKKEBJERG,2024-06-18,18,06,2024,170,10.3,19.6,15.4,0,620.2,1320.2,422.3
FLAKKEBJERG,2024-06-19,19,06,2024,171,10.1,18.4,14.1,0,629.3,1334.3,422.3
FLAKKEBJERG,2024-06-20,20,06,2024,172,9,18.5,13.9,0,638.2,1348.2,422.3
FLAKKEBJERG,2024-06-21,21,06,2024,173,9.3,21.5,15.7,5.2,648.9,1363.9,427.5
FLAKKEBJERG,2024-06-22,22,06,2024,174,13.9,16.4,14.8,0.9,658.7,1378.7,428.4
FLAKKEBJERG,2024-06-23,23,06,2024,175,11.6,20.1,15.5,0,669.2,1394.2,428.4
FLAKKEBJERG,2024-06-24,24,06,2024,176,10.4,21.5,16.1,0,680.3,1410.3,428.4
FLAKKEBJERG,2024-06-25,25,06,2024,177,9.4,23.6,17.6,0,692.9,1427.9,428.4
FLAKKEBJERG,2024-06-26,26,06,2024,178,12.2,26.1,19.9,0,707.8,1447.8,428.4
FLAKKEBJERG,2024-06-27,27,06,2024,179,14.5,28.9,21.9,0,724.7,1469.7,428.4
FLAKKEBJERG,2024-06-28,28,06,2024,180,14.8,23.6,19.5,2.8,739.2,1489.2,431.2
FLAKKEBJERG,2024-06-29,29,06,2024,181,12.4,21.9,17.5,0,751.7,1506.7,431.2
FLAKKEBJERG,2024-06-30,30,06,2024,182,12.8,17.1,15.4,11.8,762.1,1522.1,443
FLAKKEBJERG,2024-07-01,01,07,2024,183,11.5,18.7,15.2,2.8,772.3,1537.3,445.8
FLAKKEBJERG,2024-07-02,02,07,2024,184,11.7,17.4,14.1,0.1,781.4,1551.4,445.9
FLAKKEBJERG,2024-07-03,03,07,2024,185,10.4,18.7,14.6,1.3,791,1566,447.2
FLAKKEBJERG,2024-07-04,04,07,2024,186,10.7,18.1,13.5,11.7,799.5,1579.5,458.9
FLAKKEBJERG,2024-07-05,05,07,2024,187,9.9,18,13.9,10.5,808.4,1593.4,469.4
FLAKKEBJERG,2024-07-06,06,07,2024,188,10.5,24.5,16.7,16.9,820.1,1610.1,486.3
FLAKKEBJERG,2024-07-07,07,07,2024,189,12.7,18.9,15.4,0.2,830.5,1625.5,486.5
FLAKKEBJERG,2024-07-08,08,07,2024,190,10.7,20.3,16.1,0.2,841.6,1641.6,486.7
FLAKKEBJERG,2024-07-09,09,07,2024,191,8,22,15.7,0,852.3,1657.3,486.7
FLAKKEBJERG,2024-07-10,10,07,2024,192,15.1,23.2,19.8,2.4,867.1,1677.1,489.1
FLAKKEBJERG,2024-07-11,11,07,2024,193,14,22.8,18.6,2.2,880.7,1695.7,491.3
FLAKKEBJERG,2024-07-12,12,07,2024,194,12,23.3,18.2,0,893.9,1713.9,491.3
FLAKKEBJERG,2024-07-13,13,07,2024,195,13.8,19.2,16.4,1.4,905.3,1730.3,492.7
FLAKKEBJERG,2024-07-14,14,07,2024,196,14,21.1,16.9,2.9,917.2,1747.2,495.6
FLAKKEBJERG,2024-07-15,15,07,2024,197,12.6,21.5,17.4,0,929.6,1764.6,495.6
FLAKKEBJERG,2024-07-16,16,07,2024,198,11.6,20.7,16.4,3.2,941,1781,498.8
FLAKKEBJERG,2024-07-17,17,07,2024,199,14.1,22.1,17.7,4,953.7,1798.7,502.8
FLAKKEBJERG,2024-07-18,18,07,2024,200,11.9,21.1,16.7,0,965.4,1815.4,502.8
FLAKKEBJERG,2024-07-19,19,07,2024,201,8.3,24.3,17.6,0,978,1833,502.8
FLAKKEBJERG,2024-07-20,20,07,2024,202,10.9,25.8,19.4,0,992.4,1852.4,502.8
FLAKKEBJERG,2024-07-21,21,07,2024,203,12.8,27.6,20.5,0,1007.9,1872.9,502.8
FLAKKEBJERG,2024-07-22,22,07,2024,204,13,19.9,17.7,15.3,1020.6,1890.6,518.1
FLAKKEBJERG,2024-07-23,23,07,2024,205,10.4,22.3,16.6,7.5,1032.2,1907.2,525.6
FLAKKEBJERG,2024-07-24,24,07,2024,206,12.8,21.6,17.1,0,1044.3,1924.3,525.6
FLAKKEBJERG,2024-07-25,25,07,2024,207,14,21.1,17.1,0,1056.4,1941.4,525.6
FLAKKEBJERG,2024-07-26,26,07,2024,208,16,20.4,17.5,6.9,1068.9,1958.9,532.5
FLAKKEBJERG,2024-07-27,27,07,2024,209,12.2,23,17.7,0,1081.6,1976.6,532.5
FLAKKEBJERG,2024-07-28,28,07,2024,210,13.4,22.3,17.7,0,1094.3,1994.3,532.5
FLAKKEBJERG,2024-07-29,29,07,2024,211,12.2,22.2,17.7,0,1107,2012,532.5
FLAKKEBJERG,2024-07-30,30,07,2024,212,9.6,24.2,17.7,0,1119.7,2029.7,532.5
FLAKKEBJERG,2024-07-31,31,07,2024,213,10.5,21.7,16.9,0,1131.6,2046.6,532.5
FLAKKEBJERG,2024-08-01,01,08,2024,214,9.1,21.3,15.8,0,1142.4,2062.4,532.5
FLAKKEBJERG,2024-08-02,02,08,2024,215,10.3,22,16.8,0,1154.2,2079.2,532.5
FLAKKEBJERG,2024-08-03,03,08,2024,216,14.5,23.4,18.9,0.5,1168.1,2098.1,533
FLAKKEBJERG,2024-08-04,04,08,2024,217,14.3,21.7,18.1,5.2,1181.2,2116.2,538.2
FLAKKEBJERG,2024-08-05,05,08,2024,218,11.7,22.7,17.3,0,1193.5,2133.5,538.2
FLAKKEBJERG,2024-08-06,06,08,2024,219,10.7,24.6,18.6,0,1207.1,2152.1,538.2
FLAKKEBJERG,2024-08-07,07,08,2024,220,15.9,26.5,20.8,3.8,1222.9,2172.9,542
FLAKKEBJERG,2024-08-08,08,08,2024,221,13.9,22.9,18.4,0.1,1236.3,2191.3,542.1
FLAKKEBJERG,2024-08-09,09,08,2024,222,12.5,21.9,17.7,5.2,1249,2209,547.3
FLAKKEBJERG,2024-08-10,10,08,2024,223,15.6,22.9,18.8,0,1262.8,2227.8,547.3
FLAKKEBJERG,2024-08-11,11,08,2024,224,13.2,21.9,17.9,0,1275.7,2245.7,547.3
FLAKKEBJERG,2024-08-12,12,08,2024,225,10.8,22.1,16.4,0,1287.1,2262.1,547.3
FLAKKEBJERG,2024-08-13,13,08,2024,226,11.2,24.9,18.5,0,1300.6,2280.6,547.3
FLAKKEBJERG,2024-08-14,14,08,2024,227,16.2,28.1,21.7,0,1317.3,2302.3,547.3
FLAKKEBJERG,2024-08-15,15,08,2024,228,15.3,24.8,20,0,1332.3,2322.3,547.3
FLAKKEBJERG,2024-08-16,16,08,2024,229,13.7,21,18.8,1.3,1346.1,2341.1,548.6
FLAKKEBJERG,2024-08-17,17,08,2024,230,9.7,20.1,15.8,0,1356.9,2356.9,548.6
FLAKKEBJERG,2024-08-18,18,08,2024,231,7.2,20.4,14.9,0,1366.8,2371.8,548.6
FLAKKEBJERG,2024-08-19,19,08,2024,232,9.9,21.1,15.8,0,1377.6,2387.6,548.6
FLAKKEBJERG,2024-08-20,20,08,2024,233,10.8,23.9,18.1,0,1390.7,2405.7,548.6
FLAKKEBJERG,2024-08-21,21,08,2024,234,14.3,20.2,16.9,3.6,1402.6,2422.6,552.2
FLAKKEBJERG,2024-08-22,22,08,2024,235,13.2,19.1,16.4,0.8,1414,2439,553
FLAKKEBJERG,2024-08-23,23,08,2024,236,14.9,21.2,18.4,1,1427.4,2457.4,554
FLAKKEBJERG,2024-08-24,24,08,2024,237,10.8,26.2,19.3,0,1441.7,2476.7,554
FLAKKEBJERG,2024-08-25,25,08,2024,238,12.2,21.8,17.2,5.9,1453.9,2493.9,559.9
FLAKKEBJERG,2024-08-26,26,08,2024,239,12.8,20.7,16.9,0,1465.8,2510.8,559.9
FLAKKEBJERG,2024-08-27,27,08,2024,240,12.7,22.9,18,0,1478.8,2528.8,559.9
FLAKKEBJERG,2024-08-28,28,08,2024,241,13.9,26.7,20.1,0,1493.9,2548.9,559.9
FLAKKEBJERG,2024-08-29,29,08,2024,242,18,29.2,22.9,1.8,1511.8,2571.8,561.7
FLAKKEBJERG,2024-08-30,30,08,2024,243,13.3,20.9,17.4,0,1524.2,2589.2,561.7
FLAKKEBJERG,2024-08-31,31,08,2024,244,10.3,19.8,15.1,0,1534.3,2604.3,561.7
FLAKKEBJERG,2024-09-01,01,09,2024,245,7.8,21.3,14.7,0,1544,2619,561.7
FLAKKEBJERG,2024-09-02,02,09,2024,246,9.7,22.8,16.4,0,1555.4,2635.4,561.7
FLAKKEBJERG,2024-09-03,03,09,2024,247,14.5,27,20.5,2.2,1570.9,2655.9,563.9
FLAKKEBJERG,2024-09-04,04,09,2024,248,16.9,25.9,20.9,2.3,1586.8,2676.8,566.2
FLAKKEBJERG,2024-09-05,05,09,2024,249,17.8,27.9,22.1,0,1603.9,2698.9,566.2
FLAKKEBJERG,2024-09-06,06,09,2024,250,17.9,27.1,21.6,0,1620.5,2720.5,566.2
FLAKKEBJERG,2024-09-07,07,09,2024,251,17.1,27.2,21.1,0,1636.6,2741.6,566.2
FLAKKEBJERG,2024-09-08,08,09,2024,252,17.4,29.1,22.4,0,1654,2764,566.2
FLAKKEBJERG,2024-09-09,09,09,2024,253,16.2,19.7,17.6,22.8,1666.6,2781.6,589
FLAKKEBJERG,2024-09-10,10,09,2024,254,12.7,17.2,15.1,1.2,1676.7,2796.7,590.2
FLAKKEBJERG,2024-09-11,11,09,2024,255,9.8,15.1,12.4,8.2,1684.1,2809.1,598.4
FLAKKEBJERG,2024-09-12,12,09,2024,256,7,14.8,11.1,2.3,1690.2,2820.2,600.7
FLAKKEBJERG,2024-09-13,13,09,2024,257,5.9,15.4,11.4,0,1696.6,2831.6,600.7
FLAKKEBJERG,2024-09-14,14,09,2024,258,9.8,16.6,12.7,0,1704.3,2844.3,600.7
FLAKKEBJERG,2024-09-15,15,09,2024,259,6.4,17.4,11.9,0,1711.2,2856.2,600.7
FLAKKEBJERG,2024-09-16,16,09,2024,260,4.6,19.9,11.9,0,1718.1,2868.1,600.7
FLAKKEBJERG,2024-09-17,17,09,2024,261,9.4,20.9,14.9,0,1728,2883,600.7
FLAKKEBJERG,2024-09-18,18,09,2024,262,10.2,21.4,14.6,0,1737.6,2897.6,600.7
FLAKKEBJERG,2024-09-19,19,09,2024,263,9.6,20.1,14.9,0,1747.5,2912.5,600.7
FLAKKEBJERG,2024-09-20,20,09,2024,264,12.8,22.2,16.9,0,1759.4,2929.4,600.7
FLAKKEBJERG,2024-09-21,21,09,2024,265,12.1,22.6,16,0,1770.4,2945.4,600.7
FLAKKEBJERG,2024-09-22,22,09,2024,266,11.2,22.9,16.3,0,1781.7,2961.7,600.7
FLAKKEBJERG,2024-09-23,23,09,2024,267,12,23,16.6,0,1793.3,2978.3,600.7
FLAKKEBJERG,2024-09-24,24,09,2024,268,14.1,17.8,15.7,2.9,1804,2994,603.6
FLAKKEBJERG,2024-09-25,25,09,2024,269,11.4,15.5,14.1,5.3,1813.1,3008.1,608.9
FLAKKEBJERG,2024-09-26,26,09,2024,270,9,16.8,13.5,16.5,1821.6,3021.6,625.4
FLAKKEBJERG,2024-09-27,27,09,2024,271,11.2,15.4,14.1,5.9,1830.7,3035.7,631.3
FLAKKEBJERG,2024-09-28,28,09,2024,272,8.7,12.6,10.6,0.1,1836.3,3046.3,631.4
FLAKKEBJERG,2024-09-29,29,09,2024,273,6.1,14.1,10,0,1841.3,3056.3,631.4
FLAKKEBJERG,2024-09-30,30,09,2024,274,5.5,14.5,10.4,0,1846.7,3066.7,631.4
FLAKKEBJERG,2024-10-01,01,10,2024,275,9.4,13.4,11.5,0,1853.2,3078.2,631.4
FLAKKEBJERG,2024-10-02,02,10,2024,276,6.2,14,9.5,0,1857.7,3087.7,631.4
FLAKKEBJERG,2024-10-03,03,10,2024,277,5.1,14.3,9.6,0,1862.3,3097.3,631.4
FLAKKEBJERG,2024-10-04,04,10,2024,278,2.5,15.6,8.6,0,1865.9,3105.9,631.4
FLAKKEBJERG,2024-10-05,05,10,2024,279,1.7,16,7.7,0,1868.6,3113.6,631.4
FLAKKEBJERG,2024-10-06,06,10,2024,280,1.7,14.7,8.3,0.1,1871.9,3121.9,631.5
FLAKKEBJERG,2024-10-07,07,10,2024,281,9.1,12.1,10.8,1.1,1877.7,3132.7,632.6
FLAKKEBJERG,2024-10-08,08,10,2024,282,8.3,14.9,12.4,5.1,1885.1,3145.1,637.7
FLAKKEBJERG,2024-10-09,09,10,2024,283,11.6,14.5,13,9.1,1893.1,3158.1,646.8
FLAKKEBJERG,2024-10-10,10,10,2024,284,8.7,13.8,11.8,14.5,1899.9,3169.9,661.3
FLAKKEBJERG,2024-10-11,11,10,2024,285,7,12.4,9.5,0.2,1904.4,3179.4,661.5
FLAKKEBJERG,2024-10-12,12,10,2024,286,6.5,12.2,9.9,0,1909.3,3189.3,661.5
FLAKKEBJERG,2024-10-13,13,10,2024,287,8.4,12.1,10,4.5,1914.3,3199.3,666
FLAKKEBJERG,2024-10-14,14,10,2024,288,5.5,11.4,9.8,2.6,1919.1,3209.1,668.6
FLAKKEBJERG,2024-10-15,15,10,2024,289,3.6,13.1,7.8,0,1921.9,3216.9,668.6
FLAKKEBJERG,2024-10-16,16,10,2024,290,4.2,12.3,8.6,0,1925.5,3225.5,668.6
FLAKKEBJERG,2024-10-17,17,10,2024,291,8.7,12.9,10.8,0.2,1931.3,3236.3,668.8
FLAKKEBJERG,2024-10-18,18,10,2024,292,10.3,15.7,12.7,0,1939,3249,668.8
FLAKKEBJERG,2024-10-19,19,10,2024,293,8.3,14.2,11.9,0,1945.9,3260.9,668.8
FLAKKEBJERG,2024-10-20,20,10,2024,294,11.6,15.9,13.9,0.2,1954.8,3274.8,669
FLAKKEBJERG,2024-10-21,21,10,2024,295,11.7,15.1,13.9,0,1963.7,3288.7,669
FLAKKEBJERG,2024-10-22,22,10,2024,296,8.7,14.5,11.8,10.2,1970.5,3300.5,679.2
FLAKKEBJERG,2024-10-23,23,10,2024,297,8.1,14.5,11,0,1976.5,3311.5,679.2
FLAKKEBJERG,2024-10-24,24,10,2024,298,5.8,10.1,8.5,0,1980,3320,679.2
FLAKKEBJERG,2024-10-25,25,10,2024,299,8.1,13.7,10.6,0,1985.6,3330.6,679.2
FLAKKEBJERG,2024-10-26,26,10,2024,300,7,14.8,11.1,0,1991.7,3341.7,679.2
FLAKKEBJERG,2024-10-27,27,10,2024,301,7.1,12.8,10.8,1.8,1997.5,3352.5,681
FLAKKEBJERG,2024-10-28,28,10,2024,302,5.7,12.4,10.4,4.3,2002.9,3362.9,685.3
FLAKKEBJERG,2024-10-29,29,10,2024,303,11.5,13.9,12.6,1.2,2010.5,3375.5,686.5
FLAKKEBJERG,2024-10-30,30,10,2024,304,8.2,12.7,11,0,2016.5,3386.5,686.5
FLAKKEBJERG,2024-10-31,31,10,2024,305,7.8,12.9,11.3,0,2022.8,3397.8,686.5
FLAKKEBJERG,2024-11-01,01,11,2024,306,12.2,13.2,12.6,0,2030.4,3410.4,686.5
FLAKKEBJERG,2024-11-02,02,11,2024,307,1.5,9.6,5.4,0,2030.8,3415.8,686.5
FLAKKEBJERG,2024-11-03,03,11,2024,308,2.8,12,9.3,0,2035.1,3425.1,686.5
FLAKKEBJERG,2024-11-04,04,11,2024,309,8.8,11.2,10,0,2040.1,3435.1,686.5
FLAKKEBJERG,2024-11-05,05,11,2024,310,7.6,9.8,9,0,2044.1,3444.1,686.5
FLAKKEBJERG,2024-11-06,06,11,2024,311,6.8,8.4,7.6,0,2046.7,3451.7,686.5
FLAKKEBJERG,2024-11-07,07,11,2024,312,6.6,10.1,8.6,0,2050.3,3460.3,686.5
FLAKKEBJERG,2024-11-08,08,11,2024,313,6.2,10.2,8.3,0.1,2053.6,3468.6,686.6
FLAKKEBJERG,2024-11-09,09,11,2024,314,4.9,6.6,5.6,0,2054.2,3474.2,686.6
FLAKKEBJERG,2024-11-10,10,11,2024,315,4.1,8.1,5.7,0,2054.9,3479.9,686.6
FLAKKEBJERG,2024-11-11,11,11,2024,316,7,9,8.2,0.1,2058.1,3488.1,686.7
FLAKKEBJERG,2024-11-12,12,11,2024,317,4.9,9,7,0.2,2060.1,3495.1,686.9
FLAKKEBJERG,2024-11-13,13,11,2024,318,4.2,9.7,7.3,0.3,2062.4,3502.4,687.2
FLAKKEBJERG,2024-11-14,14,11,2024,319,2.7,10.4,7.4,0,2064.8,3509.8,687.2
FLAKKEBJERG,2024-11-15,15,11,2024,320,3.1,11.5,8.8,0,2068.6,3518.6,687.2
FLAKKEBJERG,2024-11-16,16,11,2024,321,6.9,10.2,9.2,1.4,2072.8,3527.8,688.6
FLAKKEBJERG,2024-11-17,17,11,2024,322,3.9,8.2,6.3,0,2074.1,3534.1,688.6
FLAKKEBJERG,2024-11-18,18,11,2024,323,2.8,7.1,4.8,0.8,2074.1,3538.9,689.4
FLAKKEBJERG,2024-11-19,19,11,2024,324,-0.3,3.2,1.7,3.9,2074.1,3540.6,693.3
FLAKKEBJERG,2024-11-20,20,11,2024,325,-1.1,3.8,0.7,0.7,2074.1,3541.3,694
FLAKKEBJERG,2024-11-21,21,11,2024,326,-5.4,1.5,-0.7,4.8,2074.1,3541.3,698.8
FLAKKEBJERG,2024-11-22,22,11,2024,327,-6.1,1.9,-2,8,2074.1,3541.3,706.8
FLAKKEBJERG,2024-11-23,23,11,2024,328,-0.9,4.5,2.6,3.2,2074.1,3543.9,710
FLAKKEBJERG,2024-11-24,24,11,2024,329,2.4,13.1,8,7.6,2077.1,3551.9,717.6
FLAKKEBJERG,2024-11-25,25,11,2024,330,8.5,13,11.3,0.9,2083.4,3563.2,718.5
FLAKKEBJERG,2024-11-26,26,11,2024,331,5.9,9.2,7.7,0,2086.1,3570.9,718.5
FLAKKEBJERG,2024-11-27,27,11,2024,332,4.1,7.5,5.7,8.3,2086.8,3576.6,726.8
FLAKKEBJERG,2024-11-28,28,11,2024,333,4,6.2,5.3,8.1,2087.1,3581.9,734.9
FLAKKEBJERG,2024-11-29,29,11,2024,334,3.2,5.1,4.2,0,2087.1,3586.1,734.9
FLAKKEBJERG,2024-11-30,30,11,2024,335,2.3,5.2,3.8,0.2,2087.1,3589.9,735.1
FLAKKEBJERG,2024-12-01,01,12,2024,336,1.7,5.6,3.6,0,2087.1,3593.5,735.1
FLAKKEBJERG,2024-12-02,02,12,2024,337,3.1,8,6.3,0.8,2088.4,3599.8,735.9
FLAKKEBJERG,2024-12-03,03,12,2024,338,3.8,8.2,6.1,0.1,2089.5,3605.9,736
FLAKKEBJERG,2024-12-04,04,12,2024,339,-0.9,4.4,2.8,0,2089.5,3608.7,736
FLAKKEBJERG,2024-12-05,05,12,2024,340,-1.4,4.9,2.6,0.9,2089.5,3611.3,736.9
FLAKKEBJERG,2024-12-06,06,12,2024,341,2.2,4.1,3.4,1.1,2089.5,3614.7,738
FLAKKEBJERG,2024-12-07,07,12,2024,342,3.3,5.4,4.4,3.6,2089.5,3619.1,741.6
FLAKKEBJERG,2024-12-08,08,12,2024,343,3.6,6.5,5.2,2.8,2089.7,3624.3,744.4
FLAKKEBJERG,2024-12-09,09,12,2024,344,2.8,4.8,3.8,0,2089.7,3628.1,744.4
FLAKKEBJERG,2024-12-10,10,12,2024,345,-0.7,3.5,1.8,0,2089.7,3629.9,744.4
FLAKKEBJERG,2024-12-11,11,12,2024,346,-0.3,4.1,2.1,0.2,2089.7,3632,744.6
FLAKKEBJERG,2024-12-12,12,12,2024,347,1.6,4.2,2.8,0,2089.7,3634.8,744.6
FLAKKEBJERG,2024-12-13,13,12,2024,348,1,3.6,2.6,0,2089.7,3637.4,744.6
FLAKKEBJERG,2024-12-14,14,12,2024,349,-0.2,4.9,2.5,1.2,2089.7,3639.9,745.8
FLAKKEBJERG,2024-12-15,15,12,2024,350,2.7,10.1,5.9,2.8,2090.6,3645.8,748.6
FLAKKEBJERG,2024-12-16,16,12,2024,351,8.2,10.8,9.3,0.5,2094.9,3655.1,749.1
FLAKKEBJERG,2024-12-17,17,12,2024,352,7.4,9.6,8.6,0.1,2098.5,3663.7,749.2
FLAKKEBJERG,2024-12-18,18,12,2024,353,6,10.4,7.7,3.3,2101.2,3671.4,752.5
FLAKKEBJERG,2024-12-19,19,12,2024,354,4.9,10.1,7.2,9.4,2103.4,3678.6,761.9
FLAKKEBJERG,2024-12-20,20,12,2024,355,3.9,6,5.2,0.1,2103.6,3683.8,762
FLAKKEBJERG,2024-12-21,21,12,2024,356,5.1,7.4,6.3,3.6,2104.9,3690.1,765.6
FLAKKEBJERG,2024-12-22,22,12,2024,357,3.4,7.5,5.2,0.6,2105.1,3695.3,766.2
FLAKKEBJERG,2024-12-23,23,12,2024,358,3.6,6.1,4.9,4.2,2105.1,3700.2,770.4
FLAKKEBJERG,2024-12-24,24,12,2024,359,3.1,5.7,4.5,0.2,2105.1,3704.7,770.6
FLAKKEBJERG,2024-12-25,25,12,2024,360,4.9,7.8,6.5,0,2106.6,3711.2,770.6
FLAKKEBJERG,2024-12-26,26,12,2024,361,5.5,7.4,6.6,0,2108.2,3717.8,770.6
FLAKKEBJERG,2024-12-27,27,12,2024,362,3.6,5.9,4.9,0,2108.2,3722.7,770.6
FLAKKEBJERG,2024-12-28,28,12,2024,363,2.4,4.1,3.4,0,2108.2,3726.1,770.6
FLAKKEBJERG,2024-12-29,29,12,2024,364,2.4,7.3,5.3,0,2108.5,3731.4,770.6
FLAKKEBJERG,2024-12-30,30,12,2024,365,6.8,8.5,7.7,0.5,2111.2,3739.1,771.1
FLAKKEBJERG,2024-12-31,31,12,2024,366,4.5,8.8,6.5,1.7,2112.7,3745.6,772.8
FLAKKEBJERG,2025-01-01,01,01,2025,1,4.5,8.3,7.1,8.4,2.1,7.1,8.4
FLAKKEBJERG,2025-01-02,02,01,2025,2,0.5,4.6,2,0.4,2.1,9.1,8.8
FLAKKEBJERG,2025-01-03,03,01,2025,3,-0.4,2.2,0.9,0.5,2.1,10,9.3
FLAKKEBJERG,2025-01-04,04,01,2025,4,-4.3,2.1,-0.1,0.2,2.1,10,9.5
FLAKKEBJERG,2025-01-05,05,01,2025,5,-0.7,1.6,0.6,1.3,2.1,10.6,10.8
FLAKKEBJERG,2025-01-06,06,01,2025,6,-0.5,9.3,4.4,14.1,2.1,15,24.9
FLAKKEBJERG,2025-01-07,07,01,2025,7,0.8,5.9,4.4,3.9,2.1,19.4,28.8
FLAKKEBJERG,2025-01-08,08,01,2025,8,2.4,5.3,3.8,0,2.1,23.2,28.8
FLAKKEBJERG,2025-01-09,09,01,2025,9,0.1,3.5,2.3,0,2.1,25.5,28.8
FLAKKEBJERG,2025-01-10,10,01,2025,10,-0.5,2,0.6,0.5,2.1,26.1,29.3
FLAKKEBJERG,2025-01-11,11,01,2025,11,-0.3,2.1,0.8,0,2.1,26.9,29.3
FLAKKEBJERG,2025-01-12,12,01,2025,12,-5.2,2.4,-0.2,0,2.1,26.9,29.3
FLAKKEBJERG,2025-01-13,13,01,2025,13,-5.8,2.7,-0.6,0,2.1,26.9,29.3
FLAKKEBJERG,2025-01-14,14,01,2025,14,2,7.1,4.5,0,2.1,31.4,29.3
FLAKKEBJERG,2025-01-15,15,01,2025,15,2.1,6.3,3.8,0,2.1,35.2,29.3
FLAKKEBJERG,2025-01-16,16,01,2025,16,3.8,5.7,4.9,0,2.1,40.1,29.3
FLAKKEBJERG,2025-01-17,17,01,2025,17,2.5,5.1,3.5,0,2.1,43.6,29.3
FLAKKEBJERG,2025-01-18,18,01,2025,18,1.6,4.5,3.5,0,2.1,47.1,29.3
FLAKKEBJERG,2025-01-19,19,01,2025,19,-1.9,1.9,-0.6,0,2.1,47.1,29.3
FLAKKEBJERG,2025-01-20,20,01,2025,20,-0.5,4.9,1.5,0,2.1,48.6,29.3
FLAKKEBJERG,2025-01-21,21,01,2025,21,1.1,2.3,1.8,0,2.1,50.4,29.3
FLAKKEBJERG,2025-01-22,22,01,2025,22,0.5,3,1.5,0.1,2.1,51.9,29.4
FLAKKEBJERG,2025-01-23,23,01,2025,23,1.2,5.3,3.2,10,2.1,55.1,39.4
FLAKKEBJERG,2025-01-24,24,01,2025,24,2.9,6.3,4.5,2,2.1,59.6,41.4
FLAKKEBJERG,2025-01-25,25,01,2025,25,1.4,6.4,4.7,0.6,2.1,64.3,42
FLAKKEBJERG,2025-01-26,26,01,2025,26,1.1,3.4,2.1,0.2,2.1,66.4,42.2
FLAKKEBJERG,2025-01-27,27,01,2025,27,1.3,8.1,4.5,7,2.1,70.9,49.2
FLAKKEBJERG,2025-01-28,28,01,2025,28,1.8,7.6,5.1,0,2.2,76,49.2
FLAKKEBJERG,2025-01-29,29,01,2025,29,0.6,6.6,3.6,0.6,2.2,79.6,49.8
FLAKKEBJERG,2025-01-30,30,01,2025,30,3.5,6.7,5.1,0,2.3,84.7,49.8
FLAKKEBJERG,2025-01-31,31,01,2025,31,0.7,4.2,2.6,0,2.3,87.3,49.8
FLAKKEBJERG,2025-02-01,01,02,2025,32,-1.3,4.8,3.3,0.6,2.3,90.6,50.4
FLAKKEBJERG,2025-02-02,02,02,2025,33,-1.6,3.2,0.7,0,2.3,91.3,50.4
FLAKKEBJERG,2025-02-03,03,02,2025,34,-1.8,2.8,0.1,0,2.3,91.4,50.4
FLAKKEBJERG,2025-02-04,04,02,2025,35,-0.2,3.1,1.8,0,2.3,93.2,50.4
FLAKKEBJERG,2025-02-05,05,02,2025,36,2,8.4,4.5,0,2.3,97.7,50.4
FLAKKEBJERG,2025-02-06,06,02,2025,37,0.1,7.2,2.8,0,2.3,100.5,50.4
FLAKKEBJERG,2025-02-07,07,02,2025,38,-0.7,3.4,1.9,0.4,2.3,102.4,50.8
FLAKKEBJERG,2025-02-08,08,02,2025,39,0.3,2.3,1.3,0.4,2.3,103.7,51.2
FLAKKEBJERG,2025-02-09,09,02,2025,40,-0.2,2.7,1.5,0,2.3,105.2,51.2
FLAKKEBJERG,2025-02-10,10,02,2025,41,0.6,2.5,1.4,0,2.3,106.6,51.2
FLAKKEBJERG,2025-02-11,11,02,2025,42,0,3.1,1.1,0,2.3,107.7,51.2
FLAKKEBJERG,2025-02-12,12,02,2025,43,-1.1,0.5,-0.2,0.1,2.3,107.7,51.3
FLAKKEBJERG,2025-02-13,13,02,2025,44,-2.2,0.5,-0.7,0.2,2.3,107.7,51.5
FLAKKEBJERG,2025-02-14,14,02,2025,45,-2.7,2.3,-0.6,0,2.3,107.7,51.5
FLAKKEBJERG,2025-02-15,15,02,2025,46,-3,1.3,-0.7,0.1,2.3,107.7,51.6
FLAKKEBJERG,2025-02-16,16,02,2025,47,-8,-1.6,-4.8,0,2.3,107.7,51.6
FLAKKEBJERG,2025-02-17,17,02,2025,48,-8.5,0.4,-3.5,0,2.3,107.7,51.6
FLAKKEBJERG,2025-02-18,18,02,2025,49,-5.8,2.8,-1.7,0,2.3,107.7,51.6
FLAKKEBJERG,2025-02-19,19,02,2025,50,-7.2,3.6,-1.9,0,2.3,107.7,51.6
FLAKKEBJERG,2025-02-20,20,02,2025,51,-3,2.5,0.1,0,2.3,107.8,51.6
FLAKKEBJERG,2025-02-21,21,02,2025,52,0.6,6.4,3.3,2.8,2.3,111.1,54.4
FLAKKEBJERG,2025-02-22,22,02,2025,53,2.5,7.3,5.2,0,2.5,116.3,54.4
FLAKKEBJERG,2025-02-23,23,02,2025,54,3.8,6.5,5.2,0.2,2.7,121.5,54.6
FLAKKEBJERG,2025-02-24,24,02,2025,55,3.7,9,6.7,2.4,4.4,128.2,57
FLAKKEBJERG,2025-02-25,25,02,2025,56,3.2,8.8,6.2,0,5.6,134.4,57
FLAKKEBJERG,2025-02-26,26,02,2025,57,2.2,6.7,4.5,1.9,5.6,138.9,58.9
FLAKKEBJERG,2025-02-27,27,02,2025,58,1.7,5.1,3.5,0.4,5.6,142.4,59.3
FLAKKEBJERG,2025-02-28,28,02,2025,59,0.3,4.9,3.1,0.4,5.6,145.5,59.7
FLAKKEBJERG,2025-03-01,01,03,2025,60,-0.3,6.5,1.8,0,5.6,147.3,59.7
FLAKKEBJERG,2025-03-02,02,03,2025,61,1.7,9.1,5.5,0,6.1,152.8,59.7
FLAKKEBJERG,2025-03-03,03,03,2025,62,3.2,9.6,6,0,7.1,158.8,59.7
FLAKKEBJERG,2025-03-04,04,03,2025,63,4.2,10.3,6.4,0,8.5,165.2,59.7
FLAKKEBJERG,2025-03-05,05,03,2025,64,4,10.2,6.5,0,10,171.7,59.7
FLAKKEBJERG,2025-03-06,06,03,2025,65,2.5,11.4,6.7,0,11.7,178.4,59.7
FLAKKEBJERG,2025-03-07,07,03,2025,66,0.1,12.7,6.4,0,13.1,184.8,59.7
FLAKKEBJERG,2025-03-08,08,03,2025,67,1.2,17.2,8.4,0,16.5,193.2,59.7
FLAKKEBJERG,2025-03-09,09,03,2025,68,2.8,14,7.9,0,19.4,201.1,59.7
FLAKKEBJERG,2025-03-10,10,03,2025,69,1.3,13,5.6,0,20,206.7,59.7
FLAKKEBJERG,2025-03-11,11,03,2025,70,2.6,4.1,3.4,4.5,20,210.1,64.2
FLAKKEBJERG,2025-03-12,12,03,2025,71,1.6,7,3.9,0.5,20,214,64.7
FLAKKEBJERG,2025-03-13,13,03,2025,72,-0.2,6.3,3,0,20,217,64.7
FLAKKEBJERG,2025-03-14,14,03,2025,73,-1.6,4.1,1.3,0.2,20,218.3,64.9
FLAKKEBJERG,2025-03-15,15,03,2025,74,-3.4,6.3,1.5,0,20,219.8,64.9
FLAKKEBJERG,2025-03-16,16,03,2025,75,0.2,9.5,4.2,0,20,224,64.9
FLAKKEBJERG,2025-03-17,17,03,2025,76,-3.1,5.4,1.6,0,20,225.6,64.9
FLAKKEBJERG,2025-03-18,18,03,2025,77,0.2,6.7,3.7,0,20,229.3,64.9
FLAKKEBJERG,2025-03-19,19,03,2025,78,-2.6,8.4,3.5,0,20,232.8,64.9
FLAKKEBJERG,2025-03-20,20,03,2025,79,-3.2,13.6,5.4,0,20.4,238.2,64.9
FLAKKEBJERG,2025-03-21,21,03,2025,80,1.2,12.6,5.9,0,21.3,244.1,64.9
FLAKKEBJERG,2025-03-22,22,03,2025,81,1.6,11.1,5.9,0,22.2,250,64.9
FLAKKEBJERG,2025-03-23,23,03,2025,82,3.6,10.7,7.1,0,24.3,257.1,64.9
FLAKKEBJERG,2025-03-24,24,03,2025,83,1.2,13.1,6.5,0,25.8,263.6,64.9
FLAKKEBJERG,2025-03-25,25,03,2025,84,-1,8.5,5.2,0.8,26,268.8,65.7
FLAKKEBJERG,2025-03-26,26,03,2025,85,2.6,12.3,7.6,0,28.6,276.4,65.7
FLAKKEBJERG,2025-03-27,27,03,2025,86,1.5,10.3,7.2,0,30.8,283.6,65.7
FLAKKEBJERG,2025-03-28,28,03,2025,87,3.8,14.8,8.9,0,34.7,292.5,65.7
FLAKKEBJERG,2025-03-29,29,03,2025,88,2.7,12.1,7.5,0,37.2,300,65.7
FLAKKEBJERG,2025-03-30,30,03,2025,89,3.6,10,6.9,4.2,39.1,306.9,69.9
FLAKKEBJERG,2025-03-31,31,03,2025,90,3.1,10.5,7,0,41.1,313.9,69.9
FLAKKEBJERG,2025-04-01,01,04,2025,91,1,14.8,8,0,44.1,321.9,69.9
FLAKKEBJERG,2025-04-02,02,04,2025,92,2.1,15.9,8.9,0,48,330.8,69.9
FLAKKEBJERG,2025-04-03,03,04,2025,93,1.7,17.8,9.8,0,52.8,340.6,69.9
FLAKKEBJERG,2025-04-04,04,04,2025,94,2.7,13.8,7.8,0,55.6,348.4,69.9
FLAKKEBJERG,2025-04-05,05,04,2025,95,1.6,9.6,5.9,0,56.5,354.3,69.9
FLAKKEBJERG,2025-04-06,06,04,2025,96,-2.6,9,4.4,0,56.5,358.7,69.9
FLAKKEBJERG,2025-04-07,07,04,2025,97,-0.3,12.2,6,0,57.5,364.7,69.9
FLAKKEBJERG,2025-04-08,08,04,2025,98,1,12.9,7.2,0,59.7,371.9,69.9
FLAKKEBJERG,2025-04-09,09,04,2025,99,0.6,11.2,6.3,0,61,378.2,69.9
FLAKKEBJERG,2025-04-10,10,04,2025,100,-0.3,14.2,7.6,0,63.6,385.8,69.9
FLAKKEBJERG,2025-04-11,11,04,2025,101,6.3,14.2,9.6,0,68.2,395.4,69.9
FLAKKEBJERG,2025-04-12,12,04,2025,102,5.6,14.3,9.4,0,72.6,404.8,69.9
FLAKKEBJERG,2025-04-13,13,04,2025,103,5.8,16.4,10.7,0.6,78.3,415.5,70.5
FLAKKEBJERG,2025-04-14,14,04,2025,104,4.2,14.6,9.2,0.1,82.5,424.7,70.6
FLAKKEBJERG,2025-04-15,15,04,2025,105,3.8,19.2,11.6,0.6,89.1,436.3,71.2
FLAKKEBJERG,2025-04-16,16,04,2025,106,10.9,19.7,15.1,0.1,99.2,451.4,71.3
FLAKKEBJERG,2025-04-17,17,04,2025,107,9.1,19.2,13.4,0,107.6,464.8,71.3
FLAKKEBJERG,2025-04-18,18,04,2025,108,9.1,11.4,10,0.6,112.6,474.8,71.9
FLAKKEBJERG,2025-04-19,19,04,2025,109,7.2,9.7,8.2,8.4,115.8,483,80.3
FLAKKEBJERG,2025-04-20,20,04,2025,110,7.2,9.8,8.3,5.5,119.1,491.3,85.8
FLAKKEBJERG,2025-04-21,21,04,2025,111,8.3,13.3,10,0.1,124.1,501.3,85.9
FLAKKEBJERG,2025-04-22,22,04,2025,112,7.9,12.7,10.1,1.2,129.2,511.4,87.1
FLAKKEBJERG,2025-04-23,23,04,2025,113,5.5,14.4,9.9,0,134.1,521.3,87.1
FLAKKEBJERG,2025-04-24,24,04,2025,114,4.4,15.3,9.4,0,138.5,530.7,87.1
FLAKKEBJERG,2025-04-25,25,04,2025,115,5.6,13.6,8.6,0,142.1,539.3,87.1
FLAKKEBJERG,2025-04-26,26,04,2025,116,2.4,15.1,9.2,0,146.3,548.5,87.1
FLAKKEBJERG,2025-04-27,27,04,2025,117,4.3,14.6,9.9,0,151.2,558.4,87.1
FLAKKEBJERG,2025-04-28,28,04,2025,118,1.2,17.7,10.9,0,157.1,569.3,87.1
FLAKKEBJERG,2025-04-29,29,04,2025,119,8,17.9,12.7,0,164.8,582,87.1
FLAKKEBJERG,2025-04-30,30,04,2025,120,7.9,19.1,13.1,0,172.9,595.1,87.1
FLAKKEBJERG,2025-05-01,01,05,2025,121,5.4,20,14,0,181.9,609.1,87.1
FLAKKEBJERG,2025-05-02,02,05,2025,122,8.8,16.5,13.2,0,190.1,622.3,87.1
FLAKKEBJERG,2025-05-03,03,05,2025,123,6.1,13.5,9.6,3.7,194.7,631.9,90.8
FLAKKEBJERG,2025-05-04,04,05,2025,124,4.5,11.9,8.3,1.2,198,640.2,92
FLAKKEBJERG,2025-05-05,05,05,2025,125,0.7,12.5,7.7,0,200.7,647.9,92
FLAKKEBJERG,2025-05-06,06,05,2025,126,5.4,15.1,10.4,0,206.1,658.3,92
FLAKKEBJERG,2025-05-07,07,05,2025,127,2.5,15.7,10.1,0,211.2,668.4,92
FLAKKEBJERG,2025-05-08,08,05,2025,128,2.8,16.5,10.1,0,216.3,678.5,92
FLAKKEBJERG,2025-05-09,09,05,2025,129,3.3,16.8,10.5,0,221.8,689,92
FLAKKEBJERG,2025-05-10,10,05,2025,130,6.9,14.3,11.1,0,227.9,700.1,92
FLAKKEBJERG,2025-05-11,11,05,2025,131,4.3,15.1,9.8,0,232.7,709.9,92
FLAKKEBJERG,2025-05-12,12,05,2025,132,2.5,15.6,9.4,0,237.1,719.3,92
FLAKKEBJERG,2025-05-13,13,05,2025,133,4.1,19.7,12.9,0,245,732.2,92
FLAKKEBJERG,2025-05-14,14,05,2025,134,7.5,17,11.3,0,251.3,743.5,92
FLAKKEBJERG,2025-05-15,15,05,2025,135,4.6,15,10.5,0,256.8,754,92
FLAKKEBJERG,2025-05-16,16,05,2025,136,5,17.3,12.7,0,264.5,766.7,92
FLAKKEBJERG,2025-05-17,17,05,2025,137,8.7,17,12.4,0.4,271.9,779.1,92.4
FLAKKEBJERG,2025-05-18,18,05,2025,138,7.8,15.9,12.5,0,279.4,791.6,92.4
FLAKKEBJERG,2025-05-19,19,05,2025,139,8.5,20.3,14.5,0.1,288.9,806.1,92.5
FLAKKEBJERG,2025-05-20,20,05,2025,140,5.6,21.8,14.5,0,298.4,820.6,92.5
FLAKKEBJERG,2025-05-21,21,05,2025,141,7.2,16.2,12.3,2.4,305.7,832.9,94.9
FLAKKEBJERG,2025-05-22,22,05,2025,142,3.7,10.4,7.4,12.5,308.1,840.3,107.4
FLAKKEBJERG,2025-05-23,23,05,2025,143,4.5,13.2,8.3,8.7,311.4,848.6,116.1
FLAKKEBJERG,2025-05-24,24,05,2025,144,6.3,14.8,10.6,4.5,317,859.2,120.6
FLAKKEBJERG,2025-05-25,25,05,2025,145,10.6,15.9,12.9,11.4,324.9,872.1,132
FLAKKEBJERG,2025-05-26,26,05,2025,146,8.6,17.2,12.7,5.3,332.6,884.8,137.3
FLAKKEBJERG,2025-05-27,27,05,2025,147,7.5,16.3,12.7,1.9,340.3,897.5,139.2
FLAKKEBJERG,2025-05-28,28,05,2025,148,10.2,15.5,12.2,3.9,347.5,909.7,143.1
FLAKKEBJERG,2025-05-29,29,05,2025,149,8.5,15.8,12.6,1.3,355.1,922.3,144.4
FLAKKEBJERG,2025-05-30,30,05,2025,150,12.3,18.5,15.2,3.6,365.3,937.5,148
FLAKKEBJERG,2025-05-31,31,05,2025,151,11.5,19,15,0,375.3,952.5,148
FLAKKEBJERG,2025-06-01,01,06,2025,152,10.8,21,16.2,0.2,386.5,968.7,148.2
FLAKKEBJERG,2025-06-02,02,06,2025,153,10,18.4,14,0.1,395.5,982.7,148.3
FLAKKEBJERG,2025-06-03,03,06,2025,154,5.6,18.5,13.3,0,403.8,996,148.3
FLAKKEBJERG,2025-06-04,04,06,2025,155,10.6,20.6,15.8,2,414.6,1011.8,150.3
FLAKKEBJERG,2025-06-05,05,06,2025,156,6.8,18.4,13.7,0.1,423.3,1025.5,150.4
FLAKKEBJERG,2025-06-06,06,06,2025,157,11.5,17.4,14.4,11.2,432.7,1039.9,161.6
FLAKKEBJERG,2025-06-07,07,06,2025,158,9.3,16.4,13.1,0.5,440.8,1053,162.1
FLAKKEBJERG,2025-06-08,08,06,2025,159,9.8,14.2,12,12.5,447.8,1065,174.6
FLAKKEBJERG,2025-06-09,09,06,2025,160,9,16.1,12.2,0.3,455,1077.2,174.9
FLAKKEBJERG,2025-06-10,10,06,2025,161,10.6,14.4,12.8,11,462.8,1090,185.9
FLAKKEBJERG,2025-06-11,11,06,2025,162,7.7,17.7,13.5,0,471.3,1103.5,185.9
FLAKKEBJERG,2025-06-12,12,06,2025,163,6.3,20.6,14.7,0.2,481,1118.2,186.1
FLAKKEBJERG,2025-06-13,13,06,2025,164,9.8,19.2,14.9,0,490.9,1133.1,186.1
FLAKKEBJERG,2025-06-14,14,06,2025,165,9.5,22.5,16.5,0,502.4,1149.6,186.1
FLAKKEBJERG,2025-06-15,15,06,2025,166,11.6,24.1,17.2,3,514.6,1166.8,189.1
FLAKKEBJERG,2025-06-16,16,06,2025,167,12.4,21.2,16.2,0,525.8,1183,189.1
FLAKKEBJERG,2025-06-17,17,06,2025,168,11.7,21.8,17,0,537.8,1200,189.1
FLAKKEBJERG,2025-06-18,18,06,2025,169,13.6,21.4,17,0,549.8,1217,189.1
FLAKKEBJERG,2025-06-19,19,06,2025,170,11.4,18.2,14.9,0,559.7,1231.9,189.1
FLAKKEBJERG,2025-06-20,20,06,2025,171,9.9,20,15.1,0,569.8,1247,189.1
FLAKKEBJERG,2025-06-21,21,06,2025,172,9,24.5,17.2,0,582,1264.2,189.1
FLAKKEBJERG,2025-06-22,22,06,2025,173,10.4,26.5,19.4,0,596.4,1283.6,189.1
FLAKKEBJERG,2025-06-23,23,06,2025,174,12.6,19.4,16.2,3.2,607.6,1299.8,192.3
FLAKKEBJERG,2025-06-24,24,06,2025,175,12.8,17.7,14.8,3.3,617.4,1314.6,195.6
FLAKKEBJERG,2025-06-25,25,06,2025,176,10.7,20.1,16.2,0.1,628.6,1330.8,195.7
FLAKKEBJERG,2025-06-26,26,06,2025,177,6.7,21.1,14.7,9.6,638.3,1345.5,205.3
FLAKKEBJERG,2025-06-27,27,06,2025,178,14.2,20.6,17,0.5,650.3,1362.5,205.8
FLAKKEBJERG,2025-06-28,28,06,2025,179,14,22.8,18.1,0,663.4,1380.6,205.8
FLAKKEBJERG,2025-06-29,29,06,2025,180,13.9,20.9,18,0,676.4,1398.6,205.8
FLAKKEBJERG,2025-06-30,30,06,2025,181,11.9,21.2,16.3,0,687.7,1414.9,205.8
FLAKKEBJERG,2025-07-01,01,07,2025,182,8.9,25.6,18.7,0,701.4,1433.6,205.8
FLAKKEBJERG,2025-07-02,02,07,2025,183,13,31.2,22.7,11.6,719.1,1456.3,217.4
FLAKKEBJERG,2025-07-03,03,07,2025,184,12.7,19.7,16.8,0.7,730.9,1473.1,218.1
FLAKKEBJERG,2025-07-04,04,07,2025,185,10,20.6,15.7,0.4,741.6,1488.8,218.5
FLAKKEBJERG,2025-07-05,05,07,2025,186,14.5,18.7,16.2,5.9,752.8,1505,224.4
FLAKKEBJERG,2025-07-06,06,07,2025,187,15.3,22,17.9,1.7,765.7,1522.9,226.1
FLAKKEBJERG,2025-07-07,07,07,2025,188,13.4,20.3,16.6,12.9,777.3,1539.5,239
FLAKKEBJERG,2025-07-08,08,07,2025,189,11.1,20.3,15.2,5,787.5,1554.7,244
FLAKKEBJERG,2025-07-09,09,07,2025,190,12.5,20.9,16.8,0,799.3,1571.5,244
FLAKKEBJERG,2025-07-10,10,07,2025,191,11.7,22.1,17.4,0,811.7,1588.9,244
FLAKKEBJERG,2025-07-11,11,07,2025,192,12.3,21.5,17.1,0.4,823.8,1606,244.4
FLAKKEBJERG,2025-07-12,12,07,2025,193,14.1,21.1,17.7,0.5,836.5,1623.7,244.9
FLAKKEBJERG,2025-07-13,13,07,2025,194,13.5,22.5,17.8,0.9,849.3,1641.5,245.8
FLAKKEBJERG,2025-07-14,14,07,2025,195,14.9,23.3,18.6,0,862.9,1660.1,245.8
FLAKKEBJERG,2025-07-15,15,07,2025,196,12.7,23.5,17.1,3.4,875,1677.2,249.2
FLAKKEBJERG,2025-07-16,16,07,2025,197,13.7,21.2,16.9,0,886.9,1694.1,249.2
FLAKKEBJERG,2025-07-17,17,07,2025,198,16.2,25.6,20.3,1.5,902.2,1714.4,250.7
FLAKKEBJERG,2025-07-18,18,07,2025,199,14.9,26.2,20.7,2,917.9,1735.1,252.7
FLAKKEBJERG,2025-07-19,19,07,2025,200,13.8,27.6,21.3,0,934.2,1756.4,252.7
FLAKKEBJERG,2025-07-20,20,07,2025,201,14.7,27.6,21.7,0,950.9,1778.1,252.7
FLAKKEBJERG,2025-07-21,21,07,2025,202,16.1,21.7,19.2,22.4,965.1,1797.3,275.1
FLAKKEBJERG,2025-07-22,22,07,2025,203,15.7,18.5,17.1,110.9,977.2,1814.4,386
FLAKKEBJERG,2025-07-23,23,07,2025,204,16,21,18.3,0.5,990.5,1832.7,386.5
FLAKKEBJERG,2025-07-24,24,07,2025,205,13.2,25.9,19.8,0,1005.3,1852.5,386.5
FLAKKEBJERG,2025-07-25,25,07,2025,206,15.4,21.9,19,0,1019.3,1871.5,386.5
FLAKKEBJERG,2025-07-26,26,07,2025,207,16.6,22.9,19.3,0,1033.6,1890.8,386.5
FLAKKEBJERG,2025-07-27,27,07,2025,208,14.2,21.8,18.4,0,1047,1909.2,386.5
FLAKKEBJERG,2025-07-28,28,07,2025,209,12.8,22.8,18.2,0,1060.2,1927.4,386.5
FLAKKEBJERG,2025-07-29,29,07,2025,210,14.1,22.2,17.6,0.6,1072.8,1945,387.1
FLAKKEBJERG,2025-07-30,30,07,2025,211,13.6,19.6,15.6,29.2,1083.4,1960.6,416.3
FLAKKEBJERG,2025-07-31,31,07,2025,212,13.9,21.5,17,1.7,1095.4,1977.6,418
FLAKKEBJERG,2025-08-01,01,08,2025,213,11.7,20.7,16.1,30.9,1106.5,1993.7,448.9
FLAKKEBJERG,2025-08-02,02,08,2025,214,13.5,23.3,17.7,0.5,1119.2,2011.4,449.4
FLAKKEBJERG,2025-08-03,03,08,2025,215,14.8,18.1,16.1,13.6,1130.3,2027.5,463
FLAKKEBJERG,2025-08-04,04,08,2025,216,14.8,22.4,17.5,4.4,1142.8,2045,467.4
FLAKKEBJERG,2025-08-05,05,08,2025,217,13.8,21,16.9,1.5,1154.7,2061.9,468.9
FLAKKEBJERG,2025-08-06,06,08,2025,218,12.8,20.3,16.2,0.1,1165.9,2078.1,469
FLAKKEBJERG,2025-08-07,07,08,2025,219,13.4,21.6,17.2,0.1,1178.1,2095.3,469.1
FLAKKEBJERG,2025-08-08,08,08,2025,220,12.8,24.5,19.1,0,1192.2,2114.4,469.1
FLAKKEBJERG,2025-08-09,09,08,2025,221,11,23.2,17.8,0,1205,2132.2,469.1
FLAKKEBJERG,2025-08-10,10,08,2025,222,12.6,21.3,16.9,0,1216.9,2149.1,469.1
FLAKKEBJERG,2025-08-11,11,08,2025,223,8.1,20.8,15.4,0,1227.3,2164.5,469.1
FLAKKEBJERG,2025-08-12,12,08,2025,224,11.4,22.5,17.6,0,1239.9,2182.1,469.1
FLAKKEBJERG,2025-08-13,13,08,2025,225,14.1,27.1,20.4,0,1255.3,2202.5,469.1
FLAKKEBJERG,2025-08-14,14,08,2025,226,16.4,29.3,21.9,0,1272.2,2224.4,469.1
FLAKKEBJERG,2025-08-15,15,08,2025,227,15.1,25.9,21,0,1288.2,2245.4,469.1
FLAKKEBJERG,2025-08-16,16,08,2025,228,14.4,21.2,17.5,0,1300.7,2262.9,469.1
FLAKKEBJERG,2025-08-17,17,08,2025,229,11.4,22.5,16.9,0,1312.6,2279.8,469.1
FLAKKEBJERG,2025-08-18,18,08,2025,230,10,23.7,17.4,0,1325,2297.2,469.1
FLAKKEBJERG,2025-08-19,19,08,2025,231,11.2,22.5,16.7,0,1336.7,2313.9,469.1
FLAKKEBJERG,2025-08-20,20,08,2025,232,8.2,21.2,15.9,0,1347.6,2329.8,469.1
FLAKKEBJERG,2025-08-21,21,08,2025,233,7,18.9,13.4,0,1356,2343.2,469.1
FLAKKEBJERG,2025-08-22,22,08,2025,234,8.1,17.9,13.6,0.1,1364.6,2356.8,469.2
FLAKKEBJERG,2025-08-23,23,08,2025,235,7.7,17.2,12.5,6.7,1372.1,2369.3,475.9
FLAKKEBJERG,2025-08-24,24,08,2025,236,5.9,19.4,14,0,1381.1,2383.3,475.9
FLAKKEBJERG,2025-08-25,25,08,2025,237,13,19.2,15.4,0,1391.5,2398.7,475.9
FLAKKEBJERG,2025-08-26,26,08,2025,238,7.8,19.7,14.6,0,1401.1,2413.3,475.9
FLAKKEBJERG,2025-08-27,27,08,2025,239,13.4,23.1,18.1,0,1414.2,2431.4,475.9
FLAKKEBJERG,2025-08-28,28,08,2025,240,12,23.2,17.5,0.1,1426.7,2448.9,476
FLAKKEBJERG,2025-08-29,29,08,2025,241,11,20.7,17.4,0,1439.1,2466.3,476
FLAKKEBJERG,2025-08-30,30,08,2025,242,10.2,22,16.5,0,1450.6,2482.8,476
FLAKKEBJERG,2025-08-31,31,08,2025,243,11.6,24.2,18.3,0,1463.9,2501.1,476
FLAKKEBJERG,2025-09-01,01,09,2025,244,14.7,25.2,19.5,0.9,1478.4,2520.6,476.9
FLAKKEBJERG,2025-09-02,02,09,2025,245,11.4,20.8,16.4,0,1489.8,2537,476.9
FLAKKEBJERG,2025-09-03,03,09,2025,246,10.3,22.9,18.1,0,1502.9,2555.1,476.9
FLAKKEBJERG,2025-09-04,04,09,2025,247,13.7,22.6,19.3,0,1517.2,2574.4,476.9
FLAKKEBJERG,2025-09-05,05,09,2025,248,13.7,20,16.5,9.9,1528.7,2590.9,486.8
FLAKKEBJERG,2025-09-06,06,09,2025,249,10.2,20.3,15.4,0,1539.1,2606.3,486.8
FLAKKEBJERG,2025-09-07,07,09,2025,250,8.5,21,14.6,0,1548.7,2620.9,486.8
FLAKKEBJERG,2025-09-08,08,09,2025,251,10.1,21.7,16.2,0,1559.9,2637.1,486.8
FLAKKEBJERG,2025-09-09,09,09,2025,252,12.2,22.9,17,0,1571.9,2654.1,486.8
FLAKKEBJERG,2025-09-10,10,09,2025,253,15.3,20.9,17.7,8.6,1584.6,2671.8,495.4
FLAKKEBJERG,2025-09-11,11,09,2025,254,11.5,20.3,16.3,0.8,1595.9,2688.1,496.2
FLAKKEBJERG,2025-09-12,12,09,2025,255,11.2,17.8,14.7,6.2,1605.6,2702.8,502.4
FLAKKEBJERG,2025-09-13,13,09,2025,256,10.7,18.9,14.7,1.1,1615.3,2717.5,503.5
FLAKKEBJERG,2025-09-14,14,09,2025,257,10,17.1,14.1,0.6,1624.4,2731.6,504.1
FLAKKEBJERG,2025-09-15,15,09,2025,258,10.7,19.4,15,4.5,1634.4,2746.6,508.6
FLAKKEBJERG,2025-09-16,16,09,2025,259,12.5,18.2,15.1,7.7,1644.5,2761.7,516.3
FLAKKEBJERG,2025-09-17,17,09,2025,260,13.1,18.2,15.2,0,1654.7,2776.9,516.3
FLAKKEBJERG,2025-09-18,18,09,2025,261,13.8,20.4,16.9,3.7,1666.6,2793.8,520
FLAKKEBJERG,2025-09-19,19,09,2025,262,15.7,20.6,17.9,0,1679.5,2811.7,520
FLAKKEBJERG,2025-09-20,20,09,2025,263,13.7,22.9,17.9,1.9,1692.4,2829.6,521.9
FLAKKEBJERG,2025-09-21,21,09,2025,264,11,19.4,15.9,1.8,1703.3,2845.5,523.7
FLAKKEBJERG,2025-09-22,22,09,2025,265,9.7,14.2,11.8,0.3,1710.1,2857.3,524
FLAKKEBJERG,2025-09-23,23,09,2025,266,5,16.2,10.5,1.6,1715.6,2867.8,525.6
FLAKKEBJERG,2025-09-24,24,09,2025,267,4.1,16.5,9.9,0,1720.5,2877.7,525.6
FLAKKEBJERG,2025-09-25,25,09,2025,268,4.8,16.2,10.8,0,1726.3,2888.5,525.6
FLAKKEBJERG,2025-09-26,26,09,2025,269,8.5,16.3,12.1,0,1733.4,2900.6,525.6
FLAKKEBJERG,2025-09-27,27,09,2025,270,8.6,16.9,12.5,0,1740.9,2913.1,525.6
FLAKKEBJERG,2025-09-28,28,09,2025,271,7.6,17.1,11.9,0,1747.8,2925,525.6
FLAKKEBJERG,2025-09-29,29,09,2025,272,8.7,14.5,12.1,0,1754.9,2937.1,525.6
FLAKKEBJERG,2025-09-30,30,09,2025,273,6.3,14.5,10.3,0.2,1760.2,2947.4,525.8
FLAKKEBJERG,2025-10-01,01,10,2025,274,5.1,14.4,9.7,0,1764.9,2957.1,525.8
FLAKKEBJERG,2025-10-02,02,10,2025,275,3.2,14.3,8.7,0,1768.6,2965.8,525.8
FLAKKEBJERG,2025-10-03,03,10,2025,276,5.8,14.6,10.5,0,1774.1,2976.3,525.8
FLAKKEBJERG,2025-10-04,04,10,2025,277,8.7,11.8,10.3,35.9,1779.4,2986.6,561.7
FLAKKEBJERG,2025-10-05,05,10,2025,278,10.3,14.1,11.9,3.8,1786.3,2998.5,565.5
FLAKKEBJERG,2025-10-06,06,10,2025,279,9.1,15,12.4,0,1793.7,3010.9,565.5
FLAKKEBJERG,2025-10-07,07,10,2025,280,9.5,14.4,13,6.8,1801.7,3023.9,572.3
FLAKKEBJERG,2025-10-08,08,10,2025,281,10.9,15.5,13.1,0.3,1809.8,3037,572.6
FLAKKEBJERG,2025-10-09,09,10,2025,282,7.3,14.3,11.8,0,1816.6,3048.8,572.6
FLAKKEBJERG,2025-10-10,10,10,2025,283,11.1,14.7,13.2,0,1824.8,3062,572.6
FLAKKEBJERG,2025-10-11,11,10,2025,284,11.6,13.8,12.9,0,1832.7,3074.9,572.6
FLAKKEBJERG,2025-10-12,12,10,2025,285,8.4,16.6,12.9,0.3,1840.6,3087.8,572.9
FLAKKEBJERG,2025-10-13,13,10,2025,286,3.2,14.6,9.5,0,1845.1,3097.3,572.9
FLAKKEBJERG,2025-10-14,14,10,2025,287,6.3,15,11.9,0.2,1852,3109.2,573.1
FLAKKEBJERG,2025-10-15,15,10,2025,288,7,13.2,10.5,0.4,1857.5,3119.7,573.5
FLAKKEBJERG,2025-10-16,16,10,2025,289,9.3,14.8,12,0,1864.5,3131.7,573.5
FLAKKEBJERG,2025-10-17,17,10,2025,290,3.9,11.8,9,0,1868.5,3140.7,573.5
FLAKKEBJERG,2025-10-18,18,10,2025,291,-0.4,11.5,4.8,0,1868.5,3145.5,573.5
FLAKKEBJERG,2025-10-19,19,10,2025,292,0.3,9.9,5.1,0.1,1868.6,3150.6,573.6
FLAKKEBJERG,2025-10-20,20,10,2025,293,4.7,11.6,8.2,0,1871.8,3158.8,573.6
FLAKKEBJERG,2025-10-21,21,10,2025,294,8.8,13.1,11.2,3.5,1878,3170,577.1
FLAKKEBJERG,2025-10-22,22,10,2025,295,7.3,13.2,11.5,0,1884.5,3181.5,577.1
FLAKKEBJERG,2025-10-23,23,10,2025,296,5.7,12.7,10.5,9.6,1890,3192,586.7
FLAKKEBJERG,2025-10-24,24,10,2025,297,9.4,12,10.5,2.3,1895.5,3202.5,589
FLAKKEBJERG,2025-10-25,25,10,2025,298,8.5,10.8,9.4,5.8,1899.9,3211.9,594.8
FLAKKEBJERG,2025-10-26,26,10,2025,299,6.5,9.8,8.3,4.5,1903.2,3220.2,599.3
FLAKKEBJERG,2025-10-27,27,10,2025,300,6.9,10.4,8.5,3,1906.7,3228.7,602.3
FLAKKEBJERG,2025-10-28,28,10,2025,301,7.2,10,8.4,2,1910.1,3237.1,604.3
FLAKKEBJERG,2025-10-29,29,10,2025,302,9.6,11.3,10.4,3,1915.5,3247.5,607.3
FLAKKEBJERG,2025-10-30,30,10,2025,303,6.8,10.5,9.3,13.1,1919.8,3256.8,620.4
FLAKKEBJERG,2025-10-31,31,10,2025,304,1.8,10.7,7.6,0,1922.4,3264.4,620.4
FLAKKEBJERG,2025-11-01,01,11,2025,305,6.2,12,9.7,3.6,1927.1,3274.1,624
FLAKKEBJERG,2025-11-02,02,11,2025,306,6.1,11.2,9.4,0.2,1931.5,3283.5,624.2
FLAKKEBJERG,2025-11-03,03,11,2025,307,5.2,11.3,9.3,2.1,1935.8,3292.8,626.3
FLAKKEBJERG,2025-11-04,04,11,2025,308,11.3,12.8,11.9,0,1942.7,3304.7,626.3
FLAKKEBJERG,2025-11-05,05,11,2025,309,9.6,12.1,11,0,1948.7,3315.7,626.3
FLAKKEBJERG,2025-11-06,06,11,2025,310,5.7,14.9,10.2,0,1953.9,3325.9,626.3
FLAKKEBJERG,2025-11-07,07,11,2025,311,5.4,9.1,7.1,0,1956,3333,626.3
FLAKKEBJERG,2025-11-08,08,11,2025,312,5.3,7.5,6.4,0,1957.4,3339.4,626.3
FLAKKEBJERG,2025-11-09,09,11,2025,313,6.3,8.1,7,0.3,1959.4,3346.4,626.6
FLAKKEBJERG,2025-11-10,10,11,2025,314,2.3,11.2,6.5,0.2,1960.9,3352.9,626.8
FLAKKEBJERG,2025-11-11,11,11,2025,315,5,10.1,8,2,1963.9,3360.9,628.8
FLAKKEBJERG,2025-11-12,12,11,2025,316,6.6,11.1,9.7,0.1,1968.6,3370.6,628.9
FLAKKEBJERG,2025-11-13,13,11,2025,317,5.9,12.9,10.4,0,1974,3381,628.9
FLAKKEBJERG,2025-11-14,14,11,2025,318,3.6,8.3,6.3,0,1975.3,3387.3,628.9
FLAKKEBJERG,2025-11-15,15,11,2025,319,-0.9,6.4,2.4,0,1975.3,3389.7,628.9
FLAKKEBJERG,2025-11-16,16,11,2025,320,-1.4,5.8,2.5,0.2,1975.3,3392.2,629.1
FLAKKEBJERG,2025-11-17,17,11,2025,321,0.8,6.9,3.6,0,1975.3,3395.8,629.1
FLAKKEBJERG,2025-11-18,18,11,2025,322,1.2,5.9,4,0,1975.3,3399.8,629.1
FLAKKEBJERG,2025-11-19,19,11,2025,323,-2.9,2.4,0.2,10.6,1975.3,3400,639.7
FLAKKEBJERG,2025-11-20,20,11,2025,324,0.3,2.5,1.2,0.6,1975.3,3401.2,640.3
FLAKKEBJERG,2025-11-21,21,11,2025,325,-1.7,3.5,0.9,0,1975.3,3402.1,640.3
FLAKKEBJERG,2025-11-22,22,11,2025,326,0.3,4.7,3.1,0.3,1975.3,3405.2,640.6
FLAKKEBJERG,2025-11-23,23,11,2025,327,0.3,3.6,2,0,1975.3,3407.2,640.6
FLAKKEBJERG,2025-11-24,24,11,2025,328,-1.5,3.6,0.6,16.8,1975.3,3407.8,657.4
FLAKKEBJERG,2025-11-25,25,11,2025,329,2.6,4.3,3.3,0.5,1975.3,3411.1,657.9
FLAKKEBJERG,2025-11-26,26,11,2025,330,0.1,4.7,2.1,0,1975.3,3413.2,657.9
FLAKKEBJERG,2025-11-27,27,11,2025,331,-0.7,6.7,3.7,4.7,1975.3,3416.9,662.6
FLAKKEBJERG,2025-11-28,28,11,2025,332,6.1,8.2,7.5,1.2,1977.8,3424.4,663.8
FLAKKEBJERG,2025-11-29,29,11,2025,333,5.9,8,7.3,0,1980.1,3431.7,663.8
FLAKKEBJERG,2025-11-30,30,11,2025,334,6,8,6.7,1.9,1981.8,3438.4,665.7
FLAKKEBJERG,2025-12-01,01,12,2025,335,4.3,6.4,5.4,0,1982.2,3443.8,665.7
FLAKKEBJERG,2025-12-02,02,12,2025,336,4.2,5.2,4.6,2.2,1982.2,3448.4,667.9
FLAKKEBJERG,2025-12-03,03,12,2025,337,4.5,5.1,4.8,0,1982.2,3453.2,667.9
FLAKKEBJERG,2025-12-04,04,12,2025,338,3.3,5.2,4.5,3,1982.2,3457.7,670.9
FLAKKEBJERG,2025-12-05,05,12,2025,339,3.3,5.6,4.6,3,1982.2,3462.3,673.9
FLAKKEBJERG,2025-12-06,06,12,2025,340,3.8,5,4.3,0.5,1982.2,3466.6,674.4
FLAKKEBJERG,2025-12-07,07,12,2025,341,4.6,7.8,6.5,1.5,1983.7,3473.1,675.9
FLAKKEBJERG,2025-12-08,08,12,2025,342,7.3,9.6,8.8,2.5,1987.5,3481.9,678.4
FLAKKEBJERG,2025-12-09,09,12,2025,343,6.5,10.3,8.9,6.5,1991.4,3490.8,684.9
FLAKKEBJERG,2025-12-10,10,12,2025,344,8.7,10.2,9.6,0.7,1996,3500.4,685.6
FLAKKEBJERG,2025-12-11,11,12,2025,345,8.3,9.3,8.9,0.5,1999.9,3509.3,686.1
FLAKKEBJERG,2025-12-12,12,12,2025,346,4.8,8.6,6.9,0,2001.8,3516.2,686.1
FLAKKEBJERG,2025-12-13,13,12,2025,347,5.3,8.9,6.9,0.5,2003.7,3523.1,686.6
FLAKKEBJERG,2025-12-14,14,12,2025,348,5.5,7.1,6.2,0,2004.9,3529.3,686.6
FLAKKEBJERG,2025-12-15,15,12,2025,349,3,7.4,6,0,2005.9,3535.3,686.6
FLAKKEBJERG,2025-12-16,16,12,2025,350,2.9,7.7,5.3,0,2006.2,3540.6,686.6
FLAKKEBJERG,2025-12-17,17,12,2025,351,5.1,7.1,6.2,0.1,2007.4,3546.8,686.7
FLAKKEBJERG,2025-12-18,18,12,2025,352,6,7.6,6.9,0,2009.3,3553.7,686.7
FLAKKEBJERG,2025-12-19,19,12,2025,353,6.6,9.6,8.2,0,2012.5,3561.9,686.7
FLAKKEBJERG,2025-12-20,20,12,2025,354,2.9,7.6,5.8,0,2013.3,3567.7,686.7
FLAKKEBJERG,2025-12-21,21,12,2025,355,4,5.4,4.7,0,2013.3,3572.4,686.7
FLAKKEBJERG,2025-12-22,22,12,2025,356,4.4,5.2,4.9,0,2013.3,3577.3,686.7
FLAKKEBJERG,2025-12-23,23,12,2025,357,-0.4,5.5,3.2,0,2013.3,3580.5,686.7
FLAKKEBJERG,2025-12-24,24,12,2025,358,-2.6,0.8,-0.9,0,2013.3,3580.5,686.7
FLAKKEBJERG,2025-12-25,25,12,2025,359,-2.9,1.6,-0.8,0,2013.3,3580.5,686.7
FLAKKEBJERG,2025-12-26,26,12,2025,360,-2.3,4.7,2.6,0,2013.3,3583.1,686.7
FLAKKEBJERG,2025-12-27,27,12,2025,361,0.8,7.5,4.3,0,2013.3,3587.4,686.7
FLAKKEBJERG,2025-12-28,28,12,2025,362,-1.1,4.1,2.2,0,2013.3,3589.6,686.7
FLAKKEBJERG,2025-12-29,29,12,2025,363,0.5,5.7,2.8,0.1,2013.3,3592.4,686.8
FLAKKEBJERG,2025-12-30,30,12,2025,364,-1.8,2,0.8,2.4,2013.3,3593.2,689.2
FLAKKEBJERG,2025-12-31,31,12,2025,365,-1.9,3.8,1.9,1.3,2013.3,3595.1,690.5
