LON,LAT,YEAR,MM,DD,DOY,YYYYMMDD,T2M,T2M_MAX,T2M_MIN,RH2M,PRECTOTCORR,ALLSKY_SFC_SW_DWN,WS2M
11.39044,55.32523,1993,1,1,1,1993-01-01,-1.09,0.35,-2.28,93.18,0,2.01,5.04
11.39044,55.32523,1993,1,2,2,1993-01-02,-3.23,-2.31,-4.23,87.27,0,1.98,5.82
11.39044,55.32523,1993,1,3,3,1993-01-03,-4.15,-3.14,-5.11,85.45,0,1.33,6.15
11.39044,55.32523,1993,1,4,4,1993-01-04,-4.49,-2.33,-6.26,88.98,0,1.63,7.14
11.39044,55.32523,1993,1,5,5,1993-01-05,-2.43,1.48,-4.94,91.35,5.25,0.43,7.19
11.39044,55.32523,1993,1,6,6,1993-01-06,2.06,3.27,1.26,97.28,2.55,0.45,5.9
11.39044,55.32523,1993,1,7,7,1993-01-07,0.96,1.54,0.39,97.99,0.51,1.51,4.74
11.39044,55.32523,1993,1,8,8,1993-01-08,2.15,3.56,0.34,92.73,1.29,1.84,7.21
11.39044,55.32523,1993,1,9,9,1993-01-09,2.03,4.68,0.92,96.64,3.77,0.65,8.04
11.39044,55.32523,1993,1,10,10,1993-01-10,3.95,6.97,2.17,96.89,9.62,0.83,7.73
11.39044,55.32523,1993,1,11,11,1993-01-11,4.4,6.52,2.65,94.06,5.4,1.42,8.19
11.39044,55.32523,1993,1,12,12,1993-01-12,2.84,3.72,1.75,85.14,0.91,1.41,9.32
11.39044,55.32523,1993,1,13,13,1993-01-13,3.36,5.51,1.42,88.09,9.9,1.92,9.74
11.39044,55.32523,1993,1,14,14,1993-01-14,3.71,7.4,2.81,86.85,1.8,2.33,11.78
11.39044,55.32523,1993,1,15,15,1993-01-15,3.58,6.65,1.34,92.4,2.37,0.85,9.32
11.39044,55.32523,1993,1,16,16,1993-01-16,6.08,7.17,4.89,86.31,1.27,1.94,11.29
11.39044,55.32523,1993,1,17,17,1993-01-17,5.89,7.11,3.98,89.33,0.05,2.09,8.82
11.39044,55.32523,1993,1,18,18,1993-01-18,3.99,5,3.37,81.26,0.12,2.42,9.94
11.39044,55.32523,1993,1,19,19,1993-01-19,3.35,4.61,2.12,93.86,2.56,0.82,7.28
11.39044,55.32523,1993,1,20,20,1993-01-20,5.05,6.55,2.82,96.69,3.51,1.14,6.7
11.39044,55.32523,1993,1,21,21,1993-01-21,5.19,6.97,4.07,87.16,2.25,1.38,10.09
11.39044,55.32523,1993,1,22,22,1993-01-22,6.32,7.76,4.37,80.41,1.98,1.11,14.21
11.39044,55.32523,1993,1,23,23,1993-01-23,3.44,4.38,1.44,87.88,3.76,2.77,8.6
11.39044,55.32523,1993,1,24,24,1993-01-24,5.08,6.81,1.21,87.5,13.55,1.53,12.28
11.39044,55.32523,1993,1,25,25,1993-01-25,2.03,3.9,-0.12,82.27,2.48,2.97,9.7
11.39044,55.32523,1993,1,26,26,1993-01-26,1.7,3.13,-1.19,87.93,7.02,1.74,7.44
11.39044,55.32523,1993,1,27,27,1993-01-27,-0.49,1.92,-1.8,84.16,0.06,3.28,4.99
11.39044,55.32523,1993,1,28,28,1993-01-28,-0.83,1.45,-2.16,92.09,0.01,3.53,3.01
11.39044,55.32523,1993,1,29,29,1993-01-29,-2.66,-0.89,-4.17,88.6,0,3.4,4.18
11.39044,55.32523,1993,1,30,30,1993-01-30,-1.6,-0.17,-2.7,85.01,0,3.68,5.87
11.39044,55.32523,1993,1,31,31,1993-01-31,-0.39,2.77,-3.73,96.29,0.11,2.03,4.41
11.39044,55.32523,1993,2,1,32,1993-02-01,-0.48,0.8,-1.07,97.4,0.16,3.17,2.68
11.39044,55.32523,1993,2,2,33,1993-02-02,0.24,2.33,-1.73,96.81,0.2,3.18,5.51
11.39044,55.32523,1993,2,3,34,1993-02-03,2.7,3.46,1.8,97.93,0.64,2.83,7.44
11.39044,55.32523,1993,2,4,35,1993-02-04,3.21,4.05,2.01,96.68,0.33,3.01,8.18
11.39044,55.32523,1993,2,5,36,1993-02-05,3.35,5.39,-0.38,94.76,0.79,2.27,7.92
11.39044,55.32523,1993,2,6,37,1993-02-06,0.47,2.03,-0.66,93.6,4.95,2.35,3.13
11.39044,55.32523,1993,2,7,38,1993-02-07,1.34,3.39,0.02,88.71,0.04,2.35,2.72
11.39044,55.32523,1993,2,8,39,1993-02-08,4.03,5.46,1.92,98.54,0.37,3.24,4.28
11.39044,55.32523,1993,2,9,40,1993-02-09,2.66,3.68,1.12,96.28,0.71,3,2.23
11.39044,55.32523,1993,2,10,41,1993-02-10,2.21,3.77,0.87,94.19,0.32,3.25,2.38
11.39044,55.32523,1993,2,11,42,1993-02-11,1.76,3.44,0.85,95.19,0.1,3.52,4.35
11.39044,55.32523,1993,2,12,43,1993-02-12,1.03,2.12,0.09,91.34,0.45,2.43,3.45
11.39044,55.32523,1993,2,13,44,1993-02-13,2.21,3.99,1.1,96.13,0.42,4,2.56
11.39044,55.32523,1993,2,14,45,1993-02-14,2.14,3.95,0.98,93.51,0.31,3.55,2.32
11.39044,55.32523,1993,2,15,46,1993-02-15,0.83,1.33,0.11,92.9,0.69,2.16,5.49
11.39044,55.32523,1993,2,16,47,1993-02-16,2.87,4.7,0.93,97.43,4.78,3.45,6.07
11.39044,55.32523,1993,2,17,48,1993-02-17,3.89,5.93,-0.09,91.74,0.32,4.66,7.21
11.39044,55.32523,1993,2,18,49,1993-02-18,2.09,3.87,-0.75,97.09,2.2,2.55,6.06
11.39044,55.32523,1993,2,19,50,1993-02-19,2.95,4.59,0.52,86.48,1.25,3.45,7.72
11.39044,55.32523,1993,2,20,51,1993-02-20,1.53,3.28,-1.1,82.47,5.79,3.45,8.68
11.39044,55.32523,1993,2,21,52,1993-02-21,-1.45,1.73,-3.51,76.67,0.26,3.61,9.09
11.39044,55.32523,1993,2,22,53,1993-02-22,-2.1,0.06,-3.67,70.49,0.08,5.07,5.95
11.39044,55.32523,1993,2,23,54,1993-02-23,-2.45,-1.15,-3.83,74.25,0,6.43,4.87
11.39044,55.32523,1993,2,24,55,1993-02-24,-2.42,0.12,-4.35,86.07,0.02,4.98,3.12
11.39044,55.32523,1993,2,25,56,1993-02-25,-1.04,0.91,-3.35,82.16,0.02,2.76,1.56
11.39044,55.32523,1993,2,26,57,1993-02-26,-0.39,1.92,-3.31,87.48,0.38,7.07,4.15
11.39044,55.32523,1993,2,27,58,1993-02-27,0.55,1.97,-0.79,88.51,1.91,4.79,5.13
11.39044,55.32523,1993,2,28,59,1993-02-28,-0.03,1.34,-1,87.64,0.41,4.86,6.14
11.39044,55.32523,1993,3,1,60,1993-03-01,-0.42,2.57,-2.75,90.01,0.06,4.49,6.59
11.39044,55.32523,1993,3,2,61,1993-03-02,-0.26,1.06,-0.97,82.07,0.2,2.71,7.89
11.39044,55.32523,1993,3,3,62,1993-03-03,-0.21,1.41,-1.17,80.99,0.16,5.16,4.78
11.39044,55.32523,1993,3,4,63,1993-03-04,-0.21,1.3,-1.44,82.02,0.01,5.9,2.52
11.39044,55.32523,1993,3,5,64,1993-03-05,0.83,3.19,-1.46,94.95,2.53,2.63,5.35
11.39044,55.32523,1993,3,6,65,1993-03-06,2.05,4.54,0.39,96.52,0.36,9.82,3.57
11.39044,55.32523,1993,3,7,66,1993-03-07,1.25,3.59,-0.75,86.9,0.16,9.69,3
11.39044,55.32523,1993,3,8,67,1993-03-08,0.35,2.71,-1.23,88.35,0.02,3.48,3.23
11.39044,55.32523,1993,3,9,68,1993-03-09,1.09,3.9,-0.97,86.12,0,8.16,3.31
11.39044,55.32523,1993,3,10,69,1993-03-10,1.04,3.67,-0.98,91.9,0,5.86,2.5
11.39044,55.32523,1993,3,11,70,1993-03-11,0.91,4.15,-1.89,88.12,0.01,9.8,3.03
11.39044,55.32523,1993,3,12,71,1993-03-12,1.55,3.79,-0.91,92.51,0.51,3.75,2.16
11.39044,55.32523,1993,3,13,72,1993-03-13,3.73,7.16,1.15,96.19,2.23,6.26,2.19
11.39044,55.32523,1993,3,14,73,1993-03-14,5.04,8.88,3.05,95.41,1.68,7.73,2
11.39044,55.32523,1993,3,15,74,1993-03-15,4.85,9.76,1.77,93.85,0.13,6.99,3.13
11.39044,55.32523,1993,3,16,75,1993-03-16,4.7,6.66,3.37,93.6,1.16,4.39,6.98
11.39044,55.32523,1993,3,17,76,1993-03-17,5.36,6.71,4.25,94.63,1.88,2.85,7.99
11.39044,55.32523,1993,3,18,77,1993-03-18,5.05,6.47,2.61,91.6,0.92,4.41,8.11
11.39044,55.32523,1993,3,19,78,1993-03-19,4.39,6.52,2.67,82.56,0.07,8.05,10.36
11.39044,55.32523,1993,3,20,79,1993-03-20,4.99,7.89,2.68,89.7,0.02,8.98,7.74
11.39044,55.32523,1993,3,21,80,1993-03-21,4.58,8.44,1.55,89.61,0.03,6.58,6.07
11.39044,55.32523,1993,3,22,81,1993-03-22,4.8,7.11,2.94,95.13,6.57,5.37,3.38
11.39044,55.32523,1993,3,23,82,1993-03-23,4.17,5.84,2.78,84.25,0.96,10.43,7.78
11.39044,55.32523,1993,3,24,83,1993-03-24,3.58,5.66,1.76,81.43,0.88,11.62,8.53
11.39044,55.32523,1993,3,25,84,1993-03-25,3.5,6,1.57,80.32,0.1,14.57,6.95
11.39044,55.32523,1993,3,26,85,1993-03-26,2.4,4.08,0.64,75.32,0.01,13.75,5.7
11.39044,55.32523,1993,3,27,86,1993-03-27,1.76,4.47,-0.56,72.35,0.02,15.16,3.45
11.39044,55.32523,1993,3,28,87,1993-03-28,1.66,4.19,-0.18,75.58,0.04,14.47,3
11.39044,55.32523,1993,3,29,88,1993-03-29,0.85,2.73,-0.98,81.2,0.07,11.87,4.55
11.39044,55.32523,1993,3,30,89,1993-03-30,0.97,3.69,-0.88,80.62,0.01,13.84,3.82
11.39044,55.32523,1993,3,31,90,1993-03-31,2.42,5.07,-0.39,81.7,0,8.79,2.29
11.39044,55.32523,1993,4,1,91,1993-04-01,3.87,6.12,2.01,84.21,0.04,8.61,7.97
11.39044,55.32523,1993,4,2,92,1993-04-02,4.28,7.37,1.84,83.9,0.01,16.38,7.1
11.39044,55.32523,1993,4,3,93,1993-04-03,4.34,7,2.52,90.14,0.14,7.99,4.74
11.39044,55.32523,1993,4,4,94,1993-04-04,3.39,4.59,2.62,93.94,3.79,4.05,3.47
11.39044,55.32523,1993,4,5,95,1993-04-05,4.38,7.23,2.2,88.7,1.02,13.25,4.71
11.39044,55.32523,1993,4,6,96,1993-04-06,5.18,7.74,3.61,92.37,3.48,8.53,3.94
11.39044,55.32523,1993,4,7,97,1993-04-07,5.11,6.73,3.73,92.62,0.9,6.78,2.18
11.39044,55.32523,1993,4,8,98,1993-04-08,4.1,5.43,2.26,90.77,0.49,6.08,3.18
11.39044,55.32523,1993,4,9,99,1993-04-09,2.48,4.85,-0.73,75.5,0.28,19.16,3.31
11.39044,55.32523,1993,4,10,100,1993-04-10,1.27,4.16,-1.64,78.09,0,14.78,4.7
11.39044,55.32523,1993,4,11,101,1993-04-11,2.08,5.61,-1.2,77.49,0,16.64,5.69
11.39044,55.32523,1993,4,12,102,1993-04-12,2.27,5.26,-0.89,84.43,0.17,18.28,4.71
11.39044,55.32523,1993,4,13,103,1993-04-13,2.75,6.29,-0.73,78.13,0,19.57,4.48
11.39044,55.32523,1993,4,14,104,1993-04-14,3.07,7.27,-0.33,79.94,0,18.48,4.18
11.39044,55.32523,1993,4,15,105,1993-04-15,3.85,8.5,-0.41,81.58,0.01,19.93,3.61
11.39044,55.32523,1993,4,16,106,1993-04-16,5.07,9.68,-0.42,82.37,0.11,19.44,2.97
11.39044,55.32523,1993,4,17,107,1993-04-17,6.35,9.25,3.79,92.39,0.59,6.99,5.89
11.39044,55.32523,1993,4,18,108,1993-04-18,5.25,7.27,3.46,86.62,0.98,7.99,6.57
11.39044,55.32523,1993,4,19,109,1993-04-19,5.64,8.72,2.72,75.54,0,19.99,6.84
11.39044,55.32523,1993,4,20,110,1993-04-20,5.1,8.28,2.3,83.3,0,14.83,3.64
11.39044,55.32523,1993,4,21,111,1993-04-21,8.02,14.06,4.08,85.41,0.22,19.23,5.78
11.39044,55.32523,1993,4,22,112,1993-04-22,7.86,12.59,4.27,86.34,0.13,15.49,3.89
11.39044,55.32523,1993,4,23,113,1993-04-23,9.23,12.32,5.93,87.79,0.86,12.62,3.91
11.39044,55.32523,1993,4,24,114,1993-04-24,9.3,13.57,6.07,84.94,0.02,22.38,5.72
11.39044,55.32523,1993,4,25,115,1993-04-25,9.89,14.2,5.66,86.26,0.01,15.37,5.72
11.39044,55.32523,1993,4,26,116,1993-04-26,11.37,16.67,7.48,84.32,0,18.58,4.5
11.39044,55.32523,1993,4,27,117,1993-04-27,13.87,19.16,8.92,77.83,0,23.23,1.54
11.39044,55.32523,1993,4,28,118,1993-04-28,12.41,18.88,7.14,76.68,0,22.92,2.67
11.39044,55.32523,1993,4,29,119,1993-04-29,9.33,13.86,5.67,76.25,0,23.25,5.31
11.39044,55.32523,1993,4,30,120,1993-04-30,9.56,14.11,5.98,76.29,0,19.01,5.27
11.39044,55.32523,1993,5,1,121,1993-05-01,10.5,15.42,6.28,82.24,0,20.01,4.29
11.39044,55.32523,1993,5,2,122,1993-05-02,13.04,17.48,8.27,83.86,0.07,19.37,3.59
11.39044,55.32523,1993,5,3,123,1993-05-03,9.89,12.94,6.3,79.98,0.47,14.44,5.65
11.39044,55.32523,1993,5,4,124,1993-05-04,8.01,10.44,5.44,71.66,0.01,25.29,6.36
11.39044,55.32523,1993,5,5,125,1993-05-05,7.55,10.12,4.21,76.74,0.05,20.95,3
11.39044,55.32523,1993,5,6,126,1993-05-06,8.65,11.46,5.22,78.54,0.32,18.38,2.91
11.39044,55.32523,1993,5,7,127,1993-05-07,10.33,13.83,7.69,88.73,0.13,15.54,4.44
11.39044,55.32523,1993,5,8,128,1993-05-08,11.34,14.95,7.78,84.01,0.01,23.65,4.5
11.39044,55.32523,1993,5,9,129,1993-05-09,13.1,17.02,9.19,84.63,0.12,23.41,5.05
11.39044,55.32523,1993,5,10,130,1993-05-10,13.06,17.67,8.74,78.04,0,24.69,5.54
11.39044,55.32523,1993,5,11,131,1993-05-11,12.83,17.09,8.63,75.98,0,23.04,5.49
11.39044,55.32523,1993,5,12,132,1993-05-12,12.28,16.97,7.69,72.68,0,24.15,3.98
11.39044,55.32523,1993,5,13,133,1993-05-13,14.39,21.41,8,75.33,0.03,24.04,1.61
11.39044,55.32523,1993,5,14,134,1993-05-14,14.08,16.72,11.52,86.5,0.14,21.45,3.61
11.39044,55.32523,1993,5,15,135,1993-05-15,13.39,15.91,10.3,83.72,1.05,17.41,2.72
11.39044,55.32523,1993,5,16,136,1993-05-16,12.3,14.94,9.27,69.7,0.54,25.8,3.74
11.39044,55.32523,1993,5,17,137,1993-05-17,13.03,16.73,9.13,72.5,0,25.91,5.76
11.39044,55.32523,1993,5,18,138,1993-05-18,13.29,16.82,9.86,72.3,0,25.73,7.59
11.39044,55.32523,1993,5,19,139,1993-05-19,14.86,19.3,10.27,81.23,0,25.76,6.59
11.39044,55.32523,1993,5,20,140,1993-05-20,15.77,20.46,11.03,83.08,0.04,25.38,4.62
11.39044,55.32523,1993,5,21,141,1993-05-21,16.68,20.62,12.51,83.48,1.67,21.77,4.27
11.39044,55.32523,1993,5,22,142,1993-05-22,15.82,18.15,12.78,87.78,1.01,12.18,2.31
11.39044,55.32523,1993,5,23,143,1993-05-23,16.49,19.78,12.77,83.16,0.02,24.37,2.5
11.39044,55.32523,1993,5,24,144,1993-05-24,16.33,19.19,13.04,85.53,0.39,22.26,1.91
11.39044,55.32523,1993,5,25,145,1993-05-25,13.52,16.27,10.52,83.48,0.47,10.52,5.09
11.39044,55.32523,1993,5,26,146,1993-05-26,11.68,14.45,8.95,67.86,0.23,23.91,3.65
11.39044,55.32523,1993,5,27,147,1993-05-27,12.08,15.84,8.24,66.37,0.08,24.64,5.13
11.39044,55.32523,1993,5,28,148,1993-05-28,12.55,14.94,8.37,85.49,1.63,7.55,4.99
11.39044,55.32523,1993,5,29,149,1993-05-29,11.55,13.2,9.51,77.58,3.22,15.93,7.26
11.39044,55.32523,1993,5,30,150,1993-05-30,13.5,16.03,9.45,83.78,3.22,14.84,3.68
11.39044,55.32523,1993,5,31,151,1993-05-31,13.69,16.06,11.8,77.93,2.79,19.46,7.09
11.39044,55.32523,1993,6,1,152,1993-06-01,13.23,14.98,10.02,78.68,2.12,11.46,8.06
11.39044,55.32523,1993,6,2,153,1993-06-02,11.92,15.29,8.15,72.23,0,29.8,4.07
11.39044,55.32523,1993,6,3,154,1993-06-03,13.06,15.84,9.95,67.58,0,25.8,2.92
11.39044,55.32523,1993,6,4,155,1993-06-04,15.04,18.32,10.19,57.93,0,27.22,0.73
11.39044,55.32523,1993,6,5,156,1993-06-05,15.46,18.28,12.43,74.16,0,25.74,2.83
11.39044,55.32523,1993,6,6,157,1993-06-06,14.15,16.62,10.9,75.3,0,22.65,3.62
11.39044,55.32523,1993,6,7,158,1993-06-07,14.44,16.89,11.68,77.16,0.04,20.15,4.5
11.39044,55.32523,1993,6,8,159,1993-06-08,16.03,18.62,11.57,73,0,25.87,1.51
11.39044,55.32523,1993,6,9,160,1993-06-09,17.31,20.55,13.51,74.51,0,23.13,1.99
11.39044,55.32523,1993,6,10,161,1993-06-10,18.03,22.48,13.65,75.07,0,27.79,4.1
11.39044,55.32523,1993,6,11,162,1993-06-11,17.63,21.95,13.57,77.05,0.51,21.31,4.95
11.39044,55.32523,1993,6,12,163,1993-06-12,16.51,18.49,13.86,78.58,0.23,17.58,3.63
11.39044,55.32523,1993,6,13,164,1993-06-13,15.71,18.05,13.18,80.68,0.68,15.48,5.18
11.39044,55.32523,1993,6,14,165,1993-06-14,14.05,16.02,11.3,66.22,0.04,23.75,4.77
11.39044,55.32523,1993,6,15,166,1993-06-15,13.16,16.07,10.26,69.18,0.2,24.25,7.26
11.39044,55.32523,1993,6,16,167,1993-06-16,14,16.1,11.24,85.74,4.38,8.29,5.62
11.39044,55.32523,1993,6,17,168,1993-06-17,14.06,16.06,11.68,73.57,1.04,24.45,7.01
11.39044,55.32523,1993,6,18,169,1993-06-18,13.98,15.61,10.84,85.73,5.23,12.66,5.08
11.39044,55.32523,1993,6,19,170,1993-06-19,15.82,18.28,12.83,79.56,1.94,22.1,4.93
11.39044,55.32523,1993,6,20,171,1993-06-20,14.67,17.51,11.79,72.55,0.99,26.53,7.44
11.39044,55.32523,1993,6,21,172,1993-06-21,13.47,15.52,10.97,73.28,1.09,16.57,7.08
11.39044,55.32523,1993,6,22,173,1993-06-22,13.24,15.92,10.04,70.31,0,24.23,4.29
11.39044,55.32523,1993,6,23,174,1993-06-23,12.41,14.14,10.43,79.75,6.95,13.57,2.98
11.39044,55.32523,1993,6,24,175,1993-06-24,12.08,14.43,9.09,75.07,1.89,17.56,5.46
11.39044,55.32523,1993,6,25,176,1993-06-25,12.79,15.24,10.32,77.53,1.35,16.04,7.76
11.39044,55.32523,1993,6,26,177,1993-06-26,13.98,16.86,10.54,78.8,0.68,27.22,5.4
11.39044,55.32523,1993,6,27,178,1993-06-27,13.17,14.85,11.79,81.69,6.45,16.06,6.22
11.39044,55.32523,1993,6,28,179,1993-06-28,15.89,19.11,11.62,75.49,0.09,28.26,3.12
11.39044,55.32523,1993,6,29,180,1993-06-29,15.91,19.49,11.09,77.54,0.01,26.86,3.18
11.39044,55.32523,1993,6,30,181,1993-06-30,15.94,18.56,11.76,73.55,0.06,26.95,3.56
11.39044,55.32523,1993,7,1,182,1993-07-01,17.71,20.95,13.88,71.15,0,26.31,2.19
11.39044,55.32523,1993,7,2,183,1993-07-02,16.54,19.73,11.69,74.75,0,26.9,3.88
11.39044,55.32523,1993,7,3,184,1993-07-03,16,18.45,13.59,85.62,5.14,10.18,6.29
11.39044,55.32523,1993,7,4,185,1993-07-04,17.21,20.42,14.15,79.67,0.14,23.5,6.58
11.39044,55.32523,1993,7,5,186,1993-07-05,15,17.09,12.38,70.13,0.05,24.45,6
11.39044,55.32523,1993,7,6,187,1993-07-06,13.44,15.78,11.05,77.29,2.1,16.84,8.58
11.39044,55.32523,1993,7,7,188,1993-07-07,14.12,16.5,11.63,71.85,0.86,18.32,9.56
11.39044,55.32523,1993,7,8,189,1993-07-08,14.8,18.38,11.33,79.48,0.8,12.89,6.89
11.39044,55.32523,1993,7,9,190,1993-07-09,16.89,18.93,14.46,78.24,0.47,15.17,6.3
11.39044,55.32523,1993,7,10,191,1993-07-10,14.64,15.87,13.02,78.98,1.42,14.75,4.1
11.39044,55.32523,1993,7,11,192,1993-07-11,14.71,16.94,11.59,75.42,0.76,14.97,2.17
11.39044,55.32523,1993,7,12,193,1993-07-12,13.02,14.44,11.92,78.04,13.13,11.42,7.69
11.39044,55.32523,1993,7,13,194,1993-07-13,12.96,15.31,10.69,74.27,3.41,9.55,7.88
11.39044,55.32523,1993,7,14,195,1993-07-14,13.92,17.06,9.82,72.24,0.01,23.87,2.71
11.39044,55.32523,1993,7,15,196,1993-07-15,15.5,18.14,11.12,67.35,0.03,24.27,2.28
11.39044,55.32523,1993,7,16,197,1993-07-16,16.95,20.25,12.43,65.84,0.13,26.25,1.52
11.39044,55.32523,1993,7,17,198,1993-07-17,17.43,20.18,14.71,83.53,4.83,15.15,3.6
11.39044,55.32523,1993,7,18,199,1993-07-18,16.75,19.39,13.52,78.18,0.74,14.97,5.28
11.39044,55.32523,1993,7,19,200,1993-07-19,15.94,18.76,12.82,77.21,0.38,19.17,3.46
11.39044,55.32523,1993,7,20,201,1993-07-20,16.08,18.3,13.93,84.65,6.94,9.47,3.62
11.39044,55.32523,1993,7,21,202,1993-07-21,14.57,16.53,13.39,86.84,6.11,13.58,3.7
11.39044,55.32523,1993,7,22,203,1993-07-22,15.01,17.28,13.26,77.37,2.58,13.47,8.04
11.39044,55.32523,1993,7,23,204,1993-07-23,15.25,18,12.46,78.11,1.03,16.3,6.09
11.39044,55.32523,1993,7,24,205,1993-07-24,17.35,20.01,14.66,79.63,2.13,19.85,5.35
11.39044,55.32523,1993,7,25,206,1993-07-25,15.7,17.75,13.25,83.49,11.81,8.25,5.9
11.39044,55.32523,1993,7,26,207,1993-07-26,14.61,16.15,12.73,78.48,3.92,19.09,7.97
11.39044,55.32523,1993,7,27,208,1993-07-27,14.98,17.77,12.42,77.22,3.16,19.97,5.31
11.39044,55.32523,1993,7,28,209,1993-07-28,16.12,17.87,13.91,85.46,7.54,10.39,4.33
11.39044,55.32523,1993,7,29,210,1993-07-29,16.75,19.67,13.62,79.72,0.84,21.76,3.55
11.39044,55.32523,1993,7,30,211,1993-07-30,17.76,19.93,15.75,91.31,6.53,10.43,4.35
11.39044,55.32523,1993,7,31,212,1993-07-31,15.5,16.65,13.99,85.1,16.75,7.81,4.09
11.39044,55.32523,1993,8,1,213,1993-08-01,15.76,18.58,13.09,77.53,0.72,18.74,5.36
11.39044,55.32523,1993,8,2,214,1993-08-02,16.09,19.29,12.27,80.82,0.24,22.55,3.48
11.39044,55.32523,1993,8,3,215,1993-08-03,16.81,19.08,14.66,86.34,3.24,9.2,4.26
11.39044,55.32523,1993,8,4,216,1993-08-04,16.63,18.61,13.87,85.55,1.95,12.68,4.04
11.39044,55.32523,1993,8,5,217,1993-08-05,16.87,19.31,13.95,81.12,2.88,20.53,2.93
11.39044,55.32523,1993,8,6,218,1993-08-06,15.94,17.85,13.4,80.84,4.02,14.03,3.47
11.39044,55.32523,1993,8,7,219,1993-08-07,16.6,18.98,14.31,80.78,1.04,19.6,6.25
11.39044,55.32523,1993,8,8,220,1993-08-08,16.96,19.25,14.66,85.3,1.43,15.5,2.49
11.39044,55.32523,1993,8,9,221,1993-08-09,15.86,17.44,13.91,86.98,6.8,15.34,5.23
11.39044,55.32523,1993,8,10,222,1993-08-10,15.62,17.65,13.16,80.89,3.57,10.52,6.02
11.39044,55.32523,1993,8,11,223,1993-08-11,14.38,16.78,11.89,77.56,4.66,16.35,7.5
11.39044,55.32523,1993,8,12,224,1993-08-12,16.39,18.04,14.43,86.78,9.2,9.21,6.79
11.39044,55.32523,1993,8,13,225,1993-08-13,14.76,17.04,12.5,75.79,0.67,21.26,6.88
11.39044,55.32523,1993,8,14,226,1993-08-14,15.23,18.5,11.37,80.76,0.01,22.57,4.09
11.39044,55.32523,1993,8,15,227,1993-08-15,17.65,21.05,13.99,85.58,0.68,17.98,3.92
11.39044,55.32523,1993,8,16,228,1993-08-16,17.09,19.5,13.66,87.44,1.88,8.09,4.89
11.39044,55.32523,1993,8,17,229,1993-08-17,14.35,17.05,11.85,72.18,0.01,19.14,8.19
11.39044,55.32523,1993,8,18,230,1993-08-18,14.82,17.66,11.53,76.55,0.01,19.09,5.89
11.39044,55.32523,1993,8,19,231,1993-08-19,15.8,18.53,12.98,82.81,0.34,10.31,4.25
11.39044,55.32523,1993,8,20,232,1993-08-20,15.8,18.21,13.4,87.08,1.39,9.31,5.14
11.39044,55.32523,1993,8,21,233,1993-08-21,15.18,17.56,12.95,78.06,0.41,17.56,6.32
11.39044,55.32523,1993,8,22,234,1993-08-22,13.61,15.29,11.73,78.41,1.1,13.87,4.35
11.39044,55.32523,1993,8,23,235,1993-08-23,13.42,15.75,10.45,80,0.92,18.26,4.61
11.39044,55.32523,1993,8,24,236,1993-08-24,13.31,15.62,10.61,83.15,2.61,14.71,4.08
11.39044,55.32523,1993,8,25,237,1993-08-25,14.09,16.39,10.77,77.58,0.81,15.55,2.03
11.39044,55.32523,1993,8,26,238,1993-08-26,14,16.36,11.09,79.87,2.11,16.61,2.21
11.39044,55.32523,1993,8,27,239,1993-08-27,14.03,16.55,11.75,75.36,1.3,16.93,3.43
11.39044,55.32523,1993,8,28,240,1993-08-28,14.2,17.31,10.15,73.3,0.01,18.69,2.62
11.39044,55.32523,1993,8,29,241,1993-08-29,13.9,15.92,10.68,86.21,2.64,10.01,5.26
11.39044,55.32523,1993,8,30,242,1993-08-30,13.35,14.44,12.21,81.19,5.51,11.59,6.74
11.39044,55.32523,1993,8,31,243,1993-08-31,13.74,15.7,11.45,84.03,0.46,8.83,5.91
11.39044,55.32523,1993,9,1,244,1993-09-01,14.32,17.15,10.43,81.15,0.37,16.21,2.66
11.39044,55.32523,1993,9,2,245,1993-09-02,14.18,15.74,12.81,90.73,9.9,9.57,5.09
11.39044,55.32523,1993,9,3,246,1993-09-03,12.97,14.04,11.14,87.62,3.39,5.79,4.48
11.39044,55.32523,1993,9,4,247,1993-09-04,12,14.14,10.26,79.24,1.94,12.82,3.18
11.39044,55.32523,1993,9,5,248,1993-09-05,12.62,14.99,10.8,74.13,0.21,17.97,4.27
11.39044,55.32523,1993,9,6,249,1993-09-06,13.36,15.76,10.9,82.28,1.02,12.48,6.41
11.39044,55.32523,1993,9,7,250,1993-09-07,13.54,15.58,11.35,76.38,0.17,14.95,1.96
11.39044,55.32523,1993,9,8,251,1993-09-08,13.35,16.1,10.51,80.76,0.44,12.66,5.46
11.39044,55.32523,1993,9,9,252,1993-09-09,12.96,13.76,11.87,90.35,4.95,2.51,7.6
11.39044,55.32523,1993,9,10,253,1993-09-10,14.3,16.3,13.24,92.99,9.82,2.63,5.41
11.39044,55.32523,1993,9,11,254,1993-09-11,13.69,14.8,11.87,92.23,27.61,4.76,4.22
11.39044,55.32523,1993,9,12,255,1993-09-12,11.9,12.83,10.23,88.42,9.66,4.76,6.99
11.39044,55.32523,1993,9,13,256,1993-09-13,10.96,13.32,8.86,79.97,1.51,11.97,8.54
11.39044,55.32523,1993,9,14,257,1993-09-14,10.4,11.04,9.29,91.1,15.96,3.53,7.93
11.39044,55.32523,1993,9,15,258,1993-09-15,10.38,11.4,8.1,89.08,5.23,5.26,7.25
11.39044,55.32523,1993,9,16,259,1993-09-16,9.06,10.71,7.13,79.41,0.33,7.15,4.72
11.39044,55.32523,1993,9,17,260,1993-09-17,9.29,10.38,8.06,83.28,0.96,6.35,5.37
11.39044,55.32523,1993,9,18,261,1993-09-18,10.83,12.78,8.28,69.33,0.18,11.63,2.75
11.39044,55.32523,1993,9,19,262,1993-09-19,10.91,13.55,8.34,76.78,0,13.4,2.83
11.39044,55.32523,1993,9,20,263,1993-09-20,11.46,14.09,9.19,81.32,0.04,12.63,6.65
11.39044,55.32523,1993,9,21,264,1993-09-21,13.5,17.81,10.51,92.69,0.22,9.72,5.48
11.39044,55.32523,1993,9,22,265,1993-09-22,12.91,14.92,11.28,92.98,11.48,6.03,3.5
11.39044,55.32523,1993,9,23,266,1993-09-23,13.05,15.65,10.53,85.86,4.62,9.02,3.06
11.39044,55.32523,1993,9,24,267,1993-09-24,10.79,12.92,8.27,92.47,4.22,4.65,3.68
11.39044,55.32523,1993,9,25,268,1993-09-25,11.53,12.5,10.69,91.87,11.7,3.06,8.66
11.39044,55.32523,1993,9,26,269,1993-09-26,12.36,13.53,11.46,92.51,9.13,2.59,5.08
11.39044,55.32523,1993,9,27,270,1993-09-27,11.73,13.12,10.69,92.82,2.28,3.72,2.43
11.39044,55.32523,1993,9,28,271,1993-09-28,11.38,12.5,10.53,89.17,0.67,2.42,4.28
11.39044,55.32523,1993,9,29,272,1993-09-29,10.78,12.38,8.99,83.29,0.54,6.16,5.57
11.39044,55.32523,1993,9,30,273,1993-09-30,9.43,10.9,8.21,75.73,0,11.04,7.55
11.39044,55.32523,1993,10,1,274,1993-10-01,8.86,10.46,7.26,74.28,0,9.82,9.89
11.39044,55.32523,1993,10,2,275,1993-10-02,10.72,12.49,9.09,84.44,0.02,6.15,8.24
11.39044,55.32523,1993,10,3,276,1993-10-03,11.27,12.03,10.76,90.17,3.08,3.3,8.28
11.39044,55.32523,1993,10,4,277,1993-10-04,12.38,13.81,11.14,90.42,1.88,4.71,6.88
11.39044,55.32523,1993,10,5,278,1993-10-05,12.26,14.58,9.82,93.53,0.5,4.82,4.23
11.39044,55.32523,1993,10,6,279,1993-10-06,12.3,13.63,11.24,96.5,2.83,3.07,3.93
11.39044,55.32523,1993,10,7,280,1993-10-07,12.24,14.66,10.74,92.99,0.46,6.87,2.92
11.39044,55.32523,1993,10,8,281,1993-10-08,11.82,14.71,9.97,92.07,0.63,8.05,4.38
11.39044,55.32523,1993,10,9,282,1993-10-09,11.83,12.9,10.92,93.67,18.37,3.14,6.5
11.39044,55.32523,1993,10,10,283,1993-10-10,10.97,12.7,9.32,91.92,1.16,5.27,5.49
11.39044,55.32523,1993,10,11,284,1993-10-11,10.74,12.72,8.69,96.47,1.83,7.24,2.4
11.39044,55.32523,1993,10,12,285,1993-10-12,12.07,14.36,10.44,94.05,14.53,1.7,6.07
11.39044,55.32523,1993,10,13,286,1993-10-13,9.79,12.27,8.3,83.97,4.83,5.42,6.07
11.39044,55.32523,1993,10,14,287,1993-10-14,6.22,7.53,4.65,85.98,5.74,2.6,6.71
11.39044,55.32523,1993,10,15,288,1993-10-15,6,8.43,3.53,71.43,0.29,7.75,3.17
11.39044,55.32523,1993,10,16,289,1993-10-16,6.4,7.78,5.48,80.87,1.05,7.13,6.16
11.39044,55.32523,1993,10,17,290,1993-10-17,5.49,7.41,4.32,76.04,0.11,7.02,6.06
11.39044,55.32523,1993,10,18,291,1993-10-18,5.24,8.59,2.54,77.15,0,8.07,2.95
11.39044,55.32523,1993,10,19,292,1993-10-19,5,8.26,2.9,81.83,0,7.87,3.42
11.39044,55.32523,1993,10,20,293,1993-10-20,4.72,6.77,3.11,80.86,0,4.46,3.24
11.39044,55.32523,1993,10,21,294,1993-10-21,5.64,7.22,4.62,93.2,1.85,2.08,3.97
11.39044,55.32523,1993,10,22,295,1993-10-22,5.36,7.17,3.37,87.34,0.13,4.97,6.95
11.39044,55.32523,1993,10,23,296,1993-10-23,3.86,6.5,2.16,88.16,0.01,6.11,5.57
11.39044,55.32523,1993,10,24,297,1993-10-24,4.36,7.95,1.05,90.65,0.01,3.74,2.88
11.39044,55.32523,1993,10,25,298,1993-10-25,6.2,9.05,4.28,91.45,0.13,6.03,2.61
11.39044,55.32523,1993,10,26,299,1993-10-26,6.08,8.09,3.98,97.31,0.15,4.27,2.86
11.39044,55.32523,1993,10,27,300,1993-10-27,6.09,9,4.64,94.15,0.04,6.17,1.78
11.39044,55.32523,1993,10,28,301,1993-10-28,5.96,6.85,5.38,94.76,0.49,1.76,2.11
11.39044,55.32523,1993,10,29,302,1993-10-29,5.23,6.02,4.3,93.04,0.41,1.79,2.61
11.39044,55.32523,1993,10,30,303,1993-10-30,6.02,7.73,4.76,88.48,0.01,5.93,3
11.39044,55.32523,1993,10,31,304,1993-10-31,5.35,6.85,3.91,94.25,0.11,2.47,2.35
11.39044,55.32523,1993,11,1,305,1993-11-01,5.94,9,4.37,90.47,0.06,4.97,2.76
11.39044,55.32523,1993,11,2,306,1993-11-02,5.25,8.13,3.71,96.45,0.17,4.08,3.97
11.39044,55.32523,1993,11,3,307,1993-11-03,6.56,8.04,5.48,93.46,0.32,2.06,4.79
11.39044,55.32523,1993,11,4,308,1993-11-04,6.48,7.41,5.92,91.63,0.21,1.68,4.32
11.39044,55.32523,1993,11,5,309,1993-11-05,6.57,7.49,5.67,93.9,0.23,1.17,4.62
11.39044,55.32523,1993,11,6,310,1993-11-06,5.03,6.12,3.63,91.81,0.25,2.15,6.81
11.39044,55.32523,1993,11,7,311,1993-11-07,6.13,6.6,5.23,89.98,0.87,2.57,6.75
11.39044,55.32523,1993,11,8,312,1993-11-08,4.94,5.64,4.24,93.23,4.98,1.13,5.12
11.39044,55.32523,1993,11,9,313,1993-11-09,5.12,6.79,4.04,90.11,0.57,2.12,2.07
11.39044,55.32523,1993,11,10,314,1993-11-10,6.26,7.27,4.98,94.08,0.11,1.24,5.21
11.39044,55.32523,1993,11,11,315,1993-11-11,5.4,6.17,4.64,92.34,3.06,1.53,8.2
11.39044,55.32523,1993,11,12,316,1993-11-12,6.4,7.97,5.07,93.11,1.07,3.32,5.67
11.39044,55.32523,1993,11,13,317,1993-11-13,5.58,6.4,4.61,95.42,7.89,1.21,6.66
11.39044,55.32523,1993,11,14,318,1993-11-14,4.44,6.29,1.9,91.92,10.3,1.43,8.87
11.39044,55.32523,1993,11,15,319,1993-11-15,2.26,3.14,1.04,81.96,1.65,0.87,7.41
11.39044,55.32523,1993,11,16,320,1993-11-16,1.2,2.66,0.04,79.17,0,3.11,2.43
11.39044,55.32523,1993,11,17,321,1993-11-17,2.33,3.88,0.81,82.21,0,1.84,1.51
11.39044,55.32523,1993,11,18,322,1993-11-18,2.28,3.19,1.42,83.01,0.01,3.31,0.7
11.39044,55.32523,1993,11,19,323,1993-11-19,1.8,2.85,0.79,90.7,0.31,1.88,4.02
11.39044,55.32523,1993,11,20,324,1993-11-20,0.58,1.12,-0.25,85.71,1.07,1.75,8.79
11.39044,55.32523,1993,11,21,325,1993-11-21,0.38,1.48,-0.72,77.55,2.03,1.56,10.4
11.39044,55.32523,1993,11,22,326,1993-11-22,0.37,1.01,-0.65,86.87,3.57,0.83,5.07
11.39044,55.32523,1993,11,23,327,1993-11-23,-0.31,0.93,-1.39,87.41,6.96,1.04,6.82
11.39044,55.32523,1993,11,24,328,1993-11-24,-0.33,1.57,-1.84,86.55,0.09,2.8,4.72
11.39044,55.32523,1993,11,25,329,1993-11-25,-0.55,0.88,-1.38,84.96,0.06,0.9,2.44
11.39044,55.32523,1993,11,26,330,1993-11-26,-0.07,1.19,-0.73,93.49,0.15,2.05,2.78
11.39044,55.32523,1993,11,27,331,1993-11-27,0.81,2.11,-0.14,93.51,0.25,1.72,2.66
11.39044,55.32523,1993,11,28,332,1993-11-28,-0.29,0.74,-1.18,94.59,0.07,1.99,4.59
11.39044,55.32523,1993,11,29,333,1993-11-29,-0.71,0.78,-2.74,96.76,0.25,1.15,4.82
11.39044,55.32523,1993,11,30,334,1993-11-30,-1.84,-0.06,-2.6,88.52,0.18,0.77,5.81
11.39044,55.32523,1993,12,1,335,1993-12-01,-1.88,-0.85,-2.5,92.39,0.12,1.6,6.01
11.39044,55.32523,1993,12,2,336,1993-12-02,1.23,3.57,-1.96,95.97,3.01,0.72,5.8
11.39044,55.32523,1993,12,3,337,1993-12-03,4.15,4.98,2.59,99.22,6.52,0.67,6.15
11.39044,55.32523,1993,12,4,338,1993-12-04,4.81,6.11,4.13,94.73,2.24,0.92,8.25
11.39044,55.32523,1993,12,5,339,1993-12-05,4.58,6.14,2.85,93.57,0.34,1.94,7.6
11.39044,55.32523,1993,12,6,340,1993-12-06,4.34,5.01,3.09,98.03,0.55,1.12,5.81
11.39044,55.32523,1993,12,7,341,1993-12-07,4.3,5.1,3.12,92.98,5.3,0.69,8.37
11.39044,55.32523,1993,12,8,342,1993-12-08,3.1,4.19,2.2,94.1,2.05,1.72,5.82
11.39044,55.32523,1993,12,9,343,1993-12-09,3.61,4.83,1.38,96.21,12.17,1.13,4.94
11.39044,55.32523,1993,12,10,344,1993-12-10,2.42,4.73,-0.91,95.83,5.4,0.96,6.07
11.39044,55.32523,1993,12,11,345,1993-12-11,3.49,4.6,0.72,91.65,2.71,0.55,8.49
11.39044,55.32523,1993,12,12,346,1993-12-12,1.89,3.61,0.48,96.79,0.02,1.68,5.3
11.39044,55.32523,1993,12,13,347,1993-12-13,0.36,1.19,-0.69,92.3,2.19,0.61,6.74
11.39044,55.32523,1993,12,14,348,1993-12-14,-0.66,0.37,-1.8,84.69,0.02,1.32,4.26
11.39044,55.32523,1993,12,15,349,1993-12-15,0.84,1.77,-0.54,89.99,2.97,0.48,8.13
11.39044,55.32523,1993,12,16,350,1993-12-16,2.11,3.17,0.93,97,6.07,0.37,6.18
11.39044,55.32523,1993,12,17,351,1993-12-17,2.34,3.21,1.18,96.87,1.05,1.04,5.92
11.39044,55.32523,1993,12,18,352,1993-12-18,2.7,5.33,0.37,97.5,1.27,0.51,6.06
11.39044,55.32523,1993,12,19,353,1993-12-19,6.57,8.77,4.84,93.06,11.09,1.12,11.2
11.39044,55.32523,1993,12,20,354,1993-12-20,2.53,4.92,1.11,80.13,1.01,1.59,10
11.39044,55.32523,1993,12,21,355,1993-12-21,1,2.71,-0.15,96.85,0.02,1.29,4.76
11.39044,55.32523,1993,12,22,356,1993-12-22,1.7,2.44,1.18,94.25,1.12,1.14,6.9
11.39044,55.32523,1993,12,23,357,1993-12-23,1.89,2.69,1.23,96.03,2.95,1.26,5.9
11.39044,55.32523,1993,12,24,358,1993-12-24,1.19,2.01,0.27,97.15,0.36,0.57,2.95
11.39044,55.32523,1993,12,25,359,1993-12-25,0.76,1.02,0.41,96.39,11.03,0.47,6.42
11.39044,55.32523,1993,12,26,360,1993-12-26,0.96,1.5,0.25,91.29,4.21,0.48,8.42
11.39044,55.32523,1993,12,27,361,1993-12-27,-0.09,0.54,-0.82,93.82,1.54,0.5,5.36
11.39044,55.32523,1993,12,28,362,1993-12-28,-0.05,1.11,-0.85,93.09,4.56,1.01,4.95
11.39044,55.32523,1993,12,29,363,1993-12-29,0.25,1.22,-1.31,95.24,2.58,1.29,6.51
11.39044,55.32523,1993,12,30,364,1993-12-30,1.78,2.63,0.68,97.23,3.15,0.92,4.6
11.39044,55.32523,1993,12,31,365,1993-12-31,2.2,2.9,1.67,97.27,0.6,1.28,5.73
11.39044,55.32523,1994,1,1,1,1994-01-01,0.55,1.48,-0.91,96.16,0.3,1.81,4.33
11.39044,55.32523,1994,1,2,2,1994-01-02,0.2,1.23,-0.68,96.01,0.16,0.41,4.43
11.39044,55.32523,1994,1,3,3,1994-01-03,0.3,1.68,-0.81,91.41,0.1,1.98,4.49
11.39044,55.32523,1994,1,4,4,1994-01-04,2.1,3.25,0.71,93.72,10.35,0.77,6.73
11.39044,55.32523,1994,1,5,5,1994-01-05,2.25,3.18,1.06,96.72,5.96,0.69,4.96
11.39044,55.32523,1994,1,6,6,1994-01-06,2.45,3.64,1.27,97.98,1.62,0.57,4.26
11.39044,55.32523,1994,1,7,7,1994-01-07,3.12,3.91,2.05,95.18,3.99,0.49,5.17
11.39044,55.32523,1994,1,8,8,1994-01-08,2.4,3.8,0.59,96.23,0.2,1.52,4.74
11.39044,55.32523,1994,1,9,9,1994-01-09,1.3,2.92,0.05,97,0.32,1.93,4.95
11.39044,55.32523,1994,1,10,10,1994-01-10,2.27,3.06,1.38,96.29,0.41,1.23,6.03
11.39044,55.32523,1994,1,11,11,1994-01-11,2.1,2.63,1.37,95.52,0.74,1.33,5.61
11.39044,55.32523,1994,1,12,12,1994-01-12,3.16,4.63,1.62,95.63,3.88,1.3,6.09
11.39044,55.32523,1994,1,13,13,1994-01-13,5.95,7.47,4.48,91.57,5.49,1.27,9.79
11.39044,55.32523,1994,1,14,14,1994-01-14,4.93,5.54,3.76,90.98,1.91,1.37,9.63
11.39044,55.32523,1994,1,15,15,1994-01-15,3.35,4.27,2.24,94.72,0.6,1.21,5.54
11.39044,55.32523,1994,1,16,16,1994-01-16,-1.01,1.69,-2.49,80.91,0.01,1.43,4.72
11.39044,55.32523,1994,1,17,17,1994-01-17,-0.84,0.76,-2.52,84.6,1.46,2.34,4.6
11.39044,55.32523,1994,1,18,18,1994-01-18,1.61,2.8,-0.44,95.29,13.13,0.46,7.45
11.39044,55.32523,1994,1,19,19,1994-01-19,2.67,3.49,1.86,96.01,4.69,1.16,5.22
11.39044,55.32523,1994,1,20,20,1994-01-20,2.32,3.36,1.12,94.79,0.3,2.39,5.28
11.39044,55.32523,1994,1,21,21,1994-01-21,4.04,4.72,3.08,96.68,0.41,0.56,8.12
11.39044,55.32523,1994,1,22,22,1994-01-22,4.15,5.1,3.05,92.87,0.12,1.65,7.21
11.39044,55.32523,1994,1,23,23,1994-01-23,3.36,5.01,1.62,88.72,5.52,2.37,10
11.39044,55.32523,1994,1,24,24,1994-01-24,2.64,3.52,2.11,84.79,0.93,2.93,11.01
11.39044,55.32523,1994,1,25,25,1994-01-25,2.02,4.47,0.62,95.61,6.68,1.52,6.5
11.39044,55.32523,1994,1,26,26,1994-01-26,2.79,3.55,1.59,94.85,1.16,2.06,6.67
11.39044,55.32523,1994,1,27,27,1994-01-27,4.26,5.65,2.33,90.76,5.85,1.24,9.52
11.39044,55.32523,1994,1,28,28,1994-01-28,2.77,4.49,0.92,88.6,2.71,1.39,8.95
11.39044,55.32523,1994,1,29,29,1994-01-29,0.44,0.96,-0.29,85.99,1.04,2.53,3.42
11.39044,55.32523,1994,1,30,30,1994-01-30,3.88,5.71,0.82,90.19,3.99,2.4,9.67
11.39044,55.32523,1994,1,31,31,1994-01-31,3.54,5.04,1.73,84.65,0.09,2.7,9.85
11.39044,55.32523,1994,2,1,32,1994-02-01,2.84,3.79,1.69,94.87,2.04,4.71,4.26
11.39044,55.32523,1994,2,2,33,1994-02-02,2.81,4.51,1.01,93.09,7.89,4.76,8.02
11.39044,55.32523,1994,2,3,34,1994-02-03,-0.08,0.78,-0.81,89.15,0.2,2.84,5.01
11.39044,55.32523,1994,2,4,35,1994-02-04,-0.3,0.84,-1.56,84.99,0.14,1.95,8.3
11.39044,55.32523,1994,2,5,36,1994-02-05,0.15,0.49,-0.09,81.27,0.06,1.88,8.45
11.39044,55.32523,1994,2,6,37,1994-02-06,0.35,1.22,-0.33,88.27,0.88,1.94,5.53
11.39044,55.32523,1994,2,7,38,1994-02-07,0.34,1.39,-0.49,92.02,1.49,1.65,4.41
11.39044,55.32523,1994,2,8,39,1994-02-08,0.49,1.76,-0.56,89.74,0.26,6.02,1.96
11.39044,55.32523,1994,2,9,40,1994-02-09,1.47,2.71,0.09,96.43,2.08,6.19,5.25
11.39044,55.32523,1994,2,10,41,1994-02-10,1.61,2.47,0.95,96.9,3.6,3.99,4.16
11.39044,55.32523,1994,2,11,42,1994-02-11,0.45,1.78,-1.68,89.99,0.3,2.85,4.88
11.39044,55.32523,1994,2,12,43,1994-02-12,-2.13,-0.6,-3.53,81.87,0.18,2.46,7.25
11.39044,55.32523,1994,2,13,44,1994-02-13,-4.16,-3.74,-4.63,72.07,0.01,3.42,9.74
11.39044,55.32523,1994,2,14,45,1994-02-14,-3.69,-1.64,-4.95,72.57,0,5.28,8.09
11.39044,55.32523,1994,2,15,46,1994-02-15,-2.83,-0.5,-4.6,77.74,0,6.21,7.56
11.39044,55.32523,1994,2,16,47,1994-02-16,-2.83,-0.4,-4.5,81.23,0,4.05,5.99
11.39044,55.32523,1994,2,17,48,1994-02-17,-2.76,-0.04,-4.99,83.83,0,3.99,3.68
11.39044,55.32523,1994,2,18,49,1994-02-18,-3.1,-0.28,-6.01,85.62,0.04,4.82,2.71
11.39044,55.32523,1994,2,19,50,1994-02-19,-2.6,-0.69,-4.46,86.22,0.4,4.3,4.28
11.39044,55.32523,1994,2,20,51,1994-02-20,-2.34,-1.2,-3.43,85.53,1.16,6.78,6.34
11.39044,55.32523,1994,2,21,52,1994-02-21,-0.61,0.56,-1.58,88.35,1.1,3.23,6.45
11.39044,55.32523,1994,2,22,53,1994-02-22,-0.78,-0.07,-1.94,90.04,2.59,3.24,1.96
11.39044,55.32523,1994,2,23,54,1994-02-23,-1.57,-0.02,-3.1,89.8,0.94,5.25,3.81
11.39044,55.32523,1994,2,24,55,1994-02-24,-2.21,-0.82,-3.46,79.35,0.09,5.8,1.19
11.39044,55.32523,1994,2,25,56,1994-02-25,-1.17,1.4,-3.44,93.38,0.63,4.52,3.02
11.39044,55.32523,1994,2,26,57,1994-02-26,-0.95,0.17,-2.67,94.06,9.71,6.5,5.71
11.39044,55.32523,1994,2,27,58,1994-02-27,0.04,0.56,-0.45,95.21,8.85,3.08,6.77
11.39044,55.32523,1994,2,28,59,1994-02-28,-0.9,0.35,-3.29,93.53,5.56,8.28,5.83
11.39044,55.32523,1994,3,1,60,1994-03-01,-2.64,-1.68,-4.22,93.24,1.94,3,8.21
11.39044,55.32523,1994,3,2,61,1994-03-02,-0.87,0.12,-2.13,94.25,5.35,2.19,5.81
11.39044,55.32523,1994,3,3,62,1994-03-03,0.1,1.4,-1.66,97.48,1.61,3.84,3.3
11.39044,55.32523,1994,3,4,63,1994-03-04,0.64,1.29,-0.31,96.61,1.11,9.02,3.44
11.39044,55.32523,1994,3,5,64,1994-03-05,1.76,3.05,0.79,92.4,2.36,11.65,6.83
11.39044,55.32523,1994,3,6,65,1994-03-06,2.42,4.05,0.64,93.85,1.34,10.69,7.33
11.39044,55.32523,1994,3,7,66,1994-03-07,3.58,5.85,1.56,94.58,4.79,4.08,8.29
11.39044,55.32523,1994,3,8,67,1994-03-08,3.58,6.01,0.92,97.75,1.96,3.66,6.43
11.39044,55.32523,1994,3,9,68,1994-03-09,4.21,5.82,2.31,95.76,5.55,7.33,5.23
11.39044,55.32523,1994,3,10,69,1994-03-10,3.24,5.03,0.82,88.76,0.43,8.76,8.23
11.39044,55.32523,1994,3,11,70,1994-03-11,2.76,5.86,0.75,89.76,0.03,9.26,6.25
11.39044,55.32523,1994,3,12,71,1994-03-12,2.76,5.47,0.86,88.38,0.25,7.74,5.69
11.39044,55.32523,1994,3,13,72,1994-03-13,2.41,5.03,0.46,91.34,9.53,8.17,10.3
11.39044,55.32523,1994,3,14,73,1994-03-14,4.3,6.4,2.99,89.08,3.07,2.72,11.07
11.39044,55.32523,1994,3,15,74,1994-03-15,3.24,5.65,0.85,83.41,0.01,11.33,7.44
11.39044,55.32523,1994,3,16,75,1994-03-16,2.47,4.07,0.94,87.71,2.02,7.71,8.2
11.39044,55.32523,1994,3,17,76,1994-03-17,2.29,3.93,0.85,87.24,1.2,9.57,7.94
11.39044,55.32523,1994,3,18,77,1994-03-18,2.39,4.45,0.59,83.07,0.14,11.23,6.75
11.39044,55.32523,1994,3,19,78,1994-03-19,0.96,1.71,0.12,94.32,10.47,3.1,4.92
11.39044,55.32523,1994,3,20,79,1994-03-20,0.79,2.88,-1.68,72.92,0.16,10.88,2.95
11.39044,55.32523,1994,3,21,80,1994-03-21,1.3,3.7,-0.94,73.65,0.06,12.85,2.43
11.39044,55.32523,1994,3,22,81,1994-03-22,1.52,3.24,-1.16,92.96,2.02,6.34,6.47
11.39044,55.32523,1994,3,23,82,1994-03-23,5.85,7.5,3.44,96.03,9.56,3.86,9.12
11.39044,55.32523,1994,3,24,83,1994-03-24,5.28,6.73,4.05,84.49,2.97,9.34,11.35
11.39044,55.32523,1994,3,25,84,1994-03-25,4.2,5.7,2.86,91.96,5.77,5.67,5.66
11.39044,55.32523,1994,3,26,85,1994-03-26,3.72,5.78,1.62,89.91,0.47,8.67,5.46
11.39044,55.32523,1994,3,27,86,1994-03-27,3.37,7.34,0.07,84.7,0.01,15.8,2.88
11.39044,55.32523,1994,3,28,87,1994-03-28,3.81,6.07,1.04,84,1.22,11.56,6.51
11.39044,55.32523,1994,3,29,88,1994-03-29,6.48,9.34,3.76,90.46,3.76,10.05,6.96
11.39044,55.32523,1994,3,30,89,1994-03-30,6.06,9.85,2.88,85.48,0.01,16.3,5.08
11.39044,55.32523,1994,3,31,90,1994-03-31,6.57,8.48,5.21,88.19,3.02,6.23,6.98
11.39044,55.32523,1994,4,1,91,1994-04-01,6.14,9.77,3.73,90.64,5.11,4.89,10.13
11.39044,55.32523,1994,4,2,92,1994-04-02,5.78,7.7,3.06,86.77,0.15,10.6,5.57
11.39044,55.32523,1994,4,3,93,1994-04-03,4.85,7.6,2.1,83.6,0.06,14.38,4.58
11.39044,55.32523,1994,4,4,94,1994-04-04,3.79,4.96,2.85,89.49,5.74,6.55,7.76
11.39044,55.32523,1994,4,5,95,1994-04-05,4.71,6.97,2.55,82.49,1.55,13.95,6.31
11.39044,55.32523,1994,4,6,96,1994-04-06,4.67,7.3,3.01,85.11,0.39,13.92,3.55
11.39044,55.32523,1994,4,7,97,1994-04-07,3.8,6.64,1.81,87.28,0.15,16.89,1.53
11.39044,55.32523,1994,4,8,98,1994-04-08,4.85,7.41,1.89,82.17,0.05,18.33,2.87
11.39044,55.32523,1994,4,9,99,1994-04-09,4.88,7.69,3.17,91.04,1.97,10.24,6.68
11.39044,55.32523,1994,4,10,100,1994-04-10,5.55,8.41,3.03,91.36,0.75,10.29,5.43
11.39044,55.32523,1994,4,11,101,1994-04-11,6.54,10.34,2.75,78.78,0,16.97,5.2
11.39044,55.32523,1994,4,12,102,1994-04-12,7.32,11.72,2.58,82.07,0.02,18.07,4.97
11.39044,55.32523,1994,4,13,103,1994-04-13,6.58,7.73,5.51,89.86,9.67,6.98,6.97
11.39044,55.32523,1994,4,14,104,1994-04-14,6.3,8.27,4.87,90.93,5.95,6.58,5.38
11.39044,55.32523,1994,4,15,105,1994-04-15,6.38,7.69,5.21,89.33,0.92,8.79,3.14
11.39044,55.32523,1994,4,16,106,1994-04-16,6.91,9.33,4.75,84.33,0.24,11.42,2.13
11.39044,55.32523,1994,4,17,107,1994-04-17,5.6,7.68,3.74,79.98,0.06,19.76,5.48
11.39044,55.32523,1994,4,18,108,1994-04-18,4.32,6.17,1.97,67.87,0,19.47,4.16
11.39044,55.32523,1994,4,19,109,1994-04-19,5.01,7.87,1.78,80.99,0.05,14.29,2.2
11.39044,55.32523,1994,4,20,110,1994-04-20,5.42,8.47,3.4,88.41,0.14,16.67,2.71
11.39044,55.32523,1994,4,21,111,1994-04-21,6.99,11.05,3.89,84.86,0.04,14.84,4.01
11.39044,55.32523,1994,4,22,112,1994-04-22,7.81,11.75,4.07,83.3,0.08,17.92,2.24
11.39044,55.32523,1994,4,23,113,1994-04-23,8.43,13.98,4.7,86.84,0.02,17.99,4.38
11.39044,55.32523,1994,4,24,114,1994-04-24,8.98,13.65,5.46,84.73,0.02,20.7,5.74
11.39044,55.32523,1994,4,25,115,1994-04-25,8.74,13.4,5.1,82.53,0.01,21.6,4.61
11.39044,55.32523,1994,4,26,116,1994-04-26,7.6,10.56,4.91,88.33,0.3,18.43,2.9
11.39044,55.32523,1994,4,27,117,1994-04-27,8.58,12.07,5.14,93,0.1,17.44,2.87
11.39044,55.32523,1994,4,28,118,1994-04-28,9.71,13.22,7.56,94.44,0.23,10.11,4.13
11.39044,55.32523,1994,4,29,119,1994-04-29,10.06,13.63,6.98,91.9,0.07,15.32,4.34
11.39044,55.32523,1994,4,30,120,1994-04-30,8.72,11.26,5.64,85.67,0.58,14.64,6.5
11.39044,55.32523,1994,5,1,121,1994-05-01,7.5,9.9,5.69,76.77,0.04,21.37,5.32
11.39044,55.32523,1994,5,2,122,1994-05-02,8.72,11.57,4.62,73.28,0,24.61,2.25
11.39044,55.32523,1994,5,3,123,1994-05-03,8.85,12.34,5.19,80.15,0,23.19,4.66
11.39044,55.32523,1994,5,4,124,1994-05-04,8.68,11.45,6.39,78.2,1.58,16.58,7.41
11.39044,55.32523,1994,5,5,125,1994-05-05,9.21,11.62,6.85,86.39,0.55,10.45,1.99
11.39044,55.32523,1994,5,6,126,1994-05-06,8.68,11.37,5.06,80.19,0.03,18.97,4.26
11.39044,55.32523,1994,5,7,127,1994-05-07,10.05,13.66,7.37,75.45,0.13,18.16,5.88
11.39044,55.32523,1994,5,8,128,1994-05-08,11.38,15.41,7.4,76,0,23.67,7.39
11.39044,55.32523,1994,5,9,129,1994-05-09,11.87,16.5,8.26,80.96,0.04,24.34,4.36
11.39044,55.32523,1994,5,10,130,1994-05-10,11.88,16.59,7.39,72.6,0,25.38,3.33
11.39044,55.32523,1994,5,11,131,1994-05-11,12.58,16.97,7.38,74.69,0,24.79,3.01
11.39044,55.32523,1994,5,12,132,1994-05-12,12.67,16.62,8.81,75.71,0,25.5,5.42
11.39044,55.32523,1994,5,13,133,1994-05-13,10.59,15.03,6.74,72.95,0,25.66,5.74
11.39044,55.32523,1994,5,14,134,1994-05-14,10.88,15.04,5.99,77.79,0,25.38,4.97
11.39044,55.32523,1994,5,15,135,1994-05-15,12.89,16.26,8.95,88.64,1.34,10.44,2.81
11.39044,55.32523,1994,5,16,136,1994-05-16,13.73,16.44,11.43,83.73,1.13,11.22,1.43
11.39044,55.32523,1994,5,17,137,1994-05-17,11.61,13.56,9.72,92.09,12.99,8.66,3.45
11.39044,55.32523,1994,5,18,138,1994-05-18,10.26,13.33,8.28,87.85,1.94,8.19,4.02
11.39044,55.32523,1994,5,19,139,1994-05-19,9.96,12.87,7.66,83.99,0.55,15.29,5.24
11.39044,55.32523,1994,5,20,140,1994-05-20,10.66,13.55,8.01,73.93,0,24,4.39
11.39044,55.32523,1994,5,21,141,1994-05-21,10.88,13.89,7.15,78.31,0,24.74,2.99
11.39044,55.32523,1994,5,22,142,1994-05-22,9.02,9.61,8.05,87.57,4.11,10.02,6.88
11.39044,55.32523,1994,5,23,143,1994-05-23,12.36,15.11,8.94,88.35,10.61,12.77,2.18
11.39044,55.32523,1994,5,24,144,1994-05-24,11.73,14.1,9.29,88.59,1.96,10.63,3.25
11.39044,55.32523,1994,5,25,145,1994-05-25,12.21,15.33,8.79,89.16,3.26,8.75,3.28
11.39044,55.32523,1994,5,26,146,1994-05-26,12.39,13.98,10.16,82.93,2.45,19.5,3.34
11.39044,55.32523,1994,5,27,147,1994-05-27,11.38,13.93,8.75,70.31,0.26,22.62,3.3
11.39044,55.32523,1994,5,28,148,1994-05-28,11.62,13.57,9.26,75.52,0.15,25.16,5.08
11.39044,55.32523,1994,5,29,149,1994-05-29,10.08,12.04,7.78,74.11,0.62,24.67,6.26
11.39044,55.32523,1994,5,30,150,1994-05-30,11.1,14.11,8.15,74.03,0.33,25.07,5.75
11.39044,55.32523,1994,5,31,151,1994-05-31,11.14,13.16,8.8,84.75,3.29,10.71,8.24
11.39044,55.32523,1994,6,1,152,1994-06-01,12.73,15.71,8.75,83.69,0.02,22.49,4.93
11.39044,55.32523,1994,6,2,153,1994-06-02,13.52,15.87,10.26,93.08,6.54,13.17,3.75
11.39044,55.32523,1994,6,3,154,1994-06-03,13.89,16.48,11.87,84.46,1.19,13.57,6.97
11.39044,55.32523,1994,6,4,155,1994-06-04,12.32,14.41,9.97,82.67,1.97,16.3,6.32
11.39044,55.32523,1994,6,5,156,1994-06-05,11.29,13.78,9.19,79.58,1.25,21.66,6.18
11.39044,55.32523,1994,6,6,157,1994-06-06,12.3,14.93,9.24,76.53,0.79,18.36,6.31
11.39044,55.32523,1994,6,7,158,1994-06-07,14.07,16.56,11.14,82.05,0.47,17.79,6.05
11.39044,55.32523,1994,6,8,159,1994-06-08,13.34,16.02,10.23,78.18,0.58,21.98,4.27
11.39044,55.32523,1994,6,9,160,1994-06-09,11.98,14.02,9.93,75.18,5.84,19.48,4.63
11.39044,55.32523,1994,6,10,161,1994-06-10,12.21,13.77,9.96,79.5,3.93,17.14,3.1
11.39044,55.32523,1994,6,11,162,1994-06-11,14.05,16.61,10.34,76.27,0.18,25.57,1.33
11.39044,55.32523,1994,6,12,163,1994-06-12,13.99,16.42,10.57,81.83,0.01,19.95,4.65
11.39044,55.32523,1994,6,13,164,1994-06-13,15.36,18.44,12.19,83.67,0.2,23.58,4.92
11.39044,55.32523,1994,6,14,165,1994-06-14,14.06,18.78,10.34,75.5,0,25.9,6.1
11.39044,55.32523,1994,6,15,166,1994-06-15,11.29,12.97,9.58,77.28,4.03,15.94,7.65
11.39044,55.32523,1994,6,16,167,1994-06-16,11.03,13.38,9.04,69.65,0.35,22.72,7.75
11.39044,55.32523,1994,6,17,168,1994-06-17,11.7,14.74,7.91,69.35,0.14,22.27,5.25
11.39044,55.32523,1994,6,18,169,1994-06-18,12.16,14.08,9.59,84.55,8.98,7.41,6.44
11.39044,55.32523,1994,6,19,170,1994-06-19,13.77,16.23,10.94,84.92,5.2,11.95,8.16
11.39044,55.32523,1994,6,20,171,1994-06-20,13.26,15.99,9.86,75.19,0,26.71,5.77
11.39044,55.32523,1994,6,21,172,1994-06-21,14.39,16.74,11.43,87.69,8.53,10.2,5.3
11.39044,55.32523,1994,6,22,173,1994-06-22,14.25,16.43,11.91,76.21,1.41,21.67,8.68
11.39044,55.32523,1994,6,23,174,1994-06-23,13.03,15.19,10.83,71.38,0.17,24.86,10.4
11.39044,55.32523,1994,6,24,175,1994-06-24,13.4,16.47,9.66,75.14,0,26.8,3.99
11.39044,55.32523,1994,6,25,176,1994-06-25,16,19.65,10.86,78.36,0,27.27,5.32
11.39044,55.32523,1994,6,26,177,1994-06-26,17.58,19.78,15.12,87.5,0.9,21.34,3.99
11.39044,55.32523,1994,6,27,178,1994-06-27,16.89,19.93,13.48,82.07,0,26.79,4.18
11.39044,55.32523,1994,6,28,179,1994-06-28,18,21.64,13.37,83.28,0.04,23.16,1.6
11.39044,55.32523,1994,6,29,180,1994-06-29,17.76,20.84,13.7,87.86,3.92,16.54,4.89
11.39044,55.32523,1994,6,30,181,1994-06-30,15.68,18.47,12.45,78.38,0.01,20.23,5.66
11.39044,55.32523,1994,7,1,182,1994-07-01,14.81,17.32,11.32,77.4,0,24.11,3.06
11.39044,55.32523,1994,7,2,183,1994-07-02,15.95,19.05,11.83,80.4,0.01,27.21,2.66
11.39044,55.32523,1994,7,3,184,1994-07-03,17.96,22.82,13.01,81.28,0.04,26.64,3.53
11.39044,55.32523,1994,7,4,185,1994-07-04,18.28,22.01,14.56,75.11,0,27.03,5.81
11.39044,55.32523,1994,7,5,186,1994-07-05,15.09,16.15,14.19,78.93,4.38,10.35,6.37
11.39044,55.32523,1994,7,6,187,1994-07-06,16.74,19.22,13.9,84.04,0.61,20.5,2.94
11.39044,55.32523,1994,7,7,188,1994-07-07,17.98,21.46,13.57,76.81,0.17,27.01,2.17
11.39044,55.32523,1994,7,8,189,1994-07-08,17.7,21.02,13.64,74.73,0.15,26.44,1.9
11.39044,55.32523,1994,7,9,190,1994-07-09,17.65,20.12,14.22,81.79,0.07,24.82,4.02
11.39044,55.32523,1994,7,10,191,1994-07-10,18.24,21.02,14.43,80.21,0,25.47,2.39
11.39044,55.32523,1994,7,11,192,1994-07-11,20.23,23.39,16.2,77.17,0,23.41,2.67
11.39044,55.32523,1994,7,12,193,1994-07-12,20.43,24.34,16.12,76.6,0,26.28,3.75
11.39044,55.32523,1994,7,13,194,1994-07-13,21.28,25.39,17.17,79.81,0.02,26.32,4.46
11.39044,55.32523,1994,7,14,195,1994-07-14,21.6,25.88,17.8,80.16,0.07,26.89,4.2
11.39044,55.32523,1994,7,15,196,1994-07-15,19.89,22.03,17.42,84.15,0.14,16.05,2.95
11.39044,55.32523,1994,7,16,197,1994-07-16,18.36,20.46,15.14,79.83,0.66,17.39,4.13
11.39044,55.32523,1994,7,17,198,1994-07-17,16.97,19.73,13.4,72.88,0.03,20.67,4.27
11.39044,55.32523,1994,7,18,199,1994-07-18,18.52,21.06,15.31,77.73,0.2,23.29,2.32
11.39044,55.32523,1994,7,19,200,1994-07-19,19.07,21.87,15.22,73.7,0.05,25.38,1.92
11.39044,55.32523,1994,7,20,201,1994-07-20,21.22,24.58,16.48,66.1,0,25.09,0.85
11.39044,55.32523,1994,7,21,202,1994-07-21,21.04,24.16,17.92,71.81,0,25.3,1.85
11.39044,55.32523,1994,7,22,203,1994-07-22,20.92,24.79,16.63,79.73,0.01,21.81,2.39
11.39044,55.32523,1994,7,23,204,1994-07-23,21.28,25.19,17.54,78.25,0.02,20.28,2.77
11.39044,55.32523,1994,7,24,205,1994-07-24,21.54,25.5,17.38,76.74,0,23.85,4.13
11.39044,55.32523,1994,7,25,206,1994-07-25,22.13,25.51,19.15,76.25,0,25.78,5.43
11.39044,55.32523,1994,7,26,207,1994-07-26,23.39,28.01,19.3,79.77,0.15,22.3,3.32
11.39044,55.32523,1994,7,27,208,1994-07-27,23.04,26.52,18.42,76.95,0.29,22.65,2.03
11.39044,55.32523,1994,7,28,209,1994-07-28,23.91,27.72,20.62,81.38,1.89,21.29,2.56
11.39044,55.32523,1994,7,29,210,1994-07-29,22.11,24.57,19.17,81.23,0.37,19.67,4.19
11.39044,55.32523,1994,7,30,211,1994-07-30,21.54,24.28,17.84,73.41,0.09,15.41,1.99
11.39044,55.32523,1994,7,31,212,1994-07-31,23.21,26.23,20.79,81.84,0.59,18.99,4.46
11.39044,55.32523,1994,8,1,213,1994-08-01,23.31,26.9,20.38,82.85,0.59,22.4,4.21
11.39044,55.32523,1994,8,2,214,1994-08-02,21.64,24.56,18.9,81.24,4.15,16.11,3.51
11.39044,55.32523,1994,8,3,215,1994-08-03,21.05,23.37,17.49,72.63,0.02,20.55,2.42
11.39044,55.32523,1994,8,4,216,1994-08-04,22.39,25.8,18.58,73.98,0,22.1,2.73
11.39044,55.32523,1994,8,5,217,1994-08-05,23.79,27.42,20.01,73.52,0.19,19.61,5.1
11.39044,55.32523,1994,8,6,218,1994-08-06,21.42,23.46,17.99,75.51,0.11,21.32,5.45
11.39044,55.32523,1994,8,7,219,1994-08-07,19.62,22.39,16.51,73.24,0.05,22.72,4.18
11.39044,55.32523,1994,8,8,220,1994-08-08,20.93,23.56,17.54,68.98,0.3,19.16,0.81
11.39044,55.32523,1994,8,9,221,1994-08-09,21.04,23.37,18.2,70.66,0.96,18.72,1.21
11.39044,55.32523,1994,8,10,222,1994-08-10,20.96,23.81,17.64,72.59,0.18,19.85,2.45
11.39044,55.32523,1994,8,11,223,1994-08-11,20.73,23.37,17.97,76.92,1.59,14.05,6.49
11.39044,55.32523,1994,8,12,224,1994-08-12,20.23,22.46,18.06,78.94,4.62,18.03,4.22
11.39044,55.32523,1994,8,13,225,1994-08-13,17.1,18.7,14.24,77.15,6.44,11.17,7.24
11.39044,55.32523,1994,8,14,226,1994-08-14,14.35,15.3,13.22,76.43,5.44,13.9,9.78
11.39044,55.32523,1994,8,15,227,1994-08-15,17.17,19.78,14.96,83.66,2.1,15.84,6.27
11.39044,55.32523,1994,8,16,228,1994-08-16,15.94,18.4,12.73,68.66,0.11,16.07,3.56
11.39044,55.32523,1994,8,17,229,1994-08-17,17.28,19.84,14.79,73.79,0.97,18.55,4.81
11.39044,55.32523,1994,8,18,230,1994-08-18,14.97,16.39,14.39,87.95,24.38,7.19,2.62
11.39044,55.32523,1994,8,19,231,1994-08-19,17.14,19.03,14.49,79.31,1.86,14.71,2.68
11.39044,55.32523,1994,8,20,232,1994-08-20,16.84,19.33,14.15,79.07,1.16,18.09,5.56
11.39044,55.32523,1994,8,21,233,1994-08-21,15.68,18.1,12.95,80.75,0.94,13.35,3.66
11.39044,55.32523,1994,8,22,234,1994-08-22,16.53,19.36,12.63,76.45,0.08,20.34,2.7
11.39044,55.32523,1994,8,23,235,1994-08-23,16.99,20.27,13.41,73.92,0.01,20.66,2.42
11.39044,55.32523,1994,8,24,236,1994-08-24,16.73,18.35,14.54,86.15,6.42,7.9,5.9
11.39044,55.32523,1994,8,25,237,1994-08-25,17.23,18.75,16.11,88.73,12.96,8.48,3.6
11.39044,55.32523,1994,8,26,238,1994-08-26,17.95,20.05,16,82.5,11.52,17.39,2.61
11.39044,55.32523,1994,8,27,239,1994-08-27,17.18,19.9,13.83,82.73,2.18,13.24,5.73
11.39044,55.32523,1994,8,28,240,1994-08-28,14.87,16.76,13.47,75.49,1.88,13.26,6.3
11.39044,55.32523,1994,8,29,241,1994-08-29,14.76,16.96,13.15,78.82,6.13,12.72,9.15
11.39044,55.32523,1994,8,30,242,1994-08-30,14.7,17.41,11.94,78.66,0.18,15.27,4.96
11.39044,55.32523,1994,8,31,243,1994-08-31,15.07,18.21,11.6,77.71,0.01,17.82,1.91
11.39044,55.32523,1994,9,1,244,1994-09-01,15.68,18.02,13.61,88.5,6.84,9.73,7.62
11.39044,55.32523,1994,9,2,245,1994-09-02,16.67,18.78,14.88,89.98,4.09,10.44,3.79
11.39044,55.32523,1994,9,3,246,1994-09-03,15.83,17.88,13.93,87.2,4.82,10.68,2.49
11.39044,55.32523,1994,9,4,247,1994-09-04,15.89,18.55,12.7,84.78,4,11.15,4.31
11.39044,55.32523,1994,9,5,248,1994-09-05,15.58,17.19,13.86,87.08,3.6,9.66,5.09
11.39044,55.32523,1994,9,6,249,1994-09-06,14.6,16.61,12.73,76.87,0.35,14.77,4.47
11.39044,55.32523,1994,9,7,250,1994-09-07,14.6,16.49,12.93,75.85,2.08,14.78,2.5
11.39044,55.32523,1994,9,8,251,1994-09-08,14.92,16.59,12.69,88.64,3.53,9.64,5.57
11.39044,55.32523,1994,9,9,252,1994-09-09,14.06,14.74,13.18,87.67,26.28,5.6,7.39
11.39044,55.32523,1994,9,10,253,1994-09-10,13.35,14.51,12.63,86.06,8.31,11.17,8.1
11.39044,55.32523,1994,9,11,254,1994-09-11,13.7,16,12.06,82.01,3.61,11.38,7.21
11.39044,55.32523,1994,9,12,255,1994-09-12,13.64,15.44,10.67,90.93,1.18,6.48,4.3
11.39044,55.32523,1994,9,13,256,1994-09-13,14.39,16.53,12.69,83.25,0.68,9.77,8.28
11.39044,55.32523,1994,9,14,257,1994-09-14,13.71,16.45,11.22,85.1,0.16,14.82,3.8
11.39044,55.32523,1994,9,15,258,1994-09-15,13.79,16.04,12.3,86.6,34.19,3.56,10.19
11.39044,55.32523,1994,9,16,259,1994-09-16,13.51,15.07,12.07,89.17,21.45,4.97,9.31
11.39044,55.32523,1994,9,17,260,1994-09-17,13.33,15.03,12.43,88.05,2.89,5.23,5.95
11.39044,55.32523,1994,9,18,261,1994-09-18,11.94,12.73,11.39,89.15,1.27,5.01,6.16
11.39044,55.32523,1994,9,19,262,1994-09-19,12.09,13.72,10.68,90.16,1.94,5.57,3.4
11.39044,55.32523,1994,9,20,263,1994-09-20,12.63,14.97,10.39,88.05,0.69,9.13,2.67
11.39044,55.32523,1994,9,21,264,1994-09-21,11.98,15,9.39,86.95,0.04,12.14,4.68
11.39044,55.32523,1994,9,22,265,1994-09-22,12.76,15.4,10.71,81.24,0.01,10.33,3.14
11.39044,55.32523,1994,9,23,266,1994-09-23,12.94,16.24,9.68,85.87,0.04,12.4,2.22
11.39044,55.32523,1994,9,24,267,1994-09-24,13.65,16.96,9.99,86.9,0.01,12.89,2.16
11.39044,55.32523,1994,9,25,268,1994-09-25,14.33,17.54,11.98,84.4,0.02,5.12,1.29
11.39044,55.32523,1994,9,26,269,1994-09-26,13.08,15.02,11.82,88.79,0.48,6.25,4.23
11.39044,55.32523,1994,9,27,270,1994-09-27,11.56,13.63,9.86,83.59,2.35,6.18,8.18
11.39044,55.32523,1994,9,28,271,1994-09-28,11.15,12.82,9.11,75.63,1.69,9.21,8.45
11.39044,55.32523,1994,9,29,272,1994-09-29,13.17,14.62,10.9,86.37,1.14,4.61,7.48
11.39044,55.32523,1994,9,30,273,1994-09-30,12.96,15.45,10.52,89.47,3.2,4.39,5.49
11.39044,55.32523,1994,10,1,274,1994-10-01,10.79,13.02,8.26,73.31,1.43,10.91,7.15
11.39044,55.32523,1994,10,2,275,1994-10-02,10.23,12.42,7.68,81.63,1.17,4.51,5.54
11.39044,55.32523,1994,10,3,276,1994-10-03,9.47,12.49,6.38,76.41,6.91,8.16,7.98
11.39044,55.32523,1994,10,4,277,1994-10-04,7.03,8.78,6.01,79.72,1.69,7.9,6.53
11.39044,55.32523,1994,10,5,278,1994-10-05,6.87,9.16,5.11,72.3,0.1,10.5,5.32
11.39044,55.32523,1994,10,6,279,1994-10-06,8.91,11.23,5.31,83.95,0.27,4.99,5.16
11.39044,55.32523,1994,10,7,280,1994-10-07,10.52,11.38,9.77,88.34,0.3,3.34,6.59
11.39044,55.32523,1994,10,8,281,1994-10-08,10.06,12.2,8.97,82.93,0.15,4.51,4.32
11.39044,55.32523,1994,10,9,282,1994-10-09,9.03,10.82,6.81,75.17,0.07,6.82,2.37
11.39044,55.32523,1994,10,10,283,1994-10-10,8.89,11.6,5.54,90.62,0.07,5.94,3.24
11.39044,55.32523,1994,10,11,284,1994-10-11,9.87,11.64,7.5,92.33,0.25,5.74,4.57
11.39044,55.32523,1994,10,12,285,1994-10-12,10.08,11.7,8.66,87.48,0.08,6.56,5.54
11.39044,55.32523,1994,10,13,286,1994-10-13,10.89,13.76,9.07,91.34,0.11,3.54,5.8
11.39044,55.32523,1994,10,14,287,1994-10-14,10.29,13.24,8.26,94.43,0.16,8.75,3.78
11.39044,55.32523,1994,10,15,288,1994-10-15,9.33,11.86,7,95.38,0.24,3.72,4.14
11.39044,55.32523,1994,10,16,289,1994-10-16,7.01,9.36,4.35,80.63,0.01,6.73,6.05
11.39044,55.32523,1994,10,17,290,1994-10-17,5.01,6.89,3.25,63.16,0.01,6.22,2.77
11.39044,55.32523,1994,10,18,291,1994-10-18,5.21,7.21,3.7,57.84,0,7.12,1.96
11.39044,55.32523,1994,10,19,292,1994-10-19,6.48,7.52,5.2,70.95,0,4.88,8.1
11.39044,55.32523,1994,10,20,293,1994-10-20,6.94,8.39,5.75,65.95,0,6.93,10.43
11.39044,55.32523,1994,10,21,294,1994-10-21,7,8.77,5.19,77.02,0,6.6,9.15
11.39044,55.32523,1994,10,22,295,1994-10-22,8.27,9.59,6.75,87.38,0.06,3.21,7.32
11.39044,55.32523,1994,10,23,296,1994-10-23,10.42,12.76,8.83,93.98,5.03,4.26,6.2
11.39044,55.32523,1994,10,24,297,1994-10-24,10.11,12.05,8.65,92.54,0.72,4.21,4.64
11.39044,55.32523,1994,10,25,298,1994-10-25,9.17,10.92,7.27,95.02,1.78,4.07,4.32
11.39044,55.32523,1994,10,26,299,1994-10-26,8.97,9.95,7.99,92.71,2.59,2.39,5.33
11.39044,55.32523,1994,10,27,300,1994-10-27,8.31,9.28,7.23,92.8,1.6,1.91,5.69
11.39044,55.32523,1994,10,28,301,1994-10-28,7.96,9.34,6.46,94.19,1.03,3.74,5.18
11.39044,55.32523,1994,10,29,302,1994-10-29,8.39,9.64,7.39,91.05,3.68,2.98,5.57
11.39044,55.32523,1994,10,30,303,1994-10-30,7.32,8.78,6.11,94.59,3.33,1.77,3
11.39044,55.32523,1994,10,31,304,1994-10-31,10.22,11.82,7.71,93.62,11.81,3.46,6.63
11.39044,55.32523,1994,11,1,305,1994-11-01,9.84,10.72,8.88,87.62,3.81,3.43,9.6
11.39044,55.32523,1994,11,2,306,1994-11-02,8.33,10.54,6.34,82.99,0.03,5.12,5.65
11.39044,55.32523,1994,11,3,307,1994-11-03,6.52,9.11,3.48,89.98,0,4.1,5.68
11.39044,55.32523,1994,11,4,308,1994-11-04,7.26,8.9,6.14,82.94,0,4.83,8.79
11.39044,55.32523,1994,11,5,309,1994-11-05,7.13,9.19,5.8,91.5,0.02,4.46,5.98
11.39044,55.32523,1994,11,6,310,1994-11-06,7.87,10.02,6.88,95.76,0.14,3.83,3.2
11.39044,55.32523,1994,11,7,311,1994-11-07,7.52,8.52,6.81,94.1,0.59,3.53,1.9
11.39044,55.32523,1994,11,8,312,1994-11-08,6.96,7.89,6.26,90.84,0.58,2.02,1.66
11.39044,55.32523,1994,11,9,313,1994-11-09,6.18,7.01,5.64,91.26,0.58,2.09,2.74
11.39044,55.32523,1994,11,10,314,1994-11-10,6.65,7.72,5.84,90.89,0.45,1.4,5.12
11.39044,55.32523,1994,11,11,315,1994-11-11,5.75,6.38,4.85,88.72,1.44,1.51,6.36
11.39044,55.32523,1994,11,12,316,1994-11-12,3.98,5.17,1.98,79.64,0.09,3.28,6.87
11.39044,55.32523,1994,11,13,317,1994-11-13,2.11,3.54,0.74,82.48,2.86,1.47,7.32
11.39044,55.32523,1994,11,14,318,1994-11-14,9.25,11.09,3.88,95.16,14.32,1.05,8.67
11.39044,55.32523,1994,11,15,319,1994-11-15,9.25,9.91,7.93,87.53,2.07,0.87,9.83
11.39044,55.32523,1994,11,16,320,1994-11-16,7.73,8.79,6.46,87.19,0.43,1.69,8.93
11.39044,55.32523,1994,11,17,321,1994-11-17,6.49,7.48,5.33,91.4,5.61,2.23,7.44
11.39044,55.32523,1994,11,18,322,1994-11-18,5.12,6.39,3.72,85.45,0.16,0.91,4.46
11.39044,55.32523,1994,11,19,323,1994-11-19,5.1,6.65,3.46,88.53,2.08,0.81,4.8
11.39044,55.32523,1994,11,20,324,1994-11-20,8.78,11.08,6.89,96.75,5.7,0.81,6.33
11.39044,55.32523,1994,11,21,325,1994-11-21,6.98,8.5,5.15,94.17,0.29,2.11,5.83
11.39044,55.32523,1994,11,22,326,1994-11-22,6.16,8.05,5.05,97.06,0.29,1.71,5.13
11.39044,55.32523,1994,11,23,327,1994-11-23,6.58,9.19,4.71,96.66,0.35,1.14,6.15
11.39044,55.32523,1994,11,24,328,1994-11-24,8.4,9.96,6.91,89.02,0.87,0.98,8.93
11.39044,55.32523,1994,11,25,329,1994-11-25,5.68,7.03,4.4,91.12,0.01,1.96,5.16
11.39044,55.32523,1994,11,26,330,1994-11-26,7.12,8.34,5.89,98.36,2.35,0.79,2.62
11.39044,55.32523,1994,11,27,331,1994-11-27,7.34,8.81,6.12,96.78,0.48,0.71,4.25
11.39044,55.32523,1994,11,28,332,1994-11-28,6.91,8.44,5.29,94.82,0.03,2.14,7.03
11.39044,55.32523,1994,11,29,333,1994-11-29,6.98,7.86,6.48,97.42,0.12,1.58,6.04
11.39044,55.32523,1994,11,30,334,1994-11-30,5.76,6.61,4.18,94.33,0.33,1.66,2.99
11.39044,55.32523,1994,12,1,335,1994-12-01,3.94,5.58,2.38,94.16,0.01,1.78,3.75
11.39044,55.32523,1994,12,2,336,1994-12-02,2.11,4.03,0.37,94.27,0,2.24,4.53
11.39044,55.32523,1994,12,3,337,1994-12-03,2.29,4.32,0.24,96.58,0.29,2.01,4.39
11.39044,55.32523,1994,12,4,338,1994-12-04,5.76,7.04,4.6,97.86,5.37,1.96,5.44
11.39044,55.32523,1994,12,5,339,1994-12-05,6.22,7.47,4.54,94.39,1.51,1.51,7.32
11.39044,55.32523,1994,12,6,340,1994-12-06,5.65,6.81,4.32,90.56,3.22,1.41,7.11
11.39044,55.32523,1994,12,7,341,1994-12-07,4.5,5.55,3.39,94.11,1.17,1.24,6.52
11.39044,55.32523,1994,12,8,342,1994-12-08,5.74,6.15,5.34,92.48,10.16,0.96,8.23
11.39044,55.32523,1994,12,9,343,1994-12-09,5,5.96,3.19,95.01,1.56,1.04,4.77
11.39044,55.32523,1994,12,10,344,1994-12-10,4.47,7.78,2.82,96.93,3.84,0.69,7.26
11.39044,55.32523,1994,12,11,345,1994-12-11,8.69,9.13,7.84,96.43,5.47,0.55,7.72
11.39044,55.32523,1994,12,12,346,1994-12-12,8.57,9.24,7.1,94.25,6.84,0.64,7.93
11.39044,55.32523,1994,12,13,347,1994-12-13,6.14,7.3,3.87,91.12,0.27,1.5,6.91
11.39044,55.32523,1994,12,14,348,1994-12-14,2.23,3.6,0.61,87.25,0.03,1.7,5.33
11.39044,55.32523,1994,12,15,349,1994-12-15,1.32,2.98,-0.23,97.66,0.15,1.13,3.76
11.39044,55.32523,1994,12,16,350,1994-12-16,3.21,4.97,1.27,93.03,6.07,0.49,7.64
11.39044,55.32523,1994,12,17,351,1994-12-17,3.36,4.09,2.74,96.8,0.05,0.77,5.12
11.39044,55.32523,1994,12,18,352,1994-12-18,3.06,3.68,2.27,92.25,0.89,0.39,7.1
11.39044,55.32523,1994,12,19,353,1994-12-19,3.35,4.43,2.5,96.01,3.61,1.2,5.87
11.39044,55.32523,1994,12,20,354,1994-12-20,3.64,4.45,2.66,96.19,0.46,1.03,4.7
11.39044,55.32523,1994,12,21,355,1994-12-21,2.79,3.39,2.04,96.04,0.3,1.22,2.16
11.39044,55.32523,1994,12,22,356,1994-12-22,1.53,2.94,-0.05,92.19,0.05,1.61,1.84
11.39044,55.32523,1994,12,23,357,1994-12-23,0.08,0.69,-0.53,94.03,0.09,0.58,3.46
11.39044,55.32523,1994,12,24,358,1994-12-24,-0.07,0.83,-0.86,88.6,0.02,1.23,5.7
11.39044,55.32523,1994,12,25,359,1994-12-25,-1.82,-1.13,-2.33,91.03,0.32,0.91,5.79
11.39044,55.32523,1994,12,26,360,1994-12-26,0.79,2.25,-1.26,95.51,5.64,0.47,6.91
11.39044,55.32523,1994,12,27,361,1994-12-27,2.18,3.96,0.73,91.31,7.83,1.18,9.1
11.39044,55.32523,1994,12,28,362,1994-12-28,1.38,6.08,-0.41,93.82,2.97,0.6,4.73
11.39044,55.32523,1994,12,29,363,1994-12-29,6.73,7.44,5.56,97.73,8.58,0.65,8.42
11.39044,55.32523,1994,12,30,364,1994-12-30,4.66,6.16,3.84,95.6,4.54,1.21,7.34
11.39044,55.32523,1994,12,31,365,1994-12-31,3.98,5.05,1.67,94.83,5.68,1.65,6.61
11.39044,55.32523,1995,1,1,1,1995-01-01,0.97,1.59,-0.39,93.54,0.78,0.74,6.91
11.39044,55.32523,1995,1,2,2,1995-01-02,-0.11,0.41,-0.84,82.4,0.6,0.37,7.03
11.39044,55.32523,1995,1,3,3,1995-01-03,-0.86,0.91,-2.12,80.88,0,1.35,3.43
11.39044,55.32523,1995,1,4,4,1995-01-04,-1.11,0.75,-1.94,83.09,0.04,1.62,3.46
11.39044,55.32523,1995,1,5,5,1995-01-05,-3.29,-1.81,-4.03,86,0.01,1.06,6.65
11.39044,55.32523,1995,1,6,6,1995-01-06,-3.52,-2.88,-4.26,86.63,0.04,1.29,5.83
11.39044,55.32523,1995,1,7,7,1995-01-07,-2.29,-0.41,-4.17,87.56,0.1,1.13,2.6
11.39044,55.32523,1995,1,8,8,1995-01-08,-2.09,0.13,-4.1,89.18,6.43,0.43,7.52
11.39044,55.32523,1995,1,9,9,1995-01-09,1.18,2.03,0.25,96.36,6.15,1.55,6.64
11.39044,55.32523,1995,1,10,10,1995-01-10,2,2.79,0.38,87.9,2.05,0.71,9.79
11.39044,55.32523,1995,1,11,11,1995-01-11,0.55,1.92,-1.34,87.44,0.32,0.69,7.82
11.39044,55.32523,1995,1,12,12,1995-01-12,-0.6,0.13,-1.45,82.95,0.03,0.71,7.42
11.39044,55.32523,1995,1,13,13,1995-01-13,-0.94,0.66,-2.99,87.85,0.23,1.15,3.52
11.39044,55.32523,1995,1,14,14,1995-01-14,2.24,2.88,0.96,98.32,1.09,0.68,5.77
11.39044,55.32523,1995,1,15,15,1995-01-15,0.92,3.17,-0.36,98.36,0.99,2.43,3.41
11.39044,55.32523,1995,1,16,16,1995-01-16,2.27,3.14,1.03,98.01,0.5,1.57,6.05
11.39044,55.32523,1995,1,17,17,1995-01-17,0.75,2.13,0.04,93.81,0.01,2.33,7.02
11.39044,55.32523,1995,1,18,18,1995-01-18,0.92,1.61,0.35,87.53,3.12,1,8.06
11.39044,55.32523,1995,1,19,19,1995-01-19,0.28,0.9,-0.22,92.39,7.01,0.58,6.19
11.39044,55.32523,1995,1,20,20,1995-01-20,1.08,1.67,0.63,92.65,4.7,0.71,9.24
11.39044,55.32523,1995,1,21,21,1995-01-21,1.31,2.05,0.45,96.93,0.13,2.2,5.22
11.39044,55.32523,1995,1,22,22,1995-01-22,1.36,2.42,0.64,96.22,12.31,0.45,7.07
11.39044,55.32523,1995,1,23,23,1995-01-23,2.04,3.58,0.6,93.41,9.2,1.33,8.95
11.39044,55.32523,1995,1,24,24,1995-01-24,2.63,3.49,1.27,91.1,4.07,1.41,8.77
11.39044,55.32523,1995,1,25,25,1995-01-25,1.98,3.05,0.83,96.63,0.49,2.84,5
11.39044,55.32523,1995,1,26,26,1995-01-26,0.64,0.95,0.23,96.77,9.52,1.18,5
11.39044,55.32523,1995,1,27,27,1995-01-27,0.09,2.2,-2.22,94.51,0.01,2.83,5.84
11.39044,55.32523,1995,1,28,28,1995-01-28,1.21,3.28,-0.11,95.55,3.21,0.93,5.68
11.39044,55.32523,1995,1,29,29,1995-01-29,1.23,3.06,-0.06,95.78,8.58,1.73,3.11
11.39044,55.32523,1995,1,30,30,1995-01-30,-0.98,0.56,-2.66,92.04,0.78,3.47,4.3
11.39044,55.32523,1995,1,31,31,1995-01-31,-1.92,1.28,-5.8,89.45,9.22,1.38,6.93
11.39044,55.32523,1995,2,1,32,1995-02-01,3.13,4.45,2,93.4,4.88,2.43,8.21
11.39044,55.32523,1995,2,2,33,1995-02-02,1.9,3.19,-1.07,86.62,0.02,4.27,7.5
11.39044,55.32523,1995,2,3,34,1995-02-03,1.53,3.94,-1.29,90.54,0.83,3.29,6.93
11.39044,55.32523,1995,2,4,35,1995-02-04,3.85,5.27,2.33,96.51,0.93,2.17,7.1
11.39044,55.32523,1995,2,5,36,1995-02-05,3.48,5.12,2.51,94.16,0.06,3.86,6.65
11.39044,55.32523,1995,2,6,37,1995-02-06,4.84,5.7,3.57,97.01,0.81,0.73,8.28
11.39044,55.32523,1995,2,7,38,1995-02-07,3.68,5.81,1.32,85.64,1.33,3.16,9.93
11.39044,55.32523,1995,2,8,39,1995-02-08,0.8,2.51,-1.91,81.7,0.06,3.93,7.7
11.39044,55.32523,1995,2,9,40,1995-02-09,-0.32,1.29,-1.93,84.64,0.04,3.87,6.42
11.39044,55.32523,1995,2,10,41,1995-02-10,0.77,2.49,-0.93,91.72,0.43,3.72,5.09
11.39044,55.32523,1995,2,11,42,1995-02-11,0.66,2.47,-0.28,92.22,1.47,3.26,3.98
11.39044,55.32523,1995,2,12,43,1995-02-12,4.74,6.22,2.72,89.73,5.52,5.23,10.13
11.39044,55.32523,1995,2,13,44,1995-02-13,3.54,4.74,2.04,95.5,0.12,4.02,5.43
11.39044,55.32523,1995,2,14,45,1995-02-14,3.78,4.97,2.7,97.75,2.05,2.56,4.99
11.39044,55.32523,1995,2,15,46,1995-02-15,3.53,6.17,1.97,96.09,8.47,2.55,7.36
11.39044,55.32523,1995,2,16,47,1995-02-16,4.14,5.87,2.61,93.46,2.14,2.71,7.45
11.39044,55.32523,1995,2,17,48,1995-02-17,3.17,4.48,1.61,93.98,10.16,1.82,8.59
11.39044,55.32523,1995,2,18,49,1995-02-18,2.53,5.08,1.19,94.35,0.23,4.77,5.61
11.39044,55.32523,1995,2,19,50,1995-02-19,2.59,5.65,0.41,92.47,3.78,3.99,6.79
11.39044,55.32523,1995,2,20,51,1995-02-20,2.85,5.38,1.45,91.78,4.34,3.62,5.87
11.39044,55.32523,1995,2,21,52,1995-02-21,3.56,6.17,1.55,93.31,6.69,2.65,6.82
11.39044,55.32523,1995,2,22,53,1995-02-22,4.6,6.32,3.45,86.14,0.54,2.68,10.33
11.39044,55.32523,1995,2,23,54,1995-02-23,3.08,4.43,2.1,89.14,1.6,2.41,9.19
11.39044,55.32523,1995,2,24,55,1995-02-24,3.05,5.05,0.66,90.9,0.71,7.52,5.87
11.39044,55.32523,1995,2,25,56,1995-02-25,1.08,3.58,-0.35,92.82,0.17,4.03,2.15
11.39044,55.32523,1995,2,26,57,1995-02-26,0.71,2.55,-0.6,90.94,0.57,3.44,1.96
11.39044,55.32523,1995,2,27,58,1995-02-27,2.06,4.66,-0.45,90.02,3.11,6.52,5.93
11.39044,55.32523,1995,2,28,59,1995-02-28,6.14,7.87,2.1,93.12,3.43,2.55,9.62
11.39044,55.32523,1995,3,1,60,1995-03-01,6.18,7.16,3.93,91.12,5.15,2.64,9.56
11.39044,55.32523,1995,3,2,61,1995-03-02,3.07,3.98,1.86,87.19,2.01,6.49,8.58
11.39044,55.32523,1995,3,3,62,1995-03-03,2.28,5.21,-0.08,86.67,0.63,2.61,7.43
11.39044,55.32523,1995,3,4,63,1995-03-04,2.43,4.71,0.01,87.56,0.16,3.5,6.97
11.39044,55.32523,1995,3,5,64,1995-03-05,1.04,2.48,-0.43,92.22,3.88,3.34,6.87
11.39044,55.32523,1995,3,6,65,1995-03-06,2.31,3.47,1.09,93.26,1.96,4.84,5.31
11.39044,55.32523,1995,3,7,66,1995-03-07,2.54,4,1.18,89.66,0.21,5.14,5.98
11.39044,55.32523,1995,3,8,67,1995-03-08,2.86,5.37,0.5,83,0.56,9.03,7.98
11.39044,55.32523,1995,3,9,68,1995-03-09,2.78,4.76,1.42,93.12,0.1,4.08,4.14
11.39044,55.32523,1995,3,10,69,1995-03-10,2.49,6.29,0.85,92.78,0.18,10.48,3.3
11.39044,55.32523,1995,3,11,70,1995-03-11,2.1,4.58,0.47,90.95,0.08,6.68,7.39
11.39044,55.32523,1995,3,12,71,1995-03-12,2.72,5.33,0.88,91.06,0.01,9.72,6.23
11.39044,55.32523,1995,3,13,72,1995-03-13,2.92,5.21,1.34,91.49,0.17,7.6,5.27
11.39044,55.32523,1995,3,14,73,1995-03-14,-0.75,1.71,-1.87,77.44,0.18,9.21,7.65
11.39044,55.32523,1995,3,15,74,1995-03-15,-0.08,1.3,-1.49,85.57,0.38,1.78,6.81
11.39044,55.32523,1995,3,16,75,1995-03-16,1.41,3.92,-1.16,92.81,0.32,6.76,5.09
11.39044,55.32523,1995,3,17,76,1995-03-17,2.65,4.67,0.46,94.3,8.74,3.86,8.41
11.39044,55.32523,1995,3,18,77,1995-03-18,3.46,5.15,2,88.44,2.08,6.96,9.21
11.39044,55.32523,1995,3,19,78,1995-03-19,3.01,4.85,1.46,87.71,1.28,6.41,8.87
11.39044,55.32523,1995,3,20,79,1995-03-20,3.65,6.05,1.09,85.47,0.9,7.73,8.66
11.39044,55.32523,1995,3,21,80,1995-03-21,2.68,5.25,-0.22,80.6,0.02,15.49,6.32
11.39044,55.32523,1995,3,22,81,1995-03-22,2.73,5.02,-0.8,90.5,1.47,6.74,6.31
11.39044,55.32523,1995,3,23,82,1995-03-23,4.79,8.25,2.13,92.33,0.09,11.27,5.64
11.39044,55.32523,1995,3,24,83,1995-03-24,4.57,7.05,2.04,88.5,0.59,8.04,7.06
11.39044,55.32523,1995,3,25,84,1995-03-25,3.97,5.33,2.74,83.03,2.18,11.65,11.03
11.39044,55.32523,1995,3,26,85,1995-03-26,3.74,5.58,2.13,85.18,1.09,6.06,9.07
11.39044,55.32523,1995,3,27,86,1995-03-27,1.22,2.58,-0.32,73.11,0.59,8.91,9.63
11.39044,55.32523,1995,3,28,87,1995-03-28,-0.06,1.6,-1.56,74.05,0.39,13.36,6.59
11.39044,55.32523,1995,3,29,88,1995-03-29,0.37,2.7,-2.06,77.4,0.05,15.11,4.08
11.39044,55.32523,1995,3,30,89,1995-03-30,2.14,5.89,-1.26,82.07,0,17.66,2.9
11.39044,55.32523,1995,3,31,90,1995-03-31,2.71,5.78,-0.13,95.17,7.05,8.96,5.93
11.39044,55.32523,1995,4,1,91,1995-04-01,4.73,7.3,2.25,86.96,0.05,16.5,6.85
11.39044,55.32523,1995,4,2,92,1995-04-02,5.18,6.96,2.81,92.87,0.86,4.88,7.41
11.39044,55.32523,1995,4,3,93,1995-04-03,4.52,6.11,3.25,94.5,4.57,4.01,4.25
11.39044,55.32523,1995,4,4,94,1995-04-04,2.35,4.75,-0.31,81.26,0.4,15.53,7
11.39044,55.32523,1995,4,5,95,1995-04-05,2.33,4.63,-1.04,91.16,11.77,5.63,5.16
11.39044,55.32523,1995,4,6,96,1995-04-06,5.31,7.14,4.18,93.74,0.65,6.72,5.74
11.39044,55.32523,1995,4,7,97,1995-04-07,5.41,8.08,3.72,86.38,4.94,4.52,10.09
11.39044,55.32523,1995,4,8,98,1995-04-08,3.89,5.44,1.94,74.97,0.07,17.51,8.74
11.39044,55.32523,1995,4,9,99,1995-04-09,2.59,5.19,-0.36,80.08,0,17.1,4.14
11.39044,55.32523,1995,4,10,100,1995-04-10,3.23,5.84,-0.24,90.83,0.87,16.48,2
11.39044,55.32523,1995,4,11,101,1995-04-11,6.83,9.36,4.41,88.34,0.91,13.99,2.52
11.39044,55.32523,1995,4,12,102,1995-04-12,6.23,8.4,4.2,91.52,0.58,9.91,2.34
11.39044,55.32523,1995,4,13,103,1995-04-13,6.15,9.59,2.73,76.96,0.01,19.58,2.49
11.39044,55.32523,1995,4,14,104,1995-04-14,5.91,8.79,2.68,86.51,0,18.51,4.08
11.39044,55.32523,1995,4,15,105,1995-04-15,4.92,6.42,3.63,95.06,3.41,5.23,3.46
11.39044,55.32523,1995,4,16,106,1995-04-16,3.48,5.75,1.4,89.28,0.66,5.31,3.93
11.39044,55.32523,1995,4,17,107,1995-04-17,2.57,4.84,0.19,82.6,0.53,17.45,3.72
11.39044,55.32523,1995,4,18,108,1995-04-18,2.49,6.1,0.48,93.8,9.51,3.63,5.44
11.39044,55.32523,1995,4,19,109,1995-04-19,3.47,6.03,0.29,81.92,0.1,19.15,4.31
11.39044,55.32523,1995,4,20,110,1995-04-20,3.73,6.44,1.68,86.67,2.38,9.32,2.51
11.39044,55.32523,1995,4,21,111,1995-04-21,5.05,8.88,2.07,82.56,0.22,19.52,4.01
11.39044,55.32523,1995,4,22,112,1995-04-22,6.86,10.82,2.56,88.39,0.01,18.11,7.04
11.39044,55.32523,1995,4,23,113,1995-04-23,9.78,14.04,6.53,89.14,0.01,19.21,5.11
11.39044,55.32523,1995,4,24,114,1995-04-24,10.13,14.29,5.92,86.64,0.04,19.44,5.84
11.39044,55.32523,1995,4,25,115,1995-04-25,10.04,14.25,7.07,85.77,1.15,18.82,5.43
11.39044,55.32523,1995,4,26,116,1995-04-26,7.96,11.08,5.11,87.18,0,21.32,3.91
11.39044,55.32523,1995,4,27,117,1995-04-27,5.79,7.73,3.42,89.93,1.28,15.16,2.27
11.39044,55.32523,1995,4,28,118,1995-04-28,4.36,6.12,2.78,81.3,0.23,11.86,5.27
11.39044,55.32523,1995,4,29,119,1995-04-29,5.61,8.14,1.66,81.08,0.05,17.45,2.58
11.39044,55.32523,1995,4,30,120,1995-04-30,6.98,10.25,3.1,71.79,0,20.42,1.52
11.39044,55.32523,1995,5,1,121,1995-05-01,8.1,11.57,4.7,76.29,0,22.85,2.08
11.39044,55.32523,1995,5,2,122,1995-05-02,9.12,12.81,4.39,74.79,0,22.52,2.82
11.39044,55.32523,1995,5,3,123,1995-05-03,11.28,15.66,6.81,81.49,0,21.07,3.24
11.39044,55.32523,1995,5,4,124,1995-05-04,12.34,16.49,7.97,82.74,0.03,22.18,3.02
11.39044,55.32523,1995,5,5,125,1995-05-05,12.64,16.49,8.96,85.33,0.04,22.7,3.53
11.39044,55.32523,1995,5,6,126,1995-05-06,10.46,13.16,8.05,78,0,24.61,6.8
11.39044,55.32523,1995,5,7,127,1995-05-07,10.5,13.21,7.16,78.83,0.39,24.8,4.4
11.39044,55.32523,1995,5,8,128,1995-05-08,9.82,12.44,8.18,87.86,13.63,9.86,5.16
11.39044,55.32523,1995,5,9,129,1995-05-09,8.06,8.82,7.23,86.15,2.09,8.11,4.26
11.39044,55.32523,1995,5,10,130,1995-05-10,8.14,9.5,5.94,78.84,1.4,12.78,2.25
11.39044,55.32523,1995,5,11,131,1995-05-11,7.91,10.01,5.88,79.43,1.32,18.16,3.48
11.39044,55.32523,1995,5,12,132,1995-05-12,8.07,10.85,5.25,71.6,0.01,20.02,2.56
11.39044,55.32523,1995,5,13,133,1995-05-13,7.69,10.13,4.36,78.66,0.05,18.54,6.7
11.39044,55.32523,1995,5,14,134,1995-05-14,7.37,8.92,5.15,72.71,0.37,10.93,8.29
11.39044,55.32523,1995,5,15,135,1995-05-15,6.99,8.73,4.81,70.07,0.31,18.53,5.82
11.39044,55.32523,1995,5,16,136,1995-05-16,7.78,10.31,4.81,72.32,0.16,21.55,5.93
11.39044,55.32523,1995,5,17,137,1995-05-17,7.61,11.56,5.04,78.72,7.21,8.69,5.27
11.39044,55.32523,1995,5,18,138,1995-05-18,8.06,10.37,6.39,81.97,0.55,8.7,4.59
11.39044,55.32523,1995,5,19,139,1995-05-19,9.1,11.83,5.46,79.59,0.39,23.24,4.73
11.39044,55.32523,1995,5,20,140,1995-05-20,9.84,12.88,6.74,81.55,0.95,23.85,4.22
11.39044,55.32523,1995,5,21,141,1995-05-21,8.18,11.15,4.91,69.07,0,25.27,6.72
11.39044,55.32523,1995,5,22,142,1995-05-22,9.68,12.96,5.17,74.51,0,25.73,3.34
11.39044,55.32523,1995,5,23,143,1995-05-23,11.62,14.75,7.68,74.41,0,26.15,1.79
11.39044,55.32523,1995,5,24,144,1995-05-24,12.23,16.35,8.49,78.26,0,25.86,4.77
11.39044,55.32523,1995,5,25,145,1995-05-25,12.24,16.24,8.74,77.87,0,26.52,5.78
11.39044,55.32523,1995,5,26,146,1995-05-26,11.8,14.38,8.19,80.24,0.42,18.41,4
11.39044,55.32523,1995,5,27,147,1995-05-27,13.32,17.7,9.68,87.45,3.96,14.62,3.67
11.39044,55.32523,1995,5,28,148,1995-05-28,15.1,18.44,12.18,83.49,1.5,24.3,3.91
11.39044,55.32523,1995,5,29,149,1995-05-29,16.03,19.03,13.1,86.72,7.77,16.88,4.87
11.39044,55.32523,1995,5,30,150,1995-05-30,14.02,16.19,12.48,87.92,5.05,14.26,3.3
11.39044,55.32523,1995,5,31,151,1995-05-31,13.47,15.12,12.21,90.17,2.84,14.77,5.55
11.39044,55.32523,1995,6,1,152,1995-06-01,12.67,13.82,11.04,90.1,6.41,4.61,4.94
11.39044,55.32523,1995,6,2,153,1995-06-02,11.75,13.56,10.29,83.97,1.43,6.75,4.43
11.39044,55.32523,1995,6,3,154,1995-06-03,12.69,15.07,9.32,81.74,0.14,26.99,2.75
11.39044,55.32523,1995,6,4,155,1995-06-04,14.08,17.36,9.77,79.42,0.08,26.68,2.98
11.39044,55.32523,1995,6,5,156,1995-06-05,14.45,17.05,11.42,84.73,4.74,15.2,1.54
11.39044,55.32523,1995,6,6,157,1995-06-06,14.23,16.43,11.73,86.74,1.86,17.51,2.87
11.39044,55.32523,1995,6,7,158,1995-06-07,12.49,13.33,10.7,83.49,9.92,13.36,4.68
11.39044,55.32523,1995,6,8,159,1995-06-08,12.14,14,9.72,77.94,2.39,20.12,8.11
11.39044,55.32523,1995,6,9,160,1995-06-09,12.58,14.54,10.4,80.88,0.97,12.49,6.89
11.39044,55.32523,1995,6,10,161,1995-06-10,12.6,14.29,10.32,82.37,1.37,17.77,4.76
11.39044,55.32523,1995,6,11,162,1995-06-11,13.47,15.16,11.05,79.76,0.58,23.43,2.95
11.39044,55.32523,1995,6,12,163,1995-06-12,14.11,16.26,11.14,75.26,0.28,21.07,1.09
11.39044,55.32523,1995,6,13,164,1995-06-13,13.07,14.96,10.94,89.42,10.83,9.6,3.88
11.39044,55.32523,1995,6,14,165,1995-06-14,13.88,15.91,12.08,86.5,2.03,13.62,4.37
11.39044,55.32523,1995,6,15,166,1995-06-15,12.84,14.55,10.9,83,0.83,10.58,6.51
11.39044,55.32523,1995,6,16,167,1995-06-16,12.91,14.88,10.4,85.33,2.73,17.43,3.35
11.39044,55.32523,1995,6,17,168,1995-06-17,13.39,15.68,10.84,86.07,3.71,12.69,4.37
11.39044,55.32523,1995,6,18,169,1995-06-18,13.78,16.44,11.09,78.38,1.32,20.87,7.31
11.39044,55.32523,1995,6,19,170,1995-06-19,13.68,16.33,10.38,75.61,0.03,25.9,6.79
11.39044,55.32523,1995,6,20,171,1995-06-20,14.79,17.3,11.44,89.34,3.38,15.21,3.52
11.39044,55.32523,1995,6,21,172,1995-06-21,15.44,19.26,12.05,83.05,4.05,15.03,5.11
11.39044,55.32523,1995,6,22,173,1995-06-22,12.76,14.9,10.76,78.24,1.69,11.58,8.25
11.39044,55.32523,1995,6,23,174,1995-06-23,14.14,16.28,11.38,81.72,0.01,20.55,5.67
11.39044,55.32523,1995,6,24,175,1995-06-24,15.9,18.44,12.17,81.84,0.11,22.24,4.65
11.39044,55.32523,1995,6,25,176,1995-06-25,17.78,20.76,14.05,81.52,0.01,28.03,3.36
11.39044,55.32523,1995,6,26,177,1995-06-26,19.29,23.18,14.47,78.77,0,27.8,2.11
11.39044,55.32523,1995,6,27,178,1995-06-27,18.62,20.79,16.11,73.54,0,27.88,2.34
11.39044,55.32523,1995,6,28,179,1995-06-28,19.12,23.22,15.23,76.99,0,26.9,3.68
11.39044,55.32523,1995,6,29,180,1995-06-29,17.66,20.83,14.05,80.68,0.02,27.38,5.21
11.39044,55.32523,1995,6,30,181,1995-06-30,16.33,19.85,12.38,78.96,0.25,23.7,5.42
11.39044,55.32523,1995,7,1,182,1995-07-01,14.78,16.59,12.47,74.07,0.03,24.58,4.96
11.39044,55.32523,1995,7,2,183,1995-07-02,15.59,18.02,12.69,70.95,0.02,28.23,3.09
11.39044,55.32523,1995,7,3,184,1995-07-03,16.54,19.45,13.16,83.45,6.7,17.69,3.71
11.39044,55.32523,1995,7,4,185,1995-07-04,13.67,15.87,11.54,77.91,3.67,16.45,8.45
11.39044,55.32523,1995,7,5,186,1995-07-05,13.54,15.62,11.36,73.71,0.02,20.95,7.78
11.39044,55.32523,1995,7,6,187,1995-07-06,16.91,20.61,12.66,83.6,0.11,17.58,5.11
11.39044,55.32523,1995,7,7,188,1995-07-07,18.12,21.33,15.09,83.5,0.01,21.97,3.82
11.39044,55.32523,1995,7,8,189,1995-07-08,18.76,22.17,14.43,83.05,0.04,22.11,1.82
11.39044,55.32523,1995,7,9,190,1995-07-09,18.3,21.73,14.57,82.06,0.06,25.14,3.51
11.39044,55.32523,1995,7,10,191,1995-07-10,15.83,19.08,13.41,76.71,9.09,23.52,6.04
11.39044,55.32523,1995,7,11,192,1995-07-11,16.04,19.46,11.96,73.32,0,28.39,5.41
11.39044,55.32523,1995,7,12,193,1995-07-12,17.6,21.56,12.46,80.02,0,24.21,4.42
11.39044,55.32523,1995,7,13,194,1995-07-13,19.78,23.25,16.02,87.56,2.49,18.36,2.57
11.39044,55.32523,1995,7,14,195,1995-07-14,20.75,24.03,17,82.99,0.95,16.12,1.08
11.39044,55.32523,1995,7,15,196,1995-07-15,19.97,22.31,17.55,81.76,1.1,17.81,1.74
11.39044,55.32523,1995,7,16,197,1995-07-16,19.49,22.08,17.59,83.94,4.67,21.24,1.58
11.39044,55.32523,1995,7,17,198,1995-07-17,18.11,20.48,15.61,83.16,3.01,21.75,3.51
11.39044,55.32523,1995,7,18,199,1995-07-18,17.82,19.81,15.9,83.83,2.75,16.1,4.57
11.39044,55.32523,1995,7,19,200,1995-07-19,18.28,20.55,15.7,80.93,0.29,23.72,4.91
11.39044,55.32523,1995,7,20,201,1995-07-20,19.86,23.24,15.65,85.71,0.05,22.88,3.58
11.39044,55.32523,1995,7,21,202,1995-07-21,21.32,24.75,17.38,85.51,0.18,25.02,3.15
11.39044,55.32523,1995,7,22,203,1995-07-22,17.57,19.45,14.27,70.82,2.8,23.22,6.71
11.39044,55.32523,1995,7,23,204,1995-07-23,16.29,19.35,13.64,74.75,0.21,20.76,5.37
11.39044,55.32523,1995,7,24,205,1995-07-24,17.81,20.81,14.5,76.46,0.7,17.76,5.89
11.39044,55.32523,1995,7,25,206,1995-07-25,16.81,19.62,13.21,70.7,0,18.53,4.25
11.39044,55.32523,1995,7,26,207,1995-07-26,18.29,21.91,13.91,78.05,0,24.5,3.83
11.39044,55.32523,1995,7,27,208,1995-07-27,18.51,21.1,16.35,77.57,0.01,25.71,7.16
11.39044,55.32523,1995,7,28,209,1995-07-28,19.98,23.24,16.48,82.79,0.05,18.9,4.36
11.39044,55.32523,1995,7,29,210,1995-07-29,20.58,24.86,15.94,76.13,0.01,23.99,1.91
11.39044,55.32523,1995,7,30,211,1995-07-30,21.21,25.46,16.74,75.35,0.01,24.57,1.87
11.39044,55.32523,1995,7,31,212,1995-07-31,21.54,25.48,17.53,75.28,0.05,23.41,2.57
11.39044,55.32523,1995,8,1,213,1995-08-01,20.38,23.4,16.71,75.94,0,24.56,3.47
11.39044,55.32523,1995,8,2,214,1995-08-02,22.08,25.6,17.3,69.88,0.13,22.97,1.93
11.39044,55.32523,1995,8,3,215,1995-08-03,20.66,23.27,17.12,83.77,1.73,20.16,4.56
11.39044,55.32523,1995,8,4,216,1995-08-04,20.53,22.94,17.84,84.11,0.9,19.78,3.45
11.39044,55.32523,1995,8,5,217,1995-08-05,21.93,25.66,17.74,75.38,0.04,20.06,1.56
11.39044,55.32523,1995,8,6,218,1995-08-06,21.67,25.23,17.37,78.1,0.17,20.71,3.42
11.39044,55.32523,1995,8,7,219,1995-08-07,18.33,21.15,16.03,69.27,0,21.29,6.21
11.39044,55.32523,1995,8,8,220,1995-08-08,17.45,19.78,14.75,64.26,0.01,22.4,3.32
11.39044,55.32523,1995,8,9,221,1995-08-09,18.71,21.73,15.54,62.61,0,20.67,3.5
11.39044,55.32523,1995,8,10,222,1995-08-10,18.75,22.47,14.67,78.5,0,20.65,4.59
11.39044,55.32523,1995,8,11,223,1995-08-11,20.56,24.35,16.28,79.4,0.03,22.66,2.68
11.39044,55.32523,1995,8,12,224,1995-08-12,21.34,25.69,16.44,74.75,0,21.59,3.39
11.39044,55.32523,1995,8,13,225,1995-08-13,21.42,24.91,18.11,78.13,0.4,11,4.58
11.39044,55.32523,1995,8,14,226,1995-08-14,18.37,20.83,16.08,70.78,0.01,15.44,6.42
11.39044,55.32523,1995,8,15,227,1995-08-15,18.78,21.62,15.48,77.52,0.04,17.18,4.67
11.39044,55.32523,1995,8,16,228,1995-08-16,20.49,23.47,16.84,75.71,0.02,16.5,1.68
11.39044,55.32523,1995,8,17,229,1995-08-17,21.16,24.03,17.76,78.86,0.02,19.19,2.28
11.39044,55.32523,1995,8,18,230,1995-08-18,21.95,25.56,17.92,73.95,0,19.65,2.23
11.39044,55.32523,1995,8,19,231,1995-08-19,22.81,26.79,18.3,70.34,0,19.08,1.81
11.39044,55.32523,1995,8,20,232,1995-08-20,21.67,24.48,18.7,73.47,0,18.65,1.44
11.39044,55.32523,1995,8,21,233,1995-08-21,21.37,24.54,18.55,80.75,0.28,17.63,3.63
11.39044,55.32523,1995,8,22,234,1995-08-22,21.53,25.04,17.86,74.25,0,18.68,3.61
11.39044,55.32523,1995,8,23,235,1995-08-23,22.29,26.42,18.93,75.8,0.44,15.75,3.5
11.39044,55.32523,1995,8,24,236,1995-08-24,19.88,21.85,17.96,76.49,0.87,17.38,4.78
11.39044,55.32523,1995,8,25,237,1995-08-25,18.97,21.5,16.96,81.92,7.15,9.7,7.01
11.39044,55.32523,1995,8,26,238,1995-08-26,17.41,19.49,14.3,74.07,0.56,15.47,6.78
11.39044,55.32523,1995,8,27,239,1995-08-27,15.63,18.03,13.94,69.52,2.88,15.66,5.7
11.39044,55.32523,1995,8,28,240,1995-08-28,15.57,18.72,13.68,67.42,0.87,18.69,5.1
11.39044,55.32523,1995,8,29,241,1995-08-29,14.67,16.55,12.89,61.32,0.91,17.03,6.01
11.39044,55.32523,1995,8,30,242,1995-08-30,14.86,16.77,12.67,61.97,0.29,16.6,6.19
11.39044,55.32523,1995,8,31,243,1995-08-31,15.34,17.45,12.71,62.87,0,15.4,7.53
11.39044,55.32523,1995,9,1,244,1995-09-01,15.65,18.15,13.34,75.57,0.38,5.4,7.13
11.39044,55.32523,1995,9,2,245,1995-09-02,15.49,18.69,12.53,82.45,1.57,12.18,4.38
11.39044,55.32523,1995,9,3,246,1995-09-03,15.01,15.92,13.95,89.58,11.61,4.86,4.89
11.39044,55.32523,1995,9,4,247,1995-09-04,15.45,17.57,12.86,81.73,2.73,12.15,2.07
11.39044,55.32523,1995,9,5,248,1995-09-05,15.53,17.71,13.06,86.02,2.06,10.42,3.18
11.39044,55.32523,1995,9,6,249,1995-09-06,16.18,18.58,13.86,86.45,3.42,12.91,2.82
11.39044,55.32523,1995,9,7,250,1995-09-07,16.49,19.37,13.29,81.58,0.54,17.3,4.17
11.39044,55.32523,1995,9,8,251,1995-09-08,17.36,20.37,15.06,83.42,1.21,13.34,7.07
11.39044,55.32523,1995,9,9,252,1995-09-09,16.59,18.31,15.48,88.63,11.98,4.99,7.66
11.39044,55.32523,1995,9,10,253,1995-09-10,16.68,19.1,15.04,84.44,5.4,11.22,4.85
11.39044,55.32523,1995,9,11,254,1995-09-11,16.68,18.52,14.81,88.48,3.81,8.35,5.39
11.39044,55.32523,1995,9,12,255,1995-09-12,16.82,18.85,14.65,85.04,2.26,13.66,3.2
11.39044,55.32523,1995,9,13,256,1995-09-13,16.85,19.41,14.36,80.84,0.13,12.42,3.6
11.39044,55.32523,1995,9,14,257,1995-09-14,16.02,17.63,14.24,92.44,11.62,2.45,5.86
11.39044,55.32523,1995,9,15,258,1995-09-15,15.72,18.12,13.16,81.63,0.13,13.72,2.46
11.39044,55.32523,1995,9,16,259,1995-09-16,13.61,14.88,11.71,89.22,0.74,5.43,3.37
11.39044,55.32523,1995,9,17,260,1995-09-17,13.55,14.4,12.77,86.59,4.65,3.76,6.7
11.39044,55.32523,1995,9,18,261,1995-09-18,13.51,14.35,12.8,88.45,1.45,4.79,5.94
11.39044,55.32523,1995,9,19,262,1995-09-19,14.11,15.13,12.11,90.4,2.82,6.89,3.5
11.39044,55.32523,1995,9,20,263,1995-09-20,13.09,15.64,11.34,82.24,0.12,14.15,4.78
11.39044,55.32523,1995,9,21,264,1995-09-21,14.16,17.2,10.93,76.46,0,14.32,1.64
11.39044,55.32523,1995,9,22,265,1995-09-22,14.43,16.92,12.07,86.59,0.43,9.54,3.78
11.39044,55.32523,1995,9,23,266,1995-09-23,14.42,16.66,12.1,81.41,0.3,12.75,4.65
11.39044,55.32523,1995,9,24,267,1995-09-24,14.05,16.35,11.5,87.51,0.76,8.77,6.47
11.39044,55.32523,1995,9,25,268,1995-09-25,13.66,15.56,11.76,77.06,2.26,12.14,6.39
11.39044,55.32523,1995,9,26,269,1995-09-26,14.01,16.2,10.93,81.55,4.37,4.81,7.73
11.39044,55.32523,1995,9,27,270,1995-09-27,11.7,14,9.65,84.62,3.96,6.78,6.3
11.39044,55.32523,1995,9,28,271,1995-09-28,9.88,11.36,8.49,77.24,5.27,7.3,12.21
11.39044,55.32523,1995,9,29,272,1995-09-29,8.79,9.77,7.52,80.83,5.14,9.62,7.79
11.39044,55.32523,1995,9,30,273,1995-09-30,8.45,9.85,7.11,77.95,1.14,7.78,6.09
11.39044,55.32523,1995,10,1,274,1995-10-01,9.36,11.52,7.05,72.28,1.9,9.22,4.11
11.39044,55.32523,1995,10,2,275,1995-10-02,12.31,15.39,9.76,86.21,0.2,10.45,5.16
11.39044,55.32523,1995,10,3,276,1995-10-03,12.6,15.14,10.2,91.63,0.17,8.78,4.31
11.39044,55.32523,1995,10,4,277,1995-10-04,14.36,16.81,12.35,93.15,1.02,6.9,4.78
11.39044,55.32523,1995,10,5,278,1995-10-05,14.39,15.96,12.81,95.19,7.92,6.46,4.28
11.39044,55.32523,1995,10,6,279,1995-10-06,12.88,15.17,10.84,90.52,0.09,8.37,4.57
11.39044,55.32523,1995,10,7,280,1995-10-07,13.49,14.84,12.26,93.18,1.27,2.37,5.79
11.39044,55.32523,1995,10,8,281,1995-10-08,14.42,16.71,12.86,94.72,1.02,4.23,3.78
11.39044,55.32523,1995,10,9,282,1995-10-09,14.76,18.24,12.21,92.86,0.12,9.79,4.22
11.39044,55.32523,1995,10,10,283,1995-10-10,14.96,18.48,12.46,93.85,0.14,9.42,2.29
11.39044,55.32523,1995,10,11,284,1995-10-11,13.4,16.08,11.28,84.23,0.04,10.12,2.82
11.39044,55.32523,1995,10,12,285,1995-10-12,13.39,16.3,10.52,94.1,0.38,3.34,2.8
11.39044,55.32523,1995,10,13,286,1995-10-13,14.19,16.12,12.88,93.74,0.63,4.12,2.41
11.39044,55.32523,1995,10,14,287,1995-10-14,13.87,15.14,13.08,94.59,0.85,3.53,1.59
11.39044,55.32523,1995,10,15,288,1995-10-15,13.57,15.1,12.66,92.67,0.76,2.39,2.89
11.39044,55.32523,1995,10,16,289,1995-10-16,13.57,16.09,11.79,94.04,0.89,4.04,2.4
11.39044,55.32523,1995,10,17,290,1995-10-17,13.24,14.6,11.38,93.63,0.32,3.86,6.1
11.39044,55.32523,1995,10,18,291,1995-10-18,12.36,14.4,11,81.52,0.47,5.55,8.17
11.39044,55.32523,1995,10,19,292,1995-10-19,12.34,13.74,10.92,89.34,1.06,2.3,8.16
11.39044,55.32523,1995,10,20,293,1995-10-20,10.39,11.97,8.09,79.2,1.81,5.94,8.93
11.39044,55.32523,1995,10,21,294,1995-10-21,8.36,10.03,7.05,72.6,0.01,7.04,4.56
11.39044,55.32523,1995,10,22,295,1995-10-22,7.76,9.48,5.75,81.96,0,4.07,4.96
11.39044,55.32523,1995,10,23,296,1995-10-23,8.6,11.52,6.57,90.56,0.01,6.69,4.75
11.39044,55.32523,1995,10,24,297,1995-10-24,10.68,13.51,7.92,93.44,0.08,6.06,5.04
11.39044,55.32523,1995,10,25,298,1995-10-25,10.45,12.54,8.17,92.18,2.02,4.5,6.28
11.39044,55.32523,1995,10,26,299,1995-10-26,10.81,12.52,9.18,93.89,0.94,4.21,6.04
11.39044,55.32523,1995,10,27,300,1995-10-27,12.09,14.02,8.36,93.45,3.76,2.39,6.73
11.39044,55.32523,1995,10,28,301,1995-10-28,9.43,12.03,6.66,87.31,0.28,4.6,5.68
11.39044,55.32523,1995,10,29,302,1995-10-29,7.91,10.14,5.65,85.99,0.01,5.26,1.56
11.39044,55.32523,1995,10,30,303,1995-10-30,8.15,10.7,6.83,90.45,0.22,5.93,1.87
11.39044,55.32523,1995,10,31,304,1995-10-31,9.2,11.5,6.9,94.7,9.92,1.02,6.81
11.39044,55.32523,1995,11,1,305,1995-11-01,6.61,7.87,4.5,88.34,3.57,3.73,4.6
11.39044,55.32523,1995,11,2,306,1995-11-02,5.04,7.32,2.82,84.11,2.58,1.69,4.93
11.39044,55.32523,1995,11,3,307,1995-11-03,2.68,5.51,0.98,81.07,1.26,3.73,10.25
11.39044,55.32523,1995,11,4,308,1995-11-04,2.05,3.6,0.59,70.92,0.1,4.83,8.27
11.39044,55.32523,1995,11,5,309,1995-11-05,4.21,7.08,1.28,76.39,0.03,4.95,4.35
11.39044,55.32523,1995,11,6,310,1995-11-06,8.59,11.21,5.09,91.56,1.49,3.27,7.33
11.39044,55.32523,1995,11,7,311,1995-11-07,2.73,4.62,1.04,67.13,0,4.52,3.47
11.39044,55.32523,1995,11,8,312,1995-11-08,4.27,6.19,1.25,78.67,4.08,2.92,4.19
11.39044,55.32523,1995,11,9,313,1995-11-09,7.06,8.92,5.8,95.36,2.32,3.88,2.53
11.39044,55.32523,1995,11,10,314,1995-11-10,8.18,9.36,6.7,97.69,6.2,2.33,3.42
11.39044,55.32523,1995,11,11,315,1995-11-11,7.45,8.33,6.93,94.75,0.34,2.17,6.32
11.39044,55.32523,1995,11,12,316,1995-11-12,6.12,8.1,3.5,88.93,0.05,3.71,5.81
11.39044,55.32523,1995,11,13,317,1995-11-13,3.2,5.3,1.71,85.61,0,3.9,2.68
11.39044,55.32523,1995,11,14,318,1995-11-14,2.6,4.45,0.91,95.47,0.04,3.76,3.76
11.39044,55.32523,1995,11,15,319,1995-11-15,6.65,8.72,3.29,96.38,1.78,2.39,5.6
11.39044,55.32523,1995,11,16,320,1995-11-16,6.89,8.78,4.24,91.27,5.49,2.47,5.81
11.39044,55.32523,1995,11,17,321,1995-11-17,0.94,5.24,-0.15,79.02,2.95,2.65,11.4
11.39044,55.32523,1995,11,18,322,1995-11-18,2.51,4.13,0.44,75.01,0.44,3.56,7.42
11.39044,55.32523,1995,11,19,323,1995-11-19,3.24,4.56,1.73,84.82,0.2,2.06,5.59
11.39044,55.32523,1995,11,20,324,1995-11-20,1.86,3.8,0.21,72.22,0,3.11,3.62
11.39044,55.32523,1995,11,21,325,1995-11-21,2.71,4.52,1.27,83.27,0.02,2.32,5.79
11.39044,55.32523,1995,11,22,326,1995-11-22,2.35,4.77,1.09,89.25,0.22,2.61,5.95
11.39044,55.32523,1995,11,23,327,1995-11-23,6.04,8.12,4.87,98.05,0.41,1.83,5.79
11.39044,55.32523,1995,11,24,328,1995-11-24,7.33,8.25,6.25,94.65,0.37,1.22,6.34
11.39044,55.32523,1995,11,25,329,1995-11-25,5.36,6.5,4.42,94.43,0.05,1.88,4.92
11.39044,55.32523,1995,11,26,330,1995-11-26,4.9,5.88,3.88,95.69,0.19,1.9,3.47
11.39044,55.32523,1995,11,27,331,1995-11-27,4.33,5.8,3.5,98.22,0.23,1.46,3.33
11.39044,55.32523,1995,11,28,332,1995-11-28,5.31,6.75,3.87,93.87,0.14,1.04,5.66
11.39044,55.32523,1995,11,29,333,1995-11-29,3.95,5.17,2,85.74,0.04,2,5.01
11.39044,55.32523,1995,11,30,334,1995-11-30,1.79,3.36,0.45,87.46,0.03,2.03,4.42
11.39044,55.32523,1995,12,1,335,1995-12-01,0.98,3.36,0.05,89.22,0,1.98,4.24
11.39044,55.32523,1995,12,2,336,1995-12-02,0.73,2.37,-0.49,90.13,0.1,1.95,4.11
11.39044,55.32523,1995,12,3,337,1995-12-03,1.16,2.73,-0.01,95.49,0.22,0.88,3.99
11.39044,55.32523,1995,12,4,338,1995-12-04,-0.49,1.35,-1.47,89.48,0.17,1.12,6.79
11.39044,55.32523,1995,12,5,339,1995-12-05,-0.16,1.06,-1.22,86.09,0.57,1.08,7.64
11.39044,55.32523,1995,12,6,340,1995-12-06,0.53,1.58,-0.99,83.08,0.37,2.2,7.39
11.39044,55.32523,1995,12,7,341,1995-12-07,-0.6,-0.2,-1.61,87.58,5.64,0.72,6.91
11.39044,55.32523,1995,12,8,342,1995-12-08,-1.57,-0.43,-2.66,90.14,0.26,0.84,3.1
11.39044,55.32523,1995,12,9,343,1995-12-09,-0.6,1.46,-2.21,93.32,0.13,0.96,1.62
11.39044,55.32523,1995,12,10,344,1995-12-10,0.5,2.81,-1.31,94.31,0.31,0.55,4.38
11.39044,55.32523,1995,12,11,345,1995-12-11,1.77,2.98,-0.54,99.41,0.3,1.61,3.06
11.39044,55.32523,1995,12,12,346,1995-12-12,-0.65,0.84,-1.31,96.05,0.02,0.99,3.22
11.39044,55.32523,1995,12,13,347,1995-12-13,0.09,1.18,-1.48,92.5,0.51,1.07,2.32
11.39044,55.32523,1995,12,14,348,1995-12-14,-2.66,-1.57,-3.86,82.96,0,1.41,4.35
11.39044,55.32523,1995,12,15,349,1995-12-15,-1.11,1.21,-2.96,94.47,0.09,1.61,1.63
11.39044,55.32523,1995,12,16,350,1995-12-16,-1.78,-0.16,-3.07,97.11,0.07,1.62,1.94
11.39044,55.32523,1995,12,17,351,1995-12-17,-2.39,-0.42,-3.57,94.68,0,1.71,2.2
11.39044,55.32523,1995,12,18,352,1995-12-18,-1.44,0.26,-3.22,98.25,0.29,1.62,3.14
11.39044,55.32523,1995,12,19,353,1995-12-19,-0.71,0.37,-2.04,97.58,0.74,1.06,4.03
11.39044,55.32523,1995,12,20,354,1995-12-20,-2.16,-0.32,-3.78,85.68,0.15,1.52,3.29
11.39044,55.32523,1995,12,21,355,1995-12-21,-3.77,-2.33,-5.35,98.24,0.03,1.06,3.73
11.39044,55.32523,1995,12,22,356,1995-12-22,-1.54,-0.47,-3.05,90.75,7.58,0.53,6.06
11.39044,55.32523,1995,12,23,357,1995-12-23,-0.68,0.28,-2.36,91.86,6.07,0.61,7.2
11.39044,55.32523,1995,12,24,358,1995-12-24,-3.7,-2.27,-5.76,78.61,0.02,1.31,2.5
11.39044,55.32523,1995,12,25,359,1995-12-25,-4,-2.14,-6.92,89.11,0.8,0.93,4.47
11.39044,55.32523,1995,12,26,360,1995-12-26,-4.17,-2.62,-4.78,90.21,0.04,1.65,3.66
11.39044,55.32523,1995,12,27,361,1995-12-27,-4.02,-2.79,-5.73,91.02,1.07,1.27,3.79
11.39044,55.32523,1995,12,28,362,1995-12-28,-2.63,-1.4,-3.44,96.35,0.48,1.09,2.63
11.39044,55.32523,1995,12,29,363,1995-12-29,-4.63,-3.69,-5.18,93.13,0.03,1.91,2.52
11.39044,55.32523,1995,12,30,364,1995-12-30,-6.82,-4.98,-8.24,94.44,0.01,1.59,3.75
11.39044,55.32523,1995,12,31,365,1995-12-31,-5.3,-3.26,-7.1,91.93,0.01,1.6,6.19
11.39044,55.32523,1996,1,1,1,1996-01-01,-2.37,-1.87,-3.36,86.12,0.22,1.81,8.14
11.39044,55.32523,1996,1,2,2,1996-01-02,-3.56,-1.72,-5.48,94.34,0.12,1.31,5.03
11.39044,55.32523,1996,1,3,3,1996-01-03,-6.33,-4.12,-7.35,98.7,0,1.93,2.75
11.39044,55.32523,1996,1,4,4,1996-01-04,-8.91,-7.6,-10.78,97.42,0,1.24,2.38
11.39044,55.32523,1996,1,5,5,1996-01-05,-5.73,-3.06,-9.55,97.84,0.02,1.91,4.05
11.39044,55.32523,1996,1,6,6,1996-01-06,-1.2,-0.23,-2.96,89.31,0.32,2.01,7.31
11.39044,55.32523,1996,1,7,7,1996-01-07,-1.42,-0.13,-2.33,89.78,0.44,0.57,8.12
11.39044,55.32523,1996,1,8,8,1996-01-08,0.51,0.88,0.06,95.77,0.96,1.91,3.64
11.39044,55.32523,1996,1,9,9,1996-01-09,1,1.53,0.41,96.17,0.26,0.55,6.77
11.39044,55.32523,1996,1,10,10,1996-01-10,0.64,1.19,0.12,96,0.06,0.9,5
11.39044,55.32523,1996,1,11,11,1996-01-11,0.56,1.42,-0.43,96.59,0.15,0.49,5.07
11.39044,55.32523,1996,1,12,12,1996-01-12,0.59,1.47,-0.46,96.8,2.28,1.2,5.4
11.39044,55.32523,1996,1,13,13,1996-01-13,0.34,0.84,-0.56,97.41,0.32,1.78,4.71
11.39044,55.32523,1996,1,14,14,1996-01-14,0.05,0.58,-0.71,96.64,0.38,1.86,3.8
11.39044,55.32523,1996,1,15,15,1996-01-15,-0.68,0.16,-1.48,94.65,0.48,1.97,4.49
11.39044,55.32523,1996,1,16,16,1996-01-16,-1.81,-0.88,-2.55,94.62,1.66,1.34,2.57
11.39044,55.32523,1996,1,17,17,1996-01-17,-1.11,-0.44,-1.99,90.41,0.24,0.73,1.11
11.39044,55.32523,1996,1,18,18,1996-01-18,-0.89,0.29,-2.4,95.31,0.15,1.55,1.88
11.39044,55.32523,1996,1,19,19,1996-01-19,-0.92,0.5,-2.54,94.9,0.36,2.33,4.33
11.39044,55.32523,1996,1,20,20,1996-01-20,-1.56,-0.36,-2.74,86.51,0.03,2.56,6.94
11.39044,55.32523,1996,1,21,21,1996-01-21,-1.34,-0.38,-2.12,87.86,0.35,1.89,5.59
11.39044,55.32523,1996,1,22,22,1996-01-22,-2.07,-0.46,-3.54,86.84,0.29,2.25,6.06
11.39044,55.32523,1996,1,23,23,1996-01-23,-3.89,-3.19,-4.59,83.01,0.07,2.58,7.84
11.39044,55.32523,1996,1,24,24,1996-01-24,-4.41,-3.53,-5.02,84.17,0.08,2.14,8.29
11.39044,55.32523,1996,1,25,25,1996-01-25,-3.06,-2.31,-3.54,85.97,0.59,2.58,8.25
11.39044,55.32523,1996,1,26,26,1996-01-26,-3.09,-2.34,-4.09,84.21,0.41,2.93,8.13
11.39044,55.32523,1996,1,27,27,1996-01-27,-4.23,-1.71,-7.5,93.64,0.04,3.37,4.52
11.39044,55.32523,1996,1,28,28,1996-01-28,-6.73,-4.53,-8.79,97.5,0,3.2,2.22
11.39044,55.32523,1996,1,29,29,1996-01-29,-4.92,-2.83,-6.47,97.5,0.06,2.91,2.62
11.39044,55.32523,1996,1,30,30,1996-01-30,-2.01,-0.32,-3.51,92.37,0.35,2.5,2.5
11.39044,55.32523,1996,1,31,31,1996-01-31,-2.92,-1.79,-3.74,89.57,0.33,3.32,2.35
11.39044,55.32523,1996,2,1,32,1996-02-01,-4.01,-2.31,-6.27,89.15,0.1,3.19,2.45
11.39044,55.32523,1996,2,2,33,1996-02-02,-4.17,-2.54,-6.31,92.05,0.24,1.87,3.21
11.39044,55.32523,1996,2,3,34,1996-02-03,-3.21,-1.31,-6.07,95.41,0.32,2.52,4.03
11.39044,55.32523,1996,2,4,35,1996-02-04,-3.63,-0.99,-6.04,98.01,0.13,3.8,3.34
11.39044,55.32523,1996,2,5,36,1996-02-05,-8.29,-4.85,-10.41,92.08,0,4.21,3.12
11.39044,55.32523,1996,2,6,37,1996-02-06,-7.83,-4.54,-10.05,90.57,0,4.01,3.95
11.39044,55.32523,1996,2,7,38,1996-02-07,-7.19,-4.48,-9.1,87.85,0.05,3.73,4.75
11.39044,55.32523,1996,2,8,39,1996-02-08,-6.08,-4.46,-8.15,78.22,0.13,3.24,5.11
11.39044,55.32523,1996,2,9,40,1996-02-09,-7.36,-5.9,-8.53,83.64,0.03,5.98,5.5
11.39044,55.32523,1996,2,10,41,1996-02-10,-6.42,-5.71,-7.86,83.23,0.2,1.52,8.97
11.39044,55.32523,1996,2,11,42,1996-02-11,-4.23,-2.73,-6.18,89.95,1.81,3.64,7.76
11.39044,55.32523,1996,2,12,43,1996-02-12,-0.9,0.41,-2.62,96.08,1.86,3.27,6.47
11.39044,55.32523,1996,2,13,44,1996-02-13,-0.49,0.66,-1.43,91.97,0.14,1.45,7.78
11.39044,55.32523,1996,2,14,45,1996-02-14,-3.61,-1.41,-5.74,91.35,0.01,5.49,3.95
11.39044,55.32523,1996,2,15,46,1996-02-15,-1.84,1.99,-6.77,96.53,3.04,1.29,7.33
11.39044,55.32523,1996,2,16,47,1996-02-16,2.05,2.43,1.64,95.42,5.73,1.49,8.58
11.39044,55.32523,1996,2,17,48,1996-02-17,-0.54,2.11,-3.75,83.61,0.57,5.08,5.72
11.39044,55.32523,1996,2,18,49,1996-02-18,-2.24,-1.04,-3.8,88.1,11.6,2.78,7.7
11.39044,55.32523,1996,2,19,50,1996-02-19,-3.57,-1.19,-5.25,89.2,9.72,5.55,11.13
11.39044,55.32523,1996,2,20,51,1996-02-20,-5.74,-4.09,-7.55,83.12,0.43,5.59,9.89
11.39044,55.32523,1996,2,21,52,1996-02-21,-6,-5.14,-7.59,83.82,1.01,4.03,7.35
11.39044,55.32523,1996,2,22,53,1996-02-22,-4.85,-2.83,-6.71,87.89,0.78,7.18,2.97
11.39044,55.32523,1996,2,23,54,1996-02-23,-5.39,-1.6,-8.93,98.3,0.09,4.66,3.47
11.39044,55.32523,1996,2,24,55,1996-02-24,-5.2,-2.66,-8.19,96.19,0,7.38,5.39
11.39044,55.32523,1996,2,25,56,1996-02-25,-1.8,1.35,-5.94,95.35,2.58,3.82,6.6
11.39044,55.32523,1996,2,26,57,1996-02-26,1.81,2.3,0.98,93.59,0.46,6.21,4.53
11.39044,55.32523,1996,2,27,58,1996-02-27,0.22,1.25,-1.11,94.06,0.26,8.5,1.35
11.39044,55.32523,1996,2,28,59,1996-02-28,-2.22,-0.93,-3.18,97.4,0.38,8.25,1.72
11.39044,55.32523,1996,2,29,60,1996-02-29,-0.62,3.17,-3.57,88.65,0.29,7.25,5.48
11.39044,55.32523,1996,3,1,61,1996-03-01,-0.17,2.54,-1.96,87.09,0.04,8.41,6.12
11.39044,55.32523,1996,3,2,62,1996-03-02,-1.02,1.67,-3,88.56,0.02,9.49,3.5
11.39044,55.32523,1996,3,3,63,1996-03-03,-2.56,0.35,-5.59,81.17,0,8.2,2.24
11.39044,55.32523,1996,3,4,64,1996-03-04,-1.32,1.24,-3.01,89.17,0.2,6.45,3.62
11.39044,55.32523,1996,3,5,65,1996-03-05,-1,1.5,-3.64,97.16,0.34,3.72,2.68
11.39044,55.32523,1996,3,6,66,1996-03-06,0,2.83,-1.54,92.17,0.33,4.19,2.11
11.39044,55.32523,1996,3,7,67,1996-03-07,-0.26,2.83,-2.1,88.58,0.15,9.68,4.8
11.39044,55.32523,1996,3,8,68,1996-03-08,-1.09,1.35,-2.57,86.22,0.02,12.05,5.81
11.39044,55.32523,1996,3,9,69,1996-03-09,-1.14,1.33,-3.39,82.47,0,11,7.25
11.39044,55.32523,1996,3,10,70,1996-03-10,-0.78,1.65,-3.04,83.95,0.05,5.25,5.22
11.39044,55.32523,1996,3,11,71,1996-03-11,-1.25,-0.03,-2.88,77.42,0.11,11.22,7.07
11.39044,55.32523,1996,3,12,72,1996-03-12,-2.03,0,-3.7,87.38,0.51,7.78,5.63
11.39044,55.32523,1996,3,13,73,1996-03-13,-1.64,-0.22,-3.49,87.44,0.8,4.95,6.97
11.39044,55.32523,1996,3,14,74,1996-03-14,-0.65,1.05,-2.08,87.71,0.72,4.76,6.39
11.39044,55.32523,1996,3,15,75,1996-03-15,-0.29,1.97,-2.03,86.8,0.17,7.55,5.83
11.39044,55.32523,1996,3,16,76,1996-03-16,0.25,2.23,-1.13,85.36,0.34,9.07,7.65
11.39044,55.32523,1996,3,17,77,1996-03-17,0.13,1.57,-0.77,86.04,0.5,7.71,7.36
11.39044,55.32523,1996,3,18,78,1996-03-18,-0.03,1.6,-1.69,85.57,0.31,6.65,6.01
11.39044,55.32523,1996,3,19,79,1996-03-19,-0.17,3.07,-2.12,88.59,0.06,13.74,4.62
11.39044,55.32523,1996,3,20,80,1996-03-20,0.16,3.93,-2.13,87.67,0.03,12.76,4.78
11.39044,55.32523,1996,3,21,81,1996-03-21,0.04,2.27,-1.99,87.53,0.13,8.12,6.19
11.39044,55.32523,1996,3,22,82,1996-03-22,1.11,4.07,-0.86,88.89,0.1,11.48,7.17
11.39044,55.32523,1996,3,23,83,1996-03-23,1.21,4.36,-0.71,87.54,3.08,8.61,6.96
11.39044,55.32523,1996,3,24,84,1996-03-24,1.93,5.05,-0.69,88.16,1,9.51,4.01
11.39044,55.32523,1996,3,25,85,1996-03-25,0.43,4.1,-2.11,88.19,0.05,13.78,2.36
11.39044,55.32523,1996,3,26,86,1996-03-26,0.5,3.1,-1.26,83.63,0.14,14.06,3.48
11.39044,55.32523,1996,3,27,87,1996-03-27,0.85,4.17,-2.29,84.07,0.05,8.98,6.06
11.39044,55.32523,1996,3,28,88,1996-03-28,1,2.73,-0.16,90.11,3.57,4.72,7.48
11.39044,55.32523,1996,3,29,89,1996-03-29,1.44,3.58,0.13,92.36,2.62,8.07,3.54
11.39044,55.32523,1996,3,30,90,1996-03-30,0.53,1.9,-1.37,89.93,1.44,8.55,5.68
11.39044,55.32523,1996,3,31,91,1996-03-31,-0.49,0.46,-1.43,84.64,0.43,9.76,3.56
11.39044,55.32523,1996,4,1,92,1996-04-01,0.12,1.1,-1.14,81.4,0.77,10.18,1.11
11.39044,55.32523,1996,4,2,93,1996-04-02,0.49,3.06,-1.82,82.33,0.04,15.46,1.85
11.39044,55.32523,1996,4,3,94,1996-04-03,1,4.95,-1.82,77.03,0,15.99,2.65
11.39044,55.32523,1996,4,4,95,1996-04-04,1.66,5.9,-1.44,81.01,0,18.9,2.93
11.39044,55.32523,1996,4,5,96,1996-04-05,2.69,7.49,-1.43,82.92,0,18.03,3.8
11.39044,55.32523,1996,4,6,97,1996-04-06,4.19,8.31,0.28,87.53,0.01,16.82,5.2
11.39044,55.32523,1996,4,7,98,1996-04-07,4.55,9.12,1.33,85.76,0.01,17.69,4.29
11.39044,55.32523,1996,4,8,99,1996-04-08,5.09,10.3,1.57,88.24,0.01,16.83,2.61
11.39044,55.32523,1996,4,9,100,1996-04-09,3.86,8.04,0.51,89.66,0.1,8.25,1.95
11.39044,55.32523,1996,4,10,101,1996-04-10,5.17,7.83,3.26,92.38,1.17,6.17,1.6
11.39044,55.32523,1996,4,11,102,1996-04-11,1.73,3.66,-0.38,74.05,0.69,12.95,6.4
11.39044,55.32523,1996,4,12,103,1996-04-12,0.68,3.6,-1.87,77.49,0.85,8.47,6.69
11.39044,55.32523,1996,4,13,104,1996-04-13,3.31,6.82,-0.1,78.43,0,19.91,4.71
11.39044,55.32523,1996,4,14,105,1996-04-14,4.41,8.44,0.09,66.85,0,20.22,2.31
11.39044,55.32523,1996,4,15,106,1996-04-15,5.45,8.87,1.34,58.9,0,20.04,1.81
11.39044,55.32523,1996,4,16,107,1996-04-16,6.43,11.18,2.46,64.33,0,20.68,2.72
11.39044,55.32523,1996,4,17,108,1996-04-17,6.24,11.63,1.83,72.7,0,21.12,4.24
11.39044,55.32523,1996,4,18,109,1996-04-18,7.73,13.12,2.57,80.31,0,18.06,3.56
11.39044,55.32523,1996,4,19,110,1996-04-19,8.88,13.23,5.02,82.3,0,13.98,2.95
11.39044,55.32523,1996,4,20,111,1996-04-20,10.63,15.37,6.2,78.5,0,17.36,1.47
11.39044,55.32523,1996,4,21,112,1996-04-21,11.44,17.24,7.45,74.63,0,18.26,2.95
11.39044,55.32523,1996,4,22,113,1996-04-22,12.39,19.51,6.94,73.45,0,19.91,2.86
11.39044,55.32523,1996,4,23,114,1996-04-23,12.42,17.64,8.5,80.37,0,18.42,3.49
11.39044,55.32523,1996,4,24,115,1996-04-24,8.94,12.04,5.78,85.3,10.27,14.66,2.84
11.39044,55.32523,1996,4,25,116,1996-04-25,7.53,10.86,5.12,84.58,0.52,13.85,4.73
11.39044,55.32523,1996,4,26,117,1996-04-26,7.29,9.64,4.56,82.6,0.98,8.64,3.86
11.39044,55.32523,1996,4,27,118,1996-04-27,6.91,9.77,3.28,90.65,0.23,14.3,2.97
11.39044,55.32523,1996,4,28,119,1996-04-28,7.61,10.97,3.76,79.79,0.35,19.83,3.66
11.39044,55.32523,1996,4,29,120,1996-04-29,5.32,7.92,1.58,78.97,0.12,13.41,4.44
11.39044,55.32523,1996,4,30,121,1996-04-30,6.66,9.31,4.16,75.37,0.16,19.5,1.77
11.39044,55.32523,1996,5,1,122,1996-05-01,7.78,12.13,2.97,80.17,0,22.19,3.04
11.39044,55.32523,1996,5,2,123,1996-05-02,7.66,9.63,4.76,90.25,0.88,8.39,5
11.39044,55.32523,1996,5,3,124,1996-05-03,9.54,12.97,6.37,84.63,0.16,18.37,3.07
11.39044,55.32523,1996,5,4,125,1996-05-04,7.65,8.72,5.86,87.59,6.32,6.15,4.78
11.39044,55.32523,1996,5,5,126,1996-05-05,6.87,9.08,5.15,73.45,0.49,13.81,9.09
11.39044,55.32523,1996,5,6,127,1996-05-06,7.62,10.54,4.95,69.18,0.03,20.2,7.14
11.39044,55.32523,1996,5,7,128,1996-05-07,6.76,10.18,2.96,67.28,0,24.78,3.73
11.39044,55.32523,1996,5,8,129,1996-05-08,8,11.7,3.25,71.14,0,24.05,2.76
11.39044,55.32523,1996,5,9,130,1996-05-09,8.41,10.8,5.75,67.17,0.05,17.38,6.32
11.39044,55.32523,1996,5,10,131,1996-05-10,6.51,7.53,5.81,80.08,1.61,6.65,8.23
11.39044,55.32523,1996,5,11,132,1996-05-11,8.51,11.44,5.75,89.59,7.64,6.77,2.87
11.39044,55.32523,1996,5,12,133,1996-05-12,10.02,11.92,8.32,90.53,0.96,9.42,2.32
11.39044,55.32523,1996,5,13,134,1996-05-13,12.99,17.32,8.62,85.86,0.06,23.22,2.5
11.39044,55.32523,1996,5,14,135,1996-05-14,12.45,17.32,8.11,83.29,0.07,25.43,3.67
11.39044,55.32523,1996,5,15,136,1996-05-15,8.94,11.83,6.21,77.59,0.01,23.57,5.61
11.39044,55.32523,1996,5,16,137,1996-05-16,8.79,11.45,5.75,72.59,0.11,14.49,3.57
11.39044,55.32523,1996,5,17,138,1996-05-17,7.99,9.92,6.39,81.88,0.45,8.26,5.55
11.39044,55.32523,1996,5,18,139,1996-05-18,8.98,11.71,6.71,92.68,13.42,13.55,5.69
11.39044,55.32523,1996,5,19,140,1996-05-19,9.32,12.28,7.26,91.24,5.59,8.16,5.68
11.39044,55.32523,1996,5,20,141,1996-05-20,7.35,8.47,6.52,91.71,14.38,4.96,4.35
11.39044,55.32523,1996,5,21,142,1996-05-21,8.51,11.83,5.86,81.08,0.21,18.75,5.01
11.39044,55.32523,1996,5,22,143,1996-05-22,9.74,12.68,5.66,78.24,0.02,24.89,1.66
11.39044,55.32523,1996,5,23,144,1996-05-23,10.31,12.25,7.27,88.27,1.89,15.99,4.01
11.39044,55.32523,1996,5,24,145,1996-05-24,10.84,13.8,7.45,91.37,5.08,12.09,5.15
11.39044,55.32523,1996,5,25,146,1996-05-25,12.17,14.11,10.56,82.3,3.81,20.33,2.85
11.39044,55.32523,1996,5,26,147,1996-05-26,11,14.1,8.18,79.95,0.23,22.88,4.85
11.39044,55.32523,1996,5,27,148,1996-05-27,9.46,11.91,8.02,89.9,8.93,9.3,3.98
11.39044,55.32523,1996,5,28,149,1996-05-28,10.26,13.3,6.67,76.01,0.02,23.04,6.27
11.39044,55.32523,1996,5,29,150,1996-05-29,10.02,12.44,6.91,89.06,6,6.72,5.91
11.39044,55.32523,1996,5,30,151,1996-05-30,12.19,15.5,9.34,86.88,1.02,17.87,2.66
11.39044,55.32523,1996,5,31,152,1996-05-31,14.48,20.44,10.49,83.48,0.04,29.44,5.45
11.39044,55.32523,1996,6,1,153,1996-06-01,11.89,13.76,9.51,83.49,4.83,11.29,3.48
11.39044,55.32523,1996,6,2,154,1996-06-02,12.47,15.06,8.82,76.72,0.01,19.72,1.43
11.39044,55.32523,1996,6,3,155,1996-06-03,13.07,15.21,10.9,74.33,0.73,12.63,0.93
11.39044,55.32523,1996,6,4,156,1996-06-04,14.1,17.2,10.36,80.4,0.02,21.41,3.96
11.39044,55.32523,1996,6,5,157,1996-06-05,14.2,17.65,9.97,78.49,0.01,27.33,2.44
11.39044,55.32523,1996,6,6,158,1996-06-06,16.74,21.15,11.82,80.26,0.02,26.85,3.64
11.39044,55.32523,1996,6,7,159,1996-06-07,19.91,25.53,15.55,75.44,0.01,27.08,1.49
11.39044,55.32523,1996,6,8,160,1996-06-08,19.93,25.42,14.52,82.23,1.76,27.4,3.83
11.39044,55.32523,1996,6,9,161,1996-06-09,18.18,21.85,14.4,80.44,1.6,20.35,1.91
11.39044,55.32523,1996,6,10,162,1996-06-10,16.75,19.57,13.44,77.35,0.53,24.09,2.75
11.39044,55.32523,1996,6,11,163,1996-06-11,17.8,21.2,13.46,83.18,0.29,20.05,2.9
11.39044,55.32523,1996,6,12,164,1996-06-12,15.24,18.13,11.31,75.46,0.13,19.43,7.55
11.39044,55.32523,1996,6,13,165,1996-06-13,12.87,15.28,10.74,69.49,0.03,20.53,9.04
11.39044,55.32523,1996,6,14,166,1996-06-14,13.06,16.09,9.47,69.56,0,29.57,5.56
11.39044,55.32523,1996,6,15,167,1996-06-15,13.76,17.35,9.37,75.95,0,27.1,5.01
11.39044,55.32523,1996,6,16,168,1996-06-16,14.88,19,9.78,75.6,0.03,26.05,2.03
11.39044,55.32523,1996,6,17,169,1996-06-17,14.09,16.19,10.97,82.04,0.07,16.51,4.97
11.39044,55.32523,1996,6,18,170,1996-06-18,12.31,14.36,10.21,79.62,3.19,15.42,8.14
11.39044,55.32523,1996,6,19,171,1996-06-19,12.57,14.97,10.7,83.28,2.62,13.67,6.65
11.39044,55.32523,1996,6,20,172,1996-06-20,11.35,13.4,9.52,76.83,1.14,11.35,6.28
11.39044,55.32523,1996,6,21,173,1996-06-21,11.3,14.02,8.43,74.98,1.98,19.51,4.03
11.39044,55.32523,1996,6,22,174,1996-06-22,13.05,15.29,9.77,76.62,0.09,12.38,3.25
11.39044,55.32523,1996,6,23,175,1996-06-23,13.62,16.74,9.64,80.78,0.02,19.63,3.58
11.39044,55.32523,1996,6,24,176,1996-06-24,15.65,19.19,11.4,77.86,0.49,20.74,1.38
11.39044,55.32523,1996,6,25,177,1996-06-25,15.25,17.94,12.46,81.52,0.22,23.26,3.05
11.39044,55.32523,1996,6,26,178,1996-06-26,13.26,15.62,10.46,80.75,0.06,22.72,3.65
11.39044,55.32523,1996,6,27,179,1996-06-27,14.46,17.56,11.5,76.35,0.12,22.73,5.19
11.39044,55.32523,1996,6,28,180,1996-06-28,14.21,16.99,10.42,75.84,0.27,24.6,4.57
11.39044,55.32523,1996,6,29,181,1996-06-29,14.68,16.36,12.87,87.39,7.23,10.26,3.3
11.39044,55.32523,1996,6,30,182,1996-06-30,13.61,15.13,11.69,85.52,2.59,10.28,5.74
11.39044,55.32523,1996,7,1,183,1996-07-01,13.18,15.43,10.4,78.23,1.32,16.09,5.95
11.39044,55.32523,1996,7,2,184,1996-07-02,13.07,14.9,10.61,77.38,2.15,21.31,5.65
11.39044,55.32523,1996,7,3,185,1996-07-03,13.86,16.31,10.62,80.62,2.91,18.24,4.66
11.39044,55.32523,1996,7,4,186,1996-07-04,15.22,17.81,12.6,83.78,8.88,10.79,6.11
11.39044,55.32523,1996,7,5,187,1996-07-05,15.16,17.4,12.63,78.64,0.75,21.07,5.23
11.39044,55.32523,1996,7,6,188,1996-07-06,14.36,16.04,12.03,79.81,1.08,17.43,3.18
11.39044,55.32523,1996,7,7,189,1996-07-07,14.06,16.17,11.09,78.88,1.73,19.35,3.27
11.39044,55.32523,1996,7,8,190,1996-07-08,14.41,16.54,10.91,77.26,0.21,22.95,1.85
11.39044,55.32523,1996,7,9,191,1996-07-09,14.86,17.89,11.7,77.76,0.13,25.48,8.27
11.39044,55.32523,1996,7,10,192,1996-07-10,15.57,19.3,11.99,76.85,0.13,26.96,7.3
11.39044,55.32523,1996,7,11,193,1996-07-11,16.19,19.07,13.42,84.85,1.01,16.1,5.47
11.39044,55.32523,1996,7,12,194,1996-07-12,15.18,18.16,12.36,73.96,0.03,24.81,5.59
11.39044,55.32523,1996,7,13,195,1996-07-13,15.31,18.59,10.64,80.05,0.29,16.25,6.01
11.39044,55.32523,1996,7,14,196,1996-07-14,16.78,19.9,12.79,76.5,0.35,22.25,6.08
11.39044,55.32523,1996,7,15,197,1996-07-15,14.5,17,12.32,69.22,0.04,16.12,8.36
11.39044,55.32523,1996,7,16,198,1996-07-16,15.41,18.16,12.06,68.38,0,28.77,5.86
11.39044,55.32523,1996,7,17,199,1996-07-17,14.5,17.64,12.16,76.81,0,21.86,5.99
11.39044,55.32523,1996,7,18,200,1996-07-18,14.94,17.47,11.29,73.45,0.28,22.33,4.82
11.39044,55.32523,1996,7,19,201,1996-07-19,15.66,18.63,11.44,68.01,0,24.8,2.55
11.39044,55.32523,1996,7,20,202,1996-07-20,17.1,19.88,13.26,65.36,0.01,26.22,1.52
11.39044,55.32523,1996,7,21,203,1996-07-21,18.18,21.36,13.84,69.44,0.05,24.24,2.3
11.39044,55.32523,1996,7,22,204,1996-07-22,19.02,22.08,15.5,67.5,0,26.05,2.91
11.39044,55.32523,1996,7,23,205,1996-07-23,19.18,22.67,15.84,69.21,0,15.47,5.56
11.39044,55.32523,1996,7,24,206,1996-07-24,16.77,18.37,15.42,87.04,10.09,15.53,4.54
11.39044,55.32523,1996,7,25,207,1996-07-25,19.02,23.43,14.38,71.82,0.18,25.79,3.11
11.39044,55.32523,1996,7,26,208,1996-07-26,16.97,20.28,12.93,77.22,0.08,24.09,5.38
11.39044,55.32523,1996,7,27,209,1996-07-27,16.81,18.55,14.02,89.42,9.39,9.12,3.92
11.39044,55.32523,1996,7,28,210,1996-07-28,16.09,18.76,12.47,71.61,0.01,22.3,4.07
11.39044,55.32523,1996,7,29,211,1996-07-29,16.38,18.59,13.52,69.59,0.2,18.48,2.56
11.39044,55.32523,1996,7,30,212,1996-07-30,17,19.37,14.86,83.53,1.84,10.17,4.04
11.39044,55.32523,1996,7,31,213,1996-07-31,16.71,19.64,14.03,83.35,2.34,11.84,4
11.39044,55.32523,1996,8,1,214,1996-08-01,17.25,19.74,13.53,80.47,1.31,18.19,3.82
11.39044,55.32523,1996,8,2,215,1996-08-02,16.69,19.27,14.15,72.95,0.28,20.57,5.27
11.39044,55.32523,1996,8,3,216,1996-08-03,16.12,19.25,12.51,70.74,0.04,23.19,5.22
11.39044,55.32523,1996,8,4,217,1996-08-04,16.63,19.61,13.06,76.57,0.03,23.22,3.39
11.39044,55.32523,1996,8,5,218,1996-08-05,17.15,21.31,12.92,74.44,0.01,24.07,3.99
11.39044,55.32523,1996,8,6,219,1996-08-06,17.65,20.82,13.56,74.66,0.05,23.42,6.25
11.39044,55.32523,1996,8,7,220,1996-08-07,18.63,21.84,15.27,75.87,1.07,18.53,7.07
11.39044,55.32523,1996,8,8,221,1996-08-08,18.1,19.94,16.26,85.32,8.79,9.56,4.43
11.39044,55.32523,1996,8,9,222,1996-08-09,18.74,22.59,15.88,77.72,0.15,19.17,5.48
11.39044,55.32523,1996,8,10,223,1996-08-10,18.64,21.82,15.62,72.45,0.01,19.95,7.56
11.39044,55.32523,1996,8,11,224,1996-08-11,19.63,22.69,16.53,70.99,0.03,20.75,8.12
11.39044,55.32523,1996,8,12,225,1996-08-12,19.34,22.55,17.03,75.18,0.51,18.29,6.47
11.39044,55.32523,1996,8,13,226,1996-08-13,18.92,22.92,16.24,74.13,1.96,20.58,7.62
11.39044,55.32523,1996,8,14,227,1996-08-14,18.28,21.14,14.82,78.95,0.93,15.34,1.63
11.39044,55.32523,1996,8,15,228,1996-08-15,18.52,21.2,15.81,81.18,0.27,17.54,4.14
11.39044,55.32523,1996,8,16,229,1996-08-16,19.08,22.57,15.35,77.08,0,20.56,2.41
11.39044,55.32523,1996,8,17,230,1996-08-17,18.36,21.33,15.18,78.85,0.04,15.86,1.78
11.39044,55.32523,1996,8,18,231,1996-08-18,20.12,23.89,16.13,70.64,0,19.08,1.44
11.39044,55.32523,1996,8,19,232,1996-08-19,19.88,24.18,15.49,76.76,0.02,20.9,3.5
11.39044,55.32523,1996,8,20,233,1996-08-20,20.57,25.16,16.18,75.94,0.06,20.35,4.29
11.39044,55.32523,1996,8,21,234,1996-08-21,21.12,25.41,17.12,73.85,0.02,19.52,4.98
11.39044,55.32523,1996,8,22,235,1996-08-22,20.92,25.28,17.18,73.07,0.07,19.09,4.78
11.39044,55.32523,1996,8,23,236,1996-08-23,20.46,24.05,17.07,78.73,0.08,19.04,5.36
11.39044,55.32523,1996,8,24,237,1996-08-24,18.7,20.01,16.71,89.35,6,8.48,3.45
11.39044,55.32523,1996,8,25,238,1996-08-25,18.35,20.44,16.32,79.22,0.39,13.23,4.12
11.39044,55.32523,1996,8,26,239,1996-08-26,18.01,19.72,15.92,80.22,3.29,11.18,1.57
11.39044,55.32523,1996,8,27,240,1996-08-27,18.21,21.1,15.29,78.33,1.19,16.47,2.21
11.39044,55.32523,1996,8,28,241,1996-08-28,18.57,21.56,16.58,86.25,16,8.83,6.71
11.39044,55.32523,1996,8,29,242,1996-08-29,17.58,19.39,15.27,76.43,2.11,13.48,5.89
11.39044,55.32523,1996,8,30,243,1996-08-30,16.7,18.18,14.99,79.05,5.43,10.61,6.59
11.39044,55.32523,1996,8,31,244,1996-08-31,16.05,18.28,14.11,80.59,1.95,13.65,5.84
11.39044,55.32523,1996,9,1,245,1996-09-01,15.6,17.98,13.22,76.42,0.51,13.39,4.83
11.39044,55.32523,1996,9,2,246,1996-09-02,15.53,17.76,13.01,83.95,1.77,16.87,2.63
11.39044,55.32523,1996,9,3,247,1996-09-03,16.58,19.26,12.77,83.13,0.34,9.94,3.25
11.39044,55.32523,1996,9,4,248,1996-09-04,16.66,20.2,13.2,79.66,0.06,15.74,3.41
11.39044,55.32523,1996,9,5,249,1996-09-05,14.62,16.91,11.77,66.93,0.06,17.92,5.33
11.39044,55.32523,1996,9,6,250,1996-09-06,13.28,14.69,11.64,62.99,0.29,16.3,5.95
11.39044,55.32523,1996,9,7,251,1996-09-07,13.48,15.52,10.8,66.55,0,12.86,6.07
11.39044,55.32523,1996,9,8,252,1996-09-08,14.49,17.17,11.12,70.76,0.18,16.73,3.8
11.39044,55.32523,1996,9,9,253,1996-09-09,13.28,15.42,10.73,73.36,0.24,17.4,4.38
11.39044,55.32523,1996,9,10,254,1996-09-10,13.32,16.86,9.91,73.61,0.41,14.74,3.95
11.39044,55.32523,1996,9,11,255,1996-09-11,12.14,13.95,9.58,72.72,4.13,12.51,4.7
11.39044,55.32523,1996,9,12,256,1996-09-12,12.4,14.43,10.96,84.19,9.96,8.05,5.7
11.39044,55.32523,1996,9,13,257,1996-09-13,12.97,15.37,10.6,81.91,1.75,8.99,5.79
11.39044,55.32523,1996,9,14,258,1996-09-14,11.4,12.93,9.09,84.68,2.02,10.04,2.18
11.39044,55.32523,1996,9,15,259,1996-09-15,12.37,15.32,9.47,74.68,0.01,13.99,4.3
11.39044,55.32523,1996,9,16,260,1996-09-16,12.53,15.48,9.51,74.98,0,15.89,4.98
11.39044,55.32523,1996,9,17,261,1996-09-17,11.57,14.79,7.88,77,0,14.04,5.51
11.39044,55.32523,1996,9,18,262,1996-09-18,11.65,14.06,9.07,78.14,0.3,11.9,5.53
11.39044,55.32523,1996,9,19,263,1996-09-19,12.05,14.49,9.68,73.14,0.04,12.65,5.04
11.39044,55.32523,1996,9,20,264,1996-09-20,11.86,15.11,9.24,76.41,0.12,11.67,6.67
11.39044,55.32523,1996,9,21,265,1996-09-21,10.97,13.08,9.57,69.66,0.03,6.05,6.42
11.39044,55.32523,1996,9,22,266,1996-09-22,10.65,12.93,8.79,71.92,0.06,5.42,6.2
11.39044,55.32523,1996,9,23,267,1996-09-23,11,14.67,8.13,77.7,0.01,12.94,5.76
11.39044,55.32523,1996,9,24,268,1996-09-24,11.11,14.98,8.05,81.24,0.01,11.07,4.35
11.39044,55.32523,1996,9,25,269,1996-09-25,10.58,11.99,8.98,85.78,0.79,3.23,4.13
11.39044,55.32523,1996,9,26,270,1996-09-26,11.44,14.33,9.28,79.03,0.02,12.56,2.95
11.39044,55.32523,1996,9,27,271,1996-09-27,12.23,14.08,10.13,90.78,6.49,3.38,6.66
11.39044,55.32523,1996,9,28,272,1996-09-28,12.67,15.46,10.34,84.94,0.31,10.26,5.22
11.39044,55.32523,1996,9,29,273,1996-09-29,12.53,13.26,11.16,93.54,22,3.09,7.29
11.39044,55.32523,1996,9,30,274,1996-09-30,13.59,15.21,12.02,82.34,3.06,9.67,6.44
11.39044,55.32523,1996,10,1,275,1996-10-01,11.49,13.01,10.13,86.48,4.46,3.2,3.8
11.39044,55.32523,1996,10,2,276,1996-10-02,10.86,13.79,8.5,82.82,0.39,9.29,5.04
11.39044,55.32523,1996,10,3,277,1996-10-03,10.95,13.23,7.71,87.11,0.3,7.41,6.27
11.39044,55.32523,1996,10,4,278,1996-10-04,11.85,13.37,9.83,78.75,1.26,10.02,6.84
11.39044,55.32523,1996,10,5,279,1996-10-05,10.45,12.45,8.85,89.86,1.39,9.19,5.39
11.39044,55.32523,1996,10,6,280,1996-10-06,10.46,13.33,7.54,86.74,0.08,10.86,3.44
11.39044,55.32523,1996,10,7,281,1996-10-07,11.4,13.68,9.22,87.06,0.06,5.97,4.6
11.39044,55.32523,1996,10,8,282,1996-10-08,11.27,12.34,10.1,89.64,1.06,3.2,3.96
11.39044,55.32523,1996,10,9,283,1996-10-09,11.58,13.37,10.47,89.61,4.29,3.68,3.92
11.39044,55.32523,1996,10,10,284,1996-10-10,10.3,12.76,8.23,82.08,0.03,7.43,4.44
11.39044,55.32523,1996,10,11,285,1996-10-11,9.6,12.19,7.05,87.26,0.01,6.71,3.97
11.39044,55.32523,1996,10,12,286,1996-10-12,11.59,13.58,9.74,88.11,0.06,2.99,5.24
11.39044,55.32523,1996,10,13,287,1996-10-13,11.73,14.33,9.79,90.81,0.17,5.51,2.8
11.39044,55.32523,1996,10,14,288,1996-10-14,11.5,14.84,9.59,92.35,0.17,5.19,4.76
11.39044,55.32523,1996,10,15,289,1996-10-15,11.19,14.32,9.43,92.9,0.2,6.92,4.53
11.39044,55.32523,1996,10,16,290,1996-10-16,11.04,12.85,9.32,96.62,6.17,2.77,2.77
11.39044,55.32523,1996,10,17,291,1996-10-17,10.61,11.96,8,93.49,17.86,2.85,4.12
11.39044,55.32523,1996,10,18,292,1996-10-18,9.96,13.18,7.6,92.82,0.06,5.02,2.77
11.39044,55.32523,1996,10,19,293,1996-10-19,9.89,11.16,8.92,92.89,0.91,3.95,4.66
11.39044,55.32523,1996,10,20,294,1996-10-20,9.94,12.12,8.18,90.14,0.83,5.07,4.61
11.39044,55.32523,1996,10,21,295,1996-10-21,9.39,10.44,7.79,95.99,3.22,2.94,3.02
11.39044,55.32523,1996,10,22,296,1996-10-22,10.04,12.12,7.95,89.51,0.48,6.58,5.21
11.39044,55.32523,1996,10,23,297,1996-10-23,8.8,11.3,6.64,90.04,0.06,6.58,1.82
11.39044,55.32523,1996,10,24,298,1996-10-24,8.46,11.38,6.43,90.73,0.01,6.66,4.66
11.39044,55.32523,1996,10,25,299,1996-10-25,8.32,9.61,7.32,82.75,0.01,6.08,7.12
11.39044,55.32523,1996,10,26,300,1996-10-26,8.24,9.96,7.26,93.44,2.81,1.68,5.42
11.39044,55.32523,1996,10,27,301,1996-10-27,9.11,11.07,7.36,94.22,8.81,3.05,7.33
11.39044,55.32523,1996,10,28,302,1996-10-28,11.47,12.83,10.4,92.41,3.61,2.26,7.11
11.39044,55.32523,1996,10,29,303,1996-10-29,9.92,10.67,8.35,90.87,5.06,1.17,6.64
11.39044,55.32523,1996,10,30,304,1996-10-30,8.46,9.36,7.59,82.18,0.82,5.36,9
11.39044,55.32523,1996,10,31,305,1996-10-31,9.35,11.07,7.43,92.27,5.55,1.76,6.77
11.39044,55.32523,1996,11,1,306,1996-11-01,9.39,11.04,7.37,85.51,1.39,2.67,7.83
11.39044,55.32523,1996,11,2,307,1996-11-02,11.67,13.71,9.33,93.05,1.5,1.28,7.87
11.39044,55.32523,1996,11,3,308,1996-11-03,11.93,13.16,10.53,93.98,1.29,3,7.98
11.39044,55.32523,1996,11,4,309,1996-11-04,11.23,12.22,10.43,93.33,4.24,2.16,7.43
11.39044,55.32523,1996,11,5,310,1996-11-05,9.99,11.29,7.68,85.58,4.85,3.27,9.62
11.39044,55.32523,1996,11,6,311,1996-11-06,9.3,11.64,7.03,80.06,8.81,2.96,12.42
11.39044,55.32523,1996,11,7,312,1996-11-07,7.61,9.54,5.91,85.26,5.79,3.18,7.78
11.39044,55.32523,1996,11,8,313,1996-11-08,5.9,7.27,4.66,89.2,0.82,4.31,6.08
11.39044,55.32523,1996,11,9,314,1996-11-09,6.34,8.12,4.7,90.47,2.53,2.49,8.16
11.39044,55.32523,1996,11,10,315,1996-11-10,5.26,6.9,3.11,78.45,1.39,4.07,4.86
11.39044,55.32523,1996,11,11,316,1996-11-11,6.94,8.25,5.38,92.47,12.47,1.79,6.38
11.39044,55.32523,1996,11,12,317,1996-11-12,7.78,8.65,6.63,95.24,5.37,1.8,5.74
11.39044,55.32523,1996,11,13,318,1996-11-13,5.02,8.2,3.14,84.36,2.25,2.47,5.26
11.39044,55.32523,1996,11,14,319,1996-11-14,3.28,5.41,1.82,79.81,0.01,3.42,2.65
11.39044,55.32523,1996,11,15,320,1996-11-15,3.6,5.85,2.25,88.32,0,3.59,2.57
11.39044,55.32523,1996,11,16,321,1996-11-16,4.1,5.68,3.35,88.79,0.01,1.33,2.88
11.39044,55.32523,1996,11,17,322,1996-11-17,4.6,6.25,3.38,92.76,0.32,3.12,4.3
11.39044,55.32523,1996,11,18,323,1996-11-18,4.54,5.79,3.36,89.94,0.66,0.78,4.06
11.39044,55.32523,1996,11,19,324,1996-11-19,4.18,5.41,3.13,94,13.21,0.69,5.66
11.39044,55.32523,1996,11,20,325,1996-11-20,4.59,6.13,3.2,93.93,0.76,1.39,5.78
11.39044,55.32523,1996,11,21,326,1996-11-21,4.42,5.97,3.51,95.58,6.44,1.57,4.41
11.39044,55.32523,1996,11,22,327,1996-11-22,4.6,5.86,3.33,92.65,3.51,1.84,7.03
11.39044,55.32523,1996,11,23,328,1996-11-23,3.93,5.05,3.11,94.34,2.01,1.5,4.44
11.39044,55.32523,1996,11,24,329,1996-11-24,3.2,4.34,2.04,93.45,0.97,2.07,2.51
11.39044,55.32523,1996,11,25,330,1996-11-25,2.78,3.32,2.12,87.65,1.29,1.1,7.22
11.39044,55.32523,1996,11,26,331,1996-11-26,2.88,3.13,2.31,89.1,2.03,1.08,6.99
11.39044,55.32523,1996,11,27,332,1996-11-27,2.36,3.01,1.04,90.75,0.91,1.04,6.88
11.39044,55.32523,1996,11,28,333,1996-11-28,0.88,1.17,0.53,83.02,0.73,0.94,6.39
11.39044,55.32523,1996,11,29,334,1996-11-29,0.55,1.41,-0.46,86.65,2.55,1.7,5.67
11.39044,55.32523,1996,11,30,335,1996-11-30,2.59,3.46,1.39,95.82,2.89,1.08,5.25
11.39044,55.32523,1996,12,1,336,1996-12-01,2.54,3.98,1.27,91.03,3.3,1.09,4.36
11.39044,55.32523,1996,12,2,337,1996-12-02,3.84,5.11,1.66,96.59,2.64,1.63,5.13
11.39044,55.32523,1996,12,3,338,1996-12-03,3.76,4.64,3,95.73,2.56,1.96,6.2
11.39044,55.32523,1996,12,4,339,1996-12-04,3.52,5,2.5,95.4,6.33,0.79,7.51
11.39044,55.32523,1996,12,5,340,1996-12-05,2.85,3.79,1.75,96.61,0.73,0.76,3.13
11.39044,55.32523,1996,12,6,341,1996-12-06,3.85,4.51,3.12,97.76,3.66,1.22,0.83
11.39044,55.32523,1996,12,7,342,1996-12-07,2.79,3.78,1.27,97.91,0.73,1.13,1.68
11.39044,55.32523,1996,12,8,343,1996-12-08,0.55,1.35,-0.32,96.38,0.12,2.02,3.49
11.39044,55.32523,1996,12,9,344,1996-12-09,0.23,0.91,-0.36,94.85,0.17,1.96,3.37
11.39044,55.32523,1996,12,10,345,1996-12-10,0.64,1.82,-0.3,92.22,0.47,1.16,3.08
11.39044,55.32523,1996,12,11,346,1996-12-11,0.99,2.18,-0.36,91.81,0.68,1.01,2.25
11.39044,55.32523,1996,12,12,347,1996-12-12,0.3,1.09,-0.59,91.49,0.71,1.19,5.1
11.39044,55.32523,1996,12,13,348,1996-12-13,0.67,2.58,-1.42,85.29,0.27,1.54,4.59
11.39044,55.32523,1996,12,14,349,1996-12-14,1.04,2.72,-1.41,93.34,3.98,0.66,7.36
11.39044,55.32523,1996,12,15,350,1996-12-15,0.12,4.69,-3.01,83.62,3.63,0.64,7.15
11.39044,55.32523,1996,12,16,351,1996-12-16,-0.86,1.38,-2.95,92.1,0.58,0.83,3.9
11.39044,55.32523,1996,12,17,352,1996-12-17,2.07,2.53,1.61,99.32,1.87,0.38,1.97
11.39044,55.32523,1996,12,18,353,1996-12-18,1.86,2.58,-0.32,96.43,1.86,0.64,5.2
11.39044,55.32523,1996,12,19,354,1996-12-19,-2.1,-0.25,-4.37,85.88,0.01,1.43,5.68
11.39044,55.32523,1996,12,20,355,1996-12-20,-5.78,-4.45,-7.12,89.26,0,1.62,5.15
11.39044,55.32523,1996,12,21,356,1996-12-21,-3.2,-1.42,-5.99,87.05,0.03,1.16,3.33
11.39044,55.32523,1996,12,22,357,1996-12-22,-1.67,-1.18,-2,95.33,0.19,1.21,2
11.39044,55.32523,1996,12,23,358,1996-12-23,-4.7,-2.32,-6.8,86.78,0,1.39,4.73
11.39044,55.32523,1996,12,24,359,1996-12-24,-3.04,-0.63,-6.57,92.02,0.05,1.17,3.43
11.39044,55.32523,1996,12,25,360,1996-12-25,-5.3,-3.16,-7.39,87.05,0,1.62,4.81
11.39044,55.32523,1996,12,26,361,1996-12-26,-6.55,-4.85,-8.19,89.35,0,1.34,2.67
11.39044,55.32523,1996,12,27,362,1996-12-27,-3.88,-2.81,-5.71,87.87,0.02,0.58,5.21
11.39044,55.32523,1996,12,28,363,1996-12-28,-5.92,-4.52,-6.84,88.05,0.01,1.59,2.88
11.39044,55.32523,1996,12,29,364,1996-12-29,-1.75,-0.05,-4.71,93.82,0.43,1.3,5.34
11.39044,55.32523,1996,12,30,365,1996-12-30,-2.38,-1.5,-4.37,86.33,0.71,1.15,8.73
11.39044,55.32523,1997,1,1,1,1997-01-01,-6.59,-4.6,-8.1,96.82,0.09,1.86,2.66
11.39044,55.32523,1997,1,2,2,1997-01-02,-5.34,-4.81,-5.77,92.44,2.38,0.4,3.25
11.39044,55.32523,1997,1,3,3,1997-01-03,-5.24,-3.35,-6.59,97.64,0.05,2.1,4.17
11.39044,55.32523,1997,1,4,4,1997-01-04,-7.13,-5.76,-8.71,97.31,0.01,1.52,3.8
11.39044,55.32523,1997,1,5,5,1997-01-05,-4.98,-2.39,-7.44,99.12,0.03,1.52,2.69
11.39044,55.32523,1997,1,6,6,1997-01-06,-5.08,-3.6,-6.55,99.4,0.04,2.43,1.94
11.39044,55.32523,1997,1,7,7,1997-01-07,-4.1,-2.2,-6.42,99.01,0.41,2.05,4.59
11.39044,55.32523,1997,1,8,8,1997-01-08,-1.73,-1.26,-2.28,97.6,0.92,1.42,4.86
11.39044,55.32523,1997,1,9,9,1997-01-09,-4.75,-2.09,-6.39,97.21,0.13,2.41,3.1
11.39044,55.32523,1997,1,10,10,1997-01-10,-6.23,-4.27,-7.54,96.22,0.03,1.88,2.07
11.39044,55.32523,1997,1,11,11,1997-01-11,-3.91,-1.42,-5.84,98.41,0.29,1.79,2.39
11.39044,55.32523,1997,1,12,12,1997-01-12,-2.8,1.12,-5.03,92.5,0.4,0.91,7.02
11.39044,55.32523,1997,1,13,13,1997-01-13,2.09,2.69,1.3,97.64,0.34,0.99,7.35
11.39044,55.32523,1997,1,14,14,1997-01-14,1.48,2.41,0.36,94.64,0.22,1.69,4.88
11.39044,55.32523,1997,1,15,15,1997-01-15,0.13,0.9,-1.02,93.99,0.11,2.16,3.9
11.39044,55.32523,1997,1,16,16,1997-01-16,0.07,1.15,-1.93,95.98,0.35,1.19,2.28
11.39044,55.32523,1997,1,17,17,1997-01-17,-1.9,-0.32,-2.59,97.92,0.02,2.75,3.2
11.39044,55.32523,1997,1,18,18,1997-01-18,0.41,2.59,-2.26,98.36,0.31,1,4.97
11.39044,55.32523,1997,1,19,19,1997-01-19,1.27,2.04,0.7,98.34,0.44,2.33,3.64
11.39044,55.32523,1997,1,20,20,1997-01-20,0.72,1.23,0.21,98.78,0.54,2.05,1.6
11.39044,55.32523,1997,1,21,21,1997-01-21,-0.71,0.2,-1.14,96.95,0.32,1.57,3.59
11.39044,55.32523,1997,1,22,22,1997-01-22,0.35,2.23,-0.74,92.25,0.47,2.3,5.4
11.39044,55.32523,1997,1,23,23,1997-01-23,2.1,2.83,0.29,98.13,0.52,1.59,5.09
11.39044,55.32523,1997,1,24,24,1997-01-24,-0.7,0.7,-1.48,95.84,0.04,2.78,3.32
11.39044,55.32523,1997,1,25,25,1997-01-25,-0.32,1.62,-1.66,97.07,0.23,2.37,3.76
11.39044,55.32523,1997,1,26,26,1997-01-26,-1.83,0.8,-3.87,96.71,0.01,3.44,3.61
11.39044,55.32523,1997,1,27,27,1997-01-27,-2.86,-0.85,-4.23,97.69,0.15,1.65,2.76
11.39044,55.32523,1997,1,28,28,1997-01-28,1.2,2.9,-0.55,98.43,0.26,3.34,5.69
11.39044,55.32523,1997,1,29,29,1997-01-29,1.13,2.18,-0.44,98.62,0.57,3.37,4.28
11.39044,55.32523,1997,1,30,30,1997-01-30,1.92,3.71,0.77,97.12,0.4,2.78,6.33
11.39044,55.32523,1997,1,31,31,1997-01-31,0.18,3.41,-2.11,89.29,0.01,3.86,4.57
11.39044,55.32523,1997,2,1,32,1997-02-01,-0.59,1.84,-2.47,83.73,0,3.7,1.77
11.39044,55.32523,1997,2,2,33,1997-02-02,-1.69,0.5,-4.22,92.3,0.05,3.45,4.09
11.39044,55.32523,1997,2,3,34,1997-02-03,0.63,1.75,-0.58,96.09,0.68,3.43,4.25
11.39044,55.32523,1997,2,4,35,1997-02-04,0.87,1.89,0.33,93.85,10.99,1.35,8.91
11.39044,55.32523,1997,2,5,36,1997-02-05,0.89,2.87,-0.2,94.46,0.09,3.88,5.62
11.39044,55.32523,1997,2,6,37,1997-02-06,1.24,2.45,-0.32,97.29,0.47,2.25,6.41
11.39044,55.32523,1997,2,7,38,1997-02-07,2.97,4,1.05,93.64,2.66,1.41,8.14
11.39044,55.32523,1997,2,8,39,1997-02-08,2.24,4.6,0.69,93.81,0.04,3.47,8.14
11.39044,55.32523,1997,2,9,40,1997-02-09,1.83,3.53,0.14,96.33,0.6,0.55,7.33
11.39044,55.32523,1997,2,10,41,1997-02-10,3.29,4.46,2.12,95.9,3.35,1.45,7.27
11.39044,55.32523,1997,2,11,42,1997-02-11,3.43,4.66,2.13,85.73,0.65,4.4,10.9
11.39044,55.32523,1997,2,12,43,1997-02-12,2.9,4.38,1.79,95.76,3.39,2.62,4.99
11.39044,55.32523,1997,2,13,44,1997-02-13,3.87,4.9,2.43,96.04,3.63,2.4,6.34
11.39044,55.32523,1997,2,14,45,1997-02-14,0.39,3.02,-2.34,90.7,2.75,1.75,6.7
11.39044,55.32523,1997,2,15,46,1997-02-15,-2.72,-1.74,-3.57,80.16,0.17,2.69,2.85
11.39044,55.32523,1997,2,16,47,1997-02-16,-3.6,-2.71,-4.45,72.54,0.01,5.23,4.44
11.39044,55.32523,1997,2,17,48,1997-02-17,-1.15,0.46,-2.91,80.97,0.06,2.45,8.78
11.39044,55.32523,1997,2,18,49,1997-02-18,1.78,4.2,0.06,94.14,9.71,2.65,8.69
11.39044,55.32523,1997,2,19,50,1997-02-19,2.92,4.88,0.66,85.42,1.95,7.12,8.73
11.39044,55.32523,1997,2,20,51,1997-02-20,3.38,5.06,0.74,87.44,4.45,4.98,9.98
11.39044,55.32523,1997,2,21,52,1997-02-21,4.72,6.85,3.24,87.62,1.46,4.48,11.28
11.39044,55.32523,1997,2,22,53,1997-02-22,3.51,6.18,1.76,94.2,0.21,2.64,7.34
11.39044,55.32523,1997,2,23,54,1997-02-23,5,6.04,3.72,93.95,0.24,4,6.57
11.39044,55.32523,1997,2,24,55,1997-02-24,5.24,7.59,3.48,91.27,1.44,2.24,7.79
11.39044,55.32523,1997,2,25,56,1997-02-25,5.62,8.06,2.89,85.47,4.9,4.64,11.54
11.39044,55.32523,1997,2,26,57,1997-02-26,2.84,5.62,0.92,87.74,0.08,5.01,5.81
11.39044,55.32523,1997,2,27,58,1997-02-27,2.24,5.29,0.43,83.64,0,8.47,5.91
11.39044,55.32523,1997,2,28,59,1997-02-28,4.33,6.88,1.38,91.32,1.53,4.07,6.86
11.39044,55.32523,1997,3,1,60,1997-03-01,4.64,6.49,2.48,90.33,0.07,8.18,6.29
11.39044,55.32523,1997,3,2,61,1997-03-02,6.59,9.8,4.43,88.48,2.01,3.52,10.64
11.39044,55.32523,1997,3,3,62,1997-03-03,4.99,7.34,2.46,81.88,0.05,8.04,9.84
11.39044,55.32523,1997,3,4,63,1997-03-04,4.08,7.71,1.37,89.79,0.04,9.08,5.53
11.39044,55.32523,1997,3,5,64,1997-03-05,4.56,8.04,0.65,92.56,0.12,7.45,3.86
11.39044,55.32523,1997,3,6,65,1997-03-06,5.03,7.73,1.62,86.58,0.51,9.39,5.17
11.39044,55.32523,1997,3,7,66,1997-03-07,3.86,7,0.6,87.83,0.01,4.33,4.02
11.39044,55.32523,1997,3,8,67,1997-03-08,5.29,8.91,1.53,91.33,0.08,6.98,4.33
11.39044,55.32523,1997,3,9,68,1997-03-09,4.32,8.5,1.09,85.46,0.01,10.51,1.57
11.39044,55.32523,1997,3,10,69,1997-03-10,4.19,8.52,1.41,91.79,0.01,11.12,2.52
11.39044,55.32523,1997,3,11,70,1997-03-11,3.83,6.71,2.31,95.6,0.19,5.35,3.31
11.39044,55.32523,1997,3,12,71,1997-03-12,3.04,4.31,2.14,95.38,0.19,5.39,3.87
11.39044,55.32523,1997,3,13,72,1997-03-13,5.04,8.27,2.44,93.97,0.32,7.58,5.52
11.39044,55.32523,1997,3,14,73,1997-03-14,4.99,6.53,3.04,96.05,3.25,3.54,4.71
11.39044,55.32523,1997,3,15,74,1997-03-15,3.15,4.93,0.66,88.35,2,4.38,4.6
11.39044,55.32523,1997,3,16,75,1997-03-16,1.22,3.1,-1.26,69.28,0.03,3.58,2.35
11.39044,55.32523,1997,3,17,76,1997-03-17,0.75,3.64,-1.7,67.78,0,12.92,3.04
11.39044,55.32523,1997,3,18,77,1997-03-18,-0.15,1.78,-2.95,74.37,3.27,8.24,5.67
11.39044,55.32523,1997,3,19,78,1997-03-19,0.1,1.7,-1.92,79.17,5.26,5.46,7.72
11.39044,55.32523,1997,3,20,79,1997-03-20,0.04,1.67,-1.6,61.16,0.33,8.71,1.57
11.39044,55.32523,1997,3,21,80,1997-03-21,0.89,2.89,-0.63,80.61,0.66,8.81,2.84
11.39044,55.32523,1997,3,22,81,1997-03-22,0.77,3.58,-0.97,77.54,0.02,13.29,3.4
11.39044,55.32523,1997,3,23,82,1997-03-23,0.99,3.47,-1.12,79.21,0.04,10.14,5.41
11.39044,55.32523,1997,3,24,83,1997-03-24,1.25,3,0.05,78.29,0.01,8.21,6.86
11.39044,55.32523,1997,3,25,84,1997-03-25,1.27,3.59,-0.3,78.71,0,12.88,6.08
11.39044,55.32523,1997,3,26,85,1997-03-26,4.11,6.61,0.64,90.63,6.27,7.12,8.13
11.39044,55.32523,1997,3,27,86,1997-03-27,5.71,8.52,3.4,81.82,0.35,14.51,10.1
11.39044,55.32523,1997,3,28,87,1997-03-28,4.91,7.81,2.46,82.87,3.59,14.01,8.76
11.39044,55.32523,1997,3,29,88,1997-03-29,3.95,6.62,1.08,78.42,0,13.07,7.02
11.39044,55.32523,1997,3,30,89,1997-03-30,4.26,8.35,0.61,93.32,0.53,3.54,5.48
11.39044,55.32523,1997,3,31,90,1997-03-31,6.13,10.03,3.55,87.64,0.09,13.08,6.68
11.39044,55.32523,1997,4,1,91,1997-04-01,6.49,10.33,3.79,85.67,0.12,15.22,6.52
11.39044,55.32523,1997,4,2,92,1997-04-02,6.57,10.64,3.79,85.69,0.03,15.82,5.07
11.39044,55.32523,1997,4,3,93,1997-04-03,5.13,6.91,2.36,85.11,4.91,5.77,8.72
11.39044,55.32523,1997,4,4,94,1997-04-04,3.95,6.83,1.97,73.71,0.11,13.82,7.49
11.39044,55.32523,1997,4,5,95,1997-04-05,1.69,3.22,0.71,86.72,7.48,4.91,6.38
11.39044,55.32523,1997,4,6,96,1997-04-06,2.16,5.2,-0.33,68.35,0.02,17.59,5.97
11.39044,55.32523,1997,4,7,97,1997-04-07,3.1,6.41,-1.12,70.32,0.01,19.44,2.29
11.39044,55.32523,1997,4,8,98,1997-04-08,4.04,6.22,1.66,90.26,1.02,6.39,3.26
11.39044,55.32523,1997,4,9,99,1997-04-09,6.38,9.83,3.62,80.69,0.14,17.1,4.42
11.39044,55.32523,1997,4,10,100,1997-04-10,5.4,7.82,2.85,88.08,0.23,5.92,8.34
11.39044,55.32523,1997,4,11,101,1997-04-11,4.96,6.58,2.96,70.42,0.42,14.66,11.06
11.39044,55.32523,1997,4,12,102,1997-04-12,3.32,4.8,1.27,68.98,0,19.08,4.57
11.39044,55.32523,1997,4,13,103,1997-04-13,3.91,6.58,-0.64,90.6,1.02,7.4,5.39
11.39044,55.32523,1997,4,14,104,1997-04-14,6.64,8.88,4.39,75.84,0.2,16.02,7.62
11.39044,55.32523,1997,4,15,105,1997-04-15,4.52,6.87,1.4,60.47,0.04,18.36,7.84
11.39044,55.32523,1997,4,16,106,1997-04-16,4.4,8.37,0.97,69.12,0,19.69,2.09
11.39044,55.32523,1997,4,17,107,1997-04-17,6.09,10.33,1.09,79.68,0.03,20.01,3.07
11.39044,55.32523,1997,4,18,108,1997-04-18,4.91,7.11,1.71,83.61,0.21,11.51,5.26
11.39044,55.32523,1997,4,19,109,1997-04-19,2.77,4.78,1.12,68.96,0.32,19.12,3.7
11.39044,55.32523,1997,4,20,110,1997-04-20,3.3,6.01,0.09,68.2,0.02,18.5,2.53
11.39044,55.32523,1997,4,21,111,1997-04-21,3.83,6.82,0.34,82.66,0.26,9.18,6.17
11.39044,55.32523,1997,4,22,112,1997-04-22,3.86,5.9,1.62,70.86,0.01,18.87,7
11.39044,55.32523,1997,4,23,113,1997-04-23,4.19,7.21,0.01,81.01,1.4,8.21,6.61
11.39044,55.32523,1997,4,24,114,1997-04-24,5.75,7.27,4.28,92.07,8.79,5.27,8.77
11.39044,55.32523,1997,4,25,115,1997-04-25,6.06,8.25,4.17,73.09,0.36,19.23,3.89
11.39044,55.32523,1997,4,26,116,1997-04-26,6.02,9.87,2.49,67.14,0,22.36,1.96
11.39044,55.32523,1997,4,27,117,1997-04-27,6.86,10.84,1.71,75.58,0.06,17.55,4.37
11.39044,55.32523,1997,4,28,118,1997-04-28,7.92,11.18,5.66,90.8,4.89,9.07,3.33
11.39044,55.32523,1997,4,29,119,1997-04-29,7.71,11.58,4.12,91.03,1.37,10.66,2.36
11.39044,55.32523,1997,4,30,120,1997-04-30,6.81,8.67,4.89,86.1,0.13,10.07,3.9
11.39044,55.32523,1997,5,1,121,1997-05-01,8.53,12.94,4.44,90.35,0.05,18.38,3.74
11.39044,55.32523,1997,5,2,122,1997-05-02,9.64,13.47,7.19,85.68,0,18.16,6.31
11.39044,55.32523,1997,5,3,123,1997-05-03,8.35,11.14,6.03,74.05,0,23.2,4.56
11.39044,55.32523,1997,5,4,124,1997-05-04,8.42,11.09,5.37,83.87,7.88,7.93,3.75
11.39044,55.32523,1997,5,5,125,1997-05-05,10.61,12.07,8.94,92.12,1,12.84,5.28
11.39044,55.32523,1997,5,6,126,1997-05-06,8.12,10.97,4.36,89.54,8.67,9.19,5.07
11.39044,55.32523,1997,5,7,127,1997-05-07,6.58,8.52,4.79,71.58,0.28,23.65,6.14
11.39044,55.32523,1997,5,8,128,1997-05-08,7.8,10.98,3.92,73.95,0.04,20.87,6.86
11.39044,55.32523,1997,5,9,129,1997-05-09,7.52,9.84,3.95,82.41,1.51,13.44,3.26
11.39044,55.32523,1997,5,10,130,1997-05-10,9.56,11.94,7.46,82.13,1.5,15,5.66
11.39044,55.32523,1997,5,11,131,1997-05-11,11.86,15.06,7.99,85.81,3.1,15.89,5.3
11.39044,55.32523,1997,5,12,132,1997-05-12,12.04,14.5,10,84.92,2.31,16.37,3.17
11.39044,55.32523,1997,5,13,133,1997-05-13,12.26,15.78,8.55,80.92,0.46,24.66,3.23
11.39044,55.32523,1997,5,14,134,1997-05-14,11.12,12.95,9.02,93.56,16.28,9.45,4.05
11.39044,55.32523,1997,5,15,135,1997-05-15,12.18,15.25,9.44,82.27,0.12,23.52,2.34
11.39044,55.32523,1997,5,16,136,1997-05-16,12.54,17.12,7.79,73.49,0,25.8,3.56
11.39044,55.32523,1997,5,17,137,1997-05-17,12.43,15.8,9.51,72.44,0.01,25.04,7.94
11.39044,55.32523,1997,5,18,138,1997-05-18,11.93,14.66,9.11,79.67,1.02,15.35,5.22
11.39044,55.32523,1997,5,19,139,1997-05-19,10.59,13.73,7.55,82.39,7.4,15.23,5.51
11.39044,55.32523,1997,5,20,140,1997-05-20,7.27,7.97,5.77,88.49,13.93,8.73,7.88
11.39044,55.32523,1997,5,21,141,1997-05-21,6.26,7.85,4.98,89.23,5.99,6.06,6.16
11.39044,55.32523,1997,5,22,142,1997-05-22,8.07,10.35,5.37,78.45,1.24,10.59,3.97
11.39044,55.32523,1997,5,23,143,1997-05-23,8.96,11.42,5.94,67.39,0.25,23.06,2.89
11.39044,55.32523,1997,5,24,144,1997-05-24,9.7,11.98,6.44,68.26,0.2,25.31,1.54
11.39044,55.32523,1997,5,25,145,1997-05-25,9.53,12.17,6.25,78.82,0.09,22.86,3.35
11.39044,55.32523,1997,5,26,146,1997-05-26,9.21,10.62,6.34,87.45,8.31,8.75,4.63
11.39044,55.32523,1997,5,27,147,1997-05-27,10.51,12.08,8.72,85.19,3.1,13.77,3.65
11.39044,55.32523,1997,5,28,148,1997-05-28,12.11,14.67,8.43,78.29,0.07,27.19,2.94
11.39044,55.32523,1997,5,29,149,1997-05-29,10.53,12.46,8.72,82.61,0.77,16.41,6.73
11.39044,55.32523,1997,5,30,150,1997-05-30,11.35,13.88,7.74,69.54,0,27.49,3.45
11.39044,55.32523,1997,5,31,151,1997-05-31,12.58,15.41,9.19,66.1,0,28.93,2.58
11.39044,55.32523,1997,6,1,152,1997-06-01,13.28,17.31,7.44,72.33,0,28.83,3.94
11.39044,55.32523,1997,6,2,153,1997-06-02,15.21,17.99,10.88,69.8,0,29.12,2.05
11.39044,55.32523,1997,6,3,154,1997-06-03,15.99,19.75,11.99,74.81,0.86,26.12,2.61
11.39044,55.32523,1997,6,4,155,1997-06-04,13.98,16.91,10.2,82.89,0.08,21.64,3.43
11.39044,55.32523,1997,6,5,156,1997-06-05,14.77,20.19,9.65,76.21,0,28.44,2.51
11.39044,55.32523,1997,6,6,157,1997-06-06,15.92,19.78,11.67,76.42,0,28.26,5.43
11.39044,55.32523,1997,6,7,158,1997-06-07,16.49,21.05,11.96,76.15,0.02,28.66,6.5
11.39044,55.32523,1997,6,8,159,1997-06-08,16.8,20.65,13.03,76.38,0.01,26.68,6.9
11.39044,55.32523,1997,6,9,160,1997-06-09,16.28,18.52,13.76,85.93,5.56,19.54,3.78
11.39044,55.32523,1997,6,10,161,1997-06-10,15.93,18.38,12.86,76.02,0.08,26.47,3.07
11.39044,55.32523,1997,6,11,162,1997-06-11,16.64,19.96,12.72,79.19,0.01,29.46,2.19
11.39044,55.32523,1997,6,12,163,1997-06-12,17.32,21.26,12.57,78.83,0.11,25.18,5.39
11.39044,55.32523,1997,6,13,164,1997-06-13,17.03,19.53,14.62,88.15,4.73,13.42,1.89
11.39044,55.32523,1997,6,14,165,1997-06-14,16.9,18.89,14.88,89.22,10.22,16.97,2.09
11.39044,55.32523,1997,6,15,166,1997-06-15,14.93,16.85,11.96,80.81,1.15,13.55,6.2
11.39044,55.32523,1997,6,16,167,1997-06-16,13.76,16.02,11.43,72.65,0.05,17.23,7.72
11.39044,55.32523,1997,6,17,168,1997-06-17,14.58,17.83,10.03,77.8,0.43,23.25,3.78
11.39044,55.32523,1997,6,18,169,1997-06-18,14.76,17.67,11.48,76.62,0.49,26.71,4.69
11.39044,55.32523,1997,6,19,170,1997-06-19,14.91,17.14,11.85,77.84,0.61,20.44,2.57
11.39044,55.32523,1997,6,20,171,1997-06-20,15.12,17.1,12.22,82,2.81,19.21,4.63
11.39044,55.32523,1997,6,21,172,1997-06-21,15.15,16.58,13.41,91.1,12.82,9.73,5.68
11.39044,55.32523,1997,6,22,173,1997-06-22,15.02,16.65,13.02,82.04,2.42,19.23,3.19
11.39044,55.32523,1997,6,23,174,1997-06-23,14.7,16.49,12.5,83.76,3.64,21.92,4.58
11.39044,55.32523,1997,6,24,175,1997-06-24,14.23,16.18,11.86,83.58,4.09,12.61,7.31
11.39044,55.32523,1997,6,25,176,1997-06-25,13.08,14.98,10.86,69.92,0.17,18.06,6.54
11.39044,55.32523,1997,6,26,177,1997-06-26,14.35,16.7,11.95,74.74,7.75,10.27,5.48
11.39044,55.32523,1997,6,27,178,1997-06-27,15.53,18.39,13.82,89.05,7.22,10.35,7.11
11.39044,55.32523,1997,6,28,179,1997-06-28,17.19,20.16,13.66,82.74,1.2,21.64,3.55
11.39044,55.32523,1997,6,29,180,1997-06-29,18.05,21.19,13.94,83.38,0.31,25.75,4.72
11.39044,55.32523,1997,6,30,181,1997-06-30,18.09,20.72,15.46,87.15,4.36,23.01,4.4
11.39044,55.32523,1997,7,1,182,1997-07-01,16.52,18.11,14.65,84.71,2.55,12.63,2.2
11.39044,55.32523,1997,7,2,183,1997-07-02,17.27,19.65,14.48,79.23,0.15,26.35,2.75
11.39044,55.32523,1997,7,3,184,1997-07-03,17.34,20.17,14.7,87.12,2.83,10.01,3.1
11.39044,55.32523,1997,7,4,185,1997-07-04,16.79,18.33,15.25,85.5,3.15,18.9,2.2
11.39044,55.32523,1997,7,5,186,1997-07-05,17.2,19.22,14.75,78.53,1.06,24.21,2.59
11.39044,55.32523,1997,7,6,187,1997-07-06,16.32,19.17,12.45,78.55,0,21.66,3.74
11.39044,55.32523,1997,7,7,188,1997-07-07,17.98,21.26,13.68,83.04,0.05,25.11,4.01
11.39044,55.32523,1997,7,8,189,1997-07-08,17.13,19.92,14.72,75.73,0,26.46,6.34
11.39044,55.32523,1997,7,9,190,1997-07-09,17.58,20.07,14.4,81.41,0.48,23.8,4.14
11.39044,55.32523,1997,7,10,191,1997-07-10,18.65,22.09,14.16,76.74,0.01,27.04,2.81
11.39044,55.32523,1997,7,11,192,1997-07-11,18.64,21.19,15.15,79.33,0.15,25.17,2.87
11.39044,55.32523,1997,7,12,193,1997-07-12,19.12,22.15,15.55,78.71,0.44,23.21,2.73
11.39044,55.32523,1997,7,13,194,1997-07-13,18.43,21.08,15.45,73.02,0,26.79,3.98
11.39044,55.32523,1997,7,14,195,1997-07-14,18.42,21.13,14.88,72.97,0,26.57,3.96
11.39044,55.32523,1997,7,15,196,1997-07-15,18.31,20.9,14.99,76.13,0.01,26.35,3.35
11.39044,55.32523,1997,7,16,197,1997-07-16,17.89,20.67,14.11,77.73,0.08,24.82,3.55
11.39044,55.32523,1997,7,17,198,1997-07-17,17.36,19.04,14.69,80.1,1.36,20.3,5.09
11.39044,55.32523,1997,7,18,199,1997-07-18,18.25,21.04,15.66,79.14,2.09,23.32,6.5
11.39044,55.32523,1997,7,19,200,1997-07-19,18.3,20.69,14.9,77.15,2.44,21.42,5.02
11.39044,55.32523,1997,7,20,201,1997-07-20,19.18,22.12,16.45,76.86,0.41,19.9,5.16
11.39044,55.32523,1997,7,21,202,1997-07-21,20,23.06,16.96,79.46,0.93,16.04,3.84
11.39044,55.32523,1997,7,22,203,1997-07-22,20.86,24.66,16.66,73.68,0.15,26.22,2.28
11.39044,55.32523,1997,7,23,204,1997-07-23,19.83,22.68,16.24,79.35,1.13,21.02,2.07
11.39044,55.32523,1997,7,24,205,1997-07-24,19.02,20.7,17.39,86.16,8.15,13.51,2.14
11.39044,55.32523,1997,7,25,206,1997-07-25,19.26,20.92,17.02,78.85,2.19,18.04,1.49
11.39044,55.32523,1997,7,26,207,1997-07-26,19.26,21.88,16.95,80.14,3.22,18.9,2.5
11.39044,55.32523,1997,7,27,208,1997-07-27,17.8,20.92,15.77,83.97,6.59,9.83,6.36
11.39044,55.32523,1997,7,28,209,1997-07-28,17.55,20.04,15.48,76.58,1.03,16.97,8.15
11.39044,55.32523,1997,7,29,210,1997-07-29,18,20.61,14.49,78.78,0.89,21.95,4
11.39044,55.32523,1997,7,30,211,1997-07-30,18.47,21.54,14.63,80.1,3.7,19.1,3.37
11.39044,55.32523,1997,7,31,212,1997-07-31,17.19,18.27,15.29,78.98,7.95,19.45,4.74
11.39044,55.32523,1997,8,1,213,1997-08-01,17.7,20.21,15.05,73.81,1.02,21.52,2.04
11.39044,55.32523,1997,8,2,214,1997-08-02,19.05,21.59,15.05,79.43,0.17,20.28,2.19
11.39044,55.32523,1997,8,3,215,1997-08-03,20.43,22.79,17.67,78.69,1.49,15.33,0.92
11.39044,55.32523,1997,8,4,216,1997-08-04,19.49,21.71,17.18,81.05,1.52,20.01,2.05
11.39044,55.32523,1997,8,5,217,1997-08-05,20.01,23,16.31,79.56,0.32,24.71,3.86
11.39044,55.32523,1997,8,6,218,1997-08-06,20.68,23.62,17.08,80.01,0.14,22.81,3.21
11.39044,55.32523,1997,8,7,219,1997-08-07,21.13,24.21,17.72,76.27,0.17,23.79,2.87
11.39044,55.32523,1997,8,8,220,1997-08-08,20.99,24.5,16.97,79.56,0.14,23.07,3.92
11.39044,55.32523,1997,8,9,221,1997-08-09,21.98,25.53,17.63,77.62,0.04,24.04,3.02
11.39044,55.32523,1997,8,10,222,1997-08-10,22.5,26.14,18.36,76.44,0.03,21.7,2.69
11.39044,55.32523,1997,8,11,223,1997-08-11,22.19,26.11,18.32,74.33,0,22.64,3.54
11.39044,55.32523,1997,8,12,224,1997-08-12,22.37,26.32,18.14,76.73,0.03,22.47,3.06
11.39044,55.32523,1997,8,13,225,1997-08-13,23.77,27.55,19.33,67.52,0,21.98,1.11
11.39044,55.32523,1997,8,14,226,1997-08-14,23.72,27.22,20.32,67.79,0,20.48,1.99
11.39044,55.32523,1997,8,15,227,1997-08-15,22.2,25.12,18.81,74.64,0.01,21.95,3.4
11.39044,55.32523,1997,8,16,228,1997-08-16,21.75,24.48,18.12,77.3,0.05,19.6,1.8
11.39044,55.32523,1997,8,17,229,1997-08-17,23.13,26.19,19.82,68.53,0.09,19.11,0.46
11.39044,55.32523,1997,8,18,230,1997-08-18,22.81,25.99,19.13,72.65,0.17,19.61,2.31
11.39044,55.32523,1997,8,19,231,1997-08-19,22.78,25.94,19.39,71.01,0.03,19.08,2.4
11.39044,55.32523,1997,8,20,232,1997-08-20,22.42,25.88,18.7,76.7,0.33,20.18,3.27
11.39044,55.32523,1997,8,21,233,1997-08-21,22.62,26,18.66,74.06,0.02,20.27,4.51
11.39044,55.32523,1997,8,22,234,1997-08-22,22.25,26.19,19.46,80.01,0.7,10.31,4.82
11.39044,55.32523,1997,8,23,235,1997-08-23,20.69,22.61,17.95,69.8,0.21,18.47,3.17
11.39044,55.32523,1997,8,24,236,1997-08-24,23.07,25.96,20.05,82.73,2.81,15.92,4.21
11.39044,55.32523,1997,8,25,237,1997-08-25,23.59,26.68,20.27,78.34,1.23,16.31,3.12
11.39044,55.32523,1997,8,26,238,1997-08-26,21.68,24.32,19.69,82.34,2.88,10.77,4.31
11.39044,55.32523,1997,8,27,239,1997-08-27,21.02,23.08,19.43,88.74,9.52,11.52,3.29
11.39044,55.32523,1997,8,28,240,1997-08-28,21.85,23.9,20.27,81.64,0.26,13.81,7.2
11.39044,55.32523,1997,8,29,241,1997-08-29,17.64,20.23,16.96,86.37,15.26,5.4,3.7
11.39044,55.32523,1997,8,30,242,1997-08-30,18.93,20.9,16.34,77.49,0.72,12.2,2.11
11.39044,55.32523,1997,8,31,243,1997-08-31,19.97,22.59,16.75,79.67,0.15,14.59,2.49
11.39044,55.32523,1997,9,1,244,1997-09-01,20.69,23.82,17.45,81.49,0.07,16.03,4.67
11.39044,55.32523,1997,9,2,245,1997-09-02,19.89,22.94,17.57,86.11,2.06,7.35,5.1
11.39044,55.32523,1997,9,3,246,1997-09-03,19.15,21.32,16.81,68.93,0.06,15.56,2.94
11.39044,55.32523,1997,9,4,247,1997-09-04,18.84,20.84,16.58,76.35,0.75,9.91,2.93
11.39044,55.32523,1997,9,5,248,1997-09-05,18.68,20.98,16.72,77.4,0.72,12.02,3.34
11.39044,55.32523,1997,9,6,249,1997-09-06,16.92,18.9,14.56,74.72,2.64,11.77,5.79
11.39044,55.32523,1997,9,7,250,1997-09-07,16.44,18.62,14.33,79.43,2.89,15.02,5.8
11.39044,55.32523,1997,9,8,251,1997-09-08,16.69,18.83,14.84,77.96,1.64,10.56,9.79
11.39044,55.32523,1997,9,9,252,1997-09-09,13.62,14.76,12.85,68.81,1.3,9.61,11.62
11.39044,55.32523,1997,9,10,253,1997-09-10,14.2,16.54,12.35,69.92,0,15.47,9.16
11.39044,55.32523,1997,9,11,254,1997-09-11,15.57,18.1,13.07,80.85,0.04,10.81,5.13
11.39044,55.32523,1997,9,12,255,1997-09-12,16.15,19.31,14.13,80.5,1.25,9.7,7.16
11.39044,55.32523,1997,9,13,256,1997-09-13,13.77,15.26,11.57,71.67,2.07,10.6,8.79
11.39044,55.32523,1997,9,14,257,1997-09-14,12.56,14.45,10.85,72.15,0.96,12.88,8.03
11.39044,55.32523,1997,9,15,258,1997-09-15,14.32,16.74,11.09,82.38,1.24,10.36,7.02
11.39044,55.32523,1997,9,16,259,1997-09-16,16.19,18.67,14.19,80.22,0.37,10.08,7.24
11.39044,55.32523,1997,9,17,260,1997-09-17,15,17.09,11.88,74.7,0.18,11.62,7.34
11.39044,55.32523,1997,9,18,261,1997-09-18,12.46,14.85,10.37,76.11,0.17,13.07,5.52
11.39044,55.32523,1997,9,19,262,1997-09-19,11.69,14.63,9.28,72.35,0,14.77,5.27
11.39044,55.32523,1997,9,20,263,1997-09-20,11.44,14.38,8.75,77.79,0,12.89,4.4
11.39044,55.32523,1997,9,21,264,1997-09-21,12.15,14.75,9.26,83.46,0.02,6.84,5.93
11.39044,55.32523,1997,9,22,265,1997-09-22,12.79,16.2,10.13,83.33,0,10.7,5.81
11.39044,55.32523,1997,9,23,266,1997-09-23,12.94,15.91,10.49,83.43,0.01,7.49,5.48
11.39044,55.32523,1997,9,24,267,1997-09-24,13.83,17.09,11.29,83.59,0.01,12.15,1.94
11.39044,55.32523,1997,9,25,268,1997-09-25,13.55,16.26,10.81,89.58,0.16,10.48,2.12
11.39044,55.32523,1997,9,26,269,1997-09-26,13.54,16.32,11.12,89.92,0.27,8.35,2.49
11.39044,55.32523,1997,9,27,270,1997-09-27,12.12,15.62,8.39,81.69,0.02,13.08,2.58
11.39044,55.32523,1997,9,28,271,1997-09-28,13.02,16.97,9.94,81.9,0.01,10.88,1.58
11.39044,55.32523,1997,9,29,272,1997-09-29,13.56,16.54,10.52,89.66,0.74,7.74,3.38
11.39044,55.32523,1997,9,30,273,1997-09-30,13.16,15.2,11.34,83.15,0.05,12.92,5.67
11.39044,55.32523,1997,10,1,274,1997-10-01,11.86,13.95,9.57,86.48,3.54,4.9,6.35
11.39044,55.32523,1997,10,2,275,1997-10-02,11.18,12.67,9.65,75.82,0.62,6.49,10.57
11.39044,55.32523,1997,10,3,276,1997-10-03,11.38,13.66,8.7,86.12,0.68,8.09,5.77
11.39044,55.32523,1997,10,4,277,1997-10-04,13.57,14.61,12.51,86.36,0.98,6.92,8.97
11.39044,55.32523,1997,10,5,278,1997-10-05,13.43,14.47,12.31,81.35,0.86,7.6,5.66
11.39044,55.32523,1997,10,6,279,1997-10-06,13.64,15.39,11.68,87.67,0.52,5.22,3.26
11.39044,55.32523,1997,10,7,280,1997-10-07,13.66,15.37,11.66,94.26,2.52,2.67,5.43
11.39044,55.32523,1997,10,8,281,1997-10-08,13.42,15.3,11.46,87.76,8.77,8.63,6.21
11.39044,55.32523,1997,10,9,282,1997-10-09,14.77,16.2,12.84,92.15,13.61,3.07,7.2
11.39044,55.32523,1997,10,10,283,1997-10-10,12.55,14.58,10.67,90.08,9.5,4.31,7.83
11.39044,55.32523,1997,10,11,284,1997-10-11,10.26,11.67,8.75,88.08,5.07,2.4,8.26
11.39044,55.32523,1997,10,12,285,1997-10-12,9.85,12.26,8.27,83.93,1.11,6.59,5.2
11.39044,55.32523,1997,10,13,286,1997-10-13,8.44,8.97,7.53,89.14,3.44,4.14,4.72
11.39044,55.32523,1997,10,14,287,1997-10-14,8.44,10.62,6.82,79.08,3.26,7.12,2.85
11.39044,55.32523,1997,10,15,288,1997-10-15,6.48,7.91,5.24,73.17,0.43,5.67,4.24
11.39044,55.32523,1997,10,16,289,1997-10-16,6.45,7.68,4.95,73.94,0.34,6.25,2.47
11.39044,55.32523,1997,10,17,290,1997-10-17,8.42,10.56,6.25,85.5,2.26,2.93,5.61
11.39044,55.32523,1997,10,18,291,1997-10-18,11.68,13.44,10.68,93.88,0.23,5.62,5.25
11.39044,55.32523,1997,10,19,292,1997-10-19,11.84,14.08,9.1,94.09,0.43,2.77,4.71
11.39044,55.32523,1997,10,20,293,1997-10-20,7.49,8.54,5.24,69.54,0.01,5.57,5.12
11.39044,55.32523,1997,10,21,294,1997-10-21,6.74,8.92,4.29,68.64,0.08,5.23,4.41
11.39044,55.32523,1997,10,22,295,1997-10-22,8.32,9.94,6.6,87.91,1.95,4.73,6.59
11.39044,55.32523,1997,10,23,296,1997-10-23,6.69,8.71,5.1,81.77,1.32,5.83,7.39
11.39044,55.32523,1997,10,24,297,1997-10-24,5.19,6.71,3.95,66.33,0.04,5.83,6.1
11.39044,55.32523,1997,10,25,298,1997-10-25,4.37,5.93,2.91,70.87,1.44,5.69,5.46
11.39044,55.32523,1997,10,26,299,1997-10-26,3.22,5.19,1.74,66.54,0.16,6.06,4.67
11.39044,55.32523,1997,10,27,300,1997-10-27,3.44,6.23,1.47,67.78,0.01,6,3.28
11.39044,55.32523,1997,10,28,301,1997-10-28,5.16,7.73,1.95,79.09,2.2,4.29,5.74
11.39044,55.32523,1997,10,29,302,1997-10-29,8.42,9.64,7,90.59,1.07,1.83,7.06
11.39044,55.32523,1997,10,30,303,1997-10-30,6.79,10.14,4.35,89.62,0,4.93,2.96
11.39044,55.32523,1997,10,31,304,1997-10-31,5.51,8.63,3.4,94.81,0,4.84,3.34
11.39044,55.32523,1997,11,1,305,1997-11-01,6.75,8.61,4.6,95.85,0.9,1.36,5.96
11.39044,55.32523,1997,11,2,306,1997-11-02,7.78,8.92,5.93,93.99,0.4,3.27,4.22
11.39044,55.32523,1997,11,3,307,1997-11-03,3.29,6.2,0.22,71.31,0.01,4.96,6.13
11.39044,55.32523,1997,11,4,308,1997-11-04,3.31,5.38,0.38,77.18,0,4.7,5.67
11.39044,55.32523,1997,11,5,309,1997-11-05,4.19,6.45,3.27,83.78,4.56,3.75,8.08
11.39044,55.32523,1997,11,6,310,1997-11-06,6.79,7.51,6.25,97.4,3.61,0.91,4.1
11.39044,55.32523,1997,11,7,311,1997-11-07,8.82,10.85,6.67,94.03,9.25,0.96,6.83
11.39044,55.32523,1997,11,8,312,1997-11-08,8.79,10.31,7.34,93.48,0.09,4.34,5.67
11.39044,55.32523,1997,11,9,313,1997-11-09,7.49,8.54,6.51,96.31,0.54,2.02,5.56
11.39044,55.32523,1997,11,10,314,1997-11-10,7.26,8.9,6.21,95.7,0.4,3.4,4.88
11.39044,55.32523,1997,11,11,315,1997-11-11,7.56,9.41,6.62,94.14,1.4,2.96,5.38
11.39044,55.32523,1997,11,12,316,1997-11-12,6.73,7.96,5.78,97.17,2.21,0.76,3.74
11.39044,55.32523,1997,11,13,317,1997-11-13,6.66,7.77,5.92,95.74,9.59,1.87,4.66
11.39044,55.32523,1997,11,14,318,1997-11-14,6.24,7.47,5,92.13,0.21,2.44,4.06
11.39044,55.32523,1997,11,15,319,1997-11-15,5.16,5.72,4.35,96.14,6.86,1.62,5.35
11.39044,55.32523,1997,11,16,320,1997-11-16,5.63,7.56,4.48,89.14,0.1,1.88,4.54
11.39044,55.32523,1997,11,17,321,1997-11-17,6.04,7.32,5.36,85.52,0.31,2.59,4.81
11.39044,55.32523,1997,11,18,322,1997-11-18,4.86,6.21,3.59,83.32,0.1,2.79,6.68
11.39044,55.32523,1997,11,19,323,1997-11-19,2.65,4.38,0.99,81.82,0.12,3.15,7.47
11.39044,55.32523,1997,11,20,324,1997-11-20,3.15,4.02,2.29,87.05,0.53,1.72,7.52
11.39044,55.32523,1997,11,21,325,1997-11-21,4.74,5.98,3.79,94.14,1.59,1.56,4.5
11.39044,55.32523,1997,11,22,326,1997-11-22,4.24,5.52,3.32,94.7,1.27,1.14,3.45
11.39044,55.32523,1997,11,23,327,1997-11-23,2.69,3.75,1.48,94.16,1.25,1.79,3.81
11.39044,55.32523,1997,11,24,328,1997-11-24,2.09,3.69,0.94,90.1,0.19,2.13,2.64
11.39044,55.32523,1997,11,25,329,1997-11-25,1.7,2.81,0.37,86.64,0.19,1.75,4.65
11.39044,55.32523,1997,11,26,330,1997-11-26,1.05,2.57,-0.45,90.66,0.07,2,4.94
11.39044,55.32523,1997,11,27,331,1997-11-27,2.13,3.65,0.79,90.26,0.08,1.21,4.69
11.39044,55.32523,1997,11,28,332,1997-11-28,2.11,3.38,1.28,86.81,0.08,1.83,6.83
11.39044,55.32523,1997,11,29,333,1997-11-29,2.48,3.05,1.67,94.36,3.71,1.09,5.41
11.39044,55.32523,1997,11,30,334,1997-11-30,4.71,5.83,3.12,98.21,1.94,1.35,3.25
11.39044,55.32523,1997,12,1,335,1997-12-01,1.66,3.2,-0.14,95.81,0.77,2.07,3.23
11.39044,55.32523,1997,12,2,336,1997-12-02,-0.1,1,-0.63,95.78,0.3,2.22,2.06
11.39044,55.32523,1997,12,3,337,1997-12-03,0.1,0.76,-0.81,91.73,0.33,0.79,4.46
11.39044,55.32523,1997,12,4,338,1997-12-04,-1.68,-0.85,-2.83,83.25,0.27,1.15,3.46
11.39044,55.32523,1997,12,5,339,1997-12-05,0.83,2.58,-1.95,98.14,1.32,1.06,4.18
11.39044,55.32523,1997,12,6,340,1997-12-06,2.08,3.88,0.6,97.34,6.54,0.82,6.22
11.39044,55.32523,1997,12,7,341,1997-12-07,3.49,4.93,2.42,99.75,1.64,0.85,2.32
11.39044,55.32523,1997,12,8,342,1997-12-08,2.32,3.53,1.47,94.53,0.58,0.76,4.77
11.39044,55.32523,1997,12,9,343,1997-12-09,4.24,5.12,3.22,95.96,0.96,1.2,5.32
11.39044,55.32523,1997,12,10,344,1997-12-10,4.85,6.24,2.82,97.95,15.1,1,5.12
11.39044,55.32523,1997,12,11,345,1997-12-11,5.26,6.11,4.36,96.78,2.03,1.82,4.22
11.39044,55.32523,1997,12,12,346,1997-12-12,3.03,4.1,2.12,96.05,0.69,0.73,3.4
11.39044,55.32523,1997,12,13,347,1997-12-13,2.38,3.66,1.08,94.57,3.67,1.88,3.43
11.39044,55.32523,1997,12,14,348,1997-12-14,1.35,2.8,-0.36,92.44,0.47,0.84,6.23
11.39044,55.32523,1997,12,15,349,1997-12-15,-0.41,0.85,-2.11,85,0.1,0.72,6.42
11.39044,55.32523,1997,12,16,350,1997-12-16,-1.49,-0.45,-2.5,82.04,0,1.34,6.38
11.39044,55.32523,1997,12,17,351,1997-12-17,-2.6,-1.93,-3.47,77.09,0,1.68,7.92
11.39044,55.32523,1997,12,18,352,1997-12-18,-1.99,-0.35,-3.8,89.96,0,1.41,6.26
11.39044,55.32523,1997,12,19,353,1997-12-19,-0.45,0.88,-2.19,94.57,0.18,0.76,5.01
11.39044,55.32523,1997,12,20,354,1997-12-20,1.43,2.37,0.64,95.05,0.28,1.41,3.98
11.39044,55.32523,1997,12,21,355,1997-12-21,0.65,1.74,-1.15,96.28,0.06,0.92,4.9
11.39044,55.32523,1997,12,22,356,1997-12-22,-0.31,0.46,-1.22,96.28,1.97,0.93,2.96
11.39044,55.32523,1997,12,23,357,1997-12-23,-0.23,0.17,-0.71,98.46,0.7,1.06,1.57
11.39044,55.32523,1997,12,24,358,1997-12-24,0.92,2.61,-0.93,98.57,4.01,1.12,4.13
11.39044,55.32523,1997,12,25,359,1997-12-25,4.87,6.85,2.92,93.72,11.3,1.35,8.78
11.39044,55.32523,1997,12,26,360,1997-12-26,4.81,5.93,2.5,94.54,3.65,0.74,8.1
11.39044,55.32523,1997,12,27,361,1997-12-27,1.3,1.98,0.72,96.21,0.71,0.56,2.54
11.39044,55.32523,1997,12,28,362,1997-12-28,2.11,3.12,1.17,98.85,1.23,0.91,3.22
11.39044,55.32523,1997,12,29,363,1997-12-29,1.78,2.89,1.24,97.64,0.85,0.94,2.43
11.39044,55.32523,1997,12,30,364,1997-12-30,1.95,2.76,0.51,98.47,0.82,1.52,3.64
11.39044,55.32523,1997,12,31,365,1997-12-31,3.22,4.5,1.94,94.85,2.75,0.65,5.46
11.39044,55.32523,1998,1,1,1,1998-01-01,2.46,4.23,1.59,98.32,0.45,0.95,3.78
11.39044,55.32523,1998,1,2,2,1998-01-02,2.48,3.3,1.62,97.94,1.21,0.46,5.03
11.39044,55.32523,1998,1,3,3,1998-01-03,3.59,4.91,2.78,96.53,8.44,0.96,6.25
11.39044,55.32523,1998,1,4,4,1998-01-04,3.92,4.62,2.9,87.47,3.11,1.35,8.65
11.39044,55.32523,1998,1,5,5,1998-01-05,2.63,3.28,1.45,97.12,3.52,0.88,4.5
11.39044,55.32523,1998,1,6,6,1998-01-06,1.64,2.76,1.05,98.69,0.73,1.05,4.09
11.39044,55.32523,1998,1,7,7,1998-01-07,3.05,5.03,1.08,97.15,8.04,0.46,5.23
11.39044,55.32523,1998,1,8,8,1998-01-08,3.63,4.62,1.94,96.59,1.28,1.49,4.97
11.39044,55.32523,1998,1,9,9,1998-01-09,2.36,5.62,0.89,98.28,5.98,0.44,2.53
11.39044,55.32523,1998,1,10,10,1998-01-10,5.1,6.03,3.88,98.18,0.16,1.28,5.4
11.39044,55.32523,1998,1,11,11,1998-01-11,3.78,5.56,2.22,97.89,0.06,1.99,4.62
11.39044,55.32523,1998,1,12,12,1998-01-12,3.25,4.32,1.87,98.25,0.24,1.19,3.55
11.39044,55.32523,1998,1,13,13,1998-01-13,4.23,5.11,2.93,98.1,0.21,1.55,3.11
11.39044,55.32523,1998,1,14,14,1998-01-14,4.4,6.36,2.89,94.43,0.32,1.54,5.33
11.39044,55.32523,1998,1,15,15,1998-01-15,4.57,5.27,3.75,92.43,3.11,1.56,8.14
11.39044,55.32523,1998,1,16,16,1998-01-16,4.57,5.01,3.81,96.85,1.88,1.83,6.03
11.39044,55.32523,1998,1,17,17,1998-01-17,3.94,5.32,3.23,91.25,3.46,1.57,7.36
11.39044,55.32523,1998,1,18,18,1998-01-18,3.48,4.75,2.69,95.01,2.93,1.15,4.81
11.39044,55.32523,1998,1,19,19,1998-01-19,2.91,3.36,1.75,95.7,7.02,0.97,4.95
11.39044,55.32523,1998,1,20,20,1998-01-20,0.32,2.88,-2.23,83.96,1.64,1.18,7.63
11.39044,55.32523,1998,1,21,21,1998-01-21,-1.89,-0.18,-2.99,81.01,0,2.55,3.48
11.39044,55.32523,1998,1,22,22,1998-01-22,-0.64,0.72,-1.95,85.66,0,2.91,1.06
11.39044,55.32523,1998,1,23,23,1998-01-23,0.18,1.94,-0.69,94.45,2.65,1.22,2.65
11.39044,55.32523,1998,1,24,24,1998-01-24,0.46,1.99,-2.38,85.6,0.36,2.35,9.03
11.39044,55.32523,1998,1,25,25,1998-01-25,-2.25,0.15,-4.53,85,0.05,2.71,2.14
11.39044,55.32523,1998,1,26,26,1998-01-26,-1.7,0.78,-4.44,96.5,0.05,2.55,3.52
11.39044,55.32523,1998,1,27,27,1998-01-27,1.41,2.8,-0.96,95.48,1.19,1.79,6.67
11.39044,55.32523,1998,1,28,28,1998-01-28,1.32,3.34,0.59,77.18,0.02,3.35,3.04
11.39044,55.32523,1998,1,29,29,1998-01-29,-0.42,1.86,-1.93,87.28,0.01,3.25,2.21
11.39044,55.32523,1998,1,30,30,1998-01-30,0.66,3.16,-3.71,82.55,0.58,2.46,6.87
11.39044,55.32523,1998,1,31,31,1998-01-31,-5.61,-4.15,-6.76,58.03,0,2.78,5.84
11.39044,55.32523,1998,2,1,32,1998-02-01,-4.74,-3.31,-7.1,68.88,0,3.21,5.02
11.39044,55.32523,1998,2,2,33,1998-02-02,-1.86,0.57,-4.25,86.42,2.15,0.72,7.1
11.39044,55.32523,1998,2,3,34,1998-02-03,-1.09,-0.53,-1.92,81.58,1.65,1.35,7.79
11.39044,55.32523,1998,2,4,35,1998-02-04,1.85,3.09,-0.53,96.85,5.16,1.32,7.32
11.39044,55.32523,1998,2,5,36,1998-02-05,2.8,3.3,1.1,98.09,0.41,3.85,6.38
11.39044,55.32523,1998,2,6,37,1998-02-06,2.83,3.5,2.47,98.98,0.49,2.31,4.96
11.39044,55.32523,1998,2,7,38,1998-02-07,2.12,2.72,0.74,93.59,2.49,2.15,6
11.39044,55.32523,1998,2,8,39,1998-02-08,3.01,4.71,1.44,92.98,1.39,3.59,6.5
11.39044,55.32523,1998,2,9,40,1998-02-09,4.32,4.93,3.57,97.41,0.67,1.39,6.54
11.39044,55.32523,1998,2,10,41,1998-02-10,4.44,5.94,2.61,95.92,0.15,2.61,6.49
11.39044,55.32523,1998,2,11,42,1998-02-11,4.26,5.94,1.89,95.58,6.07,2.45,7.74
11.39044,55.32523,1998,2,12,43,1998-02-12,6.17,7.05,5.3,96.99,4.11,4.03,7.53
11.39044,55.32523,1998,2,13,44,1998-02-13,3.68,5.43,2.8,96.21,9.22,2.54,3.39
11.39044,55.32523,1998,2,14,45,1998-02-14,5.14,7.29,3.83,96.93,2.08,5.2,5.69
11.39044,55.32523,1998,2,15,46,1998-02-15,5.49,6.52,4.61,97.8,3.96,2.15,5.17
11.39044,55.32523,1998,2,16,47,1998-02-16,5.1,7.27,1.64,93.58,2.41,2.6,8.38
11.39044,55.32523,1998,2,17,48,1998-02-17,1.9,4.64,-1.21,81.81,0.88,2.56,4.5
11.39044,55.32523,1998,2,18,49,1998-02-18,5.75,7.4,4.73,96.54,0.22,4.36,6.05
11.39044,55.32523,1998,2,19,50,1998-02-19,4.38,5.18,3.84,95.9,0.35,3.55,5.3
11.39044,55.32523,1998,2,20,51,1998-02-20,5.25,6.35,4.03,96.91,0.35,1.94,5.19
11.39044,55.32523,1998,2,21,52,1998-02-21,5.45,8.03,2.77,95.34,4.23,2.48,5.42
11.39044,55.32523,1998,2,22,53,1998-02-22,5.45,7.22,4.19,93.11,0.97,6.61,5.77
11.39044,55.32523,1998,2,23,54,1998-02-23,4.83,7.5,2.49,93.11,0.53,3.39,7.76
11.39044,55.32523,1998,2,24,55,1998-02-24,6.69,8.14,5.57,95.99,0.42,4.09,6.03
11.39044,55.32523,1998,2,25,56,1998-02-25,6.55,9.04,4.53,92.66,0.22,6.07,5.07
11.39044,55.32523,1998,2,26,57,1998-02-26,5.33,7.23,3.94,88.75,0.3,2.03,7.38
11.39044,55.32523,1998,2,27,58,1998-02-27,5.58,6.72,4.59,87.8,1.84,1.51,11.78
11.39044,55.32523,1998,2,28,59,1998-02-28,3.23,4.5,1.45,81.85,0.86,6.61,9.16
11.39044,55.32523,1998,3,1,60,1998-03-01,0.59,2.2,-2.07,84.14,3.15,3.82,6.58
11.39044,55.32523,1998,3,2,61,1998-03-02,2.24,5.24,-2.66,87.64,6.84,4.23,8.89
11.39044,55.32523,1998,3,3,62,1998-03-03,4.13,6.51,2.09,96.81,12.1,2.59,6.03
11.39044,55.32523,1998,3,4,63,1998-03-04,5.53,8.64,2.77,92.21,8.33,1.91,8.2
11.39044,55.32523,1998,3,5,64,1998-03-05,1.57,3.32,-1.09,89.57,4.39,3.08,5.6
11.39044,55.32523,1998,3,6,65,1998-03-06,1.46,3.73,-1.06,77.8,1.75,9.99,8
11.39044,55.32523,1998,3,7,66,1998-03-07,0.31,1.11,-0.79,85.93,7.31,3.67,5
11.39044,55.32523,1998,3,8,67,1998-03-08,-0.16,1.19,-2.43,77.99,1.55,5.19,6.41
11.39044,55.32523,1998,3,9,68,1998-03-09,-0.36,1.59,-2.14,77.15,0.02,9,4.06
11.39044,55.32523,1998,3,10,69,1998-03-10,-0.04,2.86,-2.23,73.58,0,9.87,2.84
11.39044,55.32523,1998,3,11,70,1998-03-11,1.59,3.12,0.23,75.77,0.1,8.25,8.28
11.39044,55.32523,1998,3,12,71,1998-03-12,1.06,2.47,-0.3,77.43,1.66,8.24,5.38
11.39044,55.32523,1998,3,13,72,1998-03-13,1.65,4.63,-2.31,91.16,1.22,4.93,6.56
11.39044,55.32523,1998,3,14,73,1998-03-14,2.05,5.09,-0.49,81.02,0,12.72,5.08
11.39044,55.32523,1998,3,15,74,1998-03-15,3.4,6.36,0.4,93.28,0.48,5.79,1.61
11.39044,55.32523,1998,3,16,75,1998-03-16,5.89,8.86,3.76,91.58,1.27,7.6,4.05
11.39044,55.32523,1998,3,17,76,1998-03-17,5.39,6.85,4.24,96.17,2.39,9.51,3.79
11.39044,55.32523,1998,3,18,77,1998-03-18,5.13,7.48,3.39,87.78,0.43,13,7.38
11.39044,55.32523,1998,3,19,78,1998-03-19,3.06,5.78,-0.29,76.84,0.23,12.75,8.15
11.39044,55.32523,1998,3,20,79,1998-03-20,2.12,4.43,-0.13,73.9,0,14,5.93
11.39044,55.32523,1998,3,21,80,1998-03-21,2.42,5.21,-0.36,79.29,0,11.22,3.47
11.39044,55.32523,1998,3,22,81,1998-03-22,3.17,5.84,1.31,78.22,1.61,8.86,2.37
11.39044,55.32523,1998,3,23,82,1998-03-23,1.66,4.43,-1.29,79.27,0.06,15.26,5.64
11.39044,55.32523,1998,3,24,83,1998-03-24,1.76,5.31,-1.35,83.08,0,14.85,2.91
11.39044,55.32523,1998,3,25,84,1998-03-25,3.06,6.3,0.16,79.59,0,12.25,4.75
11.39044,55.32523,1998,3,26,85,1998-03-26,3.94,6.6,0.84,72.93,0.69,13.85,6.81
11.39044,55.32523,1998,3,27,86,1998-03-27,5.51,8.31,3.23,87.82,2.95,8.48,5.53
11.39044,55.32523,1998,3,28,87,1998-03-28,5.99,10.41,2.8,90.88,0.11,10.27,2.44
11.39044,55.32523,1998,3,29,88,1998-03-29,5.88,9.63,3.42,88.63,1.04,10.72,4.39
11.39044,55.32523,1998,3,30,89,1998-03-30,5.95,9.88,3.01,85.59,0,15.97,5.44
11.39044,55.32523,1998,3,31,90,1998-03-31,6.86,10.22,4.69,92.07,0.19,10.6,4.52
11.39044,55.32523,1998,4,1,91,1998-04-01,4.49,6.48,0.78,95.23,2.09,6.53,4.39
11.39044,55.32523,1998,4,2,92,1998-04-02,0.8,2.35,-0.35,83.64,3.95,6.91,7.55
11.39044,55.32523,1998,4,3,93,1998-04-03,1.8,4.33,-0.16,94.16,13.73,2.66,9.02
11.39044,55.32523,1998,4,4,94,1998-04-04,5.53,6.83,4.26,95.54,5.17,15.38,4.13
11.39044,55.32523,1998,4,5,95,1998-04-05,5.98,7.88,4.66,94.93,8.06,10.72,3.68
11.39044,55.32523,1998,4,6,96,1998-04-06,6.94,10.42,4.83,87.87,3.18,15.92,1.25
11.39044,55.32523,1998,4,7,97,1998-04-07,4.43,5.42,2.99,96.06,1.55,9.05,3.7
11.39044,55.32523,1998,4,8,98,1998-04-08,4.32,6.77,2.28,88.57,0.9,9.05,3.43
11.39044,55.32523,1998,4,9,99,1998-04-09,2.82,4.55,1.14,80.64,1.24,16.2,5.54
11.39044,55.32523,1998,4,10,100,1998-04-10,3.91,6.42,0.94,86.85,0.02,12.26,6.91
11.39044,55.32523,1998,4,11,101,1998-04-11,4.95,8.11,2.91,91.78,5.49,8.88,5.11
11.39044,55.32523,1998,4,12,102,1998-04-12,4.54,7.4,2.13,88.13,0.41,12.21,5.06
11.39044,55.32523,1998,4,13,103,1998-04-13,4.19,7.1,1.75,84.62,0.18,19.43,4.81
11.39044,55.32523,1998,4,14,104,1998-04-14,4.14,5.38,2.8,83.19,1.8,17.03,5.41
11.39044,55.32523,1998,4,15,105,1998-04-15,5.38,7.46,2.68,82.83,0.95,13.67,5
11.39044,55.32523,1998,4,16,106,1998-04-16,4.77,5.74,2.14,88.29,6.42,8.64,5.59
11.39044,55.32523,1998,4,17,107,1998-04-17,5,8.86,1.16,82.14,0.08,13.69,2.8
11.39044,55.32523,1998,4,18,108,1998-04-18,5.66,9.11,2.9,80.4,0,16.75,3
11.39044,55.32523,1998,4,19,109,1998-04-19,5.07,8.27,2.22,85.64,0.07,16.91,2.16
11.39044,55.32523,1998,4,20,110,1998-04-20,5.58,9.71,1.67,82.86,2.14,20.19,2.8
11.39044,55.32523,1998,4,21,111,1998-04-21,6.81,9.97,3.42,89.61,0.94,9.25,3.52
11.39044,55.32523,1998,4,22,112,1998-04-22,5.91,8.72,2.36,92.38,0.15,14.64,3.37
11.39044,55.32523,1998,4,23,113,1998-04-23,7.58,11.24,5,92.96,0.16,16.16,4.69
11.39044,55.32523,1998,4,24,114,1998-04-24,8.79,11.77,5.78,91,0.54,12.65,4.59
11.39044,55.32523,1998,4,25,115,1998-04-25,9.1,11.64,6.42,90.74,2.04,11.68,4.25
11.39044,55.32523,1998,4,26,116,1998-04-26,9.07,10.9,7.34,87.97,4.1,11.75,2.36
11.39044,55.32523,1998,4,27,117,1998-04-27,7.81,10.62,6.59,95.16,6.17,13.45,2.52
11.39044,55.32523,1998,4,28,118,1998-04-28,8.43,10.73,6.67,93.98,1.1,9.3,2.24
11.39044,55.32523,1998,4,29,119,1998-04-29,8.51,12.89,5.97,93.37,3.21,8.74,2.89
11.39044,55.32523,1998,4,30,120,1998-04-30,11.18,15.98,6.9,88.4,0.21,22.31,3.43
11.39044,55.32523,1998,5,1,121,1998-05-01,11.71,15.87,7.59,82.61,0,19.76,3.64
11.39044,55.32523,1998,5,2,122,1998-05-02,11.78,16.84,7.44,85.83,0.11,21.53,2.9
11.39044,55.32523,1998,5,3,123,1998-05-03,9.87,12.64,7.51,88.85,2.44,14.95,5.62
11.39044,55.32523,1998,5,4,124,1998-05-04,9.22,11.57,6.95,77.89,0.64,19.89,6.52
11.39044,55.32523,1998,5,5,125,1998-05-05,8.96,11.37,6.91,82.87,0.51,12.84,5.54
11.39044,55.32523,1998,5,6,126,1998-05-06,9.26,11.8,6.49,85.41,3.27,18.49,7.64
11.39044,55.32523,1998,5,7,127,1998-05-07,10.63,12.95,7.76,88.83,0.89,8.09,6.63
11.39044,55.32523,1998,5,8,128,1998-05-08,12.81,15.88,10.49,80.72,0.01,23.21,5.05
11.39044,55.32523,1998,5,9,129,1998-05-09,13.33,16.35,10.27,85.85,0.04,24.93,4.79
11.39044,55.32523,1998,5,10,130,1998-05-10,15.29,20.44,10.86,81.72,0.02,21.61,2.51
11.39044,55.32523,1998,5,11,131,1998-05-11,12.6,16.52,9.87,78.17,0.51,11.16,4.73
11.39044,55.32523,1998,5,12,132,1998-05-12,11.83,14.28,8.33,85.83,1.15,11.19,4.82
11.39044,55.32523,1998,5,13,133,1998-05-13,10.36,13.89,7.15,68.08,0,25.89,5.82
11.39044,55.32523,1998,5,14,134,1998-05-14,11.51,15.79,6.33,72.75,0,26.62,2.57
11.39044,55.32523,1998,5,15,135,1998-05-15,12.77,16.64,9.41,74.82,0,25.77,3.42
11.39044,55.32523,1998,5,16,136,1998-05-16,12.23,15.5,8.21,71.81,0,25.62,1.99
11.39044,55.32523,1998,5,17,137,1998-05-17,14.42,18.14,9.29,62.36,0,26.69,1.24
11.39044,55.32523,1998,5,18,138,1998-05-18,14.93,18.09,11.48,72.35,0,26.54,1.87
11.39044,55.32523,1998,5,19,139,1998-05-19,13.32,15.94,10.21,80.07,0,24.78,5.34
11.39044,55.32523,1998,5,20,140,1998-05-20,11.24,13.85,8.51,70.5,0,26.72,6.38
11.39044,55.32523,1998,5,21,141,1998-05-21,9.43,11.03,8.02,77.15,2.08,18.28,6.62
11.39044,55.32523,1998,5,22,142,1998-05-22,9.84,11.54,7.72,67.61,0.11,24.28,5.55
11.39044,55.32523,1998,5,23,143,1998-05-23,10.51,13.42,6.55,74.11,0.1,23.65,3.79
11.39044,55.32523,1998,5,24,144,1998-05-24,11.25,12.44,9.4,88.1,4.35,19.35,5.12
11.39044,55.32523,1998,5,25,145,1998-05-25,11.23,13.76,9.42,86.25,1.05,17.52,6.09
11.39044,55.32523,1998,5,26,146,1998-05-26,11.41,13.72,9.32,86.08,2.79,20.66,1.87
11.39044,55.32523,1998,5,27,147,1998-05-27,13.07,15.68,10.78,89.06,10.18,21.68,2.38
11.39044,55.32523,1998,5,28,148,1998-05-28,13.72,16.75,10.02,87.94,0.78,12.39,3.3
11.39044,55.32523,1998,5,29,149,1998-05-29,15.51,19.6,11.38,82.52,0.16,27.35,4.67
11.39044,55.32523,1998,5,30,150,1998-05-30,13.58,16.55,10.49,79.2,3.71,21.55,6.04
11.39044,55.32523,1998,5,31,151,1998-05-31,14.69,18.25,10.44,83.16,0.08,23.3,3.44
11.39044,55.32523,1998,6,1,152,1998-06-01,14.6,16.91,12.53,86.91,0.21,11.43,3.91
11.39044,55.32523,1998,6,2,153,1998-06-02,13.94,16.41,10.97,83.59,0.18,24.53,3.64
11.39044,55.32523,1998,6,3,154,1998-06-03,15.11,17.78,12.72,81.46,0.56,17.28,5.65
11.39044,55.32523,1998,6,4,155,1998-06-04,13.86,16.02,10.48,80.33,1.93,23.19,4.75
11.39044,55.32523,1998,6,5,156,1998-06-05,12.2,14.25,8.81,68.46,1.59,27.13,3.45
11.39044,55.32523,1998,6,6,157,1998-06-06,14.12,17.28,11.02,85.23,5.52,14.75,5.34
11.39044,55.32523,1998,6,7,158,1998-06-07,15.91,20.42,12.7,89.51,11.42,15.89,2.89
11.39044,55.32523,1998,6,8,159,1998-06-08,14.99,17.72,12.31,80.51,0.93,22.45,6.36
11.39044,55.32523,1998,6,9,160,1998-06-09,15.74,17.85,13.31,88.63,5.27,12.42,6.5
11.39044,55.32523,1998,6,10,161,1998-06-10,15.62,17.5,12.31,86.58,5.49,13.08,4.61
11.39044,55.32523,1998,6,11,162,1998-06-11,14.88,17.21,11.84,81.38,0.51,24.53,1.95
11.39044,55.32523,1998,6,12,163,1998-06-12,13.42,15.43,10.35,79.05,0.11,22.21,5.38
11.39044,55.32523,1998,6,13,164,1998-06-13,12.26,14.26,9.37,68.89,0.01,27.88,5.63
11.39044,55.32523,1998,6,14,165,1998-06-14,13.49,16.08,10.21,67.5,0.08,24.63,3.67
11.39044,55.32523,1998,6,15,166,1998-06-15,14.09,17.18,10.24,73.57,0,24.12,2.86
11.39044,55.32523,1998,6,16,167,1998-06-16,13.45,15.44,11.86,84.1,3.67,15.4,7.61
11.39044,55.32523,1998,6,17,168,1998-06-17,12.78,14.29,11,74.72,0.47,12.53,11.35
11.39044,55.32523,1998,6,18,169,1998-06-18,12.92,15.48,10.86,73.25,0.57,25.13,7.61
11.39044,55.32523,1998,6,19,170,1998-06-19,13.26,15.76,9.86,81.89,0.8,18.9,2.78
11.39044,55.32523,1998,6,20,171,1998-06-20,14.44,17.49,9.71,79.85,0.1,22.36,2.98
11.39044,55.32523,1998,6,21,172,1998-06-21,18.35,21.93,14.6,78.37,0.07,28.84,1.44
11.39044,55.32523,1998,6,22,173,1998-06-22,15.85,18,13.2,85.13,29.48,7.49,4.29
11.39044,55.32523,1998,6,23,174,1998-06-23,15.15,17.64,12.33,77.64,0.12,24.76,5.76
11.39044,55.32523,1998,6,24,175,1998-06-24,15.53,18.14,11.83,81.72,0.02,26.51,2.42
11.39044,55.32523,1998,6,25,176,1998-06-25,16.36,19.41,12.52,81.93,1.38,26.87,4.04
11.39044,55.32523,1998,6,26,177,1998-06-26,17.11,19.46,14.78,79.23,2.28,26.7,2.99
11.39044,55.32523,1998,6,27,178,1998-06-27,16.76,18.48,14.78,86.64,2.81,10.81,4.81
11.39044,55.32523,1998,6,28,179,1998-06-28,15.8,17.82,13.55,82.46,7.62,12.55,5.71
11.39044,55.32523,1998,6,29,180,1998-06-29,15.07,16.94,12.58,80.37,2.13,22.6,5.56
11.39044,55.32523,1998,6,30,181,1998-06-30,14.46,16.13,12.17,83.55,5.65,16.27,3.36
11.39044,55.32523,1998,7,1,182,1998-07-01,14.65,15.91,13.34,81.11,4,16.7,2.65
11.39044,55.32523,1998,7,2,183,1998-07-02,16.47,19.42,12.87,83.84,0.17,21.67,4.97
11.39044,55.32523,1998,7,3,184,1998-07-03,15.46,18.06,12.99,80.4,0.32,18.58,6.61
11.39044,55.32523,1998,7,4,185,1998-07-04,15.02,17.05,13.46,83.97,1.5,16.45,8.05
11.39044,55.32523,1998,7,5,186,1998-07-05,15.26,17.46,13.41,84.38,3.45,10.68,8.56
11.39044,55.32523,1998,7,6,187,1998-07-06,13.54,14.97,11.51,76.07,1.18,16.59,9
11.39044,55.32523,1998,7,7,188,1998-07-07,13.06,15.45,10.48,77,1.11,17.4,7.08
11.39044,55.32523,1998,7,8,189,1998-07-08,15.09,18.31,10.69,73.8,0.1,26.94,3.06
11.39044,55.32523,1998,7,9,190,1998-07-09,14.53,16.76,12.23,87.25,5.87,13.51,5.36
11.39044,55.32523,1998,7,10,191,1998-07-10,14.83,17.39,11.91,74.01,0.03,23.16,6.26
11.39044,55.32523,1998,7,11,192,1998-07-11,14.31,16.44,12.36,83.67,8.24,12.65,4.45
11.39044,55.32523,1998,7,12,193,1998-07-12,15.18,17.66,12.17,76.3,1.66,26.82,5.72
11.39044,55.32523,1998,7,13,194,1998-07-13,15.95,17.62,13.02,77.63,1.64,23.44,7.14
11.39044,55.32523,1998,7,14,195,1998-07-14,13.51,15.41,12.32,84.83,7.36,10.07,9.92
11.39044,55.32523,1998,7,15,196,1998-07-15,13.65,16.33,11.88,76.35,1.23,22.06,7.28
11.39044,55.32523,1998,7,16,197,1998-07-16,14.35,16.81,11.12,73.26,0.13,23.32,3.06
11.39044,55.32523,1998,7,17,198,1998-07-17,15.58,17.74,12.66,80.4,0.7,19.15,2.7
11.39044,55.32523,1998,7,18,199,1998-07-18,14.88,17.05,12.78,80.94,4.97,17.84,5.84
11.39044,55.32523,1998,7,19,200,1998-07-19,15.04,17.24,12.72,79.49,5.95,17.82,7.16
11.39044,55.32523,1998,7,20,201,1998-07-20,16.75,20.62,12.65,81.11,0.1,27.5,3.37
11.39044,55.32523,1998,7,21,202,1998-07-21,19.07,24.87,14.82,84.72,0.19,23.05,4.85
11.39044,55.32523,1998,7,22,203,1998-07-22,17.73,20.11,15.34,78.22,0.8,26.9,4.02
11.39044,55.32523,1998,7,23,204,1998-07-23,18.53,22.68,14.21,81.97,0.98,18.38,3.01
11.39044,55.32523,1998,7,24,205,1998-07-24,16.1,18.28,13.77,81.18,0.51,16.51,6.08
11.39044,55.32523,1998,7,25,206,1998-07-25,15.19,17.27,13.04,72.98,0.2,22.58,5.49
11.39044,55.32523,1998,7,26,207,1998-07-26,15.26,17.64,11.99,74.49,0.04,22.54,3.2
11.39044,55.32523,1998,7,27,208,1998-07-27,15.48,17.58,13.45,82.97,0.84,11.31,4.43
11.39044,55.32523,1998,7,28,209,1998-07-28,15.21,16.49,13.51,86.03,3.61,13.5,3.15
11.39044,55.32523,1998,7,29,210,1998-07-29,16.24,18.33,13.58,83.8,6.28,20.78,3.29
11.39044,55.32523,1998,7,30,211,1998-07-30,15.93,17.97,13.83,80.7,5.21,16.67,6.63
11.39044,55.32523,1998,7,31,212,1998-07-31,15.73,17.88,13.62,86.69,6.85,23.25,6.04
11.39044,55.32523,1998,8,1,213,1998-08-01,16.27,18.42,14.15,81.33,0.35,17.36,4.66
11.39044,55.32523,1998,8,2,214,1998-08-02,15.73,18.05,13.74,79.67,0.11,18.57,2.16
11.39044,55.32523,1998,8,3,215,1998-08-03,15.9,18.72,13.2,75.83,2.22,18,3.6
11.39044,55.32523,1998,8,4,216,1998-08-04,16.94,18.68,14.85,79.24,3.41,19.62,6.84
11.39044,55.32523,1998,8,5,217,1998-08-05,15.86,18.3,13.53,79.84,1.92,19.85,7.82
11.39044,55.32523,1998,8,6,218,1998-08-06,15.66,17.05,14.02,85.26,4.49,11.67,6.75
11.39044,55.32523,1998,8,7,219,1998-08-07,16.67,19.14,13.67,81.33,0.23,17.3,5.27
11.39044,55.32523,1998,8,8,220,1998-08-08,15.43,19.26,12.72,86.19,5.24,5.74,4.94
11.39044,55.32523,1998,8,9,221,1998-08-09,16.22,18.8,12.78,78.51,0.01,24.18,3.86
11.39044,55.32523,1998,8,10,222,1998-08-10,17.25,20.23,13.98,76.62,0,21.04,2.12
11.39044,55.32523,1998,8,11,223,1998-08-11,17.13,20.33,14.32,79.87,0,20.57,4.76
11.39044,55.32523,1998,8,12,224,1998-08-12,17.58,20.37,15.07,78.56,1.9,19.24,5.97
11.39044,55.32523,1998,8,13,225,1998-08-13,16.45,18.82,14.15,82.85,2.52,17.84,6.13
11.39044,55.32523,1998,8,14,226,1998-08-14,16.37,18.62,13.44,81.55,0.53,17.66,4.11
11.39044,55.32523,1998,8,15,227,1998-08-15,17.84,20.35,14.14,88.63,3.3,9.79,4.69
11.39044,55.32523,1998,8,16,228,1998-08-16,16.08,18.53,12.94,77.14,0.12,15.41,5.36
11.39044,55.32523,1998,8,17,229,1998-08-17,17.74,20.87,14.79,79.36,0.21,16.15,5.46
11.39044,55.32523,1998,8,18,230,1998-08-18,16.26,18.77,13.01,78.8,0.14,17.55,5.41
11.39044,55.32523,1998,8,19,231,1998-08-19,15.37,18.2,12.61,79.16,0.62,10.51,6.43
11.39044,55.32523,1998,8,20,232,1998-08-20,16.57,19.66,13.65,82.88,1.64,15.6,6.3
11.39044,55.32523,1998,8,21,233,1998-08-21,15.44,16.93,13.11,84.74,13.45,7.87,7.5
11.39044,55.32523,1998,8,22,234,1998-08-22,14.61,17.13,12.86,81.27,3.55,14.74,8.39
11.39044,55.32523,1998,8,23,235,1998-08-23,13.94,16.6,11.6,75.79,1.38,17.19,8.25
11.39044,55.32523,1998,8,24,236,1998-08-24,13.62,15.94,12.41,79.52,2.83,10.6,3.93
11.39044,55.32523,1998,8,25,237,1998-08-25,13.32,15.34,10.77,79.09,0.8,18,7.99
11.39044,55.32523,1998,8,26,238,1998-08-26,13.36,16.02,10.73,73.31,0.12,16.92,4.88
11.39044,55.32523,1998,8,27,239,1998-08-27,12.92,15.5,10.02,73.93,1.34,15.09,3.99
11.39044,55.32523,1998,8,28,240,1998-08-28,13.73,15.46,12.16,86.78,3.62,10.7,5.72
11.39044,55.32523,1998,8,29,241,1998-08-29,14.63,17.12,11.86,88.1,1.68,13.26,3.46
11.39044,55.32523,1998,8,30,242,1998-08-30,14.16,16.32,11.88,89.13,2.28,14.36,3.63
11.39044,55.32523,1998,8,31,243,1998-08-31,14.08,15.99,12.02,87.02,1.52,16.18,4.15
11.39044,55.32523,1998,9,1,244,1998-09-01,13.89,16.3,11.34,85.47,0.72,14,4.46
11.39044,55.32523,1998,9,2,245,1998-09-02,13.54,15.76,11.97,82.67,0.18,14.71,5.94
11.39044,55.32523,1998,9,3,246,1998-09-03,13.36,15.49,11.46,80.89,0.04,15.31,8.19
11.39044,55.32523,1998,9,4,247,1998-09-04,15.19,18.19,12.32,79.18,0.02,16.66,8.32
11.39044,55.32523,1998,9,5,248,1998-09-05,15.63,17.86,13.49,78.38,0.01,15.93,7.03
11.39044,55.32523,1998,9,6,249,1998-09-06,15.2,18.21,13.27,86.49,0.28,14.82,4.63
11.39044,55.32523,1998,9,7,250,1998-09-07,15.77,18.49,13.33,88.12,0.52,13.09,3.72
11.39044,55.32523,1998,9,8,251,1998-09-08,16.37,19.21,13.83,89.01,1.02,10.99,4.12
11.39044,55.32523,1998,9,9,252,1998-09-09,16.42,17.83,14.59,90.62,13.25,7.54,6.85
11.39044,55.32523,1998,9,10,253,1998-09-10,16.58,18.91,15.12,85.96,2.55,12.87,7.14
11.39044,55.32523,1998,9,11,254,1998-09-11,15.51,17.63,13.3,83.21,0.69,11.73,6.76
11.39044,55.32523,1998,9,12,255,1998-09-12,14.12,16.39,11.9,89.48,8.52,6.07,3.86
11.39044,55.32523,1998,9,13,256,1998-09-13,13.35,14.56,11.95,88.76,4.33,8.24,4.64
11.39044,55.32523,1998,9,14,257,1998-09-14,12.21,14.12,10.97,79.43,9.31,10.26,4.89
11.39044,55.32523,1998,9,15,258,1998-09-15,12.15,13.89,10.16,85.52,5.2,7.61,4.96
11.39044,55.32523,1998,9,16,259,1998-09-16,11.87,13.78,10.58,85.05,4.65,10.28,5.76
11.39044,55.32523,1998,9,17,260,1998-09-17,12.6,14.88,10.32,83.17,0.8,12.74,2.03
11.39044,55.32523,1998,9,18,261,1998-09-18,13.31,15.86,10.8,87.9,0.25,7.04,3.83
11.39044,55.32523,1998,9,19,262,1998-09-19,14.45,17.91,11.65,85.87,1.62,9.5,2.5
11.39044,55.32523,1998,9,20,263,1998-09-20,15.26,17.37,13.53,81.65,0.12,9.13,0.63
11.39044,55.32523,1998,9,21,264,1998-09-21,13.69,15.57,11.64,87.4,0.16,6.81,1.13
11.39044,55.32523,1998,9,22,265,1998-09-22,13.97,16.39,12.08,89.44,0.15,6.32,2.07
11.39044,55.32523,1998,9,23,266,1998-09-23,14.05,16.75,12,90.22,0.49,9.76,0.87
11.39044,55.32523,1998,9,24,267,1998-09-24,13.51,14.67,12.67,89.72,0.85,8.2,1.41
11.39044,55.32523,1998,9,25,268,1998-09-25,13.78,15.5,12.55,87.81,0.36,7.64,3.63
11.39044,55.32523,1998,9,26,269,1998-09-26,14.01,16.8,12.1,89.25,0.19,7.49,2.03
11.39044,55.32523,1998,9,27,270,1998-09-27,13.5,15.94,11.02,93.38,0.86,5.34,3.36
11.39044,55.32523,1998,9,28,271,1998-09-28,14.2,16.33,12.89,93.38,4.74,4.4,4.47
11.39044,55.32523,1998,9,29,272,1998-09-29,13.65,15.71,12.03,88.53,1.16,5.89,5.99
11.39044,55.32523,1998,9,30,273,1998-09-30,11.75,12.92,10.19,77.86,0.41,5.27,8.02
11.39044,55.32523,1998,10,1,274,1998-10-01,10.22,12,8.26,73.79,0.18,4.78,8.66
11.39044,55.32523,1998,10,2,275,1998-10-02,9.39,11.17,8.08,74.75,0.2,5.86,7.77
11.39044,55.32523,1998,10,3,276,1998-10-03,8.65,11.03,7.2,74.65,0.23,6.01,6.99
11.39044,55.32523,1998,10,4,277,1998-10-04,7.9,8.81,7.21,86,2.57,2.82,5.77
11.39044,55.32523,1998,10,5,278,1998-10-05,9.17,11.63,7.52,83.19,0.5,4.36,5.31
11.39044,55.32523,1998,10,6,279,1998-10-06,9.04,12.25,6.47,87.19,0.33,7.43,6.59
11.39044,55.32523,1998,10,7,280,1998-10-07,9.73,10.4,8.98,81.9,2.8,3.03,8.43
11.39044,55.32523,1998,10,8,281,1998-10-08,9.7,10.29,9.14,90.87,1.68,2.12,4.48
11.39044,55.32523,1998,10,9,282,1998-10-09,10.41,11.49,9.27,90.79,2.09,3.09,3.83
11.39044,55.32523,1998,10,10,283,1998-10-10,10.87,13.39,9.79,89.08,6.3,5.17,7.07
11.39044,55.32523,1998,10,11,284,1998-10-11,10.21,11.55,9.16,84.46,3.73,2.89,8.42
11.39044,55.32523,1998,10,12,285,1998-10-12,9.16,10.88,7.73,87.26,0.94,7.84,5.44
11.39044,55.32523,1998,10,13,286,1998-10-13,9.54,11.86,7.51,87.66,2.14,8.96,5.3
11.39044,55.32523,1998,10,14,287,1998-10-14,11.45,13.4,9.35,91.54,9.91,2.32,7.76
11.39044,55.32523,1998,10,15,288,1998-10-15,9.99,11.83,8.42,78.71,1.24,3.48,9.12
11.39044,55.32523,1998,10,16,289,1998-10-16,8.89,10.74,7.01,81.82,11.4,6.71,6.27
11.39044,55.32523,1998,10,17,290,1998-10-17,12.27,14.21,9.9,90.45,11.59,2.22,9.02
11.39044,55.32523,1998,10,18,291,1998-10-18,8.25,9.9,6.71,76.45,0.24,6.88,8.83
11.39044,55.32523,1998,10,19,292,1998-10-19,8.2,9.3,6.92,81.82,2.11,6.7,7.57
11.39044,55.32523,1998,10,20,293,1998-10-20,7.22,9.5,5.3,84.66,2.56,6.64,6.45
11.39044,55.32523,1998,10,21,294,1998-10-21,8.44,11.65,6.34,92.77,8.64,2.23,7.84
11.39044,55.32523,1998,10,22,295,1998-10-22,12.29,13.54,10.47,94.6,1.56,1.59,7.39
11.39044,55.32523,1998,10,23,296,1998-10-23,11.73,13.09,8.44,91.86,2.8,1.72,8.15
11.39044,55.32523,1998,10,24,297,1998-10-24,9.57,11.18,7.79,87.64,3.26,4.86,4.86
11.39044,55.32523,1998,10,25,298,1998-10-25,9.83,11.11,8.27,87.9,12.81,4.05,9.88
11.39044,55.32523,1998,10,26,299,1998-10-26,8.42,9.51,7.36,80.6,1.56,5.54,9.39
11.39044,55.32523,1998,10,27,300,1998-10-27,7.9,9.87,6.23,91.15,12.83,1.68,7.56
11.39044,55.32523,1998,10,28,301,1998-10-28,7.59,8.92,5.84,89.78,8.95,4.84,8.45
11.39044,55.32523,1998,10,29,302,1998-10-29,8.42,9.6,7.41,85.73,4.94,4.64,10.41
11.39044,55.32523,1998,10,30,303,1998-10-30,7.78,9.01,6.81,84.12,1.19,4.24,9.27
11.39044,55.32523,1998,10,31,304,1998-10-31,6.77,7.52,5.55,89.04,2.62,3.58,7.17
11.39044,55.32523,1998,11,1,305,1998-11-01,5.1,6.64,3.46,90.56,0.56,3.86,2.86
11.39044,55.32523,1998,11,2,306,1998-11-02,3.87,5.46,2.92,86.63,0.26,4.32,1.94
11.39044,55.32523,1998,11,3,307,1998-11-03,3.64,3.94,3.17,94.32,5.7,1.17,6.53
11.39044,55.32523,1998,11,4,308,1998-11-04,3.75,4.2,2.9,93.74,8.92,1.21,6.95
11.39044,55.32523,1998,11,5,309,1998-11-05,3.11,4.78,0.74,92.29,3.11,1.78,4.66
11.39044,55.32523,1998,11,6,310,1998-11-06,5.77,6.9,4.3,87.5,5.39,3.37,8.45
11.39044,55.32523,1998,11,7,311,1998-11-07,5.32,6.6,3.63,89.29,2.74,3.1,4.72
11.39044,55.32523,1998,11,8,312,1998-11-08,6.32,7.2,5.72,97.11,0.38,0.5,4.16
11.39044,55.32523,1998,11,9,313,1998-11-09,5.05,5.71,4.04,89.48,6.66,0.9,8.1
11.39044,55.32523,1998,11,10,314,1998-11-10,6.41,7.24,5.39,97.44,3.35,1.05,3.28
11.39044,55.32523,1998,11,11,315,1998-11-11,5.71,7.49,4.35,93.26,0.53,3.29,6.67
11.39044,55.32523,1998,11,12,316,1998-11-12,4.21,5.76,3.37,89.23,0.12,1.7,3.48
11.39044,55.32523,1998,11,13,317,1998-11-13,3.54,4.87,2.36,89.38,0.26,3.12,3.8
11.39044,55.32523,1998,11,14,318,1998-11-14,4.36,5.08,3.54,93.48,5.74,0.72,6.3
11.39044,55.32523,1998,11,15,319,1998-11-15,2.82,4.16,1.47,90.21,0.71,1.6,5.33
11.39044,55.32523,1998,11,16,320,1998-11-16,1.85,2.43,1.32,86.31,1.24,1.65,5.25
11.39044,55.32523,1998,11,17,321,1998-11-17,0.72,1.73,-0.31,78.78,0.31,1.48,5.62
11.39044,55.32523,1998,11,18,322,1998-11-18,0.71,2.01,-0.37,77.44,0.55,1.59,4.4
11.39044,55.32523,1998,11,19,323,1998-11-19,0.42,1.44,-0.32,80.53,0.11,3.14,4.79
11.39044,55.32523,1998,11,20,324,1998-11-20,-0.2,1.11,-0.98,73.45,0.01,1.54,2.72
11.39044,55.32523,1998,11,21,325,1998-11-21,-0.25,1.35,-1.52,78.01,0.01,1.92,4.93
11.39044,55.32523,1998,11,22,326,1998-11-22,-1.7,-0.23,-3.38,81.84,0,2.41,6.05
11.39044,55.32523,1998,11,23,327,1998-11-23,-0.68,1.09,-3.48,91.57,0.07,1.29,4.07
11.39044,55.32523,1998,11,24,328,1998-11-24,0.07,1.43,-1.35,89.59,1.67,1.08,2.66
11.39044,55.32523,1998,11,25,329,1998-11-25,0.33,0.73,0.01,92.66,7.92,1.2,1.45
11.39044,55.32523,1998,11,26,330,1998-11-26,0.73,2.2,-0.33,93.06,0.38,1.75,3.12
11.39044,55.32523,1998,11,27,331,1998-11-27,0.37,1.89,-0.85,94.26,0.22,2.12,2.94
11.39044,55.32523,1998,11,28,332,1998-11-28,0.76,1.45,-0.16,94.02,0.23,2.1,4.04
11.39044,55.32523,1998,11,29,333,1998-11-29,2.03,3.15,1.08,97.18,0.51,1.36,4.4
11.39044,55.32523,1998,11,30,334,1998-11-30,1.33,2.65,0.68,97.23,0.33,1.93,3.52
11.39044,55.32523,1998,12,1,335,1998-12-01,0.73,2.47,-1.25,93.88,0.07,1.51,2.48
11.39044,55.32523,1998,12,2,336,1998-12-02,-1.58,0.23,-2.48,92.71,0.03,2.17,2.77
11.39044,55.32523,1998,12,3,337,1998-12-03,-3.31,-2.38,-4.11,94.69,0.67,2.17,3.25
11.39044,55.32523,1998,12,4,338,1998-12-04,-1.53,0.62,-3.83,97.22,1.53,0.83,3.85
11.39044,55.32523,1998,12,5,339,1998-12-05,-0.43,0.48,-0.99,94.02,1.77,0.86,4.87
11.39044,55.32523,1998,12,6,340,1998-12-06,-1.45,-0.5,-2,84.82,1.12,0.86,8.45
11.39044,55.32523,1998,12,7,341,1998-12-07,-2.04,-1.34,-3.57,80.45,0.06,1.37,7.03
11.39044,55.32523,1998,12,8,342,1998-12-08,-4.02,-1.45,-5.18,88.15,0.03,2.24,2.89
11.39044,55.32523,1998,12,9,343,1998-12-09,-3.68,-1.64,-5.71,95.39,0,0.96,3.2
11.39044,55.32523,1998,12,10,344,1998-12-10,-3.23,-1.35,-4.69,97.06,0,1.92,3.85
11.39044,55.32523,1998,12,11,345,1998-12-11,-4.8,-2.94,-7.55,92.48,0,0.86,4.46
11.39044,55.32523,1998,12,12,346,1998-12-12,-3.51,0.81,-7.74,98.21,3.93,0.99,4.26
11.39044,55.32523,1998,12,13,347,1998-12-13,1.23,1.78,0.58,96.98,16.42,0.71,6.42
11.39044,55.32523,1998,12,14,348,1998-12-14,2.17,3.74,0.73,99.07,1.81,0.79,4.6
11.39044,55.32523,1998,12,15,349,1998-12-15,3.59,4.62,2.62,100,0.95,0.95,4.29
11.39044,55.32523,1998,12,16,350,1998-12-16,3.04,3.81,2.24,98.22,0.3,0.89,5.54
11.39044,55.32523,1998,12,17,351,1998-12-17,3.15,4.17,0.83,97.76,0.3,0.51,6.07
11.39044,55.32523,1998,12,18,352,1998-12-18,3.43,5.3,1.02,95.06,0.34,1.04,6.56
11.39044,55.32523,1998,12,19,353,1998-12-19,2.63,3.16,1.49,97.61,1.27,0.51,3.32
11.39044,55.32523,1998,12,20,354,1998-12-20,0.07,2.2,-1.6,97.41,0.14,1.26,5.08
11.39044,55.32523,1998,12,21,355,1998-12-21,-1.06,0.52,-1.83,93.82,0.05,0.88,3.49
11.39044,55.32523,1998,12,22,356,1998-12-22,-0.57,0.05,-1.21,88.76,0.27,1.15,3.07
11.39044,55.32523,1998,12,23,357,1998-12-23,0.92,1.74,-0.22,96.85,2.09,0.79,5.89
11.39044,55.32523,1998,12,24,358,1998-12-24,1.14,2.08,0.44,95.46,3.11,0.45,5.27
11.39044,55.32523,1998,12,25,359,1998-12-25,3.27,4.79,0.66,96.82,10.51,0.96,7.91
11.39044,55.32523,1998,12,26,360,1998-12-26,3.74,4.97,2.24,91.13,8.59,1.23,9.59
11.39044,55.32523,1998,12,27,361,1998-12-27,4.72,6.46,2.23,82.32,4.35,1.2,10.21
11.39044,55.32523,1998,12,28,362,1998-12-28,4.76,6.09,3.28,97.26,2.23,0.77,6.35
11.39044,55.32523,1998,12,29,363,1998-12-29,2.03,3.43,0.33,96.49,0.14,1.36,4.83
11.39044,55.32523,1998,12,30,364,1998-12-30,1.13,2.65,0.29,96.28,0.04,1.45,6.94
11.39044,55.32523,1998,12,31,365,1998-12-31,0.53,1.75,0.05,95.72,0.15,1.36,5.69
11.39044,55.32523,1999,1,1,1,1999-01-01,-0.32,0.87,-1.21,97.24,0.01,0.95,4.06
11.39044,55.32523,1999,1,2,2,1999-01-02,1.2,2.21,-0.53,95.47,1.03,1.09,5.94
11.39044,55.32523,1999,1,3,3,1999-01-03,1.9,2.31,1.36,98.54,1.14,1.23,3.78
11.39044,55.32523,1999,1,4,4,1999-01-04,2.75,5.05,0.77,97.38,6.56,0.46,6.25
11.39044,55.32523,1999,1,5,5,1999-01-05,4.31,6.14,3.14,94.28,6.01,0.44,6.13
11.39044,55.32523,1999,1,6,6,1999-01-06,5.92,7.61,4.64,91.65,1.37,0.45,8.17
11.39044,55.32523,1999,1,7,7,1999-01-07,2.86,5.04,1.09,95.48,2.88,1.5,4.4
11.39044,55.32523,1999,1,8,8,1999-01-08,0.74,1.4,-0.98,97.75,3.72,0.59,3.79
11.39044,55.32523,1999,1,9,9,1999-01-09,-1.33,-0.1,-1.78,89.64,0.2,1.34,3.24
11.39044,55.32523,1999,1,10,10,1999-01-10,-2.14,-1.66,-2.89,80.69,0.43,0.61,2.02
11.39044,55.32523,1999,1,11,11,1999-01-11,-1.03,-0.39,-1.63,89.16,3.68,0.81,5.25
11.39044,55.32523,1999,1,12,12,1999-01-12,-1.65,-0.77,-2.13,88.74,6.37,0.62,4.54
11.39044,55.32523,1999,1,13,13,1999-01-13,-2.92,-1.6,-4.46,93.93,0.09,1.43,2.33
11.39044,55.32523,1999,1,14,14,1999-01-14,0.71,2.49,-1.93,94.72,4.07,1.73,6.96
11.39044,55.32523,1999,1,15,15,1999-01-15,2.37,3.43,0.96,93.29,6.3,1.84,7.31
11.39044,55.32523,1999,1,16,16,1999-01-16,2.98,5.06,1.84,96.94,4.01,0.97,7.76
11.39044,55.32523,1999,1,17,17,1999-01-17,2.16,3.35,0.98,98.49,0.32,1.89,4.84
11.39044,55.32523,1999,1,18,18,1999-01-18,2.72,3.28,2.09,97.48,0.43,2.54,5.77
11.39044,55.32523,1999,1,19,19,1999-01-19,3.33,5.57,1.25,92.53,0.96,1.75,8.62
11.39044,55.32523,1999,1,20,20,1999-01-20,5.53,6.1,4.41,93.89,1.92,0.98,6.38
11.39044,55.32523,1999,1,21,21,1999-01-21,5.13,6.2,3.26,97.21,5.25,1.08,3.77
11.39044,55.32523,1999,1,22,22,1999-01-22,2.71,4.35,1.53,96.28,0.12,2.55,4.53
11.39044,55.32523,1999,1,23,23,1999-01-23,1.42,2.47,0.5,93.16,0.3,1.26,5.73
11.39044,55.32523,1999,1,24,24,1999-01-24,3.68,5.2,1.71,94.23,3.88,1.6,6.96
11.39044,55.32523,1999,1,25,25,1999-01-25,4.61,7.37,1.96,94.8,5.76,1.11,8.83
11.39044,55.32523,1999,1,26,26,1999-01-26,3.21,4.24,1.84,94.1,1.72,2.57,6.63
11.39044,55.32523,1999,1,27,27,1999-01-27,0.93,2.83,-1.53,90.36,0.65,2.87,4.99
11.39044,55.32523,1999,1,28,28,1999-01-28,-2.56,-1.7,-4.91,83.77,0.28,1.6,4.74
11.39044,55.32523,1999,1,29,29,1999-01-29,-3.15,-0.74,-5.61,79.81,0.01,2.89,4.41
11.39044,55.32523,1999,1,30,30,1999-01-30,-2.53,-0.2,-4.38,92.68,0,3.27,2.85
11.39044,55.32523,1999,1,31,31,1999-01-31,-0.1,2.85,-4.31,94.83,6.34,0.56,4.98
11.39044,55.32523,1999,2,1,32,1999-02-01,1.45,2.15,0.74,98.8,0.58,2.67,3.14
11.39044,55.32523,1999,2,2,33,1999-02-02,1.35,2.77,-0.07,98.76,0.34,2.61,3.93
11.39044,55.32523,1999,2,3,34,1999-02-03,3.46,4.15,2.88,99.11,1.91,3.28,5.66
11.39044,55.32523,1999,2,4,35,1999-02-04,5.43,7.44,4.16,89.54,1.54,1.64,10.75
11.39044,55.32523,1999,2,5,36,1999-02-05,3.28,4.61,2.52,80.22,2.81,2.73,13.85
11.39044,55.32523,1999,2,6,37,1999-02-06,1.87,3.72,-0.33,86.64,0.15,3.26,6.36
11.39044,55.32523,1999,2,7,38,1999-02-07,-0.14,1.02,-1.27,92.86,1.95,1.64,2.38
11.39044,55.32523,1999,2,8,39,1999-02-08,-1,0.45,-2.31,81.4,0.44,3.84,5.51
11.39044,55.32523,1999,2,9,40,1999-02-09,-2.14,-1.23,-2.95,76.52,0.01,3.65,2.92
11.39044,55.32523,1999,2,10,41,1999-02-10,-1.75,-0.76,-2.62,88.76,1.18,1.45,5.13
11.39044,55.32523,1999,2,11,42,1999-02-11,-1.92,0.2,-3.46,82.02,0,4.74,1.85
11.39044,55.32523,1999,2,12,43,1999-02-12,-2.01,0.67,-3.88,86.98,0,5.37,2.75
11.39044,55.32523,1999,2,13,44,1999-02-13,-1.97,0.39,-4.25,89.78,0,4.59,1.81
11.39044,55.32523,1999,2,14,45,1999-02-14,-1.32,0.19,-2.74,92.56,0.5,5.44,4.55
11.39044,55.32523,1999,2,15,46,1999-02-15,0.87,1.8,-1.12,96.4,2.95,1.13,7.66
11.39044,55.32523,1999,2,16,47,1999-02-16,1.35,2.58,-1.06,92.63,3.51,3.13,8.19
11.39044,55.32523,1999,2,17,48,1999-02-17,-0.41,1.44,-1.32,83.29,0.29,5.16,6.11
11.39044,55.32523,1999,2,18,49,1999-02-18,-0.2,2.68,-2.78,91.76,0.19,7.1,4.33
11.39044,55.32523,1999,2,19,50,1999-02-19,1.53,3.31,0.01,97.51,5.71,2.54,6.1
11.39044,55.32523,1999,2,20,51,1999-02-20,1.91,3.6,0.79,95.81,0.35,4.54,5.42
11.39044,55.32523,1999,2,21,52,1999-02-21,2.06,3.9,0.73,95.17,7.76,4.3,5.17
11.39044,55.32523,1999,2,22,53,1999-02-22,1.37,2.84,0.45,91.98,0.98,7.45,3.4
11.39044,55.32523,1999,2,23,54,1999-02-23,0.09,1.48,-1.13,88.46,0.17,4.52,4.95
11.39044,55.32523,1999,2,24,55,1999-02-24,-0.27,1.25,-1.31,83.77,0.17,4.5,5.59
11.39044,55.32523,1999,2,25,56,1999-02-25,0.71,3.27,-1.69,93.17,2.84,4.52,5.53
11.39044,55.32523,1999,2,26,57,1999-02-26,3.56,5.43,0.91,96.99,1.78,5.13,5.51
11.39044,55.32523,1999,2,27,58,1999-02-27,3.37,4.38,2.53,97.1,8.66,3.38,4.47
11.39044,55.32523,1999,2,28,59,1999-02-28,4.34,5.82,2.96,89.03,2.02,8.83,8.47
11.39044,55.32523,1999,3,1,60,1999-03-01,3.21,4.41,1.55,91.8,2.98,3.3,7.09
11.39044,55.32523,1999,3,2,61,1999-03-02,2.64,4.86,1.37,90.82,2.85,9.02,6.03
11.39044,55.32523,1999,3,3,62,1999-03-03,3.88,5.84,1.08,95.6,13.17,5.15,5.78
11.39044,55.32523,1999,3,4,63,1999-03-04,3.44,4.7,2.8,97.13,8.2,2.94,3.47
11.39044,55.32523,1999,3,5,64,1999-03-05,3.04,3.44,2.61,96.82,6.96,1.68,3.39
11.39044,55.32523,1999,3,6,65,1999-03-06,2.12,3.04,0.78,96.64,13.05,1.82,2.39
11.39044,55.32523,1999,3,7,66,1999-03-07,2.22,4.57,0.66,91.27,7.58,3.72,6.92
11.39044,55.32523,1999,3,8,67,1999-03-08,1.89,5.16,-0.46,93.08,1.94,7.79,4.87
11.39044,55.32523,1999,3,9,68,1999-03-09,2.16,4.08,0.75,93.9,1.36,3.27,4.97
11.39044,55.32523,1999,3,10,69,1999-03-10,1.58,3.07,0.24,95.36,7.75,3.21,5.51
11.39044,55.32523,1999,3,11,70,1999-03-11,-0.03,1.6,-1.6,82.92,0.19,7.29,3.01
11.39044,55.32523,1999,3,12,71,1999-03-12,-0.21,2.24,-2.42,85.44,0,9.27,5.1
11.39044,55.32523,1999,3,13,72,1999-03-13,0.83,2.54,-0.58,86.63,0,8.58,8.36
11.39044,55.32523,1999,3,14,73,1999-03-14,1.23,1.79,0.64,89.8,1.51,2.61,5.1
11.39044,55.32523,1999,3,15,74,1999-03-15,1.57,3.3,-0.37,92.85,0.34,3.66,2.41
11.39044,55.32523,1999,3,16,75,1999-03-16,1.19,3.07,-0.81,87.14,0.1,4.13,3.99
11.39044,55.32523,1999,3,17,76,1999-03-17,1.95,3.22,0.42,84.26,0.1,6.46,5.12
11.39044,55.32523,1999,3,18,77,1999-03-18,3.7,5.92,1.7,86.49,0.85,9.58,4.09
11.39044,55.32523,1999,3,19,78,1999-03-19,4.13,6.28,2.92,90.78,5.19,8.74,3.73
11.39044,55.32523,1999,3,20,79,1999-03-20,3.38,5.2,1.29,86.7,0.22,9.29,5.76
11.39044,55.32523,1999,3,21,80,1999-03-21,3.55,6.24,1.01,92.86,0.88,6.37,3.89
11.39044,55.32523,1999,3,22,81,1999-03-22,3.42,5.25,0.62,93.97,1.55,3.2,3.6
11.39044,55.32523,1999,3,23,82,1999-03-23,1.53,4.28,-0.7,90.93,4.17,5.94,5.76
11.39044,55.32523,1999,3,24,83,1999-03-24,2.64,6.72,-1.64,96.05,1.61,3.64,4.98
11.39044,55.32523,1999,3,25,84,1999-03-25,5.01,8.92,2.84,92.51,0.1,9.62,4.06
11.39044,55.32523,1999,3,26,85,1999-03-26,6.76,9.79,3.55,95.68,1.09,7.11,3.16
11.39044,55.32523,1999,3,27,86,1999-03-27,4.78,6.01,2.03,94.43,3.73,7.13,2.75
11.39044,55.32523,1999,3,28,87,1999-03-28,3.57,7.5,0.9,86.14,0.05,11.88,1.76
11.39044,55.32523,1999,3,29,88,1999-03-29,3.59,7.39,0.26,89.48,0.01,16.45,3.69
11.39044,55.32523,1999,3,30,89,1999-03-30,6.22,10.2,2.24,89.06,0.13,15.53,4.35
11.39044,55.32523,1999,3,31,90,1999-03-31,8.68,12.98,5.68,90.77,1.59,10.04,2.28
11.39044,55.32523,1999,4,1,91,1999-04-01,7.34,12.12,3.95,85.32,0,16.27,3.28
11.39044,55.32523,1999,4,2,92,1999-04-02,7.38,13.07,2.69,78.86,0,16.11,2.76
11.39044,55.32523,1999,4,3,93,1999-04-03,7.75,12.91,2.88,75.35,0,17.47,1.84
11.39044,55.32523,1999,4,4,94,1999-04-04,7.58,12.23,3.69,80.77,0,17.33,1.95
11.39044,55.32523,1999,4,5,95,1999-04-05,6.24,9.6,2.23,92.95,2.4,15.93,4.6
11.39044,55.32523,1999,4,6,96,1999-04-06,7.8,9.76,5.92,95.88,1.56,4.98,5.34
11.39044,55.32523,1999,4,7,97,1999-04-07,6.41,7.65,4.83,93.81,2.42,6.47,7.85
11.39044,55.32523,1999,4,8,98,1999-04-08,7.15,10.37,4.86,88.86,0.21,19.44,4.16
11.39044,55.32523,1999,4,9,99,1999-04-09,6.96,9.86,4.27,95.66,0.42,5.62,5.97
11.39044,55.32523,1999,4,10,100,1999-04-10,8.24,11.09,6.38,93.34,0.21,12.57,6.12
11.39044,55.32523,1999,4,11,101,1999-04-11,6.44,8.31,4.68,85.99,0.48,15.87,8
11.39044,55.32523,1999,4,12,102,1999-04-12,4.84,6.08,3.6,94.17,6.06,6.78,5.81
11.39044,55.32523,1999,4,13,103,1999-04-13,4.21,6.53,2.34,93.3,1.71,9.05,5.77
11.39044,55.32523,1999,4,14,104,1999-04-14,3.83,6.15,1.74,85.78,0.97,16.03,3.67
11.39044,55.32523,1999,4,15,105,1999-04-15,3.46,5.25,1.37,85.74,6.92,14.72,5.25
11.39044,55.32523,1999,4,16,106,1999-04-16,4.47,7.85,1.41,84.3,0.03,19.93,3.78
11.39044,55.32523,1999,4,17,107,1999-04-17,4.27,6.34,2.37,88.34,0.16,9.48,4.19
11.39044,55.32523,1999,4,18,108,1999-04-18,4.52,5.14,3.93,81.91,1.41,5.46,9.13
11.39044,55.32523,1999,4,19,109,1999-04-19,4.71,6.72,1.44,80.53,0.4,13.86,7.04
11.39044,55.32523,1999,4,20,110,1999-04-20,4.08,8.28,-0.22,75.98,0,22.22,1.99
11.39044,55.32523,1999,4,21,111,1999-04-21,5.05,8.98,0.25,78.5,0.84,18.19,3.09
11.39044,55.32523,1999,4,22,112,1999-04-22,7.07,10.13,4.93,95.35,1.38,10.5,2.91
11.39044,55.32523,1999,4,23,113,1999-04-23,9.11,13.29,5.81,87.9,0.41,21.28,1.74
11.39044,55.32523,1999,4,24,114,1999-04-24,7.92,11.68,5.56,91.87,0.14,19.21,3.08
11.39044,55.32523,1999,4,25,115,1999-04-25,7.99,12.53,5.25,92.62,0.38,19.22,3.61
11.39044,55.32523,1999,4,26,116,1999-04-26,9.49,12.75,6.3,89.3,0.56,18.47,4.11
11.39044,55.32523,1999,4,27,117,1999-04-27,9.49,12.18,6.92,86.79,0.04,17.78,4.53
11.39044,55.32523,1999,4,28,118,1999-04-28,9.55,13,6.19,85.17,0.01,20.52,3.58
11.39044,55.32523,1999,4,29,119,1999-04-29,7.96,10.45,5.17,74.78,0,23.47,3.5
11.39044,55.32523,1999,4,30,120,1999-04-30,7.21,10.93,4.13,82.62,0,18.97,6.55
11.39044,55.32523,1999,5,1,121,1999-05-01,7.51,10.44,4.71,78.88,0,23.48,5.17
11.39044,55.32523,1999,5,2,122,1999-05-02,7.81,10.62,4.52,81.93,0.04,17.46,2.42
11.39044,55.32523,1999,5,3,123,1999-05-03,8.32,11.55,4.85,79.33,0,24.61,3.33
11.39044,55.32523,1999,5,4,124,1999-05-04,8.91,12.44,5.64,79.09,0,25.12,3.41
11.39044,55.32523,1999,5,5,125,1999-05-05,7.33,10.06,4.59,76.35,0,26.01,7.15
11.39044,55.32523,1999,5,6,126,1999-05-06,8.34,11.99,5.1,73.52,0,24.62,6.59
11.39044,55.32523,1999,5,7,127,1999-05-07,9.36,13.42,5.27,73.96,0,23.72,4.53
11.39044,55.32523,1999,5,8,128,1999-05-08,8.99,12.58,5.28,84.84,3.63,12.13,6.04
11.39044,55.32523,1999,5,9,129,1999-05-09,10.21,12.23,7.82,93.07,3.15,8.91,3.74
11.39044,55.32523,1999,5,10,130,1999-05-10,10.94,14.72,8.12,88.36,5.17,15.54,2.66
11.39044,55.32523,1999,5,11,131,1999-05-11,8.58,12.03,6.08,90.17,4.83,6.69,4.97
11.39044,55.32523,1999,5,12,132,1999-05-12,7.65,9.66,6.08,91.86,9.95,7.1,5.4
11.39044,55.32523,1999,5,13,133,1999-05-13,9.93,12.27,7.16,88.46,1.31,14.74,3.12
11.39044,55.32523,1999,5,14,134,1999-05-14,7.57,9.9,5.72,81.64,0.51,12.19,3.56
11.39044,55.32523,1999,5,15,135,1999-05-15,8.18,10.25,5.62,76.42,0.39,12.9,6.61
11.39044,55.32523,1999,5,16,136,1999-05-16,10,12.5,5.58,72.3,0.03,18.85,2.09
11.39044,55.32523,1999,5,17,137,1999-05-17,11.07,14.33,7.26,71.95,0.01,23.09,1.7
11.39044,55.32523,1999,5,18,138,1999-05-18,11.66,15.68,7.04,72.32,0,25.58,2.65
11.39044,55.32523,1999,5,19,139,1999-05-19,11.8,15.69,7.57,71.75,0,25.77,5.12
11.39044,55.32523,1999,5,20,140,1999-05-20,12.81,16.7,8.56,78.74,0,25.75,5.57
11.39044,55.32523,1999,5,21,141,1999-05-21,13.84,18.55,8.76,82.28,0,25.2,2.64
11.39044,55.32523,1999,5,22,142,1999-05-22,11.07,13.01,9.05,76.41,4.18,13.12,5.19
11.39044,55.32523,1999,5,23,143,1999-05-23,11.81,14.17,8.74,85.35,0.94,13.87,6.42
11.39044,55.32523,1999,5,24,144,1999-05-24,13.31,15.74,11.27,88.04,0.76,11.62,5.48
11.39044,55.32523,1999,5,25,145,1999-05-25,12.48,14.74,9.09,79.96,1.66,18.76,4.56
11.39044,55.32523,1999,5,26,146,1999-05-26,11.8,14.49,8.38,80.44,0.11,21.98,4.29
11.39044,55.32523,1999,5,27,147,1999-05-27,14.68,18.07,10.19,79.35,0.01,21.53,2.31
11.39044,55.32523,1999,5,28,148,1999-05-28,16.17,20.68,11.5,79.27,0.34,26.26,4.31
11.39044,55.32523,1999,5,29,149,1999-05-29,15.69,18.9,12.21,83.18,0.1,26.6,4.13
11.39044,55.32523,1999,5,30,150,1999-05-30,12.83,15.77,10.57,85.88,3.02,14.6,3.73
11.39044,55.32523,1999,5,31,151,1999-05-31,12.78,15.34,9.45,78.49,0.13,13.44,1.58
11.39044,55.32523,1999,6,1,152,1999-06-01,12.48,14.89,9.13,77.66,0,27.4,2.54
11.39044,55.32523,1999,6,2,153,1999-06-02,14.07,18.01,9.97,78.57,0,26.87,2.24
11.39044,55.32523,1999,6,3,154,1999-06-03,14.82,16.28,13.07,85.42,17.58,13.66,5.2
11.39044,55.32523,1999,6,4,155,1999-06-04,14.73,16.66,12.91,85.39,3.78,22.72,6.01
11.39044,55.32523,1999,6,5,156,1999-06-05,13.63,15.37,11.29,85.01,10.88,10.43,5.43
11.39044,55.32523,1999,6,6,157,1999-06-06,13.22,14.79,10.34,87.64,1.27,16.34,5.83
11.39044,55.32523,1999,6,7,158,1999-06-07,13.9,15.72,11.68,80.56,0.2,25.38,3.35
11.39044,55.32523,1999,6,8,159,1999-06-08,14.16,16.65,11.76,91.27,16.1,14.9,4.6
11.39044,55.32523,1999,6,9,160,1999-06-09,13.09,14.99,10.89,82.09,1.47,20.16,6.9
11.39044,55.32523,1999,6,10,161,1999-06-10,13.25,15.09,11.57,82.75,3.93,14.76,6.95
11.39044,55.32523,1999,6,11,162,1999-06-11,13.45,15.45,11.3,89.28,16.24,5.18,3.66
11.39044,55.32523,1999,6,12,163,1999-06-12,14.45,16.68,11.31,81.74,0.11,19.34,1.75
11.39044,55.32523,1999,6,13,164,1999-06-13,15.02,17.47,12.3,81,0.74,22.7,2.13
11.39044,55.32523,1999,6,14,165,1999-06-14,14.71,16.96,12.37,81.71,0.01,22.68,2.52
11.39044,55.32523,1999,6,15,166,1999-06-15,16.14,18.91,12.59,83.71,0.06,25.47,2.33
11.39044,55.32523,1999,6,16,167,1999-06-16,16.39,18.81,12.91,74.93,0.02,29.31,1.98
11.39044,55.32523,1999,6,17,168,1999-06-17,16.64,20.5,12.33,80.92,0.74,25.28,3.24
11.39044,55.32523,1999,6,18,169,1999-06-18,15.15,18.05,11.36,81.92,0.09,23.21,3.29
11.39044,55.32523,1999,6,19,170,1999-06-19,15.74,18.59,12.07,74.55,0,27.34,3.62
11.39044,55.32523,1999,6,20,171,1999-06-20,15.47,17.58,11.37,85.44,8.29,11.54,6.83
11.39044,55.32523,1999,6,21,172,1999-06-21,13,15.53,10.27,72.73,0.22,24.2,5.74
11.39044,55.32523,1999,6,22,173,1999-06-22,12.72,15.13,10.15,74.76,0.14,22.52,5.72
11.39044,55.32523,1999,6,23,174,1999-06-23,12.73,15.37,9.45,74.58,0.39,24.45,5.65
11.39044,55.32523,1999,6,24,175,1999-06-24,12.62,14.92,9.43,79.64,2.34,20.63,4.37
11.39044,55.32523,1999,6,25,176,1999-06-25,12.56,14.25,10.16,80.32,1.92,18.91,2.99
11.39044,55.32523,1999,6,26,177,1999-06-26,13.18,14.26,11.62,89.99,39.66,7.83,4.65
11.39044,55.32523,1999,6,27,178,1999-06-27,16.48,19.97,11.83,86.08,2.2,23.01,3.72
11.39044,55.32523,1999,6,28,179,1999-06-28,16.86,19.91,14.11,87.55,3.08,12.33,4.1
11.39044,55.32523,1999,6,29,180,1999-06-29,16.41,19.23,12.98,84.07,2.68,20.04,5.06
11.39044,55.32523,1999,6,30,181,1999-06-30,17.39,19.84,14.41,87.3,1.56,23.19,3.58
11.39044,55.32523,1999,7,1,182,1999-07-01,15.64,17.9,12.27,82.63,0.15,17.41,2.73
11.39044,55.32523,1999,7,2,183,1999-07-02,16.37,18.55,13.71,86.19,2.42,16.11,4.25
11.39044,55.32523,1999,7,3,184,1999-07-03,16.1,18.7,12.89,87.25,17.1,18.53,2.86
11.39044,55.32523,1999,7,4,185,1999-07-04,18.25,20.62,15.88,85.39,1.19,19.66,3.21
11.39044,55.32523,1999,7,5,186,1999-07-05,18.78,22.46,15.97,89.46,1.78,19.58,4.1
11.39044,55.32523,1999,7,6,187,1999-07-06,16.96,18.83,14.48,84.54,0.08,13.24,4.09
11.39044,55.32523,1999,7,7,188,1999-07-07,17.13,19.97,13.27,80.47,0,27.48,4.09
11.39044,55.32523,1999,7,8,189,1999-07-08,17.17,19.83,13.3,79.16,0.03,27.14,3.27
11.39044,55.32523,1999,7,9,190,1999-07-09,18.09,21.18,14.25,74.79,0,26.99,3.15
11.39044,55.32523,1999,7,10,191,1999-07-10,18.42,21.77,14.36,74.79,0,26.92,4.2
11.39044,55.32523,1999,7,11,192,1999-07-11,19.67,23.3,14.84,75.19,0,26.79,3.54
11.39044,55.32523,1999,7,12,193,1999-07-12,20.51,24.53,15.59,75.85,0,26.84,3.06
11.39044,55.32523,1999,7,13,194,1999-07-13,20.49,23.26,17.53,88.44,3.58,23.07,2.37
11.39044,55.32523,1999,7,14,195,1999-07-14,18.18,20,15.25,85.73,7.51,13.56,5.6
11.39044,55.32523,1999,7,15,196,1999-07-15,16.43,18.53,14.33,76.77,1.61,21.06,6.13
11.39044,55.32523,1999,7,16,197,1999-07-16,16.2,18.33,13.66,80.21,4.75,22.3,5.75
11.39044,55.32523,1999,7,17,198,1999-07-17,17.45,20.09,15.24,84.19,3.12,16.5,4.94
11.39044,55.32523,1999,7,18,199,1999-07-18,17.98,20.35,15.04,81.69,0.08,23.79,2.51
11.39044,55.32523,1999,7,19,200,1999-07-19,20.24,24.75,15.44,82.65,0.55,24.95,4.19
11.39044,55.32523,1999,7,20,201,1999-07-20,20.27,22.08,18.74,85.86,4.47,20.27,3.91
11.39044,55.32523,1999,7,21,202,1999-07-21,18.26,20.21,14.74,79.26,3.16,21.13,6.7
11.39044,55.32523,1999,7,22,203,1999-07-22,16.8,18.94,14.06,85.74,3.77,14.97,6.46
11.39044,55.32523,1999,7,23,204,1999-07-23,16.68,19.7,14.25,82.22,0.46,14.07,5.37
11.39044,55.32523,1999,7,24,205,1999-07-24,18.57,22.17,14.79,85.23,0.44,23.76,5.88
11.39044,55.32523,1999,7,25,206,1999-07-25,17.28,19.76,14.08,78.51,0.49,19.75,5.37
11.39044,55.32523,1999,7,26,207,1999-07-26,15.73,18.15,12.91,73.45,0.03,18.03,4.82
11.39044,55.32523,1999,7,27,208,1999-07-27,15.95,18.38,12.2,68.57,0,23.36,1.76
11.39044,55.32523,1999,7,28,209,1999-07-28,18.94,21.79,15.61,63.49,0,24.74,1.23
11.39044,55.32523,1999,7,29,210,1999-07-29,19.18,23,15.1,68.33,0,24.22,1.48
11.39044,55.32523,1999,7,30,211,1999-07-30,19.66,23.77,15.17,74.56,0,25.4,1.93
11.39044,55.32523,1999,7,31,212,1999-07-31,20,23.84,16,73.78,0,25.89,2.43
11.39044,55.32523,1999,8,1,213,1999-08-01,20.27,23.97,16.19,77.07,0.09,25.26,3.72
11.39044,55.32523,1999,8,2,214,1999-08-02,19.98,23.94,15.58,74.54,0,25.47,3.56
11.39044,55.32523,1999,8,3,215,1999-08-03,19.78,23.25,15.76,78.71,0,23.46,3.86
11.39044,55.32523,1999,8,4,216,1999-08-04,19.93,23.49,15.83,79.45,0.03,23.49,3.36
11.39044,55.32523,1999,8,5,217,1999-08-05,20.8,24.87,15.76,77.48,0.03,23.76,2.86
11.39044,55.32523,1999,8,6,218,1999-08-06,20.62,24.07,17.46,78.67,0.09,21.29,2.59
11.39044,55.32523,1999,8,7,219,1999-08-07,20.13,24.19,16.25,76.23,1.45,20.95,2.31
11.39044,55.32523,1999,8,8,220,1999-08-08,19.88,21.7,18.6,88.81,17.49,5.32,4.95
11.39044,55.32523,1999,8,9,221,1999-08-09,19.08,21.1,17.31,86.46,4.98,12.41,5.08
11.39044,55.32523,1999,8,10,222,1999-08-10,18.56,20.82,16.14,86.66,3.34,18.62,4.07
11.39044,55.32523,1999,8,11,223,1999-08-11,17.01,19.51,14.35,85.19,2.07,16.42,6.47
11.39044,55.32523,1999,8,12,224,1999-08-12,16.15,17.29,14.69,79.01,2.1,17.19,3.74
11.39044,55.32523,1999,8,13,225,1999-08-13,16.2,18.33,13.38,72.69,0.46,19.74,3.16
11.39044,55.32523,1999,8,14,226,1999-08-14,16.81,19.3,13.84,73.47,8.89,16.58,5.38
11.39044,55.32523,1999,8,15,227,1999-08-15,15.79,16.45,14.48,87.19,7.16,8.05,4.57
11.39044,55.32523,1999,8,16,228,1999-08-16,16.12,18.42,13.68,79.23,2.15,21.28,4.86
11.39044,55.32523,1999,8,17,229,1999-08-17,15.84,17.61,14.3,75.37,1.51,17.96,1.77
11.39044,55.32523,1999,8,18,230,1999-08-18,16.33,19.17,13.41,80.16,4.8,19.19,4.71
11.39044,55.32523,1999,8,19,231,1999-08-19,16.07,17.15,15.01,87.26,19.35,10.61,6.68
11.39044,55.32523,1999,8,20,232,1999-08-20,16.49,18.71,14.39,84.65,2.24,15.64,4.77
11.39044,55.32523,1999,8,21,233,1999-08-21,15.17,16.57,13.55,80.39,1.13,14.54,4.84
11.39044,55.32523,1999,8,22,234,1999-08-22,15.66,18.53,12.87,82.29,0.14,18.85,4.09
11.39044,55.32523,1999,8,23,235,1999-08-23,15.14,17.45,12.66,81.33,0.64,18.53,4.07
11.39044,55.32523,1999,8,24,236,1999-08-24,15.02,18.03,11.39,75.23,0.03,18.18,2.01
11.39044,55.32523,1999,8,25,237,1999-08-25,15.48,18.57,11.97,80.5,0,21.16,5.08
11.39044,55.32523,1999,8,26,238,1999-08-26,16.39,17.61,14.98,87.31,6.76,4.8,6.67
11.39044,55.32523,1999,8,27,239,1999-08-27,17.55,20.12,15.18,86.59,0.72,15.28,3.78
11.39044,55.32523,1999,8,28,240,1999-08-28,16.52,19.08,13.81,84.13,0.08,12.6,4.49
11.39044,55.32523,1999,8,29,241,1999-08-29,16.59,19.73,13.33,84.79,0.07,19.23,2.24
11.39044,55.32523,1999,8,30,242,1999-08-30,16.35,19.43,13.67,86.67,5.95,12.07,3.58
11.39044,55.32523,1999,8,31,243,1999-08-31,15.22,18.07,12.33,83.7,2.11,13.1,3.5
11.39044,55.32523,1999,9,1,244,1999-09-01,15.89,18.35,12.61,76.26,0.06,18.58,2.7
11.39044,55.32523,1999,9,2,245,1999-09-02,17.19,19.77,14.57,83.65,0.02,9.77,2.53
11.39044,55.32523,1999,9,3,246,1999-09-03,17.27,20.87,13.92,81.33,0,17.8,2.84
11.39044,55.32523,1999,9,4,247,1999-09-04,18.27,22.54,14.43,84.75,0.06,17.63,2.47
11.39044,55.32523,1999,9,5,248,1999-09-05,17.62,21.3,14.34,79.82,0,18.38,4.03
11.39044,55.32523,1999,9,6,249,1999-09-06,17.36,20.85,15.01,81.74,0,10.4,4.31
11.39044,55.32523,1999,9,7,250,1999-09-07,18.18,21.93,14.2,84.57,0.03,16.25,3.16
11.39044,55.32523,1999,9,8,251,1999-09-08,18.35,20.58,15.89,86.68,0.19,15.28,2.9
11.39044,55.32523,1999,9,9,252,1999-09-09,19.22,23.38,15.42,84.73,0.06,14.45,4.08
11.39044,55.32523,1999,9,10,253,1999-09-10,16.43,19.38,13.71,74.41,0,15.96,3.18
11.39044,55.32523,1999,9,11,254,1999-09-11,18.17,22.36,14.88,86.45,0.03,14.43,5.3
11.39044,55.32523,1999,9,12,255,1999-09-12,17.94,21.9,15.58,82.75,0.03,15.77,6.59
11.39044,55.32523,1999,9,13,256,1999-09-13,17.17,20.87,14.98,80.92,0.09,16.34,6.52
11.39044,55.32523,1999,9,14,257,1999-09-14,16.16,19.12,14.16,77.81,0,16.01,6.69
11.39044,55.32523,1999,9,15,258,1999-09-15,15.69,18.81,13.64,76.52,0,15.33,5.81
11.39044,55.32523,1999,9,16,259,1999-09-16,15.07,17.32,13.35,79.05,0.09,11.96,4.49
11.39044,55.32523,1999,9,17,260,1999-09-17,15.79,18.15,13.82,86.37,0.89,7.22,3.64
11.39044,55.32523,1999,9,18,261,1999-09-18,16.07,18.68,14.16,88.44,0.63,5,3.24
11.39044,55.32523,1999,9,19,262,1999-09-19,16.41,19.38,14.14,88.57,0.2,10.35,5.08
11.39044,55.32523,1999,9,20,263,1999-09-20,17.09,19.38,15.25,85.91,0.03,11.11,8.16
11.39044,55.32523,1999,9,21,264,1999-09-21,16.62,18.19,15.59,91.15,6.93,3.21,3.37
11.39044,55.32523,1999,9,22,265,1999-09-22,16.81,19.21,14.71,86.19,1.06,14.64,2.39
11.39044,55.32523,1999,9,23,266,1999-09-23,16.44,18.86,13.91,92.45,3.16,7.07,4.12
11.39044,55.32523,1999,9,24,267,1999-09-24,16.69,19.03,14.9,88.45,1.72,10.77,4.94
11.39044,55.32523,1999,9,25,268,1999-09-25,15.97,18.15,14.17,89.51,3.24,10.06,4.95
11.39044,55.32523,1999,9,26,269,1999-09-26,15.26,17.05,13.5,94.2,9.25,5.13,4.17
11.39044,55.32523,1999,9,27,270,1999-09-27,15.15,17.23,13.46,86.87,5.21,11.04,6.43
11.39044,55.32523,1999,9,28,271,1999-09-28,15.38,17.25,14.21,87.89,3.74,5.05,7.1
11.39044,55.32523,1999,9,29,272,1999-09-29,14.26,15.57,12.73,91.22,4.36,7.08,5.58
11.39044,55.32523,1999,9,30,273,1999-09-30,14.73,16.37,13.02,92.22,7.32,6.63,5.64
11.39044,55.32523,1999,10,1,274,1999-10-01,13.14,14.47,12.02,84.98,6.36,8.01,7.93
11.39044,55.32523,1999,10,2,275,1999-10-02,13.87,16.13,11.01,85.85,4.31,3.01,9.49
11.39044,55.32523,1999,10,3,276,1999-10-03,11.72,13.13,10.44,84.46,2.17,5.28,6.79
11.39044,55.32523,1999,10,4,277,1999-10-04,11.92,14.07,10.17,86.55,1.93,9.5,6.97
11.39044,55.32523,1999,10,5,278,1999-10-05,11.41,13.89,9.56,89.55,1.19,9.66,3.22
11.39044,55.32523,1999,10,6,279,1999-10-06,10.74,12.54,9.44,93.16,3.2,6.87,3.97
11.39044,55.32523,1999,10,7,280,1999-10-07,10.51,12.05,9.02,89.26,5.07,7.94,4.48
11.39044,55.32523,1999,10,8,281,1999-10-08,11.77,13.73,9.23,89.57,7.79,3.87,5.98
11.39044,55.32523,1999,10,9,282,1999-10-09,10.74,12.94,9.21,84.55,4.72,7.68,7.19
11.39044,55.32523,1999,10,10,283,1999-10-10,10.89,13.59,9.1,91.67,3.16,2.4,3.53
11.39044,55.32523,1999,10,11,284,1999-10-11,12.2,13.88,10.12,81.63,1.08,9.64,7.47
11.39044,55.32523,1999,10,12,285,1999-10-12,10.76,12.69,9.67,82.49,0.04,7.66,8.48
11.39044,55.32523,1999,10,13,286,1999-10-13,11.02,12.77,9.43,88.31,1.86,5.62,6.65
11.39044,55.32523,1999,10,14,287,1999-10-14,11.18,13.19,8.25,86.76,0.48,7.22,4.44
11.39044,55.32523,1999,10,15,288,1999-10-15,8.87,11.77,7.03,83.59,0,8.85,3.45
11.39044,55.32523,1999,10,16,289,1999-10-16,7.46,9.87,5.86,78.11,0.02,7.54,3.49
11.39044,55.32523,1999,10,17,290,1999-10-17,6.38,8.29,4.62,83.37,0.12,7.71,3.1
11.39044,55.32523,1999,10,18,291,1999-10-18,6.87,8.7,5.39,78.6,0.19,5.52,2.11
11.39044,55.32523,1999,10,19,292,1999-10-19,7.02,8.43,5.88,90.23,1.14,5.33,5.14
11.39044,55.32523,1999,10,20,293,1999-10-20,6.78,8.62,5.67,80.3,0.15,4.91,6.16
11.39044,55.32523,1999,10,21,294,1999-10-21,6.16,7.29,4.59,72.85,0.04,1.45,9.06
11.39044,55.32523,1999,10,22,295,1999-10-22,7.44,8.27,6.45,84.92,0.82,2.13,7.77
11.39044,55.32523,1999,10,23,296,1999-10-23,8.63,9.9,7.34,91.97,11.38,2.24,5.91
11.39044,55.32523,1999,10,24,297,1999-10-24,9.74,12,7.76,95.59,2.3,3.35,4.27
11.39044,55.32523,1999,10,25,298,1999-10-25,10.42,13.01,8.59,94.99,0.19,6.44,4.06
11.39044,55.32523,1999,10,26,299,1999-10-26,10.65,12.18,9.29,93.54,3.21,3.09,7.4
11.39044,55.32523,1999,10,27,300,1999-10-27,9.99,11.41,9.03,89.41,0.42,3.23,6.01
11.39044,55.32523,1999,10,28,301,1999-10-28,10.23,12.39,6.96,91.54,0.37,3.02,6.11
11.39044,55.32523,1999,10,29,302,1999-10-29,8.14,11.15,6.37,91.81,0.03,5.58,3.34
11.39044,55.32523,1999,10,30,303,1999-10-30,8.43,10.91,6.46,93.52,0.08,5.93,5.25
11.39044,55.32523,1999,10,31,304,1999-10-31,10.25,12.35,8.36,89.43,1.66,2.98,7.22
11.39044,55.32523,1999,11,1,305,1999-11-01,9.75,10.85,8.14,90.36,1.32,3.36,7.06
11.39044,55.32523,1999,11,2,306,1999-11-02,10.93,12.49,8.53,88.81,0.83,2.68,6.72
11.39044,55.32523,1999,11,3,307,1999-11-03,9.13,10.86,7.87,88.67,0.13,4.85,5.27
11.39044,55.32523,1999,11,4,308,1999-11-04,8.97,10.79,6.96,95.74,0.18,3.65,4.36
11.39044,55.32523,1999,11,5,309,1999-11-05,6.61,7.68,5.49,93.38,0.01,2.79,6.14
11.39044,55.32523,1999,11,6,310,1999-11-06,8.65,11,7.4,88.89,0.11,3.07,5.47
11.39044,55.32523,1999,11,7,311,1999-11-07,7.36,8.85,6.26,93.64,0.81,0.88,4.28
11.39044,55.32523,1999,11,8,312,1999-11-08,7.52,9.63,6.33,95.13,0.2,4.35,2.01
11.39044,55.32523,1999,11,9,313,1999-11-09,7.13,8.75,5.96,95.85,0.21,3.18,2.33
11.39044,55.32523,1999,11,10,314,1999-11-10,6.96,8.65,3.9,95.6,0.21,3.36,4.54
11.39044,55.32523,1999,11,11,315,1999-11-11,5.32,7.76,3.68,89.39,0,3.68,1.9
11.39044,55.32523,1999,11,12,316,1999-11-12,6.19,8,4.04,97.99,0.16,3.81,4.09
11.39044,55.32523,1999,11,13,317,1999-11-13,8.46,10.03,7.65,96.37,0.45,2.69,4.68
11.39044,55.32523,1999,11,14,318,1999-11-14,4.63,7.41,1.88,75.24,0.02,3.81,6.04
11.39044,55.32523,1999,11,15,319,1999-11-15,2.33,4.28,1.21,73.42,0,2.49,2.73
11.39044,55.32523,1999,11,16,320,1999-11-16,2.94,3.85,2.31,78.75,0,1.87,6.1
11.39044,55.32523,1999,11,17,321,1999-11-17,2.91,4.05,1.67,88.51,1.68,0.68,3.87
11.39044,55.32523,1999,11,18,322,1999-11-18,2.86,3.77,1.77,91.45,4.3,2.5,2.47
11.39044,55.32523,1999,11,19,323,1999-11-19,2.87,3.75,1.74,87.72,1.99,1.52,7.24
11.39044,55.32523,1999,11,20,324,1999-11-20,1.81,2.65,0.99,79.21,0.13,1.55,6.39
11.39044,55.32523,1999,11,21,325,1999-11-21,2.18,3.74,1.57,74.9,0.14,1.95,2.45
11.39044,55.32523,1999,11,22,326,1999-11-22,1.72,2.45,1.17,83.42,0.57,1.39,2.99
11.39044,55.32523,1999,11,23,327,1999-11-23,2.98,4.23,2.07,90.87,1.08,1.79,4.03
11.39044,55.32523,1999,11,24,328,1999-11-24,3.89,4.93,2.9,97.81,0.4,1.75,4.3
11.39044,55.32523,1999,11,25,329,1999-11-25,6.66,8.17,5.2,96.55,3.3,0.59,5.69
11.39044,55.32523,1999,11,26,330,1999-11-26,6.75,8.41,5.21,95.45,0.28,0.66,6.98
11.39044,55.32523,1999,11,27,331,1999-11-27,5.39,6.32,4.36,94.92,1.4,1.22,6.32
11.39044,55.32523,1999,11,28,332,1999-11-28,5.93,7.38,4.57,95.83,0.26,1.14,7.51
11.39044,55.32523,1999,11,29,333,1999-11-29,6.29,8.46,3.27,90.77,0.05,1.1,7.09
11.39044,55.32523,1999,11,30,334,1999-11-30,5.32,9.23,1.98,94.7,3.16,1.11,8.69
11.39044,55.32523,1999,12,1,335,1999-12-01,6.13,9.32,4.14,87.49,3.29,1.6,9.61
11.39044,55.32523,1999,12,2,336,1999-12-02,3.85,4.53,2.85,91.22,1.13,1.71,6.85
11.39044,55.32523,1999,12,3,337,1999-12-03,4.54,6.64,3.12,90.06,16.22,0.87,11.53
11.39044,55.32523,1999,12,4,338,1999-12-04,3.64,4.59,3.2,88.88,1.64,1.09,8.48
11.39044,55.32523,1999,12,5,339,1999-12-05,1.38,3.1,-0.57,88.82,4.54,1.25,5.22
11.39044,55.32523,1999,12,6,340,1999-12-06,4.28,7.95,0.03,94.31,7.5,0.91,9.2
11.39044,55.32523,1999,12,7,341,1999-12-07,6.5,8.04,4.64,94.79,2.07,1.2,7.74
11.39044,55.32523,1999,12,8,342,1999-12-08,4.97,5.92,4.16,93.41,4.13,1.22,7.62
11.39044,55.32523,1999,12,9,343,1999-12-09,5.99,6.79,5.21,89.85,1.95,1.59,8.89
11.39044,55.32523,1999,12,10,344,1999-12-10,5.26,6.42,3.83,89.6,2.15,1.13,8.9
11.39044,55.32523,1999,12,11,345,1999-12-11,3.87,5.09,2.07,95.71,15.24,0.73,6.65
11.39044,55.32523,1999,12,12,346,1999-12-12,4.53,6.62,2.24,94.64,4.84,0.84,5.47
11.39044,55.32523,1999,12,13,347,1999-12-13,1.38,2.29,0.27,94.85,1.36,1.16,3.67
11.39044,55.32523,1999,12,14,348,1999-12-14,1.78,2.75,0.45,94.34,5.47,0.64,6.43
11.39044,55.32523,1999,12,15,349,1999-12-15,-0.05,0.86,-0.87,86.81,1.02,0.62,7.27
11.39044,55.32523,1999,12,16,350,1999-12-16,-0.81,1.7,-2.49,84.93,0.52,1.14,4.89
11.39044,55.32523,1999,12,17,351,1999-12-17,3.32,5.36,2.05,89.3,8.65,0.38,11.65
11.39044,55.32523,1999,12,18,352,1999-12-18,1.21,2.75,0.52,83.53,0.93,1.27,9.1
11.39044,55.32523,1999,12,19,353,1999-12-19,0.53,1.79,-0.77,94.2,0.17,0.79,5.48
11.39044,55.32523,1999,12,20,354,1999-12-20,0.01,2.09,-0.88,94.16,0.02,1.27,3.28
11.39044,55.32523,1999,12,21,355,1999-12-21,-0.26,0.81,-1.68,88.66,0.05,1.34,2.43
11.39044,55.32523,1999,12,22,356,1999-12-22,0.12,0.59,-0.5,92.57,0.02,1.1,6.24
11.39044,55.32523,1999,12,23,357,1999-12-23,0.99,1.97,0.14,92.11,10.26,0.45,7.76
11.39044,55.32523,1999,12,24,358,1999-12-24,1.39,2.48,0.28,95.75,4.56,0.57,8.81
11.39044,55.32523,1999,12,25,359,1999-12-25,3.28,4.66,2.37,92.12,10.71,0.54,10
11.39044,55.32523,1999,12,26,360,1999-12-26,1.45,2.36,0.67,97.03,5.46,0.73,5.86
11.39044,55.32523,1999,12,27,361,1999-12-27,1.39,2.41,0.93,98.09,0.73,1.1,3.23
11.39044,55.32523,1999,12,28,362,1999-12-28,0.55,1.59,-0.15,98.28,0.53,1.25,1.7
11.39044,55.32523,1999,12,29,363,1999-12-29,-0.31,0.74,-0.92,94.74,0.9,1.2,2.12
11.39044,55.32523,1999,12,30,364,1999-12-30,0.9,2.09,-0.84,98.49,1.84,1.71,3.43
11.39044,55.32523,1999,12,31,365,1999-12-31,1.28,2.19,0.25,99.07,1.24,1.18,2.58
11.39044,55.32523,2000,1,1,1,2000-01-01,2.04,3.23,0.7,96.68,3.4,0.84,4.47
11.39044,55.32523,2000,1,2,2,2000-01-02,2.86,4.6,1.43,98.03,0.41,0.38,5.37
11.39044,55.32523,2000,1,3,3,2000-01-03,4.58,6.03,3.28,96.97,1.23,0.92,5.9
11.39044,55.32523,2000,1,4,4,2000-01-04,3.41,4.31,2.77,96.82,2.77,1.41,5.64
11.39044,55.32523,2000,1,5,5,2000-01-05,2.82,4.09,1.44,94.01,2.38,1.97,6
11.39044,55.32523,2000,1,6,6,2000-01-06,3.24,4.88,1.35,96.58,3.44,1.07,7.49
11.39044,55.32523,2000,1,7,7,2000-01-07,2.63,4.28,1.07,97.22,0.17,0.87,5.74
11.39044,55.32523,2000,1,8,8,2000-01-08,4.06,5.26,2.64,95.11,0.68,1.23,7.21
11.39044,55.32523,2000,1,9,9,2000-01-09,2.47,3.53,0.89,96.63,0.21,1.52,4.94
11.39044,55.32523,2000,1,10,10,2000-01-10,1.29,2.31,0.64,97.1,0.11,1.94,4.65
11.39044,55.32523,2000,1,11,11,2000-01-11,2.08,3.08,1.08,95.6,1.4,1.57,7.17
11.39044,55.32523,2000,1,12,12,2000-01-12,1.84,3.19,1.2,91.1,1.16,0.87,7.91
11.39044,55.32523,2000,1,13,13,2000-01-13,0.38,1.68,-0.94,91.34,0.16,0.55,5.11
11.39044,55.32523,2000,1,14,14,2000-01-14,-0.33,0.69,-0.97,82.99,0.25,0.79,1.5
11.39044,55.32523,2000,1,15,15,2000-01-15,0.3,1.73,-0.82,90.84,0.16,2.25,3.5
11.39044,55.32523,2000,1,16,16,2000-01-16,3.13,5.37,1.9,98.61,0.38,1.15,4.67
11.39044,55.32523,2000,1,17,17,2000-01-17,5.82,7.01,4.27,91.39,0.11,1.55,10.65
11.39044,55.32523,2000,1,18,18,2000-01-18,3.53,4.64,1.34,80.57,0.21,2.58,9.18
11.39044,55.32523,2000,1,19,19,2000-01-19,0.42,2.17,-0.8,90.17,0.06,2.72,5.06
11.39044,55.32523,2000,1,20,20,2000-01-20,3.34,5.24,1.95,94.52,0.33,1.5,7.82
11.39044,55.32523,2000,1,21,21,2000-01-21,-0.58,2.19,-2.66,71.13,0.27,2.55,5.82
11.39044,55.32523,2000,1,22,22,2000-01-22,-1.69,-0.48,-2.82,78.55,1.19,2.03,5.76
11.39044,55.32523,2000,1,23,23,2000-01-23,-2.43,-1.07,-4.62,74.92,0.07,1.23,2.68
11.39044,55.32523,2000,1,24,24,2000-01-24,-3.59,-1.86,-6.13,76.77,0.06,2.58,2.88
11.39044,55.32523,2000,1,25,25,2000-01-25,0.22,1.44,-2.15,97.68,0.69,2.96,4.37
11.39044,55.32523,2000,1,26,26,2000-01-26,2.15,3.1,0.79,98,0.39,1.52,5.64
11.39044,55.32523,2000,1,27,27,2000-01-27,2.89,3.6,2.26,95.86,0.96,2.34,7.41
11.39044,55.32523,2000,1,28,28,2000-01-28,2.88,3.5,2.09,96.71,5.4,1.09,7.11
11.39044,55.32523,2000,1,29,29,2000-01-29,4.02,7.07,1.23,90.21,7.44,1.39,10.83
11.39044,55.32523,2000,1,30,30,2000-01-30,2.76,4.57,0.25,76.29,2.24,2.69,12.09
11.39044,55.32523,2000,1,31,31,2000-01-31,3.28,5.53,0.66,90.78,9.19,3.23,9.45
11.39044,55.32523,2000,2,1,32,2000-02-01,4.11,5.3,2.51,96.73,6.83,1.92,6.27
11.39044,55.32523,2000,2,2,33,2000-02-02,3.61,4.88,2.15,92.16,0.36,2.66,7.92
11.39044,55.32523,2000,2,3,34,2000-02-03,1.67,3.35,-0.67,89.27,0.45,3.62,6.26
11.39044,55.32523,2000,2,4,35,2000-02-04,3.73,6.15,-0.1,97.09,3.32,1.41,8.48
11.39044,55.32523,2000,2,5,36,2000-02-05,5.73,6.37,4.29,97.37,0.39,2.53,6.96
11.39044,55.32523,2000,2,6,37,2000-02-06,4.64,5.47,3.87,96.4,3.09,2.48,5.43
11.39044,55.32523,2000,2,7,38,2000-02-07,4.74,5.86,2.93,90.51,3.93,2.54,7.98
11.39044,55.32523,2000,2,8,39,2000-02-08,4.18,5.17,2.64,93.05,6.18,1.92,7.66
11.39044,55.32523,2000,2,9,40,2000-02-09,3.33,4.35,1.5,89.25,2.74,2.41,9.21
11.39044,55.32523,2000,2,10,41,2000-02-10,3.01,4.89,1.18,92.62,2.85,2.61,8.1
11.39044,55.32523,2000,2,11,42,2000-02-11,3.38,4.96,1.41,93.29,0.24,2.46,6.94
11.39044,55.32523,2000,2,12,43,2000-02-12,2.71,4.55,1.78,93.72,2.85,2.46,8.1
11.39044,55.32523,2000,2,13,44,2000-02-13,2.55,3.88,1.26,91.67,1.4,4,7.01
11.39044,55.32523,2000,2,14,45,2000-02-14,1.84,2.9,0.38,81.99,0.55,4.87,6.27
11.39044,55.32523,2000,2,15,46,2000-02-15,3.34,5.94,0.82,91.92,2.21,3.17,5.57
11.39044,55.32523,2000,2,16,47,2000-02-16,2.19,3.42,1.63,94.04,4.35,1.78,2.78
11.39044,55.32523,2000,2,17,48,2000-02-17,1.15,3.15,-0.37,88.77,1.88,5.74,2.69
11.39044,55.32523,2000,2,18,49,2000-02-18,0.66,2.08,-1.4,96.3,1.67,3.41,5.07
11.39044,55.32523,2000,2,19,50,2000-02-19,1.04,1.88,-0.04,95.28,5.6,2.63,5.66
11.39044,55.32523,2000,2,20,51,2000-02-20,-0.02,1.68,-1.68,89.27,0.11,3.64,3.26
11.39044,55.32523,2000,2,21,52,2000-02-21,-0.1,2.41,-1.85,78.55,0,7.25,1.76
11.39044,55.32523,2000,2,22,53,2000-02-22,0.16,1.25,-1.24,92.32,4.86,3.68,4.16
11.39044,55.32523,2000,2,23,54,2000-02-23,0.62,2.53,-0.51,94.19,0.81,4.05,3.54
11.39044,55.32523,2000,2,24,55,2000-02-24,2.32,4.99,0.49,93.42,4.57,5.32,6.63
11.39044,55.32523,2000,2,25,56,2000-02-25,2.94,5.34,1.01,90.64,0.56,6.55,6.45
11.39044,55.32523,2000,2,26,57,2000-02-26,2.76,5.62,1.38,94.68,0.15,4.46,4.75
11.39044,55.32523,2000,2,27,58,2000-02-27,2.98,5.2,0.49,87.1,0.09,7.31,7.67
11.39044,55.32523,2000,2,28,59,2000-02-28,4.65,6.95,3.37,92.21,2.3,3.55,8.05
11.39044,55.32523,2000,2,29,60,2000-02-29,3.37,5.61,1.43,91.72,1.12,5.11,8.2
11.39044,55.32523,2000,3,1,61,2000-03-01,3.81,5.08,2.26,89.04,2.84,5.43,8.51
11.39044,55.32523,2000,3,2,62,2000-03-02,2.45,4.24,0.92,83.96,2.93,5.13,8.37
11.39044,55.32523,2000,3,3,63,2000-03-03,3.86,5.4,1.8,84.73,6.06,4.87,11.85
11.39044,55.32523,2000,3,4,64,2000-03-04,1.11,2.65,-0.47,78.27,0.42,8.74,7.88
11.39044,55.32523,2000,3,5,65,2000-03-05,0.51,2.67,-0.88,81.4,0.01,8.03,6.65
11.39044,55.32523,2000,3,6,66,2000-03-06,3.51,5.45,0.26,95.63,1.17,2.99,9.55
11.39044,55.32523,2000,3,7,67,2000-03-07,4.69,5.78,1.85,96.38,10.2,3.6,6.78
11.39044,55.32523,2000,3,8,68,2000-03-08,4.42,7.13,1.62,93.53,4.11,3.58,7.67
11.39044,55.32523,2000,3,9,69,2000-03-09,3.1,5.7,-1.3,83.69,0.34,6.15,7.11
11.39044,55.32523,2000,3,10,70,2000-03-10,0.6,2.92,-1.78,82.92,1.35,9.72,3.96
11.39044,55.32523,2000,3,11,71,2000-03-11,1.61,3.87,-0.67,94.35,10.21,3.97,5.13
11.39044,55.32523,2000,3,12,72,2000-03-12,1.13,2.36,-0.73,95.05,1.78,3.57,3.03
11.39044,55.32523,2000,3,13,73,2000-03-13,2.98,4.21,1.72,97.36,0.64,6.28,4.58
11.39044,55.32523,2000,3,14,74,2000-03-14,3.75,5.27,1.7,91.46,3.13,5.45,6.26
11.39044,55.32523,2000,3,15,75,2000-03-15,2.07,4.5,0.44,80.47,0.9,11.46,6.96
11.39044,55.32523,2000,3,16,76,2000-03-16,2,4.27,0.24,86.39,5.29,8.19,4.04
11.39044,55.32523,2000,3,17,77,2000-03-17,2.36,4.11,0.55,84.35,0.29,12.85,2.76
11.39044,55.32523,2000,3,18,78,2000-03-18,1.27,2.86,0.19,90.97,2.67,7.87,2.35
11.39044,55.32523,2000,3,19,79,2000-03-19,3.13,6.7,-0.16,92.09,0.01,11.64,3.48
11.39044,55.32523,2000,3,20,80,2000-03-20,4.25,6.2,2.98,96.49,0.25,13.85,5.31
11.39044,55.32523,2000,3,21,81,2000-03-21,4.87,8.46,2.18,93.59,0.2,12.9,4.29
11.39044,55.32523,2000,3,22,82,2000-03-22,4.72,6.18,3.57,95.23,0.48,3.85,3.84
11.39044,55.32523,2000,3,23,83,2000-03-23,3.93,6.47,1.37,83.61,0.02,14.12,2.83
11.39044,55.32523,2000,3,24,84,2000-03-24,2.51,5.71,-0.24,77.93,0,13.99,4.88
11.39044,55.32523,2000,3,25,85,2000-03-25,3.52,5.38,1.87,91.39,4.14,7.96,3.8
11.39044,55.32523,2000,3,26,86,2000-03-26,3.32,4.31,1.7,96.98,15.26,4.15,2.13
11.39044,55.32523,2000,3,27,87,2000-03-27,2.69,4.83,0.88,90.12,2.07,4.95,4.58
11.39044,55.32523,2000,3,28,88,2000-03-28,2.18,4.69,0.63,86.81,4.85,7.33,7.42
11.39044,55.32523,2000,3,29,89,2000-03-29,2.49,6.56,-1.52,88.3,0,16.09,4.77
11.39044,55.32523,2000,3,30,90,2000-03-30,3.49,7.27,1.1,93.09,0.17,11.54,4.11
11.39044,55.32523,2000,3,31,91,2000-03-31,4.04,7.43,0.96,90.1,0.12,9.23,2.17
11.39044,55.32523,2000,4,1,92,2000-04-01,3.97,6.09,2.15,90.62,0.22,8.97,3.37
11.39044,55.32523,2000,4,2,93,2000-04-02,3.94,6.64,1.64,91.9,0.17,14.87,2.56
11.39044,55.32523,2000,4,3,94,2000-04-03,5.67,9.32,2.42,87.71,0.04,13.67,5.53
11.39044,55.32523,2000,4,4,95,2000-04-04,6.59,9.3,3.92,92.87,1.49,5.17,3.8
11.39044,55.32523,2000,4,5,96,2000-04-05,2.4,3.93,0.49,71.21,1.77,16.04,8.13
11.39044,55.32523,2000,4,6,97,2000-04-06,3.99,8.56,-0.57,84.74,0.01,15.2,5.01
11.39044,55.32523,2000,4,7,98,2000-04-07,4.72,7.29,3.31,89.3,0.12,18.13,3.7
11.39044,55.32523,2000,4,8,99,2000-04-08,4.43,7.56,1.09,85.51,0.02,12.59,1.76
11.39044,55.32523,2000,4,9,100,2000-04-09,3.57,6.41,0.07,75.31,0,17.91,2.34
11.39044,55.32523,2000,4,10,101,2000-04-10,4.62,7.6,1.05,75.76,0.01,13.62,1.81
11.39044,55.32523,2000,4,11,102,2000-04-11,4.15,7.13,0.9,85.03,0.02,16.36,3.95
11.39044,55.32523,2000,4,12,103,2000-04-12,4.4,7.75,2.1,91.64,3.99,13.52,3.52
11.39044,55.32523,2000,4,13,104,2000-04-13,4.35,6.95,2.46,89.14,2.6,9.2,4.74
11.39044,55.32523,2000,4,14,105,2000-04-14,4.44,6.79,2.18,89.54,1.11,10.79,4.25
11.39044,55.32523,2000,4,15,106,2000-04-15,4.56,8.4,2.02,91.06,2.29,11.8,3.08
11.39044,55.32523,2000,4,16,107,2000-04-16,5.43,8.37,3.22,91.69,0.57,9.28,3.21
11.39044,55.32523,2000,4,17,108,2000-04-17,6.44,9.85,2.2,92.35,1.55,8.79,3.83
11.39044,55.32523,2000,4,18,109,2000-04-18,7.74,10.7,4.46,85.46,0.04,11.88,3.27
11.39044,55.32523,2000,4,19,110,2000-04-19,7.17,10.01,5.02,93.4,12.71,7.21,2.68
11.39044,55.32523,2000,4,20,111,2000-04-20,7.91,12.46,4.57,90.43,0.11,21.1,2.23
11.39044,55.32523,2000,4,21,112,2000-04-21,9.39,15.03,5.32,88.54,0.01,18.29,4.28
11.39044,55.32523,2000,4,22,113,2000-04-22,9.25,13.59,5.48,78.37,1.21,15.71,3.35
11.39044,55.32523,2000,4,23,114,2000-04-23,9.61,12.82,6.62,93.83,2.77,10.98,2.47
11.39044,55.32523,2000,4,24,115,2000-04-24,8.11,10.24,6.85,95.94,12.49,11.49,3.48
11.39044,55.32523,2000,4,25,116,2000-04-25,7.69,11.87,3.98,83.12,0.2,19.97,2.05
11.39044,55.32523,2000,4,26,117,2000-04-26,8.18,11.88,4.53,87.45,0.09,21.37,3.7
11.39044,55.32523,2000,4,27,118,2000-04-27,10.69,16.12,5.61,91.37,0.82,17.53,3.68
11.39044,55.32523,2000,4,28,119,2000-04-28,11.66,15.05,8.03,89.34,0.06,19.11,5.85
11.39044,55.32523,2000,4,29,120,2000-04-29,12.88,16.66,9.61,89.03,0.01,23.26,4.9
11.39044,55.32523,2000,4,30,121,2000-04-30,15.27,19.89,11.49,85.61,0.07,23.31,1.66
11.39044,55.32523,2000,5,1,122,2000-05-01,12.43,15.59,8.07,85.61,0.64,18.08,2.83
11.39044,55.32523,2000,5,2,123,2000-05-02,10.48,13.85,7.59,74.72,0,17.85,5.75
11.39044,55.32523,2000,5,3,124,2000-05-03,12.44,17.5,7.15,75.05,0.01,20.96,2.17
11.39044,55.32523,2000,5,4,125,2000-05-04,12.76,16.81,9.44,74.15,0.02,21.44,1.63
11.39044,55.32523,2000,5,5,126,2000-05-05,12.46,16.66,7.97,74.32,0,21.97,1.25
11.39044,55.32523,2000,5,6,127,2000-05-06,12.99,16.86,8.53,76.11,0,23.79,2.29
11.39044,55.32523,2000,5,7,128,2000-05-07,10.84,14.55,7.22,74.88,0,25.3,5.03
11.39044,55.32523,2000,5,8,129,2000-05-08,12.2,17.18,6.6,71.98,0,24.8,3.58
11.39044,55.32523,2000,5,9,130,2000-05-09,12.75,17.38,7.63,75.8,0,25.23,3.69
11.39044,55.32523,2000,5,10,131,2000-05-10,13.98,18.93,7.71,74.84,0,23.52,2.2
11.39044,55.32523,2000,5,11,132,2000-05-11,13.3,16.55,9.97,84.56,0.02,24.94,4.72
11.39044,55.32523,2000,5,12,133,2000-05-12,11.41,13.6,8.53,73.96,0.01,24.74,3.93
11.39044,55.32523,2000,5,13,134,2000-05-13,13.12,16.65,8.64,67.89,0,25.53,1.66
11.39044,55.32523,2000,5,14,135,2000-05-14,16.38,20.34,11.91,65.51,0,25.72,1.4
11.39044,55.32523,2000,5,15,136,2000-05-15,17.35,21.74,13.01,68.72,0,26.5,1.83
11.39044,55.32523,2000,5,16,137,2000-05-16,17.37,22,13.37,73.61,0,25.48,3.28
11.39044,55.32523,2000,5,17,138,2000-05-17,14.85,19.69,11.26,82.9,1.75,9.88,5.43
11.39044,55.32523,2000,5,18,139,2000-05-18,12.35,14.56,10.13,80,2.36,15.64,5.12
11.39044,55.32523,2000,5,19,140,2000-05-19,11.15,12.39,8.87,80.51,1.79,17.53,3.63
11.39044,55.32523,2000,5,20,141,2000-05-20,12.53,14.25,10.92,77.46,3.6,18.63,2.01
11.39044,55.32523,2000,5,21,142,2000-05-21,12.26,13.73,9.94,71.31,1.25,19.29,2.11
11.39044,55.32523,2000,5,22,143,2000-05-22,12.52,14.66,10.98,73.9,2.67,20.86,2.75
11.39044,55.32523,2000,5,23,144,2000-05-23,13.59,16.22,10.08,79.75,1.52,20.4,4.95
11.39044,55.32523,2000,5,24,145,2000-05-24,13.97,16.17,11.23,81.87,6.54,16.41,6.36
11.39044,55.32523,2000,5,25,146,2000-05-25,12.24,16.44,9.21,83.05,5.83,8.48,6.81
11.39044,55.32523,2000,5,26,147,2000-05-26,12.49,15.03,9.81,76.48,0.21,23.69,5.48
11.39044,55.32523,2000,5,27,148,2000-05-27,12.82,14.69,11.25,79.06,3.65,7.24,7.89
11.39044,55.32523,2000,5,28,149,2000-05-28,12.42,15.56,9.86,79.82,2.37,9.55,7.75
11.39044,55.32523,2000,5,29,150,2000-05-29,10.61,11.99,8.62,81.76,4.46,12.6,9.82
11.39044,55.32523,2000,5,30,151,2000-05-30,10.28,12.53,8.03,76.68,1.18,23.89,5.91
11.39044,55.32523,2000,5,31,152,2000-05-31,10.75,13.82,6.85,75.69,0.09,25.87,4.3
11.39044,55.32523,2000,6,1,153,2000-06-01,13.1,16.03,9.4,79.94,4.44,19.33,4.06
11.39044,55.32523,2000,6,2,154,2000-06-02,14.2,16.5,11.02,87.57,0.54,8.76,6.4
11.39044,55.32523,2000,6,3,155,2000-06-03,11.99,14.77,8.94,72.15,0,27.39,3.94
11.39044,55.32523,2000,6,4,156,2000-06-04,10.76,12.01,8.82,82.81,4.35,5.81,3.76
11.39044,55.32523,2000,6,5,157,2000-06-05,12.6,15.57,9.44,82.46,0.53,18.39,2.79
11.39044,55.32523,2000,6,6,158,2000-06-06,10.22,11.03,8.79,87.19,11.54,7.61,4.57
11.39044,55.32523,2000,6,7,159,2000-06-07,10.68,13.21,8.77,84.48,2.97,13.52,6.21
11.39044,55.32523,2000,6,8,160,2000-06-08,12.65,15.36,8.97,76.76,0.01,27.87,4.75
11.39044,55.32523,2000,6,9,161,2000-06-09,14.75,17.59,11.6,75.16,0.01,27.11,4.65
11.39044,55.32523,2000,6,10,162,2000-06-10,18.06,22.97,12.45,81.61,0.18,26.12,4.06
11.39044,55.32523,2000,6,11,163,2000-06-11,15.14,17.18,12,79.62,0.07,24.12,4.2
11.39044,55.32523,2000,6,12,164,2000-06-12,14.37,16.95,11.42,80.87,0.56,20.13,6.28
11.39044,55.32523,2000,6,13,165,2000-06-13,15.57,19.09,12.03,85.01,0.18,18.06,6.51
11.39044,55.32523,2000,6,14,166,2000-06-14,13.73,15.58,11.13,77.66,0.05,19.5,4.58
11.39044,55.32523,2000,6,15,167,2000-06-15,12.59,15.2,10.17,73.82,0.81,22.92,6.42
11.39044,55.32523,2000,6,16,168,2000-06-16,12.05,14.51,9.36,73.34,0.05,26.56,7.66
11.39044,55.32523,2000,6,17,169,2000-06-17,13.66,16.95,9.15,77.7,0.01,28.43,3.68
11.39044,55.32523,2000,6,18,170,2000-06-18,14.97,19.14,11.46,81.74,0.62,14.19,3.48
11.39044,55.32523,2000,6,19,171,2000-06-19,18.09,21.87,13.74,83.51,0.04,26.52,2.88
11.39044,55.32523,2000,6,20,172,2000-06-20,21.88,25.12,17.39,79.7,0.25,27.14,2.72
11.39044,55.32523,2000,6,21,173,2000-06-21,20.7,24.53,17.51,79.85,0.28,26.66,3.57
11.39044,55.32523,2000,6,22,174,2000-06-22,17.41,19.3,14.71,79,8.37,15.57,4.12
11.39044,55.32523,2000,6,23,175,2000-06-23,15.93,17.79,13.43,80.59,2.08,22.33,5.94
11.39044,55.32523,2000,6,24,176,2000-06-24,14.11,15.05,12.52,84.57,3.06,17.39,3.93
11.39044,55.32523,2000,6,25,177,2000-06-25,13.94,16.24,11.49,86.39,6.92,15.81,3.52
11.39044,55.32523,2000,6,26,178,2000-06-26,12.63,13.77,10.8,84.08,1.14,8.82,8.91
11.39044,55.32523,2000,6,27,179,2000-06-27,12.37,14.81,9.97,75.82,0.65,19.11,8.8
11.39044,55.32523,2000,6,28,180,2000-06-28,12.52,14.54,9.53,79.14,1.22,18.29,4.04
11.39044,55.32523,2000,6,29,181,2000-06-29,13.43,14.93,11.59,78.43,1.62,18.9,1.66
11.39044,55.32523,2000,6,30,182,2000-06-30,13.44,14.41,12.22,84.99,7.47,8.92,8.15
11.39044,55.32523,2000,7,1,183,2000-07-01,13.99,15.79,12.22,86.9,4.85,10.17,5.8
11.39044,55.32523,2000,7,2,184,2000-07-02,15.45,17.45,12.45,79.26,0.87,23.71,1.36
11.39044,55.32523,2000,7,3,185,2000-07-03,17.3,20.54,13.55,72.04,0,26.68,1.28
11.39044,55.32523,2000,7,4,186,2000-07-04,17.55,20.83,13.52,75.21,0.02,26.78,2.06
11.39044,55.32523,2000,7,5,187,2000-07-05,17.45,19.54,15.49,78.92,0.44,16.16,3.11
11.39044,55.32523,2000,7,6,188,2000-07-06,14.32,16.29,12.35,79.25,0.28,13.59,5.41
11.39044,55.32523,2000,7,7,189,2000-07-07,12.81,14.46,11.11,72.67,0.19,15.35,6.17
11.39044,55.32523,2000,7,8,190,2000-07-08,13.58,16.52,10.57,74.09,0.51,26.42,5.89
11.39044,55.32523,2000,7,9,191,2000-07-09,13.53,15.55,11.33,84.61,7.59,10.43,5.18
11.39044,55.32523,2000,7,10,192,2000-07-10,14.49,16.3,12.89,89.11,12.26,10.96,5.69
11.39044,55.32523,2000,7,11,193,2000-07-11,15.46,17.3,13.48,82.51,2.29,11.56,4.28
11.39044,55.32523,2000,7,12,194,2000-07-12,14.77,18.02,12.05,82.08,0.73,20.41,5.13
11.39044,55.32523,2000,7,13,195,2000-07-13,13.67,15.84,11.63,73.12,0.2,21.63,7.11
11.39044,55.32523,2000,7,14,196,2000-07-14,14.79,17.37,11.65,83.78,1.77,22.61,2.93
11.39044,55.32523,2000,7,15,197,2000-07-15,15.06,17.58,12.57,78.73,0.2,19.73,2.56
11.39044,55.32523,2000,7,16,198,2000-07-16,16.39,18.83,12.83,79.86,0.19,23.69,2.55
11.39044,55.32523,2000,7,17,199,2000-07-17,15.79,18.26,13.22,85.81,0.78,23.42,4.14
11.39044,55.32523,2000,7,18,200,2000-07-18,14.25,16.67,12.55,82.49,0.53,10.55,6.04
11.39044,55.32523,2000,7,19,201,2000-07-19,15.42,18.7,13.08,83.67,1.02,11.96,5.86
11.39044,55.32523,2000,7,20,202,2000-07-20,15.7,18.26,12.88,82.86,0.21,18.9,6.18
11.39044,55.32523,2000,7,21,203,2000-07-21,16.61,18.78,14.34,86.8,1.65,18.44,5.31
11.39044,55.32523,2000,7,22,204,2000-07-22,16.85,19.06,14.15,86.96,2.48,19.82,2.86
11.39044,55.32523,2000,7,23,205,2000-07-23,17.9,20.82,14.64,85.66,5.46,23.73,1.67
11.39044,55.32523,2000,7,24,206,2000-07-24,18.22,20.54,16.02,82.72,2.43,13.61,1.71
11.39044,55.32523,2000,7,25,207,2000-07-25,16.93,19.55,14.17,87.17,0.1,12.47,3.15
11.39044,55.32523,2000,7,26,208,2000-07-26,17.29,19.1,15.13,88.25,2.3,19.15,1.98
11.39044,55.32523,2000,7,27,209,2000-07-27,17,19.53,14.32,86.42,1.4,12.75,4.19
11.39044,55.32523,2000,7,28,210,2000-07-28,16.36,18.04,14.33,86.23,0.61,11.36,1.82
11.39044,55.32523,2000,7,29,211,2000-07-29,17.15,19.16,14.86,85.71,5.03,15.08,1.26
11.39044,55.32523,2000,7,30,212,2000-07-30,16.69,18.07,14.87,84.65,3.77,11.34,4.17
11.39044,55.32523,2000,7,31,213,2000-07-31,16.12,18.46,14.35,81.07,0.23,14.72,5.9
11.39044,55.32523,2000,8,1,214,2000-08-01,17.14,19.27,14.33,88.2,4.64,11.82,3.8
11.39044,55.32523,2000,8,2,215,2000-08-02,17.33,19.5,14.68,87.94,8.94,12.17,2.87
11.39044,55.32523,2000,8,3,216,2000-08-03,16.71,19.49,13.42,85.82,3.94,16.67,3.65
11.39044,55.32523,2000,8,4,217,2000-08-04,16.85,19.39,14.12,84.45,2.12,17.54,3.43
11.39044,55.32523,2000,8,5,218,2000-08-05,16.11,18.72,13.24,82.12,0.6,10.15,4.23
11.39044,55.32523,2000,8,6,219,2000-08-06,16.61,19.3,13.57,83.98,0.7,15.31,5.25
11.39044,55.32523,2000,8,7,220,2000-08-07,14.43,16.45,12.65,72.85,0.1,16.19,7.75
11.39044,55.32523,2000,8,8,221,2000-08-08,14.25,15.96,12.69,72.59,0.1,15.26,6.37
11.39044,55.32523,2000,8,9,222,2000-08-09,15.23,18.34,12.54,73.31,0.01,23.66,5.19
11.39044,55.32523,2000,8,10,223,2000-08-10,16.15,17.9,13.44,89.28,3.55,5.5,4.15
11.39044,55.32523,2000,8,11,224,2000-08-11,16.69,18.29,14.54,87.5,1.97,9.19,5.3
11.39044,55.32523,2000,8,12,225,2000-08-12,16.01,18.29,14.36,81.39,0.39,12.8,5.25
11.39044,55.32523,2000,8,13,226,2000-08-13,16.44,19.17,13.21,79.7,0.01,19.4,1.61
11.39044,55.32523,2000,8,14,227,2000-08-14,18.19,21.85,13.75,85.27,0.06,17.18,3.86
11.39044,55.32523,2000,8,15,228,2000-08-15,18.42,20.04,16.23,90.93,1.69,10.83,4.12
11.39044,55.32523,2000,8,16,229,2000-08-16,16.72,18.99,14.27,85.43,2.08,12.29,4.16
11.39044,55.32523,2000,8,17,230,2000-08-17,16.54,19.01,14.27,87.69,3.04,15.07,3.43
11.39044,55.32523,2000,8,18,231,2000-08-18,16.9,19.57,14.35,82.82,0.42,17.1,3.89
11.39044,55.32523,2000,8,19,232,2000-08-19,17.17,19.07,15.51,87.35,1.12,10.8,2.75
11.39044,55.32523,2000,8,20,233,2000-08-20,16.96,19.01,13.29,78.92,0.75,14.71,5.08
11.39044,55.32523,2000,8,21,234,2000-08-21,15.63,17.88,12.99,72.04,0.2,16,3.22
11.39044,55.32523,2000,8,22,235,2000-08-22,15.13,18.28,12.44,72.54,0,17.71,5.79
11.39044,55.32523,2000,8,23,236,2000-08-23,14.6,17.73,11.67,73.88,0.02,18.58,5.54
11.39044,55.32523,2000,8,24,237,2000-08-24,14.71,16.53,12.53,84.35,2.19,5.33,7.79
11.39044,55.32523,2000,8,25,238,2000-08-25,16.22,19.03,12.61,81.9,0.1,19.97,2.53
11.39044,55.32523,2000,8,26,239,2000-08-26,16.45,19.43,12.78,79.09,0,19.05,4.04
11.39044,55.32523,2000,8,27,240,2000-08-27,17.27,20.25,15.09,75.75,0.01,16.59,7.71
11.39044,55.32523,2000,8,28,241,2000-08-28,16.69,18.38,15.12,86.1,2.08,10.93,4.01
11.39044,55.32523,2000,8,29,242,2000-08-29,16.24,18.49,13.78,83.6,1.34,15.32,3.36
11.39044,55.32523,2000,8,30,243,2000-08-30,15.09,18.05,12.44,83.28,1.22,13.07,3.74
11.39044,55.32523,2000,8,31,244,2000-08-31,14.46,16.79,12.45,78.02,0.62,9.06,3.6
11.39044,55.32523,2000,9,1,245,2000-09-01,14.96,17.09,12.89,80.29,5.22,14.61,2.63
11.39044,55.32523,2000,9,2,246,2000-09-02,14.94,16.05,14.24,89.6,18.67,4.87,3.25
11.39044,55.32523,2000,9,3,247,2000-09-03,14.25,15.57,13.11,87.33,6.65,6.68,7.43
11.39044,55.32523,2000,9,4,248,2000-09-04,13.84,15.62,11.78,69.38,0.02,17.06,4.64
11.39044,55.32523,2000,9,5,249,2000-09-05,13.44,15.14,11.66,79.05,0.84,14.7,2.13
11.39044,55.32523,2000,9,6,250,2000-09-06,14.2,15.96,12.01,86.69,7.76,4.4,5.76
11.39044,55.32523,2000,9,7,251,2000-09-07,15.3,17.11,13.52,87.25,1.35,8.44,4.66
11.39044,55.32523,2000,9,8,252,2000-09-08,15.66,17.92,13.58,85.26,1.39,9.41,6.02
11.39044,55.32523,2000,9,9,253,2000-09-09,15.21,18.35,12.73,82.88,0.11,14.66,5
11.39044,55.32523,2000,9,10,254,2000-09-10,14.08,16.9,11.57,85.83,0.21,8.91,4.7
11.39044,55.32523,2000,9,11,255,2000-09-11,13.7,16.38,10.7,80.9,0.27,14.69,3.55
11.39044,55.32523,2000,9,12,256,2000-09-12,13.5,14.34,12.5,90.29,11.18,5.23,5.19
11.39044,55.32523,2000,9,13,257,2000-09-13,15.33,17.85,13.29,90.83,3.36,2.26,2.41
11.39044,55.32523,2000,9,14,258,2000-09-14,13.79,15.09,12.94,88.09,8.34,4.71,6.45
11.39044,55.32523,2000,9,15,259,2000-09-15,13.8,15.11,13.08,85.27,3.48,5.28,7.36
11.39044,55.32523,2000,9,16,260,2000-09-16,13.84,15.57,12.03,80.35,0.31,8,7.71
11.39044,55.32523,2000,9,17,261,2000-09-17,13.05,14.94,11.03,82.41,0.15,10.26,6.62
11.39044,55.32523,2000,9,18,262,2000-09-18,12.31,14.18,10.75,77.18,0.08,14.7,7.77
11.39044,55.32523,2000,9,19,263,2000-09-19,11.79,13.83,9.76,75.38,0.04,9.6,7.64
11.39044,55.32523,2000,9,20,264,2000-09-20,12.55,14.29,11.2,79.74,0.1,8.24,7.87
11.39044,55.32523,2000,9,21,265,2000-09-21,13.08,16.02,10.49,81.13,0.02,10.74,6.17
11.39044,55.32523,2000,9,22,266,2000-09-22,12.74,16.15,9.73,87.89,0.08,10.71,4.6
11.39044,55.32523,2000,9,23,267,2000-09-23,12.76,16.55,10.06,87.68,0.11,11.57,4.25
11.39044,55.32523,2000,9,24,268,2000-09-24,11.64,14.61,9.59,78.54,0.04,12.66,5.55
11.39044,55.32523,2000,9,25,269,2000-09-25,11.48,14.32,9.2,80.14,0.12,11.9,5.3
11.39044,55.32523,2000,9,26,270,2000-09-26,12.36,14.29,10.56,90.6,1.52,5.31,2.94
11.39044,55.32523,2000,9,27,271,2000-09-27,14.05,16.82,12.14,93.01,4.08,6.53,4.09
11.39044,55.32523,2000,9,28,272,2000-09-28,14.46,16.99,11.75,94.1,1.67,3.13,4.58
11.39044,55.32523,2000,9,29,273,2000-09-29,15.45,19.15,13.5,90.48,0.28,11.09,4.19
11.39044,55.32523,2000,9,30,274,2000-09-30,14.3,17.51,12.17,86.96,0.03,10.87,6.17
11.39044,55.32523,2000,10,1,275,2000-10-01,13.54,16.7,11.09,91.78,0.13,9.67,4.01
11.39044,55.32523,2000,10,2,276,2000-10-02,13.62,15.42,12.01,95.74,8.76,1.03,3.7
11.39044,55.32523,2000,10,3,277,2000-10-03,12.94,15.19,10.99,92.02,0.13,6.14,4.16
11.39044,55.32523,2000,10,4,278,2000-10-04,13.54,16.44,11.11,90.72,0.11,10.23,3.6
11.39044,55.32523,2000,10,5,279,2000-10-05,13.19,15.49,11.03,92.75,1.72,6.13,2.57
11.39044,55.32523,2000,10,6,280,2000-10-06,12.62,13.98,10.6,88.48,7.12,4.3,3.09
11.39044,55.32523,2000,10,7,281,2000-10-07,11.97,13.97,10.02,85.44,0.93,4.79,1.42
11.39044,55.32523,2000,10,8,282,2000-10-08,10.5,11.36,9.66,85.95,3.04,1.87,3.55
11.39044,55.32523,2000,10,9,283,2000-10-09,10.45,10.87,9.94,90.7,5.2,2.13,4.47
11.39044,55.32523,2000,10,10,284,2000-10-10,10.32,11.09,9.24,89.08,3.37,1.89,7.13
11.39044,55.32523,2000,10,11,285,2000-10-11,10.17,11.46,8.34,87.73,2.09,2.4,7.8
11.39044,55.32523,2000,10,12,286,2000-10-12,10.96,13.67,8.76,91.42,0.13,8.62,3.92
11.39044,55.32523,2000,10,13,287,2000-10-13,10.95,13.19,9.49,94.91,1.81,7.04,2.79
11.39044,55.32523,2000,10,14,288,2000-10-14,10.29,12.77,8.43,95.22,0.17,5.93,2.96
11.39044,55.32523,2000,10,15,289,2000-10-15,10.65,13.85,7.96,93,0.12,6.82,4.69
11.39044,55.32523,2000,10,16,290,2000-10-16,12.78,14.8,10.74,92.44,0.15,5.4,6.73
11.39044,55.32523,2000,10,17,291,2000-10-17,11.86,13.91,9.33,91.17,0.32,4.48,3.8
11.39044,55.32523,2000,10,18,292,2000-10-18,9.93,12.01,8.28,92.99,0.15,5,4.02
11.39044,55.32523,2000,10,19,293,2000-10-19,10.82,12.75,9.17,93.9,1.34,1.12,5.28
11.39044,55.32523,2000,10,20,294,2000-10-20,11.06,12.32,10.02,94.57,0.65,1.33,3.03
11.39044,55.32523,2000,10,21,295,2000-10-21,11.42,12.55,10.08,91.16,0.12,3.03,5.73
11.39044,55.32523,2000,10,22,296,2000-10-22,12.26,13.42,10.87,92.04,0.55,4.24,3.09
11.39044,55.32523,2000,10,23,297,2000-10-23,11.89,13.32,10.46,95.29,6.97,3.26,5.11
11.39044,55.32523,2000,10,24,298,2000-10-24,11.65,12.74,10.17,88.59,6.09,6.27,8.2
11.39044,55.32523,2000,10,25,299,2000-10-25,10.7,12.11,10.05,90.18,10.56,1.02,9
11.39044,55.32523,2000,10,26,300,2000-10-26,9.96,10.81,8.69,86.82,2.54,1.19,7.17
11.39044,55.32523,2000,10,27,301,2000-10-27,9.83,11.58,8.53,92.11,2.65,1.87,4.78
11.39044,55.32523,2000,10,28,302,2000-10-28,11.43,12.34,10.17,92.56,4.24,3.07,4.27
11.39044,55.32523,2000,10,29,303,2000-10-29,10.73,11.68,9.14,85.7,1.88,3.47,8.46
11.39044,55.32523,2000,10,30,304,2000-10-30,10.39,11.73,8.28,83.1,9.39,1.52,11.85
11.39044,55.32523,2000,10,31,305,2000-10-31,9.52,10.39,8.78,82.87,1.11,1.43,10.52
11.39044,55.32523,2000,11,1,306,2000-11-01,9.44,10.67,8.64,87.81,3.83,3.44,8.01
11.39044,55.32523,2000,11,2,307,2000-11-02,8.22,9.05,7.6,91.77,0.36,2.03,6.89
11.39044,55.32523,2000,11,3,308,2000-11-03,9.17,10.86,7.82,90.66,1.9,2.67,6.17
11.39044,55.32523,2000,11,4,309,2000-11-04,7.68,8.46,6.82,95.26,0.31,2.93,4.64
11.39044,55.32523,2000,11,5,310,2000-11-05,7.16,7.92,6.23,94.33,0.61,1.5,4.85
11.39044,55.32523,2000,11,6,311,2000-11-06,7.43,8.96,5.71,88.4,0.3,3.67,7.88
11.39044,55.32523,2000,11,7,312,2000-11-07,8.8,9.93,7.46,94.03,9.82,0.79,6.06
11.39044,55.32523,2000,11,8,313,2000-11-08,8.1,9.74,6.63,94.15,0.47,1.73,5.41
11.39044,55.32523,2000,11,9,314,2000-11-09,8.2,8.91,7.34,92.56,3.19,2.13,6.57
11.39044,55.32523,2000,11,10,315,2000-11-10,8.36,9.38,7.85,94.16,2.41,2.34,6.46
11.39044,55.32523,2000,11,11,316,2000-11-11,7.3,8.22,6.58,94.96,5.16,1.71,6.07
11.39044,55.32523,2000,11,12,317,2000-11-12,7.67,8.46,6.5,88.04,2.06,1.44,7.04
11.39044,55.32523,2000,11,13,318,2000-11-13,8.05,9.64,6.85,94.17,1.46,1.28,4.43
11.39044,55.32523,2000,11,14,319,2000-11-14,7.19,7.68,6.77,97.23,0.32,1.61,2.58
11.39044,55.32523,2000,11,15,320,2000-11-15,6.46,6.97,5.87,95.5,0.65,1.72,3.24
11.39044,55.32523,2000,11,16,321,2000-11-16,6.6,7.66,5.48,93.8,0.94,3.13,5.13
11.39044,55.32523,2000,11,17,322,2000-11-17,5.76,6.45,5.09,95.97,6.18,1.58,4.03
11.39044,55.32523,2000,11,18,323,2000-11-18,5.38,6.25,4.5,93.26,1.41,1.96,6.18
11.39044,55.32523,2000,11,19,324,2000-11-19,6.35,6.99,5.82,92.11,12.35,0.71,8.99
11.39044,55.32523,2000,11,20,325,2000-11-20,5.72,6.67,5.11,94.51,7.52,0.8,4.99
11.39044,55.32523,2000,11,21,326,2000-11-21,5.28,6.48,4.35,97.11,3.06,1.56,3.36
11.39044,55.32523,2000,11,22,327,2000-11-22,6.26,7.91,4.28,94.83,3.84,0.6,5.89
11.39044,55.32523,2000,11,23,328,2000-11-23,6.49,6.95,6.04,96.64,0.23,1.61,5.47
11.39044,55.32523,2000,11,24,329,2000-11-24,6.96,7.51,6.49,96.81,1.63,NA,5.19
11.39044,55.32523,2000,11,25,330,2000-11-25,5.77,6.9,5.19,97.28,0.12,1.95,4.91
11.39044,55.32523,2000,11,26,331,2000-11-26,5.17,6.19,4.68,96.09,0.3,1.86,5.39
11.39044,55.32523,2000,11,27,332,2000-11-27,6.5,6.93,5.9,97.59,0.4,1.11,4.34
11.39044,55.32523,2000,11,28,333,2000-11-28,6.46,7.92,5.83,94.45,8.24,0.81,5.6
11.39044,55.32523,2000,11,29,334,2000-11-29,9.27,10.21,8.16,96.18,0.4,1.16,4.75
11.39044,55.32523,2000,11,30,335,2000-11-30,8.02,9.64,6.33,97.01,1.61,2.05,4.79
11.39044,55.32523,2000,12,1,336,2000-12-01,6.75,7.53,5.44,97.53,0.25,2.3,5.13
11.39044,55.32523,2000,12,2,337,2000-12-02,7.95,9.42,6.7,97.81,1.8,1.23,4.03
11.39044,55.32523,2000,12,3,338,2000-12-03,6.89,7.43,5.53,97.42,2.04,0.91,4.95
11.39044,55.32523,2000,12,4,339,2000-12-04,5.03,5.36,4.4,97.1,0.42,0.99,5.64
11.39044,55.32523,2000,12,5,340,2000-12-05,6.02,6.8,4.59,96.92,0.46,2,5.17
11.39044,55.32523,2000,12,6,341,2000-12-06,4.83,5.42,4.31,96.69,2.62,0.75,4.7
11.39044,55.32523,2000,12,7,342,2000-12-07,4.79,5.64,4,98.33,1.84,1.97,4.49
11.39044,55.32523,2000,12,8,343,2000-12-08,5.14,6.15,4.27,97.73,5.3,0.69,5.08
11.39044,55.32523,2000,12,9,344,2000-12-09,5.09,6.47,3.92,97.59,0.36,1.12,5.31
11.39044,55.32523,2000,12,10,345,2000-12-10,4.73,5.7,3.57,97.55,1.74,1.77,4.81
11.39044,55.32523,2000,12,11,346,2000-12-11,5.54,7.6,3.7,98.34,2.56,0.69,5.8
11.39044,55.32523,2000,12,12,347,2000-12-12,6.8,7.9,5.62,99.38,2.04,0.87,3.76
11.39044,55.32523,2000,12,13,348,2000-12-13,7,7.96,5.39,89.87,7.4,1.01,9.79
11.39044,55.32523,2000,12,14,349,2000-12-14,5.3,5.79,4.71,86.54,1.28,0.63,9.56
11.39044,55.32523,2000,12,15,350,2000-12-15,4.33,5.49,2.82,94.66,4.97,0.6,7.07
11.39044,55.32523,2000,12,16,351,2000-12-16,3.71,4.53,2.56,95.72,2.85,0.34,5.31
11.39044,55.32523,2000,12,17,352,2000-12-17,3.51,4.14,2.49,95.29,0.5,1.29,1.15
11.39044,55.32523,2000,12,18,353,2000-12-18,2.39,3.15,1.58,95.42,0.92,0.68,1.25
11.39044,55.32523,2000,12,19,354,2000-12-19,1.76,2.56,0.17,96.52,1.17,0.96,1.47
11.39044,55.32523,2000,12,20,355,2000-12-20,-0.02,1.71,-1.5,96.94,0.24,1.41,2.8
11.39044,55.32523,2000,12,21,356,2000-12-21,-0.86,0.6,-1.71,95.25,0.03,0.99,3.68
11.39044,55.32523,2000,12,22,357,2000-12-22,-1.87,-1.22,-2.5,89.77,0,0.39,3.98
11.39044,55.32523,2000,12,23,358,2000-12-23,-0.48,0.74,-2.32,96.41,0.28,1.18,2.88
11.39044,55.32523,2000,12,24,359,2000-12-24,-0.23,0.76,-1.3,89.07,0.75,1.18,2.64
11.39044,55.32523,2000,12,25,360,2000-12-25,-1.74,-1,-2.51,81.28,0.11,1.14,3.05
11.39044,55.32523,2000,12,26,361,2000-12-26,-2.16,-1.34,-2.97,84.98,0.09,1.22,2.6
11.39044,55.32523,2000,12,27,362,2000-12-27,-0.58,0.39,-1.5,98.08,0.81,0.6,3.29
11.39044,55.32523,2000,12,28,363,2000-12-28,0.75,1.38,0.38,97.8,6.61,0.57,3.85
11.39044,55.32523,2000,12,29,364,2000-12-29,0.34,1.17,-0.51,95.46,0.74,1.37,7.03
11.39044,55.32523,2000,12,30,365,2000-12-30,-0.61,0.14,-1.95,93.81,0.33,1.29,4.5
11.39044,55.32523,2001,1,1,1,2001-01-01,-0.41,0.69,-2.55,92.42,5.27,0.77,6.72
11.39044,55.32523,2001,1,2,2,2001-01-02,1.49,2.13,0.67,97.14,2.13,0.78,4.74
11.39044,55.32523,2001,1,3,3,2001-01-03,1.96,3.17,0.6,97.66,1.97,1.28,5.35
11.39044,55.32523,2001,1,4,4,2001-01-04,1.33,2.48,-0.05,96.74,1.63,1.01,6.15
11.39044,55.32523,2001,1,5,5,2001-01-05,2.51,3.45,1.54,96.37,7.76,1.27,6.41
11.39044,55.32523,2001,1,6,6,2001-01-06,3.47,4.45,2.82,96.32,1.4,1.14,5.69
11.39044,55.32523,2001,1,7,7,2001-01-07,3.13,3.83,2.27,96.48,0.6,0.97,6.23
11.39044,55.32523,2001,1,8,8,2001-01-08,3.11,3.71,2.6,95.38,0.53,0.96,6.3
11.39044,55.32523,2001,1,9,9,2001-01-09,3.23,4.41,1.41,96.08,0.62,1.89,4.95
11.39044,55.32523,2001,1,10,10,2001-01-10,0.27,2.41,-1.06,88.57,0.03,3.06,2.87
11.39044,55.32523,2001,1,11,11,2001-01-11,0.35,2.39,-1.49,96.55,0.01,2.88,4.66
11.39044,55.32523,2001,1,12,12,2001-01-12,0.68,2.04,-0.34,96,0.04,2.76,1.77
11.39044,55.32523,2001,1,13,13,2001-01-13,0.52,1.71,-0.12,98.2,0.17,2.7,3.31
11.39044,55.32523,2001,1,14,14,2001-01-14,0.25,1.63,-1,93.9,0.2,1.29,1.85
11.39044,55.32523,2001,1,15,15,2001-01-15,-1.75,-1.1,-2.68,95.63,0.34,1.06,2.15
11.39044,55.32523,2001,1,16,16,2001-01-16,-2.35,-1.27,-3.36,91.67,0.33,0.81,1.46
11.39044,55.32523,2001,1,17,17,2001-01-17,-0.74,1.37,-1.81,89.84,0.1,2.58,3.87
11.39044,55.32523,2001,1,18,18,2001-01-18,-1.23,0.22,-2.05,94.5,0.04,1.68,4.85
11.39044,55.32523,2001,1,19,19,2001-01-19,-0.5,0.72,-1.28,92.42,1.04,1.16,3.15
11.39044,55.32523,2001,1,20,20,2001-01-20,-0.6,0.82,-1.46,93.45,0.25,1.38,2.02
11.39044,55.32523,2001,1,21,21,2001-01-21,-0.45,1.41,-1.58,93.68,0.11,1.69,4.12
11.39044,55.32523,2001,1,22,22,2001-01-22,-0.15,0.82,-0.79,91.1,0.27,1.54,6.83
11.39044,55.32523,2001,1,23,23,2001-01-23,0.85,1.99,-0.53,94.92,1.53,0.96,6.43
11.39044,55.32523,2001,1,24,24,2001-01-24,3.11,5.45,1.51,97.17,7.77,1.71,7.59
11.39044,55.32523,2001,1,25,25,2001-01-25,1.51,2.18,0.71,98.49,2.94,1.86,4.92
11.39044,55.32523,2001,1,26,26,2001-01-26,1.84,2.31,1.42,98.79,3.88,1.37,3.69
11.39044,55.32523,2001,1,27,27,2001-01-27,1.18,2.56,0.57,98.45,0.31,3.57,4
11.39044,55.32523,2001,1,28,28,2001-01-28,1.24,2.3,0.29,96.54,0.45,1.66,4.49
11.39044,55.32523,2001,1,29,29,2001-01-29,1.16,2.34,0.46,92.77,0.55,1.91,2.62
11.39044,55.32523,2001,1,30,30,2001-01-30,0.51,1.05,-0.23,97.22,0.59,1.74,2.28
11.39044,55.32523,2001,1,31,31,2001-01-31,0.37,1.53,-0.35,98.42,0.46,2.09,2
11.39044,55.32523,2001,2,1,32,2001-02-01,0.04,1.07,-2.38,91.01,1.38,2.59,5.11
11.39044,55.32523,2001,2,2,33,2001-02-02,-4.35,-2.71,-4.96,79.84,0.16,3.51,4.6
11.39044,55.32523,2001,2,3,34,2001-02-03,-6.14,-3.97,-8.57,89.23,0.57,3.04,6.7
11.39044,55.32523,2001,2,4,35,2001-02-04,-3.3,-2.28,-4.11,81.57,0.45,3.35,6.63
11.39044,55.32523,2001,2,5,36,2001-02-05,-2.67,-1.01,-3.86,85.3,5.7,1.71,8.83
11.39044,55.32523,2001,2,6,37,2001-02-06,1.68,4.28,-0.83,97.73,6.25,1.02,4.99
11.39044,55.32523,2001,2,7,38,2001-02-07,3.13,4.28,2.03,99.28,0.62,4.03,6.2
11.39044,55.32523,2001,2,8,39,2001-02-08,3.26,6.77,0.61,95.56,7.02,1.92,5.48
11.39044,55.32523,2001,2,9,40,2001-02-09,-0.36,1.71,-2.11,93.75,0.08,3.86,4.18
11.39044,55.32523,2001,2,10,41,2001-02-10,-0.51,1.38,-1.59,90.22,0,4.4,2.65
11.39044,55.32523,2001,2,11,42,2001-02-11,2.74,5.65,0.11,94.8,7.77,1.04,7.71
11.39044,55.32523,2001,2,12,43,2001-02-12,4.73,6.21,2.71,96.86,5.14,2.28,6.33
11.39044,55.32523,2001,2,13,44,2001-02-13,3.06,5.25,1.68,96,0.16,6.97,4.53
11.39044,55.32523,2001,2,14,45,2001-02-14,1.88,3.28,0.87,97.35,0.27,3.67,4.93
11.39044,55.32523,2001,2,15,46,2001-02-15,1.23,3.99,-1.56,94.04,0.13,6.48,4.74
11.39044,55.32523,2001,2,16,47,2001-02-16,2.21,3.36,0.62,97.1,0.32,1.87,2.68
11.39044,55.32523,2001,2,17,48,2001-02-17,0.72,2.82,-1.79,95.09,0.11,3.47,4.05
11.39044,55.32523,2001,2,18,49,2001-02-18,3.04,5.73,1.58,93.57,0.01,7.78,5.38
11.39044,55.32523,2001,2,19,50,2001-02-19,2.5,3.95,0.65,92.31,0.39,2.66,5.94
11.39044,55.32523,2001,2,20,51,2001-02-20,2.71,4.37,0.65,93.4,0.28,3.84,7.05
11.39044,55.32523,2001,2,21,52,2001-02-21,4.01,5.37,2.74,84.86,0.15,7.56,11.23
11.39044,55.32523,2001,2,22,53,2001-02-22,1.16,2.74,-1.6,84.3,0.17,7.09,7.43
11.39044,55.32523,2001,2,23,54,2001-02-23,-3.22,-1.59,-4.49,78.25,0.18,5.32,4.47
11.39044,55.32523,2001,2,24,55,2001-02-24,-3.28,-0.51,-5.66,77.83,0.58,5.15,3.65
11.39044,55.32523,2001,2,25,56,2001-02-25,0.07,1.98,-1.4,91.69,2.79,7.92,4.14
11.39044,55.32523,2001,2,26,57,2001-02-26,-1.74,-0.68,-3.42,81.87,0.71,6.97,2.75
11.39044,55.32523,2001,2,27,58,2001-02-27,0.01,1.41,-1.02,89.2,0.63,4.56,4.08
11.39044,55.32523,2001,2,28,59,2001-02-28,-0.42,1.22,-1.7,88.63,0.65,3.89,2.7
11.39044,55.32523,2001,3,1,60,2001-03-01,-0.27,0.73,-1.22,93.44,3.6,3.16,5.21
11.39044,55.32523,2001,3,2,61,2001-03-02,-2.31,-1.52,-3.72,91.67,0.8,4.01,3.7
11.39044,55.32523,2001,3,3,62,2001-03-03,-2.74,-1.15,-3.97,85.4,0.51,6.69,1.67
11.39044,55.32523,2001,3,4,63,2001-03-04,-2.17,1.03,-5.3,87.39,0.1,7.04,3.54
11.39044,55.32523,2001,3,5,64,2001-03-05,-1.8,1.13,-4.41,85.9,0,9.59,2.39
11.39044,55.32523,2001,3,6,65,2001-03-06,-0.36,2.7,-2.75,88.08,0.01,10.23,4.03
11.39044,55.32523,2001,3,7,66,2001-03-07,0.51,2.89,-2.79,90.21,0.02,7.9,5.46
11.39044,55.32523,2001,3,8,67,2001-03-08,2.3,3.84,1.32,94.86,0.7,3.64,3.04
11.39044,55.32523,2001,3,9,68,2001-03-09,3.29,5.23,1.72,97.87,1.77,3.4,3.74
11.39044,55.32523,2001,3,10,69,2001-03-10,4.5,6.03,3.29,99.12,2.53,4.6,3.3
11.39044,55.32523,2001,3,11,70,2001-03-11,5.09,7.29,3.7,98.88,1.04,4.13,3.22
11.39044,55.32523,2001,3,12,71,2001-03-12,4.64,6.8,1.1,93.87,4.63,4.77,6.82
11.39044,55.32523,2001,3,13,72,2001-03-13,3.1,5.2,0.81,91.47,2.71,7.74,5.2
11.39044,55.32523,2001,3,14,73,2001-03-14,3,4.64,1.73,91.95,1.53,5.78,3.81
11.39044,55.32523,2001,3,15,74,2001-03-15,3.51,5.9,1.11,89.89,0.31,10.7,3.48
11.39044,55.32523,2001,3,16,75,2001-03-16,2.27,5.2,-0.89,85.88,0.68,11.45,4.47
11.39044,55.32523,2001,3,17,76,2001-03-17,0.85,2.74,-1.31,88.41,0.37,7.24,3.49
11.39044,55.32523,2001,3,18,77,2001-03-18,0.6,1.67,-0.23,85.49,2.72,8.05,7.03
11.39044,55.32523,2001,3,19,78,2001-03-19,-1.35,-0.34,-2.12,85.08,10.25,3.43,8.69
11.39044,55.32523,2001,3,20,79,2001-03-20,-1.2,1.04,-2.33,72.04,0.01,11.44,3.35
11.39044,55.32523,2001,3,21,80,2001-03-21,-1.29,1.04,-3.27,74.01,0,12.72,2.06
11.39044,55.32523,2001,3,22,81,2001-03-22,-0.54,2.46,-3.26,83.45,0,11.19,4.84
11.39044,55.32523,2001,3,23,82,2001-03-23,0.27,2.3,-2.16,84,0.1,11.6,6.06
11.39044,55.32523,2001,3,24,83,2001-03-24,1.08,2.94,-0.56,79.43,0,10.11,7.14
11.39044,55.32523,2001,3,25,84,2001-03-25,0.3,2.61,-1.56,79.63,0,10.2,7.38
11.39044,55.32523,2001,3,26,85,2001-03-26,-0.4,2.22,-2.3,82.72,0.01,14.02,4.56
11.39044,55.32523,2001,3,27,86,2001-03-27,-0.62,1.79,-2.27,77.35,0.07,12.8,4.35
11.39044,55.32523,2001,3,28,87,2001-03-28,0.61,3.19,-2.02,71.71,0,16.7,8.51
11.39044,55.32523,2001,3,29,88,2001-03-29,1.83,3.79,0.28,86.94,5.23,3.98,9.54
11.39044,55.32523,2001,3,30,89,2001-03-30,2.7,4.03,0.96,97.36,0.48,7.28,2.09
11.39044,55.32523,2001,3,31,90,2001-03-31,4.22,6.3,2.17,92.74,1.48,10.69,4.36
11.39044,55.32523,2001,4,1,91,2001-04-01,5.85,8.1,3.34,94.34,0.91,7.04,4.02
11.39044,55.32523,2001,4,2,92,2001-04-02,5.16,8.69,2.84,95.5,0.2,9.23,2.71
11.39044,55.32523,2001,4,3,93,2001-04-03,5.83,9.15,1.82,92.75,0.22,7.44,5.09
11.39044,55.32523,2001,4,4,94,2001-04-04,5.68,10.1,1.61,91.39,3.71,13.75,5.8
11.39044,55.32523,2001,4,5,95,2001-04-05,5.04,7.21,2.89,85.8,0.46,11.2,7.28
11.39044,55.32523,2001,4,6,96,2001-04-06,4.91,6.65,2.99,93.26,0.99,4.48,5.12
11.39044,55.32523,2001,4,7,97,2001-04-07,5.65,9.12,3.92,96.08,9.74,5.69,3.73
11.39044,55.32523,2001,4,8,98,2001-04-08,4.89,7.51,2.63,88.84,0.24,11.61,4.57
11.39044,55.32523,2001,4,9,99,2001-04-09,4.22,7.18,1.61,83.2,0.1,16.95,3.54
11.39044,55.32523,2001,4,10,100,2001-04-10,4.72,7.3,2.61,81.33,0.09,7.45,4.38
11.39044,55.32523,2001,4,11,101,2001-04-11,4.8,8.74,1.25,78.53,0.19,16.51,3.11
11.39044,55.32523,2001,4,12,102,2001-04-12,2.61,4.32,1.32,81.24,1,12.32,8.03
11.39044,55.32523,2001,4,13,103,2001-04-13,1.72,3.48,-0.14,71.12,0.2,19.22,6.92
11.39044,55.32523,2001,4,14,104,2001-04-14,1.49,3.55,-0.97,64.98,0.07,15.98,3.22
11.39044,55.32523,2001,4,15,105,2001-04-15,1.66,3.06,0.37,87.87,2.53,6.72,5.21
11.39044,55.32523,2001,4,16,106,2001-04-16,3.45,6.06,1.08,87.36,0.6,10.21,2.41
11.39044,55.32523,2001,4,17,107,2001-04-17,3.39,6.16,1.28,89.29,0.97,10.69,4.89
11.39044,55.32523,2001,4,18,108,2001-04-18,2.86,4.22,1.79,91.4,5.73,7.77,3.27
11.39044,55.32523,2001,4,19,109,2001-04-19,2.92,5.67,-0.24,86.57,0.54,15.55,2.98
11.39044,55.32523,2001,4,20,110,2001-04-20,3.88,6.58,1.45,85.83,0.3,14.74,2.58
11.39044,55.32523,2001,4,21,111,2001-04-21,4.52,7.96,0.58,84.22,0.01,20.74,2.99
11.39044,55.32523,2001,4,22,112,2001-04-22,5.26,8.07,2.74,82.57,0.06,21.84,3.41
11.39044,55.32523,2001,4,23,113,2001-04-23,4.32,4.86,3.81,94.63,9.53,4.9,4.16
11.39044,55.32523,2001,4,24,114,2001-04-24,6.54,9.74,4.08,84.16,0.1,18.65,3.29
11.39044,55.32523,2001,4,25,115,2001-04-25,6.14,7.96,3.83,93.18,21.59,4.43,4.77
11.39044,55.32523,2001,4,26,116,2001-04-26,6.36,8.45,4.39,92.93,0.55,11.45,3.43
11.39044,55.32523,2001,4,27,117,2001-04-27,6.48,8.66,5.11,91.95,1.51,10.44,2.81
11.39044,55.32523,2001,4,28,118,2001-04-28,6.3,8.67,4.45,93.21,4.21,12.28,3.56
11.39044,55.32523,2001,4,29,119,2001-04-29,7.46,11.51,2.98,83.88,0.49,16.66,3.64
11.39044,55.32523,2001,4,30,120,2001-04-30,8.9,12.42,5.87,93.06,0.35,9.68,3.55
11.39044,55.32523,2001,5,1,121,2001-05-01,8.7,10.92,5.81,85.03,0.08,14.27,3.68
11.39044,55.32523,2001,5,2,122,2001-05-02,9.04,13.15,4.89,79.43,0.01,24.22,2.33
11.39044,55.32523,2001,5,3,123,2001-05-03,10.18,14.97,4.96,83.51,0.16,19.06,3.21
11.39044,55.32523,2001,5,4,124,2001-05-04,8.85,11.2,6.53,87.53,1.99,11.32,4.09
11.39044,55.32523,2001,5,5,125,2001-05-05,7.63,10.01,4.58,82.6,0,20.24,4.67
11.39044,55.32523,2001,5,6,126,2001-05-06,9.26,12.14,6.58,78.35,0,25.79,6.12
11.39044,55.32523,2001,5,7,127,2001-05-07,9.11,11.91,5.3,83.64,0.32,22.22,2.98
11.39044,55.32523,2001,5,8,128,2001-05-08,11.62,15.44,7.85,71.4,0.01,24.92,2.85
11.39044,55.32523,2001,5,9,129,2001-05-09,12.82,16.85,8.11,66.04,0,26.26,1.96
11.39044,55.32523,2001,5,10,130,2001-05-10,13.24,18.05,9.32,74.63,0.02,22.3,2.23
11.39044,55.32523,2001,5,11,131,2001-05-11,12.65,16.82,8.01,74.03,0.02,25.94,2.8
11.39044,55.32523,2001,5,12,132,2001-05-12,14,18.5,8.48,77.54,0.04,25.67,1.84
11.39044,55.32523,2001,5,13,133,2001-05-13,14.16,17.31,11.13,77.58,0,25.24,2.34
11.39044,55.32523,2001,5,14,134,2001-05-14,13.05,16.57,8.88,77.68,0,25.54,1.99
11.39044,55.32523,2001,5,15,135,2001-05-15,12.36,15.12,9.11,89.06,1.97,7.27,2.83
11.39044,55.32523,2001,5,16,136,2001-05-16,13.24,16.21,9.86,86.54,2,12.34,3.97
11.39044,55.32523,2001,5,17,137,2001-05-17,13.12,15.88,9.99,84.92,2.14,17.55,4.88
11.39044,55.32523,2001,5,18,138,2001-05-18,10.38,12.96,8.28,80.68,1.71,13.37,7.4
11.39044,55.32523,2001,5,19,139,2001-05-19,9.84,12.12,8.1,73.81,0.27,23.59,9.5
11.39044,55.32523,2001,5,20,140,2001-05-20,10.68,13.61,7.37,78.46,0.07,19.6,6.85
11.39044,55.32523,2001,5,21,141,2001-05-21,11.05,13.54,8.75,76.64,0,24.27,4.64
11.39044,55.32523,2001,5,22,142,2001-05-22,11.67,14.58,7.62,71.5,0,26.92,1.98
11.39044,55.32523,2001,5,23,143,2001-05-23,13.33,16.8,8.79,80.33,0,27.81,3.66
11.39044,55.32523,2001,5,24,144,2001-05-24,12.77,16.43,9.11,81.28,0,23.18,4.8
11.39044,55.32523,2001,5,25,145,2001-05-25,12.36,15.99,8.04,74.76,0,27.92,2.77
11.39044,55.32523,2001,5,26,146,2001-05-26,13.14,16.29,8.8,79.58,0,19.81,2.55
11.39044,55.32523,2001,5,27,147,2001-05-27,13.8,16.86,10.12,83.25,2.8,22.09,5
11.39044,55.32523,2001,5,28,148,2001-05-28,14.36,17.36,11.91,84.82,0.32,17.62,7.06
11.39044,55.32523,2001,5,29,149,2001-05-29,13.26,15.45,11.13,84.8,4.98,11.01,7.57
11.39044,55.32523,2001,5,30,150,2001-05-30,12.46,14.51,10.18,82.59,1.72,13.88,6.49
11.39044,55.32523,2001,5,31,151,2001-05-31,11.99,13.09,10.19,87.68,5.19,12.38,2.1
11.39044,55.32523,2001,6,1,152,2001-06-01,12.09,14.26,9.77,84.14,2.34,15.97,4.92
11.39044,55.32523,2001,6,2,153,2001-06-02,11.53,13.81,8.61,86.08,11.67,8.46,5.07
11.39044,55.32523,2001,6,3,154,2001-06-03,11.7,14.07,9.53,86.07,6.66,9.88,4.74
11.39044,55.32523,2001,6,4,155,2001-06-04,11.6,13.83,9.1,83.28,2.93,20.14,6.19
11.39044,55.32523,2001,6,5,156,2001-06-05,12.21,14.34,9.75,81.98,0.65,11.51,4.97
11.39044,55.32523,2001,6,6,157,2001-06-06,13.34,15.55,10.45,85.31,0.42,15.27,2.47
11.39044,55.32523,2001,6,7,158,2001-06-07,12.89,15.53,9.29,81.5,6.36,15.66,7.86
11.39044,55.32523,2001,6,8,159,2001-06-08,10.84,12.88,8.5,74.46,0.68,24.61,5.52
11.39044,55.32523,2001,6,9,160,2001-06-09,10.83,13,8.13,68.66,0.11,24.58,3.42
11.39044,55.32523,2001,6,10,161,2001-06-10,10.79,11.64,9.22,74.12,2.08,16.22,1.53
11.39044,55.32523,2001,6,11,162,2001-06-11,10.81,12.97,8.34,75.65,0.39,20.37,5.93
11.39044,55.32523,2001,6,12,163,2001-06-12,11.69,14.67,9.23,75.29,1.46,25.1,6.15
11.39044,55.32523,2001,6,13,164,2001-06-13,11.4,14.3,7.52,76.5,0,24.39,4.67
11.39044,55.32523,2001,6,14,165,2001-06-14,12.12,14.71,8.75,77.74,0.19,21.59,3.21
11.39044,55.32523,2001,6,15,166,2001-06-15,12.37,15.32,8.42,76.95,0.19,23,2.06
11.39044,55.32523,2001,6,16,167,2001-06-16,11.66,12.4,10.53,88.62,23.93,12.24,4.56
11.39044,55.32523,2001,6,17,168,2001-06-17,13.28,15.23,10.3,81.29,0.08,23.11,3.26
11.39044,55.32523,2001,6,18,169,2001-06-18,15.15,18.06,11.79,79.05,0.09,24.1,4.2
11.39044,55.32523,2001,6,19,170,2001-06-19,14.46,17.5,11.05,82.15,1.09,26.3,5.41
11.39044,55.32523,2001,6,20,171,2001-06-20,14.2,16.6,10.93,81.39,0.89,16.84,3.92
11.39044,55.32523,2001,6,21,172,2001-06-21,13.97,16.13,11.88,81.23,2.82,19.68,3.73
11.39044,55.32523,2001,6,22,173,2001-06-22,13.26,15.36,11.11,86.26,3.73,14.06,3.61
11.39044,55.32523,2001,6,23,174,2001-06-23,15.75,17.94,13.25,82.47,0.14,25.28,5.7
11.39044,55.32523,2001,6,24,175,2001-06-24,15.29,17.4,13.32,84.33,0.05,21.52,4.97
11.39044,55.32523,2001,6,25,176,2001-06-25,14.97,18.37,10.96,82.67,0.03,23.46,3.88
11.39044,55.32523,2001,6,26,177,2001-06-26,17.05,20.07,12.62,81.85,0.04,27.76,3.26
11.39044,55.32523,2001,6,27,178,2001-06-27,17.79,21.13,13.52,78.54,0,27.44,3.13
11.39044,55.32523,2001,6,28,179,2001-06-28,17.37,19.76,15.3,88.16,5.22,16.05,3.24
11.39044,55.32523,2001,6,29,180,2001-06-29,17.5,20.28,13.64,84.32,0.29,24.87,2.97
11.39044,55.32523,2001,6,30,181,2001-06-30,17.79,20.25,14.71,89.28,11.31,14.01,3.35
11.39044,55.32523,2001,7,1,182,2001-07-01,16.77,19.4,13.99,80.06,1.41,23.71,5.82
11.39044,55.32523,2001,7,2,183,2001-07-02,16.77,19.68,13.47,80.15,0.06,26.08,4.76
11.39044,55.32523,2001,7,3,184,2001-07-03,18.34,21.21,14.76,80.88,0.03,27.49,1.48
11.39044,55.32523,2001,7,4,185,2001-07-04,18.39,21.53,14.19,78.66,0,27.82,3.53
11.39044,55.32523,2001,7,5,186,2001-07-05,19.53,23.51,15.01,79.34,0.01,27.95,2.8
11.39044,55.32523,2001,7,6,187,2001-07-06,20.51,24.59,15.92,82.25,0.03,26.48,2.99
11.39044,55.32523,2001,7,7,188,2001-07-07,21.1,24.39,17.39,82.54,0.55,23.58,4.86
11.39044,55.32523,2001,7,8,189,2001-07-08,21.22,24.33,18.11,83.8,1.79,19.18,3.68
11.39044,55.32523,2001,7,9,190,2001-07-09,18.52,20.04,17.15,88.88,8.74,8.05,4.46
11.39044,55.32523,2001,7,10,191,2001-07-10,18.26,20.53,16.11,82.7,2.23,19.85,4.25
11.39044,55.32523,2001,7,11,192,2001-07-11,17.39,18.98,14.6,79.93,6.99,18.01,7.24
11.39044,55.32523,2001,7,12,193,2001-07-12,16.18,17.8,14.45,75.91,4.41,18.1,8.42
11.39044,55.32523,2001,7,13,194,2001-07-13,15.7,17.84,13.72,78.05,5.42,16.51,6.18
11.39044,55.32523,2001,7,14,195,2001-07-14,16.32,19.06,13.1,79.85,0.72,18.99,3.63
11.39044,55.32523,2001,7,15,196,2001-07-15,16.39,18.43,14.22,80.83,1.65,16.25,4.94
11.39044,55.32523,2001,7,16,197,2001-07-16,14.52,15.42,13.45,78.04,2.73,9.23,2.07
11.39044,55.32523,2001,7,17,198,2001-07-17,15.85,17.68,13.21,66.71,0.05,21.62,1.64
11.39044,55.32523,2001,7,18,199,2001-07-18,17.49,19.94,14.77,68.62,0.07,23.87,1.95
11.39044,55.32523,2001,7,19,200,2001-07-19,18.29,20.22,15.77,82.02,2.32,21.79,3.3
11.39044,55.32523,2001,7,20,201,2001-07-20,17.96,19.92,15.57,82.92,1.5,22.98,2.61
11.39044,55.32523,2001,7,21,202,2001-07-21,16.97,18.5,14.56,79.12,0.39,20.72,3.67
11.39044,55.32523,2001,7,22,203,2001-07-22,18.66,21.26,16,82.75,0.46,18.42,3.78
11.39044,55.32523,2001,7,23,204,2001-07-23,18.01,20.36,15.05,79.79,0.01,23.56,2.41
11.39044,55.32523,2001,7,24,205,2001-07-24,19.28,23.22,15.69,78.53,0.12,17.65,2.16
11.39044,55.32523,2001,7,25,206,2001-07-25,19.97,22.78,16.71,79.12,0,23.36,2.29
11.39044,55.32523,2001,7,26,207,2001-07-26,19.19,21.78,16.51,77.84,0,25.29,3.18
11.39044,55.32523,2001,7,27,208,2001-07-27,20.11,22.87,16.45,76.33,0,24.73,1.55
11.39044,55.32523,2001,7,28,209,2001-07-28,20.28,22.48,17.27,81.23,1.68,11.18,1.71
11.39044,55.32523,2001,7,29,210,2001-07-29,19.77,22.26,16.66,80.26,0.17,23.69,3.03
11.39044,55.32523,2001,7,30,211,2001-07-30,19.33,21.51,16.19,76.99,0.21,20.84,6.42
11.39044,55.32523,2001,7,31,212,2001-07-31,16.45,17.86,15.12,79.48,2.39,12.44,4.36
11.39044,55.32523,2001,8,1,213,2001-08-01,16.43,18.86,13.99,72.77,0.02,19.02,6.27
11.39044,55.32523,2001,8,2,214,2001-08-02,17.32,20.16,14.07,74.68,0.04,20.01,3.19
11.39044,55.32523,2001,8,3,215,2001-08-03,18.66,22.22,15.98,84.46,2.13,10.49,6.9
11.39044,55.32523,2001,8,4,216,2001-08-04,17.66,20.78,15.32,85.28,10.84,13.02,4.72
11.39044,55.32523,2001,8,5,217,2001-08-05,16.07,18.13,14.19,83.31,4.58,13.43,5.74
11.39044,55.32523,2001,8,6,218,2001-08-06,16.52,19.09,13.61,79.31,7.55,17.51,4.78
11.39044,55.32523,2001,8,7,219,2001-08-07,17.03,18.94,15.55,75.28,8.66,19.54,4.19
11.39044,55.32523,2001,8,8,220,2001-08-08,17.29,19.79,15.11,84.47,14.08,12.16,7.02
11.39044,55.32523,2001,8,9,221,2001-08-09,16.08,18.02,13.83,77.25,1.69,17.5,8.28
11.39044,55.32523,2001,8,10,222,2001-08-10,14.57,15.93,12.79,83.22,3.8,13.79,4.71
11.39044,55.32523,2001,8,11,223,2001-08-11,14.74,17.24,12.24,77.31,0.75,19.13,6.3
11.39044,55.32523,2001,8,12,224,2001-08-12,16.3,17.83,14.1,91.64,12.24,5.34,6.87
11.39044,55.32523,2001,8,13,225,2001-08-13,17.62,19.82,15.51,89.02,4.19,10.98,4.06
11.39044,55.32523,2001,8,14,226,2001-08-14,19.25,21.57,16.92,89.19,0.68,13.92,4.15
11.39044,55.32523,2001,8,15,227,2001-08-15,20.16,24.26,16.34,86.19,0.03,20.04,2.92
11.39044,55.32523,2001,8,16,228,2001-08-16,20.9,25.13,17.41,83.02,0.24,15.89,3.74
11.39044,55.32523,2001,8,17,229,2001-08-17,18.02,20.58,15.36,80.9,0.09,19.64,3.92
11.39044,55.32523,2001,8,18,230,2001-08-18,17.99,21.32,14.48,78.9,0,21.35,1.99
11.39044,55.32523,2001,8,19,231,2001-08-19,18.79,21.59,15.4,90.75,2.86,7.78,4.77
11.39044,55.32523,2001,8,20,232,2001-08-20,19.18,21.89,17.15,87.43,0.48,16.03,2.97
11.39044,55.32523,2001,8,21,233,2001-08-21,18.43,20.76,16.05,82.87,0.17,17.92,1.82
11.39044,55.32523,2001,8,22,234,2001-08-22,18.65,22.02,15.57,78.17,0,20.33,1.68
11.39044,55.32523,2001,8,23,235,2001-08-23,18.75,21.66,15.7,85.93,0.08,11.35,3.18
11.39044,55.32523,2001,8,24,236,2001-08-24,18.92,21.36,17.15,88.74,16.04,9.14,2.83
11.39044,55.32523,2001,8,25,237,2001-08-25,19.88,23.87,16.1,83.92,0.06,15.54,2.25
11.39044,55.32523,2001,8,26,238,2001-08-26,20.53,23.77,17.1,85.63,1.71,11.48,3.78
11.39044,55.32523,2001,8,27,239,2001-08-27,16.22,18.05,13.79,76.97,7.56,17.12,8.04
11.39044,55.32523,2001,8,28,240,2001-08-28,15.16,17.13,13.31,76.51,0.23,12.28,9.66
11.39044,55.32523,2001,8,29,241,2001-08-29,16.5,18.9,13.94,76.83,0.11,17.39,2.6
11.39044,55.32523,2001,8,30,242,2001-08-30,16.43,18.95,13.81,82.51,0.1,16.11,4.24
11.39044,55.32523,2001,8,31,243,2001-08-31,17.25,19.69,15.35,83.45,0.18,5.93,4.81
11.39044,55.32523,2001,9,1,244,2001-09-01,16.02,18.67,13.65,84.61,0.53,10.09,4.53
11.39044,55.32523,2001,9,2,245,2001-09-02,15.43,18.08,12.82,87.5,3.87,4.74,6.1
11.39044,55.32523,2001,9,3,246,2001-09-03,15.54,17.76,13.43,86.97,7.59,12.05,3.66
11.39044,55.32523,2001,9,4,247,2001-09-04,14.71,16.01,12.97,84.68,2.37,12.92,2.35
11.39044,55.32523,2001,9,5,248,2001-09-05,15.39,17.81,12.88,87.14,1.49,13.71,3.24
11.39044,55.32523,2001,9,6,249,2001-09-06,14.08,15.71,12.1,81.64,1.13,9.51,4.6
11.39044,55.32523,2001,9,7,250,2001-09-07,13.84,15.8,11.81,81.03,4.96,13.52,5.21
11.39044,55.32523,2001,9,8,251,2001-09-08,12.05,14.19,10.75,81.43,9.63,13.6,7
11.39044,55.32523,2001,9,9,252,2001-09-09,13.42,14.56,11.1,88.08,11.94,4.75,8.24
11.39044,55.32523,2001,9,10,253,2001-09-10,13.94,15.61,12.33,84.37,4.69,7.41,6.36
11.39044,55.32523,2001,9,11,254,2001-09-11,12.77,14.35,11.7,82.77,2.92,10.88,3.63
11.39044,55.32523,2001,9,12,255,2001-09-12,13.7,16.3,11.12,82.38,0.45,13.91,4.04
11.39044,55.32523,2001,9,13,256,2001-09-13,13.7,16.23,11.37,87.86,10.62,5.49,5.43
11.39044,55.32523,2001,9,14,257,2001-09-14,13.2,15.81,10.41,85.5,0.34,12.79,3.94
11.39044,55.32523,2001,9,15,258,2001-09-15,13.31,15.14,11.49,86.98,2.08,5.18,5.73
11.39044,55.32523,2001,9,16,259,2001-09-16,12.76,14.59,10.9,81.58,2.51,12.28,2.42
11.39044,55.32523,2001,9,17,260,2001-09-17,14.36,16.77,12.4,89.64,13.3,6.02,5.64
11.39044,55.32523,2001,9,18,261,2001-09-18,13.67,15.33,11.98,93.63,12.88,2.05,6.18
11.39044,55.32523,2001,9,19,262,2001-09-19,13.26,15.16,11.61,85.16,2.1,10.8,6.48
11.39044,55.32523,2001,9,20,263,2001-09-20,13.35,15.86,11.61,89.33,6.21,10.26,7.09
11.39044,55.32523,2001,9,21,264,2001-09-21,12.94,14.63,11.28,92.25,5.39,5.88,3.65
11.39044,55.32523,2001,9,22,265,2001-09-22,12.65,14.74,11.27,89.97,5.9,8.42,1.89
11.39044,55.32523,2001,9,23,266,2001-09-23,12.82,15.47,10.73,87.6,1.27,8.04,4.73
11.39044,55.32523,2001,9,24,267,2001-09-24,12.04,14.42,10.16,89.28,2.18,3.64,6.41
11.39044,55.32523,2001,9,25,268,2001-09-25,10.85,13.28,9.3,84.77,2.33,5.47,5.6
11.39044,55.32523,2001,9,26,269,2001-09-26,11.19,13.6,8.54,82.01,0.23,8.16,2.56
11.39044,55.32523,2001,9,27,270,2001-09-27,12.02,13.18,10.92,93.05,3.37,5.44,1.73
11.39044,55.32523,2001,9,28,271,2001-09-28,11.73,13.58,9.76,88.65,0.41,7.06,2.05
11.39044,55.32523,2001,9,29,272,2001-09-29,11.9,13.05,10.66,94.26,3.82,3.15,5.29
11.39044,55.32523,2001,9,30,273,2001-09-30,12.07,12.48,11.58,93.76,7.5,2.26,6.38
11.39044,55.32523,2001,10,1,274,2001-10-01,13.54,16.83,10.83,90.44,8.19,7.12,7.26
11.39044,55.32523,2001,10,2,275,2001-10-02,13.99,15.31,12.95,92.08,2.45,5.88,6.3
11.39044,55.32523,2001,10,3,276,2001-10-03,13.64,16.2,11.82,89.33,0.31,7.23,6.93
11.39044,55.32523,2001,10,4,277,2001-10-04,12.87,15.26,11.18,90.8,3.58,7.24,6.55
11.39044,55.32523,2001,10,5,278,2001-10-05,12.47,15.05,10.73,94.32,0.42,5.98,3.38
11.39044,55.32523,2001,10,6,279,2001-10-06,12.83,15.76,10.37,91,0.32,10.3,4.74
11.39044,55.32523,2001,10,7,280,2001-10-07,13.2,15.01,12.27,96.41,0.97,3.66,4.08
11.39044,55.32523,2001,10,8,281,2001-10-08,13.28,15.18,11.99,92.46,0.98,5.1,5.61
11.39044,55.32523,2001,10,9,282,2001-10-09,13.17,15.34,11.2,88.19,2.29,7,7.54
11.39044,55.32523,2001,10,10,283,2001-10-10,13.47,15.34,11.94,86.14,7.33,6.7,8.97
11.39044,55.32523,2001,10,11,284,2001-10-11,12.47,14.36,11.09,85.33,0.08,7.58,5.55
11.39044,55.32523,2001,10,12,285,2001-10-12,13.79,16.21,12.18,95.46,0.38,3,5.44
11.39044,55.32523,2001,10,13,286,2001-10-13,13.35,16.08,10.91,95.43,0.11,7.74,3.45
11.39044,55.32523,2001,10,14,287,2001-10-14,13.81,16.07,12.45,95.23,0.16,3.66,2.99
11.39044,55.32523,2001,10,15,288,2001-10-15,13.65,15.6,12.55,94.95,1.01,4.51,3.87
11.39044,55.32523,2001,10,16,289,2001-10-16,13.5,16.66,9.99,92.84,0.47,4.83,3.62
11.39044,55.32523,2001,10,17,290,2001-10-17,10.85,13.74,9.17,90.25,0.02,6.02,1.94
11.39044,55.32523,2001,10,18,291,2001-10-18,10.66,13.71,9.03,94.79,0.08,3.96,4.46
11.39044,55.32523,2001,10,19,292,2001-10-19,11.3,13.6,9.65,94.98,0.15,4.92,5
11.39044,55.32523,2001,10,20,293,2001-10-20,11.19,13.87,9.86,93.8,0.12,4.83,5.29
11.39044,55.32523,2001,10,21,294,2001-10-21,10.73,12.17,9.39,91.78,0.63,2.38,6.35
11.39044,55.32523,2001,10,22,295,2001-10-22,10.37,11.71,9.18,88.95,0.64,4.84,4.74
11.39044,55.32523,2001,10,23,296,2001-10-23,9.47,10.87,8.43,88.17,0.66,3.12,5.94
11.39044,55.32523,2001,10,24,297,2001-10-24,8.44,9.65,7.06,80.5,1.17,4.21,6.97
11.39044,55.32523,2001,10,25,298,2001-10-25,10.28,12.39,8.5,93.72,1.38,1.39,3.83
11.39044,55.32523,2001,10,26,299,2001-10-26,11.65,12.88,10.35,94.1,0.26,3.19,5.91
11.39044,55.32523,2001,10,27,300,2001-10-27,11.19,12.95,9.69,94.16,3.72,4.11,5.87
11.39044,55.32523,2001,10,28,301,2001-10-28,10.5,12.21,8.89,87.95,0.3,4.62,7.83
11.39044,55.32523,2001,10,29,302,2001-10-29,10.74,11.92,8.96,91.4,4.69,2.46,7.47
11.39044,55.32523,2001,10,30,303,2001-10-30,12.55,13.63,11.74,91.21,1.26,2.9,8.22
11.39044,55.32523,2001,10,31,304,2001-10-31,11.62,13.47,8.9,84.74,2.13,3.43,10.69
11.39044,55.32523,2001,11,1,305,2001-11-01,8.22,9.14,7.27,77.62,0.02,4.75,9.2
11.39044,55.32523,2001,11,2,306,2001-11-02,9.48,11.68,6.63,92.4,0.3,2.36,4.65
11.39044,55.32523,2001,11,3,307,2001-11-03,10.77,11.96,9.32,92.09,1.09,2.76,6.29
11.39044,55.32523,2001,11,4,308,2001-11-04,9.23,10.76,7.78,86.16,3.32,4.38,7.42
11.39044,55.32523,2001,11,5,309,2001-11-05,6.78,8.2,5.47,79.46,0.65,4.76,7.94
11.39044,55.32523,2001,11,6,310,2001-11-06,7.84,9.99,5.48,91.49,11.27,2.39,7.86
11.39044,55.32523,2001,11,7,311,2001-11-07,5.95,7.12,5.19,88.2,2.11,2.9,6.34
11.39044,55.32523,2001,11,8,312,2001-11-08,4.57,6.28,2.44,83.05,2.91,3.09,5.75
11.39044,55.32523,2001,11,9,313,2001-11-09,3.06,4.56,2.05,72.31,0.83,4.09,7.85
11.39044,55.32523,2001,11,10,314,2001-11-10,5.38,8.3,1.9,89.14,0.63,3.01,7.08
11.39044,55.32523,2001,11,11,315,2001-11-11,8.49,9.55,6.88,89.64,0.9,3.29,8.32
11.39044,55.32523,2001,11,12,316,2001-11-12,6.33,8.68,3.43,90.5,6.52,1.57,5.65
11.39044,55.32523,2001,11,13,317,2001-11-13,3.87,5.4,1.98,78.22,0.01,4.3,2.88
11.39044,55.32523,2001,11,14,318,2001-11-14,2.62,4.69,1.56,75.01,0.01,4.56,3.78
11.39044,55.32523,2001,11,15,319,2001-11-15,5.91,9.56,1.58,85.91,0.17,1.34,9.01
11.39044,55.32523,2001,11,16,320,2001-11-16,5.08,7.51,3.73,95.26,0.01,3.75,3.71
11.39044,55.32523,2001,11,17,321,2001-11-17,7.09,9.14,4.96,94.66,0.33,2.98,6.02
11.39044,55.32523,2001,11,18,322,2001-11-18,7.21,8.89,5.68,95.8,0.25,1.6,5.31
11.39044,55.32523,2001,11,19,323,2001-11-19,5.37,7.21,2.99,86.62,0.08,3.78,4.01
11.39044,55.32523,2001,11,20,324,2001-11-20,4.11,5.91,2.04,93.89,0.38,3.46,3.88
11.39044,55.32523,2001,11,21,325,2001-11-21,7.95,9.34,5.79,95.59,7.64,0.89,7.44
11.39044,55.32523,2001,11,22,326,2001-11-22,5.27,8.07,3.64,85.21,2.34,2.59,8.1
11.39044,55.32523,2001,11,23,327,2001-11-23,3.27,4.77,2.42,77.3,0.04,2.86,6.9
11.39044,55.32523,2001,11,24,328,2001-11-24,3.2,4.55,1.9,76.3,0.82,1.7,2.11
11.39044,55.32523,2001,11,25,329,2001-11-25,5.13,5.71,3.91,95.62,5.13,0.97,5.73
11.39044,55.32523,2001,11,26,330,2001-11-26,5.37,7.13,2.99,96.26,4.88,1.77,4.13
11.39044,55.32523,2001,11,27,331,2001-11-27,3.01,3.64,2.59,97.15,0.2,2.14,2.44
11.39044,55.32523,2001,11,28,332,2001-11-28,4.05,5.75,2.81,95.05,3.29,2.17,5.17
11.39044,55.32523,2001,11,29,333,2001-11-29,3.77,5.06,2.31,97.32,0.67,1.15,4.38
11.39044,55.32523,2001,11,30,334,2001-11-30,3.61,4.29,3.02,90.05,0.05,1.31,7.8
11.39044,55.32523,2001,12,1,335,2001-12-01,3.07,3.66,2.44,88.51,6.53,0.67,9.37
11.39044,55.32523,2001,12,2,336,2001-12-02,4.84,6.33,3.08,96.51,2.28,1.49,3.16
11.39044,55.32523,2001,12,3,337,2001-12-03,2.29,2.97,1.13,91.45,0.5,0.57,5.14
11.39044,55.32523,2001,12,4,338,2001-12-04,1.43,3.11,0.63,94.38,3.17,0.61,7.24
11.39044,55.32523,2001,12,5,339,2001-12-05,4.62,5.9,3.18,97.65,1.11,1.4,4
11.39044,55.32523,2001,12,6,340,2001-12-06,3.44,4.32,2,94.38,0.49,1.01,3.31
11.39044,55.32523,2001,12,7,341,2001-12-07,2.5,3.8,0.74,88.35,0.21,1.07,1.59
11.39044,55.32523,2001,12,8,342,2001-12-08,2.11,3.15,1.56,91.82,0.3,0.72,2.42
11.39044,55.32523,2001,12,9,343,2001-12-09,2,2.82,1.24,93.33,1.65,0.99,4.39
11.39044,55.32523,2001,12,10,344,2001-12-10,3.94,4.6,2.95,98.23,0.55,1.45,3.35
11.39044,55.32523,2001,12,11,345,2001-12-11,2.88,3.63,2.23,98.33,0.15,2.16,3.27
11.39044,55.32523,2001,12,12,346,2001-12-12,2.85,3.87,1.46,96.56,0.25,0.87,3.42
11.39044,55.32523,2001,12,13,347,2001-12-13,0.1,1.28,-0.91,85.49,0.02,0.84,3.1
11.39044,55.32523,2001,12,14,348,2001-12-14,0.48,2.48,-1.12,92.26,0.21,1.26,3.66
11.39044,55.32523,2001,12,15,349,2001-12-15,-0.17,1.73,-1.3,97.45,0.05,1.6,3.13
11.39044,55.32523,2001,12,16,350,2001-12-16,0.77,2.15,-1.02,95.01,0.14,1.43,3.78
11.39044,55.32523,2001,12,17,351,2001-12-17,1.69,3.1,0.69,98.63,0.06,2.1,3.96
11.39044,55.32523,2001,12,18,352,2001-12-18,0.88,1.88,-0.28,98.84,0.31,1.29,3.83
11.39044,55.32523,2001,12,19,353,2001-12-19,2.6,5.21,-0.37,88.08,0.9,0.7,8.97
11.39044,55.32523,2001,12,20,354,2001-12-20,-2.15,0.98,-3.91,72.12,5.02,1.8,8.31
11.39044,55.32523,2001,12,21,355,2001-12-21,1.02,3.04,-1.33,91.79,4.17,1.1,7.62
11.39044,55.32523,2001,12,22,356,2001-12-22,-3.79,-1.59,-6.02,72.71,0.08,1.23,4.2
11.39044,55.32523,2001,12,23,357,2001-12-23,-2.73,0.79,-7.09,87.46,8.04,0.53,4.71
11.39044,55.32523,2001,12,24,358,2001-12-24,1.89,2.63,0.71,97.85,7.86,0.66,6.9
11.39044,55.32523,2001,12,25,359,2001-12-25,1.44,3.49,0.44,94.11,2.12,1.48,7.54
11.39044,55.32523,2001,12,26,360,2001-12-26,-0.61,0.91,-1.98,94.36,0.38,1.56,3.67
11.39044,55.32523,2001,12,27,361,2001-12-27,-0.62,0.59,-2.11,95.91,4.51,0.61,4.52
11.39044,55.32523,2001,12,28,362,2001-12-28,-0.18,0.84,-1.7,93.1,7.84,0.39,3.77
11.39044,55.32523,2001,12,29,363,2001-12-29,-0.87,0.39,-2.29,91.17,2.68,0.64,4
11.39044,55.32523,2001,12,30,364,2001-12-30,-3.9,-2.61,-6.17,87.28,0.58,0.75,4
11.39044,55.32523,2001,12,31,365,2001-12-31,-5.53,-3.04,-7.12,90.5,0.3,1.73,3.63
11.39044,55.32523,2002,1,1,1,2002-01-01,0.67,4.27,-4.35,96.21,3.83,0.59,8.87
11.39044,55.32523,2002,1,2,2,2002-01-02,-1.78,4.06,-6.14,82.56,0.06,2.3,5.53
11.39044,55.32523,2002,1,3,3,2002-01-03,-4.11,-1.7,-6.14,89.57,0,2.32,2.93
11.39044,55.32523,2002,1,4,4,2002-01-04,-4.47,-2.68,-5.82,89.71,0,2.56,3.27
11.39044,55.32523,2002,1,5,5,2002-01-05,-2.76,2.79,-5.96,98.76,0.37,2.23,3.85
11.39044,55.32523,2002,1,6,6,2002-01-06,2.65,3.03,1.92,98.84,1.12,1.55,5.61
11.39044,55.32523,2002,1,7,7,2002-01-07,1.38,1.9,0.42,97.8,0.45,1.15,2.88
11.39044,55.32523,2002,1,8,8,2002-01-08,2.06,2.93,1.05,96.16,0.3,0.98,4.7
11.39044,55.32523,2002,1,9,9,2002-01-09,0.82,1.53,-0.4,97.59,0.25,0.36,4.01
11.39044,55.32523,2002,1,10,10,2002-01-10,0.72,2.29,-0.6,98.49,0.39,0.81,3.73
11.39044,55.32523,2002,1,11,11,2002-01-11,-1.01,-0.11,-1.6,95.63,0.52,0.88,3.32
11.39044,55.32523,2002,1,12,12,2002-01-12,0.29,0.81,-0.36,96.86,0.63,1.84,2.52
11.39044,55.32523,2002,1,13,13,2002-01-13,1.41,2.32,0.55,97.61,0.27,1.32,5.1
11.39044,55.32523,2002,1,14,14,2002-01-14,0.1,1.09,-0.78,96.98,0.25,1.32,4.95
11.39044,55.32523,2002,1,15,15,2002-01-15,0.2,1.17,-0.53,94.86,0.28,1.46,5.49
11.39044,55.32523,2002,1,16,16,2002-01-16,0.54,1.59,-0.51,96.29,0.97,1.35,3.92
11.39044,55.32523,2002,1,17,17,2002-01-17,1.6,2.01,1.43,97.33,0.89,0.96,5.81
11.39044,55.32523,2002,1,18,18,2002-01-18,1.9,3.01,0.7,97.28,3.05,2.09,5.51
11.39044,55.32523,2002,1,19,19,2002-01-19,1.97,3.67,0.65,97.64,2.38,0.76,6.11
11.39044,55.32523,2002,1,20,20,2002-01-20,2.86,5.09,1.54,96.79,6.93,1.99,7.25
11.39044,55.32523,2002,1,21,21,2002-01-21,4.81,5.08,4.3,95.67,2,1.66,7.33
11.39044,55.32523,2002,1,22,22,2002-01-22,4.01,4.98,2.91,96.1,0.72,2.05,7.51
11.39044,55.32523,2002,1,23,23,2002-01-23,3.95,5.22,2.87,94.94,4.27,1.56,7.99
11.39044,55.32523,2002,1,24,24,2002-01-24,4.48,5.58,0.59,93.45,5.96,1.51,7.11
11.39044,55.32523,2002,1,25,25,2002-01-25,0.74,1.75,-0.27,83.14,0.67,3.47,7.87
11.39044,55.32523,2002,1,26,26,2002-01-26,3.84,5.65,0.45,95.42,18.51,1.55,8.45
11.39044,55.32523,2002,1,27,27,2002-01-27,3.22,4.99,0.23,94.78,1.53,1.79,5.31
11.39044,55.32523,2002,1,28,28,2002-01-28,5.62,7.63,2.22,91.3,5.8,2.16,9.98
11.39044,55.32523,2002,1,29,29,2002-01-29,4.59,6.48,3.56,85.95,0.75,3.46,10.17
11.39044,55.32523,2002,1,30,30,2002-01-30,5.07,6.83,3.96,94.67,5.1,2.84,7.33
11.39044,55.32523,2002,1,31,31,2002-01-31,5.4,6.87,4.1,94.52,6.96,1.88,6.38
11.39044,55.32523,2002,2,1,32,2002-02-01,5.84,8.52,3.9,94.45,7.31,3.72,7.74
11.39044,55.32523,2002,2,2,33,2002-02-02,7.57,8.57,5.86,88.12,0.66,4.21,7.64
11.39044,55.32523,2002,2,3,34,2002-02-03,5.42,7.15,3.71,92.64,0,4.44,5.04
11.39044,55.32523,2002,2,4,35,2002-02-04,5.81,7.14,4.73,88.11,1.46,3.09,8
11.39044,55.32523,2002,2,5,36,2002-02-05,5.88,6.95,4.01,96.03,9.33,1.45,6.64
11.39044,55.32523,2002,2,6,37,2002-02-06,4.51,5.68,3.53,96.25,0.89,2.56,4.91
11.39044,55.32523,2002,2,7,38,2002-02-07,4.21,5,3.24,91.7,1.83,3.05,6.15
11.39044,55.32523,2002,2,8,39,2002-02-08,4.82,6.83,2.92,93.85,1.5,4.03,6.97
11.39044,55.32523,2002,2,9,40,2002-02-09,6.13,7.73,4.1,92.56,6.19,2.09,9.03
11.39044,55.32523,2002,2,10,41,2002-02-10,4.39,6.14,3.44,93.17,1.17,4.16,6.31
11.39044,55.32523,2002,2,11,42,2002-02-11,5.88,7.28,3.97,95.5,6.45,2.28,7.72
11.39044,55.32523,2002,2,12,43,2002-02-12,5.85,7.84,3.3,91.31,1.76,2.43,9.29
11.39044,55.32523,2002,2,13,44,2002-02-13,2.19,4.31,-0.06,86.7,0.01,7.27,4.66
11.39044,55.32523,2002,2,14,45,2002-02-14,0.62,3.32,-1.02,79.86,0,7.74,3.17
11.39044,55.32523,2002,2,15,46,2002-02-15,1.71,4.23,-0.39,91.69,0.08,3.98,4.71
11.39044,55.32523,2002,2,16,47,2002-02-16,2.29,3.48,1.29,95.27,0.31,2.53,4.31
11.39044,55.32523,2002,2,17,48,2002-02-17,2.13,4.62,0.59,93.84,0.09,6.79,3.71
11.39044,55.32523,2002,2,18,49,2002-02-18,3.44,6.03,1.4,92.18,1.6,4.51,6.46
11.39044,55.32523,2002,2,19,50,2002-02-19,2.04,3.35,0.78,88.9,10.59,3.68,8.56
11.39044,55.32523,2002,2,20,51,2002-02-20,0.99,2.98,-0.77,93.03,10.52,1.83,5.7
11.39044,55.32523,2002,2,21,52,2002-02-21,-0.94,0.45,-2.58,76.24,0.91,6.88,6.85
11.39044,55.32523,2002,2,22,53,2002-02-22,2.25,5.04,0.25,89.49,9.8,2.39,11.72
11.39044,55.32523,2002,2,23,54,2002-02-23,1.91,2.89,0.43,86.93,1.7,3.57,9.77
11.39044,55.32523,2002,2,24,55,2002-02-24,0.93,2.46,-0.5,85.38,0.06,8.53,7.1
11.39044,55.32523,2002,2,25,56,2002-02-25,0.72,2.68,-1.08,87.77,2.76,8.71,4.65
11.39044,55.32523,2002,2,26,57,2002-02-26,4.12,7.12,1.03,94.87,16.88,1.72,9
11.39044,55.32523,2002,2,27,58,2002-02-27,3.63,5.32,2.63,88.81,1.82,3.98,9.99
11.39044,55.32523,2002,2,28,59,2002-02-28,3.26,5.02,2.13,94.67,1.15,5.07,7.37
11.39044,55.32523,2002,3,1,60,2002-03-01,1.16,2.62,-1.44,84.75,1.12,7.15,4.6
11.39044,55.32523,2002,3,2,61,2002-03-02,0.77,3.85,-1.56,88.59,2.78,7.93,6.81
11.39044,55.32523,2002,3,3,62,2002-03-03,1.28,4.21,-1.9,83.73,1.85,4.75,6.47
11.39044,55.32523,2002,3,4,63,2002-03-04,4.53,7.19,2.45,94.58,0.32,9.55,6.33
11.39044,55.32523,2002,3,5,64,2002-03-05,4.45,6.15,2.63,92.01,0.28,7.71,5.89
11.39044,55.32523,2002,3,6,65,2002-03-06,4.67,6.08,2.64,93.63,7.39,3.01,10.36
11.39044,55.32523,2002,3,7,66,2002-03-07,4.53,5.9,2.84,86.69,3.26,8.51,9.55
11.39044,55.32523,2002,3,8,67,2002-03-08,4.21,6.4,1.61,87.29,0.6,10.45,6.85
11.39044,55.32523,2002,3,9,68,2002-03-09,5.27,6.42,2.29,84.7,2.68,10.79,7.8
11.39044,55.32523,2002,3,10,69,2002-03-10,3.83,6.22,1.44,86.35,3.75,9.7,6.14
11.39044,55.32523,2002,3,11,70,2002-03-11,6.27,8,5.03,90.11,2.64,5.9,6.33
11.39044,55.32523,2002,3,12,71,2002-03-12,5.1,7.76,2.41,88.99,1.29,11.39,2.91
11.39044,55.32523,2002,3,13,72,2002-03-13,3.17,4.93,1.71,90.15,0.35,10.45,3.85
11.39044,55.32523,2002,3,14,73,2002-03-14,1.56,3.63,-0.97,84.24,0.02,6.21,5.69
11.39044,55.32523,2002,3,15,74,2002-03-15,1.45,4.72,-1.59,82.58,0,13.96,7.26
11.39044,55.32523,2002,3,16,75,2002-03-16,2.43,4.15,1.55,85.19,0.16,6.11,6.26
11.39044,55.32523,2002,3,17,76,2002-03-17,2.73,3.92,1.24,95.5,0.15,5.06,3.68
11.39044,55.32523,2002,3,18,77,2002-03-18,5.92,8.43,3.54,96.54,3.79,5.84,4.38
11.39044,55.32523,2002,3,19,78,2002-03-19,5.43,6.83,3.08,93.41,5,4.55,7.04
11.39044,55.32523,2002,3,20,79,2002-03-20,3.98,7,1.86,81.48,0,15.26,8.2
11.39044,55.32523,2002,3,21,80,2002-03-21,2.81,5.54,0.63,81.83,0.01,13.93,6.47
11.39044,55.32523,2002,3,22,81,2002-03-22,2.85,4.74,0.79,89.15,0.1,10.83,6.02
11.39044,55.32523,2002,3,23,82,2002-03-23,3.21,5.35,1.23,86.82,0.03,10.78,5.33
11.39044,55.32523,2002,3,24,83,2002-03-24,1.42,3.57,-1.18,74.91,0,16.37,2.78
11.39044,55.32523,2002,3,25,84,2002-03-25,1.88,4.16,0.04,72.47,0,16.43,1.37
11.39044,55.32523,2002,3,26,85,2002-03-26,1.63,4.3,-0.84,79.29,0,15.66,2.92
11.39044,55.32523,2002,3,27,86,2002-03-27,3.24,6.22,0.19,91.36,0.07,11.29,2.59
11.39044,55.32523,2002,3,28,87,2002-03-28,3.74,7.16,0.96,92.59,0.04,15.66,2.86
11.39044,55.32523,2002,3,29,88,2002-03-29,4.79,9.98,1.6,84.29,0.03,16.21,1.89
11.39044,55.32523,2002,3,30,89,2002-03-30,5.41,9.31,2.59,86.85,0.01,14.62,2.93
11.39044,55.32523,2002,3,31,90,2002-03-31,5.46,10.44,1.58,90.64,0.05,12.58,2.94
11.39044,55.32523,2002,4,1,91,2002-04-01,7.53,12.03,3.56,87.03,0.01,11.95,1.9
11.39044,55.32523,2002,4,2,92,2002-04-02,7.68,11.96,4.76,82.6,0,14.71,3.42
11.39044,55.32523,2002,4,3,93,2002-04-03,5.65,9.61,2.29,80.69,0,15.46,6.53
11.39044,55.32523,2002,4,4,94,2002-04-04,4.44,7.95,1.42,79.09,0,18.61,4.15
11.39044,55.32523,2002,4,5,95,2002-04-05,3.65,5.97,1.26,78.07,0.03,15.23,5.13
11.39044,55.32523,2002,4,6,96,2002-04-06,3.71,6.78,-0.26,80.24,0,18.23,2.98
11.39044,55.32523,2002,4,7,97,2002-04-07,4.82,8.21,1.98,88.54,0.37,13.85,2.44
11.39044,55.32523,2002,4,8,98,2002-04-08,3.25,6.39,-0.07,79.89,0,17.74,3.46
11.39044,55.32523,2002,4,9,99,2002-04-09,3.74,7.56,-0.36,77.41,0.02,15.99,3.68
11.39044,55.32523,2002,4,10,100,2002-04-10,4.54,9.22,-0.06,79.11,0,18.33,3.64
11.39044,55.32523,2002,4,11,101,2002-04-11,5.24,9.4,0.85,87.93,0.93,9.33,4.2
11.39044,55.32523,2002,4,12,102,2002-04-12,6.46,9.88,4.15,93.85,0.32,10.03,1.99
11.39044,55.32523,2002,4,13,103,2002-04-13,5.44,6.66,4.14,97.53,1.33,6.41,3.66
11.39044,55.32523,2002,4,14,104,2002-04-14,5.91,6.99,4.9,95.6,3.01,5.56,2.84
11.39044,55.32523,2002,4,15,105,2002-04-15,5.63,6.98,4.14,93.37,0.66,6.03,2.88
11.39044,55.32523,2002,4,16,106,2002-04-16,4.2,4.62,3.52,90.25,1.4,5.13,3.37
11.39044,55.32523,2002,4,17,107,2002-04-17,3.89,5.11,2.79,93.99,2.29,3.71,3.59
11.39044,55.32523,2002,4,18,108,2002-04-18,4.76,6.49,3.48,94.11,2.23,3.42,2.03
11.39044,55.32523,2002,4,19,109,2002-04-19,5.64,8.79,3.61,91.18,0.14,8.49,1.8
11.39044,55.32523,2002,4,20,110,2002-04-20,6.93,11.24,3.46,88.19,0.66,19.33,2.37
11.39044,55.32523,2002,4,21,111,2002-04-21,8.76,13.28,4.14,79.3,0.02,19.72,1.01
11.39044,55.32523,2002,4,22,112,2002-04-22,8.44,12.29,3.59,86.43,0.01,19.84,3.46
11.39044,55.32523,2002,4,23,113,2002-04-23,8.5,10.84,6.94,89.75,0.24,13.15,4.3
11.39044,55.32523,2002,4,24,114,2002-04-24,8.74,10.95,6.48,93.47,0.66,10.59,2.63
11.39044,55.32523,2002,4,25,115,2002-04-25,7.99,10.79,5.62,91.45,0.15,15.39,2.22
11.39044,55.32523,2002,4,26,116,2002-04-26,6.73,7.75,5.89,93.31,2.01,7.1,2.77
11.39044,55.32523,2002,4,27,117,2002-04-27,5.65,7.49,2.97,85.53,8.76,12.44,6.02
11.39044,55.32523,2002,4,28,118,2002-04-28,5.21,8.08,1.82,92.16,3.63,10.34,5.42
11.39044,55.32523,2002,4,29,119,2002-04-29,7.27,9.58,5.63,85.94,4.45,17.96,6.5
11.39044,55.32523,2002,4,30,120,2002-04-30,7.39,9.89,4.85,86.89,1.82,17.2,6.47
11.39044,55.32523,2002,5,1,121,2002-05-01,9.2,11.62,6.98,84.03,0.25,15.01,5.7
11.39044,55.32523,2002,5,2,122,2002-05-02,8.14,10.61,5.33,84.72,0.48,15.92,1.82
11.39044,55.32523,2002,5,3,123,2002-05-03,10,12.76,7.49,89.83,7.66,9.17,1.98
11.39044,55.32523,2002,5,4,124,2002-05-04,9.65,11.35,8.25,91.08,7.08,6.39,5.28
11.39044,55.32523,2002,5,5,125,2002-05-05,9.86,11.56,8.71,93.21,13.07,4.69,4.72
11.39044,55.32523,2002,5,6,126,2002-05-06,11.11,14.88,8.43,84.3,2.52,18.89,3.72
11.39044,55.32523,2002,5,7,127,2002-05-07,10.04,11.6,7.95,84.87,1.89,12.66,3.37
11.39044,55.32523,2002,5,8,128,2002-05-08,10.65,15.38,6.86,89.87,0.17,15.77,2.68
11.39044,55.32523,2002,5,9,129,2002-05-09,11.93,15.92,7.84,82.44,0.03,23.46,6.1
11.39044,55.32523,2002,5,10,130,2002-05-10,11.75,15.67,8.19,77.32,0,24.53,8.19
11.39044,55.32523,2002,5,11,131,2002-05-11,12.3,16.4,8.61,86.22,0.62,23.42,5.52
11.39044,55.32523,2002,5,12,132,2002-05-12,11.71,13.85,9.28,91.8,1.02,7.45,3.2
11.39044,55.32523,2002,5,13,133,2002-05-13,11.35,14.83,7.87,68.08,0,25.48,2.27
11.39044,55.32523,2002,5,14,134,2002-05-14,11.56,14.22,8.29,84.61,1.1,12.78,4.86
11.39044,55.32523,2002,5,15,135,2002-05-15,11.71,14.09,8.94,84.61,0.34,20.24,4.95
11.39044,55.32523,2002,5,16,136,2002-05-16,12.4,14.55,10.69,90.54,1.66,10.99,5.5
11.39044,55.32523,2002,5,17,137,2002-05-17,11.53,14.37,8.96,80.71,0.02,24.91,4.3
11.39044,55.32523,2002,5,18,138,2002-05-18,13.64,17.71,8.13,68.94,0.05,27.6,1.49
11.39044,55.32523,2002,5,19,139,2002-05-19,12.45,13.86,10.63,86.24,3.91,6.6,2.12
11.39044,55.32523,2002,5,20,140,2002-05-20,12.75,15.59,9.44,85.14,0.06,19.52,3.25
11.39044,55.32523,2002,5,21,141,2002-05-21,13.11,16.94,8.9,81.77,0,26.11,5.68
11.39044,55.32523,2002,5,22,142,2002-05-22,14.93,19.26,10.92,83.43,0.12,23.52,6.77
11.39044,55.32523,2002,5,23,143,2002-05-23,14.45,17.13,12.06,91.31,5.47,9.63,3.29
11.39044,55.32523,2002,5,24,144,2002-05-24,14.13,16.78,12.12,83.15,4.26,17.98,3.51
11.39044,55.32523,2002,5,25,145,2002-05-25,13.43,15.21,11.28,83.42,0.38,18.46,3.96
11.39044,55.32523,2002,5,26,146,2002-05-26,13.45,16.03,10.23,82.97,4.76,24.04,2.97
11.39044,55.32523,2002,5,27,147,2002-05-27,14.75,17.95,11.38,79.44,0.58,23.55,1.49
11.39044,55.32523,2002,5,28,148,2002-05-28,14.6,16.76,11.57,87.4,0.44,22.06,2.45
11.39044,55.32523,2002,5,29,149,2002-05-29,14.87,17.96,12.03,84.35,0.61,17.49,2.71
11.39044,55.32523,2002,5,30,150,2002-05-30,13.4,16.15,11.04,79.4,0.45,21.51,4.34
11.39044,55.32523,2002,5,31,151,2002-05-31,12.44,14.24,10.55,85.25,6.96,15.4,4.78
11.39044,55.32523,2002,6,1,152,2002-06-01,13.43,16.52,9.79,80.13,0.01,26.46,4.79
11.39044,55.32523,2002,6,2,153,2002-06-02,15.25,19.02,10.33,74.91,0,27.38,1.9
11.39044,55.32523,2002,6,3,154,2002-06-03,15.59,18.57,11.89,71.81,0,28.18,4.55
11.39044,55.32523,2002,6,4,155,2002-06-04,16.12,19.47,13.19,80.71,0.01,21.84,5.91
11.39044,55.32523,2002,6,5,156,2002-06-05,16.98,20.54,12.75,77.2,0,26.58,7.31
11.39044,55.32523,2002,6,6,157,2002-06-06,17.22,20.67,13.86,74.82,0,28.31,8.31
11.39044,55.32523,2002,6,7,158,2002-06-07,15.78,18.72,13.16,75.24,0.01,25.77,7.58
11.39044,55.32523,2002,6,8,159,2002-06-08,15.54,18.77,11.98,74.5,0,28.26,5.34
11.39044,55.32523,2002,6,9,160,2002-06-09,15.79,19.06,11.77,83.44,0.24,22.72,3.51
11.39044,55.32523,2002,6,10,161,2002-06-10,15.52,17.94,12.65,89.35,16.63,11.92,3.74
11.39044,55.32523,2002,6,11,162,2002-06-11,13.97,16.07,12.58,81.4,4.14,16.38,4.08
11.39044,55.32523,2002,6,12,163,2002-06-12,13.85,15.94,12.33,79.37,3.58,19.59,2.97
11.39044,55.32523,2002,6,13,164,2002-06-13,13.26,14.48,12.12,84.74,7.87,15.26,5.77
11.39044,55.32523,2002,6,14,165,2002-06-14,14.66,17.47,11.63,77.72,0.08,27,5.99
11.39044,55.32523,2002,6,15,166,2002-06-15,15.95,19.23,13.33,86.23,16.62,12.7,6.28
11.39044,55.32523,2002,6,16,167,2002-06-16,16.66,19.07,13.37,81.97,0.28,24.39,5.22
11.39044,55.32523,2002,6,17,168,2002-06-17,18.18,21.47,14.83,85.65,0.22,22.01,3.23
11.39044,55.32523,2002,6,18,169,2002-06-18,20.94,24.92,17.12,86.5,2.36,24.47,5.29
11.39044,55.32523,2002,6,19,170,2002-06-19,17.53,19.98,15.13,77.21,0.03,26.04,3.93
11.39044,55.32523,2002,6,20,171,2002-06-20,16.69,19.83,14.11,85.59,9.81,8.14,3.77
11.39044,55.32523,2002,6,21,172,2002-06-21,16.11,18.35,11.82,76.88,2.32,22.39,4.76
11.39044,55.32523,2002,6,22,173,2002-06-22,16.69,19.14,14.24,81.14,2.31,19.08,4.19
11.39044,55.32523,2002,6,23,174,2002-06-23,15.94,17.22,13.53,76.16,0.42,23.71,7.73
11.39044,55.32523,2002,6,24,175,2002-06-24,15.66,18.2,12.97,77.23,0.56,24.3,6.93
11.39044,55.32523,2002,6,25,176,2002-06-25,15.5,18.03,12.89,77.83,0.55,16.78,6.52
11.39044,55.32523,2002,6,26,177,2002-06-26,15.54,17.79,13.34,76.91,0.23,17.64,5.91
11.39044,55.32523,2002,6,27,178,2002-06-27,14.27,16.02,11.85,78.83,9.83,20.73,6.84
11.39044,55.32523,2002,6,28,179,2002-06-28,13.89,16.09,11.29,79.42,4.31,21.13,6.06
11.39044,55.32523,2002,6,29,180,2002-06-29,14.44,16.62,12.58,77.84,0.94,21.84,8.21
11.39044,55.32523,2002,6,30,181,2002-06-30,14.17,16.29,12,80.36,3.77,19.73,7.01
11.39044,55.32523,2002,7,1,182,2002-07-01,14.62,16.85,12.29,85.87,8.15,13.63,6.09
11.39044,55.32523,2002,7,2,183,2002-07-02,14.93,16.75,12.73,82.79,3.7,16.28,6.97
11.39044,55.32523,2002,7,3,184,2002-07-03,14.29,15.34,12.54,89.18,8.04,11.99,5.58
11.39044,55.32523,2002,7,4,185,2002-07-04,15.95,18.32,13.24,88.5,8.21,12.49,4.32
11.39044,55.32523,2002,7,5,186,2002-07-05,15.11,17.63,12.14,80.29,1.12,18.48,4.51
11.39044,55.32523,2002,7,6,187,2002-07-06,15.94,17.78,14.37,86.67,8.21,11.21,2.84
11.39044,55.32523,2002,7,7,188,2002-07-07,15.55,17.59,13.46,80.78,0.33,21.6,3.3
11.39044,55.32523,2002,7,8,189,2002-07-08,17.62,20.83,13.62,84.68,0.25,18.8,3.96
11.39044,55.32523,2002,7,9,190,2002-07-09,20.25,24.26,16.11,83.37,0.01,24.82,4.26
11.39044,55.32523,2002,7,10,191,2002-07-10,20.38,22.78,16.95,87.05,3.53,12.98,1.93
11.39044,55.32523,2002,7,11,192,2002-07-11,16.34,18.9,12.23,77.29,11.82,22.54,5.98
11.39044,55.32523,2002,7,12,193,2002-07-12,16.75,19.18,13.26,78.46,0.05,24.6,2.13
11.39044,55.32523,2002,7,13,194,2002-07-13,17.47,20.39,14.18,81.25,0.08,15.99,4.51
11.39044,55.32523,2002,7,14,195,2002-07-14,17.65,20.49,14.38,81.16,0.07,15.25,4
11.39044,55.32523,2002,7,15,196,2002-07-15,19.05,22.43,15.48,82.84,0.05,25.61,2.99
11.39044,55.32523,2002,7,16,197,2002-07-16,19.67,23.02,15.74,77.02,0.02,26.08,2.51
11.39044,55.32523,2002,7,17,198,2002-07-17,19.09,21.62,16.36,85.47,1.52,16.68,4.38
11.39044,55.32523,2002,7,18,199,2002-07-18,18.79,20.66,17.57,91.61,16.91,4.46,4.57
11.39044,55.32523,2002,7,19,200,2002-07-19,19.47,21.62,17.27,90.43,4.59,8.56,2.57
11.39044,55.32523,2002,7,20,201,2002-07-20,17.47,19.43,15.46,78.71,0.44,21.83,4.29
11.39044,55.32523,2002,7,21,202,2002-07-21,16.57,19.04,14.78,78.85,7.11,12.22,2.35
11.39044,55.32523,2002,7,22,203,2002-07-22,15.31,17.25,13.71,84.47,6.98,5.09,8.23
11.39044,55.32523,2002,7,23,204,2002-07-23,16.36,18.59,13.71,80.01,3.53,20.44,7.46
11.39044,55.32523,2002,7,24,205,2002-07-24,15.96,17.77,13.62,79.89,2.33,18.47,7.81
11.39044,55.32523,2002,7,25,206,2002-07-25,15.48,17.96,13.08,78.77,0.33,18.42,7.39
11.39044,55.32523,2002,7,26,207,2002-07-26,16.27,18.78,13.21,89.36,1.6,6.41,4.57
11.39044,55.32523,2002,7,27,208,2002-07-27,17.49,20.3,13.88,83.88,0.01,23.52,2.69
11.39044,55.32523,2002,7,28,209,2002-07-28,19.65,23.32,15.41,82.69,0.02,24.02,3.51
11.39044,55.32523,2002,7,29,210,2002-07-29,20.74,25.54,16.07,81.51,0.07,23.51,2.68
11.39044,55.32523,2002,7,30,211,2002-07-30,20.16,23.16,17.68,82.81,0.67,18.09,4.51
11.39044,55.32523,2002,7,31,212,2002-07-31,21.1,24.99,17.25,85.67,1.52,20.97,2.99
11.39044,55.32523,2002,8,1,213,2002-08-01,21.19,24.44,18.57,89.39,5.99,18.34,3.21
11.39044,55.32523,2002,8,2,214,2002-08-02,19.85,21.9,17.46,91.76,12.23,6.01,2.64
11.39044,55.32523,2002,8,3,215,2002-08-03,18.36,20.21,16.97,89.6,27.15,13.89,3.17
11.39044,55.32523,2002,8,4,216,2002-08-04,18.69,20.56,17.05,88.46,1.9,12.81,2.99
11.39044,55.32523,2002,8,5,217,2002-08-05,18.64,21.17,16.23,83.4,0.38,17.22,4.49
11.39044,55.32523,2002,8,6,218,2002-08-06,18.11,20.31,15.49,86.98,4.65,14.07,5.71
11.39044,55.32523,2002,8,7,219,2002-08-07,18.33,21.16,15.29,78.89,0.01,21.13,3.66
11.39044,55.32523,2002,8,8,220,2002-08-08,18.17,21.16,15.37,82.14,0.3,19.23,3.89
11.39044,55.32523,2002,8,9,221,2002-08-09,18.88,21.83,16.11,85.56,1.81,14.4,4.52
11.39044,55.32523,2002,8,10,222,2002-08-10,19.47,21.96,16.83,85.18,0.5,14.02,4.52
11.39044,55.32523,2002,8,11,223,2002-08-11,20.25,22.78,17.93,87.43,3.38,14.54,2.44
11.39044,55.32523,2002,8,12,224,2002-08-12,18.87,20.12,17.93,93.89,13.92,7.62,3.61
11.39044,55.32523,2002,8,13,225,2002-08-13,18.39,20.45,16.8,83.42,0.36,19.68,6.83
11.39044,55.32523,2002,8,14,226,2002-08-14,19.33,21.97,16.59,84.79,0.08,19.75,4.58
11.39044,55.32523,2002,8,15,227,2002-08-15,19.01,21.59,15.72,85.37,0.05,21.25,2.73
11.39044,55.32523,2002,8,16,228,2002-08-16,19.47,22.21,16.48,87.15,0.03,20.41,2.65
11.39044,55.32523,2002,8,17,229,2002-08-17,20.52,23.9,17.29,87.25,0.57,19.02,2.65
11.39044,55.32523,2002,8,18,230,2002-08-18,20.05,22.72,17.44,83.03,0,20.79,5.01
11.39044,55.32523,2002,8,19,231,2002-08-19,20.69,24.14,17.74,83.83,0.05,19.95,5.26
11.39044,55.32523,2002,8,20,232,2002-08-20,20.47,24.03,17.64,82.49,0.08,19.17,5.25
11.39044,55.32523,2002,8,21,233,2002-08-21,20.01,23.65,17,85.68,0.03,19.55,4.57
11.39044,55.32523,2002,8,22,234,2002-08-22,20.26,23.46,17.39,85.68,0.05,18.67,3.62
11.39044,55.32523,2002,8,23,235,2002-08-23,19.83,23.6,15.96,86.07,0.07,18.7,3.62
11.39044,55.32523,2002,8,24,236,2002-08-24,19.6,22.79,16.29,80.61,0.02,18.01,5.49
11.39044,55.32523,2002,8,25,237,2002-08-25,20,22.57,18,85.3,0.48,8.63,3.87
11.39044,55.32523,2002,8,26,238,2002-08-26,20.35,23.11,17.93,87.35,2.13,13.59,1.7
11.39044,55.32523,2002,8,27,239,2002-08-27,19.65,22.26,17.5,87.63,0.74,10.49,3.33
11.39044,55.32523,2002,8,28,240,2002-08-28,18.87,21.07,16.49,87.82,0.02,15.79,2.45
11.39044,55.32523,2002,8,29,241,2002-08-29,18.51,21.55,15.02,81.77,0.01,18.14,2.84
11.39044,55.32523,2002,8,30,242,2002-08-30,19.83,21.98,17.64,88.39,2.34,12.37,4.53
11.39044,55.32523,2002,8,31,243,2002-08-31,18.53,21.38,14.75,82.66,1.08,12.31,7.11
11.39044,55.32523,2002,9,1,244,2002-09-01,17.01,19.59,14.59,73.1,0.04,18.19,5.29
11.39044,55.32523,2002,9,2,245,2002-09-02,16.4,18.47,13.57,74.91,0,17.93,2.13
11.39044,55.32523,2002,9,3,246,2002-09-03,17.41,20.76,14.59,76.38,0,18.09,3.95
11.39044,55.32523,2002,9,4,247,2002-09-04,19.09,21.71,16.48,87.64,2.03,11.84,4.48
11.39044,55.32523,2002,9,5,248,2002-09-05,17.79,20.27,15.5,78.6,0.42,14.92,2.65
11.39044,55.32523,2002,9,6,249,2002-09-06,17.61,20.32,14.9,84.92,0.35,12.32,4.75
11.39044,55.32523,2002,9,7,250,2002-09-07,18.15,20.7,15.55,83.88,0.18,13.75,4.78
11.39044,55.32523,2002,9,8,251,2002-09-08,18.91,22.09,16.41,83.27,0.02,14.01,3.64
11.39044,55.32523,2002,9,9,252,2002-09-09,18.58,21.4,16.38,86.05,0.21,14.85,5.53
11.39044,55.32523,2002,9,10,253,2002-09-10,18.85,22.17,16.1,88.08,0.37,13.09,3.96
11.39044,55.32523,2002,9,11,254,2002-09-11,17.98,20.63,15.83,84.38,0.05,16.1,3.85
11.39044,55.32523,2002,9,12,255,2002-09-12,17.48,20.62,15.2,84.72,0.02,16.46,2.27
11.39044,55.32523,2002,9,13,256,2002-09-13,17.85,21.08,14.84,85.7,0,16.24,3.09
11.39044,55.32523,2002,9,14,257,2002-09-14,16.38,18.36,14.6,79.72,0.23,15.71,6.31
11.39044,55.32523,2002,9,15,258,2002-09-15,14.13,15.67,12.52,73.08,0.07,14.23,5.3
11.39044,55.32523,2002,9,16,259,2002-09-16,14.49,16.7,12.43,79.66,0.82,8.1,2.47
11.39044,55.32523,2002,9,17,260,2002-09-17,15.42,18.28,13.14,83.2,0.53,10,4.47
11.39044,55.32523,2002,9,18,261,2002-09-18,15.24,18.05,13.05,81.43,0.04,14.24,5.28
11.39044,55.32523,2002,9,19,262,2002-09-19,14.69,17.17,12.11,76.67,0.22,13.38,2.49
11.39044,55.32523,2002,9,20,263,2002-09-20,14.38,16.56,12.8,81.12,1.37,11.55,4.8
11.39044,55.32523,2002,9,21,264,2002-09-21,12.77,14.18,11.75,81.21,3.01,8.25,1.74
11.39044,55.32523,2002,9,22,265,2002-09-22,11.84,12.81,10.4,85.19,12.53,2.6,6.51
11.39044,55.32523,2002,9,23,266,2002-09-23,10.95,13.03,9.18,75.96,0.83,12.99,5.03
11.39044,55.32523,2002,9,24,267,2002-09-24,11.71,14.21,8.25,77.75,0.48,9.19,4.27
11.39044,55.32523,2002,9,25,268,2002-09-25,13.7,16.11,11.53,90.06,3.47,8.52,3.64
11.39044,55.32523,2002,9,26,269,2002-09-26,11.5,13.5,9.02,86.7,2.54,5.22,4.21
11.39044,55.32523,2002,9,27,270,2002-09-27,10.47,12.8,7.89,67.55,0.48,13.08,3.3
11.39044,55.32523,2002,9,28,271,2002-09-28,13.29,16,10.18,85.12,1.63,6.44,4.84
11.39044,55.32523,2002,9,29,272,2002-09-29,13.54,15.87,11.24,88.71,0.47,4.51,4.95
11.39044,55.32523,2002,9,30,273,2002-09-30,14.28,16.85,12.37,87.54,0.13,9.51,5.08
11.39044,55.32523,2002,10,1,274,2002-10-01,13.83,16.12,11.32,89.63,0.06,8.87,2.46
11.39044,55.32523,2002,10,2,275,2002-10-02,13.91,16.73,11.73,86.96,0.04,10.04,1.38
11.39044,55.32523,2002,10,3,276,2002-10-03,13.85,16.5,11.7,91.15,0.61,7.82,1.97
11.39044,55.32523,2002,10,4,277,2002-10-04,13.46,15.41,11.61,82.13,2.99,9.44,8.52
11.39044,55.32523,2002,10,5,278,2002-10-05,12.16,14.24,9.94,88.82,18.01,4.94,5.98
11.39044,55.32523,2002,10,6,279,2002-10-06,8.69,10.72,6.9,78,2.53,9.87,6.91
11.39044,55.32523,2002,10,7,280,2002-10-07,6.49,7.87,4.93,74.82,0.1,8.66,5.28
11.39044,55.32523,2002,10,8,281,2002-10-08,8.14,9.64,6.09,81.04,0.29,2.96,5.29
11.39044,55.32523,2002,10,9,282,2002-10-09,7.6,9.79,5.76,79.07,0.13,6.21,4.84
11.39044,55.32523,2002,10,10,283,2002-10-10,7.38,9.73,6.2,77.07,0.48,8.98,5.22
11.39044,55.32523,2002,10,11,284,2002-10-11,6.91,8.8,4.19,83.25,0.38,9.36,6.25
11.39044,55.32523,2002,10,12,285,2002-10-12,7.63,9.06,6.7,79.51,0.66,3.41,8.04
11.39044,55.32523,2002,10,13,286,2002-10-13,7.07,7.76,6.2,81.49,2.3,1.64,7.09
11.39044,55.32523,2002,10,14,287,2002-10-14,5.91,6.66,5.28,86.9,3.02,2.52,3.98
11.39044,55.32523,2002,10,15,288,2002-10-15,6.09,7.16,4.94,81.87,0.41,5.19,1.77
11.39044,55.32523,2002,10,16,289,2002-10-16,7.51,9.38,5.28,86.95,3.01,2.75,3.25
11.39044,55.32523,2002,10,17,290,2002-10-17,8.28,9.71,6.22,93.09,16.24,2.75,5.11
11.39044,55.32523,2002,10,18,291,2002-10-18,4.88,6.06,4.18,90.75,5.46,3.46,2.23
11.39044,55.32523,2002,10,19,292,2002-10-19,4.16,5.18,2.9,80.24,0.18,5.67,4.94
11.39044,55.32523,2002,10,20,293,2002-10-20,5.92,7.92,3.37,81.93,1.44,7.13,4.52
11.39044,55.32523,2002,10,21,294,2002-10-21,5.61,6.22,5.1,86.76,7.22,2.31,4.69
11.39044,55.32523,2002,10,22,295,2002-10-22,8.54,10.79,5.63,95.2,7.86,1.34,5.31
11.39044,55.32523,2002,10,23,296,2002-10-23,9.89,11.8,8.1,89.96,1.9,3.16,7.11
11.39044,55.32523,2002,10,24,297,2002-10-24,7.69,9.22,6.05,83.4,2.39,5.92,6.29
11.39044,55.32523,2002,10,25,298,2002-10-25,8.64,10.27,6.93,90.77,4.43,2.16,7.92
11.39044,55.32523,2002,10,26,299,2002-10-26,9.44,10.58,8.15,86.03,2.15,5.43,7.48
11.39044,55.32523,2002,10,27,300,2002-10-27,8.79,12.06,6.69,93.52,12.51,1.28,7.79
11.39044,55.32523,2002,10,28,301,2002-10-28,7.97,9.55,7.03,81.81,1.25,5.64,10.37
11.39044,55.32523,2002,10,29,302,2002-10-29,7.2,8.95,5.1,92.6,1.68,4.37,4.86
11.39044,55.32523,2002,10,30,303,2002-10-30,6.92,9.01,5.88,89.11,1.56,5.93,2.91
11.39044,55.32523,2002,10,31,304,2002-10-31,6.32,7.67,4.38,95.95,0.52,2.86,4.06
11.39044,55.32523,2002,11,1,305,2002-11-01,7.19,8.83,6.42,92.25,3.4,1.65,4.2
11.39044,55.32523,2002,11,2,306,2002-11-02,4.02,6.07,2.52,87.01,0.02,5.85,5.61
11.39044,55.32523,2002,11,3,307,2002-11-03,5.23,6.4,3.27,82.57,0.12,2.66,7.76
11.39044,55.32523,2002,11,4,308,2002-11-04,4.88,6.62,3.65,77.76,0.1,3.05,5.37
11.39044,55.32523,2002,11,5,309,2002-11-05,3.34,5.01,2.24,77.74,0.05,4.89,3.49
11.39044,55.32523,2002,11,6,310,2002-11-06,2.94,4.15,1.66,85.15,0,3.79,7.59
11.39044,55.32523,2002,11,7,311,2002-11-07,4.29,5.48,3.23,94.99,1.94,0.83,4.15
11.39044,55.32523,2002,11,8,312,2002-11-08,5.91,8.01,4.32,93.11,9.17,3.8,5.19
11.39044,55.32523,2002,11,9,313,2002-11-09,4.96,5.91,4.11,93.22,8.57,1.98,6.12
11.39044,55.32523,2002,11,10,314,2002-11-10,2.56,3.84,1.62,85.53,0.28,3.24,2.96
11.39044,55.32523,2002,11,11,315,2002-11-11,2.95,4.22,1.9,89.81,0.8,2.09,5.11
11.39044,55.32523,2002,11,12,316,2002-11-12,5.79,7.8,2.79,95.64,1.93,1.04,5.31
11.39044,55.32523,2002,11,13,317,2002-11-13,7.64,8.28,6.82,96.12,5.09,1.88,5.05
11.39044,55.32523,2002,11,14,318,2002-11-14,7.35,8.32,6.57,96.99,5.68,1.56,4.21
11.39044,55.32523,2002,11,15,319,2002-11-15,6.09,6.74,5.3,97.13,0.5,2.01,1.59
11.39044,55.32523,2002,11,16,320,2002-11-16,6.82,7.65,5.53,95.02,4.12,1.4,3.87
11.39044,55.32523,2002,11,17,321,2002-11-17,5.33,6.08,4.58,94.94,16.34,0.79,6.23
11.39044,55.32523,2002,11,18,322,2002-11-18,5.97,7.78,3.79,94.8,2.49,1.14,4.27
11.39044,55.32523,2002,11,19,323,2002-11-19,2.28,3.93,0.59,85,0.02,3.52,4.52
11.39044,55.32523,2002,11,20,324,2002-11-20,1.25,2.27,0.39,78.42,0.39,1.16,1.86
11.39044,55.32523,2002,11,21,325,2002-11-21,1.61,3.17,-0.14,85.68,0.03,1.6,4.69
11.39044,55.32523,2002,11,22,326,2002-11-22,4.32,5.3,3.09,92.25,1.16,1.47,6.69
11.39044,55.32523,2002,11,23,327,2002-11-23,5.07,5.8,4.21,95.3,12.23,0.34,2.98
11.39044,55.32523,2002,11,24,328,2002-11-24,4.76,5.28,3.93,96.63,0.44,1.07,2.87
11.39044,55.32523,2002,11,25,329,2002-11-25,6.04,7.05,5,97.01,1.56,0.75,3.56
11.39044,55.32523,2002,11,26,330,2002-11-26,5.64,6.41,4.77,95.18,0.99,0.99,5.29
11.39044,55.32523,2002,11,27,331,2002-11-27,4.92,6.66,3.84,96.92,0.11,1.56,3.34
11.39044,55.32523,2002,11,28,332,2002-11-28,5,5.67,4.12,93.42,0.92,0.56,6.3
11.39044,55.32523,2002,11,29,333,2002-11-29,5.76,6.38,4.95,95.87,4.04,0.38,5.12
11.39044,55.32523,2002,11,30,334,2002-11-30,3.84,4.84,2.86,94.13,2.96,0.44,5.83
11.39044,55.32523,2002,12,1,335,2002-12-01,2.37,3.03,1.53,92.62,0.32,0.91,3.77
11.39044,55.32523,2002,12,2,336,2002-12-02,3.94,4.69,2.81,95.05,0.34,0.84,5.87
11.39044,55.32523,2002,12,3,337,2002-12-03,4.55,5.77,3.84,94.82,0.9,0.73,4.8
11.39044,55.32523,2002,12,4,338,2002-12-04,3.04,4,1.35,93.89,1.32,0.61,4.97
11.39044,55.32523,2002,12,5,339,2002-12-05,2.16,3.66,0.91,91.44,0.39,0.33,5.25
11.39044,55.32523,2002,12,6,340,2002-12-06,1.15,2.09,0.74,88.98,0.9,0.66,7.54
11.39044,55.32523,2002,12,7,341,2002-12-07,1.12,2.04,0.36,79.44,0.04,1.25,8.74
11.39044,55.32523,2002,12,8,342,2002-12-08,1.21,2.81,0.27,87.59,0.16,1.13,6.42
11.39044,55.32523,2002,12,9,343,2002-12-09,-0.11,1.22,-1.77,87.33,0.21,0.73,4.13
11.39044,55.32523,2002,12,10,344,2002-12-10,-1.13,-0.09,-2.31,80.05,0.23,1.32,2.04
11.39044,55.32523,2002,12,11,345,2002-12-11,-1.5,-0.41,-2.7,90.27,2.23,1.33,2.38
11.39044,55.32523,2002,12,12,346,2002-12-12,-1.69,-0.12,-3.55,91.06,0.08,2.24,2.65
11.39044,55.32523,2002,12,13,347,2002-12-13,-2.35,-0.65,-4.21,95.87,0.1,1.19,2.27
11.39044,55.32523,2002,12,14,348,2002-12-14,-0.92,0.56,-2.04,92.67,0.09,1.77,4.32
11.39044,55.32523,2002,12,15,349,2002-12-15,-0.62,0.18,-1.43,86.09,0.12,0.33,6.05
11.39044,55.32523,2002,12,16,350,2002-12-16,-0.26,0.55,-1.39,91.13,0.19,0.67,5.13
11.39044,55.32523,2002,12,17,351,2002-12-17,-1.57,0.3,-3.97,96.07,0.08,1.04,3.44
11.39044,55.32523,2002,12,18,352,2002-12-18,-0.21,2.26,-4.16,98.88,0.25,1.59,3.93
11.39044,55.32523,2002,12,19,353,2002-12-19,-1.15,0.59,-2.98,98.51,0.32,0.83,3.44
11.39044,55.32523,2002,12,20,354,2002-12-20,0.03,1.31,-0.97,97.22,0.31,0.98,5.42
11.39044,55.32523,2002,12,21,355,2002-12-21,0.64,1.56,-0.69,95.28,0.29,1.12,3.86
11.39044,55.32523,2002,12,22,356,2002-12-22,-1.91,-0.84,-4.37,90.75,0,1.27,4.51
11.39044,55.32523,2002,12,23,357,2002-12-23,-1.47,-0.16,-2.35,85.62,0.01,1.86,5.17
11.39044,55.32523,2002,12,24,358,2002-12-24,-2.02,-1.67,-2.39,72.19,0.12,1.18,9.95
11.39044,55.32523,2002,12,25,359,2002-12-25,-1.79,-0.95,-2.57,78.76,0.43,0.95,6.85
11.39044,55.32523,2002,12,26,360,2002-12-26,0.5,1.34,-0.94,94.67,3.76,0.66,4.82
11.39044,55.32523,2002,12,27,361,2002-12-27,1.28,1.9,0.58,97.23,9.89,0.61,4.65
11.39044,55.32523,2002,12,28,362,2002-12-28,1.81,2.67,1.34,98.08,7.77,0.48,3.4
11.39044,55.32523,2002,12,29,363,2002-12-29,0.47,2.8,-1.67,95.27,0.92,0.86,4.22
11.39044,55.32523,2002,12,30,364,2002-12-30,-3.98,-1.8,-6.99,82.78,0.01,1.09,5.83
11.39044,55.32523,2002,12,31,365,2002-12-31,-6.97,-4.78,-8.83,80.12,0.01,2.68,3.45
11.39044,55.32523,2003,1,1,1,2003-01-01,-5.54,-3.09,-7.01,87.72,1.14,1.18,3.62
11.39044,55.32523,2003,1,2,2,2003-01-02,-2.1,-1.47,-2.95,95.99,3.7,0.66,5.36
11.39044,55.32523,2003,1,3,3,2003-01-03,-3.19,-2.65,-4.13,91.04,2.69,0.72,4.98
11.39044,55.32523,2003,1,4,4,2003-01-04,-6.4,-4.33,-8.09,88.97,0.14,1.61,3.77
11.39044,55.32523,2003,1,5,5,2003-01-05,-4.05,-0.73,-8.6,96.15,5.18,0.66,4.29
11.39044,55.32523,2003,1,6,6,2003-01-06,-5.89,-3,-9.27,93.17,1.07,1.69,5.92
11.39044,55.32523,2003,1,7,7,2003-01-07,-5.34,-3.08,-8.41,91.47,0.4,1.36,2.19
11.39044,55.32523,2003,1,8,8,2003-01-08,-3.47,-2.52,-4.63,96.52,0.79,1.03,1.16
11.39044,55.32523,2003,1,9,9,2003-01-09,-4.86,-4.09,-5.83,99.21,0.3,1.04,3.11
11.39044,55.32523,2003,1,10,10,2003-01-10,-5.39,-1.84,-8.36,96.07,0.08,1.22,2.29
11.39044,55.32523,2003,1,11,11,2003-01-11,-3.87,0.44,-8.38,97.46,0.14,1.5,4.6
11.39044,55.32523,2003,1,12,12,2003-01-12,1.22,1.98,0.46,96.48,1.9,1.81,7.98
11.39044,55.32523,2003,1,13,13,2003-01-13,2.26,3.08,0.73,98.03,2.16,1.46,6.04
11.39044,55.32523,2003,1,14,14,2003-01-14,4.17,4.9,2.16,98.59,2.29,1.44,7.78
11.39044,55.32523,2003,1,15,15,2003-01-15,4.24,4.6,3.86,94.42,0.72,0.7,9.41
11.39044,55.32523,2003,1,16,16,2003-01-16,4.03,5.25,2.48,91.82,0.39,2.62,9.22
11.39044,55.32523,2003,1,17,17,2003-01-17,2.49,3.42,1,94.02,0.64,0.86,7.59
11.39044,55.32523,2003,1,18,18,2003-01-18,2.13,3.74,-0.25,96.05,0.21,1.83,6.74
11.39044,55.32523,2003,1,19,19,2003-01-19,1.48,2.71,0.85,92.68,2.25,1.37,6.73
11.39044,55.32523,2003,1,20,20,2003-01-20,3.13,4.11,1.47,95.81,2.52,1.16,6.06
11.39044,55.32523,2003,1,21,21,2003-01-21,2.49,3.07,2.19,95.85,5.17,0.68,4.85
11.39044,55.32523,2003,1,22,22,2003-01-22,1.31,2.29,-0.1,97.64,0.37,2.06,3.73
11.39044,55.32523,2003,1,23,23,2003-01-23,1.5,2.82,0.2,96.97,0.82,1.79,2.47
11.39044,55.32523,2003,1,24,24,2003-01-24,1.28,2.58,0.13,94.69,0.12,1.64,3.7
11.39044,55.32523,2003,1,25,25,2003-01-25,2.38,3.35,0.91,95.61,3.47,1.1,7.61
11.39044,55.32523,2003,1,26,26,2003-01-26,3.54,4.99,2.28,95.33,2.02,2.24,6.35
11.39044,55.32523,2003,1,27,27,2003-01-27,5.02,5.98,2.55,98.15,3.52,1.82,6.41
11.39044,55.32523,2003,1,28,28,2003-01-28,3.66,5.34,2.26,91.65,2.92,2.41,8.9
11.39044,55.32523,2003,1,29,29,2003-01-29,0.71,2.32,-1.18,90.64,2.74,1.97,4.04
11.39044,55.32523,2003,1,30,30,2003-01-30,-2.8,-1.03,-4.33,82.03,2.07,2.39,4.85
11.39044,55.32523,2003,1,31,31,2003-01-31,-5.06,-4.04,-6.7,74.59,0.08,3.07,4.18
11.39044,55.32523,2003,2,1,32,2003-02-01,-4.58,-2.21,-8.08,87.41,0.01,2.74,6.07
11.39044,55.32523,2003,2,2,33,2003-02-02,-0.96,0.71,-2.57,92.9,4.92,0.77,8.4
11.39044,55.32523,2003,2,3,34,2003-02-03,0.7,1.22,0.01,96.9,1.8,1.88,5.76
11.39044,55.32523,2003,2,4,35,2003-02-04,-0.16,1.07,-1.11,94.84,1.32,2.21,1.71
11.39044,55.32523,2003,2,5,36,2003-02-05,-1.28,0.65,-4.24,94.67,0.38,3.18,3.5
11.39044,55.32523,2003,2,6,37,2003-02-06,-3.14,-1.14,-5.45,87.14,0.11,2.68,3.72
11.39044,55.32523,2003,2,7,38,2003-02-07,-0.85,0.71,-3.78,95.48,3.2,1.5,4.67
11.39044,55.32523,2003,2,8,39,2003-02-08,1.01,1.48,0.57,96.67,0.74,1.57,4.33
11.39044,55.32523,2003,2,9,40,2003-02-09,-1.86,0.22,-4.08,91.17,0,5.75,5.91
11.39044,55.32523,2003,2,10,41,2003-02-10,-2.62,-0.32,-4.59,94.18,0.11,4.82,3.73
11.39044,55.32523,2003,2,11,42,2003-02-11,-2.39,-1.37,-3.34,91.49,0.35,1.75,3.6
11.39044,55.32523,2003,2,12,43,2003-02-12,-2.98,-0.68,-4.52,93.14,0.01,6.42,3.13
11.39044,55.32523,2003,2,13,44,2003-02-13,-2.36,-0.19,-4.31,77.5,0,6.27,1.27
11.39044,55.32523,2003,2,14,45,2003-02-14,-2.17,-0.71,-4.68,94.25,0.22,2.4,3.4
11.39044,55.32523,2003,2,15,46,2003-02-15,-1.16,0.35,-3.7,91.32,0.18,2.57,3.42
11.39044,55.32523,2003,2,16,47,2003-02-16,-3.64,-0.68,-6.43,89.14,0,7.65,2.59
11.39044,55.32523,2003,2,17,48,2003-02-17,-3.03,-0.4,-6.16,94.78,0.04,3.08,2.83
11.39044,55.32523,2003,2,18,49,2003-02-18,-2.18,-1,-3.33,92.86,0.23,2.71,1.55
11.39044,55.32523,2003,2,19,50,2003-02-19,-1.64,1.22,-3.64,94.5,0.14,4.71,2.52
11.39044,55.32523,2003,2,20,51,2003-02-20,-1.46,2.32,-4.23,95.18,0.14,8.73,2.8
11.39044,55.32523,2003,2,21,52,2003-02-21,-0.72,0.11,-1.61,92.22,0.42,2.53,4.4
11.39044,55.32523,2003,2,22,53,2003-02-22,-0.49,1.25,-1.56,94.14,0.18,2.66,3.6
11.39044,55.32523,2003,2,23,54,2003-02-23,-0.39,2.07,-1.98,92.23,0.02,8.37,4.28
11.39044,55.32523,2003,2,24,55,2003-02-24,-0.88,2.83,-3.17,94.33,0.01,8.62,2.59
11.39044,55.32523,2003,2,25,56,2003-02-25,-0.64,3.13,-2.86,95.07,0.06,7.36,3
11.39044,55.32523,2003,2,26,57,2003-02-26,-0.3,3.27,-2.7,93.6,0.04,9.46,4.37
11.39044,55.32523,2003,2,27,58,2003-02-27,-1.23,0.78,-2.35,92.29,0.27,3.14,3.34
11.39044,55.32523,2003,2,28,59,2003-02-28,-2.13,-0.27,-3.53,89.26,0.13,4.61,2.12
11.39044,55.32523,2003,3,1,60,2003-03-01,-1.11,1,-3.7,91.17,0.28,2.92,6.37
11.39044,55.32523,2003,3,2,61,2003-03-02,-0.32,1.21,-1.63,87.1,0.18,4.52,7.25
11.39044,55.32523,2003,3,3,62,2003-03-03,-1.56,0.19,-2.85,85.59,0.16,3.7,5.38
11.39044,55.32523,2003,3,4,63,2003-03-04,-1.05,0.97,-2.69,86.41,0.12,2.88,4.34
11.39044,55.32523,2003,3,5,64,2003-03-05,-0.01,1.52,-1.71,85.08,0.03,4.2,7.26
11.39044,55.32523,2003,3,6,65,2003-03-06,0.05,1.28,-1.29,83.68,2.75,5.32,8.14
11.39044,55.32523,2003,3,7,66,2003-03-07,1.21,1.86,0.21,97.05,0.77,5.53,3.73
11.39044,55.32523,2003,3,8,67,2003-03-08,1.98,4.23,0.47,95.68,1.83,3.49,6.3
11.39044,55.32523,2003,3,9,68,2003-03-09,3.18,4.62,1.81,99.02,1.4,3.85,3.42
11.39044,55.32523,2003,3,10,69,2003-03-10,5.12,8.16,3.29,92.89,0.04,9.34,6.8
11.39044,55.32523,2003,3,11,70,2003-03-11,4.57,6.66,3.17,96.45,1.75,6.63,6.03
11.39044,55.32523,2003,3,12,71,2003-03-12,2.79,4.05,-0.13,92.04,0.38,7.71,5.38
11.39044,55.32523,2003,3,13,72,2003-03-13,1.46,4.85,-0.88,83.56,0,13.49,3.7
11.39044,55.32523,2003,3,14,73,2003-03-14,2.44,5.83,-0.68,83.85,0,13.73,2.43
11.39044,55.32523,2003,3,15,74,2003-03-15,3.23,7.63,0.27,88,0,12.56,1.58
11.39044,55.32523,2003,3,16,75,2003-03-16,3.47,7.47,0.73,89.89,0.01,12.5,3.16
11.39044,55.32523,2003,3,17,76,2003-03-17,3.56,7.56,1.41,88.58,0.21,14.05,4.59
11.39044,55.32523,2003,3,18,77,2003-03-18,3.4,7.65,0.27,86.77,0.09,12.9,3.57
11.39044,55.32523,2003,3,19,78,2003-03-19,3.19,5.55,1.69,93.73,0.36,11.86,3.88
11.39044,55.32523,2003,3,20,79,2003-03-20,2,5.47,-0.99,86.25,0.19,12.43,3.91
11.39044,55.32523,2003,3,21,80,2003-03-21,-0.33,2.26,-2,76.54,0,14.58,4.18
11.39044,55.32523,2003,3,22,81,2003-03-22,0.79,3.85,-1.87,76.38,0,14.97,3.75
11.39044,55.32523,2003,3,23,82,2003-03-23,3.06,8.03,-0.89,79.39,0,15.61,2.88
11.39044,55.32523,2003,3,24,83,2003-03-24,4.56,9.8,-0.58,79.72,0.06,15.66,2.54
11.39044,55.32523,2003,3,25,84,2003-03-25,4.09,6.81,1.22,93.81,0.11,13.69,2.3
11.39044,55.32523,2003,3,26,85,2003-03-26,3.63,10.36,-0.35,87.96,0.09,12.58,1.69
11.39044,55.32523,2003,3,27,86,2003-03-27,5.59,11.54,1.34,86.59,0.09,11.49,1.65
11.39044,55.32523,2003,3,28,87,2003-03-28,5.6,10.81,1.47,82.7,0.09,14.3,1.27
11.39044,55.32523,2003,3,29,88,2003-03-29,6.01,9.4,2.73,85.37,0,11.82,2.22
11.39044,55.32523,2003,3,30,89,2003-03-30,4.47,7.73,2.52,89.01,0.27,13.26,6.22
11.39044,55.32523,2003,3,31,90,2003-03-31,4.83,7.23,1.92,78.37,0.03,17.62,4.82
11.39044,55.32523,2003,4,1,91,2003-04-01,4.08,7.44,1.09,91.37,1.86,8.42,5.6
11.39044,55.32523,2003,4,2,92,2003-04-02,4.79,7.25,2.98,88.58,0.37,11.66,4.87
11.39044,55.32523,2003,4,3,93,2003-04-03,3.36,5.58,0.38,79.47,0.01,18.2,6
11.39044,55.32523,2003,4,4,94,2003-04-04,3.19,7.23,-1.34,91.61,0.25,6.58,6
11.39044,55.32523,2003,4,5,95,2003-04-05,3.61,6.01,1.92,73.16,0,18.51,7.18
11.39044,55.32523,2003,4,6,96,2003-04-06,1.67,3.3,-0.42,62.43,0,18.3,7.12
11.39044,55.32523,2003,4,7,97,2003-04-07,0.64,2.81,-1.97,60.93,0,19.59,4.56
11.39044,55.32523,2003,4,8,98,2003-04-08,1,3.22,-1.03,63.9,0.12,15.96,3.41
11.39044,55.32523,2003,4,9,99,2003-04-09,0.98,2.87,-1.29,80.57,0.93,9.89,5.71
11.39044,55.32523,2003,4,10,100,2003-04-10,0.98,1.38,0.5,93.67,4.86,7.36,2.97
11.39044,55.32523,2003,4,11,101,2003-04-11,2.3,4.53,0.09,87.75,0.52,11.16,2.33
11.39044,55.32523,2003,4,12,102,2003-04-12,4.8,7.92,1.72,84.52,0.07,8.32,3.86
11.39044,55.32523,2003,4,13,103,2003-04-13,4.13,8.99,1.2,89.93,0.09,17.93,2.14
11.39044,55.32523,2003,4,14,104,2003-04-14,5.47,10.13,1.29,83.09,0,19.93,4.45
11.39044,55.32523,2003,4,15,105,2003-04-15,6.3,11.21,2.09,80.31,0,18.95,4.78
11.39044,55.32523,2003,4,16,106,2003-04-16,7.79,13.76,2.31,76.64,0,20.34,2.49
11.39044,55.32523,2003,4,17,107,2003-04-17,7.42,11.12,4.18,75.53,0,20.03,2.3
11.39044,55.32523,2003,4,18,108,2003-04-18,5.31,7.98,2.1,82.83,0.06,17.5,3.63
11.39044,55.32523,2003,4,19,109,2003-04-19,6.06,10.64,2.37,77.71,0,19.47,6.49
11.39044,55.32523,2003,4,20,110,2003-04-20,7.32,11.21,3.94,71.07,0,19.81,7.7
11.39044,55.32523,2003,4,21,111,2003-04-21,7.89,12.86,3.61,72.64,0,21.42,4.98
11.39044,55.32523,2003,4,22,112,2003-04-22,8.08,14.31,2.37,70.5,0,22.07,2.89
11.39044,55.32523,2003,4,23,113,2003-04-23,9.73,15.64,5,69.18,0,21.52,1.62
11.39044,55.32523,2003,4,24,114,2003-04-24,7.03,10.22,3.55,87.97,0,20.76,2.73
11.39044,55.32523,2003,4,25,115,2003-04-25,5.64,9.04,2.91,81.76,0.02,19.66,5.91
11.39044,55.32523,2003,4,26,116,2003-04-26,6.39,7.84,4.22,92.44,14.18,3.2,5.83
11.39044,55.32523,2003,4,27,117,2003-04-27,7.68,9.79,5.83,89.3,9.42,12.44,6.29
11.39044,55.32523,2003,4,28,118,2003-04-28,8.1,10.6,5.38,92.62,7.12,15.55,4.56
11.39044,55.32523,2003,4,29,119,2003-04-29,9.49,12.41,6.25,88.3,2.01,18.16,5.98
11.39044,55.32523,2003,4,30,120,2003-04-30,8.78,12.92,5.26,91.38,8.28,14.23,3.78
11.39044,55.32523,2003,5,1,121,2003-05-01,8.43,10.24,6.15,86.9,2.61,12.7,7.07
11.39044,55.32523,2003,5,2,122,2003-05-02,8.83,11.69,5.89,89.4,0.66,16.52,3.78
11.39044,55.32523,2003,5,3,123,2003-05-03,9.2,11.22,6.97,90.03,6.5,9.53,6.96
11.39044,55.32523,2003,5,4,124,2003-05-04,10.5,14.44,6.32,84.79,0.04,13.95,4.7
11.39044,55.32523,2003,5,5,125,2003-05-05,13.52,18.35,9.68,81.44,0.02,18.86,5.43
11.39044,55.32523,2003,5,6,126,2003-05-06,10.74,13.39,8.55,84.82,6.95,8.95,4.54
11.39044,55.32523,2003,5,7,127,2003-05-07,9.96,13.3,7.37,82.08,0.03,18.76,5.04
11.39044,55.32523,2003,5,8,128,2003-05-08,11.33,16.13,7.2,83.67,0.01,20.01,4.48
11.39044,55.32523,2003,5,9,129,2003-05-09,10.55,13.25,7.36,82.03,0.05,21.05,3.05
11.39044,55.32523,2003,5,10,130,2003-05-10,11.5,14.19,7.52,79.9,1.1,18.23,2.87
11.39044,55.32523,2003,5,11,131,2003-05-11,12.54,15.68,9.24,75.7,0.3,23.94,2.11
11.39044,55.32523,2003,5,12,132,2003-05-12,11.94,14.66,9.92,84.21,5.01,13.05,4.72
11.39044,55.32523,2003,5,13,133,2003-05-13,10.71,13.61,7.99,81.41,3.03,13.23,5.12
11.39044,55.32523,2003,5,14,134,2003-05-14,9.09,10.98,7.1,82.4,2.56,20.62,6.08
11.39044,55.32523,2003,5,15,135,2003-05-15,9.02,11.17,7.18,77.83,3.3,14.76,7.31
11.39044,55.32523,2003,5,16,136,2003-05-16,8.97,11.58,6.47,67.43,0.21,18.35,4.57
11.39044,55.32523,2003,5,17,137,2003-05-17,10.73,14.76,6.95,74.57,0.33,13.62,4.53
11.39044,55.32523,2003,5,18,138,2003-05-18,12.43,15.48,9.51,85.13,2.43,14.6,3.72
11.39044,55.32523,2003,5,19,139,2003-05-19,12.5,14.69,10.31,86.18,4.39,18.28,2.99
11.39044,55.32523,2003,5,20,140,2003-05-20,11.77,13.38,10.38,82.79,9.52,16.91,5.37
11.39044,55.32523,2003,5,21,141,2003-05-21,11.56,14.05,8.8,82.8,2,17.16,5.1
11.39044,55.32523,2003,5,22,142,2003-05-22,12.24,14.6,9.22,84.53,2.96,15.61,4.11
11.39044,55.32523,2003,5,23,143,2003-05-23,12.96,15.12,10.8,92.07,11.81,12.22,5.66
11.39044,55.32523,2003,5,24,144,2003-05-24,14.11,17.21,10.34,89.65,4.68,9.18,3.05
11.39044,55.32523,2003,5,25,145,2003-05-25,15.57,18.83,12.61,89.49,0.6,20.31,2.58
11.39044,55.32523,2003,5,26,146,2003-05-26,13.46,15.96,11.19,83.48,0.21,23.15,3.54
11.39044,55.32523,2003,5,27,147,2003-05-27,13.44,16.18,9.74,78.61,0,26.03,1.63
11.39044,55.32523,2003,5,28,148,2003-05-28,15.27,18.01,11.87,71.11,0,23.93,0.87
11.39044,55.32523,2003,5,29,149,2003-05-29,15.4,18.8,10.81,75.45,0,26.12,1.73
11.39044,55.32523,2003,5,30,150,2003-05-30,15.61,18.61,11.74,77.11,0,24.28,1.66
11.39044,55.32523,2003,5,31,151,2003-05-31,15.85,18.54,13.21,79.27,0,26.74,2.8
11.39044,55.32523,2003,6,1,152,2003-06-01,15.66,19.89,11.01,77.76,0,27.34,2.91
11.39044,55.32523,2003,6,2,153,2003-06-02,15.57,19.39,11.54,78.96,0,26.86,6.07
11.39044,55.32523,2003,6,3,154,2003-06-03,17,20.78,13.5,83.37,0.07,16.85,4.99
11.39044,55.32523,2003,6,4,155,2003-06-04,18.34,21.98,14.13,84.93,0.31,16.89,3.81
11.39044,55.32523,2003,6,5,156,2003-06-05,17.82,20.26,13.85,84.91,0.63,23.24,5.23
11.39044,55.32523,2003,6,6,157,2003-06-06,15.93,18.32,13.06,81.07,0.1,22.15,4.44
11.39044,55.32523,2003,6,7,158,2003-06-07,16.98,19.53,14.21,86.58,2.75,13.2,3.34
11.39044,55.32523,2003,6,8,159,2003-06-08,18.09,21.26,15.51,87.44,3.66,18.23,3.91
11.39044,55.32523,2003,6,9,160,2003-06-09,15.82,17.69,13.66,83.15,1.82,11.21,9.56
11.39044,55.32523,2003,6,10,161,2003-06-10,15.31,17.21,12.55,80.51,1.41,16.91,4.36
11.39044,55.32523,2003,6,11,162,2003-06-11,17.05,19.65,13.81,83.49,1.87,23.78,6.28
11.39044,55.32523,2003,6,12,163,2003-06-12,16.01,18.74,12.83,79.59,0.23,24.35,4.53
11.39044,55.32523,2003,6,13,164,2003-06-13,15.72,18.46,12.74,76.13,0.01,25.82,6.32
11.39044,55.32523,2003,6,14,165,2003-06-14,14.93,17.27,12.38,78.42,0.11,19.89,5.27
11.39044,55.32523,2003,6,15,166,2003-06-15,14.55,16.92,11.71,80.49,4.76,16.33,5.06
11.39044,55.32523,2003,6,16,167,2003-06-16,15.57,18.23,12.28,76.46,0.1,26.36,3.14
11.39044,55.32523,2003,6,17,168,2003-06-17,15.64,18.5,11.94,75.65,0,25.82,4.2
11.39044,55.32523,2003,6,18,169,2003-06-18,16.85,19.67,13.76,80.61,0.56,10.92,3.83
11.39044,55.32523,2003,6,19,170,2003-06-19,16.09,18.36,13.46,78.7,2.18,19.52,7.4
11.39044,55.32523,2003,6,20,171,2003-06-20,13.95,15.78,12.35,77.58,3.22,19.59,9.81
11.39044,55.32523,2003,6,21,172,2003-06-21,14.23,16.08,12.42,78.11,1.33,19.2,8.94
11.39044,55.32523,2003,6,22,173,2003-06-22,14.87,17.07,11.66,74.82,0.14,20.93,4.37
11.39044,55.32523,2003,6,23,174,2003-06-23,16.02,19.64,13.06,84.49,5.72,10.86,5.82
11.39044,55.32523,2003,6,24,175,2003-06-24,15.13,17.08,13.03,80.73,1.21,12.21,9.71
11.39044,55.32523,2003,6,25,176,2003-06-25,15.57,17.76,12.88,83.15,0.39,16.11,6.56
11.39044,55.32523,2003,6,26,177,2003-06-26,17.85,21.4,13.65,77.5,0.1,28.07,1.94
11.39044,55.32523,2003,6,27,178,2003-06-27,18.02,20.86,14.53,81.15,0.69,27.05,2.25
11.39044,55.32523,2003,6,28,179,2003-06-28,18.24,21.42,14.28,80.36,0.32,26.05,1.99
11.39044,55.32523,2003,6,29,180,2003-06-29,16.99,19.32,14.51,85.06,3.22,8.16,1.69
11.39044,55.32523,2003,6,30,181,2003-06-30,16.07,18.45,13.47,84.82,1.05,20.4,2.16
11.39044,55.32523,2003,7,1,182,2003-07-01,16.24,18.72,13.97,85.14,11.88,10.3,5.16
11.39044,55.32523,2003,7,2,183,2003-07-02,17.01,19.1,14.16,82.84,3.81,16.71,1.42
11.39044,55.32523,2003,7,3,184,2003-07-03,16.49,18.53,14.01,88.11,10.8,13.31,4.47
11.39044,55.32523,2003,7,4,185,2003-07-04,16.84,18.39,15.11,89.12,17.87,9.28,5.98
11.39044,55.32523,2003,7,5,186,2003-07-05,17.74,19.94,15.63,84.5,0.88,23.97,5.09
11.39044,55.32523,2003,7,6,187,2003-07-06,16.25,19.16,13.82,80.31,0.2,17.83,5.43
11.39044,55.32523,2003,7,7,188,2003-07-07,15.9,18.63,13.19,78.25,0.11,17.16,4.93
11.39044,55.32523,2003,7,8,189,2003-07-08,16.84,19.35,13.18,81.33,0.31,20.72,3.71
11.39044,55.32523,2003,7,9,190,2003-07-09,17.05,19.36,14.45,81.57,0.5,23.7,4.95
11.39044,55.32523,2003,7,10,191,2003-07-10,17.29,20.46,13.72,81.47,0.03,26.9,4.09
11.39044,55.32523,2003,7,11,192,2003-07-11,17.5,21.4,14.23,83.42,2.69,15.35,4.27
11.39044,55.32523,2003,7,12,193,2003-07-12,16.22,18.52,13.56,77.01,0.54,21.44,7.57
11.39044,55.32523,2003,7,13,194,2003-07-13,17.48,20.77,13.67,78.24,0.01,27.25,3.76
11.39044,55.32523,2003,7,14,195,2003-07-14,19.59,23.38,14.56,81.1,0.05,26.59,2.12
11.39044,55.32523,2003,7,15,196,2003-07-15,21.03,24.03,17.39,82.44,0.66,25.71,2.41
11.39044,55.32523,2003,7,16,197,2003-07-16,20.2,22.61,17.32,84.45,0.13,20.13,4.79
11.39044,55.32523,2003,7,17,198,2003-07-17,20.59,22.75,18.04,84.76,2.46,13.58,3.83
11.39044,55.32523,2003,7,18,199,2003-07-18,19.03,20.77,16.78,86.32,3.23,9.26,3.28
11.39044,55.32523,2003,7,19,200,2003-07-19,19.75,22.39,15.5,76.75,0.04,22.91,2.55
11.39044,55.32523,2003,7,20,201,2003-07-20,21.08,24.56,17.65,75.73,0,24.31,4.28
11.39044,55.32523,2003,7,21,202,2003-07-21,20.63,22.85,18.32,83.9,2.22,11.64,2.82
11.39044,55.32523,2003,7,22,203,2003-07-22,20.18,23.23,17.65,79.75,0.9,20.6,3.3
11.39044,55.32523,2003,7,23,204,2003-07-23,19.33,21.69,16.1,77.04,0.08,23.28,2.88
11.39044,55.32523,2003,7,24,205,2003-07-24,20.28,22.91,17.09,81.4,4.59,19.03,2.71
11.39044,55.32523,2003,7,25,206,2003-07-25,19.68,21.75,17.55,79.42,1.18,21.43,2.88
11.39044,55.32523,2003,7,26,207,2003-07-26,19.91,21.98,18.03,79.97,3.61,13.84,4.34
11.39044,55.32523,2003,7,27,208,2003-07-27,19.94,22.87,17.44,83.33,8.71,10.97,5.19
11.39044,55.32523,2003,7,28,209,2003-07-28,18.95,21.2,16.81,78.04,0.62,20.96,3.6
11.39044,55.32523,2003,7,29,210,2003-07-29,19.62,22.14,16.64,70.93,0.49,22.92,1.78
11.39044,55.32523,2003,7,30,211,2003-07-30,20.24,23.25,16.13,72.77,0,22.79,2.15
11.39044,55.32523,2003,7,31,212,2003-07-31,21.14,24.64,17.15,72,0.03,22.75,2.88
11.39044,55.32523,2003,8,1,213,2003-08-01,21.53,24.62,17.7,77.82,0.14,22.48,2.53
11.39044,55.32523,2003,8,2,214,2003-08-02,20.5,22.5,18.54,80.66,7.72,14.17,1.99
11.39044,55.32523,2003,8,3,215,2003-08-03,19.84,21.64,17.95,73.06,0.02,22.34,2.86
11.39044,55.32523,2003,8,4,216,2003-08-04,19.71,22.47,16.48,74.04,0.25,22.98,3.07
11.39044,55.32523,2003,8,5,217,2003-08-05,19.36,22.42,16.14,71.93,0.01,24.03,4.21
11.39044,55.32523,2003,8,6,218,2003-08-06,20.44,23.72,16.26,71.13,0,24.51,1.86
11.39044,55.32523,2003,8,7,219,2003-08-07,21.57,24.68,17.65,73.32,0.1,21.81,1.85
11.39044,55.32523,2003,8,8,220,2003-08-08,22.25,25.58,18.22,75.64,0,22.58,1.69
11.39044,55.32523,2003,8,9,221,2003-08-09,22.16,25.41,18.96,78.96,0.05,23.15,3.18
11.39044,55.32523,2003,8,10,222,2003-08-10,22.11,25.61,18.15,70.54,0,23.45,1.96
11.39044,55.32523,2003,8,11,223,2003-08-11,22.32,25.57,18.59,74.52,0,22.65,3.09
11.39044,55.32523,2003,8,12,224,2003-08-12,22.59,24.9,20.06,77.01,0.3,18.56,2.88
11.39044,55.32523,2003,8,13,225,2003-08-13,20.72,24.03,17.52,74.35,0.28,14.68,4.44
11.39044,55.32523,2003,8,14,226,2003-08-14,17.95,19.58,16.6,71.78,1.46,17.16,9.05
11.39044,55.32523,2003,8,15,227,2003-08-15,17.54,19.59,15.65,75.25,1.06,11.34,10.41
11.39044,55.32523,2003,8,16,228,2003-08-16,18.36,21.05,15.78,75.51,0.13,18.81,6.67
11.39044,55.32523,2003,8,17,229,2003-08-17,17.99,20.57,14.74,74.18,0,21.41,2.64
11.39044,55.32523,2003,8,18,230,2003-08-18,18.69,21.42,15.27,78.29,0.58,5.69,3.74
11.39044,55.32523,2003,8,19,231,2003-08-19,19.06,22.31,16.66,79.47,0.71,17.38,4.01
11.39044,55.32523,2003,8,20,232,2003-08-20,18.05,20.81,15.63,77.47,0.84,14.21,6.01
11.39044,55.32523,2003,8,21,233,2003-08-21,17.43,18.92,15.86,81.8,1.46,8.55,5.67
11.39044,55.32523,2003,8,22,234,2003-08-22,18.13,21.21,16.43,78.96,3.71,13.82,7.47
11.39044,55.32523,2003,8,23,235,2003-08-23,17.26,19.31,15.36,76.88,0.64,14.78,7.91
11.39044,55.32523,2003,8,24,236,2003-08-24,18.04,21.46,14.71,81.31,0.09,20.14,3.96
11.39044,55.32523,2003,8,25,237,2003-08-25,17.81,20.29,15.16,77.2,0.04,19.11,3.45
11.39044,55.32523,2003,8,26,238,2003-08-26,17,19.79,13.91,77.88,0.2,16.79,4.69
11.39044,55.32523,2003,8,27,239,2003-08-27,14.68,16.43,13.24,67.18,0.4,15.62,7.63
11.39044,55.32523,2003,8,28,240,2003-08-28,14.76,17.43,11.6,70.79,0.4,16.04,2.78
11.39044,55.32523,2003,8,29,241,2003-08-29,14.46,15.45,13.02,87.25,14.05,5.56,3.51
11.39044,55.32523,2003,8,30,242,2003-08-30,14.14,15.53,12.75,81.52,7.87,4.32,3.65
11.39044,55.32523,2003,8,31,243,2003-08-31,13.98,16.24,11.61,80.51,2.1,14.97,4.44
11.39044,55.32523,2003,9,1,244,2003-09-01,13.17,14.73,11.54,80.18,4.76,10.85,3.44
11.39044,55.32523,2003,9,2,245,2003-09-02,13.63,16.18,10.56,69.1,0.09,14.74,3.82
11.39044,55.32523,2003,9,3,246,2003-09-03,15.07,17.55,12.87,83.27,1.24,9.18,5.67
11.39044,55.32523,2003,9,4,247,2003-09-04,15.84,18.99,13.1,82.85,0.01,16.59,5.13
11.39044,55.32523,2003,9,5,248,2003-09-05,15.87,18.96,12.69,80.99,0.03,16.26,1.56
11.39044,55.32523,2003,9,6,249,2003-09-06,16.8,20.3,12.88,77.72,0.04,16.44,6.13
11.39044,55.32523,2003,9,7,250,2003-09-07,16.12,17.31,14.9,86.05,2.63,7.07,3.02
11.39044,55.32523,2003,9,8,251,2003-09-08,16.96,19.88,14.63,77.2,0.13,9.99,6.05
11.39044,55.32523,2003,9,9,252,2003-09-09,16.88,18.98,15.15,77.46,1.07,10.39,6
11.39044,55.32523,2003,9,10,253,2003-09-10,14.01,14.81,12.68,81.52,13.27,5.14,2.83
11.39044,55.32523,2003,9,11,254,2003-09-11,14.69,17.77,11.61,81.17,1.22,14.92,3.47
11.39044,55.32523,2003,9,12,255,2003-09-12,15.36,18.06,13.2,87.32,0.42,10.52,2.81
11.39044,55.32523,2003,9,13,256,2003-09-13,14.87,17.84,11.71,83.3,0.02,15.83,3.81
11.39044,55.32523,2003,9,14,257,2003-09-14,15.1,18.15,12.07,82.16,0,15.69,2.35
11.39044,55.32523,2003,9,15,258,2003-09-15,15.38,18.77,12.63,87.7,0.07,13.21,3.96
11.39044,55.32523,2003,9,16,259,2003-09-16,16.59,19.63,14.02,88.74,0.34,11.21,4.32
11.39044,55.32523,2003,9,17,260,2003-09-17,16.35,19.29,13.52,87.56,0.06,13.21,3.45
11.39044,55.32523,2003,9,18,261,2003-09-18,17.49,20.81,14.96,84.56,0.07,12.35,5
11.39044,55.32523,2003,9,19,262,2003-09-19,17.07,19.12,15.53,88.96,0.3,7.51,5.45
11.39044,55.32523,2003,9,20,263,2003-09-20,16.78,19.62,14.72,88.52,0.09,12.35,3.11
11.39044,55.32523,2003,9,21,264,2003-09-21,15.98,18.14,13.5,86.79,1.55,7.93,6.48
11.39044,55.32523,2003,9,22,265,2003-09-22,17.87,22.1,13.38,81.81,0.79,12.58,6.5
11.39044,55.32523,2003,9,23,266,2003-09-23,13,17.8,11.73,75.2,2.48,12.65,8.37
11.39044,55.32523,2003,9,24,267,2003-09-24,12.21,14.31,10.65,72.94,0.09,13.42,5.74
11.39044,55.32523,2003,9,25,268,2003-09-25,13.73,16.2,11.63,81.54,0.09,6.95,5.32
11.39044,55.32523,2003,9,26,269,2003-09-26,13.93,16.73,11.81,78.87,0.28,10.79,5.69
11.39044,55.32523,2003,9,27,270,2003-09-27,12.35,14.56,10.47,76.06,0.45,11.49,6.4
11.39044,55.32523,2003,9,28,271,2003-09-28,11.57,13.23,9.72,68.41,0.2,9.58,2.66
11.39044,55.32523,2003,9,29,272,2003-09-29,10.41,11.34,9.36,79.53,2.26,5.12,3.39
11.39044,55.32523,2003,9,30,273,2003-09-30,11.91,14.95,9.07,66.72,0,12.42,1.71
11.39044,55.32523,2003,10,1,274,2003-10-01,12.08,14.41,10.48,75.72,0.14,6.65,2.31
11.39044,55.32523,2003,10,2,275,2003-10-02,12.05,14.69,9.91,85.48,0.13,8.33,3.45
11.39044,55.32523,2003,10,3,276,2003-10-03,11.48,13.62,8.96,91.5,2.1,5.37,3.38
11.39044,55.32523,2003,10,4,277,2003-10-04,11.36,12.92,9.11,83.48,2.28,7.94,4.29
11.39044,55.32523,2003,10,5,278,2003-10-05,9.67,12.38,7.46,80.39,0.07,10.17,4.67
11.39044,55.32523,2003,10,6,279,2003-10-06,9,10.22,7.67,88.87,4.16,5.74,6.72
11.39044,55.32523,2003,10,7,280,2003-10-07,8.82,9.6,7.76,84.33,3.35,6.94,4.43
11.39044,55.32523,2003,10,8,281,2003-10-08,9.64,11.22,8.61,89.04,5.48,4.02,5.9
11.39044,55.32523,2003,10,9,282,2003-10-09,10.51,12.46,8.76,80.78,0.4,7.67,7.34
11.39044,55.32523,2003,10,10,283,2003-10-10,12.63,14.15,11.2,84.62,3.81,7.03,8.64
11.39044,55.32523,2003,10,11,284,2003-10-11,11.02,13.21,9.04,80.41,0.92,8.1,9.6
11.39044,55.32523,2003,10,12,285,2003-10-12,10.02,13.1,7.97,80.55,0,10.17,5.23
11.39044,55.32523,2003,10,13,286,2003-10-13,8.28,11.35,6.29,79.3,0,10.03,3.8
11.39044,55.32523,2003,10,14,287,2003-10-14,7.48,10.55,5.08,75.16,0,9.66,3.99
11.39044,55.32523,2003,10,15,288,2003-10-15,7.55,10.3,5.97,79.17,0,9.22,2.87
11.39044,55.32523,2003,10,16,289,2003-10-16,7.46,9.74,5.23,72.74,0,8.78,1.71
11.39044,55.32523,2003,10,17,290,2003-10-17,7.77,9.86,6.26,74.66,0.01,6.48,2.12
11.39044,55.32523,2003,10,18,291,2003-10-18,8.44,10.48,6.77,80.1,0.23,2.65,3.95
11.39044,55.32523,2003,10,19,292,2003-10-19,7.1,8.21,5.04,86.48,6.18,3.19,3.5
11.39044,55.32523,2003,10,20,293,2003-10-20,5.22,6.93,4.21,85.07,1.14,6.18,6.55
11.39044,55.32523,2003,10,21,294,2003-10-21,5.06,6.29,3.82,87.03,6.61,2.05,7.01
11.39044,55.32523,2003,10,22,295,2003-10-22,3.8,5.91,1.77,82.27,0.19,7.74,5.5
11.39044,55.32523,2003,10,23,296,2003-10-23,1.71,3.49,0.47,70.64,0.03,7.54,3.62
11.39044,55.32523,2003,10,24,297,2003-10-24,2.27,4.26,0.62,78.85,0.06,4.65,3.73
11.39044,55.32523,2003,10,25,298,2003-10-25,5.87,7.69,3.3,88.68,3.65,2.91,5.7
11.39044,55.32523,2003,10,26,299,2003-10-26,3.56,5.38,2.1,62.52,0,7.35,3.75
11.39044,55.32523,2003,10,27,300,2003-10-27,5.3,8.4,2.22,76.53,0.46,3.54,5.9
11.39044,55.32523,2003,10,28,301,2003-10-28,8.05,9.47,5.27,88.65,0.18,2.12,7.29
11.39044,55.32523,2003,10,29,302,2003-10-29,5,7.15,3.62,89.13,0.03,4.45,4.5
11.39044,55.32523,2003,10,30,303,2003-10-30,5.39,6.24,3.68,95.86,4.34,2.16,2.01
11.39044,55.32523,2003,10,31,304,2003-10-31,6.93,8.22,5.43,88.7,2.04,2.37,3.98
11.39044,55.32523,2003,11,1,305,2003-11-01,7.94,9.06,7.17,94,4.95,1.39,6.17
11.39044,55.32523,2003,11,2,306,2003-11-02,8.7,9.57,8.26,91.19,3.37,2.86,5.66
11.39044,55.32523,2003,11,3,307,2003-11-03,9.37,10.42,8.32,91.79,3.16,2.48,6.68
11.39044,55.32523,2003,11,4,308,2003-11-04,8.29,10.47,6.54,91.39,0.27,4.88,5.79
11.39044,55.32523,2003,11,5,309,2003-11-05,7.54,8.69,6.61,96.71,0.2,1.86,3.64
11.39044,55.32523,2003,11,6,310,2003-11-06,6.63,9.13,4.91,93.45,0.02,4.35,5.09
11.39044,55.32523,2003,11,7,311,2003-11-07,5.91,8.11,4.03,94.06,0.07,4.23,4.14
11.39044,55.32523,2003,11,8,312,2003-11-08,7.02,8.12,6.45,89.84,0.32,0.95,6.49
11.39044,55.32523,2003,11,9,313,2003-11-09,6.42,7.4,5.49,87.11,0.18,1.28,6.92
11.39044,55.32523,2003,11,10,314,2003-11-10,4.63,5.63,4.12,87.43,0.29,0.85,5.83
11.39044,55.32523,2003,11,11,315,2003-11-11,4.97,6.81,4.03,85.07,0.07,3.46,5.73
11.39044,55.32523,2003,11,12,316,2003-11-12,4.34,7.03,2.62,88.47,0,4.53,5.99
11.39044,55.32523,2003,11,13,317,2003-11-13,3.3,5.01,1.69,93.73,0.08,2.97,4.07
11.39044,55.32523,2003,11,14,318,2003-11-14,5.15,6.15,4.18,94.75,0.11,1.45,4.74
11.39044,55.32523,2003,11,15,319,2003-11-15,6.43,7.84,4.52,94.79,2.94,0.82,6.2
11.39044,55.32523,2003,11,16,320,2003-11-16,7.06,7.85,6.13,96.61,0.78,1.42,5.68
11.39044,55.32523,2003,11,17,321,2003-11-17,6.13,7.86,5.21,96.68,0.53,3.11,5.26
11.39044,55.32523,2003,11,18,322,2003-11-18,7.82,10.01,5.19,97.14,5.15,0.88,5.27
11.39044,55.32523,2003,11,19,323,2003-11-19,9.14,10,6.95,94.63,7.46,0.79,7.34
11.39044,55.32523,2003,11,20,324,2003-11-20,7.55,8.74,6.57,96.46,5.48,0.7,4.73
11.39044,55.32523,2003,11,21,325,2003-11-21,8.34,8.86,7.91,95.45,4.91,0.87,4.76
11.39044,55.32523,2003,11,22,326,2003-11-22,7.66,8.15,7.14,95.55,7.75,0.85,2.56
11.39044,55.32523,2003,11,23,327,2003-11-23,7.57,9.42,4.93,92.89,3.56,0.91,5.21
11.39044,55.32523,2003,11,24,328,2003-11-24,4.05,5.19,2.35,91.15,6.49,2.11,3.98
11.39044,55.32523,2003,11,25,329,2003-11-25,5.81,7.64,4.07,96.59,3.61,1.11,4.14
11.39044,55.32523,2003,11,26,330,2003-11-26,6.77,8.38,3.91,98.23,0.41,0.9,4.86
11.39044,55.32523,2003,11,27,331,2003-11-27,6.93,7.31,6.48,96.57,0.75,0.87,2.49
11.39044,55.32523,2003,11,28,332,2003-11-28,5.69,7.23,4.14,97.43,0.42,2.22,2.64
11.39044,55.32523,2003,11,29,333,2003-11-29,4.56,6.73,4.01,98.07,0.27,2.66,2.99
11.39044,55.32523,2003,11,30,334,2003-11-30,7.36,8.04,6.39,94.38,0.58,0.59,5.66
11.39044,55.32523,2003,12,1,335,2003-12-01,6.03,7.03,4.83,93.75,0.26,0.8,5.54
11.39044,55.32523,2003,12,2,336,2003-12-02,6.37,7.71,5.51,97,0.09,1.04,4.56
11.39044,55.32523,2003,12,3,337,2003-12-03,5.37,6.16,4.27,97.28,0.42,0.54,3.41
11.39044,55.32523,2003,12,4,338,2003-12-04,4.17,4.77,3.64,95.55,0.33,0.54,2.86
11.39044,55.32523,2003,12,5,339,2003-12-05,6.7,8.37,4.59,96.36,1.29,1.57,7.12
11.39044,55.32523,2003,12,6,340,2003-12-06,2.71,7.4,-1.03,65.2,0.01,1.72,9.55
11.39044,55.32523,2003,12,7,341,2003-12-07,1.15,3.41,-1.55,79.77,0.04,1.83,5.21
11.39044,55.32523,2003,12,8,342,2003-12-08,4.93,5.9,3.78,96.4,0.47,1.1,5.39
11.39044,55.32523,2003,12,9,343,2003-12-09,1.65,4.13,-0.64,92.89,0.07,2.25,2.98
11.39044,55.32523,2003,12,10,344,2003-12-10,0.81,2.73,-0.78,95.69,0,2.13,4.09
11.39044,55.32523,2003,12,11,345,2003-12-11,2.25,3.47,-0.42,97.46,5.35,0.44,6.71
11.39044,55.32523,2003,12,12,346,2003-12-12,2.47,3.74,1.19,96.97,0.06,2.19,4.26
11.39044,55.32523,2003,12,13,347,2003-12-13,4.47,7.66,1.34,96.92,14.27,0.39,6.74
11.39044,55.32523,2003,12,14,348,2003-12-14,4.48,5.99,1.28,89.54,3.1,1.47,8.98
11.39044,55.32523,2003,12,15,349,2003-12-15,1.77,2.64,0.45,77.51,2.07,2.3,10.01
11.39044,55.32523,2003,12,16,350,2003-12-16,1.22,2.68,-0.34,84.76,0.83,2.19,5.06
11.39044,55.32523,2003,12,17,351,2003-12-17,5.06,6.2,2.86,97.63,4.57,0.55,6.59
11.39044,55.32523,2003,12,18,352,2003-12-18,3.46,5.61,0.63,96.88,0.24,1.72,5.41
11.39044,55.32523,2003,12,19,353,2003-12-19,1.28,3.31,-0.51,97.33,0.29,0.64,5.28
11.39044,55.32523,2003,12,20,354,2003-12-20,2.17,3.46,1.41,97.44,8.23,0.62,4.99
11.39044,55.32523,2003,12,21,355,2003-12-21,3.04,5.57,0.51,92.55,3.18,1.13,7.07
11.39044,55.32523,2003,12,22,356,2003-12-22,-1.47,0.31,-3.43,75.45,1.18,1.56,7.61
11.39044,55.32523,2003,12,23,357,2003-12-23,-0.81,0.62,-3.48,95.32,0.76,1.27,3.47
11.39044,55.32523,2003,12,24,358,2003-12-24,1.33,3.68,0.09,96.07,5.16,0.49,7.59
11.39044,55.32523,2003,12,25,359,2003-12-25,4.43,5.2,3,98.39,1.03,0.54,7.46
11.39044,55.32523,2003,12,26,360,2003-12-26,4.87,5.53,3.11,97.24,2.87,0.44,6.43
11.39044,55.32523,2003,12,27,361,2003-12-27,4.25,5.7,2.7,90.14,1.39,1.22,9.4
11.39044,55.32523,2003,12,28,362,2003-12-28,2.81,3.83,1.47,94.43,7.12,0.31,6.74
11.39044,55.32523,2003,12,29,363,2003-12-29,1.81,2.71,0.53,96.14,3.03,1.25,4.22
11.39044,55.32523,2003,12,30,364,2003-12-30,1.44,2.13,0.59,96.48,0.4,1.13,2.56
11.39044,55.32523,2003,12,31,365,2003-12-31,-0.14,1.54,-1.73,83.14,0.01,2.43,3.41
11.39044,55.32523,2004,1,1,1,2004-01-01,-1.44,-0.27,-2.97,89.83,0.08,1.36,4.31
11.39044,55.32523,2004,1,2,2,2004-01-02,-1.98,-0.64,-4.04,86.92,0.07,1.88,5.23
11.39044,55.32523,2004,1,3,3,2004-01-03,-2.07,0.08,-4.53,80.67,0.16,1.25,2.64
11.39044,55.32523,2004,1,4,4,2004-01-04,-1.9,-0.48,-3.25,79.11,0.51,1.24,4.99
11.39044,55.32523,2004,1,5,5,2004-01-05,-3.91,-2.36,-4.76,78.61,0.01,1.99,3.67
11.39044,55.32523,2004,1,6,6,2004-01-06,-1.69,1.44,-3.57,84.19,6.21,0.77,7.89
11.39044,55.32523,2004,1,7,7,2004-01-07,1.67,2.18,1.12,99.24,0.64,1.39,3.58
11.39044,55.32523,2004,1,8,8,2004-01-08,0.84,1.25,0.51,97.98,0.39,1.04,5.22
11.39044,55.32523,2004,1,9,9,2004-01-09,-0.14,0.54,-0.38,92.89,3.19,0.65,5.67
11.39044,55.32523,2004,1,10,10,2004-01-10,-0.69,0.13,-1.42,93.35,0.58,1.07,3.42
11.39044,55.32523,2004,1,11,11,2004-01-11,0.94,2.46,0.17,97.04,8.55,0.41,7.42
11.39044,55.32523,2004,1,12,12,2004-01-12,1.99,2.94,0.68,97.96,1.79,1.57,6.16
11.39044,55.32523,2004,1,13,13,2004-01-13,1.26,2.08,0.28,97.66,10.33,0.3,5.69
11.39044,55.32523,2004,1,14,14,2004-01-14,1.26,2.09,0.34,95.62,1.34,1.19,4.44
11.39044,55.32523,2004,1,15,15,2004-01-15,1.04,1.77,-0.32,88.24,0.6,1.81,1.71
11.39044,55.32523,2004,1,16,16,2004-01-16,1.34,2.17,0.83,98.09,9.29,0.64,5.15
11.39044,55.32523,2004,1,17,17,2004-01-17,-0.27,1.19,-2.88,94.82,0.5,1.9,5.9
11.39044,55.32523,2004,1,18,18,2004-01-18,-2.2,0.3,-3.91,90.12,1.29,2.11,5.11
11.39044,55.32523,2004,1,19,19,2004-01-19,0.5,1.81,-1.99,96.08,5.17,2.38,5.98
11.39044,55.32523,2004,1,20,20,2004-01-20,-1.01,0.01,-2.79,85.04,0.18,1.54,5.6
11.39044,55.32523,2004,1,21,21,2004-01-21,-4.38,-3.12,-6.04,82.28,0.09,2.9,3.05
11.39044,55.32523,2004,1,22,22,2004-01-22,-4.67,-2.41,-7.48,80.6,0.11,1.91,3.56
11.39044,55.32523,2004,1,23,23,2004-01-23,-1.27,-0.02,-3.03,91.36,1.71,0.95,5.66
11.39044,55.32523,2004,1,24,24,2004-01-24,-1.38,-0.54,-2.45,89.64,1.26,0.98,6.05
11.39044,55.32523,2004,1,25,25,2004-01-25,-3.19,-2.66,-3.54,88,1.99,1.4,3.44
11.39044,55.32523,2004,1,26,26,2004-01-26,-3.81,-2.69,-4.57,85.75,0.04,2.13,2.21
11.39044,55.32523,2004,1,27,27,2004-01-27,-4.32,-3.07,-6.22,86.67,0.19,2.91,2.12
11.39044,55.32523,2004,1,28,28,2004-01-28,-1.04,-0.01,-3,96.94,2.29,1.26,6.2
11.39044,55.32523,2004,1,29,29,2004-01-29,-2.11,-0.59,-4.76,95.08,3.57,2.64,3.88
11.39044,55.32523,2004,1,30,30,2004-01-30,-1.7,1.31,-4.9,92.92,2.55,1.98,5.6
11.39044,55.32523,2004,1,31,31,2004-01-31,1.01,2.81,0.43,92.38,12.81,0.89,9.38
11.39044,55.32523,2004,2,1,32,2004-02-01,1.51,4.07,0.14,95.49,2.36,3.66,5.52
11.39044,55.32523,2004,2,2,33,2004-02-02,2.46,3.8,0.87,98,4.76,2.04,4.86
11.39044,55.32523,2004,2,3,34,2004-02-03,4.7,6.11,2.62,99.32,7.69,0.98,5.85
11.39044,55.32523,2004,2,4,35,2004-02-04,5.8,6.55,4.51,98.01,2.83,2.04,6.72
11.39044,55.32523,2004,2,5,36,2004-02-05,5.92,7.26,4.05,96.86,0.69,3.23,7.8
11.39044,55.32523,2004,2,6,37,2004-02-06,3.89,5.43,1.66,97.74,2.4,2.67,5.36
11.39044,55.32523,2004,2,7,38,2004-02-07,3,4.91,1.52,95.66,1.52,2.94,6.46
11.39044,55.32523,2004,2,8,39,2004-02-08,1.48,2.42,-0.2,94.12,1.86,2.31,4.79
11.39044,55.32523,2004,2,9,40,2004-02-09,-0.13,1.69,-1.92,84.96,0.41,5.54,6.77
11.39044,55.32523,2004,2,10,41,2004-02-10,-0.03,1.62,-1.96,96.41,4.44,1.83,4.78
11.39044,55.32523,2004,2,11,42,2004-02-11,-0.67,1.06,-2.54,82.47,0.43,5.38,3.74
11.39044,55.32523,2004,2,12,43,2004-02-12,-0.72,1.04,-2.23,83.47,0.72,1.9,3.29
11.39044,55.32523,2004,2,13,44,2004-02-13,1.32,2.33,0.56,98.24,0.61,2.31,2.86
11.39044,55.32523,2004,2,14,45,2004-02-14,0.59,1.67,-0.49,98.02,0.37,3.66,3.77
11.39044,55.32523,2004,2,15,46,2004-02-15,0.88,3.01,-0.84,96.28,0.19,5.78,3.58
11.39044,55.32523,2004,2,16,47,2004-02-16,2.14,3.8,0.49,97.28,0.52,2.11,3.62
11.39044,55.32523,2004,2,17,48,2004-02-17,3.36,5.24,2.47,92.44,0.14,5.03,6.63
11.39044,55.32523,2004,2,18,49,2004-02-18,1.7,4.36,-0.94,91.76,0.02,6.25,5.28
11.39044,55.32523,2004,2,19,50,2004-02-19,-1.3,0.42,-2.52,80.01,0,8.57,2.62
11.39044,55.32523,2004,2,20,51,2004-02-20,-0.89,1.44,-2.15,76.78,0,8.83,2.32
11.39044,55.32523,2004,2,21,52,2004-02-21,-0.35,1.83,-1.37,79.1,0,8.78,4.08
11.39044,55.32523,2004,2,22,53,2004-02-22,-0.02,2.17,-2.1,89.47,0.46,4.6,4.4
11.39044,55.32523,2004,2,23,54,2004-02-23,-0.37,1.1,-2.84,79.54,0.22,7.47,6.27
11.39044,55.32523,2004,2,24,55,2004-02-24,-0.67,1.86,-4.32,94.66,3.69,2.6,6.16
11.39044,55.32523,2004,2,25,56,2004-02-25,0.29,1.77,-1,90.06,0.2,7.85,6.48
11.39044,55.32523,2004,2,26,57,2004-02-26,0.56,2.12,-1.15,92.19,0.51,4.91,6.59
11.39044,55.32523,2004,2,27,58,2004-02-27,-0.88,0.9,-1.98,91.23,0.13,4.47,3.37
11.39044,55.32523,2004,2,28,59,2004-02-28,-0.47,1.5,-1.84,86.01,0.08,6.4,2.63
11.39044,55.32523,2004,2,29,60,2004-02-29,-1.02,1.69,-3.06,87.64,0.01,9.37,2.97
11.39044,55.32523,2004,3,1,61,2004-03-01,0.83,4.38,-3.02,95.94,0.14,3.84,5.15
11.39044,55.32523,2004,3,2,62,2004-03-02,2.88,6.45,0.12,94.7,0.27,9.6,5.66
11.39044,55.32523,2004,3,3,63,2004-03-03,-0.2,1.19,-1.74,78.04,0,11.6,4.71
11.39044,55.32523,2004,3,4,64,2004-03-04,-1.03,0.5,-2.41,79.05,0.08,9.77,4.09
11.39044,55.32523,2004,3,5,65,2004-03-05,-0.46,0.83,-1.18,74.51,0.06,11.55,4.47
11.39044,55.32523,2004,3,6,66,2004-03-06,-0.14,1.65,-1.71,76.27,0.02,8.62,3.64
11.39044,55.32523,2004,3,7,67,2004-03-07,0.16,2.12,-1.19,81.87,0.07,8.7,2.7
11.39044,55.32523,2004,3,8,68,2004-03-08,0.38,2.73,-1.56,84.88,0.08,12.24,5.14
11.39044,55.32523,2004,3,9,69,2004-03-09,0.74,2.55,-0.91,86.2,0.32,7.38,5.44
11.39044,55.32523,2004,3,10,70,2004-03-10,0.62,2.73,-1.25,89.32,0.17,4.65,6.61
11.39044,55.32523,2004,3,11,71,2004-03-11,1.41,3.29,-0.18,92.24,0.31,6.12,6.25
11.39044,55.32523,2004,3,12,72,2004-03-12,1.62,3.13,0.17,88.22,0.01,7.48,8.25
11.39044,55.32523,2004,3,13,73,2004-03-13,2.11,4.21,0.85,94.38,5.79,2.94,7.48
11.39044,55.32523,2004,3,14,74,2004-03-14,4.55,7.71,1.7,92.39,1.86,10.64,5.09
11.39044,55.32523,2004,3,15,75,2004-03-15,6.23,8.08,5.03,90.1,1.43,9.82,7.11
11.39044,55.32523,2004,3,16,76,2004-03-16,6.64,8.74,5.4,96.05,1.39,5.75,6.41
11.39044,55.32523,2004,3,17,77,2004-03-17,6.92,11.35,4.46,93.93,0.11,12.78,5.06
11.39044,55.32523,2004,3,18,78,2004-03-18,5.07,8.08,2.75,90.97,3.79,12.82,3.78
11.39044,55.32523,2004,3,19,79,2004-03-19,5.86,7.07,4.79,91.65,7.77,9.26,7.21
11.39044,55.32523,2004,3,20,80,2004-03-20,5.52,7.61,4.36,84.42,7.47,9.45,10.43
11.39044,55.32523,2004,3,21,81,2004-03-21,4.68,6.23,3.2,89.22,8,4.38,9.9
11.39044,55.32523,2004,3,22,82,2004-03-22,3.71,6.47,2.01,91.34,0.76,9.12,5.18
11.39044,55.32523,2004,3,23,83,2004-03-23,3.47,5.94,1.99,92.83,1.32,8.38,3.3
11.39044,55.32523,2004,3,24,84,2004-03-24,2.8,4.96,0.94,91.6,1.48,4.94,3.51
11.39044,55.32523,2004,3,25,85,2004-03-25,1.18,3.12,-0.76,78.3,0.11,15.55,5.16
11.39044,55.32523,2004,3,26,86,2004-03-26,0.24,1.95,-1.46,77.87,0.09,13.01,3.68
11.39044,55.32523,2004,3,27,87,2004-03-27,2.14,4.4,-1.47,91.91,1.66,6.46,5.27
11.39044,55.32523,2004,3,28,88,2004-03-28,4.43,7.15,1.8,91.38,1.33,14.68,4.45
11.39044,55.32523,2004,3,29,89,2004-03-29,5.66,7.55,4.51,91.43,0.49,6.96,3.31
11.39044,55.32523,2004,3,30,90,2004-03-30,3.85,6.96,1.78,94.61,0.17,12.37,1.38
11.39044,55.32523,2004,3,31,91,2004-03-31,5.38,10.06,2.02,86.14,0.02,17.25,4.45
11.39044,55.32523,2004,4,1,92,2004-04-01,4.07,7.53,1.06,76.65,0,17.4,8.81
11.39044,55.32523,2004,4,2,93,2004-04-02,3.63,6.14,1.02,73.09,0,18.09,9.17
11.39044,55.32523,2004,4,3,94,2004-04-03,5.11,7.49,2.61,83.1,2.76,8.5,5.79
11.39044,55.32523,2004,4,4,95,2004-04-04,6.19,8.04,4.08,94.11,4.37,4.91,6.08
11.39044,55.32523,2004,4,5,96,2004-04-05,4.99,7.54,2.83,90.61,1,9.47,5.15
11.39044,55.32523,2004,4,6,97,2004-04-06,4.15,4.82,3.53,93.86,6.71,7.91,2.66
11.39044,55.32523,2004,4,7,98,2004-04-07,4.18,6.43,2.64,91.54,4.21,9.77,1.87
11.39044,55.32523,2004,4,8,99,2004-04-08,4.05,5.84,2.08,93.77,2.13,6.77,4.47
11.39044,55.32523,2004,4,9,100,2004-04-09,6.06,9.23,3.61,82.52,0.25,19.47,4.74
11.39044,55.32523,2004,4,10,101,2004-04-10,5.5,8.18,1.96,75.7,0.11,21.35,4.65
11.39044,55.32523,2004,4,11,102,2004-04-11,4.7,8.04,0.2,84.51,0.14,16.98,4.36
11.39044,55.32523,2004,4,12,103,2004-04-12,6.81,9.83,4.01,81.49,0.12,14.31,1.99
11.39044,55.32523,2004,4,13,104,2004-04-13,7.08,10.58,3.94,80,0,17.54,1.47
11.39044,55.32523,2004,4,14,105,2004-04-14,6.57,10.1,2.63,83.99,0,19.06,2.56
11.39044,55.32523,2004,4,15,106,2004-04-15,7.51,12.06,3.36,79.87,0,20.39,3.48
11.39044,55.32523,2004,4,16,107,2004-04-16,9.14,15.25,3.87,75.23,0,19.71,2.41
11.39044,55.32523,2004,4,17,108,2004-04-17,8.87,12.13,5.47,85.19,0,16.33,4.11
11.39044,55.32523,2004,4,18,109,2004-04-18,9.85,13.18,7.08,85.57,0.04,14.77,5.37
11.39044,55.32523,2004,4,19,110,2004-04-19,9.38,12.66,5.24,89.4,9.42,6.22,3.34
11.39044,55.32523,2004,4,20,111,2004-04-20,7.84,11.97,3.55,81.15,0.64,19.35,3.05
11.39044,55.32523,2004,4,21,112,2004-04-21,8.31,13.49,4.37,79.34,0.1,17.83,1.92
11.39044,55.32523,2004,4,22,113,2004-04-22,9.49,13.37,5.89,76,0.11,14.7,3.31
11.39044,55.32523,2004,4,23,114,2004-04-23,8.57,10.79,7.07,89.07,1.23,10.09,3.38
11.39044,55.32523,2004,4,24,115,2004-04-24,8.86,11.15,7.01,87.51,0.16,20.2,4
11.39044,55.32523,2004,4,25,116,2004-04-25,9.39,12.49,5.61,87.48,2.11,14.4,2.87
11.39044,55.32523,2004,4,26,117,2004-04-26,9.43,11.76,7.04,89.4,1.36,8.16,2.71
11.39044,55.32523,2004,4,27,118,2004-04-27,8.12,9.49,7.02,90.3,0.27,13,4.28
11.39044,55.32523,2004,4,28,119,2004-04-28,8.47,11.98,5.07,75.84,0,22.19,5.46
11.39044,55.32523,2004,4,29,120,2004-04-29,7.67,11.75,3.89,75.45,0,16.82,7.14
11.39044,55.32523,2004,4,30,121,2004-04-30,9.38,13.18,6.23,72.14,0,20.23,7.11
11.39044,55.32523,2004,5,1,122,2004-05-01,10.45,14.51,6.49,81.04,0.49,15,5.14
11.39044,55.32523,2004,5,2,123,2004-05-02,12.23,17.06,7.03,85.53,0.07,19.81,2.16
11.39044,55.32523,2004,5,3,124,2004-05-03,11.03,13.18,9.13,87.67,0.86,12.52,3.29
11.39044,55.32523,2004,5,4,125,2004-05-04,11.68,13.96,9.25,88.11,2.16,14.56,4.8
11.39044,55.32523,2004,5,5,126,2004-05-05,13.06,16.52,10.05,88.51,6.35,8.84,3.83
11.39044,55.32523,2004,5,6,127,2004-05-06,13.28,17.28,9.64,86.6,0.26,18.7,4.78
11.39044,55.32523,2004,5,7,128,2004-05-07,12.32,14.17,10.37,87.52,1.36,11.47,7.07
11.39044,55.32523,2004,5,8,129,2004-05-08,11.97,13.35,10.26,90.94,1.75,6.33,3.19
11.39044,55.32523,2004,5,9,130,2004-05-09,14.56,18.42,11.84,82.62,0.56,23.72,3.02
11.39044,55.32523,2004,5,10,131,2004-05-10,13.94,18.14,10.57,82.73,0.17,17.96,3.12
11.39044,55.32523,2004,5,11,132,2004-05-11,11.72,13.58,9.14,88.82,0.53,10.22,2.03
11.39044,55.32523,2004,5,12,133,2004-05-12,11.16,12.78,7.68,91.76,1.73,5.35,3.02
11.39044,55.32523,2004,5,13,134,2004-05-13,8.89,11.78,6.48,72.39,0.11,21.76,4.21
11.39044,55.32523,2004,5,14,135,2004-05-14,9.7,12.18,6.23,77.17,0.15,16.77,4.93
11.39044,55.32523,2004,5,15,136,2004-05-15,11.44,13.92,9.4,86.25,1.35,13.96,7.38
11.39044,55.32523,2004,5,16,137,2004-05-16,11.9,15.42,8.15,84.81,0.09,21.58,4.55
11.39044,55.32523,2004,5,17,138,2004-05-17,12.79,16.15,9.15,85.78,0.09,18.88,3.81
11.39044,55.32523,2004,5,18,139,2004-05-18,12.15,14.58,10.13,78.34,0.01,22.56,6.59
11.39044,55.32523,2004,5,19,140,2004-05-19,11.56,13.96,9.23,80.47,0.44,16.42,8.8
11.39044,55.32523,2004,5,20,141,2004-05-20,10.45,12.75,8.3,74.33,0.06,23.12,7.21
11.39044,55.32523,2004,5,21,142,2004-05-21,8.59,10.68,6.39,69.07,0.01,25.47,6.98
11.39044,55.32523,2004,5,22,143,2004-05-22,8.17,10.63,6.15,78.06,4.52,19.83,6.87
11.39044,55.32523,2004,5,23,144,2004-05-23,9.69,12.16,6.63,69.75,0.46,27.8,6.84
11.39044,55.32523,2004,5,24,145,2004-05-24,10.73,13.53,7.92,77.11,0.13,22.48,7.93
11.39044,55.32523,2004,5,25,146,2004-05-25,9.9,12.25,7.88,76.24,0.17,20.28,7.51
11.39044,55.32523,2004,5,26,147,2004-05-26,9.74,11.98,6.81,84.16,2.13,16.97,4.84
11.39044,55.32523,2004,5,27,148,2004-05-27,11.6,13.93,9.18,78.11,0.79,24.34,2.64
11.39044,55.32523,2004,5,28,149,2004-05-28,10.28,13.23,6.87,79.53,0.02,12.14,5.28
11.39044,55.32523,2004,5,29,150,2004-05-29,11.64,15.16,7.57,76.88,0.01,25.44,3.49
11.39044,55.32523,2004,5,30,151,2004-05-30,13.86,17.46,10.89,74.88,0,21.52,2.88
11.39044,55.32523,2004,5,31,152,2004-05-31,12.83,15.94,9.81,74.26,0,25.86,6.61
11.39044,55.32523,2004,6,1,153,2004-06-01,12.52,15.75,9.36,70.65,0,28.76,5.6
11.39044,55.32523,2004,6,2,154,2004-06-02,13.19,17.27,8.4,73.68,0,27.93,4.28
11.39044,55.32523,2004,6,3,155,2004-06-03,14.33,18.57,8.77,70.23,0,28.36,2.13
11.39044,55.32523,2004,6,4,156,2004-06-04,12.79,14.57,11.59,87.62,3.71,7.9,3.38
11.39044,55.32523,2004,6,5,157,2004-06-05,14.02,16.73,10.2,81.26,0.04,26.08,3.31
11.39044,55.32523,2004,6,6,158,2004-06-06,14.5,16.98,11.08,84.38,0.16,15.46,5.1
11.39044,55.32523,2004,6,7,159,2004-06-07,15.95,19.19,12.55,85.75,0.5,17.67,4.88
11.39044,55.32523,2004,6,8,160,2004-06-08,14.34,16.56,12.05,76.62,0.01,22.63,5.13
11.39044,55.32523,2004,6,9,161,2004-06-09,13.8,14.93,12.02,88.08,7.34,12.94,5.17
11.39044,55.32523,2004,6,10,162,2004-06-10,16.69,19.94,13.05,80.93,0.08,26.39,4.61
11.39044,55.32523,2004,6,11,163,2004-06-11,15.64,18.8,12.93,84.43,4.47,17.8,5.15
11.39044,55.32523,2004,6,12,164,2004-06-12,14.97,17.37,12.04,82.14,2.09,22.64,4.91
11.39044,55.32523,2004,6,13,165,2004-06-13,15.54,18.54,12.38,79.95,0.03,25.96,4.54
11.39044,55.32523,2004,6,14,166,2004-06-14,15.43,18.47,12.33,85.08,0.46,14.51,7.89
11.39044,55.32523,2004,6,15,167,2004-06-15,14.55,16.59,11.6,81.4,1.04,16.79,9.84
11.39044,55.32523,2004,6,16,168,2004-06-16,12.37,14.68,10.17,70.21,0.02,24.93,8.68
11.39044,55.32523,2004,6,17,169,2004-06-17,12.03,14.51,9.68,87.2,9.21,7.63,3.74
11.39044,55.32523,2004,6,18,170,2004-06-18,12.86,14.53,11,82.98,2.98,14.9,3.81
11.39044,55.32523,2004,6,19,171,2004-06-19,10.78,12.86,7.9,78.02,11.44,16.73,4.38
11.39044,55.32523,2004,6,20,172,2004-06-20,11.65,14.03,9.86,79.7,2.41,21.15,5.7
11.39044,55.32523,2004,6,21,173,2004-06-21,13.28,15.69,10.06,78.83,1.9,21.69,3.77
11.39044,55.32523,2004,6,22,174,2004-06-22,13.57,15.97,11.42,78.64,3.97,23.78,2.99
11.39044,55.32523,2004,6,23,175,2004-06-23,14.6,16.46,11.18,89.61,9.49,7.84,6.01
11.39044,55.32523,2004,6,24,176,2004-06-24,14.25,15.03,13.31,83.61,6.23,8.4,8.87
11.39044,55.32523,2004,6,25,177,2004-06-25,14.07,16.22,12.16,86.09,9.92,8.45,8.71
11.39044,55.32523,2004,6,26,178,2004-06-26,13.78,16.56,10.38,80.78,0.54,14.55,6.38
11.39044,55.32523,2004,6,27,179,2004-06-27,13.33,15.32,9.73,79.13,0.62,10.92,1.66
11.39044,55.32523,2004,6,28,180,2004-06-28,14.97,17.45,12.38,80.14,2.45,17.1,6.16
11.39044,55.32523,2004,6,29,181,2004-06-29,13.95,17.13,11.36,77.02,4.99,13.46,8.54
11.39044,55.32523,2004,6,30,182,2004-06-30,14.71,17.74,10.98,83.82,0.56,22.11,4.45
11.39044,55.32523,2004,7,1,183,2004-07-01,15.14,17.61,12.4,84.8,16.38,14.09,4.82
11.39044,55.32523,2004,7,2,184,2004-07-02,14.26,16.65,11.35,81.02,2.67,21.96,4.04
11.39044,55.32523,2004,7,3,185,2004-07-03,14.34,15.81,12.6,86.27,7.34,17.89,4.45
11.39044,55.32523,2004,7,4,186,2004-07-04,14.64,16.94,12.28,82.12,3.69,18.83,5.89
11.39044,55.32523,2004,7,5,187,2004-07-05,14.59,17.03,12.02,82.86,1.37,22.26,4.94
11.39044,55.32523,2004,7,6,188,2004-07-06,14.11,16.71,11.4,78.51,0.27,18.93,6.76
11.39044,55.32523,2004,7,7,189,2004-07-07,14.68,17.08,11.17,73.91,0.03,25.54,3.25
11.39044,55.32523,2004,7,8,190,2004-07-08,15.3,17.46,12.12,83.57,15.88,9.47,4.84
11.39044,55.32523,2004,7,9,191,2004-07-09,16.77,19.43,14.81,83.25,5.1,18.32,2.19
11.39044,55.32523,2004,7,10,192,2004-07-10,15.2,17.17,13.38,86.41,2.94,9.2,7.3
11.39044,55.32523,2004,7,11,193,2004-07-11,14.66,16.37,12.72,87.52,6.06,9.78,7.56
11.39044,55.32523,2004,7,12,194,2004-07-12,14.32,16.38,12.72,84.44,0.46,12.59,6.62
11.39044,55.32523,2004,7,13,195,2004-07-13,14,16.82,12.17,80.56,0.6,17.34,7.51
11.39044,55.32523,2004,7,14,196,2004-07-14,14.11,15.82,11.94,82.22,3.71,13.4,6.71
11.39044,55.32523,2004,7,15,197,2004-07-15,15.16,17.67,13,79.29,0.42,17.07,5.7
11.39044,55.32523,2004,7,16,198,2004-07-16,14.95,17.64,11.68,76.54,0.04,22.44,3.18
11.39044,55.32523,2004,7,17,199,2004-07-17,16.35,19.1,12.46,79.74,0.1,23.7,3.74
11.39044,55.32523,2004,7,18,200,2004-07-18,17.7,19.64,15.04,85.75,2.76,16.61,3.7
11.39044,55.32523,2004,7,19,201,2004-07-19,16.58,17.76,15.38,84.96,2.09,13.17,2.26
11.39044,55.32523,2004,7,20,202,2004-07-20,16.64,19.63,13.82,81.47,17.83,17.88,3.16
11.39044,55.32523,2004,7,21,203,2004-07-21,14.72,16.56,12.32,89.41,8.73,5.65,5.41
11.39044,55.32523,2004,7,22,204,2004-07-22,16.79,19.07,14.54,87.67,1.02,10.94,2.19
11.39044,55.32523,2004,7,23,205,2004-07-23,17.78,21.15,14.08,86.04,3.25,17.78,1.56
11.39044,55.32523,2004,7,24,206,2004-07-24,17.31,19.37,14.54,80.69,0.53,20.97,4.28
11.39044,55.32523,2004,7,25,207,2004-07-25,15.08,16.63,13.13,86.68,7.8,7.97,4.86
11.39044,55.32523,2004,7,26,208,2004-07-26,14.78,17.23,12.03,81.12,1.39,18.91,3.35
11.39044,55.32523,2004,7,27,209,2004-07-27,15.85,18.57,12.36,80.46,0.12,21.64,4.52
11.39044,55.32523,2004,7,28,210,2004-07-28,16.46,18.8,12.71,82.61,0.21,16.26,2.08
11.39044,55.32523,2004,7,29,211,2004-07-29,18.18,20.77,15.07,77.89,0.06,24.06,1.57
11.39044,55.32523,2004,7,30,212,2004-07-30,19.13,22.87,14.64,75.27,0.07,24.15,2.35
11.39044,55.32523,2004,7,31,213,2004-07-31,19,21.9,16.01,75.87,1.82,12.65,2.3
11.39044,55.32523,2004,8,1,214,2004-08-01,19.01,21.43,15.72,85.82,0.44,22.68,3.2
11.39044,55.32523,2004,8,2,215,2004-08-02,19.23,21.51,16.66,86.65,0.5,22.79,3.43
11.39044,55.32523,2004,8,3,216,2004-08-03,18.59,20.1,16.64,88.98,0.8,18.47,3.56
11.39044,55.32523,2004,8,4,217,2004-08-04,19.52,22.3,16.51,84.33,0.85,17.94,1.87
11.39044,55.32523,2004,8,5,218,2004-08-05,20.47,23.83,16.83,84.43,0.04,21.71,2.77
11.39044,55.32523,2004,8,6,219,2004-08-06,20.74,23.57,18.13,79.54,0.03,23.05,4.49
11.39044,55.32523,2004,8,7,220,2004-08-07,20.55,23.75,17.27,79.43,0.02,23.56,4.5
11.39044,55.32523,2004,8,8,221,2004-08-08,20.8,23.98,17.99,79.21,0.01,22.29,4.68
11.39044,55.32523,2004,8,9,222,2004-08-09,20.75,24.22,17.15,81.24,0.03,22.6,3.93
11.39044,55.32523,2004,8,10,223,2004-08-10,20.34,24.01,16.79,80.97,0.01,23.46,3.88
11.39044,55.32523,2004,8,11,224,2004-08-11,19.32,21.98,16.93,83.94,0.12,18.07,4.22
11.39044,55.32523,2004,8,12,225,2004-08-12,19.91,23.05,16.93,84.56,0.85,18.88,2.6
11.39044,55.32523,2004,8,13,226,2004-08-13,18.55,19.58,16.97,91.72,10.47,7.22,2.11
11.39044,55.32523,2004,8,14,227,2004-08-14,17.76,20.21,14.41,74.36,0.02,22.77,3.3
11.39044,55.32523,2004,8,15,228,2004-08-15,18.36,20.48,16.38,82.7,0.25,17.86,6.63
11.39044,55.32523,2004,8,16,229,2004-08-16,18.02,19.51,16.05,92.89,13.18,9.01,4.69
11.39044,55.32523,2004,8,17,230,2004-08-17,18.9,21.4,16.67,85.18,2.4,15.64,4.47
11.39044,55.32523,2004,8,18,231,2004-08-18,18.56,20.17,16.22,92.7,9.42,6.72,2.77
11.39044,55.32523,2004,8,19,232,2004-08-19,19.45,21.83,17.57,82.46,2.71,14.7,7.31
11.39044,55.32523,2004,8,20,233,2004-08-20,18.28,20.73,16.68,81.91,2.29,15.04,7.03
11.39044,55.32523,2004,8,21,234,2004-08-21,16.6,18.53,13.95,76.72,3.02,14.34,5.04
11.39044,55.32523,2004,8,22,235,2004-08-22,15,17.12,13.07,72.34,0.27,18.88,7.07
11.39044,55.32523,2004,8,23,236,2004-08-23,15.31,18.09,11.88,71.54,1.21,17.92,3.17
11.39044,55.32523,2004,8,24,237,2004-08-24,17.24,19.78,14.91,84.71,3.07,9.21,5.85
11.39044,55.32523,2004,8,25,238,2004-08-25,16.66,18.56,15.34,89.17,9.22,11.88,4.84
11.39044,55.32523,2004,8,26,239,2004-08-26,16.44,18.59,14.67,87.93,3.69,13.34,3.31
11.39044,55.32523,2004,8,27,240,2004-08-27,15.57,17.1,14.25,90.78,5.38,5.55,6.18
11.39044,55.32523,2004,8,28,241,2004-08-28,15.66,18.13,13.51,80.05,0.39,14.48,5.23
11.39044,55.32523,2004,8,29,242,2004-08-29,15.77,17.97,12.95,77.77,1.16,16.28,3.78
11.39044,55.32523,2004,8,30,243,2004-08-30,15.89,17.79,13.66,84.15,6.79,12.15,5.37
11.39044,55.32523,2004,8,31,244,2004-08-31,14.28,16.08,12.34,86.39,5.66,14.97,3.85
11.39044,55.32523,2004,9,1,245,2004-09-01,15.73,17.61,14.15,86.02,8.31,9.67,7.76
11.39044,55.32523,2004,9,2,246,2004-09-02,15.83,18.08,13.46,80.51,0.09,16.25,2.85
11.39044,55.32523,2004,9,3,247,2004-09-03,16.3,19.74,12.64,81.54,0,17.51,2.03
11.39044,55.32523,2004,9,4,248,2004-09-04,17.28,20.98,13.2,85.26,0.03,17.03,2.13
11.39044,55.32523,2004,9,5,249,2004-09-05,18.84,22.47,15.61,82.25,0.01,15.12,1.67
11.39044,55.32523,2004,9,6,250,2004-09-06,17.98,20.85,15.05,87.31,0.04,14.52,2.76
11.39044,55.32523,2004,9,7,251,2004-09-07,16.33,19.43,13.47,80.87,0.02,18.1,4.05
11.39044,55.32523,2004,9,8,252,2004-09-08,15.15,17.94,13,76.79,0.03,17.98,4.01
11.39044,55.32523,2004,9,9,253,2004-09-09,15.39,18.32,12.77,70.03,0,17.8,2.27
11.39044,55.32523,2004,9,10,254,2004-09-10,15.93,18.96,12.73,74.97,0,17.39,4.37
11.39044,55.32523,2004,9,11,255,2004-09-11,16.96,19.84,13.82,89.38,2.15,10.9,4.76
11.39044,55.32523,2004,9,12,256,2004-09-12,15.73,17.27,14.43,84.72,2.62,10.06,8.57
11.39044,55.32523,2004,9,13,257,2004-09-13,15.8,18,13.93,81.21,4.19,8.63,8.29
11.39044,55.32523,2004,9,14,258,2004-09-14,15.56,17.71,13.61,80.8,1.72,11.28,7.16
11.39044,55.32523,2004,9,15,259,2004-09-15,14.41,16.82,11.47,76.77,1.88,11.38,9.96
11.39044,55.32523,2004,9,16,260,2004-09-16,12.73,15.09,10.96,74.62,0.06,13.71,6.14
11.39044,55.32523,2004,9,17,261,2004-09-17,14.58,17.1,12.03,76.68,0.01,12.19,5.86
11.39044,55.32523,2004,9,18,262,2004-09-18,15.54,17.55,13.83,83.22,3.17,8.94,5.96
11.39044,55.32523,2004,9,19,263,2004-09-19,14.94,17.09,12.54,83.07,0.93,12.52,5.42
11.39044,55.32523,2004,9,20,264,2004-09-20,13.36,14.2,12.25,89.54,10.18,3.95,8.62
11.39044,55.32523,2004,9,21,265,2004-09-21,13.15,14.45,12.56,83.37,5.07,11.01,9.84
11.39044,55.32523,2004,9,22,266,2004-09-22,12.35,13.98,11.1,82.17,2.92,9.92,9.27
11.39044,55.32523,2004,9,23,267,2004-09-23,12.05,14.21,10.48,86.5,2.16,11.11,6.28
11.39044,55.32523,2004,9,24,268,2004-09-24,12.48,15.47,10.36,88.5,0.16,10.22,4.91
11.39044,55.32523,2004,9,25,269,2004-09-25,11.9,14.41,10.32,87.15,1.04,8.36,5.48
11.39044,55.32523,2004,9,26,270,2004-09-26,12.99,14.93,11.04,85.29,0.76,8.93,5.48
11.39044,55.32523,2004,9,27,271,2004-09-27,12.91,13.98,11.66,83.34,0.53,9.74,8
11.39044,55.32523,2004,9,28,272,2004-09-28,12.16,13.29,10.78,87.41,3.31,7.04,3.72
11.39044,55.32523,2004,9,29,273,2004-09-29,12.08,13.81,10.65,87.86,3.15,8.97,3.88
11.39044,55.32523,2004,9,30,274,2004-09-30,11.62,14.69,9.22,85.42,0.07,12.57,3.01
11.39044,55.32523,2004,10,1,275,2004-10-01,10.96,13.51,8.81,87.43,0.05,10.87,3.34
11.39044,55.32523,2004,10,2,276,2004-10-02,12.2,14.63,10.17,90.17,0.92,4.91,5.54
11.39044,55.32523,2004,10,3,277,2004-10-03,12.8,15.42,10.64,88.32,0.84,10.17,4.55
11.39044,55.32523,2004,10,4,278,2004-10-04,13.37,14.56,11.47,88.93,0.82,4.23,7.03
11.39044,55.32523,2004,10,5,279,2004-10-05,12.79,14.79,10.51,94.33,4.48,4.95,2.7
11.39044,55.32523,2004,10,6,280,2004-10-06,12.7,14.99,10.79,86.59,0.4,7.18,6.67
11.39044,55.32523,2004,10,7,281,2004-10-07,11.85,13.48,10.51,86.23,2.07,7.23,8.18
11.39044,55.32523,2004,10,8,282,2004-10-08,11.51,14,9.02,86.04,0.85,9.11,5.59
11.39044,55.32523,2004,10,9,283,2004-10-09,8.93,11.24,6.99,73.14,0,9.59,3.9
11.39044,55.32523,2004,10,10,284,2004-10-10,8.15,11.41,5.82,75.87,0.01,9.76,4.48
11.39044,55.32523,2004,10,11,285,2004-10-11,6.9,9.67,4.25,80.89,0.05,10.23,4.79
11.39044,55.32523,2004,10,12,286,2004-10-12,7.69,9.44,5.6,74.82,0.01,9.37,7.73
11.39044,55.32523,2004,10,13,287,2004-10-13,8.57,10.87,6.39,79.48,0,9.17,7.47
11.39044,55.32523,2004,10,14,288,2004-10-14,8.82,10.17,7.78,83.67,0,6.92,6.59
11.39044,55.32523,2004,10,15,289,2004-10-15,8.93,10.38,7.67,88.59,2.69,2.09,5.26
11.39044,55.32523,2004,10,16,290,2004-10-16,9.2,10.29,8.5,91.08,1.75,3.57,4.26
11.39044,55.32523,2004,10,17,291,2004-10-17,9.08,9.46,8.74,92.5,24.26,1.7,4.16
11.39044,55.32523,2004,10,18,292,2004-10-18,9.17,10.12,8.4,90.15,3.82,2.4,7.04
11.39044,55.32523,2004,10,19,293,2004-10-19,8.94,10.75,7.76,92.23,0.23,7.16,3.79
11.39044,55.32523,2004,10,20,294,2004-10-20,8.66,10.35,6.23,91.36,3.94,5.07,6.75
11.39044,55.32523,2004,10,21,295,2004-10-21,10.7,13.04,9.18,85.59,4.18,6.05,8.17
11.39044,55.32523,2004,10,22,296,2004-10-22,10.68,12.54,8.64,88.61,1.55,3.48,8.39
11.39044,55.32523,2004,10,23,297,2004-10-23,12.13,13.5,11.19,91.79,3.02,2.08,7.64
11.39044,55.32523,2004,10,24,298,2004-10-24,12.43,13.76,11.53,96.25,5.99,1.84,4.18
11.39044,55.32523,2004,10,25,299,2004-10-25,12.75,14.56,11.34,88.01,7.99,4.16,7.25
11.39044,55.32523,2004,10,26,300,2004-10-26,10.24,11.98,7.09,88.17,0.28,6.21,5.85
11.39044,55.32523,2004,10,27,301,2004-10-27,7.95,10.34,6.41,85.58,0,6.84,2.24
11.39044,55.32523,2004,10,28,302,2004-10-28,8.62,9.34,7.42,91.39,1.37,0.95,6.02
11.39044,55.32523,2004,10,29,303,2004-10-29,9.4,10.44,8.38,94.51,11.27,1.31,4.12
11.39044,55.32523,2004,10,30,304,2004-10-30,9.33,9.91,8.6,94.32,3.56,0.98,4.18
11.39044,55.32523,2004,10,31,305,2004-10-31,8.69,9.76,7.23,88.55,0.37,2.81,3.41
11.39044,55.32523,2004,11,1,306,2004-11-01,8.89,11.18,7.18,95.8,0.23,4.33,3.33
11.39044,55.32523,2004,11,2,307,2004-11-02,8.81,11.04,7.44,93.26,0.19,3.55,3.7
11.39044,55.32523,2004,11,3,308,2004-11-03,8.8,9.42,8.17,92.66,0.27,0.99,5.61
11.39044,55.32523,2004,11,4,309,2004-11-04,9.48,10.45,8.05,95.99,0.9,1.33,4.06
11.39044,55.32523,2004,11,5,310,2004-11-05,8.31,9.07,7.11,88.46,4.01,3.6,8.32
11.39044,55.32523,2004,11,6,311,2004-11-06,7.5,9.59,6,87.19,0.04,5.32,6.16
11.39044,55.32523,2004,11,7,312,2004-11-07,6.65,8.25,4.85,83.12,0.03,3.99,3.07
11.39044,55.32523,2004,11,8,313,2004-11-08,6.51,8.33,4.32,84.15,0.05,4.31,2.88
11.39044,55.32523,2004,11,9,314,2004-11-09,6.02,7.78,4.02,90.55,3.11,3.54,5.01
11.39044,55.32523,2004,11,10,315,2004-11-10,6.86,7.83,5.07,89.36,3.46,0.98,5.94
11.39044,55.32523,2004,11,11,316,2004-11-11,5.8,7.89,4.78,83.02,0.05,3.14,3.08
11.39044,55.32523,2004,11,12,317,2004-11-12,6.98,8.35,5.78,93.46,4.58,0.65,8.25
11.39044,55.32523,2004,11,13,318,2004-11-13,5.07,6.78,2.86,85.17,0.02,4.5,6.17
11.39044,55.32523,2004,11,14,319,2004-11-14,5.05,7.54,1.79,92.3,0.04,3.96,5.58
11.39044,55.32523,2004,11,15,320,2004-11-15,8.94,9.68,7.46,92.51,1.27,1.3,8.7
11.39044,55.32523,2004,11,16,321,2004-11-16,6.12,7.75,4.91,87.79,0.05,4.08,6.37
11.39044,55.32523,2004,11,17,322,2004-11-17,5.31,9.33,3.11,87.29,4.98,0.88,5.09
11.39044,55.32523,2004,11,18,323,2004-11-18,5.55,8.32,3.02,76.6,1.39,3.04,10.15
11.39044,55.32523,2004,11,19,324,2004-11-19,2.37,4.15,0.96,74.09,0.07,3.75,4.79
11.39044,55.32523,2004,11,20,325,2004-11-20,2.17,2.9,1.47,87.93,1.16,3.12,5.4
11.39044,55.32523,2004,11,21,326,2004-11-21,2.59,4.19,1.39,76.87,0.33,3.6,3.76
11.39044,55.32523,2004,11,22,327,2004-11-22,5.48,8.86,1.65,93.92,13.45,0.69,8.41
11.39044,55.32523,2004,11,23,328,2004-11-23,3.8,5.02,1.47,80.76,0.03,2.3,8.46
11.39044,55.32523,2004,11,24,329,2004-11-24,2.58,4.7,0.69,83.25,1.18,2.71,4.14
11.39044,55.32523,2004,11,25,330,2004-11-25,6.85,8.64,5.03,96,0.29,1.77,7.04
11.39044,55.32523,2004,11,26,331,2004-11-26,5.78,7.12,4.22,96.39,6.75,0.85,5.67
11.39044,55.32523,2004,11,27,332,2004-11-27,6.38,7.22,4.56,94.66,2.13,1.88,5.47
11.39044,55.32523,2004,11,28,333,2004-11-28,5.37,6.03,4.91,98.22,2.67,1.2,2.96
11.39044,55.32523,2004,11,29,334,2004-11-29,5.06,6.12,4.23,95.33,0.45,1.46,2.37
11.39044,55.32523,2004,11,30,335,2004-11-30,4.4,5.58,3.68,95.84,0.17,1.44,3.78
11.39044,55.32523,2004,12,1,336,2004-12-01,2.68,4.03,1.5,94,8.43,1.13,2.97
11.39044,55.32523,2004,12,2,337,2004-12-02,3.71,4.91,1.47,97.36,2.12,1.8,4.33
11.39044,55.32523,2004,12,3,338,2004-12-03,3.29,4.03,2.67,97.61,0.41,1.95,3.99
11.39044,55.32523,2004,12,4,339,2004-12-04,5.05,6.07,3.2,97.73,1.48,1.27,5.39
11.39044,55.32523,2004,12,5,340,2004-12-05,6.44,7.21,5.79,92.08,0.61,1.58,8.23
11.39044,55.32523,2004,12,6,341,2004-12-06,5.44,6.7,3.74,96.19,0.22,1.89,5.79
11.39044,55.32523,2004,12,7,342,2004-12-07,5.83,6.82,4.42,97.22,0.21,1.65,6.31
11.39044,55.32523,2004,12,8,343,2004-12-08,4.41,5.31,3.55,97.88,0.14,2.28,5.93
11.39044,55.32523,2004,12,9,344,2004-12-09,3.61,4.4,2.81,96.81,0.19,0.63,3.41
11.39044,55.32523,2004,12,10,345,2004-12-10,0.98,2.42,-0.32,97.08,0.01,1.44,3.54
11.39044,55.32523,2004,12,11,346,2004-12-11,3.78,5.67,-0.27,98.63,0.39,1.21,4
11.39044,55.32523,2004,12,12,347,2004-12-12,4.65,5.45,3.67,98.36,0.42,1.08,3.09
11.39044,55.32523,2004,12,13,348,2004-12-13,5.31,5.58,4.78,99.18,1,1.12,1.95
11.39044,55.32523,2004,12,14,349,2004-12-14,1.38,4.56,-0.74,93.33,0.53,0.28,5.27
11.39044,55.32523,2004,12,15,350,2004-12-15,3.49,6.14,1.18,94.46,1.82,0.35,7.65
11.39044,55.32523,2004,12,16,351,2004-12-16,3.86,4.97,2.37,94.43,1.53,0.89,6.79
11.39044,55.32523,2004,12,17,352,2004-12-17,4.49,5.33,3.6,94.9,2.44,1.55,6.58
11.39044,55.32523,2004,12,18,353,2004-12-18,2.36,3.53,0.66,94.48,0.52,1.58,6.54
11.39044,55.32523,2004,12,19,354,2004-12-19,0.64,2.04,-0.43,88.4,1.32,1.9,5.72
11.39044,55.32523,2004,12,20,355,2004-12-20,2.38,3.04,1.31,93.01,3.73,1.2,5
11.39044,55.32523,2004,12,21,356,2004-12-21,0.35,1.31,-0.55,92.24,0.7,1.42,5.13
11.39044,55.32523,2004,12,22,357,2004-12-22,1.49,5,-0.5,94.35,4.33,0.76,9.29
11.39044,55.32523,2004,12,23,358,2004-12-23,5.16,7.19,3.89,94.26,6.3,0.66,8.02
11.39044,55.32523,2004,12,24,359,2004-12-24,3.53,5.61,0.86,95.27,9.59,1.07,6.64
11.39044,55.32523,2004,12,25,360,2004-12-25,3.49,4.41,1.98,94.73,5.02,1.85,7.52
11.39044,55.32523,2004,12,26,361,2004-12-26,1.54,2.62,0.3,96.18,0.39,1.68,2.78
11.39044,55.32523,2004,12,27,362,2004-12-27,0.14,0.97,-0.85,95.29,0.45,1.03,2.73
11.39044,55.32523,2004,12,28,363,2004-12-28,0.37,1.31,-0.88,89.27,2.19,0.8,6.67
11.39044,55.32523,2004,12,29,364,2004-12-29,1.79,3.51,0.57,97.5,0.62,2.26,3.18
11.39044,55.32523,2004,12,30,365,2004-12-30,4.59,6.48,2.87,96.37,2.73,0.55,8.33
11.39044,55.32523,2005,1,1,1,2005-01-01,3.26,4.49,1.75,97.28,0.22,1.58,6.21
11.39044,55.32523,2005,1,2,2,2005-01-02,4.35,5.98,3.01,86.04,6.58,1.37,11.52
11.39044,55.32523,2005,1,3,3,2005-01-03,4.44,5.96,3.26,85.99,2.23,1.84,9.27
11.39044,55.32523,2005,1,4,4,2005-01-04,6.51,7.09,4.84,92.96,3.58,0.31,9.29
11.39044,55.32523,2005,1,5,5,2005-01-05,4.89,5.65,4.3,91.47,0.63,1.76,7.12
11.39044,55.32523,2005,1,6,6,2005-01-06,5.18,6.21,4.44,90.76,2.31,2.44,8.11
11.39044,55.32523,2005,1,7,7,2005-01-07,8.11,9.01,6.69,92.52,2.6,0.48,11.17
11.39044,55.32523,2005,1,8,8,2005-01-08,7.87,8.83,5.94,80.76,1.69,0.81,14.22
11.39044,55.32523,2005,1,9,9,2005-01-09,5.83,6.45,5.36,85.79,3.04,2.13,10.62
11.39044,55.32523,2005,1,10,10,2005-01-10,7.61,9.27,5.16,90.34,2.54,0.98,10.25
11.39044,55.32523,2005,1,11,11,2005-01-11,5.86,6.51,5.05,96.14,0.6,2.15,6.39
11.39044,55.32523,2005,1,12,12,2005-01-12,6.39,7.54,5.79,85.72,2.11,2.47,9.43
11.39044,55.32523,2005,1,13,13,2005-01-13,4.55,5.82,3.48,89.8,0.55,2.79,8.82
11.39044,55.32523,2005,1,14,14,2005-01-14,3.43,4.82,2.41,96.7,0.03,3.11,5.26
11.39044,55.32523,2005,1,15,15,2005-01-15,1.81,2.56,1.41,96.05,0.27,1.67,2.75
11.39044,55.32523,2005,1,16,16,2005-01-16,2.27,3.16,1.4,91.69,0.08,2.21,6.1
11.39044,55.32523,2005,1,17,17,2005-01-17,3.73,5.07,1.2,95.28,1.31,0.7,7.65
11.39044,55.32523,2005,1,18,18,2005-01-18,3.55,5.13,1.19,93.13,5.53,0.9,6.67
11.39044,55.32523,2005,1,19,19,2005-01-19,2.12,3.69,0.91,96.16,1.9,1.69,5.9
11.39044,55.32523,2005,1,20,20,2005-01-20,4.18,5.72,1.57,88.68,9.54,2.09,11.07
11.39044,55.32523,2005,1,21,21,2005-01-21,2.79,4.06,1.06,88.52,0.91,3.37,8.59
11.39044,55.32523,2005,1,22,22,2005-01-22,1.24,3.53,-0.04,94.23,0.08,3.82,5.12
11.39044,55.32523,2005,1,23,23,2005-01-23,0.92,2.78,-0.12,86.33,1.23,2.99,6.74
11.39044,55.32523,2005,1,24,24,2005-01-24,0.36,1.49,-0.34,78.23,0.03,2.99,7.52
11.39044,55.32523,2005,1,25,25,2005-01-25,-0.58,-0.07,-1.38,81.32,0.06,2.46,5.98
11.39044,55.32523,2005,1,26,26,2005-01-26,-0.99,-0.18,-1.8,86.22,0.09,2.23,2.82
11.39044,55.32523,2005,1,27,27,2005-01-27,0.38,1.97,-0.81,89.17,0.76,2.62,2.34
11.39044,55.32523,2005,1,28,28,2005-01-28,0.01,1.37,-0.92,83.95,0.55,2.56,2.03
11.39044,55.32523,2005,1,29,29,2005-01-29,-0.11,1.6,-1.84,86.29,0.12,2.21,3.32
11.39044,55.32523,2005,1,30,30,2005-01-30,3.25,4.21,1.85,97.74,0.5,2.28,5.99
11.39044,55.32523,2005,1,31,31,2005-01-31,3.69,5.49,1.87,90.25,0.12,3.99,8.36
11.39044,55.32523,2005,2,1,32,2005-02-01,1.98,4.3,0.27,88.66,0,5.35,6.16
11.39044,55.32523,2005,2,2,33,2005-02-02,2.05,4.06,0.09,97.9,0.19,3.36,4.26
11.39044,55.32523,2005,2,3,34,2005-02-03,1.28,2.63,-0.31,97.36,0.36,3.96,2.38
11.39044,55.32523,2005,2,4,35,2005-02-04,3.52,5.4,2.41,97.36,0.39,2.31,3.22
11.39044,55.32523,2005,2,5,36,2005-02-05,2.14,4.07,-0.51,93.02,0.37,2.19,5.29
11.39044,55.32523,2005,2,6,37,2005-02-06,-0.53,0.81,-1.38,86.53,0,4.56,5.61
11.39044,55.32523,2005,2,7,38,2005-02-07,-0.48,1.13,-1.49,82.8,0,5.6,5.19
11.39044,55.32523,2005,2,8,39,2005-02-08,-1.51,-0.41,-2.48,80.03,0.01,5.32,4.65
11.39044,55.32523,2005,2,9,40,2005-02-09,-0.15,1.77,-2.57,94.49,1.01,4.65,5.44
11.39044,55.32523,2005,2,10,41,2005-02-10,3.36,5.69,2,93.68,5.03,3.34,8.3
11.39044,55.32523,2005,2,11,42,2005-02-11,2.39,4.62,1.35,93.88,0.03,6.68,5.65
11.39044,55.32523,2005,2,12,43,2005-02-12,1.43,2.69,0.84,96.93,16.9,1.51,6.67
11.39044,55.32523,2005,2,13,44,2005-02-13,0.64,0.88,0.33,86.39,3.91,1.71,11.38
11.39044,55.32523,2005,2,14,45,2005-02-14,0.33,1.09,-0.53,85.09,1.04,2.45,9.23
11.39044,55.32523,2005,2,15,46,2005-02-15,-0.88,0.67,-2.5,84.53,0.12,3.2,7.11
11.39044,55.32523,2005,2,16,47,2005-02-16,-1.91,-0.33,-2.87,85.8,0.11,2.37,5.04
11.39044,55.32523,2005,2,17,48,2005-02-17,-1.85,-0.72,-2.81,81.75,0.57,3.58,2.84
11.39044,55.32523,2005,2,18,49,2005-02-18,0.44,1.33,-1.14,94.99,2.84,1.76,7.14
11.39044,55.32523,2005,2,19,50,2005-02-19,1.09,2.11,-0.23,97.15,0.59,4.85,3.25
11.39044,55.32523,2005,2,20,51,2005-02-20,0.34,2.24,-1.09,95.08,0.97,3.46,2.61
11.39044,55.32523,2005,2,21,52,2005-02-21,0.51,2.05,-0.48,93.83,0.28,4.73,4.78
11.39044,55.32523,2005,2,22,53,2005-02-22,-0.93,0.57,-2.18,88.79,0.8,3.48,7.9
11.39044,55.32523,2005,2,23,54,2005-02-23,-0.86,0.29,-2.43,88.4,7.16,1.68,10.87
11.39044,55.32523,2005,2,24,55,2005-02-24,0.94,2.01,0.11,93.07,3.09,1.68,6.92
11.39044,55.32523,2005,2,25,56,2005-02-25,-0.38,0.98,-2.09,91.21,0.34,3.45,4.13
11.39044,55.32523,2005,2,26,57,2005-02-26,-1.59,-0.34,-3.2,83.77,0.27,5.68,4.86
11.39044,55.32523,2005,2,27,58,2005-02-27,-3.94,-2.7,-5.13,71.04,0.02,7.57,6.73
11.39044,55.32523,2005,2,28,59,2005-02-28,-1.04,1.77,-4.49,82.28,0.62,6.22,5.36
11.39044,55.32523,2005,3,1,60,2005-03-01,-0.03,0.84,-0.96,94.35,3.78,3.19,3.56
11.39044,55.32523,2005,3,2,61,2005-03-02,-1.44,-0.5,-3.74,92.51,3.84,2.46,4.6
11.39044,55.32523,2005,3,3,62,2005-03-03,-4.16,-1.84,-5.86,79.45,0.01,9.78,4.77
11.39044,55.32523,2005,3,4,63,2005-03-04,-3.62,-0.96,-6.31,77.89,0.01,7.24,4.05
11.39044,55.32523,2005,3,5,64,2005-03-05,-3,-0.67,-5.4,83.07,0.07,7.45,4.96
11.39044,55.32523,2005,3,6,65,2005-03-06,-2.03,0.24,-4.05,84.41,0.02,10.38,4.55
11.39044,55.32523,2005,3,7,66,2005-03-07,-0.13,3.04,-3.52,94.55,0,7.79,4.26
11.39044,55.32523,2005,3,8,67,2005-03-08,0.89,3.65,-0.77,92.75,0.01,9.86,3.87
11.39044,55.32523,2005,3,9,68,2005-03-09,0.25,1.82,-1.43,80.87,0.58,10.43,2.93
11.39044,55.32523,2005,3,10,69,2005-03-10,0.21,2.4,-2.33,81.8,0.18,8.17,5.62
11.39044,55.32523,2005,3,11,70,2005-03-11,2.22,4.19,1.1,90.72,5.99,7.46,9.11
11.39044,55.32523,2005,3,12,71,2005-03-12,0.46,2.57,-2.22,88.61,1.31,4.31,6.52
11.39044,55.32523,2005,3,13,72,2005-03-13,-0.92,1.79,-3.26,86.47,1.1,6.6,4.58
11.39044,55.32523,2005,3,14,73,2005-03-14,1.97,3.99,0.1,88.55,0.47,8.78,6.82
11.39044,55.32523,2005,3,15,74,2005-03-15,1.4,3.18,0.13,96.38,7.89,5.39,4.76
11.39044,55.32523,2005,3,16,75,2005-03-16,5.84,8.15,3.4,94.53,2.99,3.82,7.68
11.39044,55.32523,2005,3,17,76,2005-03-17,6.16,7.75,4.78,94.76,2.85,4.37,8.04
11.39044,55.32523,2005,3,18,77,2005-03-18,3.37,5.13,1,93.31,4.46,5.47,4.52
11.39044,55.32523,2005,3,19,78,2005-03-19,-0.51,1,-1.8,70.27,0.01,15.27,4
11.39044,55.32523,2005,3,20,79,2005-03-20,-0.51,1.39,-1.87,62.37,0,14.13,1.3
11.39044,55.32523,2005,3,21,80,2005-03-21,0.68,3.37,-1,72.39,0,14.78,3.1
11.39044,55.32523,2005,3,22,81,2005-03-22,2.48,5.41,-0.39,81.27,0,13.24,5.01
11.39044,55.32523,2005,3,23,82,2005-03-23,5.26,9.73,2.03,92.8,0.75,6.06,3.43
11.39044,55.32523,2005,3,24,83,2005-03-24,5.63,8.13,3.94,96.03,0.2,8.19,1.33
11.39044,55.32523,2005,3,25,84,2005-03-25,5.26,7.55,4.01,96.21,0.5,9.48,3.69
11.39044,55.32523,2005,3,26,85,2005-03-26,4.95,6.96,3.31,94.69,1.18,8.04,5.33
11.39044,55.32523,2005,3,27,86,2005-03-27,4.37,7.68,1.59,88.99,0.31,9.31,6.31
11.39044,55.32523,2005,3,28,87,2005-03-28,3.39,6.49,1.2,86.03,0.05,13.2,5.02
11.39044,55.32523,2005,3,29,88,2005-03-29,2.78,6.05,0.26,82.92,0,17.04,6.92
11.39044,55.32523,2005,3,30,89,2005-03-30,2.63,5.88,0.18,83.4,0,17.85,6.66
11.39044,55.32523,2005,3,31,90,2005-03-31,2.64,6.47,-0.27,84.72,0,17.99,3.59
11.39044,55.32523,2005,4,1,91,2005-04-01,4.04,8.62,-0.05,82.75,0.01,18.4,2.67
11.39044,55.32523,2005,4,2,92,2005-04-02,5.07,9.88,0.96,80.7,0,18.04,3.57
11.39044,55.32523,2005,4,3,93,2005-04-03,6.66,11.68,1.96,78.44,0,17.42,3.71
11.39044,55.32523,2005,4,4,94,2005-04-04,8.66,13.11,4.26,80.35,0.01,15.91,3.4
11.39044,55.32523,2005,4,5,95,2005-04-05,6.61,9.19,3.66,83.51,1.62,14.74,6.23
11.39044,55.32523,2005,4,6,96,2005-04-06,6.45,9.5,3.7,85.06,0.54,12.86,5.34
11.39044,55.32523,2005,4,7,97,2005-04-07,6.95,9.28,3.84,87.34,1.75,11.91,6.99
11.39044,55.32523,2005,4,8,98,2005-04-08,5.89,8.2,3.86,85.72,0.25,10.17,5.56
11.39044,55.32523,2005,4,9,99,2005-04-09,4.21,6.79,1.58,78.88,0.03,18.85,5.24
11.39044,55.32523,2005,4,10,100,2005-04-10,4.15,6.97,0.68,90.6,1.54,9.11,4.17
11.39044,55.32523,2005,4,11,101,2005-04-11,8.1,12.13,4.44,89.59,0.45,16.88,5.9
11.39044,55.32523,2005,4,12,102,2005-04-12,7.95,11.61,4.4,85.11,0.37,16.6,5.06
11.39044,55.32523,2005,4,13,103,2005-04-13,7.08,9.62,5.18,86.38,3.99,7.68,1.88
11.39044,55.32523,2005,4,14,104,2005-04-14,8.94,11.12,6.91,93.67,6.09,9,2.79
11.39044,55.32523,2005,4,15,105,2005-04-15,10.26,15.55,6.73,79.19,0.07,14.92,2.96
11.39044,55.32523,2005,4,16,106,2005-04-16,9.37,13.44,5.46,84.92,0.01,17.64,4.01
11.39044,55.32523,2005,4,17,107,2005-04-17,8.98,13.19,5.1,80.56,0,19.09,5.07
11.39044,55.32523,2005,4,18,108,2005-04-18,7.72,11.53,5.2,72.39,0.01,14.82,6.06
11.39044,55.32523,2005,4,19,109,2005-04-19,6.12,9.88,3.26,72.05,0,20.63,5.19
11.39044,55.32523,2005,4,20,110,2005-04-20,4.85,7.69,1.87,70.29,0.01,18.94,3.03
11.39044,55.32523,2005,4,21,111,2005-04-21,6.08,9.31,2.23,76.37,0.02,21.09,3.85
11.39044,55.32523,2005,4,22,112,2005-04-22,6.51,9.35,3.44,82.38,0.09,18.34,2.04
11.39044,55.32523,2005,4,23,113,2005-04-23,5.83,8.58,2.54,73.66,0.11,17.54,4.12
11.39044,55.32523,2005,4,24,114,2005-04-24,6.03,9.99,2.29,65.83,0,23.09,3.76
11.39044,55.32523,2005,4,25,115,2005-04-25,5.96,9.24,2.54,72.67,0,24.18,5.93
11.39044,55.32523,2005,4,26,116,2005-04-26,6.46,10.6,2.28,74.75,0,23.66,5.88
11.39044,55.32523,2005,4,27,117,2005-04-27,6.26,9.83,3.12,83.72,7.52,10.82,5.14
11.39044,55.32523,2005,4,28,118,2005-04-28,7.69,10.9,5.02,85.78,1.46,14.08,1.53
11.39044,55.32523,2005,4,29,119,2005-04-29,8.08,10.01,6.27,86.44,0.94,7.55,5.32
11.39044,55.32523,2005,4,30,120,2005-04-30,9.82,11.89,6.97,84.42,0.64,12.25,1.91
11.39044,55.32523,2005,5,1,121,2005-05-01,10.02,12.13,8.28,84.77,2.59,8.6,1.79
11.39044,55.32523,2005,5,2,122,2005-05-02,12.03,16.69,8.38,91.03,6.68,11.88,4.9
11.39044,55.32523,2005,5,3,123,2005-05-03,12.85,16.54,8.75,77.94,0.92,17.87,2.05
11.39044,55.32523,2005,5,4,124,2005-05-04,10.94,12.22,7.08,87.42,2.72,10.51,2.7
11.39044,55.32523,2005,5,5,125,2005-05-05,9.16,12.32,6.12,85.67,1.41,20.53,6.01
11.39044,55.32523,2005,5,6,126,2005-05-06,8.93,10.75,6.47,80.17,2.04,18.15,6.31
11.39044,55.32523,2005,5,7,127,2005-05-07,7.46,9.39,5.63,80.75,2.74,16.72,4.91
11.39044,55.32523,2005,5,8,128,2005-05-08,7.23,9.23,4.82,79.35,1.24,19.05,5.29
11.39044,55.32523,2005,5,9,129,2005-05-09,7.35,9.71,5.31,83.66,1.64,16.61,4.92
11.39044,55.32523,2005,5,10,130,2005-05-10,6.97,9.16,4.64,83.12,1.45,17.46,2.39
11.39044,55.32523,2005,5,11,131,2005-05-11,8.73,11.54,5.98,84.58,0.86,21.37,3.44
11.39044,55.32523,2005,5,12,132,2005-05-12,9.78,13.05,6.21,80.73,0.03,24.83,3.11
11.39044,55.32523,2005,5,13,133,2005-05-13,11.02,13.81,6.83,73.86,0,25.95,1.47
11.39044,55.32523,2005,5,14,134,2005-05-14,11.36,13.8,8.26,70.71,0.54,20.21,2.67
11.39044,55.32523,2005,5,15,135,2005-05-15,11.33,15.18,6.88,75.15,0.02,24,3.11
11.39044,55.32523,2005,5,16,136,2005-05-16,9.19,11.36,6.39,79.95,2.64,13.44,6.75
11.39044,55.32523,2005,5,17,137,2005-05-17,8.27,10.66,5.52,74.71,0.12,23.07,4.63
11.39044,55.32523,2005,5,18,138,2005-05-18,7.6,9.38,5.45,72.29,0.4,23.91,5.47
11.39044,55.32523,2005,5,19,139,2005-05-19,9.32,12.97,4.98,75.21,0.06,22.26,4.21
11.39044,55.32523,2005,5,20,140,2005-05-20,11.86,14.36,9.43,79.78,1.89,10.15,6.58
11.39044,55.32523,2005,5,21,141,2005-05-21,12.93,16.13,10.74,84.09,9.9,15.48,3.44
11.39044,55.32523,2005,5,22,142,2005-05-22,14.24,18.17,10.55,80.03,1.58,23.99,2.53
11.39044,55.32523,2005,5,23,143,2005-05-23,13.27,15.59,9.95,84.04,6.71,13.18,2.41
11.39044,55.32523,2005,5,24,144,2005-05-24,12.12,14.83,7.78,77.08,0.29,23.76,4.19
11.39044,55.32523,2005,5,25,145,2005-05-25,13.42,15.81,11.34,85.11,1.53,14.83,4.52
11.39044,55.32523,2005,5,26,146,2005-05-26,15.81,19.9,10.46,84.22,0.01,21.08,4.72
11.39044,55.32523,2005,5,27,147,2005-05-27,15.89,18.9,12.26,71.09,0,26.04,2.28
11.39044,55.32523,2005,5,28,148,2005-05-28,17.33,23.22,12.9,77.3,0.11,23.99,4.37
11.39044,55.32523,2005,5,29,149,2005-05-29,14.33,16.78,11.43,76.31,0.01,26.7,5.24
11.39044,55.32523,2005,5,30,150,2005-05-30,12.5,14.8,10.27,76.35,3.88,18.17,3.86
11.39044,55.32523,2005,5,31,151,2005-05-31,10.34,11.37,8.89,85.4,6.21,10.65,7.73
11.39044,55.32523,2005,6,1,152,2005-06-01,11.2,13.19,9.67,76.29,0.56,15.05,6.04
11.39044,55.32523,2005,6,2,153,2005-06-02,11.51,14.13,8.7,85.88,7.02,4.67,4.77
11.39044,55.32523,2005,6,3,154,2005-06-03,15.42,18.32,12.55,88.24,9.71,15.39,3.75
11.39044,55.32523,2005,6,4,155,2005-06-04,13.82,15.42,11.48,87.4,6.1,11.67,7.45
11.39044,55.32523,2005,6,5,156,2005-06-05,12.6,14.62,9.46,82.43,0.64,10.11,6.9
11.39044,55.32523,2005,6,6,157,2005-06-06,10.55,12.65,8.49,76.19,1.05,15.75,7.9
11.39044,55.32523,2005,6,7,158,2005-06-07,11.72,13.4,9.54,67.5,0.07,29.54,7.06
11.39044,55.32523,2005,6,8,159,2005-06-08,12.29,15.24,8.01,69.83,0,26.32,2.58
11.39044,55.32523,2005,6,9,160,2005-06-09,13.68,16.92,9.07,79.54,0.25,22.47,3.55
11.39044,55.32523,2005,6,10,161,2005-06-10,12.77,14.65,9.92,76.61,0.1,20.74,6.47
11.39044,55.32523,2005,6,11,162,2005-06-11,11.96,14.65,8.86,79.47,1.11,22.64,4.85
11.39044,55.32523,2005,6,12,163,2005-06-12,11.33,12.89,9.62,78.25,1.38,18.04,5.29
11.39044,55.32523,2005,6,13,164,2005-06-13,11,13.33,9.38,82.58,12.71,10.6,5.94
11.39044,55.32523,2005,6,14,165,2005-06-14,14.16,17.82,9.92,74.33,0.01,22.16,4.63
11.39044,55.32523,2005,6,15,166,2005-06-15,15.91,20.66,10.89,73.47,0.01,26.84,1.76
11.39044,55.32523,2005,6,16,167,2005-06-16,15.4,18.79,11.69,77.36,0.8,15.75,3.41
11.39044,55.32523,2005,6,17,168,2005-06-17,15.32,18.36,11.66,88.48,5.21,11.41,5.48
11.39044,55.32523,2005,6,18,169,2005-06-18,14.96,17.99,11.18,77.08,0.01,28.46,5.52
11.39044,55.32523,2005,6,19,170,2005-06-19,16.67,19.57,12.89,82.78,0.29,17.45,2.66
11.39044,55.32523,2005,6,20,171,2005-06-20,17.99,20.79,14.63,77.81,0,25.38,2.82
11.39044,55.32523,2005,6,21,172,2005-06-21,17.48,20.37,14.6,82.36,0.38,17.33,4.92
11.39044,55.32523,2005,6,22,173,2005-06-22,15.96,18.27,13.4,77.89,0.07,26.75,6.1
11.39044,55.32523,2005,6,23,174,2005-06-23,17.86,21.21,13.62,82.42,0.02,27.53,3.01
11.39044,55.32523,2005,6,24,175,2005-06-24,19.9,24.47,16,77.08,0,22.43,1.35
11.39044,55.32523,2005,6,25,176,2005-06-25,16.83,18.8,14.41,81.44,6.02,15.45,4.12
11.39044,55.32523,2005,6,26,177,2005-06-26,16.15,18.97,13.11,75.19,0.01,28.64,3.96
11.39044,55.32523,2005,6,27,178,2005-06-27,15.42,18.53,12.08,77.97,0.05,24.07,6.66
11.39044,55.32523,2005,6,28,179,2005-06-28,15.29,18.26,12,75.26,0.02,25.73,6.43
11.39044,55.32523,2005,6,29,180,2005-06-29,15.95,19.18,12.23,77.58,0.01,27.8,3.72
11.39044,55.32523,2005,6,30,181,2005-06-30,16.7,19.57,12.84,76.56,0,28.2,3.16
11.39044,55.32523,2005,7,1,182,2005-07-01,17.13,19.89,14.11,77.13,0.07,26.56,2.86
11.39044,55.32523,2005,7,2,183,2005-07-02,17.98,20.78,13.88,78.21,0.09,20.95,1.59
11.39044,55.32523,2005,7,3,184,2005-07-03,18.81,21.79,15.62,77.69,0.04,21.32,3.51
11.39044,55.32523,2005,7,4,185,2005-07-04,19.61,23.24,16.57,77.6,0.11,22.8,6.87
11.39044,55.32523,2005,7,5,186,2005-07-05,16.57,17.64,13.92,86.95,16,6.58,5.02
11.39044,55.32523,2005,7,6,187,2005-07-06,15.38,17.65,13.31,83.3,8.27,9.52,3.6
11.39044,55.32523,2005,7,7,188,2005-07-07,17.46,19.82,15.24,79.44,1.25,23.56,2.7
11.39044,55.32523,2005,7,8,189,2005-07-08,19.18,22.51,15.01,79.26,1.3,23.58,2.13
11.39044,55.32523,2005,7,9,190,2005-07-09,20.47,24.3,16.55,77.11,0.01,27.32,2.64
11.39044,55.32523,2005,7,10,191,2005-07-10,20.52,24.96,16.86,80.61,0.14,24.11,2.73
11.39044,55.32523,2005,7,11,192,2005-07-11,21.16,24.67,16.66,72.65,0.06,25.45,1.42
11.39044,55.32523,2005,7,12,193,2005-07-12,21.57,25.37,17.24,71.55,0.01,26.44,2.27
11.39044,55.32523,2005,7,13,194,2005-07-13,19.37,21.93,16.24,81.65,0.04,19.59,4.02
11.39044,55.32523,2005,7,14,195,2005-07-14,18.28,20.39,15.22,81.59,0.5,14.76,3.02
11.39044,55.32523,2005,7,15,196,2005-07-15,19.34,22.47,16.1,86.84,4.68,12.6,4.51
11.39044,55.32523,2005,7,16,197,2005-07-16,16.71,18.7,14.7,78.73,1.24,15.66,6.49
11.39044,55.32523,2005,7,17,198,2005-07-17,17.28,19.96,14.56,80.16,0.51,17.89,6.84
11.39044,55.32523,2005,7,18,199,2005-07-18,19.28,21.73,16.67,87.09,5.18,14.94,3.28
11.39044,55.32523,2005,7,19,200,2005-07-19,18.16,20.09,14.76,83.66,17.63,12.15,5.11
11.39044,55.32523,2005,7,20,201,2005-07-20,15.68,17.3,14.41,81.77,8.51,14.19,7.26
11.39044,55.32523,2005,7,21,202,2005-07-21,16.63,19.07,14.06,85.39,11.2,12.71,5.11
11.39044,55.32523,2005,7,22,203,2005-07-22,17.4,19.38,14.86,82.67,1.24,22.08,4.29
11.39044,55.32523,2005,7,23,204,2005-07-23,16.77,18.7,15.15,86.42,0.59,13.59,5.61
11.39044,55.32523,2005,7,24,205,2005-07-24,15.47,16.86,14.2,80.34,0.53,8.66,5.88
11.39044,55.32523,2005,7,25,206,2005-07-25,15.34,17.36,12.94,82.78,2.57,7.69,2.3
11.39044,55.32523,2005,7,26,207,2005-07-26,16.25,18.32,14.04,75.31,0.35,15.65,4.52
11.39044,55.32523,2005,7,27,208,2005-07-27,16.37,18.82,13.53,76.15,0.17,17.08,3.74
11.39044,55.32523,2005,7,28,209,2005-07-28,18.47,21.89,15.16,86.52,4.27,10.64,2.7
11.39044,55.32523,2005,7,29,210,2005-07-29,20.06,23.81,16.36,91.02,5.85,9.19,2.06
11.39044,55.32523,2005,7,30,211,2005-07-30,19.17,21.6,16.14,88.13,4.98,4.97,3.62
11.39044,55.32523,2005,7,31,212,2005-07-31,17.64,20.59,15.16,80.93,8.42,16.06,6.06
11.39044,55.32523,2005,8,1,213,2005-08-01,17.36,20.08,14.92,84.9,2.74,16.23,5.54
11.39044,55.32523,2005,8,2,214,2005-08-02,16.09,17.65,14.33,82.51,0.44,8.21,4.24
11.39044,55.32523,2005,8,3,215,2005-08-03,16.25,18.79,13.54,77.82,0.98,15.48,2.91
11.39044,55.32523,2005,8,4,216,2005-08-04,15.79,18.17,13.68,79.38,1.26,17.84,5.39
11.39044,55.32523,2005,8,5,217,2005-08-05,15.09,16.88,13.5,84.89,12.43,10.25,5.05
11.39044,55.32523,2005,8,6,218,2005-08-06,14.63,16.72,12.67,80.68,2.79,20.45,5.42
11.39044,55.32523,2005,8,7,219,2005-08-07,14.27,16.35,12.21,81.35,2.72,19.46,4.08
11.39044,55.32523,2005,8,8,220,2005-08-08,14.6,16.86,11.83,81.91,0.99,13.44,2.9
11.39044,55.32523,2005,8,9,221,2005-08-09,15.54,17.79,12.72,82.08,0.53,17.06,1.92
11.39044,55.32523,2005,8,10,222,2005-08-10,16.53,19.47,14.1,87.6,1.32,10.68,7.2
11.39044,55.32523,2005,8,11,223,2005-08-11,15.65,17.6,13.73,87.01,1.13,6.95,7.91
11.39044,55.32523,2005,8,12,224,2005-08-12,15.05,17.02,13.54,81.23,0.52,8.72,7.39
11.39044,55.32523,2005,8,13,225,2005-08-13,14.53,17.1,12.79,80,0.39,13.74,6.2
11.39044,55.32523,2005,8,14,226,2005-08-14,15.41,18.04,12.5,87.66,0.47,12.71,2.91
11.39044,55.32523,2005,8,15,227,2005-08-15,16.34,19.48,12.94,82.95,0,21.22,2.84
11.39044,55.32523,2005,8,16,228,2005-08-16,15.65,18.74,12.92,84.88,0.15,11.83,4.52
11.39044,55.32523,2005,8,17,229,2005-08-17,16.14,19.47,11.91,82.37,0.01,18.33,2.46
11.39044,55.32523,2005,8,18,230,2005-08-18,17.21,20.66,13.84,83.21,0.04,22.11,2.5
11.39044,55.32523,2005,8,19,231,2005-08-19,17.93,22.08,13.86,81.9,0.06,19.95,4.77
11.39044,55.32523,2005,8,20,232,2005-08-20,19.28,23.56,15.61,84.57,0.07,18.18,2.97
11.39044,55.32523,2005,8,21,233,2005-08-21,19.43,23.16,16.22,81.71,0.1,15.39,2.19
11.39044,55.32523,2005,8,22,234,2005-08-22,18.48,22.11,15.39,79.54,0,18.77,3.27
11.39044,55.32523,2005,8,23,235,2005-08-23,17.32,20.83,14.42,84.51,0.09,14.65,2.16
11.39044,55.32523,2005,8,24,236,2005-08-24,16.39,18.53,14.33,74.66,0.25,17.06,3.56
11.39044,55.32523,2005,8,25,237,2005-08-25,15.89,17.28,13.64,85.62,13.73,4.89,6.25
11.39044,55.32523,2005,8,26,238,2005-08-26,14.47,16.64,12.85,81.52,2.5,15.79,6.19
11.39044,55.32523,2005,8,27,239,2005-08-27,14.92,17.72,12.66,80.82,1.63,15.94,5.07
11.39044,55.32523,2005,8,28,240,2005-08-28,15.9,17.6,13.56,83.99,1.39,10.54,5.3
11.39044,55.32523,2005,8,29,241,2005-08-29,17.86,21.16,15.15,82.77,0.06,17.81,6.48
11.39044,55.32523,2005,8,30,242,2005-08-30,16,18.45,12.52,74.25,0.01,20.64,2.76
11.39044,55.32523,2005,8,31,243,2005-08-31,15.82,19.04,12.82,76.03,0.01,19.55,3.88
11.39044,55.32523,2005,9,1,244,2005-09-01,17.29,21.17,13.29,81.5,0.08,19.11,6.67
11.39044,55.32523,2005,9,2,245,2005-09-02,16.51,18.92,13.97,90.7,10.47,6.23,3.38
11.39044,55.32523,2005,9,3,246,2005-09-03,15.08,18.38,12.34,79.19,0,19.4,3.98
11.39044,55.32523,2005,9,4,247,2005-09-04,15.68,18.45,12.78,80.51,0.06,16.18,0.8
11.39044,55.32523,2005,9,5,248,2005-09-05,16.49,21.81,12.22,81.49,0.04,17.68,2.11
11.39044,55.32523,2005,9,6,249,2005-09-06,17.48,21.67,13.65,80.43,0.02,17.5,3.71
11.39044,55.32523,2005,9,7,250,2005-09-07,18.08,21.98,14.94,86.82,0.08,11.68,4.35
11.39044,55.32523,2005,9,8,251,2005-09-08,17.95,21.53,15.14,84.89,0.02,14.91,5.56
11.39044,55.32523,2005,9,9,252,2005-09-09,16.26,18.83,14.03,81.28,0.57,11.78,3.75
11.39044,55.32523,2005,9,10,253,2005-09-10,17.02,20.2,14.3,83.38,0.13,14.67,3.78
11.39044,55.32523,2005,9,11,254,2005-09-11,15.88,19.07,13.32,82.14,0,7.67,4.27
11.39044,55.32523,2005,9,12,255,2005-09-12,15.11,17.44,13.3,81.43,0.05,13.56,5.2
11.39044,55.32523,2005,9,13,256,2005-09-13,14.59,17.48,11.53,84.72,0,13.05,3.84
11.39044,55.32523,2005,9,14,257,2005-09-14,15.51,18.54,13.75,84.16,1.27,8.54,8.24
11.39044,55.32523,2005,9,15,258,2005-09-15,13.95,15.35,12.07,78.99,1.25,8.16,7.16
11.39044,55.32523,2005,9,16,259,2005-09-16,12.33,14.81,10.37,67.75,0.56,15.29,3.56
11.39044,55.32523,2005,9,17,260,2005-09-17,11.86,14.51,9.6,64.88,0.04,15.35,3.02
11.39044,55.32523,2005,9,18,261,2005-09-18,12.83,15.25,9.38,86.79,0.98,5.44,6.1
11.39044,55.32523,2005,9,19,262,2005-09-19,14.87,17.26,12.5,90.88,0.5,6.14,3.12
11.39044,55.32523,2005,9,20,263,2005-09-20,15.14,17.83,13.02,84.75,0.37,11.35,3.26
11.39044,55.32523,2005,9,21,264,2005-09-21,14.75,16.52,13.02,86.97,0.94,8.53,1.26
11.39044,55.32523,2005,9,22,265,2005-09-22,14.57,17.13,11.9,87.18,0.08,10.05,3.11
11.39044,55.32523,2005,9,23,266,2005-09-23,15.32,18.88,12.18,83.6,0.1,13.63,4.49
11.39044,55.32523,2005,9,24,267,2005-09-24,15.7,19.61,13.09,89.84,0.11,9.55,2.19
11.39044,55.32523,2005,9,25,268,2005-09-25,16.18,19.7,13.29,86.54,0.4,10.68,3.46
11.39044,55.32523,2005,9,26,269,2005-09-26,15.3,17.52,12.92,90.49,0.93,9.29,2.3
11.39044,55.32523,2005,9,27,270,2005-09-27,14.97,17.18,12.32,89.69,2.68,4.95,6.03
11.39044,55.32523,2005,9,28,271,2005-09-28,13.16,14.31,10.85,84.67,3.69,7.24,4.9
11.39044,55.32523,2005,9,29,272,2005-09-29,11.99,14.54,10.72,81.82,2.74,6.24,4.94
11.39044,55.32523,2005,9,30,273,2005-09-30,12.22,14.31,10.26,77.08,0.12,10.74,4.89
11.39044,55.32523,2005,10,1,274,2005-10-01,12.52,12.93,11.35,89.79,10.62,3.31,6.14
11.39044,55.32523,2005,10,2,275,2005-10-02,12.45,14.77,10.45,87.84,0.43,10.9,2.22
11.39044,55.32523,2005,10,3,276,2005-10-03,11.98,14.42,9.09,88.87,0.14,8.37,2.67
11.39044,55.32523,2005,10,4,277,2005-10-04,12.9,15.57,10.6,87.02,0.09,10.9,2
11.39044,55.32523,2005,10,5,278,2005-10-05,12.3,15.93,9.18,90.08,0.05,10.46,2.5
11.39044,55.32523,2005,10,6,279,2005-10-06,13.48,17.48,10.82,90.96,0.11,8.98,2.81
11.39044,55.32523,2005,10,7,280,2005-10-07,13.75,17.47,11.36,88.85,0.12,10.54,4.71
11.39044,55.32523,2005,10,8,281,2005-10-08,13.83,16.54,11.75,91.34,0.09,9.27,5.08
11.39044,55.32523,2005,10,9,282,2005-10-09,12.98,14.83,10.87,89.61,0.33,5.12,4.02
11.39044,55.32523,2005,10,10,283,2005-10-10,13.9,17.55,10.39,90.78,0.11,6.84,4.14
11.39044,55.32523,2005,10,11,284,2005-10-11,13.75,17.13,11.37,85.86,0.04,9.7,6.17
11.39044,55.32523,2005,10,12,285,2005-10-12,13.18,16.41,11.04,87.25,0.04,9.32,5.96
11.39044,55.32523,2005,10,13,286,2005-10-13,12.73,16.55,10.16,88.66,0.06,8.74,4.23
11.39044,55.32523,2005,10,14,287,2005-10-14,11.69,14.92,9.39,90.77,0.09,5.15,3.21
11.39044,55.32523,2005,10,15,288,2005-10-15,10.54,13.76,8.11,78.18,0,9.46,3.67
11.39044,55.32523,2005,10,16,289,2005-10-16,8.53,11.87,5.88,79.05,0,9.52,3.73
11.39044,55.32523,2005,10,17,290,2005-10-17,8.55,10.21,6.83,82.53,0.12,6.56,2.66
11.39044,55.32523,2005,10,18,291,2005-10-18,8.88,11.19,7.33,79.01,0.01,7.86,2.3
11.39044,55.32523,2005,10,19,292,2005-10-19,9.65,12.57,7.19,87.19,0.01,8.63,4.81
11.39044,55.32523,2005,10,20,293,2005-10-20,10.8,12.5,8.5,93.31,2.98,2.18,5.78
11.39044,55.32523,2005,10,21,294,2005-10-21,11.3,12.76,9.52,94.78,6.37,4.86,4.89
11.39044,55.32523,2005,10,22,295,2005-10-22,12.42,14.03,10.39,92.54,2.52,3.06,7.28
11.39044,55.32523,2005,10,23,296,2005-10-23,9.6,10.88,7.41,82.18,0.23,5.78,5.49
11.39044,55.32523,2005,10,24,297,2005-10-24,7.35,8.72,5.35,79.96,4.89,6.23,4.61
11.39044,55.32523,2005,10,25,298,2005-10-25,12.34,13.89,9.26,91.26,17.6,0.76,8.93
11.39044,55.32523,2005,10,26,299,2005-10-26,11.75,13.24,9.97,89.04,4.42,5.02,7.88
11.39044,55.32523,2005,10,27,300,2005-10-27,12.09,14.46,9.98,96.75,1.08,2.51,3.52
11.39044,55.32523,2005,10,28,301,2005-10-28,12.15,14.1,10.67,89.42,0.04,6.4,7.66
11.39044,55.32523,2005,10,29,302,2005-10-29,10.95,12.79,9.17,92.26,0.04,5.37,5.66
11.39044,55.32523,2005,10,30,303,2005-10-30,11.49,14.49,9.6,94.33,0.15,5.41,4.54
11.39044,55.32523,2005,10,31,304,2005-10-31,10.87,13.09,9.38,92.17,0.12,5.23,5.67
11.39044,55.32523,2005,11,1,305,2005-11-01,10.64,12.37,8.8,95.29,6.73,1.35,4.94
11.39044,55.32523,2005,11,2,306,2005-11-02,10.49,11.59,9.26,94.5,0.23,3.15,4.97
11.39044,55.32523,2005,11,3,307,2005-11-03,12.36,13.99,10.84,94.43,9.39,2.25,6.49
11.39044,55.32523,2005,11,4,308,2005-11-04,12.13,12.91,11.51,95.37,2.09,2.05,5.06
11.39044,55.32523,2005,11,5,309,2005-11-05,10.84,11.61,9.85,91.16,4.38,3.02,6.89
11.39044,55.32523,2005,11,6,310,2005-11-06,10.11,11.49,8.92,92.98,0.36,2.04,7.35
11.39044,55.32523,2005,11,7,311,2005-11-07,9.7,10.15,9.2,95.08,2.47,1.99,5.91
11.39044,55.32523,2005,11,8,312,2005-11-08,9.76,11.03,8.59,95.16,0.17,2.77,6.03
11.39044,55.32523,2005,11,9,313,2005-11-09,9.47,10.98,8.17,95.23,0.11,3.56,5.54
11.39044,55.32523,2005,11,10,314,2005-11-10,9.27,10.99,7.21,93.5,1.07,2.8,6.68
11.39044,55.32523,2005,11,11,315,2005-11-11,10.98,12.34,10.02,95.11,5.62,1.04,6.02
11.39044,55.32523,2005,11,12,316,2005-11-12,10.1,10.91,8.96,90.98,0.32,1.43,6.42
11.39044,55.32523,2005,11,13,317,2005-11-13,8.7,10.91,6.39,94.65,0.16,3.34,4.86
11.39044,55.32523,2005,11,14,318,2005-11-14,8.41,10.14,5.66,86.82,0.78,2.42,8.27
11.39044,55.32523,2005,11,15,319,2005-11-15,8.57,11.05,5.34,82.26,3.39,3.8,9.54
11.39044,55.32523,2005,11,16,320,2005-11-16,4.6,5.45,3.8,79.1,0.62,3.4,5.87
11.39044,55.32523,2005,11,17,321,2005-11-17,3.86,5.34,2.88,81.25,0.4,3.31,3.72
11.39044,55.32523,2005,11,18,322,2005-11-18,3.9,5.22,2.79,79.5,0.65,3.46,4.79
11.39044,55.32523,2005,11,19,323,2005-11-19,4.45,6.46,3.21,82.81,0.07,3.69,3.88
11.39044,55.32523,2005,11,20,324,2005-11-20,4.16,6.93,2.37,91.74,0.48,2.7,3.68
11.39044,55.32523,2005,11,21,325,2005-11-21,2.04,3.72,0.45,87.61,0.01,3.14,2.75
11.39044,55.32523,2005,11,22,326,2005-11-22,3.82,5.22,2.35,91.42,2.73,1.09,2.24
11.39044,55.32523,2005,11,23,327,2005-11-23,5.74,6.27,5.23,97.47,1.34,1.29,3.14
11.39044,55.32523,2005,11,24,328,2005-11-24,5.37,5.96,4.26,94.34,3.43,0.79,7.58
11.39044,55.32523,2005,11,25,329,2005-11-25,2.17,4.06,1.35,87.72,1.86,0.81,8.69
11.39044,55.32523,2005,11,26,330,2005-11-26,1.36,2.73,0.35,86.74,0.11,2.4,3.44
11.39044,55.32523,2005,11,27,331,2005-11-27,1.73,4.03,0.72,87.91,0.01,2.46,3.51
11.39044,55.32523,2005,11,28,332,2005-11-28,2.23,3.12,1.64,88.85,1.02,1.97,2.07
11.39044,55.32523,2005,11,29,333,2005-11-29,2.2,3.12,1.54,93.03,0.3,1.3,5.25
11.39044,55.32523,2005,11,30,334,2005-11-30,2.69,3.7,1.69,90.9,0.77,2.78,4.3
11.39044,55.32523,2005,12,1,335,2005-12-01,2.63,3.73,1.86,93.25,0.04,1.6,5.07
11.39044,55.32523,2005,12,2,336,2005-12-02,1.76,2.37,1.19,88.44,0.02,1.4,7.87
11.39044,55.32523,2005,12,3,337,2005-12-03,1.92,2.38,1.24,88.81,1.26,0.55,7.54
11.39044,55.32523,2005,12,4,338,2005-12-04,3.44,4.29,2.49,97.57,0.9,0.88,5.15
11.39044,55.32523,2005,12,5,339,2005-12-05,4.59,5.38,3.68,97.99,4.72,0.58,5.35
11.39044,55.32523,2005,12,6,340,2005-12-06,5.03,6.07,4.34,98.29,0.93,0.9,3.05
11.39044,55.32523,2005,12,7,341,2005-12-07,3.7,4.34,3.09,97.29,0.85,1.05,0.99
11.39044,55.32523,2005,12,8,342,2005-12-08,2.97,3.85,1.61,96.25,1.18,0.89,3.79
11.39044,55.32523,2005,12,9,343,2005-12-09,0.76,1.46,-0.63,87.56,0.15,1.89,2.51
11.39044,55.32523,2005,12,10,344,2005-12-10,2.78,5.74,0.53,92.59,1.37,0.62,5.41
11.39044,55.32523,2005,12,11,345,2005-12-11,7.23,7.97,6.05,97.43,0.56,0.99,6.43
11.39044,55.32523,2005,12,12,346,2005-12-12,5.06,7.61,2.85,94.04,0.13,2.61,6.01
11.39044,55.32523,2005,12,13,347,2005-12-13,4.63,5.66,3.19,97.14,1.39,1.33,5.69
11.39044,55.32523,2005,12,14,348,2005-12-14,4.86,5.55,4.18,97.57,1.27,1.41,4.56
11.39044,55.32523,2005,12,15,349,2005-12-15,6,7.63,3.8,86.38,1.5,2.05,10.43
11.39044,55.32523,2005,12,16,350,2005-12-16,2.08,3.8,0.4,87.63,5.53,1.31,5.61
11.39044,55.32523,2005,12,17,351,2005-12-17,0.72,2.13,-0.03,86.76,0.16,1.85,4.18
11.39044,55.32523,2005,12,18,352,2005-12-18,0.6,1.92,-0.58,86.98,0.02,2.01,4.66
11.39044,55.32523,2005,12,19,353,2005-12-19,1.86,2.81,0.04,95.41,2.87,0.74,4.59
11.39044,55.32523,2005,12,20,354,2005-12-20,2.95,4.96,0.64,95.1,3.41,1.7,4.91
11.39044,55.32523,2005,12,21,355,2005-12-21,2.74,4.72,0.98,93.87,2.66,1.16,3.75
11.39044,55.32523,2005,12,22,356,2005-12-22,3.9,5.77,2.68,96.94,0.06,1.95,6.8
11.39044,55.32523,2005,12,23,357,2005-12-23,4.05,6.61,2.05,98.89,1.54,0.79,4.8
11.39044,55.32523,2005,12,24,358,2005-12-24,5.15,6.94,1.45,93.44,0.59,1.21,7.25
11.39044,55.32523,2005,12,25,359,2005-12-25,1.1,2.7,0.37,97.93,0,2.51,4.56
11.39044,55.32523,2005,12,26,360,2005-12-26,1.12,1.72,0.05,86.96,2.35,0.98,7
11.39044,55.32523,2005,12,27,361,2005-12-27,0.62,1.27,-0.83,91.46,1.42,1.29,8.14
11.39044,55.32523,2005,12,28,362,2005-12-28,-0.76,-0.2,-1,88.22,1.18,1.15,8.01
11.39044,55.32523,2005,12,29,363,2005-12-29,-0.22,0.38,-0.82,87.33,6.65,0.46,5.9
11.39044,55.32523,2005,12,30,364,2005-12-30,0.49,1.71,-0.2,91.11,1.31,1.23,5.91
11.39044,55.32523,2005,12,31,365,2005-12-31,-0.85,0.09,-1.58,88.76,1.52,0.49,5.9
11.39044,55.32523,2006,1,1,1,2006-01-01,1.68,2.16,0.67,95.53,2.79,0.71,1.75
11.39044,55.32523,2006,1,2,2,2006-01-02,0.25,1.77,-0.93,92.34,0.03,1.3,2.54
11.39044,55.32523,2006,1,3,3,2006-01-03,-0.28,0.6,-0.93,90.68,0.03,0.94,1.28
11.39044,55.32523,2006,1,4,4,2006-01-04,-1.41,0.14,-2.37,95.21,0.09,1.05,3.67
11.39044,55.32523,2006,1,5,5,2006-01-05,1.14,2.09,-0.02,91.63,0.3,0.46,6.8
11.39044,55.32523,2006,1,6,6,2006-01-06,0.62,1.27,0.27,89.44,0.51,0.24,6.79
11.39044,55.32523,2006,1,7,7,2006-01-07,0.22,0.77,-0.41,90.08,0.52,0.43,5.2
11.39044,55.32523,2006,1,8,8,2006-01-08,-1.2,0.89,-3.31,88.3,0.01,2.58,5.03
11.39044,55.32523,2006,1,9,9,2006-01-09,-2.32,0.29,-3.72,88.66,0.01,2.67,4.25
11.39044,55.32523,2006,1,10,10,2006-01-10,-0.16,2.02,-3.21,96.52,0.13,0.53,6.37
11.39044,55.32523,2006,1,11,11,2006-01-11,2.56,3.85,2.1,94.31,2.61,0.54,8.46
11.39044,55.32523,2006,1,12,12,2006-01-12,1.45,2.11,0.88,98.18,0.3,1.61,5.03
11.39044,55.32523,2006,1,13,13,2006-01-13,0.58,0.98,0.06,93.95,0.38,1.17,5.8
11.39044,55.32523,2006,1,14,14,2006-01-14,-0.04,1.3,-0.63,93.08,0.1,1.78,4.62
11.39044,55.32523,2006,1,15,15,2006-01-15,-1.39,-0.07,-3.23,95.85,0.01,2.39,4.64
11.39044,55.32523,2006,1,16,16,2006-01-16,-2.22,-0.17,-3.45,95.39,0,2.67,4.93
11.39044,55.32523,2006,1,17,17,2006-01-17,-1.09,0.22,-2.3,93.65,1.87,2.03,6
11.39044,55.32523,2006,1,18,18,2006-01-18,-0.77,0.43,-2.72,90.09,3.37,0.79,4.65
11.39044,55.32523,2006,1,19,19,2006-01-19,-1.34,-0.21,-3.15,90.55,6.76,0.43,5.79
11.39044,55.32523,2006,1,20,20,2006-01-20,-0.86,1.59,-2,92.93,10.42,0.55,8.27
11.39044,55.32523,2006,1,21,21,2006-01-21,-1.35,1.25,-4.46,91.85,1.02,0.76,5.17
11.39044,55.32523,2006,1,22,22,2006-01-22,-5.85,-3.79,-8,87.16,0.04,2.96,3.78
11.39044,55.32523,2006,1,23,23,2006-01-23,-5.6,-4.1,-7.11,86.08,0.01,2.56,4.94
11.39044,55.32523,2006,1,24,24,2006-01-24,-4,-1.38,-6.78,87.79,0,1.6,5.47
11.39044,55.32523,2006,1,25,25,2006-01-25,-0.95,0.29,-2.75,95.69,2.85,1.42,5.48
11.39044,55.32523,2006,1,26,26,2006-01-26,-2.65,-0.87,-5.26,94.89,0.04,3.24,4.81
11.39044,55.32523,2006,1,27,27,2006-01-27,-3.5,-1.38,-5.1,94.93,0.1,2.99,1.06
11.39044,55.32523,2006,1,28,28,2006-01-28,-2.94,-0.48,-5.51,97.19,0.02,3.24,3.42
11.39044,55.32523,2006,1,29,29,2006-01-29,-1.39,-0.65,-2.65,96.2,0.41,1.69,2.47
11.39044,55.32523,2006,1,30,30,2006-01-30,0.03,1.1,-3.06,98.34,0.54,2.62,4.37
11.39044,55.32523,2006,1,31,31,2006-01-31,0.38,1.14,-0.33,97.78,0.12,4.11,5.45
11.39044,55.32523,2006,2,1,32,2006-02-01,0.13,0.8,-0.6,96.5,0.48,1.64,4.97
11.39044,55.32523,2006,2,2,33,2006-02-02,0.99,1.82,-0.02,94.38,0.48,2.13,3.84
11.39044,55.32523,2006,2,3,34,2006-02-03,0.22,1.1,-1.16,95.09,0.37,1.73,1.94
11.39044,55.32523,2006,2,4,35,2006-02-04,-2.71,-0.14,-4.95,89.66,0.64,4.29,3.69
11.39044,55.32523,2006,2,5,36,2006-02-05,-2.4,-1.39,-3.6,88.89,2.17,1.78,3.04
11.39044,55.32523,2006,2,6,37,2006-02-06,-0.02,2.72,-1.49,93.85,16.27,0.83,7.82
11.39044,55.32523,2006,2,7,38,2006-02-07,2.95,3.34,2.2,98.91,2.29,4.65,5.54
11.39044,55.32523,2006,2,8,39,2006-02-08,2.18,3.82,0.91,96.93,4.09,2.27,5.35
11.39044,55.32523,2006,2,9,40,2006-02-09,0.98,1.28,0.54,97.54,3.54,1.49,5.46
11.39044,55.32523,2006,2,10,41,2006-02-10,0.54,2.15,-0.73,92.23,0.25,3.14,5.1
11.39044,55.32523,2006,2,11,42,2006-02-11,-0.94,0.61,-1.94,82.07,0.02,5.65,2.52
11.39044,55.32523,2006,2,12,43,2006-02-12,-0.66,1.46,-2.81,90.74,0.14,4.67,2.83
11.39044,55.32523,2006,2,13,44,2006-02-13,0.64,2.13,-0.02,94.83,0.36,2.52,2.6
11.39044,55.32523,2006,2,14,45,2006-02-14,0.05,2.27,-0.86,88.79,0,6.07,3.17
11.39044,55.32523,2006,2,15,46,2006-02-15,0.3,1.34,-1.13,94.66,3.87,1.78,7.17
11.39044,55.32523,2006,2,16,47,2006-02-16,0.81,1.7,-0.06,97.59,2.97,1.99,5.24
11.39044,55.32523,2006,2,17,48,2006-02-17,1.08,2.11,0.54,97.4,3.05,1.36,3.72
11.39044,55.32523,2006,2,18,49,2006-02-18,1.48,2.71,0.39,98.38,2.41,2.92,2.75
11.39044,55.32523,2006,2,19,50,2006-02-19,0.86,2.03,0,98.43,1.18,2.47,1.34
11.39044,55.32523,2006,2,20,51,2006-02-20,0.79,2.43,-0.03,95.12,0.29,2.91,3.35
11.39044,55.32523,2006,2,21,52,2006-02-21,0.31,1.95,-0.63,90.48,0.33,1.95,5.47
11.39044,55.32523,2006,2,22,53,2006-02-22,-1.18,-0.1,-2.69,85.61,0.42,4.73,3.53
11.39044,55.32523,2006,2,23,54,2006-02-23,0.51,2.03,-0.99,93.31,1.7,3.42,4.47
11.39044,55.32523,2006,2,24,55,2006-02-24,0.27,2.24,-0.91,88.31,0.05,8.36,4.26
11.39044,55.32523,2006,2,25,56,2006-02-25,-0.35,0.96,-1.46,87.99,0.3,2.76,4.02
11.39044,55.32523,2006,2,26,57,2006-02-26,-0.6,1.11,-1.8,78.23,0.01,9.71,3.96
11.39044,55.32523,2006,2,27,58,2006-02-27,-0.8,0.32,-2.61,74.67,0.04,8.42,4.08
11.39044,55.32523,2006,2,28,59,2006-02-28,-0.1,1.54,-1.01,90.66,4,3.44,6.42
11.39044,55.32523,2006,3,1,60,2006-03-01,-0.48,1.11,-2.31,92.93,0.97,6.87,4.16
11.39044,55.32523,2006,3,2,61,2006-03-02,0.07,1.56,-0.84,91.33,3.55,5.4,5.7
11.39044,55.32523,2006,3,3,62,2006-03-03,-1.29,-0.39,-2.65,89.28,1.49,4.54,3.27
11.39044,55.32523,2006,3,4,63,2006-03-04,-2.55,-1.01,-4.24,86.25,1.79,5.78,2.73
11.39044,55.32523,2006,3,5,64,2006-03-05,-3.82,-2.45,-5.1,79.55,0.05,8.36,3.53
11.39044,55.32523,2006,3,6,65,2006-03-06,-2.57,-0.29,-5.11,87.61,2.33,3.28,4.35
11.39044,55.32523,2006,3,7,66,2006-03-07,-2.92,-0.53,-5.52,85.24,0.01,9.49,2.44
11.39044,55.32523,2006,3,8,67,2006-03-08,-1.86,0.25,-4.79,88.41,0.01,9.01,5.48
11.39044,55.32523,2006,3,9,68,2006-03-09,-1.05,1,-3.06,85.31,0,7.92,7.26
11.39044,55.32523,2006,3,10,69,2006-03-10,-3.07,-0.96,-4.46,88.8,0.09,8.17,7.52
11.39044,55.32523,2006,3,11,70,2006-03-11,-4.65,-3.3,-6.46,85.13,0.26,9.05,6.88
11.39044,55.32523,2006,3,12,71,2006-03-12,-3.24,-0.86,-5.67,73.72,0,11.81,3.99
11.39044,55.32523,2006,3,13,72,2006-03-13,-1.9,-0.05,-3.58,72.07,0.04,7.99,1.13
11.39044,55.32523,2006,3,14,73,2006-03-14,-2.1,-0.39,-3.91,76.4,0.06,11.28,1.69
11.39044,55.32523,2006,3,15,74,2006-03-15,-0.56,1.2,-2.78,89.18,0.62,6.11,4.51
11.39044,55.32523,2006,3,16,75,2006-03-16,0.35,1.84,-0.7,88.52,0.31,6.14,5.73
11.39044,55.32523,2006,3,17,76,2006-03-17,-0.41,1.9,-1.83,86.64,0.09,7.22,3.71
11.39044,55.32523,2006,3,18,77,2006-03-18,-0.18,2.07,-2.53,89.39,0.03,10.79,2.93
11.39044,55.32523,2006,3,19,78,2006-03-19,1.26,2.95,-0.49,97.07,0.41,9.1,3.71
11.39044,55.32523,2006,3,20,79,2006-03-20,0.38,3.95,-1.63,88.05,0.12,9.26,4.14
11.39044,55.32523,2006,3,21,80,2006-03-21,0.3,2.33,-1.42,80.26,0.19,13.88,3.46
11.39044,55.32523,2006,3,22,81,2006-03-22,0.2,1.86,-1.3,82.62,0.22,14.24,4.2
11.39044,55.32523,2006,3,23,82,2006-03-23,0.77,2.86,-1.45,80.2,0.05,14.03,3.57
11.39044,55.32523,2006,3,24,83,2006-03-24,1.66,4.58,-0.47,79.55,0,13.03,4.3
11.39044,55.32523,2006,3,25,84,2006-03-25,1.1,3.25,-0.03,83.11,0.53,8.17,7.69
11.39044,55.32523,2006,3,26,85,2006-03-26,2.16,4.14,0.55,95.77,6.05,2.64,6.14
11.39044,55.32523,2006,3,27,86,2006-03-27,6.88,10.95,3.68,96.92,10.01,5.46,4.2
11.39044,55.32523,2006,3,28,87,2006-03-28,5.97,8.16,3.5,90.83,1.08,6.23,6.76
11.39044,55.32523,2006,3,29,88,2006-03-29,3.82,5.93,0.93,93.85,0.55,6.69,6.05
11.39044,55.32523,2006,3,30,89,2006-03-30,3.82,6.35,0.44,94.69,5.41,5.14,5.76
11.39044,55.32523,2006,3,31,90,2006-03-31,5.19,6.56,2.45,94.78,1.82,4.51,6.05
11.39044,55.32523,2006,4,1,91,2006-04-01,3.65,7.13,1.15,97.68,4.44,4.38,3.76
11.39044,55.32523,2006,4,2,92,2006-04-02,4.22,8.02,1.96,94.45,1.6,8.75,4.4
11.39044,55.32523,2006,4,3,93,2006-04-03,3.92,6.15,0.88,90.72,1.91,6.55,4.14
11.39044,55.32523,2006,4,4,94,2006-04-04,1.97,4.07,-0.34,93.47,1.84,12.57,3.57
11.39044,55.32523,2006,4,5,95,2006-04-05,2.49,4.2,-0.02,90.03,1.42,11.11,4.29
11.39044,55.32523,2006,4,6,96,2006-04-06,2.36,5.63,-1.23,93.26,2.79,8.04,5.99
11.39044,55.32523,2006,4,7,97,2006-04-07,4.5,7.73,1.82,83.8,0.17,16.65,4.94
11.39044,55.32523,2006,4,8,98,2006-04-08,3.69,6.83,0.67,89.68,5.95,7.36,5.42
11.39044,55.32523,2006,4,9,99,2006-04-09,3.2,5.79,0.79,89.15,3.16,11.4,7.8
11.39044,55.32523,2006,4,10,100,2006-04-10,4.06,6.6,1.78,84.66,0.23,15.17,3.65
11.39044,55.32523,2006,4,11,101,2006-04-11,2.83,5.09,-0.23,85.47,0.5,13.36,3.61
11.39044,55.32523,2006,4,12,102,2006-04-12,3.78,5.04,2.52,93.56,1.9,4.64,4.43
11.39044,55.32523,2006,4,13,103,2006-04-13,4.83,8.17,2.07,89.85,4.18,9.08,6.46
11.39044,55.32523,2006,4,14,104,2006-04-14,5.32,8.3,2.49,83.61,0.44,14.8,6.84
11.39044,55.32523,2006,4,15,105,2006-04-15,5.28,8.61,2.27,82.39,0.07,20.73,3.57
11.39044,55.32523,2006,4,16,106,2006-04-16,6.9,11.17,3.33,85.59,0.13,14.16,2.82
11.39044,55.32523,2006,4,17,107,2006-04-17,5.29,8.86,2.24,85.98,0.38,13.17,5.79
11.39044,55.32523,2006,4,18,108,2006-04-18,4.82,8.4,2.15,85.3,0.33,17.27,5.82
11.39044,55.32523,2006,4,19,109,2006-04-19,5.86,8.26,2.77,86.91,4.22,18.14,4.38
11.39044,55.32523,2006,4,20,110,2006-04-20,6.05,8.03,4.23,84.93,0.96,12.57,3.47
11.39044,55.32523,2006,4,21,111,2006-04-21,5.11,6.74,4.23,91.76,6.93,5.57,3.8
11.39044,55.32523,2006,4,22,112,2006-04-22,6.19,9.65,2.67,80.41,0.25,18.8,4.94
11.39044,55.32523,2006,4,23,113,2006-04-23,6.62,9.36,2.14,90.91,0.31,9.05,2.55
11.39044,55.32523,2006,4,24,114,2006-04-24,7.33,9.59,5.04,86.05,0.19,15.76,1.91
11.39044,55.32523,2006,4,25,115,2006-04-25,7.26,11.42,3.23,90.03,0.16,17.88,3.1
11.39044,55.32523,2006,4,26,116,2006-04-26,9.25,12.68,6.25,93.5,1.65,10.5,2.5
11.39044,55.32523,2006,4,27,117,2006-04-27,7.71,10.23,4.67,85.84,0.5,15.87,2.97
11.39044,55.32523,2006,4,28,118,2006-04-28,5.5,8.06,2.5,86.37,0.76,15.1,3.25
11.39044,55.32523,2006,4,29,119,2006-04-29,6.49,9.41,3.68,86.85,0.67,16.74,2.49
11.39044,55.32523,2006,4,30,120,2006-04-30,5.88,7.78,4.48,89.35,0.77,9.67,3.44
11.39044,55.32523,2006,5,1,121,2006-05-01,7.58,11.44,4.53,83.36,0.06,20.74,4.97
11.39044,55.32523,2006,5,2,122,2006-05-02,8.52,11.69,5.44,87.77,1.28,13,3.05
11.39044,55.32523,2006,5,3,123,2006-05-03,10.6,15.08,6.7,83.54,0.03,22.87,4.95
11.39044,55.32523,2006,5,4,124,2006-05-04,11.15,16.02,6.73,80.56,0,23.62,5.48
11.39044,55.32523,2006,5,5,125,2006-05-05,11.19,16.26,6.32,75.43,0,23.3,5.74
11.39044,55.32523,2006,5,6,126,2006-05-06,11.14,16.15,6.34,76.32,0,20.66,4.75
11.39044,55.32523,2006,5,7,127,2006-05-07,11.75,16.77,6.64,77.49,0,21.19,4.86
11.39044,55.32523,2006,5,8,128,2006-05-08,12.46,17.46,8.32,73.11,0,24.75,4.14
11.39044,55.32523,2006,5,9,129,2006-05-09,12.27,16.59,6.74,66.1,0,26.73,3.86
11.39044,55.32523,2006,5,10,130,2006-05-10,13.46,17.64,9.5,76.44,0,24.47,3.42
11.39044,55.32523,2006,5,11,131,2006-05-11,13.28,17.38,9.26,73.04,0,25.44,3.46
11.39044,55.32523,2006,5,12,132,2006-05-12,12.74,16.36,8.18,72.97,0,24.06,3.09
11.39044,55.32523,2006,5,13,133,2006-05-13,10.18,13.12,7.94,83.15,2.27,13.63,3.78
11.39044,55.32523,2006,5,14,134,2006-05-14,9.24,11.91,6.46,71.41,0,24.88,6.35
11.39044,55.32523,2006,5,15,135,2006-05-15,8.13,10.55,5.34,74.91,2.01,16.14,3.51
11.39044,55.32523,2006,5,16,136,2006-05-16,9.38,11.06,7.76,91.95,10.41,4.78,4.93
11.39044,55.32523,2006,5,17,137,2006-05-17,10.87,13.66,8.33,87.96,0.45,8.75,2.16
11.39044,55.32523,2006,5,18,138,2006-05-18,11.6,14.39,9.81,91.07,10.49,6.13,6.22
11.39044,55.32523,2006,5,19,139,2006-05-19,11.57,14.1,9.42,89.94,6.21,12.24,5.57
11.39044,55.32523,2006,5,20,140,2006-05-20,11.76,13.47,10.27,89.65,7.44,10.38,5.68
11.39044,55.32523,2006,5,21,141,2006-05-21,11.57,14.17,9.9,85.13,1.4,11.72,5.43
11.39044,55.32523,2006,5,22,142,2006-05-22,12.87,14.9,9.61,90.44,3.53,12.64,5.67
11.39044,55.32523,2006,5,23,143,2006-05-23,11.11,13.16,8.23,82.07,2.76,10.52,8.16
11.39044,55.32523,2006,5,24,144,2006-05-24,10.02,12.77,7.09,82.75,4.66,16.61,7.11
11.39044,55.32523,2006,5,25,145,2006-05-25,10.36,12.71,7.38,74.29,0.4,21.58,7.05
11.39044,55.32523,2006,5,26,146,2006-05-26,10.18,13.02,6.86,75.77,0.33,24.33,5.59
11.39044,55.32523,2006,5,27,147,2006-05-27,10.42,12.16,7.42,79.75,1.24,14.73,3.5
11.39044,55.32523,2006,5,28,148,2006-05-28,10.52,11.77,8.68,86.19,13.17,9.96,6.65
11.39044,55.32523,2006,5,29,149,2006-05-29,10.26,12.42,7.92,83.38,2.48,18.44,5.87
11.39044,55.32523,2006,5,30,150,2006-05-30,11.4,13.98,8.28,82.12,1.32,23.19,4.1
11.39044,55.32523,2006,5,31,151,2006-05-31,12.3,14.69,9.63,80.76,1.5,24.71,4.19
11.39044,55.32523,2006,6,1,152,2006-06-01,11.09,13.6,8.33,83.05,3.14,23,4.46
11.39044,55.32523,2006,6,2,153,2006-06-02,11.74,14.45,8.79,81.02,0.66,24.43,4.29
11.39044,55.32523,2006,6,3,154,2006-06-03,11.83,13.51,9.07,84.58,2.31,13.88,6.42
11.39044,55.32523,2006,6,4,155,2006-06-04,11.82,14.54,8.38,75.4,0,29.05,5.84
11.39044,55.32523,2006,6,5,156,2006-06-05,12.57,15.4,8.85,79.76,0.31,26.7,4.07
11.39044,55.32523,2006,6,6,157,2006-06-06,13.69,16.67,10.13,75.37,0.18,26.58,2.9
11.39044,55.32523,2006,6,7,158,2006-06-07,12.72,15.64,9.04,77.61,0,27.13,3.9
11.39044,55.32523,2006,6,8,159,2006-06-08,13.94,17.72,9.19,84.2,0.02,24.24,3.68
11.39044,55.32523,2006,6,9,160,2006-06-09,14.69,17.59,11,84.1,0.02,22.67,2.78
11.39044,55.32523,2006,6,10,161,2006-06-10,16.75,20.51,12.28,81.47,0.04,26.87,1.77
11.39044,55.32523,2006,6,11,162,2006-06-11,18.01,21.75,12.7,76.5,0,27.85,2.71
11.39044,55.32523,2006,6,12,163,2006-06-12,19.5,23,14.98,72.77,0,29.78,2.62
11.39044,55.32523,2006,6,13,164,2006-06-13,20.35,24.25,16.16,78.32,0,27.72,3.42
11.39044,55.32523,2006,6,14,165,2006-06-14,16.76,18.54,14.44,80.86,1.26,16.2,3.94
11.39044,55.32523,2006,6,15,166,2006-06-15,16.68,19.98,13.12,81.54,0.02,23.71,3.6
11.39044,55.32523,2006,6,16,167,2006-06-16,16.01,18.04,14.15,86.32,7.22,11.67,3.37
11.39044,55.32523,2006,6,17,168,2006-06-17,16.48,18.74,14.32,84.57,4.71,12.72,1.68
11.39044,55.32523,2006,6,18,169,2006-06-18,17.35,19.91,14.28,81.06,0.05,23.19,2.46
11.39044,55.32523,2006,6,19,170,2006-06-19,19.37,22.54,15.88,84.25,0.65,18.51,4.11
11.39044,55.32523,2006,6,20,171,2006-06-20,17.77,20.31,14.76,80.39,0.2,21.01,3.96
11.39044,55.32523,2006,6,21,172,2006-06-21,17,18.4,15.71,86.85,5.07,10.57,4.65
11.39044,55.32523,2006,6,22,173,2006-06-22,15.48,17.02,13.26,77.68,1.58,15.84,6.92
11.39044,55.32523,2006,6,23,174,2006-06-23,15.53,17.8,13,74.94,0.3,24.6,5.01
11.39044,55.32523,2006,6,24,175,2006-06-24,15.98,18.31,12.7,77.26,0.09,20.43,1.89
11.39044,55.32523,2006,6,25,176,2006-06-25,18.9,22.2,14.1,79.58,0.09,23.32,2.95
11.39044,55.32523,2006,6,26,177,2006-06-26,18.9,21.48,16.82,88.96,6.02,5.6,3.98
11.39044,55.32523,2006,6,27,178,2006-06-27,16.67,17.98,13.73,83.84,0.86,10.95,5.64
11.39044,55.32523,2006,6,28,179,2006-06-28,14.48,16.12,12.32,76.24,0.15,13.25,5.54
11.39044,55.32523,2006,6,29,180,2006-06-29,15.32,17.46,13.15,74.29,0.1,17.9,2.47
11.39044,55.32523,2006,6,30,181,2006-06-30,16.76,19.56,13.19,79.5,0,25.03,2.74
11.39044,55.32523,2006,7,1,182,2006-07-01,17.94,21.25,13.34,78.95,0.01,28.65,2.61
11.39044,55.32523,2006,7,2,183,2006-07-02,19.54,23.21,15.5,76.46,0,28.48,3.8
11.39044,55.32523,2006,7,3,184,2006-07-03,20.06,24.08,15.45,75.55,0,27.75,3.3
11.39044,55.32523,2006,7,4,185,2006-07-04,20.46,24.47,15.99,74.42,0.01,28.32,3.01
11.39044,55.32523,2006,7,5,186,2006-07-05,21.3,25.44,16.05,77.26,0,26.86,3.87
11.39044,55.32523,2006,7,6,187,2006-07-06,22.66,26.57,17.82,75.76,0.56,23.14,2.4
11.39044,55.32523,2006,7,7,188,2006-07-07,21.84,24.1,19.59,81.76,2.09,20.7,2.58
11.39044,55.32523,2006,7,8,189,2006-07-08,19.89,21.57,17.83,82.17,1.61,15.19,3.41
11.39044,55.32523,2006,7,9,190,2006-07-09,20.35,23.18,16.4,80.94,3.88,16.1,4.56
11.39044,55.32523,2006,7,10,191,2006-07-10,19.98,22.03,17.14,79.87,0.64,22.75,4.84
11.39044,55.32523,2006,7,11,192,2006-07-11,19.06,21.74,15.79,85.06,2.41,12.05,4.65
11.39044,55.32523,2006,7,12,193,2006-07-12,17.72,20.34,13.96,69.59,0,26.63,2.49
11.39044,55.32523,2006,7,13,194,2006-07-13,18.96,22.01,15.15,74.59,0.36,20.76,3.72
11.39044,55.32523,2006,7,14,195,2006-07-14,17.38,20.16,13.9,69.87,0.01,27.54,6.03
11.39044,55.32523,2006,7,15,196,2006-07-15,19.13,21.83,15.74,63.55,0,28.48,4.03
11.39044,55.32523,2006,7,16,197,2006-07-16,19.99,22.82,15.87,68.07,0,28.28,1.73
11.39044,55.32523,2006,7,17,198,2006-07-17,21.17,24.12,17.61,67.53,0,26.37,2.72
11.39044,55.32523,2006,7,18,199,2006-07-18,21.09,24.42,16.99,80.43,0.03,24.58,4.79
11.39044,55.32523,2006,7,19,200,2006-07-19,21.43,24.54,16.69,70.89,0.01,26.6,1.57
11.39044,55.32523,2006,7,20,201,2006-07-20,23.4,27.41,19.01,73.73,0.16,25.75,2.25
11.39044,55.32523,2006,7,21,202,2006-07-21,22.46,24.35,20.13,84.21,2.06,17.24,4.02
11.39044,55.32523,2006,7,22,203,2006-07-22,21.68,24.09,18.52,79.63,0.01,18.35,3.22
11.39044,55.32523,2006,7,23,204,2006-07-23,22.38,24.91,19.23,81.11,3.14,14.3,1.23
11.39044,55.32523,2006,7,24,205,2006-07-24,21.77,24.36,18.96,77.32,0.81,18.75,4.34
11.39044,55.32523,2006,7,25,206,2006-07-25,21.21,24.4,17.45,69.93,0,26.82,4.19
11.39044,55.32523,2006,7,26,207,2006-07-26,22.09,25.82,17.57,68.67,0,26.33,1.65
11.39044,55.32523,2006,7,27,208,2006-07-27,23.38,26.55,19.64,71.19,0.02,23.93,3.42
11.39044,55.32523,2006,7,28,209,2006-07-28,22.23,23.4,20.86,82.75,8.66,7.44,2.07
11.39044,55.32523,2006,7,29,210,2006-07-29,21.47,24.06,19.88,84.45,4.26,16.18,2.62
11.39044,55.32523,2006,7,30,211,2006-07-30,22.54,24.98,19.21,74.22,0.95,19.7,1.9
11.39044,55.32523,2006,7,31,212,2006-07-31,21.22,23.28,19.27,76.94,18.45,17.01,4.7
11.39044,55.32523,2006,8,1,213,2006-08-01,21.01,23.3,18.05,72.93,3.22,19.51,4.64
11.39044,55.32523,2006,8,2,214,2006-08-02,18,19.14,17.21,79.76,8.51,11.14,3.71
11.39044,55.32523,2006,8,3,215,2006-08-03,18.55,20.22,16.58,73.62,1.74,16.88,1.83
11.39044,55.32523,2006,8,4,216,2006-08-04,20.56,22.91,18.72,67.84,1.18,21.6,2.02
11.39044,55.32523,2006,8,5,217,2006-08-05,21.12,23.63,18.46,74.11,0.74,23.02,5.19
11.39044,55.32523,2006,8,6,218,2006-08-06,21.34,24.24,17.98,73.81,0,23.82,4.77
11.39044,55.32523,2006,8,7,219,2006-08-07,20.44,23.1,17.54,79.52,0.03,19.67,4.49
11.39044,55.32523,2006,8,8,220,2006-08-08,19.67,23.4,15.59,73.48,0.01,22.04,3.15
11.39044,55.32523,2006,8,9,221,2006-08-09,18.52,19.96,16.87,80.05,1.69,14.63,3.85
11.39044,55.32523,2006,8,10,222,2006-08-10,17.48,19.53,15.98,76.7,9.62,15.11,2.38
11.39044,55.32523,2006,8,11,223,2006-08-11,17.15,18.98,15.66,77.97,9.24,14.27,2.16
11.39044,55.32523,2006,8,12,224,2006-08-12,17.14,18.78,16.35,85.48,19.03,7.7,3.05
11.39044,55.32523,2006,8,13,225,2006-08-13,17.48,18.93,15.53,87.49,10.67,6.41,2.21
11.39044,55.32523,2006,8,14,226,2006-08-14,16.35,17.15,15.48,85.25,6.93,8.71,7.17
11.39044,55.32523,2006,8,15,227,2006-08-15,17.41,19.42,15.73,86.14,9.86,9.93,6.8
11.39044,55.32523,2006,8,16,228,2006-08-16,17.72,19.72,15.79,81.7,2.66,18.87,4.54
11.39044,55.32523,2006,8,17,229,2006-08-17,18.46,20.42,16.03,83.44,1.73,15.69,1.83
11.39044,55.32523,2006,8,18,230,2006-08-18,19.27,22.64,15.63,84.33,4.33,15.92,3.32
11.39044,55.32523,2006,8,19,231,2006-08-19,19.66,22.13,17.63,83.68,3.87,16.89,2.33
11.39044,55.32523,2006,8,20,232,2006-08-20,18.39,19.83,16.59,88.27,9.98,11.4,2.96
11.39044,55.32523,2006,8,21,233,2006-08-21,17.51,19.73,15.65,84.55,5.01,13.95,3.12
11.39044,55.32523,2006,8,22,234,2006-08-22,17.29,18.79,15.22,87.46,5.58,16.05,3.55
11.39044,55.32523,2006,8,23,235,2006-08-23,17.74,19.92,15.66,84.31,3.05,11.67,6.34
11.39044,55.32523,2006,8,24,236,2006-08-24,17.57,19.61,14.85,78.3,0.35,16.43,2.22
11.39044,55.32523,2006,8,25,237,2006-08-25,18.23,20.82,14.95,80.26,2.33,13.54,1.77
11.39044,55.32523,2006,8,26,238,2006-08-26,18.09,20.06,16.34,81.63,7.82,11.39,1.17
11.39044,55.32523,2006,8,27,239,2006-08-27,17.19,18.45,15.74,84.56,7.62,8.4,4.05
11.39044,55.32523,2006,8,28,240,2006-08-28,16.07,18.32,13.84,80.1,2.54,16.3,5.91
11.39044,55.32523,2006,8,29,241,2006-08-29,14.84,15.79,13.82,78.88,4.45,8.2,2.68
11.39044,55.32523,2006,8,30,242,2006-08-30,16.02,18.26,13.91,80,4.82,12.35,5.24
11.39044,55.32523,2006,8,31,243,2006-08-31,16.41,17.97,14.47,79.37,1.52,16.3,6.22
11.39044,55.32523,2006,9,1,244,2006-09-01,17.23,19.51,15.51,88.45,2.81,9.65,5.47
11.39044,55.32523,2006,9,2,245,2006-09-02,18.04,20.77,15.13,86.52,1.73,15.28,3.98
11.39044,55.32523,2006,9,3,246,2006-09-03,17.55,19.26,16.53,84.17,6.42,11.77,7.9
11.39044,55.32523,2006,9,4,247,2006-09-04,16.08,18.1,14.38,80.24,0.81,13.29,9.56
11.39044,55.32523,2006,9,5,248,2006-09-05,15.62,18.09,13.34,78.36,0.03,16,8.69
11.39044,55.32523,2006,9,6,249,2006-09-06,16.97,20.34,13.47,89.28,1.68,6.17,4.9
11.39044,55.32523,2006,9,7,250,2006-09-07,16.51,18.46,14.08,83.8,2.35,13.6,5.64
11.39044,55.32523,2006,9,8,251,2006-09-08,15.12,17.37,13.19,78.65,0.38,17.11,6.58
11.39044,55.32523,2006,9,9,252,2006-09-09,15.22,18.27,12.78,86.7,0.11,10.57,4.68
11.39044,55.32523,2006,9,10,253,2006-09-10,14.2,16.59,11.65,81.42,0.04,13.78,2.06
11.39044,55.32523,2006,9,11,254,2006-09-11,15.86,19.85,11.77,88.01,0.08,16.98,3.88
11.39044,55.32523,2006,9,12,255,2006-09-12,17.05,20.88,13.58,85.25,0.09,16.85,4.33
11.39044,55.32523,2006,9,13,256,2006-09-13,17.13,21.25,13.78,85.41,0.02,16.26,3.92
11.39044,55.32523,2006,9,14,257,2006-09-14,16.87,21.27,13.19,86.77,0.05,15.68,3.85
11.39044,55.32523,2006,9,15,258,2006-09-15,17.08,20.99,14.52,84.53,0.1,15.14,7.04
11.39044,55.32523,2006,9,16,259,2006-09-16,16.91,19.87,14.86,85.62,0.06,13.25,7.16
11.39044,55.32523,2006,9,17,260,2006-09-17,16.85,19.81,14.95,88.03,0.09,10.72,4.82
11.39044,55.32523,2006,9,18,261,2006-09-18,17.06,19.84,14.93,91.85,0.56,6.78,2.34
11.39044,55.32523,2006,9,19,262,2006-09-19,16.44,18.93,13.97,87.65,0.9,8.69,4.96
11.39044,55.32523,2006,9,20,263,2006-09-20,15.25,18.11,12.9,84.74,0.06,10.04,5.1
11.39044,55.32523,2006,9,21,264,2006-09-21,15.7,19.06,12.69,84.07,0.04,14.55,4.39
11.39044,55.32523,2006,9,22,265,2006-09-22,16.83,20.53,13.55,82.59,0,13.93,5.82
11.39044,55.32523,2006,9,23,266,2006-09-23,16.69,19.41,14.86,79.89,0,13.89,5.87
11.39044,55.32523,2006,9,24,267,2006-09-24,16.94,20.54,13.49,83.79,0,13.64,4.88
11.39044,55.32523,2006,9,25,268,2006-09-25,17.27,21.06,14.21,85.45,0.03,13.25,4.98
11.39044,55.32523,2006,9,26,269,2006-09-26,16.9,20.06,14.19,90.06,0.7,9.01,3.41
11.39044,55.32523,2006,9,27,270,2006-09-27,16.12,17.93,13.63,87.9,5.87,7.69,3.84
11.39044,55.32523,2006,9,28,271,2006-09-28,15.81,17.73,13.46,91.12,2.13,6.23,4.45
11.39044,55.32523,2006,9,29,272,2006-09-29,16.82,19.22,14.71,90.74,0.61,8.58,3.03
11.39044,55.32523,2006,9,30,273,2006-09-30,16.36,19.26,13.7,92.96,5.47,6.45,3.29
11.39044,55.32523,2006,10,1,274,2006-10-01,15.68,18.07,12.95,90.07,3.9,11.13,3.53
11.39044,55.32523,2006,10,2,275,2006-10-02,15.28,16.44,14.5,89.22,7.91,5.56,6.88
11.39044,55.32523,2006,10,3,276,2006-10-03,14.71,16.49,12.85,89.82,2.85,7.17,4.9
11.39044,55.32523,2006,10,4,277,2006-10-04,13.84,16.55,11.97,87.7,1.5,6.96,4.27
11.39044,55.32523,2006,10,5,278,2006-10-05,13,15.07,11.35,83.13,0.94,9.05,4.56
11.39044,55.32523,2006,10,6,279,2006-10-06,15.11,17.43,12.62,90.44,9.88,4.96,7.68
11.39044,55.32523,2006,10,7,280,2006-10-07,14.52,16.07,12.52,83.77,3.52,8.88,8.91
11.39044,55.32523,2006,10,8,281,2006-10-08,14.61,16.62,12.94,87.62,2.46,4.61,7.35
11.39044,55.32523,2006,10,9,282,2006-10-09,14.31,16.12,13.14,88.52,0.04,8.99,3.95
11.39044,55.32523,2006,10,10,283,2006-10-10,14.25,17.18,12.29,93.55,0.29,4.62,2.33
11.39044,55.32523,2006,10,11,284,2006-10-11,13.69,15.28,12.36,92.41,0.62,4.23,4.53
11.39044,55.32523,2006,10,12,285,2006-10-12,14.17,16.52,12.46,91.64,0.34,4.21,4.83
11.39044,55.32523,2006,10,13,286,2006-10-13,13.15,15.4,10.33,87.28,0.16,6.26,3.67
11.39044,55.32523,2006,10,14,287,2006-10-14,12.08,14.22,10.25,86.02,0.17,5.73,2.14
11.39044,55.32523,2006,10,15,288,2006-10-15,11.96,13.76,10.65,82.53,0.1,5.37,2.1
11.39044,55.32523,2006,10,16,289,2006-10-16,11.82,12.7,11.04,86.22,0.56,2.49,1.54
11.39044,55.32523,2006,10,17,290,2006-10-17,11.48,14.02,9.64,89.15,0.03,8.4,4.69
11.39044,55.32523,2006,10,18,291,2006-10-18,11.73,14.05,9.38,90.87,0.6,4.74,3.43
11.39044,55.32523,2006,10,19,292,2006-10-19,13.27,15.32,12.24,93.07,1.71,2.52,3.46
11.39044,55.32523,2006,10,20,293,2006-10-20,13.12,14.64,11.99,96.12,2.71,3.9,3.37
11.39044,55.32523,2006,10,21,294,2006-10-21,13.64,15.41,12.11,94.86,1.9,3.64,4.86
11.39044,55.32523,2006,10,22,295,2006-10-22,13.84,15.37,12.72,90.54,2.17,5.11,6.39
11.39044,55.32523,2006,10,23,296,2006-10-23,14.52,16.42,13.19,92.51,5.49,3.37,7.19
11.39044,55.32523,2006,10,24,297,2006-10-24,13.13,15.09,10.69,91.4,13.43,2.96,4.66
11.39044,55.32523,2006,10,25,298,2006-10-25,11.75,14.06,9.91,87.58,0.08,7.08,4.31
11.39044,55.32523,2006,10,26,299,2006-10-26,13.78,15.99,11.53,89.47,12.57,3.21,7.63
11.39044,55.32523,2006,10,27,300,2006-10-27,12.11,14.22,10.1,76.81,0.4,5.99,10.54
11.39044,55.32523,2006,10,28,301,2006-10-28,11.07,12.93,8.72,91.66,6.34,2.63,5.3
11.39044,55.32523,2006,10,29,302,2006-10-29,9.36,12.97,7.02,84.05,1.05,3.2,4.73
11.39044,55.32523,2006,10,30,303,2006-10-30,9.73,11.65,7.32,89.1,4.74,1.85,5.83
11.39044,55.32523,2006,10,31,304,2006-10-31,11.82,13.73,8.2,86.48,3.26,2.89,9.45
11.39044,55.32523,2006,11,1,305,2006-11-01,4.21,7.75,2.51,75.02,4.32,2.19,10.03
11.39044,55.32523,2006,11,2,306,2006-11-02,3.88,5.43,2.7,73.17,1.07,4.75,4.49
11.39044,55.32523,2006,11,3,307,2006-11-03,4.03,6.11,2.39,73.54,0.21,5.36,3.47
11.39044,55.32523,2006,11,4,308,2006-11-04,8.4,10.27,5.91,93.01,0.5,4.17,6.92
11.39044,55.32523,2006,11,5,309,2006-11-05,10.25,11.04,9.61,91.98,3.21,1.41,8.6
11.39044,55.32523,2006,11,6,310,2006-11-06,10.74,11.97,9.34,90.78,0.34,2.85,9.03
11.39044,55.32523,2006,11,7,311,2006-11-07,9.93,11.38,8.6,89.39,0.2,3.62,7.06
11.39044,55.32523,2006,11,8,312,2006-11-08,9.55,10.39,8.98,95.08,9.81,1.03,6.51
11.39044,55.32523,2006,11,9,313,2006-11-09,7.84,10.3,6.29,87.75,3.28,3.09,7.85
11.39044,55.32523,2006,11,10,314,2006-11-10,6.66,7.79,5.17,89.4,0.25,3.71,4.03
11.39044,55.32523,2006,11,11,315,2006-11-11,7.35,10.42,4.91,88.43,8.91,2.4,7.77
11.39044,55.32523,2006,11,12,316,2006-11-12,7.11,8.1,6.03,87.18,1.23,3.63,8.15
11.39044,55.32523,2006,11,13,317,2006-11-13,7.47,10.19,5.89,93.77,5.4,0.98,6.96
11.39044,55.32523,2006,11,14,318,2006-11-14,8.51,10.53,7.23,92.81,0.44,3.05,6.32
11.39044,55.32523,2006,11,15,319,2006-11-15,9.62,11.08,8.28,97.09,2.86,1.15,4.73
11.39044,55.32523,2006,11,16,320,2006-11-16,9.51,10.7,7.68,95.54,0.8,3.14,6.12
11.39044,55.32523,2006,11,17,321,2006-11-17,9.81,11.4,7.61,95.25,4.49,0.91,3.98
11.39044,55.32523,2006,11,18,322,2006-11-18,8,9.84,6.26,97.06,0.66,1.74,5.44
11.39044,55.32523,2006,11,19,323,2006-11-19,6.24,7.29,5.53,96.11,2.04,1.79,3.77
11.39044,55.32523,2006,11,20,324,2006-11-20,5.95,6.59,4.73,92.93,2.05,1.41,7.96
11.39044,55.32523,2006,11,21,325,2006-11-21,6.47,7.26,5.87,96.42,7.46,1.08,5.46
11.39044,55.32523,2006,11,22,326,2006-11-22,5.34,6.31,3.87,95.04,0.32,1.83,6.61
11.39044,55.32523,2006,11,23,327,2006-11-23,6.34,8.29,5.06,95.04,4.96,0.63,7.25
11.39044,55.32523,2006,11,24,328,2006-11-24,8.3,9.09,7.77,95.7,0.34,1.82,5.66
11.39044,55.32523,2006,11,25,329,2006-11-25,9.3,11.7,7.51,93.77,4.12,0.8,7.4
11.39044,55.32523,2006,11,26,330,2006-11-26,8.56,10.92,7.56,93.63,0.04,1.87,6.44
11.39044,55.32523,2006,11,27,331,2006-11-27,7.06,7.85,5.91,98.25,0.42,1.98,4.7
11.39044,55.32523,2006,11,28,332,2006-11-28,7.59,9.11,6.92,97.76,0.32,2.53,4.55
11.39044,55.32523,2006,11,29,333,2006-11-29,7.98,9.35,7.06,97.27,2.7,2.08,4.22
11.39044,55.32523,2006,11,30,334,2006-11-30,6.73,7.46,5.18,97.37,0.31,0.76,6.16
11.39044,55.32523,2006,12,1,335,2006-12-01,5.62,6.75,4.48,94.83,0.33,0.85,6.08
11.39044,55.32523,2006,12,2,336,2006-12-02,6.63,7.25,5.81,95.3,7.53,0.3,5.98
11.39044,55.32523,2006,12,3,337,2006-12-03,6.76,8.11,5.35,96.61,2.64,1.45,6.53
11.39044,55.32523,2006,12,4,338,2006-12-04,6.77,7.19,6.18,93.98,1.27,1.2,7.89
11.39044,55.32523,2006,12,5,339,2006-12-05,8.65,10.15,5.87,94.8,5.27,0.74,8.64
11.39044,55.32523,2006,12,6,340,2006-12-06,7.75,8.61,6.82,92.75,2.06,1.05,8.48
11.39044,55.32523,2006,12,7,341,2006-12-07,6.14,6.82,5.39,91.56,6.75,0.74,9.45
11.39044,55.32523,2006,12,8,342,2006-12-08,7.3,8.05,6.39,91.1,3.74,0.8,8.09
11.39044,55.32523,2006,12,9,343,2006-12-09,6.7,8.21,5.61,92.78,0.58,1.92,6.05
11.39044,55.32523,2006,12,10,344,2006-12-10,4.67,5.67,3.61,96.17,0.04,2.35,5.17
11.39044,55.32523,2006,12,11,345,2006-12-11,4.93,6.88,3.96,91.91,6.87,0.51,10.08
11.39044,55.32523,2006,12,12,346,2006-12-12,5.37,6.56,4.34,92.84,2.25,2.01,6.38
11.39044,55.32523,2006,12,13,347,2006-12-13,6.74,8.47,6.07,88.36,5.07,1.73,8.48
11.39044,55.32523,2006,12,14,348,2006-12-14,8.74,9.01,8.46,93.41,4.24,0.57,9.79
11.39044,55.32523,2006,12,15,349,2006-12-15,7.88,8.7,6.44,94.95,3.76,0.47,7.56
11.39044,55.32523,2006,12,16,350,2006-12-16,4.83,6.31,2.21,96.19,4.81,0.91,5.59
11.39044,55.32523,2006,12,17,351,2006-12-17,3.52,4.87,2.32,97.66,1.99,1.05,5.4
11.39044,55.32523,2006,12,18,352,2006-12-18,1.72,3.37,0.2,96.52,0.03,1.66,4.15
11.39044,55.32523,2006,12,19,353,2006-12-19,3.23,4.76,0.49,98.48,0.29,1.34,4.9
11.39044,55.32523,2006,12,20,354,2006-12-20,5.43,6.56,4.04,97.23,0.42,1.8,4.55
11.39044,55.32523,2006,12,21,355,2006-12-21,5.27,6.17,4.2,97.36,0.35,0.63,3.66
11.39044,55.32523,2006,12,22,356,2006-12-22,5.05,6.35,4.21,96.43,0.44,1.15,4.89
11.39044,55.32523,2006,12,23,357,2006-12-23,5.38,6.81,3.89,98.17,0.56,0.73,4.16
11.39044,55.32523,2006,12,24,358,2006-12-24,5.53,6.36,4.57,96.75,0.47,1.4,4.69
11.39044,55.32523,2006,12,25,359,2006-12-25,3.6,5.02,2.15,96.35,0.47,0.65,1.69
11.39044,55.32523,2006,12,26,360,2006-12-26,3.58,4.25,2.93,97,0.57,0.43,3.83
11.39044,55.32523,2006,12,27,361,2006-12-27,3.23,4.08,2.69,95.5,0.49,0.34,4.38
11.39044,55.32523,2006,12,28,362,2006-12-28,2.68,3.27,1.89,97.75,2.87,0.48,4.28
11.39044,55.32523,2006,12,29,363,2006-12-29,2.48,4.2,0.86,98.86,0.13,0.74,4.03
11.39044,55.32523,2006,12,30,364,2006-12-30,4.56,6.45,2.69,91.89,4.65,0.62,8.04
11.39044,55.32523,2006,12,31,365,2006-12-31,5.58,6.72,3.88,92.43,11.5,1.9,7.89
11.39044,55.32523,2007,1,1,1,2007-01-01,6.92,8.02,6.02,84.44,7.93,1.15,12.31
11.39044,55.32523,2007,1,2,2,2007-01-02,5.24,6.18,4.6,93.34,0.54,1.68,7.37
11.39044,55.32523,2007,1,3,3,2007-01-03,5.21,6.45,4.08,95.1,2.56,1.54,7.05
11.39044,55.32523,2007,1,4,4,2007-01-04,7.27,8.07,6.72,92.73,3.75,0.67,9.3
11.39044,55.32523,2007,1,5,5,2007-01-05,6.44,7.61,5.55,91.79,1.26,1.33,7.9
11.39044,55.32523,2007,1,6,6,2007-01-06,5.81,7.06,5.09,96.98,0.13,1.44,5.57
11.39044,55.32523,2007,1,7,7,2007-01-07,5.75,7.68,4.65,95.91,2.9,1.04,6.62
11.39044,55.32523,2007,1,8,8,2007-01-08,6.34,7.28,5.7,92.23,3.56,0.83,7.88
11.39044,55.32523,2007,1,9,9,2007-01-09,8.55,9.7,5.66,92.8,3.6,0.85,9.91
11.39044,55.32523,2007,1,10,10,2007-01-10,8.47,9.37,5.87,93.1,10.06,0.59,8.56
11.39044,55.32523,2007,1,11,11,2007-01-11,5.69,7.52,4,90.09,10.12,0.36,9.97
11.39044,55.32523,2007,1,12,12,2007-01-12,7.34,9.45,5.96,85.58,6.06,1.34,12
11.39044,55.32523,2007,1,13,13,2007-01-13,7.85,9.39,6.73,88.6,1.29,1.75,9.48
11.39044,55.32523,2007,1,14,14,2007-01-14,7.04,8.74,5.98,82.03,1.41,2.15,12.74
11.39044,55.32523,2007,1,15,15,2007-01-15,6.53,7.6,5.62,91.48,0.11,1.49,8.81
11.39044,55.32523,2007,1,16,16,2007-01-16,5.67,7.48,3.69,93.15,2.62,1.08,5.95
11.39044,55.32523,2007,1,17,17,2007-01-17,6.35,8.05,3.52,93.79,8.71,0.57,7.27
11.39044,55.32523,2007,1,18,18,2007-01-18,4.9,5.78,3.11,90.62,13.06,0.68,7.95
11.39044,55.32523,2007,1,19,19,2007-01-19,5.11,6.45,3.47,91.91,0.84,2.61,7.66
11.39044,55.32523,2007,1,20,20,2007-01-20,5.48,8.07,2.06,90.14,26.03,1.23,8.89
11.39044,55.32523,2007,1,21,21,2007-01-21,4.78,5.89,2.1,89.23,4.15,2.08,8.68
11.39044,55.32523,2007,1,22,22,2007-01-22,0.1,2.27,-1.48,79.17,3.19,2.43,5.92
11.39044,55.32523,2007,1,23,23,2007-01-23,0.24,1.39,-1.33,84.41,2.54,1.83,4.1
11.39044,55.32523,2007,1,24,24,2007-01-24,-0.06,1.19,-1.8,85.46,0.26,1.95,4.79
11.39044,55.32523,2007,1,25,25,2007-01-25,-2.32,-1.41,-3.42,82,0.01,2.83,5.01
11.39044,55.32523,2007,1,26,26,2007-01-26,2.15,4.6,-1.6,91.1,2.47,3.13,8.7
11.39044,55.32523,2007,1,27,27,2007-01-27,0.93,1.66,0.08,78.58,0.41,3.67,6.24
11.39044,55.32523,2007,1,28,28,2007-01-28,4.35,5.78,0.75,94.08,5.52,1.2,9.47
11.39044,55.32523,2007,1,29,29,2007-01-29,2.64,4.62,1.15,86.99,0.58,4.35,5.24
11.39044,55.32523,2007,1,30,30,2007-01-30,5.51,6.54,4.06,92.88,0.64,3.32,7.75
11.39044,55.32523,2007,1,31,31,2007-01-31,5.54,7.22,4.41,91.31,3.63,1.49,10.18
11.39044,55.32523,2007,2,1,32,2007-02-01,3.81,4.87,2.11,96.72,0.61,2.23,4.34
11.39044,55.32523,2007,2,2,33,2007-02-02,5.27,5.99,4.83,94.37,3.76,1.77,7.29
11.39044,55.32523,2007,2,3,34,2007-02-03,4.85,6.57,3.68,92.36,0.05,4.76,6.73
11.39044,55.32523,2007,2,4,35,2007-02-04,4.93,5.46,4.41,93.39,0.34,3.03,6.66
11.39044,55.32523,2007,2,5,36,2007-02-05,3.48,4.57,1.29,89.2,0.23,5.5,7
11.39044,55.32523,2007,2,6,37,2007-02-06,1.66,3.16,0.73,94.13,1.49,3.52,3.19
11.39044,55.32523,2007,2,7,38,2007-02-07,1.15,2.42,0.31,93.89,2.32,2.84,3.68
11.39044,55.32523,2007,2,8,39,2007-02-08,1.01,2.53,0.03,89.38,0.19,4.22,5.3
11.39044,55.32523,2007,2,9,40,2007-02-09,-0.47,0.86,-2.26,86.31,0.55,4.2,7.87
11.39044,55.32523,2007,2,10,41,2007-02-10,-1.1,0.35,-2.33,81.96,0.02,5.12,6.59
11.39044,55.32523,2007,2,11,42,2007-02-11,-0.5,0.17,-1.15,82.43,0.67,2.27,9.34
11.39044,55.32523,2007,2,12,43,2007-02-12,1.61,2.49,0.33,95.5,1.85,1.32,6.23
11.39044,55.32523,2007,2,13,44,2007-02-13,2.13,2.88,1.43,96.82,2.54,1.85,4.04
11.39044,55.32523,2007,2,14,45,2007-02-14,2.9,4.39,1.72,95.33,1.68,2.45,3.14
11.39044,55.32523,2007,2,15,46,2007-02-15,2.34,4.26,1.18,94.09,2.99,3.62,2.63
11.39044,55.32523,2007,2,16,47,2007-02-16,2.89,4.42,0.98,91.57,0.08,1.94,6.21
11.39044,55.32523,2007,2,17,48,2007-02-17,3.18,4.47,2.45,87.56,0,4.57,7.89
11.39044,55.32523,2007,2,18,49,2007-02-18,2.71,3.9,1.44,95.03,0.12,3.74,3.92
11.39044,55.32523,2007,2,19,50,2007-02-19,2.1,2.85,1.48,95.07,0.42,2.59,2.7
11.39044,55.32523,2007,2,20,51,2007-02-20,3.06,4.34,2.06,92.21,1.54,4.3,2.53
11.39044,55.32523,2007,2,21,52,2007-02-21,1.29,2.65,0.36,92.7,23.39,1.59,10.64
11.39044,55.32523,2007,2,22,53,2007-02-22,-0.1,0.4,-0.91,89.2,3.1,1.54,8.85
11.39044,55.32523,2007,2,23,54,2007-02-23,-0.76,-0.37,-1.13,90.27,2.87,1.84,9.49
11.39044,55.32523,2007,2,24,55,2007-02-24,0.2,1.65,-0.61,93,7.82,1.41,9.17
11.39044,55.32523,2007,2,25,56,2007-02-25,2.55,3.22,1.68,97.23,6.51,3.53,6.35
11.39044,55.32523,2007,2,26,57,2007-02-26,3.03,3.71,2.49,96.28,1.76,2.67,3.55
11.39044,55.32523,2007,2,27,58,2007-02-27,2.42,4.06,1.06,90.46,1.85,5.62,5.64
11.39044,55.32523,2007,2,28,59,2007-02-28,4.31,6.99,1.1,95.72,6.06,2.85,5.97
11.39044,55.32523,2007,3,1,60,2007-03-01,4.9,6.55,3.59,91.45,3.61,5.97,5.15
11.39044,55.32523,2007,3,2,61,2007-03-02,3.89,5.1,3.23,94.46,0.57,3.93,2.89
11.39044,55.32523,2007,3,3,62,2007-03-03,3.56,5.44,1.37,92.5,0.58,4.25,1.97
11.39044,55.32523,2007,3,4,63,2007-03-04,3.06,5.55,1.09,92.5,0.08,7.59,2.53
11.39044,55.32523,2007,3,5,64,2007-03-05,3.63,5.5,2.29,94.34,4.32,2.98,7.25
11.39044,55.32523,2007,3,6,65,2007-03-06,4.92,6.64,2.94,94,4.97,3.16,6.24
11.39044,55.32523,2007,3,7,66,2007-03-07,5.91,7.04,5.15,96.73,8.4,3.13,3.52
11.39044,55.32523,2007,3,8,67,2007-03-08,5.26,6.58,3.32,94.01,6.11,5.32,3.64
11.39044,55.32523,2007,3,9,68,2007-03-09,4.27,5.71,2.9,96.37,1.01,4.65,5.38
11.39044,55.32523,2007,3,10,69,2007-03-10,4.91,7.3,2.39,91.34,0.19,9.66,6.44
11.39044,55.32523,2007,3,11,70,2007-03-11,6.57,9.58,4.21,92.68,0.11,9.41,6.5
11.39044,55.32523,2007,3,12,71,2007-03-12,6.74,11.05,3.81,90.9,0.07,13.11,4.13
11.39044,55.32523,2007,3,13,72,2007-03-13,4.6,7.48,3.31,94.04,0.08,9.41,2.5
11.39044,55.32523,2007,3,14,73,2007-03-14,5.33,8.66,2.91,92.57,0.08,12.22,5.18
11.39044,55.32523,2007,3,15,74,2007-03-15,6.12,8.89,4.11,91.98,0.03,8.91,5.19
11.39044,55.32523,2007,3,16,75,2007-03-16,5.73,7.34,4.37,85.19,2.95,12.95,6.61
11.39044,55.32523,2007,3,17,76,2007-03-17,5.8,7.53,4.35,85,1.47,12.95,10.19
11.39044,55.32523,2007,3,18,77,2007-03-18,5.75,7.08,3.99,83.95,6.63,9.94,12.01
11.39044,55.32523,2007,3,19,78,2007-03-19,3.96,5.69,2.66,83.3,1.79,11.04,8.8
11.39044,55.32523,2007,3,20,79,2007-03-20,3.54,6.37,1.2,83.34,0.04,14.92,4.24
11.39044,55.32523,2007,3,21,80,2007-03-21,3.67,4.84,2.2,87.79,1.98,7,7.34
11.39044,55.32523,2007,3,22,81,2007-03-22,4.86,6.73,3.45,88.21,0.78,8.78,8.15
11.39044,55.32523,2007,3,23,82,2007-03-23,5.55,8.51,2.87,85.79,2.48,13.77,6.67
11.39044,55.32523,2007,3,24,83,2007-03-24,6.59,10.13,4.12,84.1,0.2,15.34,7.32
11.39044,55.32523,2007,3,25,84,2007-03-25,5.83,10.11,2.49,84.13,0,16.33,5.23
11.39044,55.32523,2007,3,26,85,2007-03-26,6.23,11.32,2.6,85.66,0,16.31,4.64
11.39044,55.32523,2007,3,27,86,2007-03-27,6.13,10.88,2.85,83.63,0,16.87,4.28
11.39044,55.32523,2007,3,28,87,2007-03-28,6.76,11.99,2.54,87.21,0,16.77,4.09
11.39044,55.32523,2007,3,29,88,2007-03-29,7.09,11.16,4.18,86.29,0,15.73,5.52
11.39044,55.32523,2007,3,30,89,2007-03-30,7.44,11.61,4.41,84.63,0,14.62,2.82
11.39044,55.32523,2007,3,31,90,2007-03-31,6.73,11.76,2.26,81.03,0,16.42,3.48
11.39044,55.32523,2007,4,1,91,2007-04-01,7.37,12.09,2.91,74.83,0,16.58,2.53
11.39044,55.32523,2007,4,2,92,2007-04-02,7.01,10.81,3.68,75.14,0,17.03,2.57
11.39044,55.32523,2007,4,3,93,2007-04-03,5.92,7.37,3.79,83.63,0.08,17.51,6.15
11.39044,55.32523,2007,4,4,94,2007-04-04,6.01,8.83,2.56,84.46,0.17,16.71,5.12
11.39044,55.32523,2007,4,5,95,2007-04-05,7.74,10.62,5.52,85.81,0.03,17.62,9.35
11.39044,55.32523,2007,4,6,96,2007-04-06,5.87,8.32,3.62,76.03,0.02,17.57,7.16
11.39044,55.32523,2007,4,7,97,2007-04-07,5.55,8.29,2.47,81.19,0.26,14.1,6.98
11.39044,55.32523,2007,4,8,98,2007-04-08,5.61,8.85,3.18,86.75,3.47,5.23,6.2
11.39044,55.32523,2007,4,9,99,2007-04-09,7.99,9.76,6.64,90.73,1.36,8.5,7.03
11.39044,55.32523,2007,4,10,100,2007-04-10,8.53,10.56,6.84,85.97,0.87,14.75,6.92
11.39044,55.32523,2007,4,11,101,2007-04-11,9.27,12.41,7.07,88.08,0.06,18.65,5.76
11.39044,55.32523,2007,4,12,102,2007-04-12,8.5,12.07,5.89,90.27,0.15,17.23,2.47
11.39044,55.32523,2007,4,13,103,2007-04-13,9.78,13.77,6.22,83.34,0,19.55,1.8
11.39044,55.32523,2007,4,14,104,2007-04-14,10.22,15.26,5.98,79.52,0,21.14,2.75
11.39044,55.32523,2007,4,15,105,2007-04-15,9.92,14.84,5.83,80.94,0,19.96,3.93
11.39044,55.32523,2007,4,16,106,2007-04-16,11.98,16.43,7.63,83.03,0,19.64,3.37
11.39044,55.32523,2007,4,17,107,2007-04-17,8.82,11.43,6.67,79.88,0.1,17.79,6.06
11.39044,55.32523,2007,4,18,108,2007-04-18,7.05,9.86,4.34,77.81,0.09,20.15,7.53
11.39044,55.32523,2007,4,19,109,2007-04-19,7.19,10.23,4.14,83.43,1.91,7.12,9.67
11.39044,55.32523,2007,4,20,110,2007-04-20,5.12,7.14,3.3,70.39,0,18.48,7.98
11.39044,55.32523,2007,4,21,111,2007-04-21,6.25,9.12,2.96,68.98,0,21.81,3
11.39044,55.32523,2007,4,22,112,2007-04-22,7.74,10.53,4.93,79.64,0.69,15.08,4.06
11.39044,55.32523,2007,4,23,113,2007-04-23,10.2,13.82,6.81,88.52,0.26,16.05,2.41
11.39044,55.32523,2007,4,24,114,2007-04-24,11.82,15.15,8.24,85.62,0.05,19.04,1.65
11.39044,55.32523,2007,4,25,115,2007-04-25,10.99,14.85,8.02,86.47,0.02,19.99,4.67
11.39044,55.32523,2007,4,26,116,2007-04-26,13.07,18.52,8.25,80,0.05,20.29,3.11
11.39044,55.32523,2007,4,27,117,2007-04-27,13.47,19.08,9.65,78.85,0,20.74,1.67
11.39044,55.32523,2007,4,28,118,2007-04-28,11.81,16.01,7.87,81.99,0.05,17,3.4
11.39044,55.32523,2007,4,29,119,2007-04-29,9.24,11.86,5.95,72.16,0,23.76,2.83
11.39044,55.32523,2007,4,30,120,2007-04-30,10.2,13.54,6.59,81.74,0.01,23.23,2.85
11.39044,55.32523,2007,5,1,121,2007-05-01,10.42,13.49,6.32,75.79,0.02,18.89,2.12
11.39044,55.32523,2007,5,2,122,2007-05-02,11.69,14.77,7.76,78.35,0.01,24.12,2.13
11.39044,55.32523,2007,5,3,123,2007-05-03,10.01,13.15,6.62,71.93,0.07,25.11,3.81
11.39044,55.32523,2007,5,4,124,2007-05-04,11.56,15.62,6.54,59.07,0.01,25.11,0.78
11.39044,55.32523,2007,5,5,125,2007-05-05,12.64,16.01,8.65,68.25,0,24.06,1.66
11.39044,55.32523,2007,5,6,126,2007-05-06,11.5,15.4,7.8,83.34,2.76,21.96,3.1
11.39044,55.32523,2007,5,7,127,2007-05-07,11.2,13.15,8.69,81.22,1.93,18.96,5.31
11.39044,55.32523,2007,5,8,128,2007-05-08,10.62,12.52,8.76,83.28,5.12,17.09,7.21
11.39044,55.32523,2007,5,9,129,2007-05-09,9.69,12.22,6.98,77.21,1.16,18.06,8.05
11.39044,55.32523,2007,5,10,130,2007-05-10,9.96,13.12,6.47,82.35,5.42,10.28,6.29
11.39044,55.32523,2007,5,11,131,2007-05-11,10.52,11.75,7.8,85.81,2.89,12.59,4.64
11.39044,55.32523,2007,5,12,132,2007-05-12,9.76,12.27,5.82,81.6,1.93,15.99,4.3
11.39044,55.32523,2007,5,13,133,2007-05-13,12.98,15.57,9.58,86.09,1.72,19.52,4.36
11.39044,55.32523,2007,5,14,134,2007-05-14,13.73,16.46,8.9,83.29,1.08,18.73,7.05
11.39044,55.32523,2007,5,15,135,2007-05-15,10.36,13.11,7.59,72.48,0.09,23.33,5.76
11.39044,55.32523,2007,5,16,136,2007-05-16,8.3,10.31,6.39,85.16,28.87,10.06,3.75
11.39044,55.32523,2007,5,17,137,2007-05-17,9.24,10.66,7.09,80.45,2.22,15.69,8.76
11.39044,55.32523,2007,5,18,138,2007-05-18,11.56,14.3,7.2,77.32,0.01,23.56,5.25
11.39044,55.32523,2007,5,19,139,2007-05-19,13.44,15.35,10.21,79.07,2.22,22.7,5.43
11.39044,55.32523,2007,5,20,140,2007-05-20,13.45,16.94,8.73,75.37,0,25.33,2.08
11.39044,55.32523,2007,5,21,141,2007-05-21,14.83,20.51,11.2,86.27,0.74,14.3,3.51
11.39044,55.32523,2007,5,22,142,2007-05-22,13.13,15.47,10.35,86.94,0.17,17.83,3.09
11.39044,55.32523,2007,5,23,143,2007-05-23,12.37,14.79,9.62,75.58,0.01,27.49,3.36
11.39044,55.32523,2007,5,24,144,2007-05-24,14.38,16.71,10.61,84.02,0.09,15.39,3.25
11.39044,55.32523,2007,5,25,145,2007-05-25,16.03,19.47,12.31,80.88,0.78,20.77,1.73
11.39044,55.32523,2007,5,26,146,2007-05-26,12.03,13.65,10.43,87.09,4.67,8.85,3.23
11.39044,55.32523,2007,5,27,147,2007-05-27,13.83,17.1,10.24,83.77,1.92,8.52,4.62
11.39044,55.32523,2007,5,28,148,2007-05-28,15.76,19.03,12.7,89.81,1.56,10.27,2.26
11.39044,55.32523,2007,5,29,149,2007-05-29,16.82,20.62,14.34,87.55,2.89,13.7,4.04
11.39044,55.32523,2007,5,30,150,2007-05-30,13.57,15.5,11.22,78.31,2.25,18.3,4.9
11.39044,55.32523,2007,5,31,151,2007-05-31,14.02,17.14,10.24,74.35,0,25.8,1.89
11.39044,55.32523,2007,6,1,152,2007-06-01,15.24,18.28,11.68,78.04,0.03,24.8,2.52
11.39044,55.32523,2007,6,2,153,2007-06-02,14.63,15.78,12.63,87.67,0.93,6.91,3.4
11.39044,55.32523,2007,6,3,154,2007-06-03,14.94,18.5,10.29,78.79,0.03,24.05,3.76
11.39044,55.32523,2007,6,4,155,2007-06-04,14.86,16.7,12.78,87.19,1.01,14.5,2.66
11.39044,55.32523,2007,6,5,156,2007-06-05,16.5,19.43,13.98,87.99,1.26,14.22,2.56
11.39044,55.32523,2007,6,6,157,2007-06-06,17.27,20.73,14.25,85.94,2.27,18.59,3.14
11.39044,55.32523,2007,6,7,158,2007-06-07,18.02,22.11,13.59,76.75,0,25.95,3.87
11.39044,55.32523,2007,6,8,159,2007-06-08,18.62,22.49,14.35,69.94,0,27.39,3.16
11.39044,55.32523,2007,6,9,160,2007-06-09,18.93,22.52,15.11,67.15,0,29.47,2.14
11.39044,55.32523,2007,6,10,161,2007-06-10,21,25.13,16.04,66.99,0,24.99,1.54
11.39044,55.32523,2007,6,11,162,2007-06-11,22.33,27.01,17.46,66.22,0,26.76,1.12
11.39044,55.32523,2007,6,12,163,2007-06-12,19.15,21.63,16.27,77.4,0,24.71,4.23
11.39044,55.32523,2007,6,13,164,2007-06-13,16.67,19,14.92,81.92,1.24,16.35,4.36
11.39044,55.32523,2007,6,14,165,2007-06-14,14.25,15.81,12.76,73.23,0.98,18.25,4.34
11.39044,55.32523,2007,6,15,166,2007-06-15,13.81,15.33,12.33,77.61,1.57,8.86,6.3
11.39044,55.32523,2007,6,16,167,2007-06-16,14.44,15.92,12.95,91.04,37.28,5.48,4.3
11.39044,55.32523,2007,6,17,168,2007-06-17,15.78,17.64,13.56,87.82,4.21,17.6,3.64
11.39044,55.32523,2007,6,18,169,2007-06-18,15.9,17.98,12.5,83.66,0.47,21.6,2.32
11.39044,55.32523,2007,6,19,170,2007-06-19,17.13,19.51,14.4,77.9,0.23,26.01,2.23
11.39044,55.32523,2007,6,20,171,2007-06-20,18.27,21.15,14.43,82.32,5.26,18.16,3.83
11.39044,55.32523,2007,6,21,172,2007-06-21,17.02,17.76,15.61,83.04,2.6,15.42,3.68
11.39044,55.32523,2007,6,22,173,2007-06-22,16.94,19.16,15.03,82.71,5.8,21.27,4.94
11.39044,55.32523,2007,6,23,174,2007-06-23,16.12,17.77,14.44,85.6,4.46,18.93,2.86
11.39044,55.32523,2007,6,24,175,2007-06-24,16.28,18.05,13.97,85.44,2.86,19.86,2.86
11.39044,55.32523,2007,6,25,176,2007-06-25,17.79,20.3,15.24,87.32,15.45,8.89,2.87
11.39044,55.32523,2007,6,26,177,2007-06-26,15.54,16.77,13.95,79.67,5.59,17.49,5.23
11.39044,55.32523,2007,6,27,178,2007-06-27,13.85,15.5,12.19,88.03,34.28,6.08,8.99
11.39044,55.32523,2007,6,28,179,2007-06-28,13.58,16.11,11.79,74.11,0.39,22.03,7.51
11.39044,55.32523,2007,6,29,180,2007-06-29,14.51,16.19,11.45,82.11,7.67,16.14,6.03
11.39044,55.32523,2007,6,30,181,2007-06-30,14.32,15.62,12.22,80.88,5.13,17.38,5.36
11.39044,55.32523,2007,7,1,182,2007-07-01,14.74,16.95,11.52,84.96,1.27,18.02,3.61
11.39044,55.32523,2007,7,2,183,2007-07-02,16.91,18.84,14.74,92.3,12.88,10.61,4.12
11.39044,55.32523,2007,7,3,184,2007-07-03,16.71,18.99,14.85,84.77,5.09,19.7,3.47
11.39044,55.32523,2007,7,4,185,2007-07-04,15.26,16.39,13.98,84.95,5.99,18.38,2.53
11.39044,55.32523,2007,7,5,186,2007-07-05,15.35,16.44,14.21,88.4,16.95,10.29,6.77
11.39044,55.32523,2007,7,6,187,2007-07-06,15.91,18.03,14.4,84.76,3.28,14.52,5.37
11.39044,55.32523,2007,7,7,188,2007-07-07,15.81,18.13,13.85,84.01,1.18,16.02,7.01
11.39044,55.32523,2007,7,8,189,2007-07-08,15.59,18.01,13.2,77.76,0.07,23.31,8.2
11.39044,55.32523,2007,7,9,190,2007-07-09,15.26,17.73,12.45,76.34,0.03,25.24,5.16
11.39044,55.32523,2007,7,10,191,2007-07-10,15.28,17.66,12.63,78.56,1.32,23.26,4.18
11.39044,55.32523,2007,7,11,192,2007-07-11,14.32,15.76,13.04,87.71,9.54,9.43,5.76
11.39044,55.32523,2007,7,12,193,2007-07-12,14.97,16.41,13.98,83.82,2.68,15.19,6.26
11.39044,55.32523,2007,7,13,194,2007-07-13,16.21,18.39,13.55,87.37,1.47,15.69,3.21
11.39044,55.32523,2007,7,14,195,2007-07-14,18.54,23.42,15.21,88.3,1.57,19.88,4.83
11.39044,55.32523,2007,7,15,196,2007-07-15,18.12,21.15,14.82,77.75,0.69,25.15,3.49
11.39044,55.32523,2007,7,16,197,2007-07-16,19.65,23.37,16.1,82.1,1.74,23.94,4.03
11.39044,55.32523,2007,7,17,198,2007-07-17,19.02,21.06,16.01,81.66,0.1,19.95,5.77
11.39044,55.32523,2007,7,18,199,2007-07-18,18.29,20.81,15.55,81.21,0.73,24.88,6.01
11.39044,55.32523,2007,7,19,200,2007-07-19,16.81,19.23,14.66,79.13,0.15,23.12,4.62
11.39044,55.32523,2007,7,20,201,2007-07-20,16,18.66,12.64,73.25,0.04,26.6,2.94
11.39044,55.32523,2007,7,21,202,2007-07-21,18.4,20.36,15.62,81.93,4.21,19.15,3.5
11.39044,55.32523,2007,7,22,203,2007-07-22,15.74,17.25,14.42,92.66,24.15,5.27,3.8
11.39044,55.32523,2007,7,23,204,2007-07-23,16.82,19.04,14.3,80.97,0.79,19.95,4.58
11.39044,55.32523,2007,7,24,205,2007-07-24,16.94,19.15,15.02,87.44,11.6,4.43,4.44
11.39044,55.32523,2007,7,25,206,2007-07-25,16.55,18.85,14.52,80.33,3.19,21.38,7.19
11.39044,55.32523,2007,7,26,207,2007-07-26,17.76,19.25,15.39,89.22,8.7,10.01,4.97
11.39044,55.32523,2007,7,27,208,2007-07-27,17.24,18.61,15.42,80.12,5.65,18.35,7.96
11.39044,55.32523,2007,7,28,209,2007-07-28,16.71,18.85,14.36,81.82,2.67,16.16,6.42
11.39044,55.32523,2007,7,29,210,2007-07-29,15.31,17.34,13.05,78.16,1.42,18.32,5.92
11.39044,55.32523,2007,7,30,211,2007-07-30,14.63,17.41,12.02,81.52,5.52,13.9,7.71
11.39044,55.32523,2007,7,31,212,2007-07-31,14.94,17.12,13.29,78,0.22,13.73,8.37
11.39044,55.32523,2007,8,1,213,2007-08-01,16.12,19.5,12.52,79.58,0.05,22.6,4.93
11.39044,55.32523,2007,8,2,214,2007-08-02,17.26,19.98,14.75,81.6,2.41,15.86,3.27
11.39044,55.32523,2007,8,3,215,2007-08-03,15.94,18.09,13.66,77.97,0.23,23.62,5.19
11.39044,55.32523,2007,8,4,216,2007-08-04,17.01,20.41,12.66,83.05,0.02,19.71,2.9
11.39044,55.32523,2007,8,5,217,2007-08-05,19.14,22.56,15.29,80.04,0,22.52,2.4
11.39044,55.32523,2007,8,6,218,2007-08-06,19.24,22.04,16.54,78.8,0,23.45,5.55
11.39044,55.32523,2007,8,7,219,2007-08-07,19.64,22.67,16.86,84.67,0.04,18.58,4.06
11.39044,55.32523,2007,8,8,220,2007-08-08,19.87,23.7,15.47,83.89,2.27,19.37,2.37
11.39044,55.32523,2007,8,9,221,2007-08-09,20.6,23.84,17.21,85.66,1.72,20,2.54
11.39044,55.32523,2007,8,10,222,2007-08-10,19.32,20.15,17.87,93.95,12.17,10.68,3.42
11.39044,55.32523,2007,8,11,223,2007-08-11,19.57,21.1,18.14,92.5,4.22,9.85,2.89
11.39044,55.32523,2007,8,12,224,2007-08-12,18.07,20.24,15.79,82.83,0.17,15.41,4.28
11.39044,55.32523,2007,8,13,225,2007-08-13,18.02,20.96,15.2,83.42,0.74,17.17,3.13
11.39044,55.32523,2007,8,14,226,2007-08-14,17.78,19.99,15.03,78.69,0.15,18.01,3.6
11.39044,55.32523,2007,8,15,227,2007-08-15,18.96,21.41,17.27,89.9,4.52,9.99,6
11.39044,55.32523,2007,8,16,228,2007-08-16,18.15,20.03,14.83,86.88,6.98,12.17,5.85
11.39044,55.32523,2007,8,17,229,2007-08-17,15.6,16.86,14,80.69,2.13,15.81,6.43
11.39044,55.32523,2007,8,18,230,2007-08-18,15.81,18.18,13.5,75.78,0.36,15.5,3.97
11.39044,55.32523,2007,8,19,231,2007-08-19,17.46,20.16,14.72,83,0.37,11.32,4.1
11.39044,55.32523,2007,8,20,232,2007-08-20,18.5,20.34,16.78,88.43,2.18,10.09,5.89
11.39044,55.32523,2007,8,21,233,2007-08-21,18.65,20.51,16.91,92.8,3.7,5.73,6.26
11.39044,55.32523,2007,8,22,234,2007-08-22,19.55,21.85,17.84,90.28,8.68,11.43,3.95
11.39044,55.32523,2007,8,23,235,2007-08-23,19.07,21.36,16.76,88.18,2.29,10.96,1.66
11.39044,55.32523,2007,8,24,236,2007-08-24,18.58,20.97,16.36,88.8,0.51,13.24,3.87
11.39044,55.32523,2007,8,25,237,2007-08-25,17.5,20.04,15.63,85.66,0.84,8.9,6.26
11.39044,55.32523,2007,8,26,238,2007-08-26,16.63,18.02,14.29,79.6,1.65,17.09,7.36
11.39044,55.32523,2007,8,27,239,2007-08-27,14.32,16.28,12.55,79.45,1.85,11.45,7.99
11.39044,55.32523,2007,8,28,240,2007-08-28,13.78,16.09,11.86,72.23,0.07,19.16,5.98
11.39044,55.32523,2007,8,29,241,2007-08-29,13.19,15.43,11.01,72.83,0.07,15.36,5.83
11.39044,55.32523,2007,8,30,242,2007-08-30,13.23,15.34,11.57,84.23,7.89,6.7,4.19
11.39044,55.32523,2007,8,31,243,2007-08-31,14.22,17.36,12.06,85.25,4.97,8.43,5.87
11.39044,55.32523,2007,9,1,244,2007-09-01,14.36,16.07,12.73,85.8,1.74,12.49,5.05
11.39044,55.32523,2007,9,2,245,2007-09-02,15.7,18.12,12.94,87.32,8,7.96,7.12
11.39044,55.32523,2007,9,3,246,2007-09-03,13.11,15.09,10.98,76.02,0.35,17.11,7.42
11.39044,55.32523,2007,9,4,247,2007-09-04,12.22,13.48,10.96,79.46,1.61,11.52,6.99
11.39044,55.32523,2007,9,5,248,2007-09-05,13.2,15.37,10.93,79.84,0.1,14.11,3.78
11.39044,55.32523,2007,9,6,249,2007-09-06,14.6,17.12,12.83,84.65,0.1,16.14,5.02
11.39044,55.32523,2007,9,7,250,2007-09-07,15.07,18.45,12.26,86.2,0.16,14.32,5.73
11.39044,55.32523,2007,9,8,251,2007-09-08,15.12,18.29,12.79,85.02,0.24,12.08,7.85
11.39044,55.32523,2007,9,9,252,2007-09-09,14.43,16.91,11.81,82.85,0.7,16.94,5.64
11.39044,55.32523,2007,9,10,253,2007-09-10,13.77,15.1,12.25,82.89,12.33,12.89,6.93
11.39044,55.32523,2007,9,11,254,2007-09-11,14.35,16.74,12.06,85.24,0.13,12.62,4.53
11.39044,55.32523,2007,9,12,255,2007-09-12,13.61,16.71,11.05,84.05,0.19,11.56,6.7
11.39044,55.32523,2007,9,13,256,2007-09-13,12.95,15.6,10.23,81.69,0.01,15.96,4.39
11.39044,55.32523,2007,9,14,257,2007-09-14,13.36,15.05,10.98,85.32,3,3.99,7.33
11.39044,55.32523,2007,9,15,258,2007-09-15,11.39,13.36,9.6,74.74,0.07,15.86,10.11
11.39044,55.32523,2007,9,16,259,2007-09-16,14.51,17.39,11.29,85.38,1.33,13.24,7.17
11.39044,55.32523,2007,9,17,260,2007-09-17,14.61,16.21,12.64,86.61,0.86,10.34,4.95
11.39044,55.32523,2007,9,18,261,2007-09-18,11.91,13.92,9.15,77.06,2.96,13.21,6.16
11.39044,55.32523,2007,9,19,262,2007-09-19,11.62,13.88,8.5,83.08,5.8,6.26,7.39
11.39044,55.32523,2007,9,20,263,2007-09-20,14.29,15.98,12.77,91.62,5.61,6.18,7.75
11.39044,55.32523,2007,9,21,264,2007-09-21,15.13,16.5,13.57,90.05,1.69,8.34,6.49
11.39044,55.32523,2007,9,22,265,2007-09-22,14.46,16,12.74,84.69,0.51,13.05,3.86
11.39044,55.32523,2007,9,23,266,2007-09-23,14.35,17.34,10.91,91.32,0.06,8.38,3.06
11.39044,55.32523,2007,9,24,267,2007-09-24,15.77,19.14,12.96,87.94,0.13,10.01,5.63
11.39044,55.32523,2007,9,25,268,2007-09-25,12.84,14.66,11.34,89.58,4.72,5.35,4.42
11.39044,55.32523,2007,9,26,269,2007-09-26,11.8,12.9,10.44,87.32,2.26,9.48,2.11
11.39044,55.32523,2007,9,27,270,2007-09-27,12.47,15.14,9.62,88.14,0.12,11,4.94
11.39044,55.32523,2007,9,28,271,2007-09-28,12.23,13.15,11.45,89.97,7.5,2.98,9.4
11.39044,55.32523,2007,9,29,272,2007-09-29,13.03,14.12,12.23,90.4,12.98,3.56,5.69
11.39044,55.32523,2007,9,30,273,2007-09-30,13.48,15.76,11.7,90.53,5.32,5.73,5.68
11.39044,55.32523,2007,10,1,274,2007-10-01,11.83,13.92,9.17,87.42,1.04,6.52,4.41
11.39044,55.32523,2007,10,2,275,2007-10-02,11.13,13.76,9,87.58,0.01,8.92,2.6
11.39044,55.32523,2007,10,3,276,2007-10-03,11.5,13.73,9.8,87.56,0.02,9.19,1.37
11.39044,55.32523,2007,10,4,277,2007-10-04,11.81,13.89,9.53,91.46,7.76,6.45,3.89
11.39044,55.32523,2007,10,5,278,2007-10-05,12.26,14.82,10.03,90.92,0.63,9.74,3.03
11.39044,55.32523,2007,10,6,279,2007-10-06,11.43,13.91,9.29,86.62,0.04,9.61,1.89
11.39044,55.32523,2007,10,7,280,2007-10-07,11.12,12.95,9.09,89.9,0.24,8.15,4.25
11.39044,55.32523,2007,10,8,281,2007-10-08,10.26,12.34,7.93,81.61,0.05,10.06,5.04
11.39044,55.32523,2007,10,9,282,2007-10-09,9.14,10.5,7.28,82.44,0.08,2.95,2.92
11.39044,55.32523,2007,10,10,283,2007-10-10,9.82,10.81,8.54,80.42,0.19,4.39,3.24
11.39044,55.32523,2007,10,11,284,2007-10-11,10.69,12.52,7.88,90.36,1.43,2.9,6.11
11.39044,55.32523,2007,10,12,285,2007-10-12,10.39,12.99,6.26,83.97,0.74,6.3,7.35
11.39044,55.32523,2007,10,13,286,2007-10-13,7.24,9.25,5.26,74.39,0,7.72,2.06
11.39044,55.32523,2007,10,14,287,2007-10-14,9.57,12.57,7.08,84.99,0,8.93,4.79
11.39044,55.32523,2007,10,15,288,2007-10-15,10.68,13.78,7.89,90.66,0.05,8.74,4.02
11.39044,55.32523,2007,10,16,289,2007-10-16,12.67,14.26,11.26,94.31,2.4,4.09,5.98
11.39044,55.32523,2007,10,17,290,2007-10-17,10.97,12.14,8.33,92.92,12.15,3.56,4.05
11.39044,55.32523,2007,10,18,291,2007-10-18,8.5,10.08,6.82,81.43,0.05,7.7,6.44
11.39044,55.32523,2007,10,19,292,2007-10-19,7.07,8.71,6.05,73.27,0.02,8.08,5.16
11.39044,55.32523,2007,10,20,293,2007-10-20,7.63,8.97,5.69,82.08,0.35,3.73,3.3
11.39044,55.32523,2007,10,21,294,2007-10-21,7.83,10,5.49,85.46,0.09,5.76,3.79
11.39044,55.32523,2007,10,22,295,2007-10-22,6.07,8.21,4.08,78.34,0.01,5.55,2.8
11.39044,55.32523,2007,10,23,296,2007-10-23,6.67,9.06,5.12,85.84,0.07,6.76,3.94
11.39044,55.32523,2007,10,24,297,2007-10-24,6.79,9.78,4.85,93.86,0.03,5.27,4.9
11.39044,55.32523,2007,10,25,298,2007-10-25,7.57,9.96,5.44,92.7,0.18,5.04,4.42
11.39044,55.32523,2007,10,26,299,2007-10-26,9.06,10.17,8.34,90.58,0.44,1.54,3.36
11.39044,55.32523,2007,10,27,300,2007-10-27,8.81,10.97,6.48,86.92,0.09,4.02,1.65
11.39044,55.32523,2007,10,28,301,2007-10-28,8.37,9.5,6.48,88.39,3.05,2.22,7.2
11.39044,55.32523,2007,10,29,302,2007-10-29,9.02,9.75,8.57,94.17,14.48,1.39,5.16
11.39044,55.32523,2007,10,30,303,2007-10-30,8.4,10.57,6.18,92.31,0.59,6.31,3.47
11.39044,55.32523,2007,10,31,304,2007-10-31,8.86,10.79,5.92,96.46,0.72,3.03,5.23
11.39044,55.32523,2007,11,1,305,2007-11-01,11.34,12.88,9.35,93.83,0.35,1.72,6.41
11.39044,55.32523,2007,11,2,306,2007-11-02,7.99,9.29,6.45,92.73,0.09,4.7,2.22
11.39044,55.32523,2007,11,3,307,2007-11-03,9.8,11.3,7.95,89.92,0.47,4.51,7.55
11.39044,55.32523,2007,11,4,308,2007-11-04,7.32,9.91,5.14,90.38,0.01,6.01,3.94
11.39044,55.32523,2007,11,5,309,2007-11-05,6.89,8.31,4.75,95.28,6.71,2.08,6.01
11.39044,55.32523,2007,11,6,310,2007-11-06,6.99,8.89,4.67,83.9,1.2,4.18,7.89
11.39044,55.32523,2007,11,7,311,2007-11-07,8.07,9.35,5.09,87.15,5.34,4.26,9.21
11.39044,55.32523,2007,11,8,312,2007-11-08,7.99,10.17,5.74,91.24,2.74,2.43,7.17
11.39044,55.32523,2007,11,9,313,2007-11-09,6.11,7.32,4.2,77.53,1.71,2.53,10.33
11.39044,55.32523,2007,11,10,314,2007-11-10,4.48,6.28,3.15,81.22,0.14,4.85,6.8
11.39044,55.32523,2007,11,11,315,2007-11-11,3.87,5.43,2.91,82.05,0.68,4.33,4.4
11.39044,55.32523,2007,11,12,316,2007-11-12,3.63,5.49,2.49,87.29,0.13,3.5,5.33
11.39044,55.32523,2007,11,13,317,2007-11-13,2.98,3.98,2.21,88.29,0.54,2.82,5.13
11.39044,55.32523,2007,11,14,318,2007-11-14,2.5,3.41,1.15,83.73,0.26,2.78,6.04
11.39044,55.32523,2007,11,15,319,2007-11-15,2.03,3.6,0.89,84.94,0.12,1.65,3.63
11.39044,55.32523,2007,11,16,320,2007-11-16,5.46,7.33,3.3,96.05,0.15,2.57,4.86
11.39044,55.32523,2007,11,17,321,2007-11-17,6.64,7.75,5.9,97.89,0.33,1.86,3.96
11.39044,55.32523,2007,11,18,322,2007-11-18,5.23,5.95,4.65,97.59,0.33,2.46,2.93
11.39044,55.32523,2007,11,19,323,2007-11-19,4.64,5.65,4.02,89.1,0.15,0.87,5.42
11.39044,55.32523,2007,11,20,324,2007-11-20,4.44,5.29,4.01,90.89,0.14,1.29,3.97
11.39044,55.32523,2007,11,21,325,2007-11-21,4.38,5.14,3.79,90.83,0.9,1.19,6.04
11.39044,55.32523,2007,11,22,326,2007-11-22,6.35,8.03,5.37,97.94,0.13,1.68,4.33
11.39044,55.32523,2007,11,23,327,2007-11-23,5.67,7.27,3.77,93.64,0.65,2.66,5.13
11.39044,55.32523,2007,11,24,328,2007-11-24,3.2,4.67,1.18,83.43,5.33,2.84,6.59
11.39044,55.32523,2007,11,25,329,2007-11-25,5.41,6.79,3.98,88.36,1.51,1.75,8.85
11.39044,55.32523,2007,11,26,330,2007-11-26,3.11,4.06,2.16,76.57,0.08,3.26,8.75
11.39044,55.32523,2007,11,27,331,2007-11-27,2.18,3.88,0.82,81.41,0,2.98,5.34
11.39044,55.32523,2007,11,28,332,2007-11-28,3.44,4.85,0.79,93.5,0.98,0.69,5.28
11.39044,55.32523,2007,11,29,333,2007-11-29,5.36,6.44,4.67,94.26,3.82,1.07,7.61
11.39044,55.32523,2007,11,30,334,2007-11-30,5.26,6.38,4.01,96.49,1.44,2.16,5.44
11.39044,55.32523,2007,12,1,335,2007-12-01,6.9,8.42,5.52,89.86,7.5,1.18,9.23
11.39044,55.32523,2007,12,2,336,2007-12-02,5.96,6.68,4.47,94.58,9.93,0.92,7.82
11.39044,55.32523,2007,12,3,337,2007-12-03,5.46,6.51,4.4,93.11,2.6,1.21,6.7
11.39044,55.32523,2007,12,4,338,2007-12-04,4.33,5.53,2.47,96.49,0.61,2.56,5.25
11.39044,55.32523,2007,12,5,339,2007-12-05,7.58,8.98,4.88,94.89,4.02,0.36,7.92
11.39044,55.32523,2007,12,6,340,2007-12-06,7.47,8.61,6.7,94.35,2.3,1.82,7.47
11.39044,55.32523,2007,12,7,341,2007-12-07,7.25,8.75,5.53,95.55,7.71,0.67,6.49
11.39044,55.32523,2007,12,8,342,2007-12-08,5.84,6.73,4.72,91.37,2.4,2.04,7.85
11.39044,55.32523,2007,12,9,343,2007-12-09,4.92,6.18,3.43,95.55,3.44,0.66,5.6
11.39044,55.32523,2007,12,10,344,2007-12-10,5.4,5.91,4.69,95.44,0.81,0.88,2.7
11.39044,55.32523,2007,12,11,345,2007-12-11,4.88,6.14,2.85,95.73,2.84,1.27,2.84
11.39044,55.32523,2007,12,12,346,2007-12-12,2.51,3.71,1.85,93.99,0.21,0.83,3.22
11.39044,55.32523,2007,12,13,347,2007-12-13,2.27,3.6,1.65,86.87,0.28,0.97,1.81
11.39044,55.32523,2007,12,14,348,2007-12-14,2.46,4.17,1.61,96.3,0.18,0.78,2.78
11.39044,55.32523,2007,12,15,349,2007-12-15,3.14,4.23,2.78,96.3,0.22,1.79,1.36
11.39044,55.32523,2007,12,16,350,2007-12-16,1.99,2.81,1.45,92.66,0.38,1.28,2.39
11.39044,55.32523,2007,12,17,351,2007-12-17,1.94,2.6,1.43,93.19,0.37,0.65,1.81
11.39044,55.32523,2007,12,18,352,2007-12-18,1.19,2.1,0.3,87.41,0.23,0.54,2.1
11.39044,55.32523,2007,12,19,353,2007-12-19,0.69,2.41,-0.5,93.16,0.41,0.6,3.04
11.39044,55.32523,2007,12,20,354,2007-12-20,2.56,2.8,1.81,96.41,0.41,0.64,4.12
11.39044,55.32523,2007,12,21,355,2007-12-21,0.75,1.78,-0.26,95.2,0.5,0.69,2.18
11.39044,55.32523,2007,12,22,356,2007-12-22,-0.42,0.87,-1.42,90.98,0.05,0.53,2.07
11.39044,55.32523,2007,12,23,357,2007-12-23,1.23,2.75,-1.12,97.06,0.13,0.91,3.05
11.39044,55.32523,2007,12,24,358,2007-12-24,1.38,1.97,0.99,97.57,0.47,1.28,5.46
11.39044,55.32523,2007,12,25,359,2007-12-25,2.16,2.7,1.78,95.42,0.12,1.07,7.17
11.39044,55.32523,2007,12,26,360,2007-12-26,2.76,3.29,1.98,95.91,0.38,1.27,5.94
11.39044,55.32523,2007,12,27,361,2007-12-27,2.9,4.12,2.12,95.77,2.71,0.48,7.68
11.39044,55.32523,2007,12,28,362,2007-12-28,5.18,5.74,4.1,94.37,2.54,0.45,8.23
11.39044,55.32523,2007,12,29,363,2007-12-29,4.46,5.62,3.05,89.9,2.04,0.59,9.26
11.39044,55.32523,2007,12,30,364,2007-12-30,3.8,5.19,2.23,95.88,1.18,1.74,6.16
11.39044,55.32523,2007,12,31,365,2007-12-31,2.08,3.45,0.74,96.4,0.15,2.44,4.49
11.39044,55.32523,2008,1,1,1,2008-01-01,1.09,2.32,0.14,95.07,0.16,0.94,4.23
11.39044,55.32523,2008,1,2,2,2008-01-02,1.24,1.97,0,93.78,1.02,0.65,5.31
11.39044,55.32523,2008,1,3,3,2008-01-03,-1.46,-0.04,-2.45,81.39,0.34,1,9.87
11.39044,55.32523,2008,1,4,4,2008-01-04,-1.67,-1.32,-2.09,81.76,0.08,1.07,10.55
11.39044,55.32523,2008,1,5,5,2008-01-05,-0.06,2.13,-1.86,90.93,4.06,0.65,9.27
11.39044,55.32523,2008,1,6,6,2008-01-06,2.41,3.21,1.61,98.25,0.94,0.61,4.52
11.39044,55.32523,2008,1,7,7,2008-01-07,2.25,3.53,1.17,98.19,3.76,0.39,6.27
11.39044,55.32523,2008,1,8,8,2008-01-08,3.92,4.63,2.98,95.25,1.04,1.92,7.15
11.39044,55.32523,2008,1,9,9,2008-01-09,3.24,4.01,2.56,96.85,1.86,0.77,6.68
11.39044,55.32523,2008,1,10,10,2008-01-10,4.23,5.97,3.05,92.94,6.56,0.69,8.84
11.39044,55.32523,2008,1,11,11,2008-01-11,6.06,6.68,5.58,95.09,3.45,1.14,5.34
11.39044,55.32523,2008,1,12,12,2008-01-12,5.27,5.78,4.51,90.43,0.61,1.21,7.13
11.39044,55.32523,2008,1,13,13,2008-01-13,3.74,4.56,2.48,93.33,0.18,1.33,6.64
11.39044,55.32523,2008,1,14,14,2008-01-14,2.79,4.13,1.44,94.53,0.1,1.53,6.69
11.39044,55.32523,2008,1,15,15,2008-01-15,4.99,5.6,4.11,92.19,5.32,1.06,8.7
11.39044,55.32523,2008,1,16,16,2008-01-16,6.21,7.12,5.3,87.93,1.47,2.13,9.35
11.39044,55.32523,2008,1,17,17,2008-01-17,4.62,5.19,4.12,94.04,0.38,1.56,5.59
11.39044,55.32523,2008,1,18,18,2008-01-18,5.14,6.28,3.89,94.81,8.19,1.23,6.95
11.39044,55.32523,2008,1,19,19,2008-01-19,5.88,8.44,3.1,89.12,0.63,3.41,8.87
11.39044,55.32523,2008,1,20,20,2008-01-20,3.25,4.42,2.12,96.86,3.36,1.5,4.38
11.39044,55.32523,2008,1,21,21,2008-01-21,3.84,5.06,2.13,93.82,0.37,2.45,6.11
11.39044,55.32523,2008,1,22,22,2008-01-22,1.3,2.88,-0.04,88.01,0,3.4,5.61
11.39044,55.32523,2008,1,23,23,2008-01-23,2.79,5.89,0.26,97.27,6.47,0.69,5.54
11.39044,55.32523,2008,1,24,24,2008-01-24,6.17,7.13,3.85,93.68,0.92,1.42,7.97
11.39044,55.32523,2008,1,25,25,2008-01-25,5.52,7.38,2.95,90.17,1.33,0.7,11.46
11.39044,55.32523,2008,1,26,26,2008-01-26,6.39,7.64,4.49,87.08,3.21,1,11.81
11.39044,55.32523,2008,1,27,27,2008-01-27,3.99,5.78,1.85,90.89,1.11,2.65,5.75
11.39044,55.32523,2008,1,28,28,2008-01-28,4.46,5.89,2,98.84,0.76,1.6,4.12
11.39044,55.32523,2008,1,29,29,2008-01-29,4.65,5.44,3.73,95.53,0.41,1.15,6.11
11.39044,55.32523,2008,1,30,30,2008-01-30,4.58,5.66,2.74,93.47,1.59,2,6.91
11.39044,55.32523,2008,1,31,31,2008-01-31,2.8,3.31,1.53,91.59,4.07,1.45,10.13
11.39044,55.32523,2008,2,1,32,2008-02-01,4.1,5.14,3.38,87.7,3.26,1.3,11.9
11.39044,55.32523,2008,2,2,33,2008-02-02,2.38,3.51,0.77,83.22,1.01,3.75,8.24
11.39044,55.32523,2008,2,3,34,2008-02-03,2.71,4.23,1.52,87.49,0.1,4.15,7.86
11.39044,55.32523,2008,2,4,35,2008-02-04,2.58,4.53,0.9,90.86,0.91,3.77,6.42
11.39044,55.32523,2008,2,5,36,2008-02-05,3.2,4.2,2.11,95.08,4.36,2.56,6.79
11.39044,55.32523,2008,2,6,37,2008-02-06,5.52,6.4,3.87,90.78,2.39,3.32,8.28
11.39044,55.32523,2008,2,7,38,2008-02-07,4.54,6.23,3.59,88.44,0.05,5.48,7.42
11.39044,55.32523,2008,2,8,39,2008-02-08,5.04,6.09,3.79,97.93,0.23,2.28,4.04
11.39044,55.32523,2008,2,9,40,2008-02-09,4.47,6.35,2.48,89.33,0,4.74,4.47
11.39044,55.32523,2008,2,10,41,2008-02-10,4.72,6.79,3.77,93.23,0.05,5.28,3.48
11.39044,55.32523,2008,2,11,42,2008-02-11,3.91,4.36,3.41,96.01,0.44,2.03,1.74
11.39044,55.32523,2008,2,12,43,2008-02-12,2.92,4.15,1.88,89.82,0.26,2.25,2.75
11.39044,55.32523,2008,2,13,44,2008-02-13,3.25,4.59,1.54,94.94,0.36,1.68,3.71
11.39044,55.32523,2008,2,14,45,2008-02-14,1.81,3.9,0.35,82.12,0.09,7.45,3.98
11.39044,55.32523,2008,2,15,46,2008-02-15,0.23,1.35,-0.84,71.89,0,7.2,4.93
11.39044,55.32523,2008,2,16,47,2008-02-16,0.59,2.02,-1.18,76.79,0.13,3,3.69
11.39044,55.32523,2008,2,17,48,2008-02-17,2.52,4.22,0.49,90.97,0.12,2.13,8.29
11.39044,55.32523,2008,2,18,49,2008-02-18,5.06,6.51,3.84,96.5,0.2,5.22,7.13
11.39044,55.32523,2008,2,19,50,2008-02-19,4.97,6.1,3.91,96.46,0.82,2.55,3.51
11.39044,55.32523,2008,2,20,51,2008-02-20,3.54,5.94,1.71,92.64,0.18,4.55,3.32
11.39044,55.32523,2008,2,21,52,2008-02-21,3.88,6.04,1.65,95.14,1.81,1.96,7.2
11.39044,55.32523,2008,2,22,53,2008-02-22,6.83,7.8,5.29,88.51,1.36,2.24,11.47
11.39044,55.32523,2008,2,23,54,2008-02-23,5.4,6.36,4.48,87.46,1.87,3.38,9.46
11.39044,55.32523,2008,2,24,55,2008-02-24,6.61,7.49,6.09,94.42,0.58,3,8.15
11.39044,55.32523,2008,2,25,56,2008-02-25,5.3,7.09,3.96,89.35,1.2,8.64,6.43
11.39044,55.32523,2008,2,26,57,2008-02-26,5.54,7.35,3.9,93,7.23,2.2,8.18
11.39044,55.32523,2008,2,27,58,2008-02-27,5.79,6.93,4.37,86.57,1.06,5.22,11.36
11.39044,55.32523,2008,2,28,59,2008-02-28,4.7,6.98,3.29,88.27,0.01,8.52,6.71
11.39044,55.32523,2008,2,29,60,2008-02-29,4.43,6.61,3.17,93.7,5.43,4.12,6.73
11.39044,55.32523,2008,3,1,61,2008-03-01,5.05,6.24,3.65,88.3,8.54,4.9,11.16
11.39044,55.32523,2008,3,2,62,2008-03-02,4.98,7.07,3.44,85.29,0.25,7.11,9.72
11.39044,55.32523,2008,3,3,63,2008-03-03,3.77,5.46,2.67,92.03,3.65,4.1,6.64
11.39044,55.32523,2008,3,4,64,2008-03-04,2.37,4.22,0.02,81.22,0.81,8.76,4.69
11.39044,55.32523,2008,3,5,65,2008-03-05,1.96,4.21,-0.19,78.53,2.49,9.19,7.2
11.39044,55.32523,2008,3,6,66,2008-03-06,5.49,7.27,3.61,91.06,3.6,7.69,9.17
11.39044,55.32523,2008,3,7,67,2008-03-07,5.61,7.67,3.93,94.54,0.62,3.7,4.4
11.39044,55.32523,2008,3,8,68,2008-03-08,5.42,7.72,3.13,86.55,0.03,11.3,5.95
11.39044,55.32523,2008,3,9,69,2008-03-09,5.85,7.29,4.52,91.66,4.39,3.75,6.68
11.39044,55.32523,2008,3,10,70,2008-03-10,6.53,8.4,5.37,85.84,1.08,10.51,6.42
11.39044,55.32523,2008,3,11,71,2008-03-11,6.17,8.12,4.61,90.01,0.7,5.43,6.97
11.39044,55.32523,2008,3,12,72,2008-03-12,4.84,5.64,3.91,91.59,9.11,8.98,7.51
11.39044,55.32523,2008,3,13,73,2008-03-13,5.34,6.65,3.78,89.89,3.58,6.01,9.43
11.39044,55.32523,2008,3,14,74,2008-03-14,4.46,6.54,2.75,92.32,5.67,5.52,6.63
11.39044,55.32523,2008,3,15,75,2008-03-15,4.75,7,2.95,90.25,0.2,9.79,3.68
11.39044,55.32523,2008,3,16,76,2008-03-16,3.97,7.03,2.21,92.93,0.22,10.84,2.18
11.39044,55.32523,2008,3,17,77,2008-03-17,2.64,4.26,0.78,78.08,0.19,11.92,9.04
11.39044,55.32523,2008,3,18,78,2008-03-18,2.18,4.34,0.26,75.24,0,14.01,5.35
11.39044,55.32523,2008,3,19,79,2008-03-19,1.91,3.95,0.33,80.35,0.42,12.21,4.54
11.39044,55.32523,2008,3,20,80,2008-03-20,2.18,3.47,0.18,87.3,4.95,12.01,5.44
11.39044,55.32523,2008,3,21,81,2008-03-21,2.52,3.74,1.2,91.89,7.54,8.59,4.11
11.39044,55.32523,2008,3,22,82,2008-03-22,-0.21,1.62,-1.69,77.24,2.23,9.77,9
11.39044,55.32523,2008,3,23,83,2008-03-23,-0.41,1.4,-2.69,67.65,0.29,13.26,4.66
11.39044,55.32523,2008,3,24,84,2008-03-24,0.76,1.51,-0.71,87.12,3.57,6.91,5.94
11.39044,55.32523,2008,3,25,85,2008-03-25,0.26,2.05,-1.57,81.05,0.83,14.58,3.34
11.39044,55.32523,2008,3,26,86,2008-03-26,0.6,1.78,-0.28,80.11,0.9,12.9,3.16
11.39044,55.32523,2008,3,27,87,2008-03-27,1.3,3.52,-0.56,68.5,0,15.95,1.26
11.39044,55.32523,2008,3,28,88,2008-03-28,4.36,7.81,0.34,87.42,0.07,11.14,6
11.39044,55.32523,2008,3,29,89,2008-03-29,5.36,7.62,3.35,89.51,3.05,7.69,6.27
11.39044,55.32523,2008,3,30,90,2008-03-30,6.38,8.79,3.71,85.75,0.04,12.76,6.76
11.39044,55.32523,2008,3,31,91,2008-03-31,6.83,9.16,5.18,91.25,2.39,6.21,1.8
11.39044,55.32523,2008,4,1,92,2008-04-01,6.79,9.16,4.36,89.03,2.16,15.62,2.51
11.39044,55.32523,2008,4,2,93,2008-04-02,6.51,8.45,5.22,91.64,1.1,8.03,1.97
11.39044,55.32523,2008,4,3,94,2008-04-03,6.28,8.4,4.93,90.61,0.23,8.34,2.57
11.39044,55.32523,2008,4,4,95,2008-04-04,5.41,7.05,3.11,94.89,0.78,10.85,4.84
11.39044,55.32523,2008,4,5,96,2008-04-05,6.01,7.69,4.19,80.67,1.01,13.46,1.99
11.39044,55.32523,2008,4,6,97,2008-04-06,4.79,6.99,3.14,84.43,0.43,12.35,2.48
11.39044,55.32523,2008,4,7,98,2008-04-07,4.35,6.26,2.22,82.24,0.42,16.76,1.92
11.39044,55.32523,2008,4,8,99,2008-04-08,4.73,5.95,3.43,84.47,3.97,6.16,4.49
11.39044,55.32523,2008,4,9,100,2008-04-09,4.62,7.45,1.56,83.94,0.3,16.54,3.08
11.39044,55.32523,2008,4,10,101,2008-04-10,5.29,8.65,2.41,83.62,0,16.3,2.36
11.39044,55.32523,2008,4,11,102,2008-04-11,4.61,8.02,1.58,85.79,7.43,11.63,5.96
11.39044,55.32523,2008,4,12,103,2008-04-12,6.98,10.12,4.53,84.24,1.59,14.6,2.76
11.39044,55.32523,2008,4,13,104,2008-04-13,7.14,10.1,3.63,85.18,0.02,17.02,2.94
11.39044,55.32523,2008,4,14,105,2008-04-14,6.49,8.43,4.4,86.3,0.23,15.39,1.99
11.39044,55.32523,2008,4,15,106,2008-04-15,5.87,8.69,3.36,85.61,0.02,17.74,2.61
11.39044,55.32523,2008,4,16,107,2008-04-16,6.18,8.36,3.01,86.08,2.11,18.41,3.65
11.39044,55.32523,2008,4,17,108,2008-04-17,7.43,10.27,5.54,89.88,5.8,7.28,4.49
11.39044,55.32523,2008,4,18,109,2008-04-18,6.57,9.34,3.85,78.68,0.01,21.34,3.34
11.39044,55.32523,2008,4,19,110,2008-04-19,7.27,10.38,4.05,78.04,0.01,21.4,2.93
11.39044,55.32523,2008,4,20,111,2008-04-20,7.24,10.62,3.3,78.29,0,22.45,2.76
11.39044,55.32523,2008,4,21,112,2008-04-21,7.4,10.66,3.66,75.29,0,23.32,4.38
11.39044,55.32523,2008,4,22,113,2008-04-22,7.35,11.05,3.68,74.68,0,22.69,5.97
11.39044,55.32523,2008,4,23,114,2008-04-23,7.03,11.25,2.6,77.48,0,24.05,3.73
11.39044,55.32523,2008,4,24,115,2008-04-24,7.9,11.94,3.29,80.01,0.41,22.28,3.89
11.39044,55.32523,2008,4,25,116,2008-04-25,9.52,12.4,6.9,88.37,1.9,9.64,2.04
11.39044,55.32523,2008,4,26,117,2008-04-26,9.61,12.41,7.18,88.72,0.28,17.09,2.78
11.39044,55.32523,2008,4,27,118,2008-04-27,11.3,14.19,8.91,84.37,0.19,16.09,4.03
11.39044,55.32523,2008,4,28,119,2008-04-28,12.17,16.01,9.19,78.83,0.04,19.14,6.15
11.39044,55.32523,2008,4,29,120,2008-04-29,11.05,13.74,9.17,88.3,9.76,9.14,3.36
11.39044,55.32523,2008,4,30,121,2008-04-30,11.08,13.85,8.31,89.4,3.08,13.84,4.37
11.39044,55.32523,2008,5,1,122,2008-05-01,10.43,12.23,8.72,87.26,4.53,9.17,2.81
11.39044,55.32523,2008,5,2,123,2008-05-02,10.59,13.05,7.94,80.56,0.82,19.28,1.45
11.39044,55.32523,2008,5,3,124,2008-05-03,10.87,13.85,6.93,78.91,0,21.66,2.48
11.39044,55.32523,2008,5,4,125,2008-05-04,11.46,14.45,7.58,73.48,0,24.6,1.89
11.39044,55.32523,2008,5,5,126,2008-05-05,12.28,15.36,8.72,68.76,0.01,23.26,1.88
11.39044,55.32523,2008,5,6,127,2008-05-06,12.99,16.28,8.14,70.34,0,22.56,2.19
11.39044,55.32523,2008,5,7,128,2008-05-07,13.91,17.4,9.75,74.85,0,23.91,2.13
11.39044,55.32523,2008,5,8,129,2008-05-08,15.19,18.98,10.02,67.37,0,24.68,1.24
11.39044,55.32523,2008,5,9,130,2008-05-09,16.19,19.38,11.93,59.48,0,26.32,1.03
11.39044,55.32523,2008,5,10,131,2008-05-10,17.39,21.15,12.88,58.17,0,25.8,0.91
11.39044,55.32523,2008,5,11,132,2008-05-11,17.54,20.67,14,61.79,0,26.18,1.55
11.39044,55.32523,2008,5,12,133,2008-05-12,14.84,17.44,10.35,80.39,0.05,24.38,4.23
11.39044,55.32523,2008,5,13,134,2008-05-13,11.16,13.91,8.19,66.64,0.03,23.64,4.72
11.39044,55.32523,2008,5,14,135,2008-05-14,11.81,15.04,7.96,59.26,0,25.81,1.51
11.39044,55.32523,2008,5,15,136,2008-05-15,13.26,16.15,9.28,75.84,0,25.78,2.44
11.39044,55.32523,2008,5,16,137,2008-05-16,13.28,16.27,9.37,83.26,0.03,25.92,3.58
11.39044,55.32523,2008,5,17,138,2008-05-17,11.41,13.3,9.09,72.95,0.1,18.31,4.06
11.39044,55.32523,2008,5,18,139,2008-05-18,9.58,11.76,7.85,72.78,0.06,24.42,4.12
11.39044,55.32523,2008,5,19,140,2008-05-19,9.06,9.91,7.88,73.15,5.12,18.16,2.3
11.39044,55.32523,2008,5,20,141,2008-05-20,10.78,13.72,7.17,67.41,0,25.42,3.05
11.39044,55.32523,2008,5,21,142,2008-05-21,10.97,13.42,7.79,67.54,0,25.91,2.19
11.39044,55.32523,2008,5,22,143,2008-05-22,13.17,15.85,9.9,68.57,0,26.58,2.11
11.39044,55.32523,2008,5,23,144,2008-05-23,13.72,16.95,9.56,75.85,0,25.76,2.75
11.39044,55.32523,2008,5,24,145,2008-05-24,14.01,16.91,10.89,72.12,0,25.54,3.6
11.39044,55.32523,2008,5,25,146,2008-05-25,12.88,16.22,9.3,68.68,0.01,27.76,4.36
11.39044,55.32523,2008,5,26,147,2008-05-26,10.27,11.39,8.12,85.38,17.54,5.27,5.92
11.39044,55.32523,2008,5,27,148,2008-05-27,13.25,17.09,8.11,71.69,0,21.22,3.22
11.39044,55.32523,2008,5,28,149,2008-05-28,13.34,15.9,10.25,65.96,0,26.84,7.27
11.39044,55.32523,2008,5,29,150,2008-05-29,13.9,17.14,10.95,71.73,0,23.98,5.63
11.39044,55.32523,2008,5,30,151,2008-05-30,15.22,19.35,10.68,73.68,0,25.46,5.8
11.39044,55.32523,2008,5,31,152,2008-05-31,16.04,20.42,11.98,74.55,0.04,27.72,4.97
11.39044,55.32523,2008,6,1,153,2008-06-01,15.69,19.86,11.49,70.79,0.05,28.48,5
11.39044,55.32523,2008,6,2,154,2008-06-02,17.27,22.73,11.7,79.34,0.06,25.13,3.5
11.39044,55.32523,2008,6,3,155,2008-06-03,16.5,19.59,13.29,74.47,0.01,28.29,6.74
11.39044,55.32523,2008,6,4,156,2008-06-04,15.54,18.96,11.54,74.86,0,29.71,6.05
11.39044,55.32523,2008,6,5,157,2008-06-05,15.75,19.49,11.39,76.11,0,29.38,4.26
11.39044,55.32523,2008,6,6,158,2008-06-06,16.42,20.68,10.96,76.24,0,29.22,3.03
11.39044,55.32523,2008,6,7,159,2008-06-07,17.93,21.87,13.18,69.49,0,28.66,2.41
11.39044,55.32523,2008,6,8,160,2008-06-08,18.63,21.7,14.64,73.27,0,28.43,2.78
11.39044,55.32523,2008,6,9,161,2008-06-09,17.24,19.68,14.99,73.87,0,27.79,4.64
11.39044,55.32523,2008,6,10,162,2008-06-10,16.17,18.8,13.05,76.36,0.17,18.78,7.6
11.39044,55.32523,2008,6,11,163,2008-06-11,13.77,15.69,11.3,74.62,1.29,21.32,8.64
11.39044,55.32523,2008,6,12,164,2008-06-12,13.46,15.56,11.08,73.86,0.82,25.49,5.25
11.39044,55.32523,2008,6,13,165,2008-06-13,12.99,14.89,10.51,75.24,1.28,19.47,4.8
11.39044,55.32523,2008,6,14,166,2008-06-14,12.57,14.62,9.99,72.89,1.6,22.66,4.95
11.39044,55.32523,2008,6,15,167,2008-06-15,12.85,15.14,10.81,72.88,1.7,21.41,5.92
11.39044,55.32523,2008,6,16,168,2008-06-16,12.47,14.19,10.46,78.03,3.31,19.73,5.3
11.39044,55.32523,2008,6,17,169,2008-06-17,13.74,16.53,10.22,73.57,0.17,24.77,4.22
11.39044,55.32523,2008,6,18,170,2008-06-18,15.52,18.85,11.83,70.93,0.11,20.35,3.54
11.39044,55.32523,2008,6,19,171,2008-06-19,15.52,19.32,12.53,83.41,2.25,12.08,5.09
11.39044,55.32523,2008,6,20,172,2008-06-20,15.1,17.78,11.91,75.89,0.64,24.24,6.35
11.39044,55.32523,2008,6,21,173,2008-06-21,14.43,17.17,12,73,0.44,26.87,6.08
11.39044,55.32523,2008,6,22,174,2008-06-22,16.32,19.39,12.49,85.48,4.98,10.6,4.51
11.39044,55.32523,2008,6,23,175,2008-06-23,14.7,16.5,11.95,77.22,0.81,14.63,9.22
11.39044,55.32523,2008,6,24,176,2008-06-24,13.43,16.14,10.96,67.21,0.01,27.15,7.08
11.39044,55.32523,2008,6,25,177,2008-06-25,14.13,17.23,9.86,69.56,0.01,23.44,1.62
11.39044,55.32523,2008,6,26,178,2008-06-26,16.39,18.77,13.84,77.01,0.75,22.58,4.76
11.39044,55.32523,2008,6,27,179,2008-06-27,14.66,16.76,13.02,82.5,3.68,12.71,4.03
11.39044,55.32523,2008,6,28,180,2008-06-28,15.16,17.18,12.77,87.12,3.99,11.05,3.24
11.39044,55.32523,2008,6,29,181,2008-06-29,16.58,19.09,13.65,82.41,0.64,17.68,4.69
11.39044,55.32523,2008,6,30,182,2008-06-30,16.05,18.26,13.58,76.27,0.89,21.26,6.3
11.39044,55.32523,2008,7,1,183,2008-07-01,15.98,18.86,12.45,75,0.01,25.34,2.38
11.39044,55.32523,2008,7,2,184,2008-07-02,17.64,21.19,13.49,75.89,0,27.85,4.48
11.39044,55.32523,2008,7,3,185,2008-07-03,19.03,23.36,14.69,73.66,0.03,28.06,5.76
11.39044,55.32523,2008,7,4,186,2008-07-04,18.65,21.75,14.23,71.93,0.05,26.28,3.14
11.39044,55.32523,2008,7,5,187,2008-07-05,19.99,23.95,15.78,72.38,0.01,24.88,2.04
11.39044,55.32523,2008,7,6,188,2008-07-06,18.81,21.43,15.8,79.84,11.44,16.11,3.66
11.39044,55.32523,2008,7,7,189,2008-07-07,17.48,19.4,15.32,79.77,4.39,18.84,4.29
11.39044,55.32523,2008,7,8,190,2008-07-08,16.21,18.51,14.73,80.98,5.59,16.64,4.63
11.39044,55.32523,2008,7,9,191,2008-07-09,15.94,18.43,13.36,76.68,1.82,23.85,4.24
11.39044,55.32523,2008,7,10,192,2008-07-10,17.05,19.41,13.81,82.98,2.01,17.64,4
11.39044,55.32523,2008,7,11,193,2008-07-11,17.61,19.77,15.54,80.18,1.19,18.57,3.64
11.39044,55.32523,2008,7,12,194,2008-07-12,16.92,19.26,14.34,79.65,2.72,20.09,5.55
11.39044,55.32523,2008,7,13,195,2008-07-13,16.51,18.67,13.73,73.74,0.31,21.81,4.67
11.39044,55.32523,2008,7,14,196,2008-07-14,16.51,18.58,13.86,79.82,0.86,16.6,5.57
11.39044,55.32523,2008,7,15,197,2008-07-15,18.39,21.29,15.8,84.29,1.15,17.04,6.28
11.39044,55.32523,2008,7,16,198,2008-07-16,16.4,17.88,13.94,76.97,0.99,14.9,6.04
11.39044,55.32523,2008,7,17,199,2008-07-17,15.98,18.38,13.41,74.99,1.99,19.29,5.37
11.39044,55.32523,2008,7,18,200,2008-07-18,16.06,18.32,13.61,83.43,5.66,15.93,4.71
11.39044,55.32523,2008,7,19,201,2008-07-19,16.66,18.42,14.1,86.24,8.1,11.29,5.24
11.39044,55.32523,2008,7,20,202,2008-07-20,15.68,17.81,13.43,76.81,1.16,22.61,6.67
11.39044,55.32523,2008,7,21,203,2008-07-21,14.97,16.78,12.75,80.77,8.52,14,5.67
11.39044,55.32523,2008,7,22,204,2008-07-22,16.71,19.77,13.89,81.32,0.02,21.28,4.33
11.39044,55.32523,2008,7,23,205,2008-07-23,17.08,19.51,13.51,83,0.16,18.41,2.5
11.39044,55.32523,2008,7,24,206,2008-07-24,19.07,23,14.65,76.17,0.01,26.4,2.51
11.39044,55.32523,2008,7,25,207,2008-07-25,19.53,23.04,16.34,73.13,0,25.6,5.17
11.39044,55.32523,2008,7,26,208,2008-07-26,19.91,24.14,15.46,76.75,0,26.59,4.52
11.39044,55.32523,2008,7,27,209,2008-07-27,20.5,24.6,16,74.39,0,26.9,3.9
11.39044,55.32523,2008,7,28,210,2008-07-28,20.86,24.99,16.65,70.7,0,26.6,3.58
11.39044,55.32523,2008,7,29,211,2008-07-29,20.92,25.08,17.11,71.18,0,25.52,4.88
11.39044,55.32523,2008,7,30,212,2008-07-30,19.73,22.4,16.72,70.82,0.03,19.08,4.75
11.39044,55.32523,2008,7,31,213,2008-07-31,20.27,24.02,16.11,73.9,0,23.36,4.2
11.39044,55.32523,2008,8,1,214,2008-08-01,21.31,25.22,16.88,73.3,5.62,20.65,4.79
11.39044,55.32523,2008,8,2,215,2008-08-02,19.33,21.7,16.82,76.43,1.39,18.91,5.08
11.39044,55.32523,2008,8,3,216,2008-08-03,19.18,21.44,17.51,78.13,4.87,19.09,5.18
11.39044,55.32523,2008,8,4,217,2008-08-04,17.27,18.33,15.61,84.4,30.01,9.54,8.95
11.39044,55.32523,2008,8,5,218,2008-08-05,17.38,19.57,15.61,81.13,2.18,15.32,7.87
11.39044,55.32523,2008,8,6,219,2008-08-06,17.3,18.86,14.78,84.77,2.45,7.31,3.46
11.39044,55.32523,2008,8,7,220,2008-08-07,20.71,24.55,17.22,81.71,5.29,15.98,2.27
11.39044,55.32523,2008,8,8,221,2008-08-08,18,19.2,16.21,83.84,7.81,13.65,6.01
11.39044,55.32523,2008,8,9,222,2008-08-09,16.78,19.32,14.94,75.83,0.49,19.63,6.85
11.39044,55.32523,2008,8,10,223,2008-08-10,17.32,19.79,14.89,85.45,7.45,7.13,7.35
11.39044,55.32523,2008,8,11,224,2008-08-11,17.91,20.44,15.7,82.77,1.42,18.49,5.37
11.39044,55.32523,2008,8,12,225,2008-08-12,17.51,18.61,15.62,88.42,2.92,4.84,3.89
11.39044,55.32523,2008,8,13,226,2008-08-13,17.14,18.71,15.56,80.55,3.89,15.96,7.85
11.39044,55.32523,2008,8,14,227,2008-08-14,16.91,18.88,14.88,80.37,2.33,16.28,8.3
11.39044,55.32523,2008,8,15,228,2008-08-15,16.62,18.96,13.72,79.7,0.35,16.78,3.22
11.39044,55.32523,2008,8,16,229,2008-08-16,16.93,19.45,14.18,80.25,0.51,20.54,3.25
11.39044,55.32523,2008,8,17,230,2008-08-17,16.96,19.36,15.14,80.5,0.51,19.2,2.85
11.39044,55.32523,2008,8,18,231,2008-08-18,16.79,18.75,14.86,78.36,3.28,9.5,3.81
11.39044,55.32523,2008,8,19,232,2008-08-19,18.13,21.16,15.64,86.89,3.51,13.72,4.37
11.39044,55.32523,2008,8,20,233,2008-08-20,17.63,20.08,15.95,84.69,3.15,12.64,7.18
11.39044,55.32523,2008,8,21,234,2008-08-21,17.04,18.98,15.23,86.95,4.48,14.72,5.85
11.39044,55.32523,2008,8,22,235,2008-08-22,17.17,19.13,14.54,83.36,1.43,14.46,2.97
11.39044,55.32523,2008,8,23,236,2008-08-23,15.61,16.42,14.96,91.42,30.11,4.59,6.13
11.39044,55.32523,2008,8,24,237,2008-08-24,16.73,18.92,14.52,82.49,1.48,12.89,3.49
11.39044,55.32523,2008,8,25,238,2008-08-25,16.71,18.48,14.29,84.83,0.52,9.98,3.43
11.39044,55.32523,2008,8,26,239,2008-08-26,17.89,20.17,15.63,88.65,1.46,9.28,5.32
11.39044,55.32523,2008,8,27,240,2008-08-27,17.77,19.96,16.32,90.61,6.06,4.55,6.62
11.39044,55.32523,2008,8,28,241,2008-08-28,16.24,17.59,14.73,86.07,5.95,10.85,6.07
11.39044,55.32523,2008,8,29,242,2008-08-29,16.48,18.94,14.44,78.61,0.46,16.61,4.85
11.39044,55.32523,2008,8,30,243,2008-08-30,16.81,19.55,13.57,71.93,0,19.26,1.2
11.39044,55.32523,2008,8,31,244,2008-08-31,17.1,20.19,14.55,77.26,0,18.48,4.13
11.39044,55.32523,2008,9,1,245,2008-09-01,16.83,18.9,14.84,85.98,0.88,10.75,6.34
11.39044,55.32523,2008,9,2,246,2008-09-02,16.63,19.03,13.82,85.88,2.58,11.25,5.86
11.39044,55.32523,2008,9,3,247,2008-09-03,15.87,17.23,14,84.25,2.2,9.16,7.01
11.39044,55.32523,2008,9,4,248,2008-09-04,15.29,17.88,13.14,82.51,0.39,11.04,6.91
11.39044,55.32523,2008,9,5,249,2008-09-05,16.11,18.23,13.9,83.33,2.7,12.65,4.9
11.39044,55.32523,2008,9,6,250,2008-09-06,17.59,20.08,15.8,88.1,4.85,10.68,4.64
11.39044,55.32523,2008,9,7,251,2008-09-07,17.36,19.8,15.71,82.76,1.78,13.63,1.47
11.39044,55.32523,2008,9,8,252,2008-09-08,16.25,18.42,14.34,87.14,3.59,9.72,5.15
11.39044,55.32523,2008,9,9,253,2008-09-09,16.59,18.47,14.81,83.87,0.24,12.86,4.18
11.39044,55.32523,2008,9,10,254,2008-09-10,16.28,18.84,14.23,89.77,1.17,6.87,3.91
11.39044,55.32523,2008,9,11,255,2008-09-11,16.04,18.69,13.66,85.35,0.03,11.8,3.26
11.39044,55.32523,2008,9,12,256,2008-09-12,13.76,15.9,11.9,76.2,0.12,10.65,7.92
11.39044,55.32523,2008,9,13,257,2008-09-13,12.69,15.28,10.01,78.25,0.08,14.98,5.34
11.39044,55.32523,2008,9,14,258,2008-09-14,12.59,15.4,8.77,81.71,0.12,13.36,4.39
11.39044,55.32523,2008,9,15,259,2008-09-15,12.95,15.09,10.65,79.15,0.29,13.77,4.26
11.39044,55.32523,2008,9,16,260,2008-09-16,11.66,13.58,10.05,81.35,1.32,8.95,3.92
11.39044,55.32523,2008,9,17,261,2008-09-17,11.45,13.86,9.04,78.16,0.14,12.7,2.84
11.39044,55.32523,2008,9,18,262,2008-09-18,10.98,12.79,9.56,78.5,0.52,10.17,2.45
11.39044,55.32523,2008,9,19,263,2008-09-19,11.69,13,9.96,65.94,0.01,10.7,1.15
11.39044,55.32523,2008,9,20,264,2008-09-20,12.89,15.82,9.36,83.54,0.23,10.4,2.87
11.39044,55.32523,2008,9,21,265,2008-09-21,13.35,15.84,10.8,81.4,0.21,11.41,3.16
11.39044,55.32523,2008,9,22,266,2008-09-22,12.37,14.54,9.8,89.07,2.16,4.43,5.14
11.39044,55.32523,2008,9,23,267,2008-09-23,13.71,16.17,11.44,88.29,0.67,7.29,5.43
11.39044,55.32523,2008,9,24,268,2008-09-24,12.78,16.06,10.24,86.06,0.05,13.42,4.43
11.39044,55.32523,2008,9,25,269,2008-09-25,12.38,15.88,8.94,83.2,0.01,13.77,2.28
11.39044,55.32523,2008,9,26,270,2008-09-26,12.87,15.43,10.75,86.88,0.01,9.51,2.02
11.39044,55.32523,2008,9,27,271,2008-09-27,13.37,16.57,10.68,88.56,0.13,11.77,4.7
11.39044,55.32523,2008,9,28,272,2008-09-28,12.74,14.31,10.93,80.38,0.36,9.56,6.11
11.39044,55.32523,2008,9,29,273,2008-09-29,11.69,13.83,9.74,83.83,1.31,9.8,5.78
11.39044,55.32523,2008,9,30,274,2008-09-30,11.76,13.73,10.43,86.44,8.46,9.31,6.67
11.39044,55.32523,2008,10,1,275,2008-10-01,10.68,12.06,9.62,87.97,9.42,3.96,5.76
11.39044,55.32523,2008,10,2,276,2008-10-02,11.25,13.2,9.83,86.49,4.73,9.25,6.7
11.39044,55.32523,2008,10,3,277,2008-10-03,10.58,11.96,9.09,89.74,1.89,8.48,4.43
11.39044,55.32523,2008,10,4,278,2008-10-04,10.02,11.01,8.68,79.32,1.4,8.52,6.76
11.39044,55.32523,2008,10,5,279,2008-10-05,9.76,11.92,7.68,86.44,15.14,3.24,9.2
11.39044,55.32523,2008,10,6,280,2008-10-06,10.4,13.54,7.46,84.36,0,11.36,2.8
11.39044,55.32523,2008,10,7,281,2008-10-07,10.7,13.14,7.49,90.89,0.04,7.86,4.26
11.39044,55.32523,2008,10,8,282,2008-10-08,12.23,14.47,9.76,91.45,0.45,6.25,5.12
11.39044,55.32523,2008,10,9,283,2008-10-09,11.95,14.19,10.07,88.31,0.15,9.65,4.73
11.39044,55.32523,2008,10,10,284,2008-10-10,12.07,13.61,10.49,89.49,0.21,4.59,6.31
11.39044,55.32523,2008,10,11,285,2008-10-11,13.22,15.39,11.66,90.62,0.69,3.71,6.68
11.39044,55.32523,2008,10,12,286,2008-10-12,12.47,14.53,11,91.12,0.24,8.49,4.37
11.39044,55.32523,2008,10,13,287,2008-10-13,13.27,14.94,11.42,93.76,0.27,4.7,5.84
11.39044,55.32523,2008,10,14,288,2008-10-14,12.32,14.13,9.89,87.57,0.4,8.37,4.33
11.39044,55.32523,2008,10,15,289,2008-10-15,12.1,13.88,9.97,93.05,19.85,1.98,5.88
11.39044,55.32523,2008,10,16,290,2008-10-16,10.11,12.45,8.8,91.07,4.08,3.21,5.56
11.39044,55.32523,2008,10,17,291,2008-10-17,9.61,12.29,8.14,85.39,0.88,8.45,5.61
11.39044,55.32523,2008,10,18,292,2008-10-18,10.01,11.04,7.98,92.45,4.94,2.95,6.6
11.39044,55.32523,2008,10,19,293,2008-10-19,11.14,12.34,9.72,86.63,0.89,6.49,6.33
11.39044,55.32523,2008,10,20,294,2008-10-20,11.72,13.07,10.13,84.77,0.07,5.43,7.97
11.39044,55.32523,2008,10,21,295,2008-10-21,11.71,13.02,9.3,86.55,3.45,2.81,7.29
11.39044,55.32523,2008,10,22,296,2008-10-22,9.75,11.41,8.61,86.8,1.05,5,5.63
11.39044,55.32523,2008,10,23,297,2008-10-23,9.33,11.26,6.9,89.29,0.04,6.77,6.23
11.39044,55.32523,2008,10,24,298,2008-10-24,9.48,10.2,8.62,91.16,8.15,1.41,7.6
11.39044,55.32523,2008,10,25,299,2008-10-25,9.6,11.7,7.37,85.61,0.08,6.86,6.47
11.39044,55.32523,2008,10,26,300,2008-10-26,10.87,11.46,9.91,93.06,14.26,1.42,8.07
11.39044,55.32523,2008,10,27,301,2008-10-27,8.75,9.61,7.81,91.29,2,4.44,5.39
11.39044,55.32523,2008,10,28,302,2008-10-28,7.54,8.48,6.71,87.32,1.56,5.5,5.44
11.39044,55.32523,2008,10,29,303,2008-10-29,6.03,7.5,4.61,87.8,0.22,5.95,3.86
11.39044,55.32523,2008,10,30,304,2008-10-30,5.89,6.68,5.11,79.13,0.37,1.56,3.95
11.39044,55.32523,2008,10,31,305,2008-10-31,5.64,7.42,4.19,77.38,0.18,5.51,3.13
11.39044,55.32523,2008,11,1,306,2008-11-01,5.83,8.05,4.09,89.09,0.08,3.59,3.95
11.39044,55.32523,2008,11,2,307,2008-11-02,7.38,10.21,4.81,94.83,0.12,3.46,4.34
11.39044,55.32523,2008,11,3,308,2008-11-03,9.05,10.87,8.25,94.58,0.33,2.05,3.8
11.39044,55.32523,2008,11,4,309,2008-11-04,8.68,9.23,7.96,94.25,0.52,1.6,2.88
11.39044,55.32523,2008,11,5,310,2008-11-05,8.33,9.55,7.47,95.47,0.46,1.61,5.93
11.39044,55.32523,2008,11,6,311,2008-11-06,9.18,9.93,8.58,89.72,4.36,1.53,7.98
11.39044,55.32523,2008,11,7,312,2008-11-07,9.14,9.5,8.8,95.32,9.04,0.49,4.64
11.39044,55.32523,2008,11,8,313,2008-11-08,8.84,10.49,7.51,97.63,0.17,2.85,3.43
11.39044,55.32523,2008,11,9,314,2008-11-09,8.38,10.37,7.36,92.64,3.67,1.63,7.46
11.39044,55.32523,2008,11,10,315,2008-11-10,9.59,11.8,8.08,85.69,8.4,2.94,9.22
11.39044,55.32523,2008,11,11,316,2008-11-11,10.23,11.61,8.21,90.86,14.5,1.13,8.24
11.39044,55.32523,2008,11,12,317,2008-11-12,7.98,8.86,6.67,91.88,1.49,1.75,8.45
11.39044,55.32523,2008,11,13,318,2008-11-13,7.3,9.23,6.06,94.76,0.12,3.23,5.02
11.39044,55.32523,2008,11,14,319,2008-11-14,9.21,11.09,6.53,94.67,7.23,0.57,8.07
11.39044,55.32523,2008,11,15,320,2008-11-15,9.78,10.96,8.09,92.59,0.87,1.55,8.22
11.39044,55.32523,2008,11,16,321,2008-11-16,7.19,8.11,5.74,86.57,1.05,2.6,8.08
11.39044,55.32523,2008,11,17,322,2008-11-17,4.74,6.5,3.18,83.93,0.02,3.63,4.47
11.39044,55.32523,2008,11,18,323,2008-11-18,5.77,8.96,4.54,87.92,5.03,1.16,8.92
11.39044,55.32523,2008,11,19,324,2008-11-19,6.89,9.59,3.69,92.2,3.16,1.43,8.38
11.39044,55.32523,2008,11,20,325,2008-11-20,7.06,9.21,3.78,83.74,2,2.99,9.79
11.39044,55.32523,2008,11,21,326,2008-11-21,2.26,3.44,0.94,74.65,0.3,3.32,7.22
11.39044,55.32523,2008,11,22,327,2008-11-22,2.45,3.37,1.28,76.86,0.3,2.79,7.38
11.39044,55.32523,2008,11,23,328,2008-11-23,2.73,3.73,1.95,79.63,0.9,2.67,3.88
11.39044,55.32523,2008,11,24,329,2008-11-24,1.64,3.09,0.23,77.87,0.37,2.06,5.21
11.39044,55.32523,2008,11,25,330,2008-11-25,2.48,3.98,1.8,82.87,0.18,1.91,4.79
11.39044,55.32523,2008,11,26,331,2008-11-26,5.55,7.77,1.47,96.97,1.55,0.97,7.18
11.39044,55.32523,2008,11,27,332,2008-11-27,7.42,8.22,6.51,94.27,1.02,0.7,8.5
11.39044,55.32523,2008,11,28,333,2008-11-28,5.34,6.41,3.54,93.15,0.43,0.95,5.9
11.39044,55.32523,2008,11,29,334,2008-11-29,2.77,3.66,0.97,91.41,5.06,0.3,3.28
11.39044,55.32523,2008,11,30,335,2008-11-30,3.34,4.11,2.51,91.2,1.58,0.99,2.79
11.39044,55.32523,2008,12,1,336,2008-12-01,3.74,5.09,2.81,94.99,1.06,1.23,3.88
11.39044,55.32523,2008,12,2,337,2008-12-02,4.06,4.56,3.75,95.26,10.98,0.65,6.57
11.39044,55.32523,2008,12,3,338,2008-12-03,2.4,4.01,0.88,92.97,2.55,1.21,4.4
11.39044,55.32523,2008,12,4,339,2008-12-04,2.39,3.69,0.84,95,1.27,1.29,5.79
11.39044,55.32523,2008,12,5,340,2008-12-05,4.4,5.95,3.64,96.64,3.05,1.1,3.88
11.39044,55.32523,2008,12,6,341,2008-12-06,3.77,4.7,3.27,95.67,5.88,0.95,2.57
11.39044,55.32523,2008,12,7,342,2008-12-07,3.35,4.32,2.26,95.5,0.58,1.68,3.54
11.39044,55.32523,2008,12,8,343,2008-12-08,5.39,6.16,4.35,96.99,1.8,0.63,5.5
11.39044,55.32523,2008,12,9,344,2008-12-09,3.96,5.73,2.4,96.17,8.77,0.76,2.13
11.39044,55.32523,2008,12,10,345,2008-12-10,1.97,3.31,0.57,94.97,0.47,2.21,2.1
11.39044,55.32523,2008,12,11,346,2008-12-11,1.58,3.02,0.65,92.74,0.72,1.34,2.97
11.39044,55.32523,2008,12,12,347,2008-12-12,1.86,3.02,1,92.61,1.47,1.08,3.69
11.39044,55.32523,2008,12,13,348,2008-12-13,2.59,4.2,0.99,93.23,0.37,0.95,6.07
11.39044,55.32523,2008,12,14,349,2008-12-14,3.69,4.84,2.65,94.64,0.1,0.85,6.76
11.39044,55.32523,2008,12,15,350,2008-12-15,3.23,3.85,2.6,96.61,0.59,0.26,4.26
11.39044,55.32523,2008,12,16,351,2008-12-16,3.57,4.02,3.17,95.03,0.67,0.29,2.2
11.39044,55.32523,2008,12,17,352,2008-12-17,3.08,4.06,2.23,94.32,0.59,0.94,3.3
11.39044,55.32523,2008,12,18,353,2008-12-18,3.27,4.21,2.62,97.05,0.88,1.16,5.56
11.39044,55.32523,2008,12,19,354,2008-12-19,4.48,5.59,2.88,97.09,2.69,1.93,5.2
11.39044,55.32523,2008,12,20,355,2008-12-20,5.64,6.74,3.48,88.4,2.24,1.63,10.79
11.39044,55.32523,2008,12,21,356,2008-12-21,5.2,7.66,3.2,94.41,2.34,1.09,7.58
11.39044,55.32523,2008,12,22,357,2008-12-22,6.04,7.64,3.41,87.71,0.26,2.15,9.67
11.39044,55.32523,2008,12,23,358,2008-12-23,3.03,4.71,1.84,97.23,0.32,1.7,3.87
11.39044,55.32523,2008,12,24,359,2008-12-24,4.87,5.97,3.27,96.88,0.55,1.19,5.42
11.39044,55.32523,2008,12,25,360,2008-12-25,1.06,2.91,-0.18,94.63,0.03,1.52,3.43
11.39044,55.32523,2008,12,26,361,2008-12-26,2.01,2.97,0.87,82.35,0.23,1.85,1.41
11.39044,55.32523,2008,12,27,362,2008-12-27,1.83,3.21,0.93,91.67,0.29,1.16,3.46
11.39044,55.32523,2008,12,28,363,2008-12-28,0.64,1.37,-0.17,96.67,0.34,1.63,3.29
11.39044,55.32523,2008,12,29,364,2008-12-29,1.23,2.95,-0.48,93.67,0.33,1.43,3.26
11.39044,55.32523,2008,12,30,365,2008-12-30,-0.45,0.83,-0.88,86.91,0,1.23,2.65
11.39044,55.32523,2009,1,1,1,2009-01-01,-0.97,0.41,-3.21,95.84,0.02,1.8,3.64
11.39044,55.32523,2009,1,2,2,2009-01-02,-1.84,0.73,-3.36,87.53,0,2.37,3.35
11.39044,55.32523,2009,1,3,3,2009-01-03,1.01,3.33,-2.13,96.26,2.1,1.27,6.79
11.39044,55.32523,2009,1,4,4,2009-01-04,-0.91,0.37,-3.72,88.41,2.17,1.05,4.69
11.39044,55.32523,2009,1,5,5,2009-01-05,-3.24,-1.66,-4.02,80.39,0.01,2.67,3.99
11.39044,55.32523,2009,1,6,6,2009-01-06,-0.62,1.53,-4.08,88.29,1.22,1.56,7.59
11.39044,55.32523,2009,1,7,7,2009-01-07,0.04,1.93,-1.69,79.68,0.48,2.75,6.06
11.39044,55.32523,2009,1,8,8,2009-01-08,0.76,3.13,-2.06,85.29,0.69,1.25,6.68
11.39044,55.32523,2009,1,9,9,2009-01-09,2.86,4.12,1.91,97.76,0.18,2.6,6.54
11.39044,55.32523,2009,1,10,10,2009-01-10,1.62,2.49,0.41,98.93,0.21,0.81,4.33
11.39044,55.32523,2009,1,11,11,2009-01-11,0.42,1.61,-0.68,87.53,0.01,1.73,8.31
11.39044,55.32523,2009,1,12,12,2009-01-12,2.32,3.22,1.42,82.38,1.23,1.45,9.06
11.39044,55.32523,2009,1,13,13,2009-01-13,2.82,3.73,1.11,95.74,3.56,1.03,6.59
11.39044,55.32523,2009,1,14,14,2009-01-14,2.53,3.16,2,98.78,1.53,1.3,2.49
11.39044,55.32523,2009,1,15,15,2009-01-15,0.76,1.87,-0.59,97.59,0.18,1.45,2.53
11.39044,55.32523,2009,1,16,16,2009-01-16,0.69,1.44,-0.48,91.3,0.08,1.62,5.53
11.39044,55.32523,2009,1,17,17,2009-01-17,0.52,1.22,0.05,90.2,0.75,0.94,7.01
11.39044,55.32523,2009,1,18,18,2009-01-18,1.89,2.49,1.12,97.33,5.19,1.44,6.62
11.39044,55.32523,2009,1,19,19,2009-01-19,1.75,2.55,1.05,96.24,3.41,1.02,6.86
11.39044,55.32523,2009,1,20,20,2009-01-20,2.76,3.66,1.2,93.99,2.61,2.6,6.29
11.39044,55.32523,2009,1,21,21,2009-01-21,1.41,3.4,0.48,97.99,0.11,3.68,3.71
11.39044,55.32523,2009,1,22,22,2009-01-22,0.96,1.6,0.32,96.51,0.91,2.6,5.53
11.39044,55.32523,2009,1,23,23,2009-01-23,1.5,2.39,1.03,91.97,2.3,1.08,8.8
11.39044,55.32523,2009,1,24,24,2009-01-24,2.04,2.87,1.04,96.66,2.57,0.99,4.36
11.39044,55.32523,2009,1,25,25,2009-01-25,1.71,2.52,0.83,97.04,0.32,1.94,3.5
11.39044,55.32523,2009,1,26,26,2009-01-26,0.95,1.88,0.5,91,0.14,1.45,2.63
11.39044,55.32523,2009,1,27,27,2009-01-27,1.63,2.68,1,83,0.19,2.21,1.23
11.39044,55.32523,2009,1,28,28,2009-01-28,0.33,1.54,-1.04,87.34,0.18,1.1,2.25
11.39044,55.32523,2009,1,29,29,2009-01-29,-0.94,-0.05,-1.34,89.86,0.09,1.75,1.51
11.39044,55.32523,2009,1,30,30,2009-01-30,-0.34,0.63,-1.4,91.09,0.28,1.86,2.02
11.39044,55.32523,2009,1,31,31,2009-01-31,-0.01,1.52,-1.63,94.05,0.14,2.37,4.27
11.39044,55.32523,2009,2,1,32,2009-02-01,-1.07,0.65,-2.68,83.98,0.22,2.45,8.19
11.39044,55.32523,2009,2,2,33,2009-02-02,0.05,0.86,-0.58,83.81,0.05,1.46,8.84
11.39044,55.32523,2009,2,3,34,2009-02-03,0.94,2.16,0.39,90.79,0.18,2,6.91
11.39044,55.32523,2009,2,4,35,2009-02-04,0.69,1.45,0.28,96.42,0.98,1.09,3.55
11.39044,55.32523,2009,2,5,36,2009-02-05,0.92,1.46,0.27,97.12,5.34,1.74,2.44
11.39044,55.32523,2009,2,6,37,2009-02-06,2.13,3.38,1.22,97.82,0.79,1.78,3.35
11.39044,55.32523,2009,2,7,38,2009-02-07,1.32,2.24,0.47,97.67,4.18,2,3.16
11.39044,55.32523,2009,2,8,39,2009-02-08,1.01,2.61,0.06,93.72,1.08,4.76,5.56
11.39044,55.32523,2009,2,9,40,2009-02-09,0.63,1.7,0.03,93.73,0.3,3.17,4.9
11.39044,55.32523,2009,2,10,41,2009-02-10,0.77,1.42,0.42,93.85,3.46,2.18,7.12
11.39044,55.32523,2009,2,11,42,2009-02-11,0.54,1.53,-0.89,89.85,0.6,3.54,6.27
11.39044,55.32523,2009,2,12,43,2009-02-12,-0.82,0.59,-2.38,84.65,0.07,4.45,5.48
11.39044,55.32523,2009,2,13,44,2009-02-13,-1.21,1.03,-2.65,85.29,0.03,5.99,2.98
11.39044,55.32523,2009,2,14,45,2009-02-14,-1.08,1.5,-2.98,91.49,0,6.96,4.25
11.39044,55.32523,2009,2,15,46,2009-02-15,-0.15,0.83,-1.72,96.59,2.95,2.94,3.32
11.39044,55.32523,2009,2,16,47,2009-02-16,0.04,0.83,-1.35,94.43,2.93,2.38,4.27
11.39044,55.32523,2009,2,17,48,2009-02-17,-2.89,-0.73,-5.06,85.12,0,6.52,3.86
11.39044,55.32523,2009,2,18,49,2009-02-18,-1.97,-0.16,-4.56,87.02,1.08,3.38,3.12
11.39044,55.32523,2009,2,19,50,2009-02-19,0.25,0.89,-0.16,97.09,3.96,2.33,2.17
11.39044,55.32523,2009,2,20,51,2009-02-20,-0.23,1.04,-1.75,90.87,0.54,2.45,2
11.39044,55.32523,2009,2,21,52,2009-02-21,0.35,0.83,-0.17,88.86,7.76,3.81,3.01
11.39044,55.32523,2009,2,22,53,2009-02-22,2.88,4.36,1.01,96.04,1.6,5.53,7.39
11.39044,55.32523,2009,2,23,54,2009-02-23,1.29,2.58,-0.4,91.5,0.09,3.47,5.59
11.39044,55.32523,2009,2,24,55,2009-02-24,1.22,2.9,-0.68,88.06,0.17,6.92,3.33
11.39044,55.32523,2009,2,25,56,2009-02-25,3.15,3.69,2.42,97.98,0.89,3.3,6.51
11.39044,55.32523,2009,2,26,57,2009-02-26,3.74,5.73,2.33,92.49,1.59,4.6,8.23
11.39044,55.32523,2009,2,27,58,2009-02-27,3.05,5.06,1.03,93.86,0.29,5.49,5.35
11.39044,55.32523,2009,2,28,59,2009-02-28,1.25,3.35,-0.92,86.95,0.28,5.09,3.44
11.39044,55.32523,2009,3,1,60,2009-03-01,2.89,4.64,1.85,91.75,0.74,2.5,5.6
11.39044,55.32523,2009,3,2,61,2009-03-02,3.07,4.41,1.74,94.71,4.57,3.41,4.2
11.39044,55.32523,2009,3,3,62,2009-03-03,3.1,4.73,1.57,91.89,0.29,5.87,5.04
11.39044,55.32523,2009,3,4,63,2009-03-04,3.26,5.17,1.43,91.34,0.13,7.69,7.37
11.39044,55.32523,2009,3,5,64,2009-03-05,3.43,5.45,2.18,94.68,0.62,4.13,7.35
11.39044,55.32523,2009,3,6,65,2009-03-06,2.92,4.13,1.6,91.28,1.89,2.25,5.98
11.39044,55.32523,2009,3,7,66,2009-03-07,2.24,4.02,0.87,92.06,1.63,3.74,2.62
11.39044,55.32523,2009,3,8,67,2009-03-08,3.04,6.36,1.31,93.41,5.24,3.96,5.97
11.39044,55.32523,2009,3,9,68,2009-03-09,2.96,4.81,0.83,92.73,3.01,6.62,4.5
11.39044,55.32523,2009,3,10,69,2009-03-10,3.59,5.46,2.44,93.01,1.25,7.65,3.33
11.39044,55.32523,2009,3,11,70,2009-03-11,2.94,5.49,0.94,92.64,0.23,9.22,3.54
11.39044,55.32523,2009,3,12,71,2009-03-12,1.87,4.08,-0.03,97.02,6.9,3.54,4.09
11.39044,55.32523,2009,3,13,72,2009-03-13,4.28,5.58,3,95.99,0.5,5.82,3.54
11.39044,55.32523,2009,3,14,73,2009-03-14,4.07,5.95,2.17,95.92,3.93,7.68,3.33
11.39044,55.32523,2009,3,15,74,2009-03-15,5.28,6.93,3.87,94.32,1.1,4.61,2.62
11.39044,55.32523,2009,3,16,75,2009-03-16,5.05,6.53,3.85,94.71,2.43,6.7,3.98
11.39044,55.32523,2009,3,17,76,2009-03-17,5.3,7.52,2.76,82.11,0.88,14.64,8.84
11.39044,55.32523,2009,3,18,77,2009-03-18,4.4,8.14,1.81,88.06,0,14.27,5.8
11.39044,55.32523,2009,3,19,78,2009-03-19,3.47,6.04,0.7,84.83,0.06,14.95,4.18
11.39044,55.32523,2009,3,20,79,2009-03-20,2.57,5.11,-0.55,83.81,0.01,14.03,2.89
11.39044,55.32523,2009,3,21,80,2009-03-21,3.28,5.77,0.54,91.62,0.21,4.88,5.15
11.39044,55.32523,2009,3,22,81,2009-03-22,5.69,8.39,3.83,86.6,0.52,12.11,8.55
11.39044,55.32523,2009,3,23,82,2009-03-23,3.98,4.55,2.23,90.64,4.06,6.3,5.92
11.39044,55.32523,2009,3,24,83,2009-03-24,0.75,2.04,-1,75.06,0.48,13.09,6.59
11.39044,55.32523,2009,3,25,84,2009-03-25,0.34,2.41,-1.24,66.94,0,12.89,5.49
11.39044,55.32523,2009,3,26,85,2009-03-26,2.75,4.71,-0.38,84.27,4.24,7.85,6.01
11.39044,55.32523,2009,3,27,86,2009-03-27,4.52,6.3,3.1,89.69,3.27,9.89,5.51
11.39044,55.32523,2009,3,28,87,2009-03-28,4.79,6.74,2.91,90.39,1.31,7.98,4.28
11.39044,55.32523,2009,3,29,88,2009-03-29,4.93,7.32,2.87,88.53,0.55,12.34,2.55
11.39044,55.32523,2009,3,30,89,2009-03-30,4.01,6.93,1.55,86.74,0.08,13.93,4.65
11.39044,55.32523,2009,3,31,90,2009-03-31,6.09,8.82,3.66,92.27,0.09,9.34,5.47
11.39044,55.32523,2009,4,1,91,2009-04-01,5.89,7.2,4,94.96,0.31,6.44,2.86
11.39044,55.32523,2009,4,2,92,2009-04-02,5.23,9.76,1.99,90.04,0.12,10.35,2.86
11.39044,55.32523,2009,4,3,93,2009-04-03,6.41,12.36,1.92,79.6,0,18.58,1.55
11.39044,55.32523,2009,4,4,94,2009-04-04,7.83,14.22,2.71,84.23,0.05,16.95,3.37
11.39044,55.32523,2009,4,5,95,2009-04-05,6.62,9.59,4.27,86.12,0.13,14.29,4.54
11.39044,55.32523,2009,4,6,96,2009-04-06,6.58,10.25,2.63,82.97,0,16.29,2.3
11.39044,55.32523,2009,4,7,97,2009-04-07,8.04,11.95,5.08,82.79,0.09,12.94,6.49
11.39044,55.32523,2009,4,8,98,2009-04-08,8.7,11.6,5.99,86.71,3.99,16.07,3.24
11.39044,55.32523,2009,4,9,99,2009-04-09,8.09,11.76,4.79,85.42,0.22,17.43,3.06
11.39044,55.32523,2009,4,10,100,2009-04-10,8.43,12.61,5.11,78.71,0,19.23,5.2
11.39044,55.32523,2009,4,11,101,2009-04-11,8.08,11.82,5.22,84.65,0,19.75,6.32
11.39044,55.32523,2009,4,12,102,2009-04-12,7.81,11.6,5.02,89.28,0.03,19.87,4.43
11.39044,55.32523,2009,4,13,103,2009-04-13,8.25,12.4,5.05,89.54,0.14,15.21,3.32
11.39044,55.32523,2009,4,14,104,2009-04-14,9.55,14.88,6.34,87.71,0.06,16.73,2.45
11.39044,55.32523,2009,4,15,105,2009-04-15,8.5,12.49,5.77,83.51,0.07,16,6.34
11.39044,55.32523,2009,4,16,106,2009-04-16,7.64,11.67,4.64,83.51,0,18.27,7.11
11.39044,55.32523,2009,4,17,107,2009-04-17,6.95,11.07,2.99,76.25,0,22.25,5.17
11.39044,55.32523,2009,4,18,108,2009-04-18,8.27,12.49,4.66,80.98,0.02,22.5,3.68
11.39044,55.32523,2009,4,19,109,2009-04-19,6.16,9.2,3.61,71.42,0,22.09,4.5
11.39044,55.32523,2009,4,20,110,2009-04-20,8.88,12.81,3.6,66.55,0,22.2,1.38
11.39044,55.32523,2009,4,21,111,2009-04-21,8.17,11.65,4.76,80.41,0,22.1,3.57
11.39044,55.32523,2009,4,22,112,2009-04-22,7.68,10.34,4.58,88.48,0.5,8.67,3.51
11.39044,55.32523,2009,4,23,113,2009-04-23,10.25,14.53,6.55,73.81,0.02,21.81,1.94
11.39044,55.32523,2009,4,24,114,2009-04-24,10.24,14.01,6.42,71.46,0,23.26,2.55
11.39044,55.32523,2009,4,25,115,2009-04-25,10.3,14.22,5.7,74.48,0,23.47,5.75
11.39044,55.32523,2009,4,26,116,2009-04-26,12.81,17.68,9.23,79.13,0,16.2,2.69
11.39044,55.32523,2009,4,27,117,2009-04-27,12.01,15.75,9.21,86.53,0.16,15.41,3.97
11.39044,55.32523,2009,4,28,118,2009-04-28,12.23,16.02,8.42,82.46,0.05,13.48,4.46
11.39044,55.32523,2009,4,29,119,2009-04-29,13.24,16.05,9.99,85,0.02,20.79,1.85
11.39044,55.32523,2009,4,30,120,2009-04-30,12.17,16.13,8.37,80.16,0,22.87,4.04
11.39044,55.32523,2009,5,1,121,2009-05-01,10.22,14.32,6.35,76.06,0,25.28,3.75
11.39044,55.32523,2009,5,2,122,2009-05-02,10.64,14.56,4.98,80.65,0,23.54,2.52
11.39044,55.32523,2009,5,3,123,2009-05-03,10.33,12.2,8.65,83.16,3.6,13.31,2.62
11.39044,55.32523,2009,5,4,124,2009-05-04,9.36,11.61,7.32,78.9,1.04,18.61,6.49
11.39044,55.32523,2009,5,5,125,2009-05-05,10.04,12.88,7.3,82.81,4.83,14.15,6.94
11.39044,55.32523,2009,5,6,126,2009-05-06,10.01,11.49,7.3,80.25,6.03,15.47,8.5
11.39044,55.32523,2009,5,7,127,2009-05-07,10.5,14.06,7.14,85.9,1.5,10.9,5.89
11.39044,55.32523,2009,5,8,128,2009-05-08,11.17,14.95,7.43,86.08,2.48,13.27,6.36
11.39044,55.32523,2009,5,9,129,2009-05-09,11.27,13.84,7.41,79.62,0.92,20.95,4.98
11.39044,55.32523,2009,5,10,130,2009-05-10,11.6,14.35,8.72,76.08,0,25.08,3.6
11.39044,55.32523,2009,5,11,131,2009-05-11,9.96,12.55,7.56,75.72,0,25.89,4.22
11.39044,55.32523,2009,5,12,132,2009-05-12,11.04,13.96,7.43,68.85,0,25.76,3.65
11.39044,55.32523,2009,5,13,133,2009-05-13,11.45,14.23,7.88,77.53,0.03,19.25,2.99
11.39044,55.32523,2009,5,14,134,2009-05-14,10.67,13.37,7.38,67.62,0.1,18.75,3.54
11.39044,55.32523,2009,5,15,135,2009-05-15,10.34,13.22,7.45,71.69,0,25.59,6.31
11.39044,55.32523,2009,5,16,136,2009-05-16,9.07,10.29,7.96,86.1,6.43,5.52,5.64
11.39044,55.32523,2009,5,17,137,2009-05-17,10.2,12.63,7.42,87.39,4.27,13.76,6.27
11.39044,55.32523,2009,5,18,138,2009-05-18,13.22,16.02,10.08,83.21,1.03,23.54,2.27
11.39044,55.32523,2009,5,19,139,2009-05-19,13.93,16.46,10.28,78.76,0.41,20.57,1.97
11.39044,55.32523,2009,5,20,140,2009-05-20,13.51,16.17,11.06,78.63,1.77,24.45,3.95
11.39044,55.32523,2009,5,21,141,2009-05-21,13.46,16.67,10.04,76.22,8.39,20.03,2.04
11.39044,55.32523,2009,5,22,142,2009-05-22,11.95,14.5,9.65,80.08,1.15,18.83,6.23
11.39044,55.32523,2009,5,23,143,2009-05-23,12.59,15.84,9.06,81.28,0.28,21.34,5.83
11.39044,55.32523,2009,5,24,144,2009-05-24,13.6,17.32,10.14,80.47,0.5,15.56,2.77
11.39044,55.32523,2009,5,25,145,2009-05-25,13,15.94,9.43,75.73,0.01,27.03,2.77
11.39044,55.32523,2009,5,26,146,2009-05-26,14.97,20.49,10.48,84.61,1.37,16.56,6.43
11.39044,55.32523,2009,5,27,147,2009-05-27,12.4,14.27,10.91,74.13,2.08,23.33,8.06
11.39044,55.32523,2009,5,28,148,2009-05-28,12.26,14.16,10.56,75.73,2.79,25.7,8.9
11.39044,55.32523,2009,5,29,149,2009-05-29,14.1,16.39,10.81,75.07,0,27.5,4.83
11.39044,55.32523,2009,5,30,150,2009-05-30,15.35,19,10.83,75.49,0,25.18,4.15
11.39044,55.32523,2009,5,31,151,2009-05-31,16.29,20.64,11.53,74.98,0.03,26.76,3.27
11.39044,55.32523,2009,6,1,152,2009-06-01,17.24,21.11,13.21,73.11,0,29,2.3
11.39044,55.32523,2009,6,2,153,2009-06-02,15.74,19.34,12.59,78.6,0,24.15,5.43
11.39044,55.32523,2009,6,3,154,2009-06-03,12.18,13.93,9.97,72.45,2.85,24.01,6.31
11.39044,55.32523,2009,6,4,155,2009-06-04,10.95,12.5,8.99,69.33,1.44,17.92,4.01
11.39044,55.32523,2009,6,5,156,2009-06-05,10.25,11.78,8.69,73.89,1.35,22.34,4.14
11.39044,55.32523,2009,6,6,157,2009-06-06,11.21,13.18,9.07,71.34,0.79,21.75,3.59
11.39044,55.32523,2009,6,7,158,2009-06-07,10.97,13.07,8.85,75.99,0.15,22.95,4.5
11.39044,55.32523,2009,6,8,159,2009-06-08,11.62,14.25,9.66,75.21,1.32,22.55,4.25
11.39044,55.32523,2009,6,9,160,2009-06-09,12.09,14.12,9.49,85.82,6.77,12.38,4.78
11.39044,55.32523,2009,6,10,161,2009-06-10,14.19,16.49,11.73,86.71,2.86,11.54,5.76
11.39044,55.32523,2009,6,11,162,2009-06-11,11.56,12.99,10.09,88.18,52.4,4.74,6.53
11.39044,55.32523,2009,6,12,163,2009-06-12,11.81,13.01,10.34,86.34,19.58,8.74,10.94
11.39044,55.32523,2009,6,13,164,2009-06-13,12.84,15.81,10.04,75.39,0.44,30.32,8.27
11.39044,55.32523,2009,6,14,165,2009-06-14,13.33,16.79,9.15,80.52,0.21,25.17,5.65
11.39044,55.32523,2009,6,15,166,2009-06-15,12.75,15.44,9.94,74.87,0,28.94,6.23
11.39044,55.32523,2009,6,16,167,2009-06-16,12.21,15.28,8.5,73.04,0.05,22.66,6.02
11.39044,55.32523,2009,6,17,168,2009-06-17,12.83,15.7,9.36,74.81,0,29.02,4.45
11.39044,55.32523,2009,6,18,169,2009-06-18,14.45,16.36,12.16,77.59,1.76,23.83,6.74
11.39044,55.32523,2009,6,19,170,2009-06-19,13.31,15.27,10.84,79.62,4.27,20.42,6.02
11.39044,55.32523,2009,6,20,171,2009-06-20,13.59,16.21,10.89,78.14,0.71,24.53,5.52
11.39044,55.32523,2009,6,21,172,2009-06-21,13.31,15.51,10.53,78.6,1.16,23.99,1.29
11.39044,55.32523,2009,6,22,173,2009-06-22,15.22,17.92,11.44,75.94,0.04,26.48,1.95
11.39044,55.32523,2009,6,23,174,2009-06-23,15.66,18.44,12.45,76.87,0,29.3,4.17
11.39044,55.32523,2009,6,24,175,2009-06-24,17.45,20.78,13.02,76.86,0.05,29.09,3.55
11.39044,55.32523,2009,6,25,176,2009-06-25,17.34,19.4,14.08,78.17,3.51,19.81,5.56
11.39044,55.32523,2009,6,26,177,2009-06-26,17.76,20.96,14.7,76.12,0.01,26.23,7.17
11.39044,55.32523,2009,6,27,178,2009-06-27,17.3,20.03,13.59,80.31,0.01,23.79,4.24
11.39044,55.32523,2009,6,28,179,2009-06-28,17.74,20.84,14.7,81.18,0.01,25.78,2.94
11.39044,55.32523,2009,6,29,180,2009-06-29,18.07,20.15,14.56,85.03,0.57,14.83,1.9
11.39044,55.32523,2009,6,30,181,2009-06-30,20.25,23.72,16.07,79.94,0.14,22.99,1.62
11.39044,55.32523,2009,7,1,182,2009-07-01,20.68,23.18,17.85,77.39,0.16,22.96,1.96
11.39044,55.32523,2009,7,2,183,2009-07-02,20.9,24.16,17.36,75.36,0,27.07,1.66
11.39044,55.32523,2009,7,3,184,2009-07-03,21.61,24.48,17.96,77.24,0.11,26.76,1.45
11.39044,55.32523,2009,7,4,185,2009-07-04,21.5,24.42,18.29,75.54,0.53,25.42,2.39
11.39044,55.32523,2009,7,5,186,2009-07-05,19.72,21.62,17.68,84.74,1.63,12.23,3.64
11.39044,55.32523,2009,7,6,187,2009-07-06,18.82,21.02,16.32,82.17,2.62,14.92,4.35
11.39044,55.32523,2009,7,7,188,2009-07-07,18.11,20.39,15.99,78.26,3.49,22.62,4.44
11.39044,55.32523,2009,7,8,189,2009-07-08,17.09,19,15.01,78.73,2.46,21.76,5.31
11.39044,55.32523,2009,7,9,190,2009-07-09,15.82,17.75,13.81,73.65,0.85,23.17,7.81
11.39044,55.32523,2009,7,10,191,2009-07-10,15.21,16.68,13.26,80.61,2.71,17.48,5.15
11.39044,55.32523,2009,7,11,192,2009-07-11,15.71,17.93,13.64,77.84,1.21,20.29,5.81
11.39044,55.32523,2009,7,12,193,2009-07-12,15.98,18.03,13.44,80.28,2.68,19.13,4.02
11.39044,55.32523,2009,7,13,194,2009-07-13,18.13,20.37,15.73,78.27,1.83,22.49,3.83
11.39044,55.32523,2009,7,14,195,2009-07-14,19.55,22.16,16.3,74.24,1,22.64,1.17
11.39044,55.32523,2009,7,15,196,2009-07-15,20.03,23.56,16.2,81.4,1.52,20.47,2.72
11.39044,55.32523,2009,7,16,197,2009-07-16,19.45,22.03,16.62,76.18,0.05,24.62,4
11.39044,55.32523,2009,7,17,198,2009-07-17,19.74,23.03,16.13,79.04,1.25,16.63,4.91
11.39044,55.32523,2009,7,18,199,2009-07-18,18.55,20.07,16.37,87.32,24.84,7.23,4.59
11.39044,55.32523,2009,7,19,200,2009-07-19,17.42,19.9,15.46,78.66,0.67,16.57,4.54
11.39044,55.32523,2009,7,20,201,2009-07-20,16.33,18.43,14.61,81.76,3.91,16.35,7.09
11.39044,55.32523,2009,7,21,202,2009-07-21,17.44,20.16,14.37,72.66,0.27,24.49,5.74
11.39044,55.32523,2009,7,22,203,2009-07-22,18.47,21.03,15.6,89.18,9.18,8,3.42
11.39044,55.32523,2009,7,23,204,2009-07-23,18.57,21.02,15.95,87.76,13.97,10.2,4.72
11.39044,55.32523,2009,7,24,205,2009-07-24,17.15,19.4,15.15,85.16,4.05,15.43,5.02
11.39044,55.32523,2009,7,25,206,2009-07-25,16.72,18.9,14.68,82.25,2.38,19.3,5.48
11.39044,55.32523,2009,7,26,207,2009-07-26,16.5,18.77,14.17,75.85,0.21,19.65,6.32
11.39044,55.32523,2009,7,27,208,2009-07-27,19.21,22.12,15.86,81.89,0.73,12.54,3.79
11.39044,55.32523,2009,7,28,209,2009-07-28,17.71,20.37,14.69,77.48,0.93,22.77,4.68
11.39044,55.32523,2009,7,29,210,2009-07-29,18.48,21.63,14.78,77.98,0.34,13.17,3.87
11.39044,55.32523,2009,7,30,211,2009-07-30,17.83,19.77,14.85,77.68,3.1,15.23,7.96
11.39044,55.32523,2009,7,31,212,2009-07-31,16.55,19.12,13.84,75.26,0.41,22.07,6.53
11.39044,55.32523,2009,8,1,213,2009-08-01,16.83,19.85,13.15,76.16,0,19.66,3.02
11.39044,55.32523,2009,8,2,214,2009-08-02,19.29,21.97,16.11,83.79,0.39,12.4,4.19
11.39044,55.32523,2009,8,3,215,2009-08-03,17.05,18,15.85,84.98,2.6,13.79,3.43
11.39044,55.32523,2009,8,4,216,2009-08-04,17.41,19.79,15.02,86.74,2.01,12.65,2.65
11.39044,55.32523,2009,8,5,217,2009-08-05,19.02,22.28,15.54,82.5,0,22.81,2.13
11.39044,55.32523,2009,8,6,218,2009-08-06,19.5,22.34,16.48,84.22,0.03,22.48,2.45
11.39044,55.32523,2009,8,7,219,2009-08-07,19.54,22.83,16.45,82.29,0.05,23.1,4.71
11.39044,55.32523,2009,8,8,220,2009-08-08,20.3,24.16,16.72,82.11,0.12,18.63,4.17
11.39044,55.32523,2009,8,9,221,2009-08-09,20.26,22.71,18.21,83.41,0.35,14.5,3.11
11.39044,55.32523,2009,8,10,222,2009-08-10,19.32,22.42,16.38,82.97,1.12,10.49,3.95
11.39044,55.32523,2009,8,11,223,2009-08-11,17.72,20.51,15.18,78.75,2.19,14.47,4.51
11.39044,55.32523,2009,8,12,224,2009-08-12,17.25,20.12,14.96,79.22,2.67,14.49,6.18
11.39044,55.32523,2009,8,13,225,2009-08-13,16.68,19.69,14.4,76.52,1.48,19.36,7.27
11.39044,55.32523,2009,8,14,226,2009-08-14,16.33,18.67,14,71.03,0.05,20.49,5.76
11.39044,55.32523,2009,8,15,227,2009-08-15,17.6,20.7,14.42,83.36,5.27,9.9,5.32
11.39044,55.32523,2009,8,16,228,2009-08-16,18.39,20.45,16.31,80.12,0.13,19.16,6.87
11.39044,55.32523,2009,8,17,229,2009-08-17,17.28,20.18,15.37,81.83,3.71,10.68,6.44
11.39044,55.32523,2009,8,18,230,2009-08-18,16.09,18.87,14.06,74.66,0.13,20.58,6.33
11.39044,55.32523,2009,8,19,231,2009-08-19,17.23,20.56,13.72,75.52,0,20.29,3.67
11.39044,55.32523,2009,8,20,232,2009-08-20,20.3,24.67,16.14,78.37,0.59,19.41,6.63
11.39044,55.32523,2009,8,21,233,2009-08-21,18.92,21.19,16.02,82.69,1.32,11.53,3.17
11.39044,55.32523,2009,8,22,234,2009-08-22,16.86,19.17,14.47,75.18,0.54,19.23,3.79
11.39044,55.32523,2009,8,23,235,2009-08-23,16.88,19.62,13.64,74.41,0,19.15,3
11.39044,55.32523,2009,8,24,236,2009-08-24,18.49,21.55,15.78,73.26,0,19.06,6.34
11.39044,55.32523,2009,8,25,237,2009-08-25,18.38,21.02,16.01,86.31,4.41,9.81,3.87
11.39044,55.32523,2009,8,26,238,2009-08-26,17.58,20.4,14.4,80.93,3,15.51,4.59
11.39044,55.32523,2009,8,27,239,2009-08-27,19.67,22.91,16.74,79.71,0.13,15.23,4.25
11.39044,55.32523,2009,8,28,240,2009-08-28,18.35,20.78,15.36,83.09,2.24,7.33,6.08
11.39044,55.32523,2009,8,29,241,2009-08-29,15.59,17.77,14.1,76.71,2.53,14.85,7.09
11.39044,55.32523,2009,8,30,242,2009-08-30,15.18,17.16,13.77,78.72,2.46,14.18,6.06
11.39044,55.32523,2009,8,31,243,2009-08-31,16.5,18.31,13.66,85.54,1.16,8,5.56
11.39044,55.32523,2009,9,1,244,2009-09-01,18.91,23.24,15.71,78.56,4.59,18.12,5.54
11.39044,55.32523,2009,9,2,245,2009-09-02,16.87,19.13,15.26,84.08,1.16,12.68,5.36
11.39044,55.32523,2009,9,3,246,2009-09-03,16.19,17.47,15.03,87.27,8.2,4.38,6.79
11.39044,55.32523,2009,9,4,247,2009-09-04,15.16,16.75,13.7,78.14,3.31,9.69,11.14
11.39044,55.32523,2009,9,5,248,2009-09-05,15.13,17.06,13.52,82.25,6.75,8.49,8.79
11.39044,55.32523,2009,9,6,249,2009-09-06,15.55,18.46,12.86,85.68,1.31,12.09,6.11
11.39044,55.32523,2009,9,7,250,2009-09-07,15.83,18.26,13.46,84.74,0.61,12.44,5.05
11.39044,55.32523,2009,9,8,251,2009-09-08,17.57,20.66,14.17,82.75,0.08,14.54,4.01
11.39044,55.32523,2009,9,9,252,2009-09-09,17.02,19.73,14.75,83.4,0.08,10.29,4.38
11.39044,55.32523,2009,9,10,253,2009-09-10,15.34,17.99,12.92,83.48,0.03,15.13,4.35
11.39044,55.32523,2009,9,11,254,2009-09-11,14.84,18.08,11.72,84.27,0,15.58,2.87
11.39044,55.32523,2009,9,12,255,2009-09-12,14.69,17.44,11.86,83.19,0.22,12.4,4.52
11.39044,55.32523,2009,9,13,256,2009-09-13,14.91,16.86,12.37,81.39,0.54,13.03,6.88
11.39044,55.32523,2009,9,14,257,2009-09-14,14.96,18.12,12.56,81.91,0.05,14.76,5.86
11.39044,55.32523,2009,9,15,258,2009-09-15,14.7,17.76,11.38,83.4,0.1,15.52,3.93
11.39044,55.32523,2009,9,16,259,2009-09-16,14.55,16.95,11.74,79.83,0.02,15.22,3.3
11.39044,55.32523,2009,9,17,260,2009-09-17,13.77,16.44,10.97,75.15,0,12.65,1.91
11.39044,55.32523,2009,9,18,261,2009-09-18,14.51,17.55,11.84,75.13,0,14.95,1.79
11.39044,55.32523,2009,9,19,262,2009-09-19,15.64,18.78,13.2,82.31,0.02,14.39,3.68
11.39044,55.32523,2009,9,20,263,2009-09-20,15.65,19.91,12.34,87.7,0.17,11.06,3.28
11.39044,55.32523,2009,9,21,264,2009-09-21,13.89,16.77,10.97,77.9,0.05,10.61,4.91
11.39044,55.32523,2009,9,22,265,2009-09-22,15.53,18.49,13.51,87.76,1.8,10.31,7.43
11.39044,55.32523,2009,9,23,266,2009-09-23,14.83,16.87,12.4,79.31,0.3,8.3,7.37
11.39044,55.32523,2009,9,24,267,2009-09-24,13.91,16.53,11.53,84.4,0.52,10.92,6.6
11.39044,55.32523,2009,9,25,268,2009-09-25,14.13,16.98,11.6,87.15,0.12,11.42,5.14
11.39044,55.32523,2009,9,26,269,2009-09-26,14.56,16.12,13.04,89.12,0.46,4.68,4.57
11.39044,55.32523,2009,9,27,270,2009-09-27,14.91,16.75,13.85,86.22,0.23,5.19,5.53
11.39044,55.32523,2009,9,28,271,2009-09-28,14.08,15.4,12.09,88.45,3.66,6.25,7.77
11.39044,55.32523,2009,9,29,272,2009-09-29,11.27,13.02,9.3,71.75,0.09,12.42,6.34
11.39044,55.32523,2009,9,30,273,2009-09-30,10.95,13.1,8.29,79.48,1.57,6.75,5.27
11.39044,55.32523,2009,10,1,274,2009-10-01,10.38,12.03,8.83,76.54,0.84,9.64,7.78
11.39044,55.32523,2009,10,2,275,2009-10-02,9.14,11.34,7.79,77.39,1.45,10.49,5.21
11.39044,55.32523,2009,10,3,276,2009-10-03,12.39,14.82,7.85,86.27,15.34,3.14,9.81
11.39044,55.32523,2009,10,4,277,2009-10-04,11.34,12.2,9.77,75.88,1.99,9.11,12.02
11.39044,55.32523,2009,10,5,278,2009-10-05,10.4,12.16,8.83,81.1,0.83,10.27,5.9
11.39044,55.32523,2009,10,6,279,2009-10-06,11.92,14.33,8.78,85.66,0.29,8.68,5.9
11.39044,55.32523,2009,10,7,280,2009-10-07,12.6,14.52,9.93,79.88,3.06,9.42,5.81
11.39044,55.32523,2009,10,8,281,2009-10-08,10.69,12.92,9.16,75.97,0.81,6.95,5.67
11.39044,55.32523,2009,10,9,282,2009-10-09,9.09,10.56,7.96,71.98,0,9.36,4.69
11.39044,55.32523,2009,10,10,283,2009-10-10,9.25,11.05,7.37,83.06,0.39,4.79,5.15
11.39044,55.32523,2009,10,11,284,2009-10-11,9,10.01,7.78,86.55,1.13,5.27,3.09
11.39044,55.32523,2009,10,12,285,2009-10-12,7.57,8.86,6.21,80.16,0.49,7.04,6.89
11.39044,55.32523,2009,10,13,286,2009-10-13,6.37,7.45,4.76,77.72,0.36,7.92,6.17
11.39044,55.32523,2009,10,14,287,2009-10-14,5.86,7.88,4.07,67.95,0,9.45,7.08
11.39044,55.32523,2009,10,15,288,2009-10-15,6.06,8.46,4.24,71.57,0.03,9.64,6.55
11.39044,55.32523,2009,10,16,289,2009-10-16,6.28,7.58,5.03,87.35,8.09,2.78,5.15
11.39044,55.32523,2009,10,17,290,2009-10-17,8.1,9.85,6.78,78.58,0.28,6.29,7.24
11.39044,55.32523,2009,10,18,291,2009-10-18,7.12,9.58,4.91,80.18,0.03,8.07,3.45
11.39044,55.32523,2009,10,19,292,2009-10-19,8.69,10.91,6.88,91.12,0.37,4.29,5.72
11.39044,55.32523,2009,10,20,293,2009-10-20,7.98,10.44,5.86,85.95,0.03,7.2,4.62
11.39044,55.32523,2009,10,21,294,2009-10-21,7.52,10.38,5.64,88.41,0.03,4.13,6.1
11.39044,55.32523,2009,10,22,295,2009-10-22,8.39,9.85,6.59,88.22,0.48,3.12,6.65
11.39044,55.32523,2009,10,23,296,2009-10-23,8.15,9.04,7.56,88.71,0.62,1.8,4.52
11.39044,55.32523,2009,10,24,297,2009-10-24,8.18,9.45,7.38,91.35,0.84,2.23,3.8
11.39044,55.32523,2009,10,25,298,2009-10-25,10.27,12.73,8.19,92.57,3.84,3.29,5.72
11.39044,55.32523,2009,10,26,299,2009-10-26,10.16,11.17,9.46,97.13,4.35,2.25,3.83
11.39044,55.32523,2009,10,27,300,2009-10-27,9.12,10.14,7.69,88.73,0.26,3.14,4.04
11.39044,55.32523,2009,10,28,301,2009-10-28,8.07,8.64,7.46,93.73,7.98,1.45,2.65
11.39044,55.32523,2009,10,29,302,2009-10-29,7.05,8.49,5.19,88.62,1.93,3.96,5.06
11.39044,55.32523,2009,10,30,303,2009-10-30,6.47,8.77,4.59,84.11,0.23,4.61,3.16
11.39044,55.32523,2009,10,31,304,2009-10-31,6.65,8.09,5.8,79.07,0.1,2.79,4.27
11.39044,55.32523,2009,11,1,305,2009-11-01,5.78,6.54,5.09,83.48,0.38,2.05,7.22
11.39044,55.32523,2009,11,2,306,2009-11-02,6.55,7.85,5.19,92.75,15,1.3,5.75
11.39044,55.32523,2009,11,3,307,2009-11-03,6.29,7.7,5.14,90.77,2.57,1.2,6.61
11.39044,55.32523,2009,11,4,308,2009-11-04,3.76,4.95,3.17,87.91,5.43,0.9,9.28
11.39044,55.32523,2009,11,5,309,2009-11-05,4.8,6.78,3.06,94.21,2.13,1.8,4.11
11.39044,55.32523,2009,11,6,310,2009-11-06,7.79,8.7,6.44,96.19,2.52,1.39,4.55
11.39044,55.32523,2009,11,7,311,2009-11-07,6.98,7.71,6.42,95.72,0.33,3.35,5.89
11.39044,55.32523,2009,11,8,312,2009-11-08,6.65,7.83,5.77,92.95,0.28,1.24,4.72
11.39044,55.32523,2009,11,9,313,2009-11-09,5.66,6.29,4.4,89.35,5.02,1.48,6.98
11.39044,55.32523,2009,11,10,314,2009-11-10,5.96,7.05,4.35,95.19,4.96,1.01,5.36
11.39044,55.32523,2009,11,11,315,2009-11-11,6.29,7.1,5.53,93.2,3.68,1.5,4.54
11.39044,55.32523,2009,11,12,316,2009-11-12,5.49,6.51,5.01,93.61,3.54,1.42,5.2
11.39044,55.32523,2009,11,13,317,2009-11-13,6.95,8.84,5.46,94.56,8.93,0.66,5.92
11.39044,55.32523,2009,11,14,318,2009-11-14,9.4,10.08,8.62,95.73,2.44,1.6,5.84
11.39044,55.32523,2009,11,15,319,2009-11-15,8.07,9.58,6.36,96.48,1.42,2.86,4.92
11.39044,55.32523,2009,11,16,320,2009-11-16,7.88,8.5,7.41,96.43,5.29,2.37,4.05
11.39044,55.32523,2009,11,17,321,2009-11-17,8.26,9.21,7.12,96.61,0.34,2.17,5.74
11.39044,55.32523,2009,11,18,322,2009-11-18,8.18,9.47,7.03,89.47,9.51,0.63,10.78
11.39044,55.32523,2009,11,19,323,2009-11-19,9,10.65,7.2,91.96,1.07,0.87,7.05
11.39044,55.32523,2009,11,20,324,2009-11-20,8.51,10.33,6.52,92.88,0.92,3,6.72
11.39044,55.32523,2009,11,21,325,2009-11-21,7.76,9.51,6.42,97.93,0.2,2.94,4.86
11.39044,55.32523,2009,11,22,326,2009-11-22,8.74,9.9,7.54,94.51,4.56,0.82,6.72
11.39044,55.32523,2009,11,23,327,2009-11-23,8.29,8.71,7.55,90.59,2.42,1.09,9.27
11.39044,55.32523,2009,11,24,328,2009-11-24,7.87,9.27,6.79,93.77,3.25,2.66,6.03
11.39044,55.32523,2009,11,25,329,2009-11-25,9.51,10.42,7.65,92.9,1.64,1.08,8.03
11.39044,55.32523,2009,11,26,330,2009-11-26,8.02,8.78,7.42,90.7,3.1,0.82,9.04
11.39044,55.32523,2009,11,27,331,2009-11-27,7,7.56,6.28,93.63,3.5,0.94,6.74
11.39044,55.32523,2009,11,28,332,2009-11-28,6.67,7.61,6.03,92.81,5.11,1.63,6.61
11.39044,55.32523,2009,11,29,333,2009-11-29,7.02,8.07,5.93,95.25,1.76,1.21,4.53
11.39044,55.32523,2009,11,30,334,2009-11-30,6.44,7.53,5.03,96.5,5.02,1.29,2.4
11.39044,55.32523,2009,12,1,335,2009-12-01,3.8,5.82,1.38,84.94,0.03,2.17,4.79
11.39044,55.32523,2009,12,2,336,2009-12-02,1.03,1.87,-0.05,91.86,0.07,2.1,3.25
11.39044,55.32523,2009,12,3,337,2009-12-03,3.92,5.11,1.15,94.17,2.41,0.9,6.84
11.39044,55.32523,2009,12,4,338,2009-12-04,4.86,5.68,4.04,95.48,0.82,0.72,4.62
11.39044,55.32523,2009,12,5,339,2009-12-05,4.2,4.93,3.52,92.33,2.28,1.23,6.03
11.39044,55.32523,2009,12,6,340,2009-12-06,5.46,6.24,4.04,95.63,5.34,1.23,6.19
11.39044,55.32523,2009,12,7,341,2009-12-07,6.16,6.61,5.48,97.23,0.85,1.08,4
11.39044,55.32523,2009,12,8,342,2009-12-08,5.93,6.4,5.69,94.73,0.28,1.15,5
11.39044,55.32523,2009,12,9,343,2009-12-09,5.38,6.17,4.4,94.79,0.47,0.5,3.31
11.39044,55.32523,2009,12,10,344,2009-12-10,5.15,5.59,4.68,95.74,7.62,0.48,4.56
11.39044,55.32523,2009,12,11,345,2009-12-11,3.74,4.64,1.93,91.94,0.74,1.36,4.39
11.39044,55.32523,2009,12,12,346,2009-12-12,1.74,3.41,0.68,93.66,0.16,1.68,4.31
11.39044,55.32523,2009,12,13,347,2009-12-13,1.29,2.7,0.32,89.47,0.46,1.52,2.56
11.39044,55.32523,2009,12,14,348,2009-12-14,1.16,1.67,0.67,78.83,0.36,1.08,1.52
11.39044,55.32523,2009,12,15,349,2009-12-15,1.69,2.29,0.83,88.94,0.81,0.83,4.4
11.39044,55.32523,2009,12,16,350,2009-12-16,0.79,2.12,-0.27,90.09,8.13,0.85,4.99
11.39044,55.32523,2009,12,17,351,2009-12-17,-2.32,-0.26,-3.23,87.28,4.5,0.9,7.89
11.39044,55.32523,2009,12,18,352,2009-12-18,-2.08,-1.34,-2.6,88.69,0.65,1.13,7.26
11.39044,55.32523,2009,12,19,353,2009-12-19,-3.89,-2.51,-4.82,83.24,0.1,1.49,3.03
11.39044,55.32523,2009,12,20,354,2009-12-20,-3.9,-3.11,-5.1,88.37,0.55,1.1,5.17
11.39044,55.32523,2009,12,21,355,2009-12-21,-4.2,-1.38,-5.46,90.56,0.07,1.01,3.38
11.39044,55.32523,2009,12,22,356,2009-12-22,-0.08,2.14,-1.55,92.15,4,0.52,6.7
11.39044,55.32523,2009,12,23,357,2009-12-23,1.06,2.03,0.38,95.98,0.34,1,5.56
11.39044,55.32523,2009,12,24,358,2009-12-24,0.47,1.66,-1.1,95.21,0.17,0.65,5.58
11.39044,55.32523,2009,12,25,359,2009-12-25,1.55,1.9,0.79,97.09,13.21,0.26,5.05
11.39044,55.32523,2009,12,26,360,2009-12-26,2.06,2.96,0.75,96.15,3.54,1.4,6.76
11.39044,55.32523,2009,12,27,361,2009-12-27,2.36,2.76,2.11,96.79,2.21,0.82,5.53
11.39044,55.32523,2009,12,28,362,2009-12-28,0.99,2.14,-0.93,97.45,0.7,2.32,4.82
11.39044,55.32523,2009,12,29,363,2009-12-29,-0.23,0.89,-1.29,97.68,0.13,2.06,3.04
11.39044,55.32523,2009,12,30,364,2009-12-30,-0.65,0.08,-2.27,93.19,0.11,1.49,5.54
11.39044,55.32523,2009,12,31,365,2009-12-31,-2.8,-1.41,-3.64,87.04,0,1.89,4.17
11.39044,55.32523,2010,1,1,1,2010-01-01,-4.81,-3.79,-5.94,90.85,0.09,1.06,3.89
11.39044,55.32523,2010,1,2,2,2010-01-02,-3.99,-1.97,-6.05,91.24,0.51,1.28,4.54
11.39044,55.32523,2010,1,3,3,2010-01-03,-5.2,-4.11,-6.05,84.69,0.28,1.5,3.2
11.39044,55.32523,2010,1,4,4,2010-01-04,-1.56,0.33,-5.1,96.6,1.62,1.45,5.55
11.39044,55.32523,2010,1,5,5,2010-01-05,-0.5,-0.11,-0.9,94.83,2.49,0.52,5.6
11.39044,55.32523,2010,1,6,6,2010-01-06,-2.17,-1,-3.33,89.78,0.74,1.28,4.14
11.39044,55.32523,2010,1,7,7,2010-01-07,-3.5,-2.42,-4.78,93.49,0.3,1.24,4.21
11.39044,55.32523,2010,1,8,8,2010-01-08,-6.37,-4.52,-8.66,91.4,0.08,2.25,5.41
11.39044,55.32523,2010,1,9,9,2010-01-09,-5.07,-3.4,-8.51,94.81,0.04,2.2,8.06
11.39044,55.32523,2010,1,10,10,2010-01-10,-1.71,-0.91,-2.78,89.24,0.07,1.51,9.3
11.39044,55.32523,2010,1,11,11,2010-01-11,-2,-1.41,-2.89,91.24,1,2.16,6.86
11.39044,55.32523,2010,1,12,12,2010-01-12,-1.41,-0.19,-2.29,96.64,0.8,0.91,4.65
11.39044,55.32523,2010,1,13,13,2010-01-13,-0.14,0.77,-1.21,93.02,0.25,0.59,5.67
11.39044,55.32523,2010,1,14,14,2010-01-14,-1.64,-0.08,-2.79,90.5,0.04,0.6,5.94
11.39044,55.32523,2010,1,15,15,2010-01-15,-1.7,-0.99,-2.41,90.61,0.55,0.46,4.53
11.39044,55.32523,2010,1,16,16,2010-01-16,-1.68,-0.83,-2.5,90.62,0.27,0.9,7.17
11.39044,55.32523,2010,1,17,17,2010-01-17,-1.63,-0.87,-2.45,88.87,1.37,0.66,6.73
11.39044,55.32523,2010,1,18,18,2010-01-18,-1.36,0.13,-2.04,88.14,0.57,0.93,2.07
11.39044,55.32523,2010,1,19,19,2010-01-19,-1.89,0.06,-3.03,96.04,0.33,0.69,2.7
11.39044,55.32523,2010,1,20,20,2010-01-20,-1.39,-0.11,-2.83,92.98,0.44,1.23,5.33
11.39044,55.32523,2010,1,21,21,2010-01-21,-2.93,-0.5,-5.21,91.5,0.13,1.91,4.6
11.39044,55.32523,2010,1,22,22,2010-01-22,-4.09,-2.84,-5.55,90.42,0.2,1.47,4.32
11.39044,55.32523,2010,1,23,23,2010-01-23,-4.16,-3.27,-5.22,85.91,0.03,2.12,5.91
11.39044,55.32523,2010,1,24,24,2010-01-24,-4.1,-3.54,-5.04,77.4,0,1.78,7.38
11.39044,55.32523,2010,1,25,25,2010-01-25,-4.79,-2.8,-6.28,84.08,0,3.37,5.06
11.39044,55.32523,2010,1,26,26,2010-01-26,-4.99,-2.89,-6.71,90.92,0,3.3,2.02
11.39044,55.32523,2010,1,27,27,2010-01-27,-2.15,1.17,-5.59,94.35,6.77,0.99,7.64
11.39044,55.32523,2010,1,28,28,2010-01-28,-1.37,0.52,-4.5,94.6,0.02,3.54,6.21
11.39044,55.32523,2010,1,29,29,2010-01-29,-2.92,-1.18,-4.74,97.58,6.12,1.8,4.34
11.39044,55.32523,2010,1,30,30,2010-01-30,-5.95,-3.73,-8.33,88.04,2.02,3.15,5.74
11.39044,55.32523,2010,1,31,31,2010-01-31,-2.3,-0.2,-7.12,97.4,1.48,1.77,3.75
11.39044,55.32523,2010,2,1,32,2010-02-01,-3.23,-0.9,-7.84,95.01,0.87,0.93,3.93
11.39044,55.32523,2010,2,2,33,2010-02-02,-2.79,0.04,-9.03,95.75,5.77,1.38,7.25
11.39044,55.32523,2010,2,3,34,2010-02-03,-2.18,-1.28,-5.02,92.35,0.84,2.73,7.47
11.39044,55.32523,2010,2,4,35,2010-02-04,-3.06,-0.32,-6.4,98.8,0.09,2.75,3.57
11.39044,55.32523,2010,2,5,36,2010-02-05,-1.14,0.44,-2.61,95.36,0.16,2.44,6.48
11.39044,55.32523,2010,2,6,37,2010-02-06,-2.59,-0.99,-4.84,93.96,0.02,2.73,5.78
11.39044,55.32523,2010,2,7,38,2010-02-07,-4.34,-2.67,-5.69,90.89,0.29,0.94,2.33
11.39044,55.32523,2010,2,8,39,2010-02-08,-5.19,-4.26,-5.97,85.04,0.32,1.81,0.99
11.39044,55.32523,2010,2,9,40,2010-02-09,-4.29,-2.53,-5.57,81.8,0.56,3.05,1.51
11.39044,55.32523,2010,2,10,41,2010-02-10,-3.75,-2.07,-5.54,94.92,0.63,2.51,5.84
11.39044,55.32523,2010,2,11,42,2010-02-11,-5.74,-2.7,-7.43,95.83,0.02,4.82,4.72
11.39044,55.32523,2010,2,12,43,2010-02-12,-4.65,-3.27,-7.35,90.58,0.02,2.47,5.71
11.39044,55.32523,2010,2,13,44,2010-02-13,-3.8,-3.14,-4.92,92.66,1.33,1.65,4.85
11.39044,55.32523,2010,2,14,45,2010-02-14,-4.19,-1.72,-5.87,97.47,0.24,3.19,2.87
11.39044,55.32523,2010,2,15,46,2010-02-15,-2.91,-0.34,-4.79,95.36,0.45,2.26,2.15
11.39044,55.32523,2010,2,16,47,2010-02-16,-3.52,-1.42,-5.4,92.92,0.1,4.17,3.73
11.39044,55.32523,2010,2,17,48,2010-02-17,-1.72,-0.18,-3.04,94.41,0.3,1.99,5.03
11.39044,55.32523,2010,2,18,49,2010-02-18,-0.93,0.11,-1.91,96.03,2.92,1.56,4.85
11.39044,55.32523,2010,2,19,50,2010-02-19,-0.19,0.62,-1.72,96.66,4.18,1.58,3.89
11.39044,55.32523,2010,2,20,51,2010-02-20,0.25,0.53,-1.39,94.39,1.91,1.77,6.83
11.39044,55.32523,2010,2,21,52,2010-02-21,-5.52,-1.8,-8.27,89.27,0.33,5.35,5.92
11.39044,55.32523,2010,2,22,53,2010-02-22,-1.98,0.14,-7.89,96,3.65,3.27,4.41
11.39044,55.32523,2010,2,23,54,2010-02-23,-2.72,-1.29,-4.75,93.3,0.46,3.96,3.96
11.39044,55.32523,2010,2,24,55,2010-02-24,-2.56,-0.38,-6.11,94.27,1.86,3.82,5.45
11.39044,55.32523,2010,2,25,56,2010-02-25,0.21,0.96,-1.02,96.06,4.38,2.2,5.98
11.39044,55.32523,2010,2,26,57,2010-02-26,0.81,1.33,-0.26,95.63,3.19,4.57,3.66
11.39044,55.32523,2010,2,27,58,2010-02-27,1,1.63,0.07,96.87,1.25,3.13,6.23
11.39044,55.32523,2010,2,28,59,2010-02-28,0.79,1.32,0.06,96.1,4.76,4.51,4.8
11.39044,55.32523,2010,3,1,60,2010-03-01,0.36,1.73,-1.13,92.46,2.33,4.52,7.15
11.39044,55.32523,2010,3,2,61,2010-03-02,-0.3,1.37,-3.16,93.86,0.56,7.07,5.3
11.39044,55.32523,2010,3,3,62,2010-03-03,-0.47,1.62,-2.2,91.89,0.23,9,5.4
11.39044,55.32523,2010,3,4,63,2010-03-04,-2.19,-0.7,-4.29,80.95,1.06,9.3,5.49
11.39044,55.32523,2010,3,5,64,2010-03-05,-3.42,-0.98,-5.86,69.25,0.62,10,3.37
11.39044,55.32523,2010,3,6,65,2010-03-06,-2.97,0.86,-5.94,81.7,0.01,11.24,5.13
11.39044,55.32523,2010,3,7,66,2010-03-07,-1.82,1.28,-5.2,92.98,0.43,5.1,3.84
11.39044,55.32523,2010,3,8,67,2010-03-08,-1.23,1.17,-2.93,89.27,0.01,8.1,1.36
11.39044,55.32523,2010,3,9,68,2010-03-09,-2.11,-0.13,-3.64,94.05,1.03,4.38,2.36
11.39044,55.32523,2010,3,10,69,2010-03-10,-0.92,0.04,-2.12,91.35,0.5,4.88,1.79
11.39044,55.32523,2010,3,11,70,2010-03-11,0.88,1.97,-0.11,97.1,0.67,4.11,3.03
11.39044,55.32523,2010,3,12,71,2010-03-12,1.53,2.87,-0.35,97,0.63,4.71,4.55
11.39044,55.32523,2010,3,13,72,2010-03-13,1.84,5.31,-0.83,91.91,0.24,11.28,6.51
11.39044,55.32523,2010,3,14,73,2010-03-14,0.87,3.3,-1.56,87.95,0.21,10.33,6.68
11.39044,55.32523,2010,3,15,74,2010-03-15,0.26,2.99,-1.57,85.03,0.11,11.63,5.18
11.39044,55.32523,2010,3,16,75,2010-03-16,0.76,3.15,-1.69,86.08,0.11,11.3,4.68
11.39044,55.32523,2010,3,17,76,2010-03-17,2.48,4.58,0.95,95.76,0.64,7.35,5.21
11.39044,55.32523,2010,3,18,77,2010-03-18,4.48,6.87,1.65,94.45,0.14,9.79,4.72
11.39044,55.32523,2010,3,19,78,2010-03-19,5.28,7.33,3.45,92.08,0.42,6.35,5.99
11.39044,55.32523,2010,3,20,79,2010-03-20,4.83,7.25,2.71,97.85,6.25,3.17,4.11
11.39044,55.32523,2010,3,21,80,2010-03-21,4.68,7.15,2.88,92.84,3.85,10.62,5.79
11.39044,55.32523,2010,3,22,81,2010-03-22,3.67,6.38,2.15,92.18,0.19,12.29,3.77
11.39044,55.32523,2010,3,23,82,2010-03-23,4.93,7.6,2.01,89.19,1,11.47,6.3
11.39044,55.32523,2010,3,24,83,2010-03-24,3.42,6.4,0.89,91.41,0.01,10.34,4.08
11.39044,55.32523,2010,3,25,84,2010-03-25,5.76,9.57,2.9,91.69,0.04,14.16,4.77
11.39044,55.32523,2010,3,26,85,2010-03-26,8.36,12.1,5.25,92.4,13.05,9.7,2.82
11.39044,55.32523,2010,3,27,86,2010-03-27,4.69,6.01,2.78,95.73,13.36,7.15,4.94
11.39044,55.32523,2010,3,28,87,2010-03-28,4.76,7.25,2.97,90.86,0.8,8.28,6.21
11.39044,55.32523,2010,3,29,88,2010-03-29,4.9,6.96,3.57,87.36,0.64,7.26,4.72
11.39044,55.32523,2010,3,30,89,2010-03-30,4.94,7.48,1.63,90.93,2.17,11.11,6
11.39044,55.32523,2010,3,31,90,2010-03-31,5.96,8.18,4.8,87,8.75,12.5,3.35
11.39044,55.32523,2010,4,1,91,2010-04-01,4.46,5.84,2.93,89.37,0.93,7.65,6.49
11.39044,55.32523,2010,4,2,92,2010-04-02,4.93,8.24,2.4,82.3,0.27,12.92,5.62
11.39044,55.32523,2010,4,3,93,2010-04-03,4.53,7.76,1.84,84.11,0.02,15.77,7.06
11.39044,55.32523,2010,4,4,94,2010-04-04,4.66,7.43,3.18,92.51,6.04,4.19,5.47
11.39044,55.32523,2010,4,5,95,2010-04-05,5.52,7.63,4.05,90.14,0.76,7.41,3.51
11.39044,55.32523,2010,4,6,96,2010-04-06,6.17,9.65,3.79,87.66,0.95,10.22,3.64
11.39044,55.32523,2010,4,7,97,2010-04-07,6.25,9.98,3.54,83.52,0,16.98,5.72
11.39044,55.32523,2010,4,8,98,2010-04-08,6.3,9.25,3.31,90.04,0.14,8.32,3.86
11.39044,55.32523,2010,4,9,99,2010-04-09,6.29,9.27,3.38,89.48,0.41,12.08,5.38
11.39044,55.32523,2010,4,10,100,2010-04-10,5.97,8.66,3.83,86.54,0.22,20.2,5.32
11.39044,55.32523,2010,4,11,101,2010-04-11,7.18,10.76,4.54,85.49,0.85,11.88,4.58
11.39044,55.32523,2010,4,12,102,2010-04-12,6.77,10.25,3.03,85.28,0.53,19.78,2.8
11.39044,55.32523,2010,4,13,103,2010-04-13,6.66,10.12,3.4,81.75,0.15,18.29,2.17
11.39044,55.32523,2010,4,14,104,2010-04-14,6.57,9.94,3.35,80.04,0.26,21.14,3.44
11.39044,55.32523,2010,4,15,105,2010-04-15,7.2,10.77,3.6,79.08,0.01,20.19,3.05
11.39044,55.32523,2010,4,16,106,2010-04-16,6.39,9.26,4.3,79.74,0.03,21.92,6.31
11.39044,55.32523,2010,4,17,107,2010-04-17,6.77,9.98,3.73,85.78,0.01,12.7,7.14
11.39044,55.32523,2010,4,18,108,2010-04-18,7.06,10.69,4.08,81.95,0.21,14.39,5.28
11.39044,55.32523,2010,4,19,109,2010-04-19,4.79,6.74,2.16,73.72,0.05,19.81,4.53
11.39044,55.32523,2010,4,20,110,2010-04-20,3.73,5.86,1.72,85.53,3.97,9.34,4.09
11.39044,55.32523,2010,4,21,111,2010-04-21,3.34,5.07,2.45,89.63,4.56,14.57,4.88
11.39044,55.32523,2010,4,22,112,2010-04-22,5.16,8.3,2.25,81.13,0.26,19.93,5.14
11.39044,55.32523,2010,4,23,113,2010-04-23,5.69,8.39,2.67,83.7,0.83,14.4,5.99
11.39044,55.32523,2010,4,24,114,2010-04-24,5.85,8.51,2.37,69.15,0.04,22.83,2.86
11.39044,55.32523,2010,4,25,115,2010-04-25,7.86,11.72,3.98,73.52,0.03,19.84,3.97
11.39044,55.32523,2010,4,26,116,2010-04-26,8.78,12.06,6.34,88.27,0.94,13.83,3.81
11.39044,55.32523,2010,4,27,117,2010-04-27,8.69,12.19,6.38,87.06,0.27,16.94,5.68
11.39044,55.32523,2010,4,28,118,2010-04-28,9.47,12.69,5.5,83.45,0.17,17.22,3.76
11.39044,55.32523,2010,4,29,119,2010-04-29,11.84,15.29,9.48,85.11,0.01,15.15,3.5
11.39044,55.32523,2010,4,30,120,2010-04-30,10.37,13.31,7.97,89.82,10.16,7.22,4.46
11.39044,55.32523,2010,5,1,121,2010-05-01,8.68,10.94,5.16,87.92,2.41,8.43,5.66
11.39044,55.32523,2010,5,2,122,2010-05-02,7.56,10.51,3.98,78.97,0.76,21.96,3.03
11.39044,55.32523,2010,5,3,123,2010-05-03,7.74,10.41,4.96,78.36,0.78,13.12,3.55
11.39044,55.32523,2010,5,4,124,2010-05-04,6.87,8.91,4.88,76.63,0.74,19.08,5.77
11.39044,55.32523,2010,5,5,125,2010-05-05,7.19,9.58,4.41,79.79,1.01,17.93,4.05
11.39044,55.32523,2010,5,6,126,2010-05-06,6.49,8.86,3.38,80.15,0.25,15.31,6.07
11.39044,55.32523,2010,5,7,127,2010-05-07,6.77,8.63,5.12,87.04,10,3.88,6.71
11.39044,55.32523,2010,5,8,128,2010-05-08,6.02,7.14,4.83,88.83,4.16,5.29,3.13
11.39044,55.32523,2010,5,9,129,2010-05-09,7.23,9.13,5.27,85.15,1.94,11.79,2.3
11.39044,55.32523,2010,5,10,130,2010-05-10,7,9.23,3.96,74.64,0.06,19.44,3.51
11.39044,55.32523,2010,5,11,131,2010-05-11,7.18,9.44,4.17,74.01,1.27,19.29,2.08
11.39044,55.32523,2010,5,12,132,2010-05-12,6.38,7.92,3.04,92.36,23.49,4.06,5.73
11.39044,55.32523,2010,5,13,133,2010-05-13,8.39,10.24,6.99,89.93,1.23,7.36,2.92
11.39044,55.32523,2010,5,14,134,2010-05-14,8.67,11.11,6.64,85.75,1,13.1,4.81
11.39044,55.32523,2010,5,15,135,2010-05-15,8.31,9.92,6.4,92.59,22.63,5.9,6.71
11.39044,55.32523,2010,5,16,136,2010-05-16,8.95,9.82,8.02,91.78,1.35,6.16,5.14
11.39044,55.32523,2010,5,17,137,2010-05-17,9.68,12.67,6.99,80.87,0.03,24.98,5.29
11.39044,55.32523,2010,5,18,138,2010-05-18,10.79,13.99,7.12,85.6,0.74,18.3,4.68
11.39044,55.32523,2010,5,19,139,2010-05-19,13.47,16.58,10.37,90.22,1.63,23.24,4.9
11.39044,55.32523,2010,5,20,140,2010-05-20,13.37,16.36,10.76,86.31,1.44,17.2,3.39
11.39044,55.32523,2010,5,21,141,2010-05-21,13.72,18.55,8.82,80.7,0.44,24.17,1.98
11.39044,55.32523,2010,5,22,142,2010-05-22,15.06,18.13,11.83,85.98,2.08,15.34,2.76
11.39044,55.32523,2010,5,23,143,2010-05-23,13.42,16.38,10.13,85.36,0.02,19.84,5.62
11.39044,55.32523,2010,5,24,144,2010-05-24,11.07,13.75,7.77,84.96,3.68,12.52,6.37
11.39044,55.32523,2010,5,25,145,2010-05-25,9.49,11.81,7.35,74.26,0.19,23.58,8.75
11.39044,55.32523,2010,5,26,146,2010-05-26,10.04,12.52,6.72,75.97,1.18,25,3.86
11.39044,55.32523,2010,5,27,147,2010-05-27,10.96,12.7,8.96,70.3,2.95,24.71,2.59
11.39044,55.32523,2010,5,28,148,2010-05-28,10.65,13.33,8,79.14,2.95,16.39,4.07
11.39044,55.32523,2010,5,29,149,2010-05-29,11.35,14.13,8.3,75.19,0.27,24.2,4.79
11.39044,55.32523,2010,5,30,150,2010-05-30,11.54,13.92,9.88,86.96,14.74,5.1,6.98
11.39044,55.32523,2010,5,31,151,2010-05-31,12.34,15.13,9.51,79.87,1.02,15.49,5.57
11.39044,55.32523,2010,6,1,152,2010-06-01,13.17,15.83,10.58,78.81,1.4,21,4.13
11.39044,55.32523,2010,6,2,153,2010-06-02,14.21,17.23,11.16,73.07,0.69,26.38,4.14
11.39044,55.32523,2010,6,3,154,2010-06-03,13.51,16.45,10.58,78.69,0.6,28.59,5.34
11.39044,55.32523,2010,6,4,155,2010-06-04,14.86,18.97,9.46,74.74,0.47,29.8,2.21
11.39044,55.32523,2010,6,5,156,2010-06-05,14.63,17.2,11.26,80.19,0.01,28.04,2.62
11.39044,55.32523,2010,6,6,157,2010-06-06,15.61,19.39,11.76,75.45,0.01,23.22,1.48
11.39044,55.32523,2010,6,7,158,2010-06-07,13.46,14.83,12.23,89.51,23.07,6.59,3.63
11.39044,55.32523,2010,6,8,159,2010-06-08,13.59,16.42,10.88,86.32,0.09,18.86,3
11.39044,55.32523,2010,6,9,160,2010-06-09,15.3,19.4,11.91,89.91,12.58,9.69,2.75
11.39044,55.32523,2010,6,10,161,2010-06-10,14.46,16.95,12.64,92.44,13.27,4.11,4.14
11.39044,55.32523,2010,6,11,162,2010-06-11,14.09,17.13,12.07,94.1,14.76,7.24,3.88
11.39044,55.32523,2010,6,12,163,2010-06-12,12.48,14.54,10.37,80.24,1.12,16.83,9.54
11.39044,55.32523,2010,6,13,164,2010-06-13,12.41,14.58,10.35,77.82,0.06,18.71,6.89
11.39044,55.32523,2010,6,14,165,2010-06-14,12.49,15.3,9.45,78.9,0.27,19.49,4.46
11.39044,55.32523,2010,6,15,166,2010-06-15,12.26,15.39,8.63,79.61,0.83,25.77,4.16
11.39044,55.32523,2010,6,16,167,2010-06-16,13.67,16.62,9.38,72.99,1,30,2.6
11.39044,55.32523,2010,6,17,168,2010-06-17,13.59,16.52,9.54,84.01,0,21.19,2.19
11.39044,55.32523,2010,6,18,169,2010-06-18,13.06,15.47,10.36,79.51,0.36,24.1,6.86
11.39044,55.32523,2010,6,19,170,2010-06-19,11.3,12.49,9.58,84.28,4.02,14.04,3.6
11.39044,55.32523,2010,6,20,171,2010-06-20,13.43,15.49,11.29,75.77,1.83,22.96,1.47
11.39044,55.32523,2010,6,21,172,2010-06-21,14.18,16.8,10.73,77.22,1.5,26.07,2.83
11.39044,55.32523,2010,6,22,173,2010-06-22,14.37,16.94,11.08,80.93,0.12,22.91,3.56
11.39044,55.32523,2010,6,23,174,2010-06-23,15.41,18.1,11.39,83.25,0.05,26.48,2.88
11.39044,55.32523,2010,6,24,175,2010-06-24,16.97,19.97,13.33,81.73,0.01,27.22,2.44
11.39044,55.32523,2010,6,25,176,2010-06-25,16.39,18.63,13.63,81.51,0.15,22.36,3.61
11.39044,55.32523,2010,6,26,177,2010-06-26,14.76,17.42,11.8,79.56,0.03,19.72,4.39
11.39044,55.32523,2010,6,27,178,2010-06-27,16.22,19.62,12,77.12,0.4,29.58,1.1
11.39044,55.32523,2010,6,28,179,2010-06-28,18.17,21.65,13.62,76.16,0,28.77,2.02
11.39044,55.32523,2010,6,29,180,2010-06-29,19.25,23.09,14.81,79.6,0.22,24.67,3.02
11.39044,55.32523,2010,6,30,181,2010-06-30,16.77,18.82,14.15,80.33,0.17,17.79,4.88
11.39044,55.32523,2010,7,1,182,2010-07-01,16.71,20.38,12.44,72.72,0,29.08,2.72
11.39044,55.32523,2010,7,2,183,2010-07-02,19.97,23.64,16.09,79.16,0.03,22.76,4.19
11.39044,55.32523,2010,7,3,184,2010-07-03,21.47,25.29,17.82,79.67,0.02,25.11,4.25
11.39044,55.32523,2010,7,4,185,2010-07-04,19.59,22.04,16.62,83.93,0.96,17.46,2.19
11.39044,55.32523,2010,7,5,186,2010-07-05,18.61,21,15.65,77.43,0.5,16.65,3.07
11.39044,55.32523,2010,7,6,187,2010-07-06,16.22,18.55,13.54,74.63,0.32,22.92,5.22
11.39044,55.32523,2010,7,7,188,2010-07-07,16.83,20,12.64,74.19,0.03,26.42,3.79
11.39044,55.32523,2010,7,8,189,2010-07-08,20.23,22.89,16.52,74.57,0.1,15.73,3.45
11.39044,55.32523,2010,7,9,190,2010-07-09,20.44,22.79,18.35,80.31,0.01,22.93,2.25
11.39044,55.32523,2010,7,10,191,2010-07-10,22.16,25.69,19.32,84.07,0.14,24.34,2.96
11.39044,55.32523,2010,7,11,192,2010-07-11,22.69,25.47,19.82,84.05,0.6,14.18,2.71
11.39044,55.32523,2010,7,12,193,2010-07-12,22.45,25.41,19.44,87.42,0.9,21.46,3.21
11.39044,55.32523,2010,7,13,194,2010-07-13,20.25,22.06,17.87,85.27,5.83,13.99,3.58
11.39044,55.32523,2010,7,14,195,2010-07-14,21.26,25.09,17.32,77.7,0,24.14,4.6
11.39044,55.32523,2010,7,15,196,2010-07-15,20.94,22.98,19.03,76.82,5.13,19.2,5.04
11.39044,55.32523,2010,7,16,197,2010-07-16,21.47,24.51,17.12,73.66,0.01,25.36,3.16
11.39044,55.32523,2010,7,17,198,2010-07-17,19.88,21.79,16.74,82.51,1.08,17.95,3.56
11.39044,55.32523,2010,7,18,199,2010-07-18,17.83,20.4,15.7,71.84,0.03,23.41,4.87
11.39044,55.32523,2010,7,19,200,2010-07-19,19.47,22.37,15.61,71.11,0.01,19.53,3.15
11.39044,55.32523,2010,7,20,201,2010-07-20,21.07,24.48,17.46,75.12,0,24.51,3.93
11.39044,55.32523,2010,7,21,202,2010-07-21,21.67,24.5,18.09,82.36,0.11,21.17,3.29
11.39044,55.32523,2010,7,22,203,2010-07-22,20.97,23.22,18.41,81.08,2.76,15.85,3.63
11.39044,55.32523,2010,7,23,204,2010-07-23,19.31,21.71,16.72,76.3,0.03,21.91,2.77
11.39044,55.32523,2010,7,24,205,2010-07-24,18.71,20.51,17.25,75.9,0.44,16.95,5.18
11.39044,55.32523,2010,7,25,206,2010-07-25,17.85,19.72,15.99,73.67,0.05,20.08,6.52
11.39044,55.32523,2010,7,26,207,2010-07-26,17.9,20.41,14.31,72.66,0.04,21.58,2.6
11.39044,55.32523,2010,7,27,208,2010-07-27,19.44,21.48,17.35,75.08,1.27,22.21,1.58
11.39044,55.32523,2010,7,28,209,2010-07-28,18.61,20.86,16,79,6.36,16.04,2.59
11.39044,55.32523,2010,7,29,210,2010-07-29,18.07,19.97,16.17,83.88,6.85,11.1,5.13
11.39044,55.32523,2010,7,30,211,2010-07-30,16.43,17.46,15.52,83.79,6.09,5.92,8.2
11.39044,55.32523,2010,7,31,212,2010-07-31,18.97,22.57,15.12,77.4,0.71,17.27,5.26
11.39044,55.32523,2010,8,1,213,2010-08-01,19.52,21.44,17.78,84.49,3.73,15.46,2.78
11.39044,55.32523,2010,8,2,214,2010-08-02,18.48,20.69,16.11,80.76,0.82,13.2,2.34
11.39044,55.32523,2010,8,3,215,2010-08-03,17.21,19.11,15.15,77.82,0.28,20.29,3.71
11.39044,55.32523,2010,8,4,216,2010-08-04,17.34,19.77,13.87,78.01,2.06,17.44,4.31
11.39044,55.32523,2010,8,5,217,2010-08-05,18.35,20.7,16.08,85,4.3,12.66,3.21
11.39044,55.32523,2010,8,6,218,2010-08-06,18.03,20.62,16.11,78.58,0.49,16.97,3.05
11.39044,55.32523,2010,8,7,219,2010-08-07,19.07,21.86,15.71,80.66,0.03,20.64,2.5
11.39044,55.32523,2010,8,8,220,2010-08-08,18.34,19.64,17.11,88.95,6.48,4.91,3.39
11.39044,55.32523,2010,8,9,221,2010-08-09,17.51,19.4,15.96,78.82,0.94,14.92,4.71
11.39044,55.32523,2010,8,10,222,2010-08-10,18.41,20.92,14.82,75.26,0.02,20.19,3.82
11.39044,55.32523,2010,8,11,223,2010-08-11,18.92,21.04,16.31,85.31,6.27,7.07,4.86
11.39044,55.32523,2010,8,12,224,2010-08-12,17.88,20.19,14.73,79.62,13.77,7.61,2.47
11.39044,55.32523,2010,8,13,225,2010-08-13,18.77,20.65,17.14,80.41,7.14,16.06,2.69
11.39044,55.32523,2010,8,14,226,2010-08-14,17.68,18.45,16.78,86.78,7.28,8.29,5.46
11.39044,55.32523,2010,8,15,227,2010-08-15,19.29,21.9,16.8,89.82,5.62,11.5,4.77
11.39044,55.32523,2010,8,16,228,2010-08-16,19.67,22.76,16.62,87.23,1.78,6.74,5.16
11.39044,55.32523,2010,8,17,229,2010-08-17,16.86,17.5,15.89,90.64,29.95,3.42,4.99
11.39044,55.32523,2010,8,18,230,2010-08-18,16.87,18.28,15.47,87.21,6.46,7.48,5.24
11.39044,55.32523,2010,8,19,231,2010-08-19,16.96,19.59,14.86,77.08,0.1,18.98,6.08
11.39044,55.32523,2010,8,20,232,2010-08-20,17.29,20.17,13.88,85.23,1.65,12.37,4.22
11.39044,55.32523,2010,8,21,233,2010-08-21,19.34,21.51,17.13,88.12,1.1,10.53,5.64
11.39044,55.32523,2010,8,22,234,2010-08-22,18.54,19.93,15.31,88.55,3.71,11.3,5.15
11.39044,55.32523,2010,8,23,235,2010-08-23,16.89,19.52,13.81,86.24,12.64,9.55,5.68
11.39044,55.32523,2010,8,24,236,2010-08-24,16.55,17.99,14.49,77.59,2.11,15.25,10.08
11.39044,55.32523,2010,8,25,237,2010-08-25,15.17,17.06,13.75,75.06,0.89,17.38,9.89
11.39044,55.32523,2010,8,26,238,2010-08-26,14.84,16.93,12.83,70.78,0,18.41,3.96
11.39044,55.32523,2010,8,27,239,2010-08-27,14.81,16.93,12.96,73.87,0.06,15.73,2.04
11.39044,55.32523,2010,8,28,240,2010-08-28,14.5,16.91,12.17,76.91,0.65,17.65,4.59
11.39044,55.32523,2010,8,29,241,2010-08-29,13.28,14.81,11.57,79.49,3,14.12,2.96
11.39044,55.32523,2010,8,30,242,2010-08-30,14.17,16.74,12.21,81.64,1.42,17.68,5.94
11.39044,55.32523,2010,8,31,243,2010-08-31,14.43,17.01,11.64,80.88,0.4,16.89,4.05
11.39044,55.32523,2010,9,1,244,2010-09-01,15.07,17.78,12.25,84.25,0.18,15.53,4.07
11.39044,55.32523,2010,9,2,245,2010-09-02,14.4,16.44,12.33,79.62,0.31,17.22,4.17
11.39044,55.32523,2010,9,3,246,2010-09-03,13.97,16.2,11.7,68.82,2,14.52,2.79
11.39044,55.32523,2010,9,4,247,2010-09-04,13.23,15.87,11.28,70.23,1.3,17.1,3.65
11.39044,55.32523,2010,9,5,248,2010-09-05,13.86,16.73,11.57,64.5,0.03,17.81,2.19
11.39044,55.32523,2010,9,6,249,2010-09-06,13.92,17.21,11.44,71.04,0,16.11,2.85
11.39044,55.32523,2010,9,7,250,2010-09-07,13.83,17.06,11.18,84.71,0.13,12.22,7.41
11.39044,55.32523,2010,9,8,251,2010-09-08,15.25,17.15,13.23,81.37,0.03,12.98,8.55
11.39044,55.32523,2010,9,9,252,2010-09-09,15.03,16.34,13.5,82,5.93,7.6,7.12
11.39044,55.32523,2010,9,10,253,2010-09-10,14.25,15.95,13.03,90.31,4.81,5.73,3.69
11.39044,55.32523,2010,9,11,254,2010-09-11,15.38,18.09,12.76,91.52,0.62,5.07,4.52
11.39044,55.32523,2010,9,12,255,2010-09-12,15.8,17.92,14.35,93.26,3.46,7,3.25
11.39044,55.32523,2010,9,13,256,2010-09-13,14.67,17.04,13.12,85.93,0.59,14.88,3.89
11.39044,55.32523,2010,9,14,257,2010-09-14,15.76,18.56,13.2,88.17,10.89,9.67,7.07
11.39044,55.32523,2010,9,15,258,2010-09-15,13.04,14.28,12,80.59,4.45,10,8.64
11.39044,55.32523,2010,9,16,259,2010-09-16,12.76,14.98,11.43,81.35,2.07,12.5,8.55
11.39044,55.32523,2010,9,17,260,2010-09-17,12.03,13.69,11.01,85.36,3.33,10.11,9
11.39044,55.32523,2010,9,18,261,2010-09-18,11.6,14.04,10.15,77.52,0.66,12.19,9.08
11.39044,55.32523,2010,9,19,262,2010-09-19,12.03,14.19,9.93,85.21,2.53,8.64,6.06
11.39044,55.32523,2010,9,20,263,2010-09-20,13.51,15.15,11.88,94.5,9.21,4.13,6.13
11.39044,55.32523,2010,9,21,264,2010-09-21,12.79,15.4,9.81,81.04,0.38,13.61,6.18
11.39044,55.32523,2010,9,22,265,2010-09-22,11.7,14.13,9.48,85.78,0.01,12.72,3.07
11.39044,55.32523,2010,9,23,266,2010-09-23,14.79,18.21,11.51,91.61,0.06,11.93,3.7
11.39044,55.32523,2010,9,24,267,2010-09-24,14.66,17.27,12.07,92.84,2.36,8.77,3.04
11.39044,55.32523,2010,9,25,268,2010-09-25,12.91,14.69,11.32,81.1,1.73,11.56,2.47
11.39044,55.32523,2010,9,26,269,2010-09-26,13.65,15.51,12.12,92.06,2.64,3.45,5.4
11.39044,55.32523,2010,9,27,270,2010-09-27,12.6,14.51,11.02,86.49,0.37,4,7.02
11.39044,55.32523,2010,9,28,271,2010-09-28,10.5,11.59,9.16,76.4,0.01,8.41,5.93
11.39044,55.32523,2010,9,29,272,2010-09-29,9.76,12.37,7.11,78.37,0.01,11.81,3.41
11.39044,55.32523,2010,9,30,273,2010-09-30,9.83,12.92,7.48,82.04,0.06,9.12,4.81
11.39044,55.32523,2010,10,1,274,2010-10-01,10.46,12.24,9.35,75.57,0.01,10.49,5.96
11.39044,55.32523,2010,10,2,275,2010-10-02,10.72,12.53,8.54,81.37,0.01,8.36,7.95
11.39044,55.32523,2010,10,3,276,2010-10-03,11.82,12.78,10.52,87.25,1.42,5.62,8.68
11.39044,55.32523,2010,10,4,277,2010-10-04,12.67,14.2,10.96,83.55,0.03,7.84,8.17
11.39044,55.32523,2010,10,5,278,2010-10-05,12.15,12.75,10.74,89.38,0.13,4.85,7.55
11.39044,55.32523,2010,10,6,279,2010-10-06,13.58,15.42,12.2,91.2,4.86,5.63,6.92
11.39044,55.32523,2010,10,7,280,2010-10-07,13.4,14.86,11.57,93.82,5.5,4.91,2.77
11.39044,55.32523,2010,10,8,281,2010-10-08,11.38,12.93,8.98,91.45,0.94,5.52,4.61
11.39044,55.32523,2010,10,9,282,2010-10-09,10.32,13.54,8.52,87.05,0.02,10.34,5.44
11.39044,55.32523,2010,10,10,283,2010-10-10,9.36,12.65,7.18,87.61,0.01,9.48,2.34
11.39044,55.32523,2010,10,11,284,2010-10-11,8.66,10.97,6.83,87.51,0.09,7.82,2.19
11.39044,55.32523,2010,10,12,285,2010-10-12,9.16,11.17,6.99,83.98,0.03,7.43,1.87
11.39044,55.32523,2010,10,13,286,2010-10-13,10.1,12.12,9.07,82.88,0.1,7.7,2.07
11.39044,55.32523,2010,10,14,287,2010-10-14,10.48,13.04,8.15,87.44,0.14,7.2,5.41
11.39044,55.32523,2010,10,15,288,2010-10-15,8.01,10.04,6.17,79.6,4.96,4.95,3.59
11.39044,55.32523,2010,10,16,289,2010-10-16,5.79,7.99,4.34,75.22,0.22,9.3,5.27
11.39044,55.32523,2010,10,17,290,2010-10-17,6.27,8.19,4.8,67.72,0.01,7.24,1.76
11.39044,55.32523,2010,10,18,291,2010-10-18,7.2,9.42,4.81,83.58,2.96,3.29,6.89
11.39044,55.32523,2010,10,19,292,2010-10-19,8.85,10.16,7.41,90.41,6.75,6.91,5.63
11.39044,55.32523,2010,10,20,293,2010-10-20,6.44,8.81,3.12,87.9,5.28,4.37,5.98
11.39044,55.32523,2010,10,21,294,2010-10-21,5.68,8.37,4.06,80,4.35,6.7,6.32
11.39044,55.32523,2010,10,22,295,2010-10-22,7.79,9.83,5.94,82.59,5.85,7.46,6.55
11.39044,55.32523,2010,10,23,296,2010-10-23,9.01,10.05,7.04,87.46,4.19,3.32,7.76
11.39044,55.32523,2010,10,24,297,2010-10-24,7.41,9.09,5.79,90.28,12.54,2.31,6.56
11.39044,55.32523,2010,10,25,298,2010-10-25,6.24,8.66,4.63,82.71,4.16,5.9,5.96
11.39044,55.32523,2010,10,26,299,2010-10-26,6.09,8.18,3.83,84.92,0.11,6.29,3.87
11.39044,55.32523,2010,10,27,300,2010-10-27,7.65,9.01,6.58,94.16,5.36,1.24,7.21
11.39044,55.32523,2010,10,28,301,2010-10-28,9.17,10.79,8,94.89,1.6,2.45,6.37
11.39044,55.32523,2010,10,29,302,2010-10-29,9.43,10.92,7.96,94.91,0.18,3.16,5.27
11.39044,55.32523,2010,10,30,303,2010-10-30,9.93,11.8,8.77,93.47,4.29,3.82,4.47
11.39044,55.32523,2010,10,31,304,2010-10-31,8.89,11.33,7.04,95.02,1.49,2.88,1.71
11.39044,55.32523,2010,11,1,305,2010-11-01,8.46,10.22,7.14,95.06,0.41,2.82,2.02
11.39044,55.32523,2010,11,2,306,2010-11-02,8.51,10.07,7.64,93.3,2.78,0.95,5.96
11.39044,55.32523,2010,11,3,307,2010-11-03,10.16,11.35,8.55,85.61,5.28,4.25,8.97
11.39044,55.32523,2010,11,4,308,2010-11-04,8.76,9.85,8.21,92.87,6.5,2.61,4.61
11.39044,55.32523,2010,11,5,309,2010-11-05,9.59,10.91,7.82,90.51,3.86,3.35,6.86
11.39044,55.32523,2010,11,6,310,2010-11-06,7.07,8.62,3.94,87.76,5.68,4.18,5.32
11.39044,55.32523,2010,11,7,311,2010-11-07,4.35,6.54,2.53,72.36,0.02,5.53,2.27
11.39044,55.32523,2010,11,8,312,2010-11-08,3.37,5.59,1.68,85.42,0.1,3.4,5.89
11.39044,55.32523,2010,11,9,313,2010-11-09,3.83,5.22,2.58,87.21,0.83,1.95,4.49
11.39044,55.32523,2010,11,10,314,2010-11-10,4.26,5.84,1.79,83.66,0.27,1.9,2.06
11.39044,55.32523,2010,11,11,315,2010-11-11,3.93,6.74,1.55,92.16,9.61,2.81,7.13
11.39044,55.32523,2010,11,12,316,2010-11-12,7.99,9.25,5.22,90.17,5.99,2.71,9.95
11.39044,55.32523,2010,11,13,317,2010-11-13,7.91,9.29,6.59,85.79,0.22,3.97,8.33
11.39044,55.32523,2010,11,14,318,2010-11-14,7.49,9.83,6.33,97.94,5.28,0.65,3.73
11.39044,55.32523,2010,11,15,319,2010-11-15,7.34,10.08,4.39,91.91,0.65,3.64,6.04
11.39044,55.32523,2010,11,16,320,2010-11-16,4.29,6.17,3.47,96.32,0,3.57,2.75
11.39044,55.32523,2010,11,17,321,2010-11-17,4.14,5.26,3.09,94.69,0.72,1.96,6.4
11.39044,55.32523,2010,11,18,322,2010-11-18,3.63,4.33,2.72,91.84,2.45,1.44,7.48
11.39044,55.32523,2010,11,19,323,2010-11-19,2.46,3.22,2.01,94.68,10.07,1.05,6.04
11.39044,55.32523,2010,11,20,324,2010-11-20,3.17,4.4,1.91,90.08,0.64,1.4,1.44
11.39044,55.32523,2010,11,21,325,2010-11-21,4.22,4.98,3.64,96.37,0.34,1.14,3.24
11.39044,55.32523,2010,11,22,326,2010-11-22,3.93,4.95,3.05,94.94,1.64,1.38,5.53
11.39044,55.32523,2010,11,23,327,2010-11-23,2.78,3.59,1.28,91.04,9.5,0.7,9.03
11.39044,55.32523,2010,11,24,328,2010-11-24,1.07,1.56,0.66,82.44,1.71,1.14,6.73
11.39044,55.32523,2010,11,25,329,2010-11-25,0.11,0.77,-0.55,84.22,1.75,1.68,3.99
11.39044,55.32523,2010,11,26,330,2010-11-26,-0.6,-0.22,-0.96,84.54,1.57,1.39,4.27
11.39044,55.32523,2010,11,27,331,2010-11-27,-0.64,-0.25,-1.18,90.33,1.83,1.03,3.04
11.39044,55.32523,2010,11,28,332,2010-11-28,-0.96,0.74,-2,88.65,0.49,1.32,3.29
11.39044,55.32523,2010,11,29,333,2010-11-29,-1.63,1.16,-3.59,87.3,1.05,1.58,9.15
11.39044,55.32523,2010,11,30,334,2010-11-30,-4.37,-3.68,-5.07,90.39,0.19,2.21,6.94
11.39044,55.32523,2010,12,1,335,2010-12-01,-2.71,-1.52,-4.87,90.22,0.53,1.88,8.01
11.39044,55.32523,2010,12,2,336,2010-12-02,-2.2,-1.56,-2.92,89.89,1.61,1.12,7.94
11.39044,55.32523,2010,12,3,337,2010-12-03,-2.62,-1.77,-3.26,87.66,1.37,1.39,3.81
11.39044,55.32523,2010,12,4,338,2010-12-04,-0.78,0.28,-1.67,90.61,1.44,1.25,6.57
11.39044,55.32523,2010,12,5,339,2010-12-05,0.03,0.73,-0.52,92.33,2.92,0.44,4.63
11.39044,55.32523,2010,12,6,340,2010-12-06,0.4,1.36,-0.8,96.72,0.12,2.15,4.65
11.39044,55.32523,2010,12,7,341,2010-12-07,-0.2,1.14,-1.46,96.69,0.56,1.16,3.91
11.39044,55.32523,2010,12,8,342,2010-12-08,-1.78,-0.99,-2.61,91.29,0.13,0.91,1.31
11.39044,55.32523,2010,12,9,343,2010-12-09,-1.21,0.34,-2.64,93.55,1.14,1.59,6
11.39044,55.32523,2010,12,10,344,2010-12-10,-0.76,1.51,-2.47,90.5,2.95,0.97,5.36
11.39044,55.32523,2010,12,11,345,2010-12-11,3.19,4.66,1.67,94.57,5.11,1.92,8.8
11.39044,55.32523,2010,12,12,346,2010-12-12,-1.77,1.4,-3.87,80.39,0.45,2.3,7.12
11.39044,55.32523,2010,12,13,347,2010-12-13,-2.24,-1.11,-3.53,87.97,0.45,1.95,5.18
11.39044,55.32523,2010,12,14,348,2010-12-14,-2.78,-1.57,-3.78,87.84,0,1.77,6.11
11.39044,55.32523,2010,12,15,349,2010-12-15,-3.05,-1.77,-4.24,85.61,0,2.01,5.08
11.39044,55.32523,2010,12,16,350,2010-12-16,-1.48,0.52,-4.05,93.67,5.58,0.5,6.18
11.39044,55.32523,2010,12,17,351,2010-12-17,-3.02,-2.13,-3.76,90.81,0.32,1.41,1.6
11.39044,55.32523,2010,12,18,352,2010-12-18,-2.25,-1.45,-3.26,89.23,1.52,0.79,2.74
11.39044,55.32523,2010,12,19,353,2010-12-19,-2.98,-2.12,-4.09,84.62,0.52,1.15,1.43
11.39044,55.32523,2010,12,20,354,2010-12-20,-4.14,-1.75,-5.64,86.18,4.23,1.19,3.09
11.39044,55.32523,2010,12,21,355,2010-12-21,-5.09,-1.6,-7.77,89.38,0.31,1.54,2.71
11.39044,55.32523,2010,12,22,356,2010-12-22,-6.03,-3.31,-9.1,97.04,1.49,1.37,4.93
11.39044,55.32523,2010,12,23,357,2010-12-23,-3,-2.74,-3.3,94.39,4.73,0.71,8.92
11.39044,55.32523,2010,12,24,358,2010-12-24,-4.99,-2.9,-6.96,91.33,0.06,1.13,8.69
11.39044,55.32523,2010,12,25,359,2010-12-25,-6.41,-5.59,-7.3,89.76,0.06,1.26,6.84
11.39044,55.32523,2010,12,26,360,2010-12-26,-5.87,-4.72,-7.06,91.21,0.2,1.36,4.32
11.39044,55.32523,2010,12,27,361,2010-12-27,-5.24,-4.14,-7.49,95.72,1.4,0.92,3.3
11.39044,55.32523,2010,12,28,362,2010-12-28,-6.36,-4.43,-7.82,96.81,0.02,0.92,3.26
11.39044,55.32523,2010,12,29,363,2010-12-29,-6.94,-5.51,-8.26,95.72,0.12,1.28,1.44
11.39044,55.32523,2010,12,30,364,2010-12-30,-5.24,0.92,-8.31,96.11,2.23,0.55,4.01
11.39044,55.32523,2010,12,31,365,2010-12-31,-1.04,1.54,-3.59,97.24,0.46,1.45,5.62
11.39044,55.32523,2011,1,1,1,2011-01-01,0.45,2.15,-2.28,93.55,0.41,2.59,8.14
11.39044,55.32523,2011,1,2,2,2011-01-02,-2.94,-1.24,-4.87,98.72,0.02,2.34,4.01
11.39044,55.32523,2011,1,3,3,2011-01-03,-4.49,-2.99,-6.26,99.53,0.08,2.09,3.44
11.39044,55.32523,2011,1,4,4,2011-01-04,-1.06,-0.06,-2.77,96.49,2.61,0.79,6.06
11.39044,55.32523,2011,1,5,5,2011-01-05,-1.64,-0.52,-3.51,90.5,0.91,0.78,6.94
11.39044,55.32523,2011,1,6,6,2011-01-06,-0.78,0.84,-3.62,95.31,3.98,0.78,6.02
11.39044,55.32523,2011,1,7,7,2011-01-07,-0.42,0.68,-1.44,96.67,0.83,2.06,3.67
11.39044,55.32523,2011,1,8,8,2011-01-08,1.69,3.94,0.13,96.67,1.68,1.27,6.84
11.39044,55.32523,2011,1,9,9,2011-01-09,1,2.53,-0.16,94.96,0.11,1.89,6.16
11.39044,55.32523,2011,1,10,10,2011-01-10,-0.16,0.48,-0.75,97.44,0.41,1.46,5.66
11.39044,55.32523,2011,1,11,11,2011-01-11,-0.7,0.05,-2.02,95.8,2.72,1.28,5.87
11.39044,55.32523,2011,1,12,12,2011-01-12,-0.02,0.89,-0.89,97.34,0.7,1.72,5.26
11.39044,55.32523,2011,1,13,13,2011-01-13,-0.29,0.35,-0.96,96.58,4.23,0.8,2.49
11.39044,55.32523,2011,1,14,14,2011-01-14,0.86,1.2,0.14,98.09,8.72,0.75,2.32
11.39044,55.32523,2011,1,15,15,2011-01-15,1.88,2.97,1.39,98.81,6.39,1.03,4.74
11.39044,55.32523,2011,1,16,16,2011-01-16,3.79,4.46,3.14,98.74,1.51,0.8,6.62
11.39044,55.32523,2011,1,17,17,2011-01-17,3.39,4.72,2.43,98.84,7.03,1.51,3.72
11.39044,55.32523,2011,1,18,18,2011-01-18,1.88,2.76,0.42,96.71,1.31,1.58,3.76
11.39044,55.32523,2011,1,19,19,2011-01-19,0.52,1.59,-0.72,96.55,0.49,2.19,3.65
11.39044,55.32523,2011,1,20,20,2011-01-20,-1.01,0.81,-2.02,95.37,0.08,3.55,3.99
11.39044,55.32523,2011,1,21,21,2011-01-21,-1.09,0.65,-2.12,96.4,1.37,3.25,3.04
11.39044,55.32523,2011,1,22,22,2011-01-22,0.37,1.15,-0.57,96.68,0.44,1.5,3.4
11.39044,55.32523,2011,1,23,23,2011-01-23,0.35,1.45,-0.49,97.33,0.23,2.79,2.97
11.39044,55.32523,2011,1,24,24,2011-01-24,0.77,2.39,-1.53,97.81,0.91,1.48,4.35
11.39044,55.32523,2011,1,25,25,2011-01-25,1.16,2.46,-0.46,96.65,2.93,1.53,4.89
11.39044,55.32523,2011,1,26,26,2011-01-26,-2.01,-0.64,-3.71,83.94,0.23,2.09,4.64
11.39044,55.32523,2011,1,27,27,2011-01-27,-3.18,-1.8,-4.3,79.44,0.01,4.36,1.98
11.39044,55.32523,2011,1,28,28,2011-01-28,-3.33,-0.94,-4.85,87.48,0,3.77,3.4
11.39044,55.32523,2011,1,29,29,2011-01-29,-1.9,0.19,-4.36,96.84,0.1,3.06,5.17
11.39044,55.32523,2011,1,30,30,2011-01-30,-1.73,0.08,-3.3,97.84,0.03,4.32,2.19
11.39044,55.32523,2011,1,31,31,2011-01-31,-2.05,-0.09,-4.17,96.54,0.33,2.3,4.45
11.39044,55.32523,2011,2,1,32,2011-02-01,0.08,1.28,-0.35,95.43,0.95,1.75,6.98
11.39044,55.32523,2011,2,2,33,2011-02-02,1.32,1.61,1.01,97.37,2.19,1.08,6.8
11.39044,55.32523,2011,2,3,34,2011-02-03,2.28,3.86,0.15,93.64,1.04,3.47,7.99
11.39044,55.32523,2011,2,4,35,2011-02-04,3.34,6.35,0.61,92.8,11.63,2.82,9.53
11.39044,55.32523,2011,2,5,36,2011-02-05,4.77,6.14,1.71,92.78,1.64,3.03,9.55
11.39044,55.32523,2011,2,6,37,2011-02-06,2.28,4.84,1.22,96.75,8.22,2.37,4.17
11.39044,55.32523,2011,2,7,38,2011-02-07,4.1,5.5,2.36,93.72,1.38,1.45,7.32
11.39044,55.32523,2011,2,8,39,2011-02-08,3.5,4.57,1.74,88.08,0.09,4.76,11.11
11.39044,55.32523,2011,2,9,40,2011-02-09,1.93,2.38,1.27,96.14,0.33,4.42,4.17
11.39044,55.32523,2011,2,10,41,2011-02-10,2.11,3.72,1.19,94.67,3.22,1.71,6.43
11.39044,55.32523,2011,2,11,42,2011-02-11,1.65,3.53,-1.75,89.93,0.37,2.52,7.43
11.39044,55.32523,2011,2,12,43,2011-02-12,-1.93,0.06,-4.1,73.54,0,7.19,3.85
11.39044,55.32523,2011,2,13,44,2011-02-13,-0.45,0.01,-0.77,79.49,0.46,3.11,8.35
11.39044,55.32523,2011,2,14,45,2011-02-14,-1.3,-0.46,-2.53,76.28,0.01,2.8,10.57
11.39044,55.32523,2011,2,15,46,2011-02-15,-2.04,-1.27,-2.73,76.92,3.25,3.32,10.61
11.39044,55.32523,2011,2,16,47,2011-02-16,-1.41,-0.43,-2.04,86.1,2.6,1.92,8.05
11.39044,55.32523,2011,2,17,48,2011-02-17,-1.06,0.21,-1.92,86.47,0.06,3.4,6.1
11.39044,55.32523,2011,2,18,49,2011-02-18,-1.95,-0.61,-4.47,84.42,0.21,2.03,5.99
11.39044,55.32523,2011,2,19,50,2011-02-19,-4.66,-2.15,-6.53,87.97,0,6.92,5.05
11.39044,55.32523,2011,2,20,51,2011-02-20,-5.22,-3.11,-6.51,87.44,0,6.53,4.46
11.39044,55.32523,2011,2,21,52,2011-02-21,-3.89,-1.75,-6.35,82.58,0.09,2.95,4.75
11.39044,55.32523,2011,2,22,53,2011-02-22,-3.86,-2.76,-4.77,80.81,0.17,4.03,5.09
11.39044,55.32523,2011,2,23,54,2011-02-23,-4.57,-4.16,-5.26,77.95,0.09,5.01,6.08
11.39044,55.32523,2011,2,24,55,2011-02-24,-3.58,-1.87,-4.7,80.45,0,5.24,7.02
11.39044,55.32523,2011,2,25,56,2011-02-25,-1.96,-0.32,-3.6,79.55,0,5.64,7.05
11.39044,55.32523,2011,2,26,57,2011-02-26,-0.94,1.33,-2.77,83.94,0,5.11,7.27
11.39044,55.32523,2011,2,27,58,2011-02-27,-1.53,0.01,-2.77,91.56,0.17,2.62,6.41
11.39044,55.32523,2011,2,28,59,2011-02-28,-0.87,0.44,-1.86,93.58,0.33,2.66,3.5
11.39044,55.32523,2011,3,1,60,2011-03-01,-1.13,0.28,-2.05,93.27,0.15,3.73,2.33
11.39044,55.32523,2011,3,2,61,2011-03-02,-1.68,-0.41,-2.89,90.23,0.26,2.88,2.26
11.39044,55.32523,2011,3,3,62,2011-03-03,-1.65,-1.11,-2.48,90.14,0.29,3.22,1.72
11.39044,55.32523,2011,3,4,63,2011-03-04,0.38,2.18,-1.03,96.25,0.41,5.01,5.41
11.39044,55.32523,2011,3,5,64,2011-03-05,1.16,3.71,-0.73,89.55,0.15,11.69,6.58
11.39044,55.32523,2011,3,6,65,2011-03-06,-0.38,1.74,-1.66,80.45,0,11.21,4
11.39044,55.32523,2011,3,7,66,2011-03-07,-0.47,2.03,-3.13,82.47,0,9.91,3.21
11.39044,55.32523,2011,3,8,67,2011-03-08,0.22,3.03,-2.59,79.28,0,11.88,4.93
11.39044,55.32523,2011,3,9,68,2011-03-09,1.15,3.04,-0.22,90.99,1.67,3.81,7.46
11.39044,55.32523,2011,3,10,69,2011-03-10,1.94,3.44,0.1,94.78,6.42,2.85,9.28
11.39044,55.32523,2011,3,11,70,2011-03-11,2.25,4.59,-0.06,86.79,0.46,9.75,8.36
11.39044,55.32523,2011,3,12,71,2011-03-12,2.9,6.22,0.49,91.23,0.67,9.03,4.83
11.39044,55.32523,2011,3,13,72,2011-03-13,3.11,5.83,1.32,97.3,0.15,7.06,2.49
11.39044,55.32523,2011,3,14,73,2011-03-14,2.81,3.71,1.58,97.54,4.26,3.98,1.74
11.39044,55.32523,2011,3,15,74,2011-03-15,1.27,3.38,-0.78,83.6,1.72,6.35,7.01
11.39044,55.32523,2011,3,16,75,2011-03-16,0.31,3.23,-1.63,85.87,0.11,13.53,8.12
11.39044,55.32523,2011,3,17,76,2011-03-17,1.01,2.38,0.33,90.49,2.03,5.94,6.64
11.39044,55.32523,2011,3,18,77,2011-03-18,1.52,3.5,-0.08,93.74,0.27,4.12,4
11.39044,55.32523,2011,3,19,78,2011-03-19,2.3,6.06,-0.41,90.2,0.08,12.5,4.7
11.39044,55.32523,2011,3,20,79,2011-03-20,2.15,5.31,0.02,90.11,0.17,8.67,3.95
11.39044,55.32523,2011,3,21,80,2011-03-21,3.06,6.13,0.15,89.66,0.1,9.12,5.95
11.39044,55.32523,2011,3,22,81,2011-03-22,5.28,9.75,2.39,91.98,0.15,15.29,6.32
11.39044,55.32523,2011,3,23,82,2011-03-23,4.16,7.98,1.44,86.54,0.01,13.81,6.02
11.39044,55.32523,2011,3,24,83,2011-03-24,5.3,9.37,2.88,91.9,0.18,15.65,7.94
11.39044,55.32523,2011,3,25,84,2011-03-25,3.92,6.45,0.32,89.04,0.59,6.9,5.88
11.39044,55.32523,2011,3,26,85,2011-03-26,1.33,3.86,-0.79,73.21,0,15.86,2.68
11.39044,55.32523,2011,3,27,86,2011-03-27,2.24,4.98,-0.55,77.03,0.01,16.42,4.08
11.39044,55.32523,2011,3,28,87,2011-03-28,3.48,6.56,0.82,82.29,0.16,17.46,5.28
11.39044,55.32523,2011,3,29,88,2011-03-29,4.12,6.84,0.67,90.5,0.26,7.74,6.27
11.39044,55.32523,2011,3,30,89,2011-03-30,3.84,5.71,2.63,90.58,1.21,11.18,2.22
11.39044,55.32523,2011,3,31,90,2011-03-31,5.52,7.94,2.7,95.12,9.56,5.67,6.09
11.39044,55.32523,2011,4,1,91,2011-04-01,7.62,10.43,5.8,88.11,2.7,15.76,6.59
11.39044,55.32523,2011,4,2,92,2011-04-02,9.19,12.62,6.36,92.54,0.08,11.41,4.29
11.39044,55.32523,2011,4,3,93,2011-04-03,7.68,8.87,5.63,93.68,0.51,10.08,3.23
11.39044,55.32523,2011,4,4,94,2011-04-04,6.77,10.01,4.35,85.41,0.03,15.44,3.61
11.39044,55.32523,2011,4,5,95,2011-04-05,6.58,8.41,4.26,93.03,2.48,4.87,7.17
11.39044,55.32523,2011,4,6,96,2011-04-06,8.7,11.03,7.23,93.73,1.52,6.59,6.98
11.39044,55.32523,2011,4,7,97,2011-04-07,7.31,8.99,5.48,84.84,0.62,13.96,9.19
11.39044,55.32523,2011,4,8,98,2011-04-08,7.22,9.55,5.16,83.32,0.09,11.22,10.59
11.39044,55.32523,2011,4,9,99,2011-04-09,6.65,9.53,4.19,75.12,0,20.27,4.91
11.39044,55.32523,2011,4,10,100,2011-04-10,8.56,13.53,3.96,74.28,0,18.71,2.71
11.39044,55.32523,2011,4,11,101,2011-04-11,8.4,12.48,5.89,84.22,0,16.51,2.79
11.39044,55.32523,2011,4,12,102,2011-04-12,7.2,9.2,5.64,83.3,5.56,7.41,8.71
11.39044,55.32523,2011,4,13,103,2011-04-13,5.48,6.63,4.55,90.6,5.85,6.05,6.87
11.39044,55.32523,2011,4,14,104,2011-04-14,6.08,9.12,2.92,83.94,0.04,19.7,2.9
11.39044,55.32523,2011,4,15,105,2011-04-15,7.51,10.6,4.29,78.75,0,19.25,1.87
11.39044,55.32523,2011,4,16,106,2011-04-16,7.29,9.97,4.64,89.89,0.27,9.58,4.03
11.39044,55.32523,2011,4,17,107,2011-04-17,7.82,10.96,5.02,89.23,0.17,18.27,3.99
11.39044,55.32523,2011,4,18,108,2011-04-18,9.01,13.47,4.89,82.16,0,21.53,2.64
11.39044,55.32523,2011,4,19,109,2011-04-19,9.11,13.52,5.75,85.08,0,20.73,3.51
11.39044,55.32523,2011,4,20,110,2011-04-20,11.46,16.92,6.53,80.14,0.04,18.27,1.73
11.39044,55.32523,2011,4,21,111,2011-04-21,12.24,17.95,7.45,72.51,0,16.95,1.35
11.39044,55.32523,2011,4,22,112,2011-04-22,10.86,15.93,6.76,74.83,0,20.81,3.31
11.39044,55.32523,2011,4,23,113,2011-04-23,10.01,14.51,6.48,76.47,0,22.06,5.39
11.39044,55.32523,2011,4,24,114,2011-04-24,9.97,14.97,5.2,80.45,0,23.26,3.52
11.39044,55.32523,2011,4,25,115,2011-04-25,11.25,17.07,5.91,75.72,0,22.76,1.97
11.39044,55.32523,2011,4,26,116,2011-04-26,11.73,16.78,8.14,75.53,0,21.32,2.37
11.39044,55.32523,2011,4,27,117,2011-04-27,11.73,16.15,8.03,79.5,0.01,16.79,3.09
11.39044,55.32523,2011,4,28,118,2011-04-28,10.56,14.77,6.68,75.1,0,19.42,5.85
11.39044,55.32523,2011,4,29,119,2011-04-29,10.14,14.02,6.9,67.81,0,24.2,5.18
11.39044,55.32523,2011,4,30,120,2011-04-30,9.8,13.67,5.54,69.52,0,24.94,4.13
11.39044,55.32523,2011,5,1,121,2011-05-01,8.13,10.36,5.67,74.15,1.74,22.38,4.1
11.39044,55.32523,2011,5,2,122,2011-05-02,6.84,8.71,4.57,66.99,0.09,23.58,4.72
11.39044,55.32523,2011,5,3,123,2011-05-03,6.19,7.86,3.69,74,4.76,15.42,2.23
11.39044,55.32523,2011,5,4,124,2011-05-04,6.55,8.76,3.63,70.93,0.12,22.12,3.81
11.39044,55.32523,2011,5,5,125,2011-05-05,8.75,12.2,5.08,78.19,0.03,22.94,4.29
11.39044,55.32523,2011,5,6,126,2011-05-06,10.8,15.49,6.01,70.55,0,24.09,2.01
11.39044,55.32523,2011,5,7,127,2011-05-07,10.82,15.55,6.74,73.02,0,24.15,5.68
11.39044,55.32523,2011,5,8,128,2011-05-08,10.77,14.93,5.98,75.3,0,25.47,6.64
11.39044,55.32523,2011,5,9,129,2011-05-09,12.26,17,8.36,78.71,0.05,25.06,5.8
11.39044,55.32523,2011,5,10,130,2011-05-10,13.05,18.73,8.4,79.38,0,20.06,3.55
11.39044,55.32523,2011,5,11,131,2011-05-11,12.96,17.01,9.12,87.41,0.15,12.85,2.59
11.39044,55.32523,2011,5,12,132,2011-05-12,12.25,15.3,9.89,85.01,0.25,19.03,2.41
11.39044,55.32523,2011,5,13,133,2011-05-13,11.46,14.54,8.57,81.35,0.85,20.93,5.11
11.39044,55.32523,2011,5,14,134,2011-05-14,10.27,12.6,8.05,85.75,4.7,11.06,4.22
11.39044,55.32523,2011,5,15,135,2011-05-15,10.29,12.72,7.29,81.18,1.2,19.41,5.69
11.39044,55.32523,2011,5,16,136,2011-05-16,10.8,12.7,8.79,86.04,5.58,11.06,5.63
11.39044,55.32523,2011,5,17,137,2011-05-17,11.83,14.42,9.03,83.58,6.73,14.62,6.53
11.39044,55.32523,2011,5,18,138,2011-05-18,12.57,15.89,8.34,88.74,0.62,11.07,4.3
11.39044,55.32523,2011,5,19,139,2011-05-19,13.11,15.28,10.02,79.35,0.08,22.9,3.79
11.39044,55.32523,2011,5,20,140,2011-05-20,12.6,15.49,8.76,78.42,0,24.9,2.41
11.39044,55.32523,2011,5,21,141,2011-05-21,13.35,16.45,9.24,75.05,0,25.1,2.83
11.39044,55.32523,2011,5,22,142,2011-05-22,13.91,18.26,10.44,86.5,5.56,13.07,5.93
11.39044,55.32523,2011,5,23,143,2011-05-23,13.68,16.27,10.17,76.92,0.02,24.96,5.91
11.39044,55.32523,2011,5,24,144,2011-05-24,12.43,13.72,10.06,74.11,1.29,19.93,7.98
11.39044,55.32523,2011,5,25,145,2011-05-25,11.73,14.41,9.73,69.52,0.12,23.58,6.77
11.39044,55.32523,2011,5,26,146,2011-05-26,13.08,17.56,9.64,74.77,3.96,18.35,5.28
11.39044,55.32523,2011,5,27,147,2011-05-27,12.53,14.36,9.8,81.02,2.91,13.65,7.6
11.39044,55.32523,2011,5,28,148,2011-05-28,11.72,14.57,8.89,81.64,7.03,13.04,6.48
11.39044,55.32523,2011,5,29,149,2011-05-29,12.55,14.03,9.68,84.04,2.64,13.53,6.1
11.39044,55.32523,2011,5,30,150,2011-05-30,14.87,18.32,11.23,83.46,0.08,21.18,4.03
11.39044,55.32523,2011,5,31,151,2011-05-31,14.94,18.35,10.75,85.23,0.8,17.11,5.27
11.39044,55.32523,2011,6,1,152,2011-06-01,12.83,16.2,9.43,72.24,0,29.81,5.08
11.39044,55.32523,2011,6,2,153,2011-06-02,14.57,18.23,9.85,82.3,0.01,23.14,3.76
11.39044,55.32523,2011,6,3,154,2011-06-03,15.56,19.26,11.39,79.2,0.09,29.44,2.69
11.39044,55.32523,2011,6,4,155,2011-06-04,17.73,21.77,13.57,67.91,0.25,28.67,0.82
11.39044,55.32523,2011,6,5,156,2011-06-05,17.55,22,12.96,79.23,0,26.02,3.19
11.39044,55.32523,2011,6,6,157,2011-06-06,18.91,22.64,15.01,85.4,2.21,22.91,4.34
11.39044,55.32523,2011,6,7,158,2011-06-07,16.84,18.83,14.49,87,1.39,12.34,1.17
11.39044,55.32523,2011,6,8,159,2011-06-08,18.17,21,15.63,86.4,7.98,15.29,2.24
11.39044,55.32523,2011,6,9,160,2011-06-09,15.33,17.59,13.09,78.71,10.06,19.34,6.56
11.39044,55.32523,2011,6,10,161,2011-06-10,14.52,17.19,12.01,74.96,0.22,26.51,4.15
11.39044,55.32523,2011,6,11,162,2011-06-11,15.08,18.44,11.89,74.43,0.69,23.55,2.68
11.39044,55.32523,2011,6,12,163,2011-06-12,14.38,16.22,11.83,69.81,0.46,25.43,2.3
11.39044,55.32523,2011,6,13,164,2011-06-13,16.1,19.11,12.41,77.62,1.87,18.36,3.37
11.39044,55.32523,2011,6,14,165,2011-06-14,15.75,17.63,12.77,76.54,0.74,21.33,5.14
11.39044,55.32523,2011,6,15,166,2011-06-15,14.92,17.7,11.83,71.33,0.18,25.16,3.55
11.39044,55.32523,2011,6,16,167,2011-06-16,16.05,18.49,13.61,81.66,3.13,14.78,4.24
11.39044,55.32523,2011,6,17,168,2011-06-17,15.28,17.33,13.5,78.74,3.44,21.32,5.25
11.39044,55.32523,2011,6,18,169,2011-06-18,15.31,17.73,13.26,81.79,7.71,7.39,4.66
11.39044,55.32523,2011,6,19,170,2011-06-19,13.97,14.92,12.67,82.61,2.52,19.79,4.4
11.39044,55.32523,2011,6,20,171,2011-06-20,14.84,16.95,12.8,78.63,1.27,20.03,7.01
11.39044,55.32523,2011,6,21,172,2011-06-21,15.27,17.67,12.43,78.75,0.4,19.93,4.58
11.39044,55.32523,2011,6,22,173,2011-06-22,16.47,19.45,12.87,81.55,23.63,20.34,5.06
11.39044,55.32523,2011,6,23,174,2011-06-23,15.49,17.89,12.71,80.92,1.83,20.52,6.49
11.39044,55.32523,2011,6,24,175,2011-06-24,13.96,16.14,11.9,73.74,0.56,21.17,6.48
11.39044,55.32523,2011,6,25,176,2011-06-25,14.02,16.89,11,72.03,0.14,22.42,5.93
11.39044,55.32523,2011,6,26,177,2011-06-26,15.76,17.95,12.61,81.39,0.35,14.52,1.7
11.39044,55.32523,2011,6,27,178,2011-06-27,18.4,21.66,14.57,82.58,0.01,27.29,2.23
11.39044,55.32523,2011,6,28,179,2011-06-28,17.83,20.62,15.5,74.8,0.14,28.6,5.43
11.39044,55.32523,2011,6,29,180,2011-06-29,18.67,21.82,15.32,75.36,0.06,27.05,4.34
11.39044,55.32523,2011,6,30,181,2011-06-30,15.75,16.89,13.09,84.87,9.02,7.25,5.44
11.39044,55.32523,2011,7,1,182,2011-07-01,15.12,17.57,12.25,78.22,0.3,15.23,6.61
11.39044,55.32523,2011,7,2,183,2011-07-02,16.4,19.47,13.59,90.96,10.65,6.69,6.59
11.39044,55.32523,2011,7,3,184,2011-07-03,19.27,21.46,16.66,89.01,1.81,19.76,5.12
11.39044,55.32523,2011,7,4,185,2011-07-04,18.36,20.42,16.57,89.8,4.61,13.25,4.14
11.39044,55.32523,2011,7,5,186,2011-07-05,18.57,20.62,15.31,84.26,1.51,18.56,2.24
11.39044,55.32523,2011,7,6,187,2011-07-06,17.82,20.93,13.97,78.8,2.35,27.05,4.38
11.39044,55.32523,2011,7,7,188,2011-07-07,18.33,20.81,15.91,74.23,2.22,25.52,2.22
11.39044,55.32523,2011,7,8,189,2011-07-08,17.86,20.07,15.6,86.35,15.3,11.63,4.53
11.39044,55.32523,2011,7,9,190,2011-07-09,18.63,22.14,14.44,79.58,0.92,19.9,3.74
11.39044,55.32523,2011,7,10,191,2011-07-10,17.93,20.41,13.75,77.94,0.29,24.75,2.9
11.39044,55.32523,2011,7,11,192,2011-07-11,18.38,20.58,15.62,74.92,1.04,25.49,2.73
11.39044,55.32523,2011,7,12,193,2011-07-12,16.78,18.97,13.88,74.2,0.05,23.99,3.47
11.39044,55.32523,2011,7,13,194,2011-07-13,16.73,18.38,15.5,82.52,7.42,4.21,6.18
11.39044,55.32523,2011,7,14,195,2011-07-14,16.46,18.26,15.04,87.34,34.35,3.45,7.62
11.39044,55.32523,2011,7,15,196,2011-07-15,15.67,18.2,13.73,82.3,3.38,11.57,4.22
11.39044,55.32523,2011,7,16,197,2011-07-16,17.04,20.25,13.22,76.07,0.02,24.13,4.81
11.39044,55.32523,2011,7,17,198,2011-07-17,17.23,18.86,16.12,86.36,4.51,11.27,5.28
11.39044,55.32523,2011,7,18,199,2011-07-18,17.12,19.14,14.92,80.91,1.46,19.29,5.47
11.39044,55.32523,2011,7,19,200,2011-07-19,17.27,19.03,14.85,79.86,0.62,20.2,3.41
11.39044,55.32523,2011,7,20,201,2011-07-20,17.49,19.79,14.61,79.12,0,20.12,2.31
11.39044,55.32523,2011,7,21,202,2011-07-21,16.67,17.82,15.72,86.54,6.08,12.43,5.52
11.39044,55.32523,2011,7,22,203,2011-07-22,16.37,17.55,15.31,93.18,26.37,4.38,7.1
11.39044,55.32523,2011,7,23,204,2011-07-23,15.77,17.52,13.94,86.14,3.48,7.6,6.86
11.39044,55.32523,2011,7,24,205,2011-07-24,14.38,16.03,12.95,88.98,4.16,7.28,8.29
11.39044,55.32523,2011,7,25,206,2011-07-25,15.96,17.59,14.8,85.6,1.61,10.22,3.27
11.39044,55.32523,2011,7,26,207,2011-07-26,16.78,19.37,14.04,75.04,0.01,18.82,1.26
11.39044,55.32523,2011,7,27,208,2011-07-27,17.49,20.08,14.33,77.95,0,24.23,2.3
11.39044,55.32523,2011,7,28,209,2011-07-28,17.32,19.21,15.69,85.55,0.56,15.11,4.92
11.39044,55.32523,2011,7,29,210,2011-07-29,18.25,20.91,15.23,87.04,2.35,17.24,5.47
11.39044,55.32523,2011,7,30,211,2011-07-30,19.71,21.72,17.79,83.47,0.75,21.85,4.93
11.39044,55.32523,2011,7,31,212,2011-07-31,19.95,22.57,17.7,85.73,2.27,20.75,1.96
11.39044,55.32523,2011,8,1,213,2011-08-01,19.71,21.97,16.75,86.39,1.2,15.92,2.02
11.39044,55.32523,2011,8,2,214,2011-08-02,19.74,22.72,16.69,80.4,0.04,21.94,2.27
11.39044,55.32523,2011,8,3,215,2011-08-03,18.65,21.13,16.27,77.85,0,21.05,5.07
11.39044,55.32523,2011,8,4,216,2011-08-04,19.06,21.61,16.06,82.85,0.86,18.01,5.42
11.39044,55.32523,2011,8,5,217,2011-08-05,18.71,21.14,15.79,88.88,2.69,9.21,4.01
11.39044,55.32523,2011,8,6,218,2011-08-06,17.86,20.28,14.96,83.28,1.69,18.11,3.06
11.39044,55.32523,2011,8,7,219,2011-08-07,18.12,19.97,15.18,81.78,4.57,17.89,6.23
11.39044,55.32523,2011,8,8,220,2011-08-08,16.01,17.86,14.3,82.28,6.25,11.45,5.1
11.39044,55.32523,2011,8,9,221,2011-08-09,15.93,17.86,14.02,81.98,5.12,15.78,6.8
11.39044,55.32523,2011,8,10,222,2011-08-10,14.12,15.67,12.59,77.95,4.66,15.7,8.25
11.39044,55.32523,2011,8,11,223,2011-08-11,13.57,15.32,11.95,88.83,27.2,5.07,3.87
11.39044,55.32523,2011,8,12,224,2011-08-12,15.45,18.24,12.79,84.84,2.91,13.18,5.47
11.39044,55.32523,2011,8,13,225,2011-08-13,16.2,18.78,14.09,88.83,1.48,9.15,5.73
11.39044,55.32523,2011,8,14,226,2011-08-14,16.9,19.27,14.83,91.24,18.24,9.06,4.75
11.39044,55.32523,2011,8,15,227,2011-08-15,17.19,19.53,14.48,84.46,2,15.5,5.35
11.39044,55.32523,2011,8,16,228,2011-08-16,15.54,17.61,12.84,80.42,0.41,15.5,4.21
11.39044,55.32523,2011,8,17,229,2011-08-17,16.9,19.63,14.19,83.85,2.31,13.92,4.4
11.39044,55.32523,2011,8,18,230,2011-08-18,16.48,19.02,13.77,84.23,1.87,17.73,2.99
11.39044,55.32523,2011,8,19,231,2011-08-19,15.71,17.74,13.88,86.07,16.63,7.49,7.12
11.39044,55.32523,2011,8,20,232,2011-08-20,16.34,19.67,13.42,80.93,0.04,18.71,6.09
11.39044,55.32523,2011,8,21,233,2011-08-21,17.98,21.24,14.03,85.5,7.49,18.37,3.43
11.39044,55.32523,2011,8,22,234,2011-08-22,17.69,19.58,15.22,83.73,2.72,17.4,4.27
11.39044,55.32523,2011,8,23,235,2011-08-23,16.77,19.29,13.96,83.52,0.07,14.08,3.18
11.39044,55.32523,2011,8,24,236,2011-08-24,18.25,20.56,15.96,89.92,1.5,7.79,2.99
11.39044,55.32523,2011,8,25,237,2011-08-25,18.11,20,17.01,89.18,30.23,10.01,2.78
11.39044,55.32523,2011,8,26,238,2011-08-26,18.97,21.78,16.36,90.64,0.61,14.13,6.02
11.39044,55.32523,2011,8,27,239,2011-08-27,17.23,18.92,15.42,88.08,10.4,3.62,4.9
11.39044,55.32523,2011,8,28,240,2011-08-28,15.1,16.87,13.77,83.03,4.65,14.29,6.69
11.39044,55.32523,2011,8,29,241,2011-08-29,13.76,14.85,13.07,86.04,4.25,12.26,8.28
11.39044,55.32523,2011,8,30,242,2011-08-30,14.04,15.83,12.55,81.44,1.73,12.91,7.77
11.39044,55.32523,2011,8,31,243,2011-08-31,13.87,15.83,11.8,85.04,1.57,13.2,4.58
11.39044,55.32523,2011,9,1,244,2011-09-01,14.04,16.24,11.8,82.46,0.32,15.37,4.25
11.39044,55.32523,2011,9,2,245,2011-09-02,13.9,16.45,11.06,74.91,0.01,12.84,2.34
11.39044,55.32523,2011,9,3,246,2011-09-03,16.19,19.29,12.42,88.14,0.02,12.44,3.65
11.39044,55.32523,2011,9,4,247,2011-09-04,18.45,21.34,15.93,91.58,2.06,9.06,4.42
11.39044,55.32523,2011,9,5,248,2011-09-05,16.96,17.97,14.27,90,5.23,7.89,3.64
11.39044,55.32523,2011,9,6,249,2011-09-06,15.23,17.94,13.53,85.81,8.97,11.06,8.78
11.39044,55.32523,2011,9,7,250,2011-09-07,14.71,16.6,13.12,83.07,7.6,11.75,8.86
11.39044,55.32523,2011,9,8,251,2011-09-08,13.53,14.9,11.47,86.7,6.98,12.27,6.03
11.39044,55.32523,2011,9,9,252,2011-09-09,13.55,16.3,10.21,81.69,0.01,15.09,3.7
11.39044,55.32523,2011,9,10,253,2011-09-10,16.21,18.53,13.36,90.68,0.37,9.55,3.33
11.39044,55.32523,2011,9,11,254,2011-09-11,17.57,19.57,15.97,87.44,1.1,13.41,3.86
11.39044,55.32523,2011,9,12,255,2011-09-12,16.09,17.32,14.1,89.25,2.98,7.07,7.36
11.39044,55.32523,2011,9,13,256,2011-09-13,15.46,16.83,13.68,75.19,0.33,11.33,10.28
11.39044,55.32523,2011,9,14,257,2011-09-14,14.21,16.89,12.01,83.68,2.35,11.33,8.05
11.39044,55.32523,2011,9,15,258,2011-09-15,13.24,15.91,11.08,80.63,0.8,13.42,8.04
11.39044,55.32523,2011,9,16,259,2011-09-16,12.56,15.24,10.01,76.58,0,15.75,3.84
11.39044,55.32523,2011,9,17,260,2011-09-17,12.92,14.02,10.72,88.54,1.22,3.68,5.06
11.39044,55.32523,2011,9,18,261,2011-09-18,13.95,15.98,12.38,94.07,3.09,2.94,3.93
11.39044,55.32523,2011,9,19,262,2011-09-19,13.32,15.71,10.99,86.8,0.2,12.94,6.31
11.39044,55.32523,2011,9,20,263,2011-09-20,14.01,15.83,11.73,93.03,2.42,4.61,6.21
11.39044,55.32523,2011,9,21,264,2011-09-21,14.67,15.52,13.8,90.57,1.52,4.03,6.87
11.39044,55.32523,2011,9,22,265,2011-09-22,13.75,15.23,11.59,81.3,2.14,12.34,7.14
11.39044,55.32523,2011,9,23,266,2011-09-23,13.07,15.41,11.32,83.99,0.42,11.38,5.7
11.39044,55.32523,2011,9,24,267,2011-09-24,13.64,15.65,12.21,89.4,0.28,9.77,2.87
11.39044,55.32523,2011,9,25,268,2011-09-25,14.29,17.44,11.61,89.23,0.02,12.47,2.85
11.39044,55.32523,2011,9,26,269,2011-09-26,15.21,18.4,12.56,91.12,0.32,10.7,4.09
11.39044,55.32523,2011,9,27,270,2011-09-27,12.96,15.3,10.63,86.26,0,12.94,3
11.39044,55.32523,2011,9,28,271,2011-09-28,14.05,17.6,11.19,93.16,0.09,7.91,3.52
11.39044,55.32523,2011,9,29,272,2011-09-29,14.89,18.53,12.62,93.4,0.07,12,2.15
11.39044,55.32523,2011,9,30,273,2011-09-30,15.71,19.84,12.42,88.95,0.05,12.45,1.66
11.39044,55.32523,2011,10,1,274,2011-10-01,16.84,21.71,13.57,84.93,0.05,12.09,0.84
11.39044,55.32523,2011,10,2,275,2011-10-02,15.11,18.62,12.45,91.93,0.08,10.06,2.97
11.39044,55.32523,2011,10,3,276,2011-10-03,16.09,18.94,14.25,90.35,0.12,7.46,4.95
11.39044,55.32523,2011,10,4,277,2011-10-04,14.41,15.84,12.3,81.94,0.05,10.31,7.09
11.39044,55.32523,2011,10,5,278,2011-10-05,14.06,15.74,12.23,88.05,1.13,5.72,6.99
11.39044,55.32523,2011,10,6,279,2011-10-06,13.46,15.31,10.76,84.28,9.79,3.49,9.21
11.39044,55.32523,2011,10,7,280,2011-10-07,11.28,13.6,9.8,81.17,1.29,10.02,7.27
11.39044,55.32523,2011,10,8,281,2011-10-08,9.69,10.62,8.58,80.43,1.12,7.01,7.72
11.39044,55.32523,2011,10,9,282,2011-10-09,10.15,11.66,8.49,77.94,7.41,5.59,5.67
11.39044,55.32523,2011,10,10,283,2011-10-10,11.75,13.75,10.41,93.95,8.18,2.39,5.45
11.39044,55.32523,2011,10,11,284,2011-10-11,11.19,13.17,9.84,84.2,1.37,8.55,7.17
11.39044,55.32523,2011,10,12,285,2011-10-12,10.21,12.95,8.22,83.03,0.01,9.22,7.21
11.39044,55.32523,2011,10,13,286,2011-10-13,8.83,10.78,7.19,79.85,0,10.58,4.57
11.39044,55.32523,2011,10,14,287,2011-10-14,8.62,10.48,6.66,67.07,0,7.66,1.41
11.39044,55.32523,2011,10,15,288,2011-10-15,8.15,10.71,6.46,79.65,0,9.45,2.95
11.39044,55.32523,2011,10,16,289,2011-10-16,8.49,11.38,6.16,88.88,0,9.3,5.04
11.39044,55.32523,2011,10,17,290,2011-10-17,9.19,11.74,6.22,92.75,0.05,7.26,4.84
11.39044,55.32523,2011,10,18,291,2011-10-18,10.17,10.82,9.26,88.42,12.17,2.53,8.84
11.39044,55.32523,2011,10,19,292,2011-10-19,9.66,11.33,7.9,83.55,1.29,7.08,8.71
11.39044,55.32523,2011,10,20,293,2011-10-20,7.49,9.32,6.3,81.93,0.79,6.83,6.94
11.39044,55.32523,2011,10,21,294,2011-10-21,8.31,10.94,5.71,87.6,0.5,5.84,5.39
11.39044,55.32523,2011,10,22,295,2011-10-22,8.71,10.47,7.22,83.34,0.11,5.97,5.55
11.39044,55.32523,2011,10,23,296,2011-10-23,7.5,9.82,6.01,89.73,0,7.54,6.27
11.39044,55.32523,2011,10,24,297,2011-10-24,7.92,9.82,5.9,91.8,0.03,3.99,7.74
11.39044,55.32523,2011,10,25,298,2011-10-25,8.84,10.47,8.2,86.93,0.09,5.22,8.45
11.39044,55.32523,2011,10,26,299,2011-10-26,9.3,10.9,8.03,93.36,2.1,1.75,5.37
11.39044,55.32523,2011,10,27,300,2011-10-27,9.08,11.42,6.76,95.62,0.25,4.98,4.28
11.39044,55.32523,2011,10,28,301,2011-10-28,10.08,11.62,8.84,95.4,0.2,2.78,3.77
11.39044,55.32523,2011,10,29,302,2011-10-29,9.51,10.98,7.86,96.31,0.7,2.43,3.09
11.39044,55.32523,2011,10,30,303,2011-10-30,11.15,12.49,10.07,96.03,0.84,2.41,4.7
11.39044,55.32523,2011,10,31,304,2011-10-31,11.33,12.51,10.32,97.33,0.58,1.98,2.96
11.39044,55.32523,2011,11,1,305,2011-11-01,10.33,12.33,8.48,96.31,0.14,2.85,4.53
11.39044,55.32523,2011,11,2,306,2011-11-02,8.91,11.04,7.89,96.69,0.4,1.7,3.28
11.39044,55.32523,2011,11,3,307,2011-11-03,9.25,10.28,8.43,93.31,0.99,2.4,6.07
11.39044,55.32523,2011,11,4,308,2011-11-04,8.44,9.47,7.4,93.93,0.04,2.38,5.78
11.39044,55.32523,2011,11,5,309,2011-11-05,8.71,11.32,7.3,95.54,0.08,3.87,4.83
11.39044,55.32523,2011,11,6,310,2011-11-06,8.63,9.92,7.42,96.8,0.32,1.95,3.76
11.39044,55.32523,2011,11,7,311,2011-11-07,8.04,8.72,7.43,95.91,0.41,0.82,4.61
11.39044,55.32523,2011,11,8,312,2011-11-08,7.87,8.71,7.16,94.57,0.41,1.38,4.77
11.39044,55.32523,2011,11,9,313,2011-11-09,7.6,8.53,6.78,96.77,0.57,1.32,4.74
11.39044,55.32523,2011,11,10,314,2011-11-10,7.03,8.66,5.61,92.95,0.24,3.16,5.35
11.39044,55.32523,2011,11,11,315,2011-11-11,4.77,6.05,3.62,88.76,0,3.5,5.98
11.39044,55.32523,2011,11,12,316,2011-11-12,4.21,6.67,3.02,88.44,0,3.92,5.13
11.39044,55.32523,2011,11,13,317,2011-11-13,4.88,6.72,3.28,88.45,0,2.91,1.45
11.39044,55.32523,2011,11,14,318,2011-11-14,5.3,6.49,4.26,92.22,0.14,1.63,1.55
11.39044,55.32523,2011,11,15,319,2011-11-15,4.93,7.2,3.81,95.85,0.03,2.85,2.81
11.39044,55.32523,2011,11,16,320,2011-11-16,5.25,6.63,4.24,92.19,0.26,2.04,3.52
11.39044,55.32523,2011,11,17,321,2011-11-17,3.1,4.74,2.16,93.38,0.22,0.9,3.07
11.39044,55.32523,2011,11,18,322,2011-11-18,5.59,7.37,2.41,97.18,0.5,0.87,4.19
11.39044,55.32523,2011,11,19,323,2011-11-19,6.15,6.77,5.33,97.41,0.44,1.65,4.53
11.39044,55.32523,2011,11,20,324,2011-11-20,4.9,6,3.53,96.83,0.32,1.9,2.12
11.39044,55.32523,2011,11,21,325,2011-11-21,3.97,5.36,2.98,96.72,0.26,2.15,2.4
11.39044,55.32523,2011,11,22,326,2011-11-22,4.3,5.25,3.58,94.44,0.08,1.87,3.89
11.39044,55.32523,2011,11,23,327,2011-11-23,4.81,6.28,4.03,94.86,0.28,0.93,4.25
11.39044,55.32523,2011,11,24,328,2011-11-24,7.46,8.8,6.26,96.71,0.55,0.87,6.13
11.39044,55.32523,2011,11,25,329,2011-11-25,7.26,8.43,6.63,93.58,1.17,0.66,8.2
11.39044,55.32523,2011,11,26,330,2011-11-26,7.33,10.01,5.78,90.47,3.96,1.86,8.77
11.39044,55.32523,2011,11,27,331,2011-11-27,9.36,11.08,7.21,82.76,2.75,0.97,13.49
11.39044,55.32523,2011,11,28,332,2011-11-28,6.65,7.9,5.44,92.26,0.04,2.63,6.73
11.39044,55.32523,2011,11,29,333,2011-11-29,5.28,6.01,4.38,95.16,0.23,1.25,6.83
11.39044,55.32523,2011,11,30,334,2011-11-30,6.79,8.26,5.48,90.2,0.53,1.89,7.05
11.39044,55.32523,2011,12,1,335,2011-12-01,6.41,8.02,5.42,94.16,1.28,0.98,7.58
11.39044,55.32523,2011,12,2,336,2011-12-02,4.62,5.9,3.39,95.7,5.12,1.29,4.22
11.39044,55.32523,2011,12,3,337,2011-12-03,5.62,7.13,4.3,91.74,4.9,0.58,9.68
11.39044,55.32523,2011,12,4,338,2011-12-04,5.32,6.07,4.26,90.29,4.5,1.37,8.53
11.39044,55.32523,2011,12,5,339,2011-12-05,3.67,4.22,2.86,89.31,0.81,2.22,6.9
11.39044,55.32523,2011,12,6,340,2011-12-06,2.86,3.46,1.87,91.38,1.01,1.36,6.57
11.39044,55.32523,2011,12,7,341,2011-12-07,3.18,3.74,2.42,95.27,4.9,0.69,5.53
11.39044,55.32523,2011,12,8,342,2011-12-08,3.71,6.28,1.3,92.9,13.43,1.63,7.29
11.39044,55.32523,2011,12,9,343,2011-12-09,6.02,7.25,4.68,78.24,0.85,1.5,11.84
11.39044,55.32523,2011,12,10,344,2011-12-10,3.83,4.45,3.06,79.95,0.49,2.13,10.27
11.39044,55.32523,2011,12,11,345,2011-12-11,4.07,5.08,2.92,93.86,0.33,1.32,6.76
11.39044,55.32523,2011,12,12,346,2011-12-12,4.15,5.41,3.17,93.4,1.53,0.61,6.32
11.39044,55.32523,2011,12,13,347,2011-12-13,5.01,7.07,1.88,92.87,7.52,0.61,9.78
11.39044,55.32523,2011,12,14,348,2011-12-14,4.71,5.6,3.07,91.46,2.25,1.08,7.59
11.39044,55.32523,2011,12,15,349,2011-12-15,4.32,4.98,3.93,92.36,2.92,0.99,7.26
11.39044,55.32523,2011,12,16,350,2011-12-16,3.95,4.32,3.64,94.96,1.71,0.95,5.89
11.39044,55.32523,2011,12,17,351,2011-12-17,3.51,3.99,2.77,91.52,0.14,1.72,7.57
11.39044,55.32523,2011,12,18,352,2011-12-18,2.04,2.97,0.92,93.42,0.19,1.55,5.76
11.39044,55.32523,2011,12,19,353,2011-12-19,2.94,4.55,1.53,95.54,0.22,2.08,7.03
11.39044,55.32523,2011,12,20,354,2011-12-20,1.7,2.52,1.23,89.26,4.78,0.75,5.78
11.39044,55.32523,2011,12,21,355,2011-12-21,2.16,3.61,1.33,90.89,0.89,1.7,3.07
11.39044,55.32523,2011,12,22,356,2011-12-22,2.89,4.76,1.23,96.53,0.84,0.88,3.37
11.39044,55.32523,2011,12,23,357,2011-12-23,6.09,6.95,4.96,97.99,1.46,0.74,5.68
11.39044,55.32523,2011,12,24,358,2011-12-24,4.32,6.38,2.8,95.09,6.05,2.34,5.87
11.39044,55.32523,2011,12,25,359,2011-12-25,6.29,7.81,3.84,96.43,2.3,1.05,7.88
11.39044,55.32523,2011,12,26,360,2011-12-26,8.21,8.63,7.86,94.57,0.56,1.11,8.24
11.39044,55.32523,2011,12,27,361,2011-12-27,6.14,8.4,2.51,95.26,0.5,1.56,6.81
11.39044,55.32523,2011,12,28,362,2011-12-28,5.06,6.07,2.6,94.45,0.81,0.51,7.27
11.39044,55.32523,2011,12,29,363,2011-12-29,4.94,5.8,3.81,87.89,1.85,1.72,9.93
11.39044,55.32523,2011,12,30,364,2011-12-30,2.66,4.45,0.62,96.04,0.21,1.46,4.51
11.39044,55.32523,2011,12,31,365,2011-12-31,1.54,3.18,0.14,98.34,0.29,1.67,3.6
11.39044,55.32523,2012,1,1,1,2012-01-01,5.34,7.36,2.55,97.4,5.8,0.65,5.76
11.39044,55.32523,2012,1,2,2,2012-01-02,5.66,6.84,3.51,95.07,4.61,1.35,5.09
11.39044,55.32523,2012,1,3,3,2012-01-03,4.34,7.34,2.89,92.35,10.32,0.31,10.18
11.39044,55.32523,2012,1,4,4,2012-01-04,5.16,5.75,4.08,84.61,2.82,1.86,11.85
11.39044,55.32523,2012,1,5,5,2012-01-05,4.19,5.5,3.05,91.78,10.56,1.09,9.86
11.39044,55.32523,2012,1,6,6,2012-01-06,2.2,3.4,0.92,86.99,0.04,2.48,6.14
11.39044,55.32523,2012,1,7,7,2012-01-07,4.58,5.72,3.32,96.37,4.18,0.97,6.79
11.39044,55.32523,2012,1,8,8,2012-01-08,4.07,5.18,2.14,93.32,0.58,1.02,4.8
11.39044,55.32523,2012,1,9,9,2012-01-09,3.15,5.97,1.53,90.44,2.91,0.87,4.67
11.39044,55.32523,2012,1,10,10,2012-01-10,4.07,5.31,2.42,96.1,0.19,1.95,5.92
11.39044,55.32523,2012,1,11,11,2012-01-11,5.55,6.83,4.19,95.22,0.72,2.22,6.75
11.39044,55.32523,2012,1,12,12,2012-01-12,5.55,7.54,2.9,89.72,2.35,1.36,11.07
11.39044,55.32523,2012,1,13,13,2012-01-13,3.35,4.53,2.34,84.34,0,3.12,9.39
11.39044,55.32523,2012,1,14,14,2012-01-14,1.88,3.45,0.58,90.57,0,2.99,6.15
11.39044,55.32523,2012,1,15,15,2012-01-15,1.31,2.86,0.39,96.5,0.05,2.55,3.11
11.39044,55.32523,2012,1,16,16,2012-01-16,2.44,3.19,1.94,97.68,0.49,1.1,4.59
11.39044,55.32523,2012,1,17,17,2012-01-17,2.1,2.43,1.63,98.38,0.11,1.72,3.65
11.39044,55.32523,2012,1,18,18,2012-01-18,2.58,4.46,1.52,96.32,6.57,1.26,6.21
11.39044,55.32523,2012,1,19,19,2012-01-19,3.15,4.43,2.07,94.9,3.48,1.14,6.7
11.39044,55.32523,2012,1,20,20,2012-01-20,1.69,3.08,0.72,96.75,0.09,2.34,4.21
11.39044,55.32523,2012,1,21,21,2012-01-21,2.02,3.66,0.17,96.73,6.79,1.26,5.89
11.39044,55.32523,2012,1,22,22,2012-01-22,1.53,2.95,-0.1,93.22,0.97,1.35,4.56
11.39044,55.32523,2012,1,23,23,2012-01-23,0.2,1.5,-1.03,85.67,0.02,2.91,2.29
11.39044,55.32523,2012,1,24,24,2012-01-24,-1.3,0.12,-2.33,86.43,0,3.92,2.5
11.39044,55.32523,2012,1,25,25,2012-01-25,-1.48,-0.23,-3.46,91.3,0.03,2.82,3.61
11.39044,55.32523,2012,1,26,26,2012-01-26,0.22,1.68,-0.7,86.71,0.04,3.43,7.16
11.39044,55.32523,2012,1,27,27,2012-01-27,-0.68,-0.04,-2.03,82.96,0.18,1.04,7.84
11.39044,55.32523,2012,1,28,28,2012-01-28,-1.58,-0.25,-2.6,84.37,0.08,2.08,5.11
11.39044,55.32523,2012,1,29,29,2012-01-29,-0.95,0.19,-1.54,84.09,1.95,0.95,6.11
11.39044,55.32523,2012,1,30,30,2012-01-30,-1.52,0.26,-2.58,79.99,0,4.33,7.25
11.39044,55.32523,2012,1,31,31,2012-01-31,-2.2,-0.34,-3.33,84.37,0,4.3,6.58
11.39044,55.32523,2012,2,1,32,2012-02-01,-3.04,-1.62,-4.47,85.96,0.04,3.56,5.68
11.39044,55.32523,2012,2,2,33,2012-02-02,-4.32,-3.57,-5,76.72,0.23,3.16,4.26
11.39044,55.32523,2012,2,3,34,2012-02-03,-6.71,-5.39,-7.29,80.03,0.25,3.38,5.05
11.39044,55.32523,2012,2,4,35,2012-02-04,-7.43,-6.81,-8.44,76.36,0.33,3.49,3.25
11.39044,55.32523,2012,2,5,36,2012-02-05,-6.37,-4.63,-8.42,81.96,0.06,2.74,4.27
11.39044,55.32523,2012,2,6,37,2012-02-06,-7.4,-6.25,-8.94,80.11,0.03,3.44,4.11
11.39044,55.32523,2012,2,7,38,2012-02-07,-6.05,-3.63,-7.89,89.38,0.04,4.08,4.62
11.39044,55.32523,2012,2,8,39,2012-02-08,-5.06,-2.59,-7.77,93.62,0.07,1.43,3.48
11.39044,55.32523,2012,2,9,40,2012-02-09,-3.34,-1.29,-5.56,84.37,0.13,3.46,6.27
11.39044,55.32523,2012,2,10,41,2012-02-10,-4.73,-2.66,-6.88,83.68,0.04,4.51,2.64
11.39044,55.32523,2012,2,11,42,2012-02-11,-4.76,-3.8,-5.64,79.58,0.33,2.51,2.35
11.39044,55.32523,2012,2,12,43,2012-02-12,-1.54,0.42,-3.4,97.03,1.52,2.11,5.46
11.39044,55.32523,2012,2,13,44,2012-02-13,-2.19,-0.88,-3.65,97.22,0.09,4.13,3.18
11.39044,55.32523,2012,2,14,45,2012-02-14,0.31,2.33,-0.91,96.61,2.7,1.97,5.29
11.39044,55.32523,2012,2,15,46,2012-02-15,0.65,2.54,-1.46,84.68,0,7.27,8.39
11.39044,55.32523,2012,2,16,47,2012-02-16,-0.17,2,-2.31,92.23,5.98,3.29,4.61
11.39044,55.32523,2012,2,17,48,2012-02-17,1.9,3.47,0.28,96.88,0.39,6.83,5.74
11.39044,55.32523,2012,2,18,49,2012-02-18,1.72,3.27,0.05,97.3,11.57,1.63,6.89
11.39044,55.32523,2012,2,19,50,2012-02-19,1.21,3.66,-0.96,90.39,0.26,6.47,7.14
11.39044,55.32523,2012,2,20,51,2012-02-20,0.71,3.17,-1.71,87.05,1.59,6.85,7.47
11.39044,55.32523,2012,2,21,52,2012-02-21,3.21,5.52,0.79,96.11,1.99,4.02,6.95
11.39044,55.32523,2012,2,22,53,2012-02-22,3.9,4.8,3.1,95.58,5.26,2.11,9.26
11.39044,55.32523,2012,2,23,54,2012-02-23,4.76,6.34,3.42,92,0.82,8.49,8.28
11.39044,55.32523,2012,2,24,55,2012-02-24,5.04,6.22,3.49,94.1,0.43,4.32,8.2
11.39044,55.32523,2012,2,25,56,2012-02-25,3.57,5.23,1.21,89.58,0.05,6.57,9.39
11.39044,55.32523,2012,2,26,57,2012-02-26,1.32,3.39,-0.67,84.85,0.09,9.81,3.51
11.39044,55.32523,2012,2,27,58,2012-02-27,1.15,3.16,-0.65,96.94,3.54,2.63,4
11.39044,55.32523,2012,2,28,59,2012-02-28,5.33,7.8,3.4,97.75,0.82,6.67,6.55
11.39044,55.32523,2012,2,29,60,2012-02-29,5.31,7.66,3.59,98.03,0.41,5.6,4.28
11.39044,55.32523,2012,3,1,61,2012-03-01,5.39,8.19,4.02,94.24,0.29,7.42,5.3
11.39044,55.32523,2012,3,2,62,2012-03-02,3.63,6.73,0.47,88.35,0.21,10.98,3.48
11.39044,55.32523,2012,3,3,63,2012-03-03,2.03,5.26,0.02,85.8,0,10.76,5.48
11.39044,55.32523,2012,3,4,64,2012-03-04,1.86,3.58,0.99,85.57,0.15,4.7,7.01
11.39044,55.32523,2012,3,5,65,2012-03-05,1.25,2.63,0.05,81.46,0,5.91,7.33
11.39044,55.32523,2012,3,6,66,2012-03-06,0.57,2.23,-0.39,83.87,0,7.86,5.8
11.39044,55.32523,2012,3,7,67,2012-03-07,1.34,2.57,-0.47,84.12,2.53,4.16,7.06
11.39044,55.32523,2012,3,8,68,2012-03-08,2.7,5.9,0.61,91.06,2.96,10.92,4.48
11.39044,55.32523,2012,3,9,69,2012-03-09,3.14,5.66,1.13,95.82,0.58,4.75,6.39
11.39044,55.32523,2012,3,10,70,2012-03-10,5.13,6.45,4.19,94.73,1.25,4.3,6.34
11.39044,55.32523,2012,3,11,71,2012-03-11,4.79,6.74,2.63,94.81,0.24,6.36,6.14
11.39044,55.32523,2012,3,12,72,2012-03-12,6.36,9.25,5.18,92.97,0.28,11.49,6.52
11.39044,55.32523,2012,3,13,73,2012-03-13,6.08,9.33,3.7,92.05,0.15,12.87,6.4
11.39044,55.32523,2012,3,14,74,2012-03-14,4.79,7,3.4,94.27,0.12,11.98,4.13
11.39044,55.32523,2012,3,15,75,2012-03-15,4.17,5.53,3.29,91.5,0.37,3.03,3.67
11.39044,55.32523,2012,3,16,76,2012-03-16,5.18,9.8,2.38,93.62,0.19,11.74,3.75
11.39044,55.32523,2012,3,17,77,2012-03-17,5.63,7.46,3.85,91.55,0.81,7.95,4.13
11.39044,55.32523,2012,3,18,78,2012-03-18,5.42,7.64,3.23,95.71,5.23,4.65,3.44
11.39044,55.32523,2012,3,19,79,2012-03-19,4.05,6.48,2.25,82.55,0.03,14.98,7.53
11.39044,55.32523,2012,3,20,80,2012-03-20,5.64,7.97,3.28,95.39,0.64,6.89,7.17
11.39044,55.32523,2012,3,21,81,2012-03-21,7.09,10.56,5.18,90.71,0.15,14.41,5.2
11.39044,55.32523,2012,3,22,82,2012-03-22,6.72,10.68,4.21,92.64,0.09,14.86,3.66
11.39044,55.32523,2012,3,23,83,2012-03-23,6.16,9.7,3.8,90.88,0.09,12.51,1.87
11.39044,55.32523,2012,3,24,84,2012-03-24,5.13,6.45,3.78,96.02,0.28,10.03,2.51
11.39044,55.32523,2012,3,25,85,2012-03-25,6.2,10.14,3.29,87.44,0.1,16.46,3.22
11.39044,55.32523,2012,3,26,86,2012-03-26,6.88,10.11,4.24,89.26,0.01,10,2.55
11.39044,55.32523,2012,3,27,87,2012-03-27,8.57,13.6,5.29,89.72,0.05,14.96,4.26
11.39044,55.32523,2012,3,28,88,2012-03-28,7.81,12.2,4.99,86.9,0.01,14.62,8.19
11.39044,55.32523,2012,3,29,89,2012-03-29,6.63,9.2,4.87,83.88,0.05,12.24,8.33
11.39044,55.32523,2012,3,30,90,2012-03-30,6.68,9.31,4.24,84.32,0.49,16.61,7.95
11.39044,55.32523,2012,3,31,91,2012-03-31,4.25,6.28,2.08,76.02,0.62,13.28,8.44
11.39044,55.32523,2012,4,1,92,2012-04-01,4.04,6.65,0.62,88.64,1.59,9.85,7.61
11.39044,55.32523,2012,4,2,93,2012-04-02,2.97,4.65,1.15,69.88,0,14.77,6.87
11.39044,55.32523,2012,4,3,94,2012-04-03,2.66,4.47,0.95,68.25,0.02,13.63,2.74
11.39044,55.32523,2012,4,4,95,2012-04-04,3.34,6.3,1,69.88,0,17.37,5.03
11.39044,55.32523,2012,4,5,96,2012-04-05,4.22,7.25,1.64,70.43,0,19.25,2.2
11.39044,55.32523,2012,4,6,97,2012-04-06,3.2,4.4,0.83,90.85,4.66,7.02,5.71
11.39044,55.32523,2012,4,7,98,2012-04-07,2.22,3.65,0.98,70.78,0.36,16.49,7.38
11.39044,55.32523,2012,4,8,99,2012-04-08,3.19,5.53,0.7,62.73,0.01,19.37,4.19
11.39044,55.32523,2012,4,9,100,2012-04-09,4.9,6.73,3.34,90.69,5.1,5.73,7.01
11.39044,55.32523,2012,4,10,101,2012-04-10,7.42,9.76,5.69,94.7,5.96,6.77,5.83
11.39044,55.32523,2012,4,11,102,2012-04-11,7.21,8.51,5.58,88.61,2.78,12.62,3.09
11.39044,55.32523,2012,4,12,103,2012-04-12,7.17,10.7,4,81.21,0.06,12.13,1.07
11.39044,55.32523,2012,4,13,104,2012-04-13,6.41,8.15,4.08,88.58,1.86,8.94,1.79
11.39044,55.32523,2012,4,14,105,2012-04-14,5.49,8.59,2.68,86.06,0.16,18.34,2.48
11.39044,55.32523,2012,4,15,106,2012-04-15,6.3,8.69,3.36,82.26,0.8,15.63,2.52
11.39044,55.32523,2012,4,16,107,2012-04-16,4.87,7.76,1.99,76.3,0.02,20.57,6.29
11.39044,55.32523,2012,4,17,108,2012-04-17,4.79,7,2.39,77.19,0.09,16.51,5.7
11.39044,55.32523,2012,4,18,109,2012-04-18,6.69,9.17,4.86,81.3,0.31,8.1,5.4
11.39044,55.32523,2012,4,19,110,2012-04-19,8.06,11.48,5.14,82.19,0.01,19.71,6.05
11.39044,55.32523,2012,4,20,111,2012-04-20,6.46,8.26,5.01,89.32,0.68,12.14,3.24
11.39044,55.32523,2012,4,21,112,2012-04-21,7.66,11.07,4.9,89.15,1.89,14.5,3.36
11.39044,55.32523,2012,4,22,113,2012-04-22,7.35,9.88,4.92,87.81,0.9,16.96,2.38
11.39044,55.32523,2012,4,23,114,2012-04-23,7.74,9.49,5.91,86.39,1.15,16.65,3.31
11.39044,55.32523,2012,4,24,115,2012-04-24,8.07,10.47,5.41,87.86,8.28,11.43,4.99
11.39044,55.32523,2012,4,25,116,2012-04-25,8.49,11.34,6.26,87.38,5.74,11.78,2.46
11.39044,55.32523,2012,4,26,117,2012-04-26,9.94,12.85,7.95,86.07,6.98,10.49,5.43
11.39044,55.32523,2012,4,27,118,2012-04-27,10.41,12.93,7.97,82.81,0.21,20.04,5.15
11.39044,55.32523,2012,4,28,119,2012-04-28,7.32,8.73,6.15,89.84,1.93,7.81,4.36
11.39044,55.32523,2012,4,29,120,2012-04-29,9.86,13.84,6.63,79.05,0.05,12.47,7.18
11.39044,55.32523,2012,4,30,121,2012-04-30,9.87,13.85,6.55,83.77,0.02,21.48,2.45
11.39044,55.32523,2012,5,1,122,2012-05-01,10.46,14.31,7.03,74.75,0,23.91,4.66
11.39044,55.32523,2012,5,2,123,2012-05-02,10.34,15.4,5.42,72.5,0,25.27,3.04
11.39044,55.32523,2012,5,3,124,2012-05-03,12.81,17.72,8.36,69.04,0.01,24.94,1.01
11.39044,55.32523,2012,5,4,125,2012-05-04,9.83,11.91,7.2,86.54,0.13,11.84,4.71
11.39044,55.32523,2012,5,5,126,2012-05-05,7.52,10.15,5.04,70.63,0,25.03,6.18
11.39044,55.32523,2012,5,6,127,2012-05-06,6.65,9.05,3.66,68.2,0.01,19.6,3.24
11.39044,55.32523,2012,5,7,128,2012-05-07,7.92,10.22,5.44,63.73,0,20.94,2.05
11.39044,55.32523,2012,5,8,129,2012-05-08,10.21,13.7,5.73,83.56,1.08,18.06,5.04
11.39044,55.32523,2012,5,9,130,2012-05-09,12.82,16.07,10.41,89.41,4.07,8.35,4.22
11.39044,55.32523,2012,5,10,131,2012-05-10,13.41,15.85,10.12,94.07,4.15,6.96,4.9
11.39044,55.32523,2012,5,11,132,2012-05-11,12.81,14.77,8.09,87.69,2.15,16.02,7.74
11.39044,55.32523,2012,5,12,133,2012-05-12,8.25,10,6.6,78.22,0.9,15.2,9.33
11.39044,55.32523,2012,5,13,134,2012-05-13,9.1,11.5,6.23,78.09,0.01,22.61,5.22
11.39044,55.32523,2012,5,14,135,2012-05-14,10.51,12.44,8.19,76.65,0.03,13.4,5.79
11.39044,55.32523,2012,5,15,136,2012-05-15,11.08,13.92,8.43,79.81,1.04,13.86,2.94
11.39044,55.32523,2012,5,16,137,2012-05-16,8.25,9.86,6.41,85.02,6.35,9.77,5.99
11.39044,55.32523,2012,5,17,138,2012-05-17,7.86,10.08,5.77,75.73,0.63,22.09,7.89
11.39044,55.32523,2012,5,18,139,2012-05-18,9.86,13.58,5.75,78.81,0.01,23.48,3.6
11.39044,55.32523,2012,5,19,140,2012-05-19,12.01,15.88,8.7,82.76,0.41,13.82,3.67
11.39044,55.32523,2012,5,20,141,2012-05-20,14.16,18.84,9.51,81.06,0.15,22.16,3.27
11.39044,55.32523,2012,5,21,142,2012-05-21,15.95,20.95,10.66,84.89,0.05,25.64,4.85
11.39044,55.32523,2012,5,22,143,2012-05-22,17.27,20.85,13.23,86.75,0.6,23.16,3.99
11.39044,55.32523,2012,5,23,144,2012-05-23,16.49,20.49,12.43,81.53,0.24,26.02,4.37
11.39044,55.32523,2012,5,24,145,2012-05-24,15.7,19.77,11.04,69.28,0,27.89,2.29
11.39044,55.32523,2012,5,25,146,2012-05-25,15.75,19.1,12.88,77.58,0,26.69,1.86
11.39044,55.32523,2012,5,26,147,2012-05-26,16.52,21.3,11.99,76.88,0.03,22.99,2.45
11.39044,55.32523,2012,5,27,148,2012-05-27,15.96,19.43,12.43,75.9,0,26.72,2.01
11.39044,55.32523,2012,5,28,149,2012-05-28,16.78,20.24,13.11,77.57,0,27.52,5.16
11.39044,55.32523,2012,5,29,150,2012-05-29,11.83,13.48,10.32,79.09,0.31,17.37,5.76
11.39044,55.32523,2012,5,30,151,2012-05-30,11.85,13.97,10.08,75.64,1.76,15.86,4.29
11.39044,55.32523,2012,5,31,152,2012-05-31,11.28,13.75,8.7,72.09,0.08,14.75,5.22
11.39044,55.32523,2012,6,1,153,2012-06-01,10.28,12.48,8.2,71.56,0.34,25.24,8.78
11.39044,55.32523,2012,6,2,154,2012-06-02,9.35,11.4,7.59,72.41,1.44,23.1,7.21
11.39044,55.32523,2012,6,3,155,2012-06-03,10.14,12.62,7.35,70.15,0.01,25.67,6.47
11.39044,55.32523,2012,6,4,156,2012-06-04,11.06,13.84,8.47,77.43,0.33,14.34,6.1
11.39044,55.32523,2012,6,5,157,2012-06-05,10.98,13.77,8.38,75.08,0.27,19.85,6.23
11.39044,55.32523,2012,6,6,158,2012-06-06,11.34,13.59,8.24,77.8,1.85,18.38,3.42
11.39044,55.32523,2012,6,7,159,2012-06-07,12.9,15.65,9.84,81.72,0.52,14.01,3.24
11.39044,55.32523,2012,6,8,160,2012-06-08,14.03,17.43,10.8,86.63,9.27,10.99,4.44
11.39044,55.32523,2012,6,9,161,2012-06-09,13.67,15.69,11.81,81.55,1.53,18.03,6.1
11.39044,55.32523,2012,6,10,162,2012-06-10,13.16,15.01,11.28,84.66,2.23,9.61,7.04
11.39044,55.32523,2012,6,11,163,2012-06-11,13.49,15.7,10.62,80.96,0.3,19.78,2.22
11.39044,55.32523,2012,6,12,164,2012-06-12,14.24,16.77,11.22,80.82,0.82,19.87,1.85
11.39044,55.32523,2012,6,13,165,2012-06-13,13.55,16.02,11.01,79.99,0.39,21.7,3.92
11.39044,55.32523,2012,6,14,166,2012-06-14,12.12,14.17,9.81,75.72,0.25,13.04,4.89
11.39044,55.32523,2012,6,15,167,2012-06-15,13.29,16.7,8.6,75.28,0.85,22.91,3.54
11.39044,55.32523,2012,6,16,168,2012-06-16,15.55,17.67,13.29,86.08,7,16.04,3.49
11.39044,55.32523,2012,6,17,169,2012-06-17,14.5,16.62,12.07,82.22,2.08,14.91,6.66
11.39044,55.32523,2012,6,18,170,2012-06-18,15.02,18.64,11.61,83.81,7.03,13.87,5.14
11.39044,55.32523,2012,6,19,171,2012-06-19,14.39,16.94,10.58,78.47,0.4,22.11,3.01
11.39044,55.32523,2012,6,20,172,2012-06-20,15.58,17.9,12.9,77.31,0.12,24.45,2.05
11.39044,55.32523,2012,6,21,173,2012-06-21,15.89,19.64,11.66,76.36,0,29.37,3.93
11.39044,55.32523,2012,6,22,174,2012-06-22,15.43,17.99,13.44,83.36,7.46,16,4.1
11.39044,55.32523,2012,6,23,175,2012-06-23,15.16,17.39,13.12,80.43,1.22,18.56,5.76
11.39044,55.32523,2012,6,24,176,2012-06-24,13.6,14.31,12.37,88.06,13.67,7.41,5.76
11.39044,55.32523,2012,6,25,177,2012-06-25,13.54,15.32,11.35,84.69,4.5,16.04,7.84
11.39044,55.32523,2012,6,26,178,2012-06-26,14.35,17.4,11.54,79.99,0.13,18.41,8.17
11.39044,55.32523,2012,6,27,179,2012-06-27,13.96,17.09,11.2,78.95,0,22.51,5.66
11.39044,55.32523,2012,6,28,180,2012-06-28,14.21,17.33,10.6,76.58,0.01,23.22,2.03
11.39044,55.32523,2012,6,29,181,2012-06-29,17.19,21.01,13.46,86.44,15.33,10.81,4.37
11.39044,55.32523,2012,6,30,182,2012-06-30,17.82,20.3,14,79.1,2.38,19.81,3.04
11.39044,55.32523,2012,7,1,183,2012-07-01,16.79,18.86,13.35,81.87,0.77,24.34,4.42
11.39044,55.32523,2012,7,2,184,2012-07-02,15.98,18.21,12.75,82.5,0.36,19.4,3.61
11.39044,55.32523,2012,7,3,185,2012-07-03,16.98,19.55,13.66,81.15,0.04,24.94,2.14
11.39044,55.32523,2012,7,4,186,2012-07-04,17.2,20.31,13.59,80.94,0.04,26.94,2.84
11.39044,55.32523,2012,7,5,187,2012-07-05,17.63,20.5,14.66,86.47,0.1,21.75,3.39
11.39044,55.32523,2012,7,6,188,2012-07-06,17.28,18.66,15.71,92.38,12.04,8.3,3.44
11.39044,55.32523,2012,7,7,189,2012-07-07,17.82,19.94,16.06,87.8,0.3,11.12,1.76
11.39044,55.32523,2012,7,8,190,2012-07-08,18.78,21.72,15.77,79.86,1.63,26.44,2.28
11.39044,55.32523,2012,7,9,191,2012-07-09,16.87,18.38,15.15,86.82,3.44,10.77,7.92
11.39044,55.32523,2012,7,10,192,2012-07-10,15.97,17.36,13.91,83.01,1.14,13.53,6.71
11.39044,55.32523,2012,7,11,193,2012-07-11,15.84,17.93,13.48,83.89,3.86,14.57,3.94
11.39044,55.32523,2012,7,12,194,2012-07-12,14.85,16.99,13.23,81.47,2.69,20.26,6.06
11.39044,55.32523,2012,7,13,195,2012-07-13,15.39,18.41,12.66,76.67,0.74,20.32,4.71
11.39044,55.32523,2012,7,14,196,2012-07-14,16.16,18.23,13.64,83.62,2.57,15.43,3.8
11.39044,55.32523,2012,7,15,197,2012-07-15,14.88,17.31,12.88,75.63,0.42,18.58,6.11
11.39044,55.32523,2012,7,16,198,2012-07-16,14.57,16.52,12.7,80.57,2.49,18.54,6.7
11.39044,55.32523,2012,7,17,199,2012-07-17,15.26,17.88,12.84,78.08,1.26,18.91,6.08
11.39044,55.32523,2012,7,18,200,2012-07-18,15.05,17.72,12.64,83.12,7.82,16.89,5.02
11.39044,55.32523,2012,7,19,201,2012-07-19,16.07,18.24,14.53,81.74,3.89,15.4,4.44
11.39044,55.32523,2012,7,20,202,2012-07-20,15.36,17.66,12.86,79.47,1.42,17.22,5.88
11.39044,55.32523,2012,7,21,203,2012-07-21,15.46,18.05,12.43,76.69,0.79,19.88,5.91
11.39044,55.32523,2012,7,22,204,2012-07-22,15.54,18.42,12.26,78.13,0.01,22.54,5.08
11.39044,55.32523,2012,7,23,205,2012-07-23,17.81,20.8,15.11,75.43,0,24.64,5.78
11.39044,55.32523,2012,7,24,206,2012-07-24,19.54,23.24,15.49,75.64,0,25.5,3.16
11.39044,55.32523,2012,7,25,207,2012-07-25,21.06,25.79,15.93,72.22,0.02,24.9,1.59
11.39044,55.32523,2012,7,26,208,2012-07-26,19.01,21.79,16.28,77.99,0.02,26.42,2.86
11.39044,55.32523,2012,7,27,209,2012-07-27,19.52,23.21,15.07,79,0.14,26.01,3.05
11.39044,55.32523,2012,7,28,210,2012-07-28,18.49,21.15,14.42,87.47,8.5,8.71,5.26
11.39044,55.32523,2012,7,29,211,2012-07-29,16.07,17.96,14.19,77.47,4.29,6.87,2.18
11.39044,55.32523,2012,7,30,212,2012-07-30,16.19,17.83,14.5,77.15,3.41,15.34,4.28
11.39044,55.32523,2012,7,31,213,2012-07-31,15.54,17.82,13.62,75.14,2.62,20.64,5.23
11.39044,55.32523,2012,8,1,214,2012-08-01,16.88,19.78,13.64,80.15,0.49,18.06,3.51
11.39044,55.32523,2012,8,2,215,2012-08-02,19.09,21.89,16.72,85.5,0.52,13.13,4.96
11.39044,55.32523,2012,8,3,216,2012-08-03,18.31,20.86,15.38,81.93,0.6,22.16,3.38
11.39044,55.32523,2012,8,4,217,2012-08-04,17.51,20.22,14.53,80.93,1.05,15.36,3.02
11.39044,55.32523,2012,8,5,218,2012-08-05,18.33,21.42,15.28,83.79,0.99,18.87,2.51
11.39044,55.32523,2012,8,6,219,2012-08-06,18.18,20.75,16.14,85.74,2.26,13.99,4.81
11.39044,55.32523,2012,8,7,220,2012-08-07,16.87,18.85,14.9,80.06,1.53,17.01,7.5
11.39044,55.32523,2012,8,8,221,2012-08-08,16.01,18.42,14,73.7,0.09,17.57,7.68
11.39044,55.32523,2012,8,9,222,2012-08-09,16.49,19.46,13.41,76.63,0.17,19.69,5.16
11.39044,55.32523,2012,8,10,223,2012-08-10,15.89,18.54,13.43,77.98,0.25,13.42,4.46
11.39044,55.32523,2012,8,11,224,2012-08-11,16.78,19.82,13.05,74.68,0.01,22.58,1.55
11.39044,55.32523,2012,8,12,225,2012-08-12,17.28,20.05,14.45,74.79,0.01,19.98,2.06
11.39044,55.32523,2012,8,13,226,2012-08-13,16.54,19.59,13.58,76.66,0,22.42,4.15
11.39044,55.32523,2012,8,14,227,2012-08-14,16.59,19.34,13.16,76.51,0,21.77,3.1
11.39044,55.32523,2012,8,15,228,2012-08-15,17.58,20.79,14.84,77.61,0.01,22.22,2.56
11.39044,55.32523,2012,8,16,229,2012-08-16,16.95,19.19,14.54,89.21,1.56,9.16,2.86
11.39044,55.32523,2012,8,17,230,2012-08-17,18.16,21.41,14.23,79.72,0.06,18.12,1.89
11.39044,55.32523,2012,8,18,231,2012-08-18,20.27,24.61,17.1,79.28,0.22,16.9,3.81
11.39044,55.32523,2012,8,19,232,2012-08-19,20.99,24.93,17.81,79.07,0.01,18.71,2.86
11.39044,55.32523,2012,8,20,233,2012-08-20,20.89,24.91,17.68,83.09,0.2,18.37,4.79
11.39044,55.32523,2012,8,21,234,2012-08-21,18.39,20.68,15.94,81.69,0.08,10.19,3.18
11.39044,55.32523,2012,8,22,235,2012-08-22,17.83,20.01,15.98,79.04,6.27,16.1,6.43
11.39044,55.32523,2012,8,23,236,2012-08-23,17.27,19.38,15.62,78.7,1.63,17.39,6.86
11.39044,55.32523,2012,8,24,237,2012-08-24,16.62,18.53,14.76,74.52,0.16,10.91,2.43
11.39044,55.32523,2012,8,25,238,2012-08-25,16.76,19.02,14.85,84.63,4.46,7.18,3.58
11.39044,55.32523,2012,8,26,239,2012-08-26,16.71,17.99,14.03,87.14,5,9.9,5.5
11.39044,55.32523,2012,8,27,240,2012-08-27,15.85,18.56,13.11,72.3,0.02,17.03,5.18
11.39044,55.32523,2012,8,28,241,2012-08-28,17.05,19.93,14.72,80.08,0.82,6.74,4.66
11.39044,55.32523,2012,8,29,242,2012-08-29,17.38,20.25,14.2,80.27,0.16,17.39,2.78
11.39044,55.32523,2012,8,30,243,2012-08-30,17.85,19.45,15.99,82.44,0.71,10.08,2.85
11.39044,55.32523,2012,8,31,244,2012-08-31,16.53,18.62,14.12,78.72,0.12,15.6,3.46
11.39044,55.32523,2012,9,1,245,2012-09-01,15.19,17.45,13.07,77.39,0.13,12.87,4.64
11.39044,55.32523,2012,9,2,246,2012-09-02,16.52,18.2,14.92,82.66,0.54,11.66,6.2
11.39044,55.32523,2012,9,3,247,2012-09-03,16.17,18.99,13.38,82.46,0.14,17.02,3.47
11.39044,55.32523,2012,9,4,248,2012-09-04,16.89,20.1,13.88,84.83,0.14,11.75,5.39
11.39044,55.32523,2012,9,5,249,2012-09-05,15.12,17.66,12.79,72.71,0.07,12.96,6.88
11.39044,55.32523,2012,9,6,250,2012-09-06,14.08,16.25,11.95,72.69,1.14,13.17,7.1
11.39044,55.32523,2012,9,7,251,2012-09-07,15.5,17.55,13.06,79.45,0.88,12.34,7.44
11.39044,55.32523,2012,9,8,252,2012-09-08,15.35,18.41,12.72,81.4,0.08,12.91,5.68
11.39044,55.32523,2012,9,9,253,2012-09-09,15.54,17.48,12.87,87.83,0.06,9.85,3.71
11.39044,55.32523,2012,9,10,254,2012-09-10,17.87,21.63,15.3,86.41,0.09,11.93,4.65
11.39044,55.32523,2012,9,11,255,2012-09-11,16.13,18.91,12.44,87.38,4.98,6.61,5.63
11.39044,55.32523,2012,9,12,256,2012-09-12,13.24,14.7,11.72,75.85,0.53,13.37,4.91
11.39044,55.32523,2012,9,13,257,2012-09-13,13.17,15.9,10.19,73.45,0.17,15.43,4.17
11.39044,55.32523,2012,9,14,258,2012-09-14,13.8,16.47,12.37,84,4.48,5.84,8.55
11.39044,55.32523,2012,9,15,259,2012-09-15,13.99,16.41,12.22,82.73,0.47,8.95,6.9
11.39044,55.32523,2012,9,16,260,2012-09-16,14.87,17.69,11.63,84.41,0.15,10.21,5.62
11.39044,55.32523,2012,9,17,261,2012-09-17,15.42,17.36,12.86,78.1,0.3,13.5,6.02
11.39044,55.32523,2012,9,18,262,2012-09-18,14.31,16.22,11.64,84.06,3.91,8.29,6.11
11.39044,55.32523,2012,9,19,263,2012-09-19,11.7,13.12,10.55,76.45,0.98,12.08,7.33
11.39044,55.32523,2012,9,20,264,2012-09-20,11.51,13.22,9.8,83.65,3.76,8.86,5.74
11.39044,55.32523,2012,9,21,265,2012-09-21,12.62,13.49,11.29,86.78,11.11,5.68,7.59
11.39044,55.32523,2012,9,22,266,2012-09-22,10.93,12.29,9.38,81.52,1.23,7.5,6.6
11.39044,55.32523,2012,9,23,267,2012-09-23,11.19,13.94,8.48,76.19,0.17,13.12,4.46
11.39044,55.32523,2012,9,24,268,2012-09-24,11.07,12.32,9.28,88.04,11.15,3.57,7.76
11.39044,55.32523,2012,9,25,269,2012-09-25,12.64,14.96,10.56,93.06,4.29,4.71,4.25
11.39044,55.32523,2012,9,26,270,2012-09-26,12.51,14.27,10.85,96.7,6.27,1.28,4.07
11.39044,55.32523,2012,9,27,271,2012-09-27,12.56,15.02,10.9,91.24,3.08,6.68,5.26
11.39044,55.32523,2012,9,28,272,2012-09-28,11.97,14.1,9.75,86.94,1.07,8.1,5.66
11.39044,55.32523,2012,9,29,273,2012-09-29,12.27,13.5,10.88,86.66,4.57,5.36,6.97
11.39044,55.32523,2012,9,30,274,2012-09-30,12.39,14.3,10.34,84.11,0.52,7.08,6.87
11.39044,55.32523,2012,10,1,275,2012-10-01,13.04,14.45,11.57,87.57,0.57,4.89,6.12
11.39044,55.32523,2012,10,2,276,2012-10-02,13.37,15.59,11.4,87.36,0.95,7.03,5.02
11.39044,55.32523,2012,10,3,277,2012-10-03,12.93,14.97,11.56,91.83,3.62,4.47,5.83
11.39044,55.32523,2012,10,4,278,2012-10-04,10.91,12.13,9.07,87.26,1.63,5.21,4.95
11.39044,55.32523,2012,10,5,279,2012-10-05,9.63,10.6,8.34,92.09,8.96,2.52,5.34
11.39044,55.32523,2012,10,6,280,2012-10-06,10.19,11.68,9.21,87.87,1.51,5.88,4.87
11.39044,55.32523,2012,10,7,281,2012-10-07,10.17,11.99,8.33,84.6,0.8,7.55,8.22
11.39044,55.32523,2012,10,8,282,2012-10-08,10.58,12.61,9.02,81.02,1.01,8.88,7.95
11.39044,55.32523,2012,10,9,283,2012-10-09,9.11,11,7.46,79.35,0.42,9.14,8.34
11.39044,55.32523,2012,10,10,284,2012-10-10,8.97,11.5,7.41,84.43,0.41,8.39,5.41
11.39044,55.32523,2012,10,11,285,2012-10-11,8.76,10.43,7.04,88.8,0.94,8.51,2.41
11.39044,55.32523,2012,10,12,286,2012-10-12,8.69,11.03,6.63,85.91,2.33,8.83,6.29
11.39044,55.32523,2012,10,13,287,2012-10-13,10.02,12.69,8.16,86.76,11.18,6.26,5.53
11.39044,55.32523,2012,10,14,288,2012-10-14,8.75,9.89,7.88,93.34,3.63,2.53,3.76
11.39044,55.32523,2012,10,15,289,2012-10-15,8.21,8.94,7.57,89.23,0.63,3.54,3.58
11.39044,55.32523,2012,10,16,290,2012-10-16,9.86,11.65,8.4,87.28,1.5,4.88,7.51
11.39044,55.32523,2012,10,17,291,2012-10-17,10.44,12.18,8.45,88.82,1.17,6.25,6.82
11.39044,55.32523,2012,10,18,292,2012-10-18,11.9,13.54,10.31,92.7,5.47,2.67,4.07
11.39044,55.32523,2012,10,19,293,2012-10-19,12.26,14.75,10.5,94.67,0.52,5.18,2.29
11.39044,55.32523,2012,10,20,294,2012-10-20,12.67,15.24,10.61,95.23,0.05,4.8,2.81
11.39044,55.32523,2012,10,21,295,2012-10-21,10.45,11.9,9.38,95.02,0.17,1.89,3
11.39044,55.32523,2012,10,22,296,2012-10-22,10.25,11.46,9.42,93.06,2.27,1.84,4.35
11.39044,55.32523,2012,10,23,297,2012-10-23,9.51,10.59,8.62,92.45,0.84,1.89,3.43
11.39044,55.32523,2012,10,24,298,2012-10-24,9.32,10.4,8.38,85.46,0.23,2.64,3.27
11.39044,55.32523,2012,10,25,299,2012-10-25,7.91,9.68,4.71,75.21,0.29,3.85,8.64
11.39044,55.32523,2012,10,26,300,2012-10-26,4.6,6.84,2.87,76.24,1.21,6.23,6.1
11.39044,55.32523,2012,10,27,301,2012-10-27,4.22,7.11,2.12,74.27,0.18,5.67,4.1
11.39044,55.32523,2012,10,28,302,2012-10-28,4.76,6.41,3.21,73.05,0.03,6.63,3.22
11.39044,55.32523,2012,10,29,303,2012-10-29,5.48,6.22,4.49,87.77,9.27,1.59,9.23
11.39044,55.32523,2012,10,30,304,2012-10-30,5.99,7.23,4.18,85.19,0.94,6.01,3.66
11.39044,55.32523,2012,10,31,305,2012-10-31,6.68,8.39,4.98,93,0.04,3.37,6.58
11.39044,55.32523,2012,11,1,306,2012-11-01,6.28,7.23,5.6,93.42,3.99,1.66,6.96
11.39044,55.32523,2012,11,2,307,2012-11-02,7.2,7.77,6.19,90.44,1.8,2.5,7.62
11.39044,55.32523,2012,11,3,308,2012-11-03,6.74,7.92,5.78,91.65,2.33,3.49,5.33
11.39044,55.32523,2012,11,4,309,2012-11-04,7.06,8.97,5.97,91.47,2.27,5.22,5.33
11.39044,55.32523,2012,11,5,310,2012-11-05,5.58,6.19,4.92,93.05,4.82,1.61,4.87
11.39044,55.32523,2012,11,6,311,2012-11-06,5.95,8.81,3.23,90.84,2.31,3.81,6.61
11.39044,55.32523,2012,11,7,312,2012-11-07,7.84,9.27,6.05,87.23,0.61,2.38,8.08
11.39044,55.32523,2012,11,8,313,2012-11-08,8.69,9.67,7.31,92.78,2.66,2.86,7
11.39044,55.32523,2012,11,9,314,2012-11-09,7.96,9.13,7.28,95.71,0.71,2.2,4.36
11.39044,55.32523,2012,11,10,315,2012-11-10,7.42,8.09,6.64,93.21,2.45,2.19,5.35
11.39044,55.32523,2012,11,11,316,2012-11-11,8.18,9.86,7.25,93.72,1.08,3.36,5.64
11.39044,55.32523,2012,11,12,317,2012-11-12,7.12,8.77,5.45,91.72,0.21,3.98,5.11
11.39044,55.32523,2012,11,13,318,2012-11-13,6.47,7.6,5.14,95.42,0.53,1.91,4.76
11.39044,55.32523,2012,11,14,319,2012-11-14,8.29,9.26,7.29,96.19,0.33,1.04,4.65
11.39044,55.32523,2012,11,15,320,2012-11-15,8.39,9.79,7.3,97.48,0.45,2.07,3.63
11.39044,55.32523,2012,11,16,321,2012-11-16,5.43,7.41,2.51,94.65,0.13,1.42,3.8
11.39044,55.32523,2012,11,17,322,2012-11-17,3.33,4.51,2.26,88.7,0.07,1.47,5.2
11.39044,55.32523,2012,11,18,323,2012-11-18,5.85,7.99,3.79,97.22,1,1.31,3.51
11.39044,55.32523,2012,11,19,324,2012-11-19,5,7.19,3.27,96.79,0.1,3.24,4.88
11.39044,55.32523,2012,11,20,325,2012-11-20,6.65,7.54,5.97,96.02,0.26,1.11,5.91
11.39044,55.32523,2012,11,21,326,2012-11-21,6.24,7.24,5.38,93.31,0.24,0.76,6.31
11.39044,55.32523,2012,11,22,327,2012-11-22,7.43,9.39,5.65,92.8,0.37,2.52,6.09
11.39044,55.32523,2012,11,23,328,2012-11-23,5.83,6.77,5.08,95.7,2.93,1.72,6.33
11.39044,55.32523,2012,11,24,329,2012-11-24,4.92,5.51,4.29,98.13,0.44,1.01,3.05
11.39044,55.32523,2012,11,25,330,2012-11-25,6.44,8.08,4.49,90.65,10.58,0.36,8.18
11.39044,55.32523,2012,11,26,331,2012-11-26,7.71,8.76,5.48,92.08,2.39,1.7,6.83
11.39044,55.32523,2012,11,27,332,2012-11-27,6.03,6.97,5.15,92.13,0.68,1.3,1.15
11.39044,55.32523,2012,11,28,333,2012-11-28,4.76,6.09,3.47,92.84,1.22,1.1,3.15
11.39044,55.32523,2012,11,29,334,2012-11-29,2.91,3.58,2.26,85.34,0.51,1.38,6.35
11.39044,55.32523,2012,11,30,335,2012-11-30,1.23,2.22,-0.52,81.88,0.57,1.5,4.9
11.39044,55.32523,2012,12,1,336,2012-12-01,0.79,2.04,-0.76,81.71,2.39,2.01,2.01
11.39044,55.32523,2012,12,2,337,2012-12-02,-0.2,1.74,-2.08,86.1,3.71,1.38,4.22
11.39044,55.32523,2012,12,3,338,2012-12-03,0.69,2.57,-2.07,86.1,1.01,1.07,4.77
11.39044,55.32523,2012,12,4,339,2012-12-04,0.94,1.94,-0.77,88.22,1.91,0.76,4.86
11.39044,55.32523,2012,12,5,340,2012-12-05,-2.05,-1.06,-2.53,79.8,0.61,2.09,5.96
11.39044,55.32523,2012,12,6,341,2012-12-06,-1.24,0,-2.24,79.78,0.37,1.86,5.38
11.39044,55.32523,2012,12,7,342,2012-12-07,0.22,1.1,-0.52,91.2,0.46,1.57,2.78
11.39044,55.32523,2012,12,8,343,2012-12-08,-1.12,0.32,-2.31,81.79,0.14,1.57,3.2
11.39044,55.32523,2012,12,9,344,2012-12-09,0.65,2.08,-1.69,93.35,12.54,0.49,5.79
11.39044,55.32523,2012,12,10,345,2012-12-10,-0.2,1.57,-0.94,90.53,1.82,0.87,8.1
11.39044,55.32523,2012,12,11,346,2012-12-11,-1.31,-0.73,-2.23,83.49,0.13,1.04,6.61
11.39044,55.32523,2012,12,12,347,2012-12-12,-2.07,-1.01,-2.75,76.26,0.31,1.41,2.13
11.39044,55.32523,2012,12,13,348,2012-12-13,-3.32,-1.71,-4.75,87.14,0.11,1.33,3.67
11.39044,55.32523,2012,12,14,349,2012-12-14,-0.34,0.64,-1.34,89.82,0.61,1.23,7.72
11.39044,55.32523,2012,12,15,350,2012-12-15,2.4,3.27,0.72,94.79,5.07,0.85,6.19
11.39044,55.32523,2012,12,16,351,2012-12-16,2.62,2.99,2.45,97.98,3.02,1,3.91
11.39044,55.32523,2012,12,17,352,2012-12-17,2.63,3.13,2.3,99.27,3.1,0.78,3.21
11.39044,55.32523,2012,12,18,353,2012-12-18,1.78,2.63,0.53,97.68,0.76,0.84,4.68
11.39044,55.32523,2012,12,19,354,2012-12-19,-0.27,0.86,-1,93.28,0.16,0.94,3.03
11.39044,55.32523,2012,12,20,355,2012-12-20,0.65,2.2,-0.1,92.73,0.25,1.13,4.92
11.39044,55.32523,2012,12,21,356,2012-12-21,0.42,1.36,-0.3,90.19,0.26,1.55,6.44
11.39044,55.32523,2012,12,22,357,2012-12-22,-0.23,0.37,-0.9,86.33,0.92,1.02,6.95
11.39044,55.32523,2012,12,23,358,2012-12-23,0.13,3.05,-0.69,89.4,10.11,0.6,9.76
11.39044,55.32523,2012,12,24,359,2012-12-24,2.9,4.07,2.12,98.34,6.41,1.39,6.02
11.39044,55.32523,2012,12,25,360,2012-12-25,3.63,5.86,2.27,95.68,2.06,0.94,6.56
11.39044,55.32523,2012,12,26,361,2012-12-26,4.09,4.54,3.56,97.58,2.02,1.62,7.19
11.39044,55.32523,2012,12,27,362,2012-12-27,2.06,4.22,-0.97,91.19,7.84,0.91,5.41
11.39044,55.32523,2012,12,28,363,2012-12-28,0.01,1.15,-1.31,85.56,1.72,1.78,5.33
11.39044,55.32523,2012,12,29,364,2012-12-29,4.38,5.41,1.71,97.91,1.92,0.58,7.41
11.39044,55.32523,2012,12,30,365,2012-12-30,4.58,5.59,3.33,94.08,1.14,1.44,7.29
11.39044,55.32523,2013,1,1,1,2013-01-01,4.91,6.5,2.67,96.36,2.41,1.41,5.42
11.39044,55.32523,2013,1,2,2,2013-01-02,3.98,4.79,3.47,95.81,1.33,2.37,5.72
11.39044,55.32523,2013,1,3,3,2013-01-03,5.92,7.47,3.93,94.15,5.7,1.75,8.4
11.39044,55.32523,2013,1,4,4,2013-01-04,5.76,7.25,4.28,96.61,1.07,1.08,7
11.39044,55.32523,2013,1,5,5,2013-01-05,4.52,6.46,3.53,94.76,0.54,1.24,2.83
11.39044,55.32523,2013,1,6,6,2013-01-06,5.04,5.86,4,97.62,0.79,0.88,3.54
11.39044,55.32523,2013,1,7,7,2013-01-07,3.93,4.36,3.56,96.83,1.86,0.89,3.27
11.39044,55.32523,2013,1,8,8,2013-01-08,4.62,5.14,4.35,98.39,5.25,1.2,2.14
11.39044,55.32523,2013,1,9,9,2013-01-09,4.41,4.94,3.43,97.13,7.46,0.74,4.29
11.39044,55.32523,2013,1,10,10,2013-01-10,1.14,3.56,-0.37,81.82,0.56,0.98,7.02
11.39044,55.32523,2013,1,11,11,2013-01-11,-0.05,0.55,-0.57,77.93,0.83,1.65,5.52
11.39044,55.32523,2013,1,12,12,2013-01-12,-1,-0.37,-1.69,81.79,0.34,1.52,3.73
11.39044,55.32523,2013,1,13,13,2013-01-13,-0.69,-0.23,-1.25,84.23,0.64,2.42,4.58
11.39044,55.32523,2013,1,14,14,2013-01-14,-1.99,-0.3,-3.05,83.24,1.46,1.51,5.5
11.39044,55.32523,2013,1,15,15,2013-01-15,-3.55,-2.4,-3.97,85.25,0.47,1.61,2.32
11.39044,55.32523,2013,1,16,16,2013-01-16,-2.72,-1.54,-3.69,75.02,0.06,1.96,1.84
11.39044,55.32523,2013,1,17,17,2013-01-17,-2.81,-1.15,-3.92,81.13,0.02,1.52,3.98
11.39044,55.32523,2013,1,18,18,2013-01-18,-3.14,-1.73,-4.44,94.79,0.1,1.18,5.63
11.39044,55.32523,2013,1,19,19,2013-01-19,-3.71,-2.25,-5.01,94.99,0.26,1.7,6.39
11.39044,55.32523,2013,1,20,20,2013-01-20,-4.97,-3.33,-6.41,91.12,0.02,2.76,4.95
11.39044,55.32523,2013,1,21,21,2013-01-21,-2.96,-1.47,-4.26,92.99,0.27,2.9,7.94
11.39044,55.32523,2013,1,22,22,2013-01-22,-2,-0.71,-2.71,86.27,0.51,1.44,6.44
11.39044,55.32523,2013,1,23,23,2013-01-23,-3.63,-2.66,-4.65,93.34,0.05,1.9,4.61
11.39044,55.32523,2013,1,24,24,2013-01-24,-3.69,-2.01,-5.1,94.72,0.02,2.6,3.14
11.39044,55.32523,2013,1,25,25,2013-01-25,-3.06,-1.8,-4.9,88.01,0.17,1.92,2.37
11.39044,55.32523,2013,1,26,26,2013-01-26,-3.36,-1.78,-4.59,88.9,1.37,0.98,7.57
11.39044,55.32523,2013,1,27,27,2013-01-27,0.29,1.48,-1.43,97.11,5.13,0.98,6.73
11.39044,55.32523,2013,1,28,28,2013-01-28,1.06,1.47,0.41,97.01,0.42,2.67,6.49
11.39044,55.32523,2013,1,29,29,2013-01-29,2.13,3.67,0.8,97.48,5.9,2.61,6.76
11.39044,55.32523,2013,1,30,30,2013-01-30,3.28,4.92,1.08,94.42,14.14,2.08,7.7
11.39044,55.32523,2013,1,31,31,2013-01-31,3.73,5.12,1.94,91.51,2.7,3,9.26
11.39044,55.32523,2013,2,1,32,2013-02-01,1.98,3.1,1.06,97.23,3.72,2.01,3.61
11.39044,55.32523,2013,2,2,33,2013-02-02,-0.12,1.37,-1.23,88.81,0.36,4.19,4.45
11.39044,55.32523,2013,2,3,34,2013-02-03,0.44,2.01,-1.06,96.07,2.64,2.06,5.35
11.39044,55.32523,2013,2,4,35,2013-02-04,2.18,4.34,0.83,92.25,4.64,2.72,7.74
11.39044,55.32523,2013,2,5,36,2013-02-05,1.47,2.44,0.51,95.38,0.9,3.94,6.22
11.39044,55.32523,2013,2,6,37,2013-02-06,0.33,1.45,-0.99,94.96,2.63,3.51,4.37
11.39044,55.32523,2013,2,7,38,2013-02-07,-0.37,0.65,-1.02,90.8,0.52,1.62,4.62
11.39044,55.32523,2013,2,8,39,2013-02-08,-0.1,0.97,-0.7,89.02,0.55,2.01,4.62
11.39044,55.32523,2013,2,9,40,2013-02-09,-1.74,-0.93,-2.76,87.41,2.11,1.73,4.59
11.39044,55.32523,2013,2,10,41,2013-02-10,-2.28,-1.08,-2.87,83.74,0.21,3.31,2.73
11.39044,55.32523,2013,2,11,42,2013-02-11,-1.86,-0.03,-3.6,85.54,0.16,3.93,4.54
11.39044,55.32523,2013,2,12,43,2013-02-12,-2.14,-1.25,-2.78,88.64,0.91,3.12,4.8
11.39044,55.32523,2013,2,13,44,2013-02-13,-2.24,-0.89,-3.23,86.61,0.08,3.69,1.44
11.39044,55.32523,2013,2,14,45,2013-02-14,-1.67,0.42,-3.93,89.72,0.06,4.19,4.27
11.39044,55.32523,2013,2,15,46,2013-02-15,-0.29,1.26,-1.55,93.29,0.25,2.44,4.66
11.39044,55.32523,2013,2,16,47,2013-02-16,-0.01,1.72,-0.86,95.92,0.28,1.72,2.57
11.39044,55.32523,2013,2,17,48,2013-02-17,0.24,1.69,-0.73,92.8,0.21,1.41,1.55
11.39044,55.32523,2013,2,18,49,2013-02-18,0.5,1.32,-0.67,96.5,4.84,2.52,5.32
11.39044,55.32523,2013,2,19,50,2013-02-19,-0.19,1.01,-1.35,87.5,0.82,4.14,6.74
11.39044,55.32523,2013,2,20,51,2013-02-20,-1.15,0.31,-3.16,83.48,0.16,3.44,6.04
11.39044,55.32523,2013,2,21,52,2013-02-21,-2.7,-1.03,-4.39,83.79,0.13,5.09,4.07
11.39044,55.32523,2013,2,22,53,2013-02-22,-3.25,-1.52,-5.31,92.82,0.1,5.09,3.4
11.39044,55.32523,2013,2,23,54,2013-02-23,-2.02,-0.16,-3.56,89.03,0.21,3.22,6.04
11.39044,55.32523,2013,2,24,55,2013-02-24,-0.45,1.13,-2.3,92.9,1.77,2.42,7.08
11.39044,55.32523,2013,2,25,56,2013-02-25,0.58,1.86,-0.25,92.74,0.36,4.18,5.77
11.39044,55.32523,2013,2,26,57,2013-02-26,0.36,2.12,-0.82,91.84,0.1,5.35,2.62
11.39044,55.32523,2013,2,27,58,2013-02-27,-0.21,2.06,-1.89,95.62,0.05,5.71,2.4
11.39044,55.32523,2013,2,28,59,2013-02-28,0.95,3.07,-1.71,96.79,0.36,7.84,5.32
11.39044,55.32523,2013,3,1,60,2013-03-01,1.27,3.98,-0.33,87.92,0.02,11.09,4.4
11.39044,55.32523,2013,3,2,61,2013-03-02,1.45,3.12,-0.39,89.97,0.2,5.82,7.01
11.39044,55.32523,2013,3,3,62,2013-03-03,1.28,3.75,-0.1,84.81,0,11.2,4.48
11.39044,55.32523,2013,3,4,63,2013-03-04,0.61,3.9,-1.14,92.42,0.09,11.11,2.67
11.39044,55.32523,2013,3,5,64,2013-03-05,1.69,5.02,-0.25,91.26,0,10.48,3.59
11.39044,55.32523,2013,3,6,65,2013-03-06,3.23,7.88,1.39,89.83,0,9.11,2.04
11.39044,55.32523,2013,3,7,66,2013-03-07,1.36,3.53,-0.18,78.89,0,9.16,8.65
11.39044,55.32523,2013,3,8,67,2013-03-08,0.41,1.83,-0.69,74.25,0,9.19,9.02
11.39044,55.32523,2013,3,9,68,2013-03-09,-0.4,1.46,-1.62,74.29,0.01,11.35,8.98
11.39044,55.32523,2013,3,10,69,2013-03-10,-2.63,-1.7,-4.36,69.99,0.41,6.96,10.25
11.39044,55.32523,2013,3,11,70,2013-03-11,-4.04,-2.86,-5.31,72.55,0.06,9.49,6.41
11.39044,55.32523,2013,3,12,71,2013-03-12,-2.03,0.23,-4.66,66.23,0.1,13.25,2.83
11.39044,55.32523,2013,3,13,72,2013-03-13,-1.96,-1.4,-2.35,89.29,3.69,5.19,3.98
11.39044,55.32523,2013,3,14,73,2013-03-14,-2.82,-1.39,-4.38,88.17,0.48,7.61,4.4
11.39044,55.32523,2013,3,15,74,2013-03-15,-2.05,0.33,-3.86,77.09,0,12.8,2.06
11.39044,55.32523,2013,3,16,75,2013-03-16,-0.92,0.48,-3.21,80.21,1.03,6.97,7.26
11.39044,55.32523,2013,3,17,76,2013-03-17,-0.24,0.95,-1.62,73.04,0,10.19,9.66
11.39044,55.32523,2013,3,18,77,2013-03-18,-0.73,-0.33,-1.54,69.68,0.85,4.39,11.47
11.39044,55.32523,2013,3,19,78,2013-03-19,-1.86,-0.73,-2.88,84.61,2.76,5.14,7.98
11.39044,55.32523,2013,3,20,79,2013-03-20,-2.17,-1.14,-2.94,87.74,3.21,4.23,5.96
11.39044,55.32523,2013,3,21,80,2013-03-21,-2.83,-1.55,-3.82,88.02,0.93,6.52,5.1
11.39044,55.32523,2013,3,22,81,2013-03-22,-3.54,-1.56,-5.3,83.96,0.12,11.99,6.62
11.39044,55.32523,2013,3,23,82,2013-03-23,-3.8,-1.27,-6.24,83.58,0.05,12.06,6.21
11.39044,55.32523,2013,3,24,83,2013-03-24,-2.22,0.51,-5.4,85.13,0.03,13.37,4.95
11.39044,55.32523,2013,3,25,84,2013-03-25,-1.72,0.55,-3.82,86.59,0.19,11.84,5.16
11.39044,55.32523,2013,3,26,85,2013-03-26,-1.21,2.19,-5.14,84.92,0,15.73,4.09
11.39044,55.32523,2013,3,27,86,2013-03-27,-0.74,1.83,-3.26,85.31,0.05,12.09,4.17
11.39044,55.32523,2013,3,28,87,2013-03-28,0.01,2.4,-2.12,82.52,0.14,14.22,5.68
11.39044,55.32523,2013,3,29,88,2013-03-29,0.14,1.67,-1.14,89.38,1.69,5.79,4.98
11.39044,55.32523,2013,3,30,89,2013-03-30,-0.2,0.83,-1.22,88.24,1.12,7.68,3.75
11.39044,55.32523,2013,3,31,90,2013-03-31,0.56,2.98,-1.16,79.38,0.13,16.44,2.64
11.39044,55.32523,2013,4,1,91,2013-04-01,0.9,4.33,-1.9,80.73,0,17.68,3.28
11.39044,55.32523,2013,4,2,92,2013-04-02,2.15,5.7,-0.8,75.72,0,17.99,1.54
11.39044,55.32523,2013,4,3,93,2013-04-03,1.74,4.44,-1.05,76.62,0,18.39,3.15
11.39044,55.32523,2013,4,4,94,2013-04-04,1.47,5,-1.91,77.78,0,18.43,3.71
11.39044,55.32523,2013,4,5,95,2013-04-05,1.76,4.78,-1.14,80.32,0.02,15.86,3.87
11.39044,55.32523,2013,4,6,96,2013-04-06,2.91,6.33,-0.32,75.19,0.01,16.06,2.57
11.39044,55.32523,2013,4,7,97,2013-04-07,1.96,4.78,-0.15,89.41,1.66,11.13,5.52
11.39044,55.32523,2013,4,8,98,2013-04-08,1.81,5.37,-0.78,78.19,0.05,19.9,2.18
11.39044,55.32523,2013,4,9,99,2013-04-09,1.84,4.98,-0.74,72.26,0,18.48,6.84
11.39044,55.32523,2013,4,10,100,2013-04-10,2.31,4.93,-0.41,86.87,2.41,9.6,7.13
11.39044,55.32523,2013,4,11,101,2013-04-11,2.9,4.08,1.98,95.62,3.69,5.19,5.91
11.39044,55.32523,2013,4,12,102,2013-04-12,3.34,4.62,2.1,96.03,1.99,5.48,2.61
11.39044,55.32523,2013,4,13,103,2013-04-13,4.19,6.98,2.45,92.53,2.28,8.03,2.49
11.39044,55.32523,2013,4,14,104,2013-04-14,6.33,11.04,1.41,89.58,1.63,11.49,4.74
11.39044,55.32523,2013,4,15,105,2013-04-15,9.38,14.34,6.02,87.51,2.36,13.09,4.29
11.39044,55.32523,2013,4,16,106,2013-04-16,8.51,12.8,5.01,86.91,0.62,16.93,3.33
11.39044,55.32523,2013,4,17,107,2013-04-17,8.76,12.09,5.35,82.35,0.27,20.77,4.53
11.39044,55.32523,2013,4,18,108,2013-04-18,9.66,11.35,6.5,80.68,1.48,15.81,8.46
11.39044,55.32523,2013,4,19,109,2013-04-19,6.37,8.99,3.6,85.48,0.09,13.28,8.2
11.39044,55.32523,2013,4,20,110,2013-04-20,5.85,9.62,2.42,76.75,0,23.15,3.23
11.39044,55.32523,2013,4,21,111,2013-04-21,5.92,9.51,2.09,78.04,0,20.73,3.96
11.39044,55.32523,2013,4,22,112,2013-04-22,7.5,11.06,4.05,82.9,0.85,12.27,3.4
11.39044,55.32523,2013,4,23,113,2013-04-23,8.29,11.1,5.45,82,0.62,17.49,7.47
11.39044,55.32523,2013,4,24,114,2013-04-24,8.68,12.64,5.26,85.04,0.54,18.6,6.22
11.39044,55.32523,2013,4,25,115,2013-04-25,7.75,10.27,4.5,78.37,1.8,20.48,3.79
11.39044,55.32523,2013,4,26,116,2013-04-26,7.19,10.07,5.78,85.23,2.6,10.02,3.62
11.39044,55.32523,2013,4,27,117,2013-04-27,6.84,9.36,4.04,82.1,0.09,19.61,3.88
11.39044,55.32523,2013,4,28,118,2013-04-28,6.32,9.5,3.15,81.08,0.01,22.24,4.05
11.39044,55.32523,2013,4,29,119,2013-04-29,7.45,9.67,5.23,78.28,0.57,11.99,7.38
11.39044,55.32523,2013,4,30,120,2013-04-30,7.41,10.16,4.36,80.17,0.02,19.72,6.61
11.39044,55.32523,2013,5,1,121,2013-05-01,6.5,9.39,2.52,73.68,0,26.17,2.5
11.39044,55.32523,2013,5,2,122,2013-05-02,7.01,10,3.58,70.27,0.01,24.88,3.3
11.39044,55.32523,2013,5,3,123,2013-05-03,8.11,11.84,3.56,68.23,0,26.02,1.83
11.39044,55.32523,2013,5,4,124,2013-05-04,10.18,14.91,5.92,79.39,0,22.83,5.02
11.39044,55.32523,2013,5,5,125,2013-05-05,10.23,13.76,7.41,83.49,0.05,20.86,3.54
11.39044,55.32523,2013,5,6,126,2013-05-06,12.6,17.08,8.39,74.24,0,22.54,1.22
11.39044,55.32523,2013,5,7,127,2013-05-07,12.96,18.23,8.62,80.33,0.13,22.4,2.63
11.39044,55.32523,2013,5,8,128,2013-05-08,13.58,16.7,10.41,85.64,2.82,10.02,4.53
11.39044,55.32523,2013,5,9,129,2013-05-09,13.02,15.84,9.98,84.62,0.52,16.16,3.18
11.39044,55.32523,2013,5,10,130,2013-05-10,11.55,14.98,8.76,75.67,0.14,16.44,4.25
11.39044,55.32523,2013,5,11,131,2013-05-11,11.47,14.24,8.3,84.31,0.89,15.24,4.1
11.39044,55.32523,2013,5,12,132,2013-05-12,10.46,12.64,8.12,83.23,1.21,14.83,4.52
11.39044,55.32523,2013,5,13,133,2013-05-13,9.79,12.2,6.87,84.33,2.01,10.86,5.74
11.39044,55.32523,2013,5,14,134,2013-05-14,9.54,12.22,6.4,75.82,2.38,21.08,4.84
11.39044,55.32523,2013,5,15,135,2013-05-15,13.66,18.28,9.27,79.3,0.63,21.09,6.79
11.39044,55.32523,2013,5,16,136,2013-05-16,14.7,18.39,11.44,82.38,0.99,19.83,4.29
11.39044,55.32523,2013,5,17,137,2013-05-17,15.23,17.27,13.13,85.41,1.89,16.69,5.11
11.39044,55.32523,2013,5,18,138,2013-05-18,15.7,19.27,12.14,84.12,0.03,21.65,4.3
11.39044,55.32523,2013,5,19,139,2013-05-19,14.51,17.34,11.94,91.76,3.21,8.32,2.4
11.39044,55.32523,2013,5,20,140,2013-05-20,14.81,18.29,11.7,86.09,0.58,14.64,2.05
11.39044,55.32523,2013,5,21,141,2013-05-21,14.58,16.51,12.95,89.78,9.44,8.46,1.43
11.39044,55.32523,2013,5,22,142,2013-05-22,10.66,13.03,7.19,89.01,39.43,4.37,7.27
11.39044,55.32523,2013,5,23,143,2013-05-23,8.68,11.2,5.95,72.79,0.14,23.32,4.9
11.39044,55.32523,2013,5,24,144,2013-05-24,11.3,14.4,7.27,72.63,0,25.8,3.28
11.39044,55.32523,2013,5,25,145,2013-05-25,12.98,15.12,10.61,86.91,8.37,13.07,4.26
11.39044,55.32523,2013,5,26,146,2013-05-26,13.71,16.2,10.52,85.62,4.47,14.05,5.35
11.39044,55.32523,2013,5,27,147,2013-05-27,13.76,16.54,10.29,77.22,0.13,24.95,3.18
11.39044,55.32523,2013,5,28,148,2013-05-28,14.28,17.49,10.81,86.06,1.58,12.48,3.54
11.39044,55.32523,2013,5,29,149,2013-05-29,13.02,14.96,10.83,84.95,1.73,12.15,6.55
11.39044,55.32523,2013,5,30,150,2013-05-30,15.15,19.12,10.5,82.6,0.12,24.02,3.92
11.39044,55.32523,2013,5,31,151,2013-05-31,16.73,20.02,12.95,81.74,0.87,25.2,3.47
11.39044,55.32523,2013,6,1,152,2013-06-01,16.75,19.77,13.38,83.09,0.41,25.79,2.57
11.39044,55.32523,2013,6,2,153,2013-06-02,13.06,15.67,10.24,78.21,0.1,21.79,7.62
11.39044,55.32523,2013,6,3,154,2013-06-03,13.49,16.62,9.67,77,0,30.12,6.36
11.39044,55.32523,2013,6,4,155,2013-06-04,14.67,16.26,12.85,69.85,0,29.1,4.87
11.39044,55.32523,2013,6,5,156,2013-06-05,14.64,17.49,11.5,68.88,0,28.55,2.83
11.39044,55.32523,2013,6,6,157,2013-06-06,15.84,18.98,11.06,67.63,0,27.78,2.18
11.39044,55.32523,2013,6,7,158,2013-06-07,16.23,18.3,13.58,76.42,0.02,26.67,1.96
11.39044,55.32523,2013,6,8,159,2013-06-08,14.2,17.01,10.82,79.95,0,23.12,4.14
11.39044,55.32523,2013,6,9,160,2013-06-09,13.79,16.42,10.96,79.74,0.01,21.86,3.82
11.39044,55.32523,2013,6,10,161,2013-06-10,15.75,18.36,12.33,76.14,0.01,29.33,2.79
11.39044,55.32523,2013,6,11,162,2013-06-11,15.63,17.58,12.5,75.77,0.16,23.3,2.54
11.39044,55.32523,2013,6,12,163,2013-06-12,15.69,18.93,10.94,75.33,0.91,20.39,3.57
11.39044,55.32523,2013,6,13,164,2013-06-13,16.34,18.41,13.88,86.45,16.28,13.08,6.11
11.39044,55.32523,2013,6,14,165,2013-06-14,14.66,16.75,11.82,76.5,1.56,22.1,7.63
11.39044,55.32523,2013,6,15,166,2013-06-15,14.79,18.7,11.26,75.62,6.04,18.49,5.7
11.39044,55.32523,2013,6,16,167,2013-06-16,13.62,15.3,11.85,79.47,3.29,16.55,7.64
11.39044,55.32523,2013,6,17,168,2013-06-17,15.09,17.8,11.56,75.03,0.05,26.77,2.79
11.39044,55.32523,2013,6,18,169,2013-06-18,17.24,20.14,14.44,71.41,0.39,28.46,1.48
11.39044,55.32523,2013,6,19,170,2013-06-19,18.21,21.24,15.33,83.4,2.35,8.58,3.66
11.39044,55.32523,2013,6,20,171,2013-06-20,18.7,21.57,16.11,87.99,2.11,16.35,2.92
11.39044,55.32523,2013,6,21,172,2013-06-21,18.25,20.51,15.62,86.69,3.52,11.39,6.2
11.39044,55.32523,2013,6,22,173,2013-06-22,16.84,18.54,14.6,83.62,6.04,10.11,6.45
11.39044,55.32523,2013,6,23,174,2013-06-23,16.38,17.89,14.55,81.96,2.36,16.64,5.41
11.39044,55.32523,2013,6,24,175,2013-06-24,15.64,17.61,13.6,81.23,1.02,19.76,4.88
11.39044,55.32523,2013,6,25,176,2013-06-25,14.47,16.1,12.35,83.14,0.97,14.96,4.86
11.39044,55.32523,2013,6,26,177,2013-06-26,14.21,16.66,12.45,82.85,1.57,14.69,7.53
11.39044,55.32523,2013,6,27,178,2013-06-27,13.24,14.8,11.72,84.97,3.23,12.54,6.27
11.39044,55.32523,2013,6,28,179,2013-06-28,13.04,14.22,11.16,80.09,1.25,15.53,6.49
11.39044,55.32523,2013,6,29,180,2013-06-29,13.94,15.84,11.51,78.36,2.01,16.21,6.02
11.39044,55.32523,2013,6,30,181,2013-06-30,13.83,16.21,10.83,75.76,0.41,19.26,7.09
11.39044,55.32523,2013,7,1,182,2013-07-01,15.12,18.07,12.92,83.65,1.11,13.18,4.21
11.39044,55.32523,2013,7,2,183,2013-07-02,14.28,16.69,11.52,73.92,0.43,23.69,3.4
11.39044,55.32523,2013,7,3,184,2013-07-03,17.08,19.99,13.54,82.42,3.67,7.92,4.63
11.39044,55.32523,2013,7,4,185,2013-07-04,16.98,19.42,14.71,87.25,0.24,14.13,3.08
11.39044,55.32523,2013,7,5,186,2013-07-05,16.88,19.65,13.83,80.31,0.2,23.02,4.78
11.39044,55.32523,2013,7,6,187,2013-07-06,16.49,19.15,12.56,74.81,0,27.26,3.06
11.39044,55.32523,2013,7,7,188,2013-07-07,17.76,20.39,14.38,74.54,0,25.64,2.12
11.39044,55.32523,2013,7,8,189,2013-07-08,17.43,20.73,13.71,79.16,0.01,25.91,3.48
11.39044,55.32523,2013,7,9,190,2013-07-09,18.01,21.41,14.19,80.28,0.05,26.56,3.33
11.39044,55.32523,2013,7,10,191,2013-07-10,16.45,18.27,13.97,75.74,0.02,23.88,7
11.39044,55.32523,2013,7,11,192,2013-07-11,17.44,20.03,14.37,70.99,0.01,26.8,3.55
11.39044,55.32523,2013,7,12,193,2013-07-12,18.03,20.84,14.41,68.05,0,25.11,1.75
11.39044,55.32523,2013,7,13,194,2013-07-13,17.96,21.1,14.73,81.96,0.01,21.78,4.58
11.39044,55.32523,2013,7,14,195,2013-07-14,15.73,17.99,14.33,75.95,0.02,16.24,7.43
11.39044,55.32523,2013,7,15,196,2013-07-15,16.84,19.83,13.7,80.24,0.04,17.75,6.01
11.39044,55.32523,2013,7,16,197,2013-07-16,17.96,20.74,14.8,80.56,0.03,19.59,5.04
11.39044,55.32523,2013,7,17,198,2013-07-17,18.72,22.02,14.97,81.41,0.04,23.57,4.59
11.39044,55.32523,2013,7,18,199,2013-07-18,19.13,22.34,15.36,79.85,0.01,25.25,5.64
11.39044,55.32523,2013,7,19,200,2013-07-19,18.58,21.01,16.33,80.49,0.06,20.89,5.77
11.39044,55.32523,2013,7,20,201,2013-07-20,19.75,23.46,15.36,72.88,0,26.66,2.22
11.39044,55.32523,2013,7,21,202,2013-07-21,19.49,23.74,14.98,78.02,0.02,26.8,3.68
11.39044,55.32523,2013,7,22,203,2013-07-22,20.21,24.11,16.25,76.48,0.07,25.5,1.82
11.39044,55.32523,2013,7,23,204,2013-07-23,20.13,23.1,16.72,73.3,0.02,24.56,2.82
11.39044,55.32523,2013,7,24,205,2013-07-24,20.75,23.94,16.65,61.21,0.02,25.26,1.03
11.39044,55.32523,2013,7,25,206,2013-07-25,19.73,21.15,17.98,77.58,2.3,11.63,1.09
11.39044,55.32523,2013,7,26,207,2013-07-26,21.49,24.8,17.47,73.54,0.09,18.8,0.89
11.39044,55.32523,2013,7,27,208,2013-07-27,21.96,25.3,18.46,79.29,1.3,15.76,2.67
11.39044,55.32523,2013,7,28,209,2013-07-28,21.25,24.42,17.84,80.78,0.81,16.7,4.77
11.39044,55.32523,2013,7,29,210,2013-07-29,20.12,23.05,16.6,69.68,0.03,21.67,1.08
11.39044,55.32523,2013,7,30,211,2013-07-30,19.6,22.4,17.14,76.3,1.79,19.03,5.3
11.39044,55.32523,2013,7,31,212,2013-07-31,18.23,20.25,16.11,75.45,7.96,19.55,5.14
11.39044,55.32523,2013,8,1,213,2013-08-01,18.34,21.15,15.33,83.08,2.51,9.94,2.77
11.39044,55.32523,2013,8,2,214,2013-08-02,22.75,27.45,18.14,78.41,0.06,24.19,3.96
11.39044,55.32523,2013,8,3,215,2013-08-03,21.06,24.34,17.12,81.33,0.21,14.79,5.77
11.39044,55.32523,2013,8,4,216,2013-08-04,19.7,22.65,16.03,72.17,0.01,23.74,2.78
11.39044,55.32523,2013,8,5,217,2013-08-05,20.67,23.76,17.31,69.86,0,19.11,3.61
11.39044,55.32523,2013,8,6,218,2013-08-06,20.91,23.77,17.67,78.07,1.48,18.38,6.39
11.39044,55.32523,2013,8,7,219,2013-08-07,18.75,21.02,16.02,66.67,2.64,22.88,2.84
11.39044,55.32523,2013,8,8,220,2013-08-08,19.47,22.07,17.13,83.61,5.18,6.24,4.31
11.39044,55.32523,2013,8,9,221,2013-08-09,18.31,21.29,14.8,71.41,0.06,22.5,4.39
11.39044,55.32523,2013,8,10,222,2013-08-10,18.45,21.14,16.04,76.8,2.67,12.18,4.27
11.39044,55.32523,2013,8,11,223,2013-08-11,16.89,18.94,15.21,75.89,2.32,15.69,6.46
11.39044,55.32523,2013,8,12,224,2013-08-12,16.53,18.37,14.59,76.02,2.93,16.97,6.6
11.39044,55.32523,2013,8,13,225,2013-08-13,15.64,17.46,13.84,76.01,3.06,16.11,7.26
11.39044,55.32523,2013,8,14,226,2013-08-14,16.04,18.52,14.09,73.48,1.94,18.11,8.15
11.39044,55.32523,2013,8,15,227,2013-08-15,16.64,19.31,13.17,74.23,0.21,19.68,4.48
11.39044,55.32523,2013,8,16,228,2013-08-16,19.06,22,16.27,81.56,0.88,12.07,4.52
11.39044,55.32523,2013,8,17,229,2013-08-17,18.33,20.86,16.42,82.8,1.93,12.97,3.67
11.39044,55.32523,2013,8,18,230,2013-08-18,18.06,19.66,15.16,86.08,4.06,9.18,5.89
11.39044,55.32523,2013,8,19,231,2013-08-19,16.94,19.81,13.74,73.52,0.03,15.79,2.74
11.39044,55.32523,2013,8,20,232,2013-08-20,16.83,19.37,14.13,73.85,0.02,18,4.38
11.39044,55.32523,2013,8,21,233,2013-08-21,17.36,19.92,14.77,78.75,0.16,12.27,3.7
11.39044,55.32523,2013,8,22,234,2013-08-22,18.31,21.4,15.32,73.23,0.01,15.22,1.43
11.39044,55.32523,2013,8,23,235,2013-08-23,18.07,21.2,14.79,77.82,0.07,18.77,3.72
11.39044,55.32523,2013,8,24,236,2013-08-24,17.36,20.23,14.47,73.25,0.01,18.96,5.52
11.39044,55.32523,2013,8,25,237,2013-08-25,17.7,21.21,14.5,72.47,0.01,19.57,5.29
11.39044,55.32523,2013,8,26,238,2013-08-26,17.21,20.73,13.54,74.1,0.01,18.95,4.03
11.39044,55.32523,2013,8,27,239,2013-08-27,17.64,21.48,13.69,77.17,0.06,17.98,2.4
11.39044,55.32523,2013,8,28,240,2013-08-28,18.05,20.87,15.07,74.62,0.01,16.99,1.97
11.39044,55.32523,2013,8,29,241,2013-08-29,16.71,19.23,14.11,81.73,0.34,12.07,3.96
11.39044,55.32523,2013,8,30,242,2013-08-30,16.97,19.66,14.68,88.38,3.69,8.19,4.61
11.39044,55.32523,2013,8,31,243,2013-08-31,16.64,19.05,13.72,78.58,0.91,13.47,6.65
11.39044,55.32523,2013,9,1,244,2013-09-01,14.44,16.66,12.88,76.87,2.5,10.79,7.79
11.39044,55.32523,2013,9,2,245,2013-09-02,15.86,18.6,13.43,86.82,5.65,7.46,7.93
11.39044,55.32523,2013,9,3,246,2013-09-03,16.51,18.53,13.74,85.58,0.83,8.15,3.68
11.39044,55.32523,2013,9,4,247,2013-09-04,16.01,18.71,12.53,85.25,0.54,5.18,1.66
11.39044,55.32523,2013,9,5,248,2013-09-05,17.14,20.1,14.39,81.29,0.14,14.53,4.26
11.39044,55.32523,2013,9,6,249,2013-09-06,18.41,22,15.17,76.4,0.01,18.1,6.68
11.39044,55.32523,2013,9,7,250,2013-09-07,18.2,21.8,15.49,73.12,0,14.77,6.08
11.39044,55.32523,2013,9,8,251,2013-09-08,17.07,19.83,15.35,80.45,0.2,10.46,6.03
11.39044,55.32523,2013,9,9,252,2013-09-09,14.26,15.61,12.11,90.02,13.89,2.6,5.95
11.39044,55.32523,2013,9,10,253,2013-09-10,14.23,16.8,11.57,82.51,3.61,14.12,4.72
11.39044,55.32523,2013,9,11,254,2013-09-11,14.5,16.87,11.93,78.62,2.12,12.77,3.04
11.39044,55.32523,2013,9,12,255,2013-09-12,14.94,17.19,12.77,79.13,3.58,6.28,1.56
11.39044,55.32523,2013,9,13,256,2013-09-13,15.74,18.13,13.58,77.21,0.06,13.49,1.09
11.39044,55.32523,2013,9,14,257,2013-09-14,16.24,19.04,13.12,80.83,2.95,13.17,3.59
11.39044,55.32523,2013,9,15,258,2013-09-15,15.06,16.48,12.99,79.47,3.44,7.44,5.95
11.39044,55.32523,2013,9,16,259,2013-09-16,12.86,14.78,10.97,76.68,4.85,10.93,7.52
11.39044,55.32523,2013,9,17,260,2013-09-17,11.98,14.21,10.42,81.94,1.83,9.55,6.17
11.39044,55.32523,2013,9,18,261,2013-09-18,11.23,12.21,10.32,76.36,1.05,11.54,1.89
11.39044,55.32523,2013,9,19,262,2013-09-19,12.57,14.93,10.04,74.16,0.5,13.4,2.92
11.39044,55.32523,2013,9,20,263,2013-09-20,12.59,14.59,10.97,78.96,0.59,8.57,1.67
11.39044,55.32523,2013,9,21,264,2013-09-21,13.42,16.18,10.78,84.36,0.08,8.39,4
11.39044,55.32523,2013,9,22,265,2013-09-22,15.28,18.43,12.47,88.35,0.52,6.95,7.12
11.39044,55.32523,2013,9,23,266,2013-09-23,14.52,17.04,12.29,83.47,0.15,7.07,6.93
11.39044,55.32523,2013,9,24,267,2013-09-24,12.7,15.8,10.51,78.49,0.01,8.32,3.33
11.39044,55.32523,2013,9,25,268,2013-09-25,10.89,12.76,9.32,72.67,2.15,11.52,3.25
11.39044,55.32523,2013,9,26,269,2013-09-26,10.69,12.43,8.83,75.27,0.52,11.65,3.94
11.39044,55.32523,2013,9,27,270,2013-09-27,10.82,12.58,9.49,78.5,0.38,10.97,3.46
11.39044,55.32523,2013,9,28,271,2013-09-28,10.57,13.31,7.99,76.82,0.01,12.02,3.12
11.39044,55.32523,2013,9,29,272,2013-09-29,10.94,14.1,8.49,80.11,0.04,11.99,4.29
11.39044,55.32523,2013,9,30,273,2013-09-30,11.54,14.44,9.58,77.43,0.03,8.72,4.25
11.39044,55.32523,2013,10,1,274,2013-10-01,10.75,13.44,8.41,79.73,0.12,9.75,4.24
11.39044,55.32523,2013,10,2,275,2013-10-02,10.18,13.13,8.44,76.18,0.05,8.93,5.46
11.39044,55.32523,2013,10,3,276,2013-10-03,9.64,12.3,7.27,69.51,0,11.87,7.44
11.39044,55.32523,2013,10,4,277,2013-10-04,10.33,12.73,7.83,68.47,1.87,6.21,8.21
11.39044,55.32523,2013,10,5,278,2013-10-05,12.84,16.07,10.32,92.38,0.44,4.3,4.45
11.39044,55.32523,2013,10,6,279,2013-10-06,12.22,15.01,9.98,90.91,0.08,9.13,3.93
11.39044,55.32523,2013,10,7,280,2013-10-07,12.99,16.28,10.4,89.44,0.1,7.33,4.38
11.39044,55.32523,2013,10,8,281,2013-10-08,12.91,14.8,10.51,88.99,0.31,6.64,4.66
11.39044,55.32523,2013,10,9,282,2013-10-09,12.7,14.59,11.09,90.33,0.66,4.74,5.28
11.39044,55.32523,2013,10,10,283,2013-10-10,10.88,12.29,8.63,79.6,0.51,7.86,3.58
11.39044,55.32523,2013,10,11,284,2013-10-11,12.54,14.94,10.65,86.96,0.11,3.18,6.73
11.39044,55.32523,2013,10,12,285,2013-10-12,11.45,14.04,9.84,85.24,0.45,4.17,7.87
11.39044,55.32523,2013,10,13,286,2013-10-13,11.82,13.35,10.09,85.78,10.73,3.46,3.6
11.39044,55.32523,2013,10,14,287,2013-10-14,10.63,12.92,8.99,83.49,0.17,9.02,3.71
11.39044,55.32523,2013,10,15,288,2013-10-15,11.17,14.27,8.99,91.75,0.25,4.28,4.05
11.39044,55.32523,2013,10,16,289,2013-10-16,10.49,12.45,8.27,89.01,0.27,5.01,2.5
11.39044,55.32523,2013,10,17,290,2013-10-17,10.93,12.76,9.92,91.84,2.47,3.62,5.15
11.39044,55.32523,2013,10,18,291,2013-10-18,8.49,9.94,6.35,71.14,0.07,8.68,4.78
11.39044,55.32523,2013,10,19,292,2013-10-19,8.02,9.23,5.97,79.92,2.68,2.79,4.89
11.39044,55.32523,2013,10,20,293,2013-10-20,11.54,14.13,9.25,94.82,5.37,4.04,3.58
11.39044,55.32523,2013,10,21,294,2013-10-21,12.33,14.17,11.37,93.92,4.94,3.61,3.78
11.39044,55.32523,2013,10,22,295,2013-10-22,13.17,14.88,11.49,93.66,1.64,6.24,5.66
11.39044,55.32523,2013,10,23,296,2013-10-23,13.42,15.01,11.55,94.14,6.42,2.47,5.55
11.39044,55.32523,2013,10,24,297,2013-10-24,11.54,13.22,9.77,82.38,0.19,5.78,7.3
11.39044,55.32523,2013,10,25,298,2013-10-25,10.47,12.6,7.93,91.29,1.6,5.04,5.03
11.39044,55.32523,2013,10,26,299,2013-10-26,13.47,15.22,12.35,90.76,0.28,3.7,6.91
11.39044,55.32523,2013,10,27,300,2013-10-27,12.69,14.75,11.6,91.86,2.35,3.27,7.6
11.39044,55.32523,2013,10,28,301,2013-10-28,12.18,15.24,11.29,85.41,5.37,1.81,11.49
11.39044,55.32523,2013,10,29,302,2013-10-29,10.6,11.67,9.53,86.5,2.42,3.95,8.41
11.39044,55.32523,2013,10,30,303,2013-10-30,9.9,11.52,8.7,90.04,1.28,5.23,6.63
11.39044,55.32523,2013,10,31,304,2013-10-31,9.39,10.71,7.9,89.62,5.55,2.3,7.84
11.39044,55.32523,2013,11,1,305,2013-11-01,9.97,11.28,8.92,95.34,2.19,2.46,6.19
11.39044,55.32523,2013,11,2,306,2013-11-02,9.39,10.26,8.47,95.12,2.65,1.48,2.48
11.39044,55.32523,2013,11,3,307,2013-11-03,9.71,10.97,8.62,85.4,0.88,3.33,8.56
11.39044,55.32523,2013,11,4,308,2013-11-04,7,8.55,5.61,91.98,7.04,1.64,6.07
11.39044,55.32523,2013,11,5,309,2013-11-05,8.01,9.98,6.25,88.43,0.62,4.75,6.12
11.39044,55.32523,2013,11,6,310,2013-11-06,6.22,7.15,5.66,90.74,1.24,2.69,3.55
11.39044,55.32523,2013,11,7,311,2013-11-07,7.51,9.7,6.18,94.23,0.88,2.47,4.5
11.39044,55.32523,2013,11,8,312,2013-11-08,7.66,10.24,6.04,96.04,0.04,4.07,4.46
11.39044,55.32523,2013,11,9,313,2013-11-09,7.53,8.52,6.5,91.45,7.34,1.61,7.62
11.39044,55.32523,2013,11,10,314,2013-11-10,6.47,8.18,5.12,87.89,5.3,2.44,4.48
11.39044,55.32523,2013,11,11,315,2013-11-11,6.4,7.3,4.94,85.76,0.01,4.05,4.03
11.39044,55.32523,2013,11,12,316,2013-11-12,7.42,8.32,6.33,91.2,6.1,1,6.72
11.39044,55.32523,2013,11,13,317,2013-11-13,7,8.97,5.94,91.79,0.03,4.34,5.88
11.39044,55.32523,2013,11,14,318,2013-11-14,6.88,7.77,6.16,92.06,0.27,2.23,5.23
11.39044,55.32523,2013,11,15,319,2013-11-15,6.82,7.72,5.88,96.84,0.19,1.58,4.22
11.39044,55.32523,2013,11,16,320,2013-11-16,8.63,9.67,6.79,93.38,0.5,1.39,7.13
11.39044,55.32523,2013,11,17,321,2013-11-17,7.73,9.32,5.47,90.16,0.09,4.07,3.88
11.39044,55.32523,2013,11,18,322,2013-11-18,6.07,7.26,5.23,95.7,0.77,0.55,3.58
11.39044,55.32523,2013,11,19,323,2013-11-19,5.94,7.2,3.81,93.82,1.85,0.76,4.6
11.39044,55.32523,2013,11,20,324,2013-11-20,3.47,5.02,2.13,78.71,0.02,2.24,3.4
11.39044,55.32523,2013,11,21,325,2013-11-21,4.13,5.11,3.31,89.04,0.69,1.19,3.76
11.39044,55.32523,2013,11,22,326,2013-11-22,4.33,5.77,3.8,90.14,0.4,1.06,3.57
11.39044,55.32523,2013,11,23,327,2013-11-23,4.21,4.88,3.14,90.73,0.18,2.28,3.05
11.39044,55.32523,2013,11,24,328,2013-11-24,3.73,5.2,1.34,80.71,0.04,3.44,6.24
11.39044,55.32523,2013,11,25,329,2013-11-25,2.67,5.43,1.15,82.64,0.01,3.28,4.47
11.39044,55.32523,2013,11,26,330,2013-11-26,2.95,4.76,1.85,84.18,0.2,2.64,3.53
11.39044,55.32523,2013,11,27,331,2013-11-27,6.97,8.46,4.88,96.84,2.05,1.03,7.14
11.39044,55.32523,2013,11,28,332,2013-11-28,6.42,8.16,4.09,84.86,0.05,2.96,8.82
11.39044,55.32523,2013,11,29,333,2013-11-29,4.44,5.6,2.69,95.8,7.33,0.57,5.73
11.39044,55.32523,2013,11,30,334,2013-11-30,4.36,5.16,3.39,92.32,0.28,0.88,4.8
11.39044,55.32523,2013,12,1,335,2013-12-01,6.11,8.25,3.07,91.08,0.13,2.39,7.8
11.39044,55.32523,2013,12,2,336,2013-12-02,3.64,5.03,2.57,98.34,0.02,2.2,3.22
11.39044,55.32523,2013,12,3,337,2013-12-03,5.41,6.22,4.26,96.29,0.4,0.94,5.94
11.39044,55.32523,2013,12,4,338,2013-12-04,6.05,7.44,4.54,91.79,2.36,1.7,7.34
11.39044,55.32523,2013,12,5,339,2013-12-05,4.59,6,2.41,83.89,6.98,0.43,12.93
11.39044,55.32523,2013,12,6,340,2013-12-06,3.24,4.46,1.6,69.15,0.99,2.19,14
11.39044,55.32523,2013,12,7,341,2013-12-07,0.45,1.36,-0.68,72.25,0.13,2.59,7.62
11.39044,55.32523,2013,12,8,342,2013-12-08,4.06,6.81,0.01,92,8.67,0.42,6.55
11.39044,55.32523,2013,12,9,343,2013-12-09,5.45,6.12,4.92,98.75,1.99,1.05,1.42
11.39044,55.32523,2013,12,10,344,2013-12-10,6.05,6.47,4.68,97.57,0.5,0.89,4.15
11.39044,55.32523,2013,12,11,345,2013-12-11,5.52,6.28,4.45,96.23,0.47,0.66,4.77
11.39044,55.32523,2013,12,12,346,2013-12-12,2.78,4.15,1.38,96.49,0.22,1.7,6.09
11.39044,55.32523,2013,12,13,347,2013-12-13,4.71,5.15,3.83,96.26,6.96,0.8,4.1
11.39044,55.32523,2013,12,14,348,2013-12-14,4.09,5.36,2.36,96.42,1.25,0.64,4.76
11.39044,55.32523,2013,12,15,349,2013-12-15,5.66,7.65,4.06,94.92,2.91,1.21,7
11.39044,55.32523,2013,12,16,350,2013-12-16,6.4,7.49,5.39,89.44,0.89,0.49,8.03
11.39044,55.32523,2013,12,17,351,2013-12-17,4.79,7.07,3.18,95.87,3.96,1.47,3.62
11.39044,55.32523,2013,12,18,352,2013-12-18,4.53,5.37,3.34,96.09,0.9,0.8,4.69
11.39044,55.32523,2013,12,19,353,2013-12-19,4.79,6,3.82,96.89,1.84,0.41,6.43
11.39044,55.32523,2013,12,20,354,2013-12-20,4.05,5.34,3.12,96.15,0.2,0.9,6.47
11.39044,55.32523,2013,12,21,355,2013-12-21,5.33,6.08,4.73,92.09,4.12,0.44,9.31
11.39044,55.32523,2013,12,22,356,2013-12-22,6.15,7,5.03,90.14,1.99,1.13,9.29
11.39044,55.32523,2013,12,23,357,2013-12-23,4.91,5.94,3.88,92.23,2.87,1.86,8.28
11.39044,55.32523,2013,12,24,358,2013-12-24,7.87,8.53,6.57,86.69,6.09,0.51,10.79
11.39044,55.32523,2013,12,25,359,2013-12-25,6.64,8.4,4.29,93.36,3.75,0.89,6
11.39044,55.32523,2013,12,26,360,2013-12-26,3.55,4.93,1.72,97.23,0.99,1.64,2.3
11.39044,55.32523,2013,12,27,361,2013-12-27,5.01,6.15,4.17,90.01,5.69,0.56,7.72
11.39044,55.32523,2013,12,28,362,2013-12-28,5.52,6.04,4.45,95.83,0.21,1,6.33
11.39044,55.32523,2013,12,29,363,2013-12-29,4.58,5.01,4.24,96.09,0.53,1.75,6.03
11.39044,55.32523,2013,12,30,364,2013-12-30,3.74,4.82,3.03,94.38,0.18,1.58,7.17
11.39044,55.32523,2013,12,31,365,2013-12-31,3.73,5.01,2.35,93.27,0.36,2.22,6.27
11.39044,55.32523,2014,1,1,1,2014-01-01,2.63,3.67,1.84,95.24,0.17,0.63,5.74
11.39044,55.32523,2014,1,2,2,2014-01-02,3.82,5.83,2.47,94.54,4.09,0.53,6.94
11.39044,55.32523,2014,1,3,3,2014-01-03,5.26,6.41,4.03,95.3,1.87,1.06,6.32
11.39044,55.32523,2014,1,4,4,2014-01-04,5.09,6.11,3.89,94.51,0.33,1.7,7
11.39044,55.32523,2014,1,5,5,2014-01-05,4.11,4.84,3.17,97.68,0.38,0.78,4.96
11.39044,55.32523,2014,1,6,6,2014-01-06,4.57,7.13,2.69,95.15,5.21,0.67,7.48
11.39044,55.32523,2014,1,7,7,2014-01-07,6.99,8.02,5,93.17,1.6,1.04,7.66
11.39044,55.32523,2014,1,8,8,2014-01-08,6.52,7.24,5.7,95.14,0.48,0.91,7.03
11.39044,55.32523,2014,1,9,9,2014-01-09,5.72,7.97,4.76,93.04,9.76,0.51,8.25
11.39044,55.32523,2014,1,10,10,2014-01-10,5.03,5.93,4.31,94.15,1.57,1.5,8.19
11.39044,55.32523,2014,1,11,11,2014-01-11,4.69,5.48,3.73,93.75,4.72,0.58,7.1
11.39044,55.32523,2014,1,12,12,2014-01-12,3.16,4.94,-0.16,84.8,0.15,2.36,7.7
11.39044,55.32523,2014,1,13,13,2014-01-13,0.96,3.19,-0.83,86.48,2.32,0.48,5.63
11.39044,55.32523,2014,1,14,14,2014-01-14,3.21,4.09,2.2,98.01,0.35,1.33,2.98
11.39044,55.32523,2014,1,15,15,2014-01-15,2.71,3.78,1.81,93.51,0.23,1.31,4.68
11.39044,55.32523,2014,1,16,16,2014-01-16,1.76,2.24,1.17,94.36,5.8,1.15,8.89
11.39044,55.32523,2014,1,17,17,2014-01-17,1.77,2.65,1.18,94.6,11.45,0.64,7.82
11.39044,55.32523,2014,1,18,18,2014-01-18,2.32,2.49,2,94.2,3.12,0.69,8.67
11.39044,55.32523,2014,1,19,19,2014-01-19,1.59,2.45,0.95,86.54,0.27,0.74,10.68
11.39044,55.32523,2014,1,20,20,2014-01-20,0.93,1.28,0.7,85.99,0.72,0.43,9.15
11.39044,55.32523,2014,1,21,21,2014-01-21,0.77,1.43,0.37,88.2,1.14,0.92,6.52
11.39044,55.32523,2014,1,22,22,2014-01-22,0.01,0.68,-0.65,83.27,0.33,0.56,7.11
11.39044,55.32523,2014,1,23,23,2014-01-23,-1.62,-0.67,-2.43,78.59,0.06,1.6,8.1
11.39044,55.32523,2014,1,24,24,2014-01-24,-2.41,-1.13,-3.38,77.57,0.01,2.41,8.14
11.39044,55.32523,2014,1,25,25,2014-01-25,-4.35,-3.14,-5.99,81.46,0,2.58,8.69
11.39044,55.32523,2014,1,26,26,2014-01-26,-5.24,-3.51,-6.29,85.29,0.14,1.76,8.42
11.39044,55.32523,2014,1,27,27,2014-01-27,-2.42,-0.85,-6.13,91.51,2.34,0.91,8.33
11.39044,55.32523,2014,1,28,28,2014-01-28,-0.57,0.83,-1.83,90.67,0.35,1.04,7.02
11.39044,55.32523,2014,1,29,29,2014-01-29,-2.97,-2.26,-3.77,83.54,1.61,0.98,8.2
11.39044,55.32523,2014,1,30,30,2014-01-30,-2.56,-1.99,-3.19,88.66,1.31,1.49,7
11.39044,55.32523,2014,1,31,31,2014-01-31,-1.93,-1.07,-2.8,91.8,1.11,0.66,5.1
11.39044,55.32523,2014,2,1,32,2014-02-01,0.4,1.64,-1.74,94.41,2.61,1.15,6.76
11.39044,55.32523,2014,2,2,33,2014-02-02,1.11,2.42,0.25,96.82,0.02,4.36,5.03
11.39044,55.32523,2014,2,3,34,2014-02-03,0.54,0.99,0.11,97.16,0.39,4.36,4.14
11.39044,55.32523,2014,2,4,35,2014-02-04,0.58,1.72,-0.66,95.06,0.47,2.36,4.24
11.39044,55.32523,2014,2,5,36,2014-02-05,0.58,2.13,-0.39,95.52,0.19,3.74,5.11
11.39044,55.32523,2014,2,6,37,2014-02-06,2.21,3.99,0.04,95.85,0.48,2.55,5.55
11.39044,55.32523,2014,2,7,38,2014-02-07,2.94,5.31,1.08,94.83,9.72,1.67,7.41
11.39044,55.32523,2014,2,8,39,2014-02-08,2.66,3.62,1.61,94.66,4.31,3.26,7.02
11.39044,55.32523,2014,2,9,40,2014-02-09,3.1,5.27,1.36,90.81,5.48,3.04,7.76
11.39044,55.32523,2014,2,10,41,2014-02-10,2.55,4.19,0.72,93.58,1.06,5.38,4.91
11.39044,55.32523,2014,2,11,42,2014-02-11,1.27,1.73,0.82,95.86,1.8,1.77,3.71
11.39044,55.32523,2014,2,12,43,2014-02-12,2.32,3.41,1.51,93.13,0.45,3.72,5.99
11.39044,55.32523,2014,2,13,44,2014-02-13,3.11,4.96,1.97,90.75,2.06,4.57,6.29
11.39044,55.32523,2014,2,14,45,2014-02-14,2.34,3.04,1.3,96.26,0.64,5.4,4.73
11.39044,55.32523,2014,2,15,46,2014-02-15,5.12,7.91,2.11,84.95,4.9,3.45,10.13
11.39044,55.32523,2014,2,16,47,2014-02-16,4.69,5.9,3.07,88.07,1.26,4.49,10.04
11.39044,55.32523,2014,2,17,48,2014-02-17,3.29,5.9,1.34,87.81,0.04,7.56,6.07
11.39044,55.32523,2014,2,18,49,2014-02-18,3.1,4.22,1.3,96.88,0.39,4.29,4.48
11.39044,55.32523,2014,2,19,50,2014-02-19,3.78,5.46,2.47,96.72,2.94,2.65,3.09
11.39044,55.32523,2014,2,20,51,2014-02-20,4.47,5.43,3.82,94.97,3.69,3.69,4.68
11.39044,55.32523,2014,2,21,52,2014-02-21,4.99,6.84,3.47,94.57,3.92,4.51,5.28
11.39044,55.32523,2014,2,22,53,2014-02-22,3.67,4.64,2.34,94.62,0.35,3.19,7.15
11.39044,55.32523,2014,2,23,54,2014-02-23,4.33,6.17,2.43,89.56,0.05,7.92,6.93
11.39044,55.32523,2014,2,24,55,2014-02-24,4.46,7.06,2.09,85.55,0,7.87,6.64
11.39044,55.32523,2014,2,25,56,2014-02-25,4.19,6.36,2.12,90,0.21,7.94,5.73
11.39044,55.32523,2014,2,26,57,2014-02-26,5.28,7.68,3.64,93.78,0.35,5.45,2.42
11.39044,55.32523,2014,2,27,58,2014-02-27,3.44,6.07,1.84,96.85,0.43,7.57,3.46
11.39044,55.32523,2014,2,28,59,2014-02-28,3.91,5.93,2.33,96.15,0.79,4.37,3.18
11.39044,55.32523,2014,3,1,60,2014-03-01,3.16,3.7,2.35,95.21,2.05,3.79,1.95
11.39044,55.32523,2014,3,2,61,2014-03-02,3.19,4.31,2.2,95.52,1.6,3.99,5.09
11.39044,55.32523,2014,3,3,62,2014-03-03,3.04,5.82,1.13,92.89,0.04,7.09,6.52
11.39044,55.32523,2014,3,4,63,2014-03-04,3.56,5.95,2.12,94.13,0.86,5.11,4.1
11.39044,55.32523,2014,3,5,64,2014-03-05,3.88,5.18,2.95,93.79,2.58,2.9,1.47
11.39044,55.32523,2014,3,6,65,2014-03-06,3.17,4.37,2.31,96.07,0.15,6.04,4.78
11.39044,55.32523,2014,3,7,66,2014-03-07,5.28,6.99,2.92,90.79,0.47,5.7,6.93
11.39044,55.32523,2014,3,8,67,2014-03-08,4.27,7,1.72,85.49,0,10.49,4.53
11.39044,55.32523,2014,3,9,68,2014-03-09,6.29,10.3,3.28,87.51,0,11.47,5.4
11.39044,55.32523,2014,3,10,69,2014-03-10,6.1,11.33,3.06,92.1,0.06,11.67,4.44
11.39044,55.32523,2014,3,11,70,2014-03-11,4.73,8.59,1.77,83.17,0,13.23,2.21
11.39044,55.32523,2014,3,12,71,2014-03-12,5.1,9.12,1.87,81.78,0,13.04,2.02
11.39044,55.32523,2014,3,13,72,2014-03-13,5.03,9.51,2.02,88.52,0.01,13.55,3.54
11.39044,55.32523,2014,3,14,73,2014-03-14,5.17,6.93,3.43,89.65,3.42,9.83,6.41
11.39044,55.32523,2014,3,15,74,2014-03-15,6.21,7.99,4.85,77.66,0.22,12.49,10.98
11.39044,55.32523,2014,3,16,75,2014-03-16,6.82,8.74,4.99,89.01,1.69,10.64,9.62
11.39044,55.32523,2014,3,17,76,2014-03-17,7.49,8.81,6.16,87.24,0.9,9,8.6
11.39044,55.32523,2014,3,18,77,2014-03-18,6.46,8.06,5.56,91.89,0.84,6.32,6.56
11.39044,55.32523,2014,3,19,78,2014-03-19,6.59,8.48,5.38,92.2,0.48,4.96,7.54
11.39044,55.32523,2014,3,20,79,2014-03-20,8.36,11.84,5.54,85.19,0.04,14.55,7.76
11.39044,55.32523,2014,3,21,80,2014-03-21,6.91,9.03,3.74,87.62,1.11,6.8,6
11.39044,55.32523,2014,3,22,81,2014-03-22,5.57,7.77,3.38,89.98,0.76,12.2,5.79
11.39044,55.32523,2014,3,23,82,2014-03-23,5.08,7.64,3.26,90.65,0.26,11.28,4.77
11.39044,55.32523,2014,3,24,83,2014-03-24,4.26,7.35,2.96,89.08,0.18,13.93,2.27
11.39044,55.32523,2014,3,25,84,2014-03-25,4.32,6.83,1.83,87.59,1.64,12.98,4.94
11.39044,55.32523,2014,3,26,85,2014-03-26,4.23,6.71,1.71,86.58,1.88,5.91,5.95
11.39044,55.32523,2014,3,27,86,2014-03-27,3.93,6.66,1.02,90.86,0.12,9.03,3.3
11.39044,55.32523,2014,3,28,87,2014-03-28,6,10.1,3.21,90.37,0.13,9.88,3.54
11.39044,55.32523,2014,3,29,88,2014-03-29,5.71,10.24,2.33,92.57,0.02,13.14,3.24
11.39044,55.32523,2014,3,30,89,2014-03-30,6.98,11.85,3.31,90.79,0.04,14.06,1.24
11.39044,55.32523,2014,3,31,90,2014-03-31,6.78,10.11,3.88,90.35,0.01,11.41,2.28
11.39044,55.32523,2014,4,1,91,2014-04-01,5.1,7.21,3.68,83.89,0.07,10.07,4.98
11.39044,55.32523,2014,4,2,92,2014-04-02,5.28,7.91,3.3,86.31,0.18,7.53,6.02
11.39044,55.32523,2014,4,3,93,2014-04-03,5.75,9.3,3.23,85.08,0.04,16.86,4.03
11.39044,55.32523,2014,4,4,94,2014-04-04,4.09,5.82,2.79,81.04,0.01,13.77,7.02
11.39044,55.32523,2014,4,5,95,2014-04-05,5.63,6.91,3.4,93.61,1.83,2.92,4.64
11.39044,55.32523,2014,4,6,96,2014-04-06,8.19,10.03,6,95.57,2.89,8.1,4.33
11.39044,55.32523,2014,4,7,97,2014-04-07,9.65,11.61,8.35,95.14,1.19,8.37,4.19
11.39044,55.32523,2014,4,8,98,2014-04-08,8.94,10.69,6.29,89.98,2.48,6.42,6.76
11.39044,55.32523,2014,4,9,99,2014-04-09,7.32,9.98,4.95,83.65,0.19,10.42,8.57
11.39044,55.32523,2014,4,10,100,2014-04-10,6.62,8.47,4.42,85.29,0.42,10.46,2.67
11.39044,55.32523,2014,4,11,101,2014-04-11,7.72,9.07,6.49,87.47,0.95,10.8,2.67
11.39044,55.32523,2014,4,12,102,2014-04-12,7.18,9.41,4.67,83.25,1.34,14.19,4.02
11.39044,55.32523,2014,4,13,103,2014-04-13,7.89,9.98,6.23,82.7,1.32,15.87,7.81
11.39044,55.32523,2014,4,14,104,2014-04-14,7.12,9.32,6.07,82.37,5.76,10.69,7.67
11.39044,55.32523,2014,4,15,105,2014-04-15,6.62,8.67,4.28,77.3,0,21.75,6.77
11.39044,55.32523,2014,4,16,106,2014-04-16,7.34,10.35,3.48,75.97,0,21,2.35
11.39044,55.32523,2014,4,17,107,2014-04-17,8.3,12.28,5.69,79.97,4.92,14.31,7.42
11.39044,55.32523,2014,4,18,108,2014-04-18,6.92,8.84,5.26,85.72,1.34,11.33,4.3
11.39044,55.32523,2014,4,19,109,2014-04-19,7.91,13.51,3.78,86.64,0.02,21.15,3.18
11.39044,55.32523,2014,4,20,110,2014-04-20,10.9,15.91,6.29,78.13,0,21.14,5.01
11.39044,55.32523,2014,4,21,111,2014-04-21,10.47,12.65,8.48,85.88,1.36,13.41,5.57
11.39044,55.32523,2014,4,22,112,2014-04-22,11.36,15.63,8.37,84.22,0.16,17.08,4.52
11.39044,55.32523,2014,4,23,113,2014-04-23,9.3,11.81,7.03,82.86,2.68,7.47,4.94
11.39044,55.32523,2014,4,24,114,2014-04-24,7.86,10.6,5.85,82.58,3.38,6.62,5.27
11.39044,55.32523,2014,4,25,115,2014-04-25,10.43,15.19,6.79,79.86,0.02,20.5,4.19
11.39044,55.32523,2014,4,26,116,2014-04-26,10.44,15.92,5.36,79.71,0,22.82,4.38
11.39044,55.32523,2014,4,27,117,2014-04-27,11.18,16.13,6.66,76.18,0,23.31,4.26
11.39044,55.32523,2014,4,28,118,2014-04-28,12.35,17.2,6.34,65.44,0,24.41,1.62
11.39044,55.32523,2014,4,29,119,2014-04-29,12.76,16.34,8.74,69.1,0,22.9,1.79
11.39044,55.32523,2014,4,30,120,2014-04-30,11.76,14.96,8.69,82.04,0.01,21.22,2.9
11.39044,55.32523,2014,5,1,121,2014-05-01,8.42,9.99,6.87,71.99,0,23.57,5.3
11.39044,55.32523,2014,5,2,122,2014-05-02,8.12,9.8,6.45,67.08,0.13,18.34,2.23
11.39044,55.32523,2014,5,3,123,2014-05-03,8.63,11.43,5.35,69.55,0,22.59,4.73
11.39044,55.32523,2014,5,4,124,2014-05-04,8.71,11.26,5.83,73.46,0,20.08,5.03
11.39044,55.32523,2014,5,5,125,2014-05-05,8.44,9.54,6.3,81.43,0.71,8.97,3.24
11.39044,55.32523,2014,5,6,126,2014-05-06,10.32,11.96,8.59,84.47,0.84,10.24,5.41
11.39044,55.32523,2014,5,7,127,2014-05-07,11.17,13.19,8.65,87.83,6.23,14.17,3.23
11.39044,55.32523,2014,5,8,128,2014-05-08,10.78,12.89,8.99,88.24,4.43,13.21,5.32
11.39044,55.32523,2014,5,9,129,2014-05-09,10.44,12.05,8.36,90.21,5.91,11.69,3.18
11.39044,55.32523,2014,5,10,130,2014-05-10,10.81,13.37,8.46,86.01,3.58,13.05,4.67
11.39044,55.32523,2014,5,11,131,2014-05-11,11.01,12.51,9.72,88.01,4.51,15.09,6.25
11.39044,55.32523,2014,5,12,132,2014-05-12,11.06,13.52,9.23,86.22,4.42,13.64,4.88
11.39044,55.32523,2014,5,13,133,2014-05-13,10.14,12.17,8.41,83.14,1.07,15.61,6.49
11.39044,55.32523,2014,5,14,134,2014-05-14,10.32,12.29,8.39,86.33,1.35,16.18,5.02
11.39044,55.32523,2014,5,15,135,2014-05-15,11.98,14.89,8.85,81.47,0.17,22.84,1.89
11.39044,55.32523,2014,5,16,136,2014-05-16,12.06,14.72,7.89,83.78,0.02,19.2,3.08
11.39044,55.32523,2014,5,17,137,2014-05-17,13.62,16.55,9.91,79.7,0.01,25.76,2.28
11.39044,55.32523,2014,5,18,138,2014-05-18,13.36,15.98,11.44,85.05,2.91,14.49,3.73
11.39044,55.32523,2014,5,19,139,2014-05-19,13.37,16.13,10.23,86.5,0.87,14.57,3.07
11.39044,55.32523,2014,5,20,140,2014-05-20,15.1,18.59,11.34,82.09,0.05,23.98,1.79
11.39044,55.32523,2014,5,21,141,2014-05-21,15.98,21.01,11.59,85.82,0.05,19.51,4.56
11.39044,55.32523,2014,5,22,142,2014-05-22,17.77,22.09,13.66,82.92,0.35,25.08,4.47
11.39044,55.32523,2014,5,23,143,2014-05-23,16.96,20.17,14.01,88.68,2.39,12.72,3.37
11.39044,55.32523,2014,5,24,144,2014-05-24,15.06,18,12.78,82.31,0.02,22.89,3.01
11.39044,55.32523,2014,5,25,145,2014-05-25,16.07,18.85,12.87,82.5,0.53,21.83,2.23
11.39044,55.32523,2014,5,26,146,2014-05-26,15.57,18.4,12.72,77.92,0,26.75,2.98
11.39044,55.32523,2014,5,27,147,2014-05-27,14.73,18.09,10.13,79.15,0.03,24.82,6.46
11.39044,55.32523,2014,5,28,148,2014-05-28,11.4,15.02,8.07,72.89,0.02,17.16,6.69
11.39044,55.32523,2014,5,29,149,2014-05-29,11.96,14.84,8.25,71.04,0,25.94,3.87
11.39044,55.32523,2014,5,30,150,2014-05-30,14.49,18.66,9.77,76.27,0,27.66,5.38
11.39044,55.32523,2014,5,31,151,2014-05-31,13.51,16.73,10.71,83.22,0.26,17.17,5.69
11.39044,55.32523,2014,6,1,152,2014-06-01,14.9,17.71,12.05,77.46,0.49,21.17,1.51
11.39044,55.32523,2014,6,2,153,2014-06-02,16.11,19.09,12.62,74.2,0.07,26.12,1.24
11.39044,55.32523,2014,6,3,154,2014-06-03,15.88,17.86,14.31,78.53,0.47,22.28,1.29
11.39044,55.32523,2014,6,4,155,2014-06-04,16.03,18.62,13.04,77.4,0.26,22.29,2.54
11.39044,55.32523,2014,6,5,156,2014-06-05,15.14,18.33,12.65,82.32,7.44,15.26,5.15
11.39044,55.32523,2014,6,6,157,2014-06-06,14.51,16.59,12.01,81.15,3.23,10.62,6.66
11.39044,55.32523,2014,6,7,158,2014-06-07,15.57,17.94,12.03,75.41,0.04,26.92,1.97
11.39044,55.32523,2014,6,8,159,2014-06-08,18.27,21.96,13.96,73.16,0.16,16.26,2.06
11.39044,55.32523,2014,6,9,160,2014-06-09,18.02,20.83,15.17,73.75,0.01,28.67,2.46
11.39044,55.32523,2014,6,10,161,2014-06-10,19.3,23.45,14.76,77.49,0.11,26.51,2.89
11.39044,55.32523,2014,6,11,162,2014-06-11,18.05,19.69,15.03,85.03,3.09,14.33,2.75
11.39044,55.32523,2014,6,12,163,2014-06-12,16.53,19.14,13.93,76.2,0.04,25.71,5.8
11.39044,55.32523,2014,6,13,164,2014-06-13,15.74,17.92,13.73,75.24,1.14,19.88,6.51
11.39044,55.32523,2014,6,14,165,2014-06-14,15.52,17.43,13.49,72.01,0.3,27.49,4.69
11.39044,55.32523,2014,6,15,166,2014-06-15,16.36,18.73,12.88,73.16,0,27.06,2.76
11.39044,55.32523,2014,6,16,167,2014-06-16,15.43,18.66,12.12,80.01,0.03,21.84,3
11.39044,55.32523,2014,6,17,168,2014-06-17,17.22,20.06,13.22,71.42,0.01,25.71,3.24
11.39044,55.32523,2014,6,18,169,2014-06-18,17.18,20.82,13.23,78.11,0.01,27.13,3.97
11.39044,55.32523,2014,6,19,170,2014-06-19,15.19,16.32,13.85,79.29,1.73,15.08,8.28
11.39044,55.32523,2014,6,20,171,2014-06-20,15.01,17.78,12.02,79.76,1.9,17.02,5.16
11.39044,55.32523,2014,6,21,172,2014-06-21,14.13,16.56,11.65,71.99,0.25,21.56,7.49
11.39044,55.32523,2014,6,22,173,2014-06-22,14.17,17.4,11.08,70.39,0.04,27.81,7.03
11.39044,55.32523,2014,6,23,174,2014-06-23,14.47,17.5,11.29,73.28,0.5,24.04,6.24
11.39044,55.32523,2014,6,24,175,2014-06-24,14.22,16.15,11.31,68.6,0.8,23.48,2.08
11.39044,55.32523,2014,6,25,176,2014-06-25,16.31,18.43,13.26,64.16,0.77,25.15,2.05
11.39044,55.32523,2014,6,26,177,2014-06-26,16.74,18.53,14.57,62.91,2.19,22.3,1.15
11.39044,55.32523,2014,6,27,178,2014-06-27,17.02,19.39,13.97,71.85,4.81,18.81,3.38
11.39044,55.32523,2014,6,28,179,2014-06-28,16.22,17.56,14.5,82.63,4.47,16.75,3.77
11.39044,55.32523,2014,6,29,180,2014-06-29,15.28,17.12,13.55,78.48,0.66,19.55,3.15
11.39044,55.32523,2014,6,30,181,2014-06-30,15.58,18.27,12.71,72.83,0.48,25.14,4.53
11.39044,55.32523,2014,7,1,182,2014-07-01,14.97,16.88,12.36,74.2,1.82,23.87,4.18
11.39044,55.32523,2014,7,2,183,2014-07-02,15.45,17.53,13.2,76.74,1.55,19.53,5.08
11.39044,55.32523,2014,7,3,184,2014-07-03,16.71,19.6,13.31,77.62,0.16,12.1,6.32
11.39044,55.32523,2014,7,4,185,2014-07-04,19.79,23.37,15.15,70.75,0.16,26.64,3.36
11.39044,55.32523,2014,7,5,186,2014-07-05,20.63,24.8,16.67,75.43,1.16,14.48,3.99
11.39044,55.32523,2014,7,6,187,2014-07-06,20.9,23.78,17.45,79.94,0.3,22.69,3.64
11.39044,55.32523,2014,7,7,188,2014-07-07,19.83,21.46,17.09,79.51,0.43,14.41,4.59
11.39044,55.32523,2014,7,8,189,2014-07-08,20.65,24.62,16.45,78.6,1.35,13.93,5.38
11.39044,55.32523,2014,7,9,190,2014-07-09,22.9,26.43,19.73,69.35,0.32,25.49,7
11.39044,55.32523,2014,7,10,191,2014-07-10,22.08,25.83,18,69.65,0.01,25.15,4.73
11.39044,55.32523,2014,7,11,192,2014-07-11,20.66,23.77,17.18,68.81,0,26.78,4.32
11.39044,55.32523,2014,7,12,193,2014-07-12,18.59,20.87,15.95,63.8,0.51,21.41,2.83
11.39044,55.32523,2014,7,13,194,2014-07-13,16.94,17.42,15.85,78.76,7.2,7.75,5.57
11.39044,55.32523,2014,7,14,195,2014-07-14,18.57,21.14,15.72,86.12,12.1,9.58,5.69
11.39044,55.32523,2014,7,15,196,2014-07-15,18.65,21.08,15.98,80.49,0.28,16.15,5.32
11.39044,55.32523,2014,7,16,197,2014-07-16,18.16,20.51,15.16,71.38,0.04,23.33,2.8
11.39044,55.32523,2014,7,17,198,2014-07-17,19.72,21.75,17.31,68.63,0.01,24.27,1.2
11.39044,55.32523,2014,7,18,199,2014-07-18,21.08,23.88,17.87,72.21,0.02,23.99,1.24
11.39044,55.32523,2014,7,19,200,2014-07-19,21.78,25.4,17.7,70.25,0,23.96,3.16
11.39044,55.32523,2014,7,20,201,2014-07-20,21.42,24.83,18.19,66.16,0,22.26,5.42
11.39044,55.32523,2014,7,21,202,2014-07-21,21.36,24.9,17.47,70.27,0.04,25.73,4.52
11.39044,55.32523,2014,7,22,203,2014-07-22,22.24,25.83,18.03,67.32,0,24.18,3.4
11.39044,55.32523,2014,7,23,204,2014-07-23,22.31,25.44,18.65,63.52,0,25.78,2.83
11.39044,55.32523,2014,7,24,205,2014-07-24,22.28,25.8,18.66,64.48,0,24.7,3.03
11.39044,55.32523,2014,7,25,206,2014-07-25,22.83,26.63,18.27,63.65,0.01,23.46,4.22
11.39044,55.32523,2014,7,26,207,2014-07-26,21.98,24.61,19.48,77.34,1.43,18.35,3.76
11.39044,55.32523,2014,7,27,208,2014-07-27,22.35,25.47,19.39,77.46,2.45,16.71,2
11.39044,55.32523,2014,7,28,209,2014-07-28,22.03,24.93,18.77,79.19,0.42,21.21,3.07
11.39044,55.32523,2014,7,29,210,2014-07-29,22.36,25.2,19.38,73.57,0,22.97,3.35
11.39044,55.32523,2014,7,30,211,2014-07-30,21.31,24.11,18.81,73.11,0.19,17.46,3.94
11.39044,55.32523,2014,7,31,212,2014-07-31,20.29,23.15,17.46,69.41,0.06,20.7,5.29
11.39044,55.32523,2014,8,1,213,2014-08-01,21.72,24.97,18.26,68.03,0.53,20.32,4.16
11.39044,55.32523,2014,8,2,214,2014-08-02,21.61,24.92,19.16,77.62,0.38,17.79,6.06
11.39044,55.32523,2014,8,3,215,2014-08-03,21.7,23.48,20.11,87.57,7.77,10.28,3.11
11.39044,55.32523,2014,8,4,216,2014-08-04,19.51,21.55,16.82,77.4,34.69,16.55,5.03
11.39044,55.32523,2014,8,5,217,2014-08-05,19.98,21.39,18.67,75.61,1.65,16.98,1.8
11.39044,55.32523,2014,8,6,218,2014-08-06,19.91,22.43,16.78,66.76,0.03,22.04,2.54
11.39044,55.32523,2014,8,7,219,2014-08-07,19.65,22.45,17.57,76.93,0.83,9.95,3.35
11.39044,55.32523,2014,8,8,220,2014-08-08,20.05,22.8,16.79,73.19,0.44,22.17,2.19
11.39044,55.32523,2014,8,9,221,2014-08-09,19.86,23.54,16.85,77.63,5.14,10.57,6.94
11.39044,55.32523,2014,8,10,222,2014-08-10,19.77,22.38,16.54,74.68,4.65,18.87,6.49
11.39044,55.32523,2014,8,11,223,2014-08-11,18.87,20.19,16.87,71.91,2.44,17.87,7.07
11.39044,55.32523,2014,8,12,224,2014-08-12,16.84,18.37,15.78,78.25,5.53,18.45,6.67
11.39044,55.32523,2014,8,13,225,2014-08-13,17.38,20.05,15.22,73.08,1.26,17.9,5.32
11.39044,55.32523,2014,8,14,226,2014-08-14,17.59,20.12,14.96,75.98,0.87,18.17,5.22
11.39044,55.32523,2014,8,15,227,2014-08-15,17.08,19.23,14.96,77.49,1.73,18.18,4.55
11.39044,55.32523,2014,8,16,228,2014-08-16,15.85,18.07,13.91,73.39,0.48,13.82,6.72
11.39044,55.32523,2014,8,17,229,2014-08-17,15.53,17.09,13.94,85.75,14.5,4.22,7.81
11.39044,55.32523,2014,8,18,230,2014-08-18,14.89,15.97,13.41,83.39,7.31,13.22,8.15
11.39044,55.32523,2014,8,19,231,2014-08-19,14.61,16.43,13.21,75.56,1.14,18.76,8.35
11.39044,55.32523,2014,8,20,232,2014-08-20,14.69,17.03,12.91,76.72,1.27,17.67,7.56
11.39044,55.32523,2014,8,21,233,2014-08-21,14.18,16.29,12.44,77.05,1.57,17.86,6.11
11.39044,55.32523,2014,8,22,234,2014-08-22,14.28,15.57,13.23,83.68,7.09,10.24,6.29
11.39044,55.32523,2014,8,23,235,2014-08-23,14.15,16.34,12.19,78.32,1.64,17.27,5.93
11.39044,55.32523,2014,8,24,236,2014-08-24,14.1,16.6,11.41,77,1.06,14.9,6.53
11.39044,55.32523,2014,8,25,237,2014-08-25,13.52,15.4,11.75,77.66,0.88,16.02,5.31
11.39044,55.32523,2014,8,26,238,2014-08-26,14.52,17.6,11.44,80.14,0.67,18.9,3.8
11.39044,55.32523,2014,8,27,239,2014-08-27,16.06,19.48,12.58,79.21,0.12,19.64,3.91
11.39044,55.32523,2014,8,28,240,2014-08-28,15.56,18.58,11.99,78.55,0.02,19.71,2.46
11.39044,55.32523,2014,8,29,241,2014-08-29,15.92,17.57,14.03,87.39,3.83,5.5,3.74
11.39044,55.32523,2014,8,30,242,2014-08-30,15.87,17.89,13.71,90.49,4.08,8.24,4.12
11.39044,55.32523,2014,8,31,243,2014-08-31,15.52,16.95,14.12,91.6,6.01,8.15,2.73
11.39044,55.32523,2014,9,1,244,2014-09-01,16.23,19.34,13.64,85.33,0.99,11.14,4.63
11.39044,55.32523,2014,9,2,245,2014-09-02,15.72,18.83,12.27,80.15,0.03,18.77,2.93
11.39044,55.32523,2014,9,3,246,2014-09-03,16.17,19.56,13.44,79.4,0.01,18.85,2.53
11.39044,55.32523,2014,9,4,247,2014-09-04,15.95,19.68,12.57,82.91,0.04,18.07,4.09
11.39044,55.32523,2014,9,5,248,2014-09-05,17.28,20.93,13.65,85.51,1.82,15.04,3.38
11.39044,55.32523,2014,9,6,249,2014-09-06,18.18,21.86,15.53,82.11,0.13,16.41,4.37
11.39044,55.32523,2014,9,7,250,2014-09-07,17.82,20.31,15.6,90.02,4.84,8.82,2.25
11.39044,55.32523,2014,9,8,251,2014-09-08,15.42,17.82,13,80.42,0.51,12.18,5.57
11.39044,55.32523,2014,9,9,252,2014-09-09,15.66,18.63,13.23,82.41,1.42,12.19,6.36
11.39044,55.32523,2014,9,10,253,2014-09-10,15.64,17.88,13.06,85.18,1.07,14.54,5.19
11.39044,55.32523,2014,9,11,254,2014-09-11,16.01,18.9,13.17,84.31,0.27,14.54,3.21
11.39044,55.32523,2014,9,12,255,2014-09-12,16.29,19.63,13.26,86.52,0.04,15.39,3.32
11.39044,55.32523,2014,9,13,256,2014-09-13,16.43,19.31,13.66,85.46,3.73,12.44,4.62
11.39044,55.32523,2014,9,14,257,2014-09-14,16.43,19.22,15.07,88.85,12.44,3.35,6.63
11.39044,55.32523,2014,9,15,258,2014-09-15,16.19,19.2,14.09,86.24,0.4,9.1,6.91
11.39044,55.32523,2014,9,16,259,2014-09-16,16.38,19.97,13.96,81.79,0.04,14.72,5.75
11.39044,55.32523,2014,9,17,260,2014-09-17,15.95,19.86,13.2,83.02,0.12,13.23,4.9
11.39044,55.32523,2014,9,18,261,2014-09-18,16.55,20.12,13.95,83.53,0.1,13.65,5.18
11.39044,55.32523,2014,9,19,262,2014-09-19,16.62,20.88,13.3,84.25,0.11,13.7,3.01
11.39044,55.32523,2014,9,20,263,2014-09-20,16.35,19.03,12.93,82.4,0.09,8.67,1.26
11.39044,55.32523,2014,9,21,264,2014-09-21,15.42,17.63,13.07,80.95,2.19,11.56,5.24
11.39044,55.32523,2014,9,22,265,2014-09-22,12.14,13.48,10.83,75.49,5.11,6.66,8.03
11.39044,55.32523,2014,9,23,266,2014-09-23,12.34,14.71,9.24,69.76,0.78,12.42,3.21
11.39044,55.32523,2014,9,24,267,2014-09-24,13.51,14.61,11.97,88.28,5.39,5.92,6.44
11.39044,55.32523,2014,9,25,268,2014-09-25,13.04,14.98,11.25,86.19,1.17,8.62,6.23
11.39044,55.32523,2014,9,26,269,2014-09-26,14.85,17.95,11.82,88.94,0.8,6.3,5.79
11.39044,55.32523,2014,9,27,270,2014-09-27,13.51,16.84,10.87,81.89,0.01,11.79,5.69
11.39044,55.32523,2014,9,28,271,2014-09-28,14.21,17.49,11.61,88.72,0.05,8.06,4.13
11.39044,55.32523,2014,9,29,272,2014-09-29,15.07,17.9,12.46,84.56,0.16,10.1,1.51
11.39044,55.32523,2014,9,30,273,2014-09-30,13.95,14.91,13.02,92.53,15.99,2.65,4.14
11.39044,55.32523,2014,10,1,274,2014-10-01,14.87,16.94,13.3,91.58,3.15,5.46,2.3
11.39044,55.32523,2014,10,2,275,2014-10-02,14.9,17.14,13.23,88.21,0.29,5.98,2.14
11.39044,55.32523,2014,10,3,276,2014-10-03,14.72,17.91,12.07,92.36,0.77,4.68,3.29
11.39044,55.32523,2014,10,4,277,2014-10-04,14.6,17.07,12.72,86.48,0.06,10.6,5.97
11.39044,55.32523,2014,10,5,278,2014-10-05,13.59,16.37,11.73,81.66,0,9.33,5.8
11.39044,55.32523,2014,10,6,279,2014-10-06,12.71,14.62,11.21,80.92,0.03,8.16,8.44
11.39044,55.32523,2014,10,7,280,2014-10-07,12.97,14.24,11.81,87.02,5.59,2.04,8.91
11.39044,55.32523,2014,10,8,281,2014-10-08,12.77,14.33,11.23,85.32,0.27,9.17,6.77
11.39044,55.32523,2014,10,9,282,2014-10-09,14.78,16.28,13.06,89.74,0.72,7.09,5.54
11.39044,55.32523,2014,10,10,283,2014-10-10,13.75,16.24,11.93,90.5,0.22,7.06,6.1
11.39044,55.32523,2014,10,11,284,2014-10-11,13.55,16.61,11.01,91.4,0.53,8.15,3.04
11.39044,55.32523,2014,10,12,285,2014-10-12,13.24,15.02,11.66,87.27,2.37,7.94,3.75
11.39044,55.32523,2014,10,13,286,2014-10-13,11.38,12.72,10.45,92.83,9.95,1.35,4.98
11.39044,55.32523,2014,10,14,287,2014-10-14,11.02,12.21,9.37,91.09,4.55,2.86,4.15
11.39044,55.32523,2014,10,15,288,2014-10-15,12.75,14.47,11.46,92.84,5.87,2.88,4.4
11.39044,55.32523,2014,10,16,289,2014-10-16,12.68,14.42,11.13,92.85,2.42,5.28,2.7
11.39044,55.32523,2014,10,17,290,2014-10-17,12.49,14.28,10.86,95.87,3.72,3.6,2.24
11.39044,55.32523,2014,10,18,291,2014-10-18,12.88,13.99,11.17,95.09,0.54,2.87,5.11
11.39044,55.32523,2014,10,19,292,2014-10-19,14.54,15.36,13.54,93.89,15.95,1.52,6.23
11.39044,55.32523,2014,10,20,293,2014-10-20,12.89,14.21,11.17,86.33,2.67,5.38,7.05
11.39044,55.32523,2014,10,21,294,2014-10-21,11.52,13.2,9.91,94.02,8.21,1.9,4.8
11.39044,55.32523,2014,10,22,295,2014-10-22,11.63,13.96,10.12,91.18,1.82,4.14,2.84
11.39044,55.32523,2014,10,23,296,2014-10-23,11.55,12.44,10.81,91.22,2.05,2.54,4.02
11.39044,55.32523,2014,10,24,297,2014-10-24,11.92,12.99,11.31,89.96,1.21,2.08,6.72
11.39044,55.32523,2014,10,25,298,2014-10-25,11.35,12.57,10.77,92.67,5.01,1.72,5.98
11.39044,55.32523,2014,10,26,299,2014-10-26,11.66,12.96,10.12,92.32,0.1,4.34,6.91
11.39044,55.32523,2014,10,27,300,2014-10-27,12.7,14.32,11.13,88.31,0.06,3.15,7.09
11.39044,55.32523,2014,10,28,301,2014-10-28,11.32,13.64,9.06,92.84,0.08,6.11,6.35
11.39044,55.32523,2014,10,29,302,2014-10-29,9.46,11.95,7.77,87.68,0.51,4.4,4.64
11.39044,55.32523,2014,10,30,303,2014-10-30,8.2,9.8,6.82,89.27,0,4.91,2.39
11.39044,55.32523,2014,10,31,304,2014-10-31,10.18,11.34,8.51,94.63,1.21,1.41,3.77
11.39044,55.32523,2014,11,1,305,2014-11-01,11.81,13.91,10.26,97.35,0.24,4.02,4.62
11.39044,55.32523,2014,11,2,306,2014-11-02,12.25,14.24,10.99,97.05,0.19,2.66,5.18
11.39044,55.32523,2014,11,3,307,2014-11-03,12.48,13.17,11.82,90.31,1.6,3.18,7.23
11.39044,55.32523,2014,11,4,308,2014-11-04,11.48,12.48,10.2,86.07,3.28,3.05,5.48
11.39044,55.32523,2014,11,5,309,2014-11-05,8.98,10.23,8.34,91.67,6.92,1.17,4.67
11.39044,55.32523,2014,11,6,310,2014-11-06,8.06,8.61,7.61,89.28,1.11,1,3.19
11.39044,55.32523,2014,11,7,311,2014-11-07,8.37,9.93,7.68,86.33,0.17,3.81,4.34
11.39044,55.32523,2014,11,8,312,2014-11-08,9.22,10.2,7.64,92.6,0.34,2.03,5.27
11.39044,55.32523,2014,11,9,313,2014-11-09,9.06,10.68,8.32,93.74,0.1,4.05,5.5
11.39044,55.32523,2014,11,10,314,2014-11-10,8.92,9.61,8.33,94.63,1.39,0.97,4.42
11.39044,55.32523,2014,11,11,315,2014-11-11,8.69,10.6,7.14,95.23,0.17,3.3,4.44
11.39044,55.32523,2014,11,12,316,2014-11-12,10.5,11.41,9.32,93.99,0.8,0.64,6.56
11.39044,55.32523,2014,11,13,317,2014-11-13,10.25,10.63,9.9,95.12,1.33,0.73,4.31
11.39044,55.32523,2014,11,14,318,2014-11-14,10.05,10.82,9.57,94.36,0.64,1.16,5.65
11.39044,55.32523,2014,11,15,319,2014-11-15,9.22,9.54,8.8,90.14,0.56,0.71,8.04
11.39044,55.32523,2014,11,16,320,2014-11-16,8.7,9.55,8.18,92.27,6.33,0.97,8.92
11.39044,55.32523,2014,11,17,321,2014-11-17,9.11,10.24,8.17,92.9,1.88,0.99,5.2
11.39044,55.32523,2014,11,18,322,2014-11-18,7.56,8.57,6.15,91.94,0.75,0.73,6.25
11.39044,55.32523,2014,11,19,323,2014-11-19,5.97,6.51,5.11,91.52,0.57,0.87,4.91
11.39044,55.32523,2014,11,20,324,2014-11-20,5.53,6.54,4.95,88.14,0.28,1.26,2.13
11.39044,55.32523,2014,11,21,325,2014-11-21,6.25,7.13,5.46,87.92,0.48,1.95,1.9
11.39044,55.32523,2014,11,22,326,2014-11-22,6.19,6.69,5.66,88.73,1.96,1.11,4.34
11.39044,55.32523,2014,11,23,327,2014-11-23,6.79,7.75,5.6,90.6,2.55,0.85,7.37
11.39044,55.32523,2014,11,24,328,2014-11-24,8.08,9.02,6.6,91.99,4.25,2.8,6.33
11.39044,55.32523,2014,11,25,329,2014-11-25,6.47,8.37,5.23,95.69,0.02,3.16,3.32
11.39044,55.32523,2014,11,26,330,2014-11-26,6.31,7.24,5.4,88.54,0.19,1.62,3.26
11.39044,55.32523,2014,11,27,331,2014-11-27,4.8,6.08,3.62,87.31,0.01,2.9,5.96
11.39044,55.32523,2014,11,28,332,2014-11-28,4.09,5.16,2.96,84.54,0.2,1.81,7.01
11.39044,55.32523,2014,11,29,333,2014-11-29,2.65,3.46,1.44,79.2,0.11,1.58,7.08
11.39044,55.32523,2014,11,30,334,2014-11-30,1.56,2.51,0.24,83.62,0.01,1.09,7.02
11.39044,55.32523,2014,12,1,335,2014-12-01,1.84,2.85,0.64,86.39,0.02,2.04,6.39
11.39044,55.32523,2014,12,2,336,2014-12-02,0.46,1.22,-0.21,85.3,0.06,0.78,3.79
11.39044,55.32523,2014,12,3,337,2014-12-03,1.49,2.57,0.83,83.11,0.22,0.62,2.64
11.39044,55.32523,2014,12,4,338,2014-12-04,2.73,4.02,1.42,90.42,2.4,0.89,3.64
11.39044,55.32523,2014,12,5,339,2014-12-05,3.34,3.89,2.7,96.13,5.17,0.6,4.49
11.39044,55.32523,2014,12,6,340,2014-12-06,3.75,5.58,2.03,97.94,0.32,2.41,4.6
11.39044,55.32523,2014,12,7,341,2014-12-07,3.97,4.69,2.91,95.48,7.79,0.69,7.94
11.39044,55.32523,2014,12,8,342,2014-12-08,3.66,4.75,2.97,98.17,0.12,1.85,5.08
11.39044,55.32523,2014,12,9,343,2014-12-09,3.58,4.68,3.09,95,0.14,1.85,5.88
11.39044,55.32523,2014,12,10,344,2014-12-10,4.54,5.91,2.08,89.64,8.58,1.27,10.42
11.39044,55.32523,2014,12,11,345,2014-12-11,4.24,5.26,3.42,94.25,5.72,0.96,8.41
11.39044,55.32523,2014,12,12,346,2014-12-12,4.38,7.31,2.41,93.54,11.47,0.34,8.96
11.39044,55.32523,2014,12,13,347,2014-12-13,4.62,6,2.79,91.88,0.2,2.31,7.28
11.39044,55.32523,2014,12,14,348,2014-12-14,3.14,3.73,2.68,94.63,0.19,1.3,7.32
11.39044,55.32523,2014,12,15,349,2014-12-15,4.07,5.58,3.08,93.68,4.06,1.29,8.01
11.39044,55.32523,2014,12,16,350,2014-12-16,3.75,4.74,2.69,95.9,1.34,0.83,6.27
11.39044,55.32523,2014,12,17,351,2014-12-17,3.84,4.46,3.18,94.98,0.5,0.65,5.77
11.39044,55.32523,2014,12,18,352,2014-12-18,6.53,8.63,3.72,97,7.99,0.47,6.53
11.39044,55.32523,2014,12,19,353,2014-12-19,6.86,8.64,5.01,91.22,1.08,1.84,7.71
11.39044,55.32523,2014,12,20,354,2014-12-20,4.78,5.61,3.47,88.77,3.42,1.16,9.45
11.39044,55.32523,2014,12,21,355,2014-12-21,4.75,6.85,3.24,95.51,7.18,0.91,7.35
11.39044,55.32523,2014,12,22,356,2014-12-22,7.52,8.46,6.61,95.68,7.19,0.86,7.2
11.39044,55.32523,2014,12,23,357,2014-12-23,6.58,7.23,5.31,95.32,1.55,0.64,6.48
11.39044,55.32523,2014,12,24,358,2014-12-24,5.76,7.19,4.59,95.3,10.3,1.18,5.46
11.39044,55.32523,2014,12,25,359,2014-12-25,1.33,4.96,-1.46,86.88,5.7,1.21,5.14
11.39044,55.32523,2014,12,26,360,2014-12-26,-0.33,0.69,-1.23,78.7,0,1.54,3.04
11.39044,55.32523,2014,12,27,361,2014-12-27,0.47,1.02,-0.15,89.8,0.19,1.35,2.85
11.39044,55.32523,2014,12,28,362,2014-12-28,-0.57,0.73,-1.56,80.15,5.71,1.65,2.77
11.39044,55.32523,2014,12,29,363,2014-12-29,-0.69,2.09,-3.64,87.72,2.11,1.39,3.54
11.39044,55.32523,2014,12,30,364,2014-12-30,2.41,3.25,2.16,98.79,0.36,1.35,4.32
11.39044,55.32523,2014,12,31,365,2014-12-31,4.02,4.92,3.36,99.71,0.45,1.29,5.14
11.39044,55.32523,2015,1,1,1,2015-01-01,4.51,5.33,3.26,95.01,4.47,0.42,7.99
11.39044,55.32523,2015,1,2,2,2015-01-02,5.75,8.7,3.79,84.8,3.8,1.76,12.25
11.39044,55.32523,2015,1,3,3,2015-01-03,4.27,5.39,2.6,89.35,1.97,2.08,9.03
11.39044,55.32523,2015,1,4,4,2015-01-04,2.45,3.62,1.79,92.03,0.4,2.62,7.02
11.39044,55.32523,2015,1,5,5,2015-01-05,3.97,4.63,3,97.62,4.82,1.31,3.01
11.39044,55.32523,2015,1,6,6,2015-01-06,3.46,4.2,2.73,95.22,0.74,0.61,5.48
11.39044,55.32523,2015,1,7,7,2015-01-07,3.91,5.35,1.9,94.4,1.09,2.65,5.9
11.39044,55.32523,2015,1,8,8,2015-01-08,4.44,6.35,2.27,94.53,5.42,0.87,8.04
11.39044,55.32523,2015,1,9,9,2015-01-09,5.02,6.85,2.61,84.71,7.4,1.4,11.01
11.39044,55.32523,2015,1,10,10,2015-01-10,5.74,8.63,3.64,85.95,7.18,0.97,11.12
11.39044,55.32523,2015,1,11,11,2015-01-11,3.99,4.67,3.09,82.87,0.93,1.93,11.31
11.39044,55.32523,2015,1,12,12,2015-01-12,5.61,7.48,2.88,91.59,3.15,0.76,9.79
11.39044,55.32523,2015,1,13,13,2015-01-13,4.81,6.74,3.15,95.65,4.21,0.68,6.48
11.39044,55.32523,2015,1,14,14,2015-01-14,3.28,3.91,2.16,95.53,0.67,1.04,6.65
11.39044,55.32523,2015,1,15,15,2015-01-15,3.92,6.23,2.05,93.56,12.23,0.46,9.16
11.39044,55.32523,2015,1,16,16,2015-01-16,4.98,6.31,4.09,87.83,0.28,2.17,9.44
11.39044,55.32523,2015,1,17,17,2015-01-17,2.88,4.32,1.49,95.84,0.07,2.92,6.06
11.39044,55.32523,2015,1,18,18,2015-01-18,1.8,2.7,1.08,93.64,0.73,0.98,4.98
11.39044,55.32523,2015,1,19,19,2015-01-19,1.09,1.81,0.32,93.9,4.77,1.16,2.73
11.39044,55.32523,2015,1,20,20,2015-01-20,0.96,1.39,0.68,94.4,4.47,0.84,3.11
11.39044,55.32523,2015,1,21,21,2015-01-21,0.7,1.58,0.15,83.26,0.33,2.08,1.84
11.39044,55.32523,2015,1,22,22,2015-01-22,0.56,1.68,-0.64,89.92,0.35,2.19,2.26
11.39044,55.32523,2015,1,23,23,2015-01-23,-0.44,-0.05,-1.08,94.27,0.2,1.62,2.91
11.39044,55.32523,2015,1,24,24,2015-01-24,0.26,1.52,-0.86,92.49,3.15,1.04,6.48
11.39044,55.32523,2015,1,25,25,2015-01-25,1.35,2.71,0.36,97.64,0.12,3.74,3.95
11.39044,55.32523,2015,1,26,26,2015-01-26,1.75,3.07,1.02,97.46,7.76,0.83,6.13
11.39044,55.32523,2015,1,27,27,2015-01-27,1.48,3.04,-0.04,96.67,0.16,4.2,5.6
11.39044,55.32523,2015,1,28,28,2015-01-28,2.6,3.52,1.22,95.88,6.61,1.02,8.35
11.39044,55.32523,2015,1,29,29,2015-01-29,1.7,2.68,0.92,93.16,2.5,2.06,8.37
11.39044,55.32523,2015,1,30,30,2015-01-30,0.79,2.36,-0.28,94.03,0.31,2.12,3.06
11.39044,55.32523,2015,1,31,31,2015-01-31,0.67,2.19,-0.23,92.75,0.28,2.52,4.96
11.39044,55.32523,2015,2,1,32,2015-02-01,0.4,2.24,-0.72,93.16,0.52,2.84,5.47
11.39044,55.32523,2015,2,2,33,2015-02-02,-1.29,-0.74,-1.85,90.16,2.62,1.52,5.15
11.39044,55.32523,2015,2,3,34,2015-02-03,-1.24,-0.29,-2.06,86.27,0.99,1.56,4.9
11.39044,55.32523,2015,2,4,35,2015-02-04,-0.88,-0.16,-1.95,83.33,0.64,1.84,4.6
11.39044,55.32523,2015,2,5,36,2015-02-05,-0.65,1.18,-1.8,91.9,0.2,4.24,2.84
11.39044,55.32523,2015,2,6,37,2015-02-06,-0.41,1.68,-3.37,95.26,0.14,3.59,3.84
11.39044,55.32523,2015,2,7,38,2015-02-07,3.02,4.31,1.87,92.14,0.35,2.4,9.33
11.39044,55.32523,2015,2,8,39,2015-02-08,1.78,3.22,0.89,79.76,0.12,5.81,8.15
11.39044,55.32523,2015,2,9,40,2015-02-09,3.55,5.36,2.63,96.05,0.14,5.03,6.05
11.39044,55.32523,2015,2,10,41,2015-02-10,3.22,5.14,1.7,97.57,0.22,5.63,4.96
11.39044,55.32523,2015,2,11,42,2015-02-11,2,2.6,0.64,94.93,0.64,2.34,3.8
11.39044,55.32523,2015,2,12,43,2015-02-12,0.88,2.25,-0.05,89.65,0.52,1.51,2.86
11.39044,55.32523,2015,2,13,44,2015-02-13,0.52,1.51,-0.1,90.9,0.41,2.16,3.16
11.39044,55.32523,2015,2,14,45,2015-02-14,1.59,3.85,0.16,94.81,0.19,2.93,4.47
11.39044,55.32523,2015,2,15,46,2015-02-15,2.27,3.62,1.27,89.24,0.35,1.58,8.14
11.39044,55.32523,2015,2,16,47,2015-02-16,1.14,1.79,-0.23,88.5,0.4,1.84,7.46
11.39044,55.32523,2015,2,17,48,2015-02-17,0.49,1.69,-1,95.25,0.15,2.18,4.48
11.39044,55.32523,2015,2,18,49,2015-02-18,3.29,5.63,1.08,92.18,1.35,4.92,7.78
11.39044,55.32523,2015,2,19,50,2015-02-19,3.07,4.44,2.05,90.03,0.14,3.27,8.04
11.39044,55.32523,2015,2,20,51,2015-02-20,2.41,3.57,1.18,94.7,3.77,1.91,7.13
11.39044,55.32523,2015,2,21,52,2015-02-21,2.09,3.28,0.95,96.8,11.56,1.51,3.44
11.39044,55.32523,2015,2,22,53,2015-02-22,2.32,4.26,0.96,93.62,0.42,6.21,6.55
11.39044,55.32523,2015,2,23,54,2015-02-23,2.48,3.53,0.98,91.3,2.9,3.08,7.88
11.39044,55.32523,2015,2,24,55,2015-02-24,3.01,4.23,2.28,94.18,1.57,3.43,7.22
11.39044,55.32523,2015,2,25,56,2015-02-25,2.54,4.2,1.49,94.87,0.3,6.14,4.75
11.39044,55.32523,2015,2,26,57,2015-02-26,3.16,5.42,1.35,89.78,0.11,7.15,5.8
11.39044,55.32523,2015,2,27,58,2015-02-27,2.07,3.01,1.08,94.1,3.15,2.73,3.65
11.39044,55.32523,2015,2,28,59,2015-02-28,2.62,4.58,0.9,86.74,0.13,7.81,4.9
11.39044,55.32523,2015,3,1,60,2015-03-01,2.89,6,1.03,91.47,5.66,3.11,7.94
11.39044,55.32523,2015,3,2,61,2015-03-02,2.93,4.18,2.04,93.21,5.94,4.74,6.9
11.39044,55.32523,2015,3,3,62,2015-03-03,2.75,4.66,1.2,89.66,0.32,8.32,6.33
11.39044,55.32523,2015,3,4,63,2015-03-04,2.09,4.69,0.22,94.55,1.42,5.14,4.33
11.39044,55.32523,2015,3,5,64,2015-03-05,2.43,5.27,0.34,94.32,0.08,7.92,4.67
11.39044,55.32523,2015,3,6,65,2015-03-06,4.13,5.77,2.17,96.66,0.72,4.81,5.59
11.39044,55.32523,2015,3,7,66,2015-03-07,4.51,6.85,2.65,89.88,0.01,4.42,7.47
11.39044,55.32523,2015,3,8,67,2015-03-08,5.64,9.19,3.47,87.88,0.02,11.46,6.23
11.39044,55.32523,2015,3,9,68,2015-03-09,5.15,8.29,3.25,88.38,0.15,12.14,3.85
11.39044,55.32523,2015,3,10,69,2015-03-10,5.53,8.07,3.61,85.56,1.66,11.7,6.61
11.39044,55.32523,2015,3,11,70,2015-03-11,4.38,7.03,2.76,88.68,0,13.17,5.05
11.39044,55.32523,2015,3,12,71,2015-03-12,3.69,7.33,0.68,88.99,0.03,13.23,2.14
11.39044,55.32523,2015,3,13,72,2015-03-13,2.52,6.07,-0.24,85.89,0.04,12.34,4.52
11.39044,55.32523,2015,3,14,73,2015-03-14,3.35,6.28,0.51,88.52,0.02,7.47,5.25
11.39044,55.32523,2015,3,15,74,2015-03-15,3.92,6.64,1.62,90.41,0.13,5.68,6.28
11.39044,55.32523,2015,3,16,75,2015-03-16,5.04,7.56,3.13,91.09,0.01,10.67,7.5
11.39044,55.32523,2015,3,17,76,2015-03-17,5.47,7.86,3.8,88.74,0.05,10.75,6.09
11.39044,55.32523,2015,3,18,77,2015-03-18,5.22,7.75,2.83,84.11,0,10.83,5.16
11.39044,55.32523,2015,3,19,78,2015-03-19,5.33,10.26,1.73,77.6,0.01,13.76,1.73
11.39044,55.32523,2015,3,20,79,2015-03-20,4.07,5.77,2,92.06,1.85,8.03,3.39
11.39044,55.32523,2015,3,21,80,2015-03-21,3.23,4.9,-1.05,86.08,4.13,4.23,5.39
11.39044,55.32523,2015,3,22,81,2015-03-22,0.8,2.71,-1.77,69.16,0,12.43,3.47
11.39044,55.32523,2015,3,23,82,2015-03-23,3.57,6.68,1.73,82.79,0.03,12.49,5.91
11.39044,55.32523,2015,3,24,83,2015-03-24,4.42,5.82,3.41,92.93,1.12,6.91,2.58
11.39044,55.32523,2015,3,25,84,2015-03-25,4.78,7.2,3.34,86.96,0.41,6.02,4.75
11.39044,55.32523,2015,3,26,85,2015-03-26,4.88,6.91,3.84,86.79,1.66,6.66,3.4
11.39044,55.32523,2015,3,27,86,2015-03-27,4.83,6.9,2.83,88.52,1.49,4.17,1.77
11.39044,55.32523,2015,3,28,87,2015-03-28,4.4,6.59,2.45,89,2.32,11.24,5.31
11.39044,55.32523,2015,3,29,88,2015-03-29,6.24,7.88,5.03,93.01,5.94,8,5.82
11.39044,55.32523,2015,3,30,89,2015-03-30,5.29,7.67,3.32,84.65,1.96,12.91,8.95
11.39044,55.32523,2015,3,31,90,2015-03-31,2.93,4.77,1.66,92.71,12.37,5.53,6.43
11.39044,55.32523,2015,4,1,91,2015-04-01,3.83,5.81,1.95,83.52,0.94,11.81,8.67
11.39044,55.32523,2015,4,2,92,2015-04-02,3.68,6.31,1.44,83.68,0.4,14.9,6.16
11.39044,55.32523,2015,4,3,93,2015-04-03,4.27,7.56,1.25,81.89,0.01,17.99,4.23
11.39044,55.32523,2015,4,4,94,2015-04-04,4.12,7.09,1.03,84.14,0.07,18.2,4.2
11.39044,55.32523,2015,4,5,95,2015-04-05,4.32,7.11,1.15,82.89,0,16.21,4.11
11.39044,55.32523,2015,4,6,96,2015-04-06,4.61,7.93,0.95,80.96,0,18.76,2.56
11.39044,55.32523,2015,4,7,97,2015-04-07,5.72,8.46,2.56,91.19,0.1,9.13,5.83
11.39044,55.32523,2015,4,8,98,2015-04-08,7.33,10.31,4.62,83.81,0.17,14.2,3.89
11.39044,55.32523,2015,4,9,99,2015-04-09,7.07,9.79,4.58,85.92,0.01,15.44,2.63
11.39044,55.32523,2015,4,10,100,2015-04-10,6.45,10.45,4.05,91.03,0.16,16.39,1.75
11.39044,55.32523,2015,4,11,101,2015-04-11,8.59,13.46,5.5,89.85,1.16,15.14,4.97
11.39044,55.32523,2015,4,12,102,2015-04-12,6.95,9.45,5.18,81.13,7.78,14.75,6.88
11.39044,55.32523,2015,4,13,103,2015-04-13,5.85,7.98,3.63,77.41,0.71,16.94,8.79
11.39044,55.32523,2015,4,14,104,2015-04-14,6.45,9.1,3.66,94.05,3.06,5.34,6.51
11.39044,55.32523,2015,4,15,105,2015-04-15,8.74,12.2,5.7,86.33,1.41,16.01,7.64
11.39044,55.32523,2015,4,16,106,2015-04-16,6.96,9.69,4.89,80.3,0.04,18.45,7.73
11.39044,55.32523,2015,4,17,107,2015-04-17,6.65,9.04,4.36,81.83,0.05,20.3,6.12
11.39044,55.32523,2015,4,18,108,2015-04-18,7.31,10.69,3.17,79.9,0,20.35,3.25
11.39044,55.32523,2015,4,19,109,2015-04-19,8.21,11.86,4.73,80.83,0,20.91,2.28
11.39044,55.32523,2015,4,20,110,2015-04-20,9.19,12.52,5.28,78.17,0,21.69,3.95
11.39044,55.32523,2015,4,21,111,2015-04-21,9.1,13.09,6.13,80.18,0.01,22.4,5.72
11.39044,55.32523,2015,4,22,112,2015-04-22,9.6,13.23,5.68,79.58,0,22.93,2.53
11.39044,55.32523,2015,4,23,113,2015-04-23,8.72,11.93,6.3,90.98,0.08,15.66,6.18
11.39044,55.32523,2015,4,24,114,2015-04-24,9.35,12.15,7.61,84.17,0.23,16.41,3.95
11.39044,55.32523,2015,4,25,115,2015-04-25,9.78,11.58,7.37,92.75,3.89,9.76,4.41
11.39044,55.32523,2015,4,26,116,2015-04-26,7.77,8.97,6.07,83.23,3.83,7.5,2.94
11.39044,55.32523,2015,4,27,117,2015-04-27,7.22,10.1,4.87,73.76,0.02,21.09,3.58
11.39044,55.32523,2015,4,28,118,2015-04-28,6.74,9.46,3.51,75.69,0.31,22.01,3.98
11.39044,55.32523,2015,4,29,119,2015-04-29,8.22,11.01,5.08,77.36,0.58,18.6,5.03
11.39044,55.32523,2015,4,30,120,2015-04-30,8.28,10.12,6.46,79.82,4.44,14.34,3.75
11.39044,55.32523,2015,5,1,121,2015-05-01,7.5,9.48,5.83,79.96,1.12,18.55,2.04
11.39044,55.32523,2015,5,2,122,2015-05-02,7.81,11.23,4.47,78,0,24.59,4.21
11.39044,55.32523,2015,5,3,123,2015-05-03,8.72,11.85,5.22,72.17,4.42,23.27,4.94
11.39044,55.32523,2015,5,4,124,2015-05-04,11.71,14.3,8.45,88.41,3.84,13.67,4.99
11.39044,55.32523,2015,5,5,125,2015-05-05,12.35,16.15,9.5,92.54,7.06,9.95,6.64
11.39044,55.32523,2015,5,6,126,2015-05-06,11.8,14.67,8.56,81.85,2.15,20.74,5.01
11.39044,55.32523,2015,5,7,127,2015-05-07,10.25,11.99,7.69,81.41,1.43,16.85,7.26
11.39044,55.32523,2015,5,8,128,2015-05-08,8.83,10.69,6.06,73.27,0.03,20.06,2.8
11.39044,55.32523,2015,5,9,129,2015-05-09,9.8,12.9,6.94,86.57,1.94,7.67,5.91
11.39044,55.32523,2015,5,10,130,2015-05-10,10.58,13.12,8.3,78.02,0.76,21.14,6.52
11.39044,55.32523,2015,5,11,131,2015-05-11,11.54,15.25,7.61,80.02,0,19.63,5.78
11.39044,55.32523,2015,5,12,132,2015-05-12,11.19,13.53,8.65,89.43,1.87,7.95,4.5
11.39044,55.32523,2015,5,13,133,2015-05-13,10.27,12.29,8.56,84.06,2.48,13.81,8.29
11.39044,55.32523,2015,5,14,134,2015-05-14,10.79,13.77,8.51,83.61,0.21,24.63,3.66
11.39044,55.32523,2015,5,15,135,2015-05-15,11.32,14.31,7.8,76.17,0.01,25.72,2.85
11.39044,55.32523,2015,5,16,136,2015-05-16,9.07,11.69,6.86,83.94,1.73,8.17,6.35
11.39044,55.32523,2015,5,17,137,2015-05-17,9.38,11.51,7.55,77.9,1.11,22.28,8.12
11.39044,55.32523,2015,5,18,138,2015-05-18,9.32,10.89,7.08,86.42,7.2,12.6,5.61
11.39044,55.32523,2015,5,19,139,2015-05-19,10.61,12.02,8.34,81,1.37,18.81,6.11
11.39044,55.32523,2015,5,20,140,2015-05-20,10.54,12.85,7.83,80.86,1.17,20.43,4.56
11.39044,55.32523,2015,5,21,141,2015-05-21,10.22,12.78,7.32,81.77,0.3,18.2,3.74
11.39044,55.32523,2015,5,22,142,2015-05-22,11.73,15.4,7.79,82.56,0.37,17.31,4.83
11.39044,55.32523,2015,5,23,143,2015-05-23,11.14,13.85,8.25,78.15,0.76,20.24,4.86
11.39044,55.32523,2015,5,24,144,2015-05-24,10.44,13.5,6.93,79.19,0,27.52,3.93
11.39044,55.32523,2015,5,25,145,2015-05-25,10.76,12.87,9.22,82.76,1.79,15.6,3.3
11.39044,55.32523,2015,5,26,146,2015-05-26,10.28,13.19,7.71,79.09,0.66,18.82,5.76
11.39044,55.32523,2015,5,27,147,2015-05-27,10.76,13.19,8.3,77.81,0.18,20.39,5.92
11.39044,55.32523,2015,5,28,148,2015-05-28,11.54,13.86,8.96,80.72,1.79,16.07,6.8
11.39044,55.32523,2015,5,29,149,2015-05-29,10.97,12.66,8.35,78.74,3.39,18.75,5.47
11.39044,55.32523,2015,5,30,150,2015-05-30,10.77,12.32,9.14,78.28,3.31,20.61,7.84
11.39044,55.32523,2015,5,31,151,2015-05-31,11.9,14.36,8.72,79.68,5.38,17.44,7.09
11.39044,55.32523,2015,6,1,152,2015-06-01,11.87,13.18,10.17,74.03,3.37,25.12,6.01
11.39044,55.32523,2015,6,2,153,2015-06-02,12.98,14.87,10.66,86.06,7.12,7.21,8.9
11.39044,55.32523,2015,6,3,154,2015-06-03,12.96,14.47,9.84,76.46,0.48,21.95,8.57
11.39044,55.32523,2015,6,4,155,2015-06-04,12.82,15.8,8.92,74.92,0,27.22,3.83
11.39044,55.32523,2015,6,5,156,2015-06-05,14.5,17.6,11.25,74.25,0.01,27.1,4.55
11.39044,55.32523,2015,6,6,157,2015-06-06,15.05,18.9,10.74,78.29,0.02,22.55,6.36
11.39044,55.32523,2015,6,7,158,2015-06-07,12.97,15.25,10.56,78.05,0.11,23.22,6.59
11.39044,55.32523,2015,6,8,159,2015-06-08,12.25,14.59,9.62,76.73,0.28,19.92,4.15
11.39044,55.32523,2015,6,9,160,2015-06-09,13.81,16.24,10.48,77.3,0.42,25.41,2.14
11.39044,55.32523,2015,6,10,161,2015-06-10,14.56,17.34,11.62,73.93,0.02,28.51,3.47
11.39044,55.32523,2015,6,11,162,2015-06-11,14.16,16.83,10.52,82.48,0.04,17.39,3.14
11.39044,55.32523,2015,6,12,163,2015-06-12,16.54,19.72,12.57,76.7,0.01,28.58,1.02
11.39044,55.32523,2015,6,13,164,2015-06-13,17.42,21.4,13.61,83.24,10.9,12.56,2.65
11.39044,55.32523,2015,6,14,165,2015-06-14,13.46,15.29,9.44,75.94,0.82,21.11,6.41
11.39044,55.32523,2015,6,15,166,2015-06-15,11.71,14.53,9.18,73.1,0.09,19.26,6.22
11.39044,55.32523,2015,6,16,167,2015-06-16,12.24,14.99,9.59,72.6,0.01,18.63,5
11.39044,55.32523,2015,6,17,168,2015-06-17,12.23,13.96,9.15,86.74,6.26,10.13,6.16
11.39044,55.32523,2015,6,18,169,2015-06-18,12.85,14.6,10.74,83.13,2.65,14.85,6.49
11.39044,55.32523,2015,6,19,170,2015-06-19,12.71,14.7,10.62,85.58,3.58,13.01,5.98
11.39044,55.32523,2015,6,20,171,2015-06-20,14.24,16.96,11.47,82.67,1.13,24.42,4.84
11.39044,55.32523,2015,6,21,172,2015-06-21,13.24,15.71,10.61,78.48,0.12,17.97,3.43
11.39044,55.32523,2015,6,22,173,2015-06-22,13.59,14.96,12.51,80.28,11.88,17.84,3.78
11.39044,55.32523,2015,6,23,174,2015-06-23,14.36,16.76,12.08,77.07,0.75,24.08,2.73
11.39044,55.32523,2015,6,24,175,2015-06-24,12.36,13.36,10.95,80.41,0.39,11.62,7.1
11.39044,55.32523,2015,6,25,176,2015-06-25,13.21,15.45,10.09,78.44,0.05,19.24,5.4
11.39044,55.32523,2015,6,26,177,2015-06-26,14.28,16.83,10.77,82.31,1.68,18.83,2.91
11.39044,55.32523,2015,6,27,178,2015-06-27,16.55,19.81,14.04,87.54,5.14,9.65,2.47
11.39044,55.32523,2015,6,28,179,2015-06-28,15.48,18.27,13.22,82.07,2.06,17.7,4.18
11.39044,55.32523,2015,6,29,180,2015-06-29,16.82,19.51,14.41,82.92,2.17,21.58,3.99
11.39044,55.32523,2015,6,30,181,2015-06-30,16.51,18.96,13.05,78.32,0,27.4,3.38
11.39044,55.32523,2015,7,1,182,2015-07-01,18.13,21.74,14.1,75.19,0,28.52,2.37
11.39044,55.32523,2015,7,2,183,2015-07-02,18.65,22.09,15.11,77.29,0.01,25.38,6.2
11.39044,55.32523,2015,7,3,184,2015-07-03,21.42,25.75,15.69,72.16,0.02,23.97,2.75
11.39044,55.32523,2015,7,4,185,2015-07-04,22.37,26.62,18.99,69.2,0.01,22.11,1.36
11.39044,55.32523,2015,7,5,186,2015-07-05,22.38,27.61,19.06,75.18,2.81,19.56,1.15
11.39044,55.32523,2015,7,6,187,2015-07-06,17.54,19.35,15.04,78.33,1.59,22.41,7.59
11.39044,55.32523,2015,7,7,188,2015-07-07,18.11,21.27,14.4,78.62,1.91,20.72,4.15
11.39044,55.32523,2015,7,8,189,2015-07-08,16.61,18.01,13.43,81.08,3.95,18.3,8.31
11.39044,55.32523,2015,7,9,190,2015-07-09,13.07,14.74,11.56,79.24,5.56,10.36,10.48
11.39044,55.32523,2015,7,10,191,2015-07-10,13.6,16.37,11.14,72.33,0.04,22.93,8.99
11.39044,55.32523,2015,7,11,192,2015-07-11,14.38,16.76,10.64,73.43,0,18.94,2.68
11.39044,55.32523,2015,7,12,193,2015-07-12,16.39,18.99,13.54,83.52,1.39,13.44,3.35
11.39044,55.32523,2015,7,13,194,2015-07-13,16.12,18.31,14.07,82.66,0.87,17.83,3.97
11.39044,55.32523,2015,7,14,195,2015-07-14,16.2,19.11,12.68,78.17,0.01,25.32,3.91
11.39044,55.32523,2015,7,15,196,2015-07-15,15.46,18.19,12.85,74.05,0.01,26.69,6.07
11.39044,55.32523,2015,7,16,197,2015-07-16,16.01,19.23,13.24,69.6,0.01,27.66,4.49
11.39044,55.32523,2015,7,17,198,2015-07-17,16.46,19.6,11.9,71.13,0.22,19.63,3.61
11.39044,55.32523,2015,7,18,199,2015-07-18,17.59,19.85,14.06,75.65,0.56,24.08,6.35
11.39044,55.32523,2015,7,19,200,2015-07-19,15.08,17.02,13.14,79.71,5.7,12.46,4.28
11.39044,55.32523,2015,7,20,201,2015-07-20,15.71,18.57,12.76,78.51,0.85,18.21,4.45
11.39044,55.32523,2015,7,21,202,2015-07-21,17.83,20.52,14.87,80.38,1.48,20.38,6.39
11.39044,55.32523,2015,7,22,203,2015-07-22,18.16,21.52,14.68,79.13,0.05,16.82,4.4
11.39044,55.32523,2015,7,23,204,2015-07-23,15.96,18.12,13.89,73.33,0.07,20.29,5.77
11.39044,55.32523,2015,7,24,205,2015-07-24,16.12,18.64,12.93,73.02,0.16,19.7,3.01
11.39044,55.32523,2015,7,25,206,2015-07-25,17.53,20.61,14.95,87,35.63,6.77,4.7
11.39044,55.32523,2015,7,26,207,2015-07-26,14.97,16.51,13.09,75.89,14.82,18.14,8.65
11.39044,55.32523,2015,7,27,208,2015-07-27,15.99,17.57,13.29,78.21,3.99,7.96,5.03
11.39044,55.32523,2015,7,28,209,2015-07-28,16.66,18.85,14.68,85.42,4.92,12.72,6.26
11.39044,55.32523,2015,7,29,210,2015-07-29,15.31,17.17,12.9,81.71,3.05,18.43,6.57
11.39044,55.32523,2015,7,30,211,2015-07-30,15.59,18.43,12.8,84.36,3.05,18.46,4.82
11.39044,55.32523,2015,7,31,212,2015-07-31,14.07,16.16,11.8,74.69,0.34,14.44,7.14
11.39044,55.32523,2015,8,1,213,2015-08-01,14.5,17.37,11.14,74.05,0.04,22.18,2.73
11.39044,55.32523,2015,8,2,214,2015-08-02,16.56,19.62,13.07,78.7,0,20.38,1.89
11.39044,55.32523,2015,8,3,215,2015-08-03,17.9,21.37,14.26,80.16,0.01,24.15,3.95
11.39044,55.32523,2015,8,4,216,2015-08-04,20.1,24.02,16.42,83.41,12.85,16.94,4.82
11.39044,55.32523,2015,8,5,217,2015-08-05,18.07,20.49,14.88,79.32,0.36,22.19,3.34
11.39044,55.32523,2015,8,6,218,2015-08-06,19.28,22.39,15.69,80.14,0.01,22.18,3.62
11.39044,55.32523,2015,8,7,219,2015-08-07,20.03,22.41,17.52,79.64,0.11,15.18,3.1
11.39044,55.32523,2015,8,8,220,2015-08-08,18.32,20.27,15.08,80.91,0.22,13.32,3.09
11.39044,55.32523,2015,8,9,221,2015-08-09,17.42,20.34,13.71,67.31,0,24.97,1.66
11.39044,55.32523,2015,8,10,222,2015-08-10,18.46,21.46,14.75,76.11,0.03,16.43,1.84
11.39044,55.32523,2015,8,11,223,2015-08-11,18.9,21.43,17.15,82.41,8.49,18.07,1.88
11.39044,55.32523,2015,8,12,224,2015-08-12,17.76,19.66,15.27,79.03,0.04,17.57,3.49
11.39044,55.32523,2015,8,13,225,2015-08-13,17.3,21.08,13.38,74.77,0.14,23.86,3.2
11.39044,55.32523,2015,8,14,226,2015-08-14,18.81,21.67,16.33,79.37,0.15,19.48,8.3
11.39044,55.32523,2015,8,15,227,2015-08-15,19.72,22.78,16.97,83.61,1.5,8.96,4.46
11.39044,55.32523,2015,8,16,228,2015-08-16,18.94,21.15,16.94,84.92,3.1,9.87,4.21
11.39044,55.32523,2015,8,17,229,2015-08-17,18.88,21.72,15.92,78,2.87,15.2,8.12
11.39044,55.32523,2015,8,18,230,2015-08-18,18.3,21.26,15.85,76.85,0.01,20.01,8.78
11.39044,55.32523,2015,8,19,231,2015-08-19,18.38,21.69,14.89,75.38,0.01,22.18,5.9
11.39044,55.32523,2015,8,20,232,2015-08-20,17.96,22.05,14.1,78.76,0.16,20.05,3.72
11.39044,55.32523,2015,8,21,233,2015-08-21,18.37,22.51,14.26,76.95,0.11,19.59,3.05
11.39044,55.32523,2015,8,22,234,2015-08-22,18.26,21.8,14.68,75.4,0.01,20.29,3.71
11.39044,55.32523,2015,8,23,235,2015-08-23,18.57,22.11,15.11,79.24,0.35,20.33,5.86
11.39044,55.32523,2015,8,24,236,2015-08-24,18.82,21.33,16.56,83.88,4.41,10.21,6.17
11.39044,55.32523,2015,8,25,237,2015-08-25,17.78,19.66,15.07,83.28,11.88,12.99,6.56
11.39044,55.32523,2015,8,26,238,2015-08-26,17.83,20.09,15.01,84.44,0.66,9.85,5.6
11.39044,55.32523,2015,8,27,239,2015-08-27,17.66,18.93,15.32,86.56,6.09,9.31,6.31
11.39044,55.32523,2015,8,28,240,2015-08-28,16.64,19.35,13.97,80.2,0.96,16.68,5.24
11.39044,55.32523,2015,8,29,241,2015-08-29,16.85,19.58,13.88,78.5,0.07,17.18,4.25
11.39044,55.32523,2015,8,30,242,2015-08-30,17.15,18.68,15.58,82.83,6.35,8.32,1.82
11.39044,55.32523,2015,8,31,243,2015-08-31,17.74,20.31,15.82,88.18,2.14,3.99,3.59
11.39044,55.32523,2015,9,1,244,2015-09-01,17.69,20.02,15.26,86.76,2.37,5.09,5.63
11.39044,55.32523,2015,9,2,245,2015-09-02,15.81,17.96,14.15,77.64,0.33,15.29,7.94
11.39044,55.32523,2015,9,3,246,2015-09-03,14.77,16.6,13.13,78.18,0.7,14.88,4.77
11.39044,55.32523,2015,9,4,247,2015-09-04,14.39,16.1,13.15,83.01,6.45,12.23,4.73
11.39044,55.32523,2015,9,5,248,2015-09-05,14.01,15.32,13.01,81.93,8.41,12.46,7.71
11.39044,55.32523,2015,9,6,249,2015-09-06,14.13,16.23,11.72,77.8,2.39,13.58,8.68
11.39044,55.32523,2015,9,7,250,2015-09-07,13.69,15.87,11.15,72.74,0.01,18.4,5.17
11.39044,55.32523,2015,9,8,251,2015-09-08,13.8,15.95,11.49,78.92,0.08,17.58,4.52
11.39044,55.32523,2015,9,9,252,2015-09-09,13.7,17.01,10.06,77.47,0.02,17.51,2.77
11.39044,55.32523,2015,9,10,253,2015-09-10,13.93,16.64,10.95,88.83,0.39,11.2,3.82
11.39044,55.32523,2015,9,11,254,2015-09-11,14.7,16.73,12.34,87.88,2.13,10.37,6.5
11.39044,55.32523,2015,9,12,255,2015-09-12,15.58,17.35,14.23,86.77,2.35,9.21,6.06
11.39044,55.32523,2015,9,13,256,2015-09-13,15.72,16.83,14.93,90.63,8.3,3.23,6.63
11.39044,55.32523,2015,9,14,257,2015-09-14,16.25,18.24,15.03,89.01,7.27,8.47,5.9
11.39044,55.32523,2015,9,15,258,2015-09-15,14.42,15.77,13.08,82.51,2.58,12.18,6.92
11.39044,55.32523,2015,9,16,259,2015-09-16,15,16.49,13.5,85.77,3.77,5.69,6.54
11.39044,55.32523,2015,9,17,260,2015-09-17,16.33,18.37,14.1,84.1,1.71,6.67,7.94
11.39044,55.32523,2015,9,18,261,2015-09-18,15.01,17.34,13.49,82.26,0.7,12.2,7.27
11.39044,55.32523,2015,9,19,262,2015-09-19,14.2,16.36,12.46,83.74,0.97,11.58,4.02
11.39044,55.32523,2015,9,20,263,2015-09-20,13.36,15.49,12.03,85.69,1.97,11.19,5.67
11.39044,55.32523,2015,9,21,264,2015-09-21,12.59,14.48,10.09,88.09,4.01,9.21,3.78
11.39044,55.32523,2015,9,22,265,2015-09-22,13.98,15.24,12.94,88.61,2.22,4.11,4.61
11.39044,55.32523,2015,9,23,266,2015-09-23,13.77,16.04,11.61,88.74,1.42,9.01,3.35
11.39044,55.32523,2015,9,24,267,2015-09-24,13.77,15.94,11.45,87.77,1.91,8.44,5.99
11.39044,55.32523,2015,9,25,268,2015-09-25,13.04,15.96,10.75,86.58,0.21,11.28,4.68
11.39044,55.32523,2015,9,26,269,2015-09-26,12.41,15.38,9.79,85.68,0.09,13,4.52
11.39044,55.32523,2015,9,27,270,2015-09-27,12.52,16.01,9.64,84.45,0.03,13.95,3.28
11.39044,55.32523,2015,9,28,271,2015-09-28,12.27,15.49,9.51,86.96,0.04,13.6,2.23
11.39044,55.32523,2015,9,29,272,2015-09-29,12.85,15.46,10.17,77.99,0.07,12.12,1.04
11.39044,55.32523,2015,9,30,273,2015-09-30,12.49,15.55,9.79,84.88,0.01,12.8,2.76
11.39044,55.32523,2015,10,1,274,2015-10-01,12.2,15.08,9.75,92.06,0.29,8.31,4.51
11.39044,55.32523,2015,10,2,275,2015-10-02,12.34,16.34,9.78,89.71,0.46,11.85,4.53
11.39044,55.32523,2015,10,3,276,2015-10-03,11.4,14.4,9.3,90.7,0.1,11.02,2.18
11.39044,55.32523,2015,10,4,277,2015-10-04,12.68,14.69,11.08,90.65,0.2,6.78,1.39
11.39044,55.32523,2015,10,5,278,2015-10-05,12.77,15.03,10.91,90.02,0.16,7.97,2.18
11.39044,55.32523,2015,10,6,279,2015-10-06,13.04,14.46,11.95,83.86,2.16,4.89,9.36
11.39044,55.32523,2015,10,7,280,2015-10-07,11.92,12.39,11.51,79.67,3.56,2.12,9.68
11.39044,55.32523,2015,10,8,281,2015-10-08,10.4,11.21,10.08,84.5,6,2.17,6.17
11.39044,55.32523,2015,10,9,282,2015-10-09,10.74,12.32,9.31,71.75,0.08,3.7,4.86
11.39044,55.32523,2015,10,10,283,2015-10-10,9.31,11.39,7.73,75.22,0.02,6.87,4.83
11.39044,55.32523,2015,10,11,284,2015-10-11,9.4,11.55,7.77,81.15,0.29,6.47,4.96
11.39044,55.32523,2015,10,12,285,2015-10-12,8.65,10.51,7.34,76.46,0.17,4.51,5.29
11.39044,55.32523,2015,10,13,286,2015-10-13,7.89,8.59,7.34,85.48,2.72,3.2,5.4
11.39044,55.32523,2015,10,14,287,2015-10-14,9.2,10.53,8.03,87.28,1.26,3.63,6.17
11.39044,55.32523,2015,10,15,288,2015-10-15,9.77,12.25,8.18,83.07,0.21,4.97,6.51
11.39044,55.32523,2015,10,16,289,2015-10-16,9.43,10.77,8.25,90.57,5.57,2.19,5.81
11.39044,55.32523,2015,10,17,290,2015-10-17,10.38,11.26,9.48,94.99,4.97,1.89,4.1
11.39044,55.32523,2015,10,18,291,2015-10-18,9.75,11.56,8.15,92.2,1.06,2.56,4.22
11.39044,55.32523,2015,10,19,292,2015-10-19,9.06,11.21,7.03,88.64,0.05,6.39,2.08
11.39044,55.32523,2015,10,20,293,2015-10-20,8.84,10.34,7.53,90.25,0.42,2.97,2.19
11.39044,55.32523,2015,10,21,294,2015-10-21,9.4,11.7,6.84,93.05,1.34,3.82,4.93
11.39044,55.32523,2015,10,22,295,2015-10-22,11.01,13.29,9.82,93.63,1.3,2.9,6.8
11.39044,55.32523,2015,10,23,296,2015-10-23,10.93,13,9.61,86.38,0.05,7.72,6.85
11.39044,55.32523,2015,10,24,297,2015-10-24,10.72,11.63,9.77,88.36,0.24,2.83,5.19
11.39044,55.32523,2015,10,25,298,2015-10-25,9.87,12.05,7.19,88.1,0.8,6.75,5.27
11.39044,55.32523,2015,10,26,299,2015-10-26,8.35,11.32,6.59,91.09,0,6.56,2.59
11.39044,55.32523,2015,10,27,300,2015-10-27,8.36,11.04,6.78,91.5,0.02,6.21,4.44
11.39044,55.32523,2015,10,28,301,2015-10-28,9.41,12.24,8.03,85.86,0.06,6.4,6.68
11.39044,55.32523,2015,10,29,302,2015-10-29,8.74,11.2,7.03,90.79,0.01,4.27,3.45
11.39044,55.32523,2015,10,30,303,2015-10-30,8.97,10.57,7.75,92.48,0.13,2.44,3.55
11.39044,55.32523,2015,10,31,304,2015-10-31,9.06,11.3,7.27,95.26,0.11,4.28,4.4
11.39044,55.32523,2015,11,1,305,2015-11-01,8.75,10.97,6.99,98.06,0.63,1.9,2.77
11.39044,55.32523,2015,11,2,306,2015-11-02,9.47,11.42,7.69,97.53,0.63,1.4,2.28
11.39044,55.32523,2015,11,3,307,2015-11-03,6.9,8.19,5.56,91.93,0.1,1.81,2.34
11.39044,55.32523,2015,11,4,308,2015-11-04,6.54,8.03,5.56,91.08,0.02,2.35,1.83
11.39044,55.32523,2015,11,5,309,2015-11-05,8.92,11.16,6.38,98.4,2.19,1.67,2.95
11.39044,55.32523,2015,11,6,310,2015-11-06,10.18,11.17,9.25,97.9,6.14,1.85,3.39
11.39044,55.32523,2015,11,7,311,2015-11-07,12.19,14.01,10.9,95.74,12.67,2.75,5.77
11.39044,55.32523,2015,11,8,312,2015-11-08,10.61,12.23,9.22,86.82,0.52,5.14,8.39
11.39044,55.32523,2015,11,9,313,2015-11-09,11.04,11.98,10.09,87.78,6.77,2.61,8.75
11.39044,55.32523,2015,11,10,314,2015-11-10,12.57,13.66,11.46,93.65,5.95,1.82,8.05
11.39044,55.32523,2015,11,11,315,2015-11-11,12.02,12.37,11.63,94.63,3.03,1.32,7.1
11.39044,55.32523,2015,11,12,316,2015-11-12,10.75,12.2,8.33,90.42,0.34,4.32,6.77
11.39044,55.32523,2015,11,13,317,2015-11-13,9.92,12.05,8.01,87.57,2.59,2.39,8.06
11.39044,55.32523,2015,11,14,318,2015-11-14,8.04,9.28,6.87,87.69,5.05,3.38,8.49
11.39044,55.32523,2015,11,15,319,2015-11-15,7.33,8.36,6.71,92.7,1.07,2.5,2.59
11.39044,55.32523,2015,11,16,320,2015-11-16,8.97,11.36,6.27,93.01,5.59,1.32,5.89
11.39044,55.32523,2015,11,17,321,2015-11-17,8.43,9.64,7.3,94.45,9.95,2.06,4.99
11.39044,55.32523,2015,11,18,322,2015-11-18,9.96,11.46,7.63,88.56,9.43,2.62,8.97
11.39044,55.32523,2015,11,19,323,2015-11-19,9.3,10.75,7.54,88.12,5.32,1.84,9.06
11.39044,55.32523,2015,11,20,324,2015-11-20,5.78,7.43,3.83,87.35,3.43,1.99,3.25
11.39044,55.32523,2015,11,21,325,2015-11-21,3.22,3.61,2.54,89.05,4.63,1.62,6.69
11.39044,55.32523,2015,11,22,326,2015-11-22,2.48,3.07,1.75,90.47,11.03,0.82,8.97
11.39044,55.32523,2015,11,23,327,2015-11-23,2.62,4.58,0.64,77.24,0.6,2.93,4.65
11.39044,55.32523,2015,11,24,328,2015-11-24,4.29,5.38,3.33,91.81,5.34,0.88,8.92
11.39044,55.32523,2015,11,25,329,2015-11-25,4.7,5.74,3.59,95.14,2.71,1.24,4.41
11.39044,55.32523,2015,11,26,330,2015-11-26,4.51,6.3,3.04,92.27,0.08,3.03,3.66
11.39044,55.32523,2015,11,27,331,2015-11-27,5.26,6.01,3.87,95.32,0.6,1.41,7.3
11.39044,55.32523,2015,11,28,332,2015-11-28,5.07,6.26,4.24,92.61,4.82,1.75,7.28
11.39044,55.32523,2015,11,29,333,2015-11-29,6.73,8.94,4.29,89.63,10.3,1.92,10.23
11.39044,55.32523,2015,11,30,334,2015-11-30,5.6,6.35,4.75,84.51,0.8,2.53,9.44
11.39044,55.32523,2015,12,1,335,2015-12-01,4.99,6.68,4.14,94.4,0.45,2.45,6.22
11.39044,55.32523,2015,12,2,336,2015-12-02,7.29,9.09,4.43,95.53,1.63,0.64,5.45
11.39044,55.32523,2015,12,3,337,2015-12-03,8.45,9.07,7.88,94.67,3.28,0.68,5.79
11.39044,55.32523,2015,12,4,338,2015-12-04,7.66,8.58,6.56,87.22,2.74,1.74,9.62
11.39044,55.32523,2015,12,5,339,2015-12-05,8.29,8.61,7.78,88.86,2.02,0.51,11.74
11.39044,55.32523,2015,12,6,340,2015-12-06,8.38,9.78,6.51,88.66,1.11,0.34,11.24
11.39044,55.32523,2015,12,7,341,2015-12-07,5.38,6.84,4.32,97.19,0.02,2.33,4.32
11.39044,55.32523,2015,12,8,342,2015-12-08,6.88,7.75,5.34,97.69,2.23,1.46,5.72
11.39044,55.32523,2015,12,9,343,2015-12-09,6.85,8.05,5.45,94.25,1.28,2.43,5.93
11.39044,55.32523,2015,12,10,344,2015-12-10,6.2,6.5,5.65,93.16,4.18,0.64,9.53
11.39044,55.32523,2015,12,11,345,2015-12-11,5.48,6.33,4.43,93.03,4.31,1.11,7.43
11.39044,55.32523,2015,12,12,346,2015-12-12,5.2,6.08,4.45,96.14,2.41,2.22,5.53
11.39044,55.32523,2015,12,13,347,2015-12-13,3.81,5.57,2.39,96.2,3.57,2.29,4.28
11.39044,55.32523,2015,12,14,348,2015-12-14,3.29,4.57,2.51,97.07,5.17,0.96,3.13
11.39044,55.32523,2015,12,15,349,2015-12-15,3.36,4.59,2.69,93.46,1.89,0.78,4.14
11.39044,55.32523,2015,12,16,350,2015-12-16,3.8,5.82,2.62,93.66,0.58,0.78,5.55
11.39044,55.32523,2015,12,17,351,2015-12-17,7.6,8.61,6.11,97.51,1.21,0.61,4.91
11.39044,55.32523,2015,12,18,352,2015-12-18,8.1,8.95,7.1,96.51,0.76,0.6,6.11
11.39044,55.32523,2015,12,19,353,2015-12-19,8.55,9.42,7.5,95.82,1.51,0.63,6.49
11.39044,55.32523,2015,12,20,354,2015-12-20,8.5,9.26,7.97,94.32,0.1,1.13,6.5
11.39044,55.32523,2015,12,21,355,2015-12-21,7.67,8.72,6.8,94.74,3.83,1.44,7.87
11.39044,55.32523,2015,12,22,356,2015-12-22,8.36,10.16,6.59,89.85,5.4,0.5,9.54
11.39044,55.32523,2015,12,23,357,2015-12-23,8.17,9.94,5.22,90.01,4.68,1.6,8.6
11.39044,55.32523,2015,12,24,358,2015-12-24,6.44,9.2,4.91,95.52,1.09,1.45,7.7
11.39044,55.32523,2015,12,25,359,2015-12-25,6.72,7.79,5.84,83.53,2.8,2.02,8.86
11.39044,55.32523,2015,12,26,360,2015-12-26,4.57,6.68,3.49,95.15,22.28,0.31,4.5
11.39044,55.32523,2015,12,27,361,2015-12-27,7.3,9.01,5.2,92.01,3.64,0.86,6.65
11.39044,55.32523,2015,12,28,362,2015-12-28,3.39,5.11,1.94,90.71,0.09,1.43,4.95
11.39044,55.32523,2015,12,29,363,2015-12-29,3.53,3.91,3.09,86.89,0.29,0.61,8.92
11.39044,55.32523,2015,12,30,364,2015-12-30,2.82,3.67,1.43,89.21,0.12,0.76,8.38
11.39044,55.32523,2015,12,31,365,2015-12-31,1.89,4.37,0.49,88.34,2.04,1.01,7.7
11.39044,55.32523,2016,1,1,1,2016-01-01,3.85,4.35,3.28,97.53,0.57,1.22,3.25
11.39044,55.32523,2016,1,2,2,2016-01-02,-0.6,3.28,-2.98,83.13,0.2,1.1,9.69
11.39044,55.32523,2016,1,3,3,2016-01-03,-2.8,-2.16,-3.43,78.09,0.02,2.2,10.57
11.39044,55.32523,2016,1,4,4,2016-01-04,-2.13,-0.8,-3.46,77.3,0,2.58,8.6
11.39044,55.32523,2016,1,5,5,2016-01-05,-1.94,-0.6,-2.83,84.72,0.18,1.87,6.71
11.39044,55.32523,2016,1,6,6,2016-01-06,-1.73,-0.44,-2.67,90.32,0.43,1.78,5.74
11.39044,55.32523,2016,1,7,7,2016-01-07,-1.43,-0.74,-2.07,86.2,0.22,1.55,7.43
11.39044,55.32523,2016,1,8,8,2016-01-08,0.71,2.22,-0.86,95.39,4.49,0.39,5.58
11.39044,55.32523,2016,1,9,9,2016-01-09,0.89,1.67,-0.2,94.77,1.48,0.71,4.12
11.39044,55.32523,2016,1,10,10,2016-01-10,0.95,1.84,0.25,97.37,4.65,0.52,5.94
11.39044,55.32523,2016,1,11,11,2016-01-11,1.22,1.9,0.61,98.12,0.92,1.08,3.91
11.39044,55.32523,2016,1,12,12,2016-01-12,1.46,2.23,0.8,97.18,4.51,0.65,4.01
11.39044,55.32523,2016,1,13,13,2016-01-13,-0.63,0.73,-1.66,85.29,6.27,1.39,3.66
11.39044,55.32523,2016,1,14,14,2016-01-14,0.21,0.93,-0.85,97.67,1.59,1.28,2.42
11.39044,55.32523,2016,1,15,15,2016-01-15,-1.18,-0.08,-2.94,94.64,0.25,1.58,3.76
11.39044,55.32523,2016,1,16,16,2016-01-16,-0.76,0.05,-1.8,87.76,1.73,0.95,1.5
11.39044,55.32523,2016,1,17,17,2016-01-17,-3.46,-1.57,-4.92,86.09,0.11,2.7,3.68
11.39044,55.32523,2016,1,18,18,2016-01-18,-2.23,0.18,-5.01,97.87,0.1,1.94,4.13
11.39044,55.32523,2016,1,19,19,2016-01-19,-1.09,0.69,-3.44,91.33,1.81,2.02,6.07
11.39044,55.32523,2016,1,20,20,2016-01-20,-2.94,-1.37,-4.5,90.01,0.06,2.01,3.77
11.39044,55.32523,2016,1,21,21,2016-01-21,-4.06,-2.37,-5.68,97.15,0.07,3.19,3.34
11.39044,55.32523,2016,1,22,22,2016-01-22,-3.26,-1.69,-4.85,92.05,0,3.27,5.09
11.39044,55.32523,2016,1,23,23,2016-01-23,-0.33,1.44,-1.83,93.47,2.32,0.76,3.47
11.39044,55.32523,2016,1,24,24,2016-01-24,1.66,2.15,0.71,97.52,5.16,1.42,4.6
11.39044,55.32523,2016,1,25,25,2016-01-25,3,3.66,2.46,99.48,1.6,1.35,4.52
11.39044,55.32523,2016,1,26,26,2016-01-26,3.97,5.18,2.6,98.06,2.38,1.97,7.06
11.39044,55.32523,2016,1,27,27,2016-01-27,6.46,7.38,4.96,95.96,2.7,1.03,9.9
11.39044,55.32523,2016,1,28,28,2016-01-28,4.34,7.03,2.49,87.97,0.19,4.14,8.96
11.39044,55.32523,2016,1,29,29,2016-01-29,4.57,6.95,2.59,94.46,3.21,1.1,9.46
11.39044,55.32523,2016,1,30,30,2016-01-30,4.6,6.06,1.99,92.18,4.85,2.04,7.62
11.39044,55.32523,2016,1,31,31,2016-01-31,2.72,3.75,1.92,92.21,2.11,2.11,8.32
11.39044,55.32523,2016,2,1,32,2016-02-01,3.82,6.96,0.42,96.11,3.1,1.21,7.58
11.39044,55.32523,2016,2,2,33,2016-02-02,5.4,6.34,4.54,82.46,0.74,2.42,12.18
11.39044,55.32523,2016,2,3,34,2016-02-03,3.97,5.35,2.11,89.26,1.35,4.08,9.52
11.39044,55.32523,2016,2,4,35,2016-02-04,2.09,3.89,0.39,90.54,0.04,5.45,6.77
11.39044,55.32523,2016,2,5,36,2016-02-05,2.27,4.52,0.24,97.39,2.34,1.92,4.82
11.39044,55.32523,2016,2,6,37,2016-02-06,5.62,6.62,4.58,96.2,0.47,1.83,5.89
11.39044,55.32523,2016,2,7,38,2016-02-07,5.16,6.83,3.43,91.97,0.27,2.48,6.61
11.39044,55.32523,2016,2,8,39,2016-02-08,4.85,6.32,3.85,91.78,7.85,1.77,9.22
11.39044,55.32523,2016,2,9,40,2016-02-09,4.5,5.56,3.25,91.63,5.56,3.49,7
11.39044,55.32523,2016,2,10,41,2016-02-10,2.64,3.55,1.35,95.8,9.27,2.43,5.32
11.39044,55.32523,2016,2,11,42,2016-02-11,2.31,3.37,1.12,94.78,0.67,3.46,2.23
11.39044,55.32523,2016,2,12,43,2016-02-12,0.59,1.72,-0.4,81.52,0.12,4.41,2.62
11.39044,55.32523,2016,2,13,44,2016-02-13,0.03,0.66,-0.77,89.31,0.54,4.67,2.76
11.39044,55.32523,2016,2,14,45,2016-02-14,1.22,2.1,0.51,93.4,0.26,3.02,5.87
11.39044,55.32523,2016,2,15,46,2016-02-15,-0.15,0.76,-1.29,84.11,0.03,4.8,5.73
11.39044,55.32523,2016,2,16,47,2016-02-16,0.04,2.18,-1.21,83.04,0,7.78,2.69
11.39044,55.32523,2016,2,17,48,2016-02-17,0.27,1.7,-0.68,85.68,0.74,6.73,5.9
11.39044,55.32523,2016,2,18,49,2016-02-18,0.63,2,-0.16,90.19,0.66,4.42,2.83
11.39044,55.32523,2016,2,19,50,2016-02-19,1.22,2.88,0.26,95.51,0.06,2.71,3.56
11.39044,55.32523,2016,2,20,51,2016-02-20,2.4,4.89,0.68,95.57,5.28,3.64,8.13
11.39044,55.32523,2016,2,21,52,2016-02-21,3.68,4.97,2.76,95.2,5.66,4.8,6.51
11.39044,55.32523,2016,2,22,53,2016-02-22,4.02,5.54,3.11,89.75,1.07,7.53,7.34
11.39044,55.32523,2016,2,23,54,2016-02-23,3.72,5.71,2.03,90.65,0.26,6.22,7.12
11.39044,55.32523,2016,2,24,55,2016-02-24,2.21,4.42,0.67,89.4,0.14,7.41,6.56
11.39044,55.32523,2016,2,25,56,2016-02-25,1.62,3.9,0.06,92.62,0.17,8,4.87
11.39044,55.32523,2016,2,26,57,2016-02-26,1.87,4.26,0.59,89.78,0.07,9.15,4.29
11.39044,55.32523,2016,2,27,58,2016-02-27,0.8,2.71,-0.13,93.97,0.18,5.92,2.46
11.39044,55.32523,2016,2,28,59,2016-02-28,0.34,2.57,-1.28,93.16,0.11,5.16,1.77
11.39044,55.32523,2016,2,29,60,2016-02-29,-0.14,2.17,-1.17,91.41,0.1,7.53,2.18
11.39044,55.32523,2016,3,1,61,2016-03-01,0.81,2.2,-0.42,85.14,1.33,3.78,4.92
11.39044,55.32523,2016,3,2,62,2016-03-02,1.98,3.41,0.55,95.99,7.36,2.27,6.02
11.39044,55.32523,2016,3,3,63,2016-03-03,1.66,3.86,-0.64,95.41,0.67,6.68,4.27
11.39044,55.32523,2016,3,4,64,2016-03-04,1.5,3.26,0.43,93.89,0.42,5.87,4.09
11.39044,55.32523,2016,3,5,65,2016-03-05,2.34,3.47,1.39,95.28,10.57,2.48,6.44
11.39044,55.32523,2016,3,6,66,2016-03-06,1.17,2.59,0.53,96.33,10.06,2.74,2.33
11.39044,55.32523,2016,3,7,67,2016-03-07,1.58,3.34,0.21,94.64,1.3,5.38,3.14
11.39044,55.32523,2016,3,8,68,2016-03-08,1.5,3.42,-0.08,94.23,0.57,5.62,2.84
11.39044,55.32523,2016,3,9,69,2016-03-09,1.82,5,-0.06,92,0.08,10.48,4.26
11.39044,55.32523,2016,3,10,70,2016-03-10,2.19,5.44,-0.09,94.16,0.24,4.86,3.32
11.39044,55.32523,2016,3,11,71,2016-03-11,1.58,4.27,-0.19,91.67,0.09,8.55,1.86
11.39044,55.32523,2016,3,12,72,2016-03-12,1.18,3.93,-0.65,94.38,0.15,6.12,1.71
11.39044,55.32523,2016,3,13,73,2016-03-13,1.05,3.79,-1.36,94.01,0.25,6.89,1.78
11.39044,55.32523,2016,3,14,74,2016-03-14,2.98,4.65,1.52,96.04,0.07,4.03,2.76
11.39044,55.32523,2016,3,15,75,2016-03-15,3.83,7.54,0.78,91.44,0.17,8.2,3.33
11.39044,55.32523,2016,3,16,76,2016-03-16,3.24,6.55,0.48,86.67,0,13.9,1.49
11.39044,55.32523,2016,3,17,77,2016-03-17,3.84,6.88,1.03,92.99,0.12,13.39,4.11
11.39044,55.32523,2016,3,18,78,2016-03-18,3.85,6.01,2.89,92.02,0.34,8.48,2.33
11.39044,55.32523,2016,3,19,79,2016-03-19,3.06,5.69,1.27,93.69,0.07,8.75,3.23
11.39044,55.32523,2016,3,20,80,2016-03-20,4.34,7.49,2.65,89.74,0.15,12.96,3.99
11.39044,55.32523,2016,3,21,81,2016-03-21,5.04,7.37,3.44,90.09,0.78,10.69,5.83
11.39044,55.32523,2016,3,22,82,2016-03-22,4.98,6.81,3.54,92.09,0.31,7.45,2.81
11.39044,55.32523,2016,3,23,83,2016-03-23,4.43,7.54,1.98,89.11,0.18,12.59,4.1
11.39044,55.32523,2016,3,24,84,2016-03-24,4.69,6.94,1.95,87.24,0.66,12.68,2.6
11.39044,55.32523,2016,3,25,85,2016-03-25,4.87,6.14,3.08,95.58,2.28,6.06,3.78
11.39044,55.32523,2016,3,26,86,2016-03-26,4.87,7.51,1.86,85.4,0.02,14.27,5.04
11.39044,55.32523,2016,3,27,87,2016-03-27,5.79,8.04,4.72,91.87,3.18,5.78,6.51
11.39044,55.32523,2016,3,28,88,2016-03-28,6.55,8.91,4.39,88.39,2.25,10.04,7.61
11.39044,55.32523,2016,3,29,89,2016-03-29,6.04,8.95,4.28,87.53,0.09,12.57,5.42
11.39044,55.32523,2016,3,30,90,2016-03-30,5.05,6.92,4,91.49,3.15,6.4,5.81
11.39044,55.32523,2016,3,31,91,2016-03-31,5.2,8.34,1.98,85.34,0.34,14.55,4.52
11.39044,55.32523,2016,4,1,92,2016-04-01,4.39,7.39,0.57,80.6,0,18.64,3.27
11.39044,55.32523,2016,4,2,93,2016-04-02,6.46,9.57,4.13,81.37,0,11.59,4
11.39044,55.32523,2016,4,3,94,2016-04-03,7.25,9.69,5.41,87.66,0.04,7.43,2.64
11.39044,55.32523,2016,4,4,95,2016-04-04,7.73,10.19,5.44,93.95,1.73,7.92,2.9
11.39044,55.32523,2016,4,5,96,2016-04-05,6.58,7.97,4.58,93.83,10.74,4.95,2.07
11.39044,55.32523,2016,4,6,97,2016-04-06,7.58,9.74,5.74,86.77,3.52,9.67,6.51
11.39044,55.32523,2016,4,7,98,2016-04-07,6.72,8.74,5.11,84.53,1.07,11.44,8.17
11.39044,55.32523,2016,4,8,99,2016-04-08,6.52,8.79,3.93,84.59,0.79,13.26,5.31
11.39044,55.32523,2016,4,9,100,2016-04-09,6.3,9.44,3.46,83.13,0.03,16.41,2.12
11.39044,55.32523,2016,4,10,101,2016-04-10,5.94,8.72,3.65,83.71,0,14.51,3.26
11.39044,55.32523,2016,4,11,102,2016-04-11,6.43,10.65,2.41,81.14,0,20.67,4.65
11.39044,55.32523,2016,4,12,103,2016-04-12,6.4,9.46,3.01,82.91,1.15,7.39,4.51
11.39044,55.32523,2016,4,13,104,2016-04-13,7.02,9.1,5.12,89.24,1.04,10.51,3.06
11.39044,55.32523,2016,4,14,105,2016-04-14,6.61,8.51,4.27,86.54,0.41,13.89,2.33
11.39044,55.32523,2016,4,15,106,2016-04-15,7.81,10.76,5.24,90.51,2.4,10.45,4.18
11.39044,55.32523,2016,4,16,107,2016-04-16,8.22,11.13,5.11,89.27,0.9,8.39,5.19
11.39044,55.32523,2016,4,17,108,2016-04-17,6.85,9.48,4.69,78.2,0.18,15.12,8.88
11.39044,55.32523,2016,4,18,109,2016-04-18,6.71,9.34,4.08,86.6,1.09,7.72,7.66
11.39044,55.32523,2016,4,19,110,2016-04-19,7.33,9.65,5.53,82.03,0.43,19.99,9.18
11.39044,55.32523,2016,4,20,111,2016-04-20,7.4,10.78,4.72,81.84,0,23.04,5.78
11.39044,55.32523,2016,4,21,112,2016-04-21,7.17,10.49,3.87,84.91,0.06,14.09,6.83
11.39044,55.32523,2016,4,22,113,2016-04-22,7.31,10.24,4.26,77.54,0.01,23.53,5.27
11.39044,55.32523,2016,4,23,114,2016-04-23,5.33,7.68,2.56,76.25,0.51,18.81,3.92
11.39044,55.32523,2016,4,24,115,2016-04-24,4.1,5.66,2.51,78.79,1.11,14.83,2.94
11.39044,55.32523,2016,4,25,116,2016-04-25,3.75,4.46,2.28,85.32,5.15,14.56,5.18
11.39044,55.32523,2016,4,26,117,2016-04-26,3.72,4.78,2.81,90.42,7.66,8.75,6.15
11.39044,55.32523,2016,4,27,118,2016-04-27,4.38,5.57,2.66,86.46,5.4,11.85,3.54
11.39044,55.32523,2016,4,28,119,2016-04-28,5.56,7.28,4.15,86.37,3.18,15.37,3.03
11.39044,55.32523,2016,4,29,120,2016-04-29,6.86,10.16,3.8,83.38,6.39,13.63,5.93
11.39044,55.32523,2016,4,30,121,2016-04-30,7.81,9.23,6.17,87.31,2.4,10.48,2.89
11.39044,55.32523,2016,5,1,122,2016-05-01,7.79,10.54,4.4,77.59,0.03,24.22,2.95
11.39044,55.32523,2016,5,2,123,2016-05-02,9.35,13.34,4.43,77.27,0,23.1,3.09
11.39044,55.32523,2016,5,3,124,2016-05-03,9.57,12.48,6.44,85.76,1.49,10.87,4.8
11.39044,55.32523,2016,5,4,125,2016-05-04,8.9,12.2,4.71,79.23,0,26.25,3.14
11.39044,55.32523,2016,5,5,126,2016-05-05,11.03,14.77,7.46,64.79,0,25.78,0.93
11.39044,55.32523,2016,5,6,127,2016-05-06,11.37,15.83,7.08,74.33,0,24.26,4.28
11.39044,55.32523,2016,5,7,128,2016-05-07,12.82,17.8,8.17,79.75,0.01,24.93,5.3
11.39044,55.32523,2016,5,8,129,2016-05-08,13.88,18.43,9.61,77.68,0.04,25.34,4.68
11.39044,55.32523,2016,5,9,130,2016-05-09,13.99,18.78,9.46,75.92,0,24.34,4.34
11.39044,55.32523,2016,5,10,131,2016-05-10,14.28,19.21,9.63,79.91,0,23.68,3.31
11.39044,55.32523,2016,5,11,132,2016-05-11,14.16,18.53,10.35,77.64,0,25.11,5.01
11.39044,55.32523,2016,5,12,133,2016-05-12,12.53,16.46,8.64,75.23,0,26.03,4.38
11.39044,55.32523,2016,5,13,134,2016-05-13,12.92,17.37,9.17,73.47,0.03,23.52,2.83
11.39044,55.32523,2016,5,14,135,2016-05-14,9.48,10.83,7.8,78.5,0.97,20.5,5.55
11.39044,55.32523,2016,5,15,136,2016-05-15,9.23,10.53,7.49,78.46,2.83,16.4,6.25
11.39044,55.32523,2016,5,16,137,2016-05-16,10.5,13.36,8.27,75.07,0.16,22.45,6.99
11.39044,55.32523,2016,5,17,138,2016-05-17,10.3,12.73,8.12,77.8,0.19,12.15,6.07
11.39044,55.32523,2016,5,18,139,2016-05-18,11.49,14.28,8.44,77.19,0.14,20.74,3.37
11.39044,55.32523,2016,5,19,140,2016-05-19,14.1,17.71,10.07,76.37,0.17,19.55,1.83
11.39044,55.32523,2016,5,20,141,2016-05-20,13.12,15.58,11.24,86.25,0.8,13.74,4.33
11.39044,55.32523,2016,5,21,142,2016-05-21,13.8,16.66,10.18,85.86,4.94,14.01,3.34
11.39044,55.32523,2016,5,22,143,2016-05-22,16.53,19.72,13.3,81.77,0.2,20.21,4.49
11.39044,55.32523,2016,5,23,144,2016-05-23,14.45,15.82,13.06,92.97,1.75,11.69,2.94
11.39044,55.32523,2016,5,24,145,2016-05-24,16.23,20.4,12.48,85.1,0.17,12.93,3.44
11.39044,55.32523,2016,5,25,146,2016-05-25,15.86,19.41,12.83,82.54,0.1,21.98,2.73
11.39044,55.32523,2016,5,26,147,2016-05-26,13.83,15.15,11.8,86.2,0.6,12.98,2.74
11.39044,55.32523,2016,5,27,148,2016-05-27,14.09,16.79,10.74,77.99,0,26.95,2.39
11.39044,55.32523,2016,5,28,149,2016-05-28,15.23,18.37,11.33,82.41,0.13,23.01,1.97
11.39044,55.32523,2016,5,29,150,2016-05-29,16.71,20.32,12.44,85.83,0.48,20.17,3.9
11.39044,55.32523,2016,5,30,151,2016-05-30,18.19,21.87,14.9,82.74,1.99,21.52,7.13
11.39044,55.32523,2016,5,31,152,2016-05-31,18.57,21.47,15.68,84.43,0.42,15.25,4.86
11.39044,55.32523,2016,6,1,153,2016-06-01,18.7,21.8,16.16,83.49,1.6,21.76,3.86
11.39044,55.32523,2016,6,2,154,2016-06-02,18.82,21.96,15.54,81.41,0.05,23.52,4.41
11.39044,55.32523,2016,6,3,155,2016-06-03,19.26,23.44,15.04,76.09,0,26.27,2.86
11.39044,55.32523,2016,6,4,156,2016-06-04,19.63,22.88,16.07,71.97,0,27.89,1.82
11.39044,55.32523,2016,6,5,157,2016-06-05,18.01,21.62,14.53,82.02,0.07,27.48,2.58
11.39044,55.32523,2016,6,6,158,2016-06-06,16.07,18.73,12.58,73.66,0,28.7,5.15
11.39044,55.32523,2016,6,7,159,2016-06-07,16.75,20.59,12.17,73.19,0,25.25,4.26
11.39044,55.32523,2016,6,8,160,2016-06-08,15.53,19.39,12.04,82.77,0.34,16.66,5.05
11.39044,55.32523,2016,6,9,161,2016-06-09,15.36,18.75,12.26,72.27,0.02,27.86,3.63
11.39044,55.32523,2016,6,10,162,2016-06-10,14.04,16.26,11.38,71.41,0.07,26.88,6.2
11.39044,55.32523,2016,6,11,163,2016-06-11,13.99,16.06,11.48,64.3,0,28.62,2.91
11.39044,55.32523,2016,6,12,164,2016-06-12,14.08,16.35,11.14,66.96,0.01,24.69,4.09
11.39044,55.32523,2016,6,13,165,2016-06-13,14.23,15.83,12.77,82.2,1.68,11.67,6.54
11.39044,55.32523,2016,6,14,166,2016-06-14,14.81,16.11,13.37,86.79,3.79,6.52,5.95
11.39044,55.32523,2016,6,15,167,2016-06-15,16.25,18.94,13.78,88.54,9.14,18.33,2.41
11.39044,55.32523,2016,6,16,168,2016-06-16,16.16,18.02,14.14,83.85,4.36,17.25,2.02
11.39044,55.32523,2016,6,17,169,2016-06-17,16.24,17.65,14.47,83.42,2.2,19.13,3.12
11.39044,55.32523,2016,6,18,170,2016-06-18,15.97,18.39,13.38,80.65,0.18,22.8,6.33
11.39044,55.32523,2016,6,19,171,2016-06-19,14.71,17.18,12.28,73.38,0.04,22.08,6.04
11.39044,55.32523,2016,6,20,172,2016-06-20,15.81,18.36,12.79,74.51,3.81,19.45,5.5
11.39044,55.32523,2016,6,21,173,2016-06-21,17.15,19.06,15.38,80.07,2.55,21.43,4.17
11.39044,55.32523,2016,6,22,174,2016-06-22,18.35,21.28,14.55,82.02,0.81,14.82,3.36
11.39044,55.32523,2016,6,23,175,2016-06-23,19.91,22.99,15.76,83.01,1.03,16.88,3.38
11.39044,55.32523,2016,6,24,176,2016-06-24,20.48,22.56,17.69,88.2,0.52,20.28,2.62
11.39044,55.32523,2016,6,25,177,2016-06-25,18.45,20.78,16.54,90.72,6.59,13.02,3.54
11.39044,55.32523,2016,6,26,178,2016-06-26,17.45,19.59,15.11,78.85,0.58,21.22,5.57
11.39044,55.32523,2016,6,27,179,2016-06-27,16.55,18.96,14.08,79.67,2,16.65,5.82
11.39044,55.32523,2016,6,28,180,2016-06-28,15.76,17.63,13.3,73.57,0.33,21.25,3.19
11.39044,55.32523,2016,6,29,181,2016-06-29,16.46,18.81,14.45,79.82,5.7,15.27,4.85
11.39044,55.32523,2016,6,30,182,2016-06-30,16.86,19.32,14.36,79.88,3.01,11.59,5
11.39044,55.32523,2016,7,1,183,2016-07-01,17.67,20,15.7,85.12,6.43,10.63,5.18
11.39044,55.32523,2016,7,2,184,2016-07-02,16.29,17.41,13.28,80.41,9.6,16.7,5.77
11.39044,55.32523,2016,7,3,185,2016-07-03,15.09,17.63,12.79,76.77,2.34,20.31,6.03
11.39044,55.32523,2016,7,4,186,2016-07-04,15.45,18.1,12.78,74.73,1.16,25.06,5.11
11.39044,55.32523,2016,7,5,187,2016-07-05,15.97,19.22,13.07,82.55,8,8.68,3.64
11.39044,55.32523,2016,7,6,188,2016-07-06,15.03,17.83,12.78,77.14,3.58,22.66,9.14
11.39044,55.32523,2016,7,7,189,2016-07-07,15.44,18.34,12.18,78.53,0.28,19.97,6.66
11.39044,55.32523,2016,7,8,190,2016-07-08,16.53,19.24,14.29,85.6,7.3,15.74,4.6
11.39044,55.32523,2016,7,9,191,2016-07-09,16.65,19,14.65,81.91,1.12,20.66,5.78
11.39044,55.32523,2016,7,10,192,2016-07-10,17.96,20.32,15.03,88.11,13.14,11.13,5.03
11.39044,55.32523,2016,7,11,193,2016-07-11,17.99,20.13,16.15,84.51,2.06,18.85,6.1
11.39044,55.32523,2016,7,12,194,2016-07-12,17.42,19.71,14.85,82.57,1.74,20.76,6.31
11.39044,55.32523,2016,7,13,195,2016-07-13,15.97,18.35,13.1,75.68,0.09,24.53,3.73
11.39044,55.32523,2016,7,14,196,2016-07-14,16.05,18.7,13.15,80.16,1.06,15.3,4.66
11.39044,55.32523,2016,7,15,197,2016-07-15,16.11,18.08,13.91,81.6,0.51,14.96,6.75
11.39044,55.32523,2016,7,16,198,2016-07-16,16.43,20.09,12.91,84.27,0.79,10.42,6.27
11.39044,55.32523,2016,7,17,199,2016-07-17,15.7,17.91,14.04,79.17,1.13,14.58,4.99
11.39044,55.32523,2016,7,18,200,2016-07-18,16.1,18.62,13.44,83.31,0.89,12.85,4.59
11.39044,55.32523,2016,7,19,201,2016-07-19,17.83,20.03,14.95,84.06,0.24,19.03,2.47
11.39044,55.32523,2016,7,20,202,2016-07-20,20.42,23.53,17.22,80.91,0.12,25.82,1.37
11.39044,55.32523,2016,7,21,203,2016-07-21,19.64,22.55,17.2,81.41,0.03,17.19,4.02
11.39044,55.32523,2016,7,22,204,2016-07-22,20.9,24.07,17.22,70.96,0.01,23.82,2.7
11.39044,55.32523,2016,7,23,205,2016-07-23,21.79,24.73,19.03,68.96,0.01,18.15,0.93
11.39044,55.32523,2016,7,24,206,2016-07-24,20.97,23.99,17.81,76.88,0,25.44,2.6
11.39044,55.32523,2016,7,25,207,2016-07-25,20.86,23.57,17.49,84.36,1.32,17.25,2.91
11.39044,55.32523,2016,7,26,208,2016-07-26,18.85,20.98,16.75,76.71,0.23,19.88,4.06
11.39044,55.32523,2016,7,27,209,2016-07-27,18.87,20.88,16.69,78.95,1.77,14.85,3.32
11.39044,55.32523,2016,7,28,210,2016-07-28,18.62,20.54,16.42,71.78,0.15,22.35,2.92
11.39044,55.32523,2016,7,29,211,2016-07-29,19.01,21.42,16.49,79.9,3.29,14.22,2.93
11.39044,55.32523,2016,7,30,212,2016-07-30,18.18,20.24,15.89,81.94,4.04,13.68,4.03
11.39044,55.32523,2016,7,31,213,2016-07-31,17.19,19.21,14.45,73.75,0.83,16.89,3.23
11.39044,55.32523,2016,8,1,214,2016-08-01,16.28,17.75,14.48,79.07,1.98,18.26,4.9
11.39044,55.32523,2016,8,2,215,2016-08-02,16.96,19.21,14.2,69.66,0.72,19.72,3.44
11.39044,55.32523,2016,8,3,216,2016-08-03,17.73,19.8,15.13,84.8,4.35,7.36,5.81
11.39044,55.32523,2016,8,4,217,2016-08-04,18.48,20.76,16.13,81.73,1.46,15.51,6.03
11.39044,55.32523,2016,8,5,218,2016-08-05,18.39,20.71,16.01,81.74,0.97,16.96,4.71
11.39044,55.32523,2016,8,6,219,2016-08-06,16.32,18.08,14.34,75.08,0.58,17.13,6.95
11.39044,55.32523,2016,8,7,220,2016-08-07,16.93,20.28,13.58,84.97,3.64,11.25,6.35
11.39044,55.32523,2016,8,8,221,2016-08-08,17.23,19.35,13.78,80.84,1.29,16.57,7.94
11.39044,55.32523,2016,8,9,222,2016-08-09,14.36,16.46,12.31,70.33,0.3,19.64,7.71
11.39044,55.32523,2016,8,10,223,2016-08-10,13.35,15.12,11.51,72.94,1.06,17.53,6.88
11.39044,55.32523,2016,8,11,224,2016-08-11,13.59,16.27,11.11,74.17,0.29,19.57,5.05
11.39044,55.32523,2016,8,12,225,2016-08-12,15.74,18.52,12.76,86.94,1.05,9.5,4.47
11.39044,55.32523,2016,8,13,226,2016-08-13,16.82,19.39,14.48,85.35,1.2,12.06,7.07
11.39044,55.32523,2016,8,14,227,2016-08-14,16.24,18.77,13.95,80.75,0.93,13.76,5.69
11.39044,55.32523,2016,8,15,228,2016-08-15,15.78,18.87,12.77,81.89,0.04,16.35,4.49
11.39044,55.32523,2016,8,16,229,2016-08-16,16.29,19.21,13.31,81.24,0.15,17.09,3.75
11.39044,55.32523,2016,8,17,230,2016-08-17,16.97,20.23,13.2,79.57,0.13,22.34,3.61
11.39044,55.32523,2016,8,18,231,2016-08-18,16.3,18.18,14.22,82.77,1.11,13.93,4.57
11.39044,55.32523,2016,8,19,232,2016-08-19,16.92,19.01,14.43,81.16,0.31,18.03,1.6
11.39044,55.32523,2016,8,20,233,2016-08-20,17.43,20.41,15.19,87.7,0.68,8.86,3.49
11.39044,55.32523,2016,8,21,234,2016-08-21,17.67,20.65,14.53,81.78,1.13,18.27,3
11.39044,55.32523,2016,8,22,235,2016-08-22,17.31,20.06,14.7,87.04,3.26,13.99,4.24
11.39044,55.32523,2016,8,23,236,2016-08-23,18.61,20.71,16.63,85.73,0.96,11.21,3.27
11.39044,55.32523,2016,8,24,237,2016-08-24,19.14,21.87,16.18,83.59,0.07,19.31,2.79
11.39044,55.32523,2016,8,25,238,2016-08-25,21.03,24.57,17.62,78.62,0.05,18.81,4.75
11.39044,55.32523,2016,8,26,239,2016-08-26,20.67,25.63,16.62,80.41,0.02,18.03,4.84
11.39044,55.32523,2016,8,27,240,2016-08-27,17.89,20.67,14.82,75.84,0.02,19.84,2.69
11.39044,55.32523,2016,8,28,241,2016-08-28,19.1,21.98,16.71,83.42,4.47,8.7,4.27
11.39044,55.32523,2016,8,29,242,2016-08-29,17.24,19.1,14.57,79.57,0.86,13.05,7.62
11.39044,55.32523,2016,8,30,243,2016-08-30,17.03,20.37,13.85,81.11,0.17,15.85,5.46
11.39044,55.32523,2016,8,31,244,2016-08-31,17.67,20.48,14.53,82.43,0.1,16.79,3.18
11.39044,55.32523,2016,9,1,245,2016-09-01,17.02,19.6,14.56,83.28,0.23,12.29,4.4
11.39044,55.32523,2016,9,2,246,2016-09-02,16.7,18.93,14.04,84.24,2.45,10.16,5.03
11.39044,55.32523,2016,9,3,247,2016-09-03,17.08,19.14,15.32,82.16,1.91,11.09,4.97
11.39044,55.32523,2016,9,4,248,2016-09-04,15.52,17.03,14.33,86.79,7.06,3.77,4.75
11.39044,55.32523,2016,9,5,249,2016-09-05,16.8,19.94,13.97,77.87,0.05,18.48,3.45
11.39044,55.32523,2016,9,6,250,2016-09-06,17.4,19.83,14.07,80.55,0.04,17.58,3.75
11.39044,55.32523,2016,9,7,251,2016-09-07,18.87,21.66,16.28,85.03,0.09,8.38,2.9
11.39044,55.32523,2016,9,8,252,2016-09-08,19.18,22.84,15.51,83.6,0.07,17.03,3.38
11.39044,55.32523,2016,9,9,253,2016-09-09,18.49,20.63,16.67,83.11,0.12,15.1,3.03
11.39044,55.32523,2016,9,10,254,2016-09-10,18.53,21.71,15.09,81.2,0.02,16.36,3.46
11.39044,55.32523,2016,9,11,255,2016-09-11,18.47,20.6,15.56,78.08,0.1,14.28,4.15
11.39044,55.32523,2016,9,12,256,2016-09-12,18.63,22.78,14.72,85.22,0.06,15.12,3.99
11.39044,55.32523,2016,9,13,257,2016-09-13,20.47,25.02,17.5,84.7,0.16,14.54,4.48
11.39044,55.32523,2016,9,14,258,2016-09-14,20.06,24.15,16.93,78.6,0.02,15.25,4.01
11.39044,55.32523,2016,9,15,259,2016-09-15,19.7,23.64,16.71,78.6,0.01,13.98,2.92
11.39044,55.32523,2016,9,16,260,2016-09-16,18.48,21.95,15.78,79.95,0.13,14.11,5.07
11.39044,55.32523,2016,9,17,261,2016-09-17,17.08,19.49,14.32,79.83,0.13,9.83,5.18
11.39044,55.32523,2016,9,18,262,2016-09-18,15.28,17.89,12.86,74.38,0.08,11.23,4.67
11.39044,55.32523,2016,9,19,263,2016-09-19,15.02,17.96,12.85,70.22,0.01,8.9,3.24
11.39044,55.32523,2016,9,20,264,2016-09-20,15.78,18.27,13.38,76.45,0.24,9.19,3.88
11.39044,55.32523,2016,9,21,265,2016-09-21,15.86,18.48,13.47,78.73,0.65,12.76,3.26
11.39044,55.32523,2016,9,22,266,2016-09-22,15.31,18.2,12.77,72.85,0.01,12.89,3.02
11.39044,55.32523,2016,9,23,267,2016-09-23,15.8,19.09,13.2,80.59,0.31,10.56,4.2
11.39044,55.32523,2016,9,24,268,2016-09-24,14.97,17.95,11.97,80.81,0.02,11.87,3.72
11.39044,55.32523,2016,9,25,269,2016-09-25,16.39,19.83,13.64,80.58,0.02,12.23,5.24
11.39044,55.32523,2016,9,26,270,2016-09-26,16.61,18.88,14.4,85.61,0.43,7.91,2.27
11.39044,55.32523,2016,9,27,271,2016-09-27,16.32,18.69,14.37,79.41,0.42,11.74,2.79
11.39044,55.32523,2016,9,28,272,2016-09-28,16.37,18.15,15.36,78.47,0.8,7.41,8.31
11.39044,55.32523,2016,9,29,273,2016-09-29,16.51,18.54,14.36,83.87,3.15,3.95,8.97
11.39044,55.32523,2016,9,30,274,2016-09-30,14.14,16.11,12.46,77.77,1.18,8.27,7.48
11.39044,55.32523,2016,10,1,275,2016-10-01,13.39,16.18,11.28,85.5,0.71,8,3.63
11.39044,55.32523,2016,10,2,276,2016-10-02,12.91,15.01,11.41,88.53,5.34,5.26,2.89
11.39044,55.32523,2016,10,3,277,2016-10-03,13.05,14.79,10.98,86.12,4.18,5.46,6.52
11.39044,55.32523,2016,10,4,278,2016-10-04,11.16,14.41,8.5,72.46,0.01,12.02,5.58
11.39044,55.32523,2016,10,5,279,2016-10-05,9.64,11.73,7.61,73.99,0,11.37,6.67
11.39044,55.32523,2016,10,6,280,2016-10-06,10.28,12.67,8.01,78.09,0.02,3.47,7.03
11.39044,55.32523,2016,10,7,281,2016-10-07,10.08,12.26,8.68,79.58,0.08,5.61,5.69
11.39044,55.32523,2016,10,8,282,2016-10-08,9.64,11.38,8.29,80.08,0.38,7.54,5.68
11.39044,55.32523,2016,10,9,283,2016-10-09,9.25,10.47,8.1,82.14,2.88,3.87,4.77
11.39044,55.32523,2016,10,10,284,2016-10-10,9.5,10.8,8.54,90.3,4.67,2.88,5.66
11.39044,55.32523,2016,10,11,285,2016-10-11,9.02,10.7,7.29,80.62,0.29,2.31,7.11
11.39044,55.32523,2016,10,12,286,2016-10-12,8.8,9.88,8.01,85.74,1.12,5.73,7.34
11.39044,55.32523,2016,10,13,287,2016-10-13,9.82,11.48,8.57,83.98,0.92,4.95,7.01
11.39044,55.32523,2016,10,14,288,2016-10-14,9.74,11.14,8,76.65,0,5.32,8.04
11.39044,55.32523,2016,10,15,289,2016-10-15,9.92,10.82,9.2,80.3,3.91,2.41,8.96
11.39044,55.32523,2016,10,16,290,2016-10-16,9.24,9.9,8.9,88.8,0.94,1.65,5.5
11.39044,55.32523,2016,10,17,291,2016-10-17,9.73,10.29,9.19,91.28,0.71,2.08,5.92
11.39044,55.32523,2016,10,18,292,2016-10-18,10.96,12.88,9.45,92.06,1.8,2.41,3.73
11.39044,55.32523,2016,10,19,293,2016-10-19,10.56,11.2,9.92,92.42,15.82,2,4.37
11.39044,55.32523,2016,10,20,294,2016-10-20,10.06,12,8.4,87.59,2.48,5.66,4.63
11.39044,55.32523,2016,10,21,295,2016-10-21,8.98,9.87,8,90.3,7.07,1.45,6.63
11.39044,55.32523,2016,10,22,296,2016-10-22,7.05,8.06,5.9,92.23,3.64,2.31,4.9
11.39044,55.32523,2016,10,23,297,2016-10-23,8.03,9.38,7.26,88.89,2.96,3.09,3.22
11.39044,55.32523,2016,10,24,298,2016-10-24,7.99,10.22,6.7,90.4,0.95,5.27,2.92
11.39044,55.32523,2016,10,25,299,2016-10-25,7.59,9.04,6.43,91.58,0.45,4.66,2.53
11.39044,55.32523,2016,10,26,300,2016-10-26,7.7,9.37,6.71,85.14,0.71,3.53,3.53
11.39044,55.32523,2016,10,27,301,2016-10-27,10.76,13.12,8.14,91.88,1.11,5.45,5.64
11.39044,55.32523,2016,10,28,302,2016-10-28,10.97,12.48,8.81,84.89,1.3,5.42,7.96
11.39044,55.32523,2016,10,29,303,2016-10-29,9.01,11.03,7.28,84.92,0.02,6.03,7.54
11.39044,55.32523,2016,10,30,304,2016-10-30,8.16,10.52,6.28,84.95,0,4.85,3.41
11.39044,55.32523,2016,10,31,305,2016-10-31,9.59,11.26,7.34,97.41,3.96,1.94,3.04
11.39044,55.32523,2016,11,1,306,2016-11-01,9.54,10.95,7.44,87.77,1.12,4.27,7.09
11.39044,55.32523,2016,11,2,307,2016-11-02,5.65,7.41,4.09,81.49,0.78,3.6,7.85
11.39044,55.32523,2016,11,3,308,2016-11-03,4.76,6.22,2.86,80.31,1.72,4.04,3.69
11.39044,55.32523,2016,11,4,309,2016-11-04,7.26,8.06,6.23,95.89,4.4,1.53,4.26
11.39044,55.32523,2016,11,5,310,2016-11-05,6.45,7.68,5.32,92.52,3.94,0.61,4.43
11.39044,55.32523,2016,11,6,311,2016-11-06,4.85,6.28,2.38,89.71,1.82,1.21,5.55
11.39044,55.32523,2016,11,7,312,2016-11-07,1.51,2.59,0.61,81.89,0.22,3,5.74
11.39044,55.32523,2016,11,8,313,2016-11-08,0.56,1.85,-0.55,76.6,2.13,3.11,3.64
11.39044,55.32523,2016,11,9,314,2016-11-09,1.77,3.03,0.22,90.17,3.44,2.09,3.34
11.39044,55.32523,2016,11,10,315,2016-11-10,2.31,3.6,1.41,90.42,0.62,3.19,3.85
11.39044,55.32523,2016,11,11,316,2016-11-11,2.23,3.87,1.3,94.31,0.12,4.25,3.77
11.39044,55.32523,2016,11,12,317,2016-11-12,2.72,5.01,1.55,82.98,0.01,4.36,3.43
11.39044,55.32523,2016,11,13,318,2016-11-13,2.39,3.88,1.43,81.53,0,3.35,5.17
11.39044,55.32523,2016,11,14,319,2016-11-14,2.7,4.05,1.16,89.11,2.49,2.64,6.14
11.39044,55.32523,2016,11,15,320,2016-11-15,6.6,9.52,4.05,96.84,5.78,0.87,6.32
11.39044,55.32523,2016,11,16,321,2016-11-16,6.68,7.95,5.58,97.04,2.97,1.35,5.36
11.39044,55.32523,2016,11,17,322,2016-11-17,6.07,7.58,5.09,96.02,1.83,2.89,6.02
11.39044,55.32523,2016,11,18,323,2016-11-18,6.59,8.08,5.49,91.23,1.55,1.58,7.82
11.39044,55.32523,2016,11,19,324,2016-11-19,5.2,6.89,4.05,91.36,0.78,2.43,6.96
11.39044,55.32523,2016,11,20,325,2016-11-20,6.01,9.57,4.09,88.93,2.52,1.63,8.64
11.39044,55.32523,2016,11,21,326,2016-11-21,7.88,8.91,6.49,90.38,0.88,1.42,5.38
11.39044,55.32523,2016,11,22,327,2016-11-22,7.7,8.73,7.06,95.23,0.03,2.05,3.83
11.39044,55.32523,2016,11,23,328,2016-11-23,6.59,7.59,5.61,98.52,0.06,2.52,2.87
11.39044,55.32523,2016,11,24,329,2016-11-24,4.43,6.18,2.75,97.33,0.02,3.41,3.68
11.39044,55.32523,2016,11,25,330,2016-11-25,4.92,6.31,3.65,97.44,0.25,2.78,3.59
11.39044,55.32523,2016,11,26,331,2016-11-26,6.55,8.47,5.19,92.46,0.33,0.91,7.78
11.39044,55.32523,2016,11,27,332,2016-11-27,4.59,6.38,2.63,79.86,0,3.38,6.88
11.39044,55.32523,2016,11,28,333,2016-11-28,1.61,3.28,0.69,72.97,0,3.36,4.82
11.39044,55.32523,2016,11,29,334,2016-11-29,3.77,5.4,1.33,93.43,0.31,1.56,7.02
11.39044,55.32523,2016,11,30,335,2016-11-30,5.82,6.93,5.18,95.39,1.59,0.77,7.18
11.39044,55.32523,2016,12,1,336,2016-12-01,6.98,7.69,5.43,91.93,3.09,0.98,8.55
11.39044,55.32523,2016,12,2,337,2016-12-02,2.95,4.81,1.33,86.36,0,3,5.03
11.39044,55.32523,2016,12,3,338,2016-12-03,1.76,2.98,0.72,92.12,0,2.64,3.32
11.39044,55.32523,2016,12,4,339,2016-12-04,3.34,4.16,2.16,99.59,0.18,1.94,4.82
11.39044,55.32523,2016,12,5,340,2016-12-05,3.99,5.53,3,95.8,0.11,1.61,6.1
11.39044,55.32523,2016,12,6,341,2016-12-06,3.57,5.14,1.44,94.49,0.1,1.85,2.39
11.39044,55.32523,2016,12,7,342,2016-12-07,3.64,5.55,2.55,96.04,4.15,0.62,6.37
11.39044,55.32523,2016,12,8,343,2016-12-08,7.57,8.52,5.67,96.98,0.72,0.9,6.98
11.39044,55.32523,2016,12,9,344,2016-12-09,6.73,7.8,6.12,97.23,5.93,1.21,6.07
11.39044,55.32523,2016,12,10,345,2016-12-10,7.55,8.2,6.79,95.89,4.04,1.14,6.22
11.39044,55.32523,2016,12,11,346,2016-12-11,5.7,6.89,4.68,97.09,1.17,1.35,5.12
11.39044,55.32523,2016,12,12,347,2016-12-12,2.48,4.92,0.56,90.17,0.17,1.96,4.31
11.39044,55.32523,2016,12,13,348,2016-12-13,3.47,5.04,1.96,98.7,0.37,1.02,3.33
11.39044,55.32523,2016,12,14,349,2016-12-14,2.66,4.36,0.18,97.82,0.11,2.36,2.21
11.39044,55.32523,2016,12,15,350,2016-12-15,0.9,2,-0.2,96.52,0.47,0.88,3.63
11.39044,55.32523,2016,12,16,351,2016-12-16,0.45,1.68,-0.71,89.94,0.12,0.85,3.2
11.39044,55.32523,2016,12,17,352,2016-12-17,1.19,4.39,-0.65,95.21,0.49,0.63,3.22
11.39044,55.32523,2016,12,18,353,2016-12-18,3.95,4.93,2.18,99.16,0.83,1.29,2.98
11.39044,55.32523,2016,12,19,354,2016-12-19,2.36,3.11,1.64,96.01,0.2,0.99,2.99
11.39044,55.32523,2016,12,20,355,2016-12-20,1.71,2.59,0.8,92.73,0.29,0.56,3.78
11.39044,55.32523,2016,12,21,356,2016-12-21,1.49,3.65,-0.26,92.59,0.34,0.64,6.8
11.39044,55.32523,2016,12,22,357,2016-12-22,3.87,4.8,3.13,95.25,0.6,1.31,6.33
11.39044,55.32523,2016,12,23,358,2016-12-23,4.39,5.01,3.39,96.29,1.47,1.95,7.56
11.39044,55.32523,2016,12,24,359,2016-12-24,4.81,5.72,3.71,90.54,3.45,1.7,8.88
11.39044,55.32523,2016,12,25,360,2016-12-25,5.54,7.67,2.85,96.18,0.91,0.99,7.03
11.39044,55.32523,2016,12,26,361,2016-12-26,5.81,7.77,4.13,86.2,1.82,1.55,10.29
11.39044,55.32523,2016,12,27,362,2016-12-27,5.44,6.82,4.33,80.45,0.05,2.31,9.83
11.39044,55.32523,2016,12,28,363,2016-12-28,4.9,5.92,3.66,96.29,0.5,1.64,4.16
11.39044,55.32523,2016,12,29,364,2016-12-29,2.86,4.14,1.19,94.75,0.17,0.85,5.28
11.39044,55.32523,2016,12,30,365,2016-12-30,2.98,4.89,1.45,97.7,0.29,0.96,6.16
11.39044,55.32523,2017,1,1,1,2017-01-01,5.12,6.38,2.49,95.99,2.81,0.9,5.7
11.39044,55.32523,2017,1,2,2,2017-01-02,1.22,2.6,-0.1,91.98,0.03,2.38,4.21
11.39044,55.32523,2017,1,3,3,2017-01-03,3.62,6.54,0.58,93.24,3.76,0.87,7.81
11.39044,55.32523,2017,1,4,4,2017-01-04,2.2,4.54,-0.66,77.91,1.04,1.42,9.46
11.39044,55.32523,2017,1,5,5,2017-01-05,-3.51,-1.01,-4.72,72,0,2.13,5.53
11.39044,55.32523,2017,1,6,6,2017-01-06,-4.47,-3.72,-5.43,71.88,0.01,2.58,3.2
11.39044,55.32523,2017,1,7,7,2017-01-07,0.23,3.27,-3.6,93.24,2.76,0.6,5.96
11.39044,55.32523,2017,1,8,8,2017-01-08,-0.42,0.62,-1.9,94.47,0.18,1.36,2.69
11.39044,55.32523,2017,1,9,9,2017-01-09,1.18,1.89,0.53,97.05,0.29,1.21,5.52
11.39044,55.32523,2017,1,10,10,2017-01-10,0.94,1.37,0.48,92.54,0.54,0.93,6.98
11.39044,55.32523,2017,1,11,11,2017-01-11,2.45,4.14,1.09,94.57,10.89,1.11,9.59
11.39044,55.32523,2017,1,12,12,2017-01-12,2.6,3.77,0.92,90.39,0.45,2.55,8.51
11.39044,55.32523,2017,1,13,13,2017-01-13,0.42,1.39,-0.6,97.37,0.35,2.59,2.65
11.39044,55.32523,2017,1,14,14,2017-01-14,0.63,2.04,-0.89,95.34,0.53,2.35,4.28
11.39044,55.32523,2017,1,15,15,2017-01-15,-0.01,1.62,-1.92,86.34,0.1,3.17,4.29
11.39044,55.32523,2017,1,16,16,2017-01-16,-0.89,1.44,-1.99,89.72,0.01,3.53,3.66
11.39044,55.32523,2017,1,17,17,2017-01-17,-0.71,0.31,-1.52,85.58,0.11,1.84,2.63
11.39044,55.32523,2017,1,18,18,2017-01-18,0.99,2.11,-0.21,94.52,2.25,1.71,6.34
11.39044,55.32523,2017,1,19,19,2017-01-19,2.86,3.52,2.24,98.86,0.36,2.08,5.49
11.39044,55.32523,2017,1,20,20,2017-01-20,3.04,4.25,2.13,98.31,0.25,2.96,5.39
11.39044,55.32523,2017,1,21,21,2017-01-21,2.97,4.02,1.93,99.26,0.35,1.86,2.32
11.39044,55.32523,2017,1,22,22,2017-01-22,1.52,2.91,-0.05,96.28,0.43,0.85,2.25
11.39044,55.32523,2017,1,23,23,2017-01-23,0.74,2.24,-0.21,95.12,0.26,2.73,3.52
11.39044,55.32523,2017,1,24,24,2017-01-24,2.17,3.64,0.38,97.21,0.39,1.84,4.04
11.39044,55.32523,2017,1,25,25,2017-01-25,-0.2,1.9,-1.52,95.12,0.26,1.14,4.02
11.39044,55.32523,2017,1,26,26,2017-01-26,-0.14,1.96,-1.68,94.09,0.12,1.96,3.35
11.39044,55.32523,2017,1,27,27,2017-01-27,-0.05,2.21,-1.16,92.56,0,4.53,4.64
11.39044,55.32523,2017,1,28,28,2017-01-28,-0.21,2.51,-1.92,93.05,0,3.92,3.56
11.39044,55.32523,2017,1,29,29,2017-01-29,0.96,2.32,-2.02,95.35,2,1.03,4.81
11.39044,55.32523,2017,1,30,30,2017-01-30,1.69,2.6,1.03,98.11,0.64,1.67,4.66
11.39044,55.32523,2017,1,31,31,2017-01-31,1.61,3.09,0.3,93.44,0.17,1.35,5.25
11.39044,55.32523,2017,2,1,32,2017-02-01,0.59,2.27,-0.62,93.4,0.23,1.04,4.17
11.39044,55.32523,2017,2,2,33,2017-02-02,0.3,1.67,-0.28,91.18,0.22,1.63,6.17
11.39044,55.32523,2017,2,3,34,2017-02-03,1.43,2.16,0.34,96.29,0.56,1.52,5.16
11.39044,55.32523,2017,2,4,35,2017-02-04,1.66,2.37,1.11,97.27,1.98,1.54,4.13
11.39044,55.32523,2017,2,5,36,2017-02-05,1.91,2.89,0.99,95,2.12,1.34,4.63
11.39044,55.32523,2017,2,6,37,2017-02-06,0.7,2.12,-1.04,90.15,0.75,2.86,5.94
11.39044,55.32523,2017,2,7,38,2017-02-07,-1.37,0.04,-2.17,86.02,0.49,2.35,7.55
11.39044,55.32523,2017,2,8,39,2017-02-08,-1.52,-0.69,-1.93,82.19,1.03,2.19,6.47
11.39044,55.32523,2017,2,9,40,2017-02-09,-1.98,-1.44,-2.39,80.44,0.4,3.06,4.33
11.39044,55.32523,2017,2,10,41,2017-02-10,-0.71,0.45,-1.94,84.57,0.3,1.67,5.87
11.39044,55.32523,2017,2,11,42,2017-02-11,-0.24,1.12,-1.14,81.31,0.03,5.12,7.45
11.39044,55.32523,2017,2,12,43,2017-02-12,-0.4,1.32,-2.44,83.95,0.11,3.17,6.06
11.39044,55.32523,2017,2,13,44,2017-02-13,-2.03,0,-3.36,89.79,0.01,4.23,2.45
11.39044,55.32523,2017,2,14,45,2017-02-14,-0.63,1.92,-2.98,87.75,0,6.91,1.8
11.39044,55.32523,2017,2,15,46,2017-02-15,-0.24,2.42,-2.62,92.39,0,6.99,2.63
11.39044,55.32523,2017,2,16,47,2017-02-16,1.48,3.24,-0.21,96.98,0.42,2.76,5.16
11.39044,55.32523,2017,2,17,48,2017-02-17,2.18,3.1,1.42,99.16,0.58,3.15,3
11.39044,55.32523,2017,2,18,49,2017-02-18,1.96,3.27,1.44,97.99,0.71,3.34,4.29
11.39044,55.32523,2017,2,19,50,2017-02-19,2.97,4.38,1.85,97.85,2.03,2.95,6.14
11.39044,55.32523,2017,2,20,51,2017-02-20,4.45,5.58,3.14,96.83,5.66,2.03,8.62
11.39044,55.32523,2017,2,21,52,2017-02-21,4.37,6.73,2.01,88.8,0.1,6.47,8.29
11.39044,55.32523,2017,2,22,53,2017-02-22,4.51,6.27,1.88,85.69,8.26,7.08,10.2
11.39044,55.32523,2017,2,23,54,2017-02-23,3.11,4.66,1.25,92.45,11.09,2.46,6.22
11.39044,55.32523,2017,2,24,55,2017-02-24,1.21,3.54,-0.78,81.56,0.66,9.11,6.44
11.39044,55.32523,2017,2,25,56,2017-02-25,0.79,2.95,-1.6,96.28,8.33,4.02,6.47
11.39044,55.32523,2017,2,26,57,2017-02-26,4.45,5.2,3.11,96.68,2.55,3.5,6.68
11.39044,55.32523,2017,2,27,58,2017-02-27,6.19,7.56,5.28,92.02,1.44,3.18,6.58
11.39044,55.32523,2017,2,28,59,2017-02-28,4.1,6.12,2.27,89.85,0.96,5.89,7.43
11.39044,55.32523,2017,3,1,60,2017-03-01,3.44,5.64,1.67,91.49,0.41,6.69,7.45
11.39044,55.32523,2017,3,2,61,2017-03-02,2.89,4.82,1.39,91.37,1.17,6.16,5.21
11.39044,55.32523,2017,3,3,62,2017-03-03,3.78,6.4,2.35,89.94,0.66,6.69,5.4
11.39044,55.32523,2017,3,4,63,2017-03-04,3.76,6.15,2.45,90.64,0.79,5.01,4.78
11.39044,55.32523,2017,3,5,64,2017-03-05,3.59,5.22,2.29,95.89,3.71,1.96,4.54
11.39044,55.32523,2017,3,6,65,2017-03-06,1.48,3.41,-0.62,87.79,0.41,2.82,6.98
11.39044,55.32523,2017,3,7,66,2017-03-07,-0.41,1.04,-1.47,79.85,0.12,4.43,3.92
11.39044,55.32523,2017,3,8,67,2017-03-08,1.56,3.77,-1.47,87.43,2.27,5.97,4.61
11.39044,55.32523,2017,3,9,68,2017-03-09,2.71,4.16,1.46,97.15,3.41,5.34,3.76
11.39044,55.32523,2017,3,10,69,2017-03-10,4.01,7.07,1.96,90.51,0.17,10.58,4.78
11.39044,55.32523,2017,3,11,70,2017-03-11,3.15,6.24,0.56,93.33,0.15,8.94,2.39
11.39044,55.32523,2017,3,12,71,2017-03-12,2.02,4.47,-0.02,88.49,0,8.03,4.81
11.39044,55.32523,2017,3,13,72,2017-03-13,2.44,4.77,0.47,90.63,0.03,4.73,3.61
11.39044,55.32523,2017,3,14,73,2017-03-14,5.33,8.7,2.82,93.53,0.32,8.21,5.78
11.39044,55.32523,2017,3,15,74,2017-03-15,5.37,8.28,3.15,86.33,0.02,13.48,8.14
11.39044,55.32523,2017,3,16,75,2017-03-16,5.87,9.61,3.04,89.34,0.1,9.37,6
11.39044,55.32523,2017,3,17,76,2017-03-17,4.64,6.37,3.32,90.73,1.6,7.76,7.4
11.39044,55.32523,2017,3,18,77,2017-03-18,3.46,5.86,0.95,86.09,8.26,10.67,7.04
11.39044,55.32523,2017,3,19,78,2017-03-19,1.76,3.89,-0.36,92.89,3.03,4.94,4.93
11.39044,55.32523,2017,3,20,79,2017-03-20,5.77,7.54,4.27,93.83,8.98,6.23,5.22
11.39044,55.32523,2017,3,21,80,2017-03-21,5.29,8.09,3.31,83.96,0.44,11.28,8.05
11.39044,55.32523,2017,3,22,81,2017-03-22,5.48,8.57,2.76,82.25,0.15,13.3,4.9
11.39044,55.32523,2017,3,23,82,2017-03-23,4.6,8.43,1.7,87.71,0.02,13.46,2.52
11.39044,55.32523,2017,3,24,83,2017-03-24,4.43,8.11,1.21,80.53,0,16.09,2.9
11.39044,55.32523,2017,3,25,84,2017-03-25,5.7,9.13,3.55,88.04,0.04,13.44,5.13
11.39044,55.32523,2017,3,26,85,2017-03-26,4.87,7.01,3.38,93.83,0.26,13.16,2.17
11.39044,55.32523,2017,3,27,86,2017-03-27,5.86,8.14,4.47,94.06,0.28,12.69,4.35
11.39044,55.32523,2017,3,28,87,2017-03-28,6.21,8.95,4.36,91.75,0.18,12.16,2.65
11.39044,55.32523,2017,3,29,88,2017-03-29,5.3,7.37,3.5,94.1,5.21,3.99,4.2
11.39044,55.32523,2017,3,30,89,2017-03-30,7.29,10.86,4.49,94.28,4.64,5.06,4.18
11.39044,55.32523,2017,3,31,90,2017-03-31,9.67,13.06,6.49,88.93,0.01,11.7,3.54
11.39044,55.32523,2017,4,1,91,2017-04-01,9.61,12.74,6.37,86.48,0.4,12.73,2.53
11.39044,55.32523,2017,4,2,92,2017-04-02,8.99,12.05,7.19,87.1,0.17,13.54,2.75
11.39044,55.32523,2017,4,3,93,2017-04-03,7.85,10.25,6.02,78.02,0.12,18.25,2.7
11.39044,55.32523,2017,4,4,94,2017-04-04,7.55,10.7,4.46,78.01,0,18.24,2.32
11.39044,55.32523,2017,4,5,95,2017-04-05,7.07,9.47,5.26,83.7,0.47,14.27,6.98
11.39044,55.32523,2017,4,6,96,2017-04-06,6.85,9.64,3.74,84.19,1.1,11.72,6.65
11.39044,55.32523,2017,4,7,97,2017-04-07,8.99,12.29,6.92,87.7,0.25,13.92,6.82
11.39044,55.32523,2017,4,8,98,2017-04-08,8.09,10.51,6.07,89.33,0.26,7.05,5.11
11.39044,55.32523,2017,4,9,99,2017-04-09,8.61,12.66,4.78,85.28,0.01,18.99,4.39
11.39044,55.32523,2017,4,10,100,2017-04-10,8.3,10.29,5.54,80.78,0.09,13.11,8.46
11.39044,55.32523,2017,4,11,101,2017-04-11,6.34,8.72,4.05,76.04,3.05,18.52,8.33
11.39044,55.32523,2017,4,12,102,2017-04-12,7.41,8.99,5.89,89.93,3.74,8.91,7.54
11.39044,55.32523,2017,4,13,103,2017-04-13,7.26,9.81,5.67,85.19,1.4,11.53,7.29
11.39044,55.32523,2017,4,14,104,2017-04-14,7.06,8.84,5.06,85.91,1.81,11.96,5.73
11.39044,55.32523,2017,4,15,105,2017-04-15,5.58,7.9,2.23,88.47,12.01,7.85,5.7
11.39044,55.32523,2017,4,16,106,2017-04-16,3.95,6.11,1.78,77.1,3.12,13.61,3.66
11.39044,55.32523,2017,4,17,107,2017-04-17,4.32,5.8,3.03,83.6,4.43,11.95,4.36
11.39044,55.32523,2017,4,18,108,2017-04-18,3.09,5.23,0.87,69.58,0.01,18.03,5.16
11.39044,55.32523,2017,4,19,109,2017-04-19,4.98,7.22,2.49,62.65,0.02,18.86,2.17
11.39044,55.32523,2017,4,20,110,2017-04-20,5.98,8.01,2.52,77.39,0.1,11.53,5.82
11.39044,55.32523,2017,4,21,111,2017-04-21,7.99,10.41,5.11,88.27,2.2,10.1,8.54
11.39044,55.32523,2017,4,22,112,2017-04-22,6.69,9.63,4.14,74.91,0.23,18.15,7.97
11.39044,55.32523,2017,4,23,113,2017-04-23,5.73,7.79,4.11,76.37,0.07,20.27,7.32
11.39044,55.32523,2017,4,24,114,2017-04-24,5.99,9.12,2.8,79.07,4.63,12.12,8.1
11.39044,55.32523,2017,4,25,115,2017-04-25,4.6,6.73,2,73.5,0.21,15.74,5.48
11.39044,55.32523,2017,4,26,116,2017-04-26,5.07,7.01,2.43,78.12,0.64,18.17,2.96
11.39044,55.32523,2017,4,27,117,2017-04-27,5.5,7.48,2.52,80.18,0.87,16.42,4.59
11.39044,55.32523,2017,4,28,118,2017-04-28,7.01,8.66,5.5,88.16,7.89,11.61,4.98
11.39044,55.32523,2017,4,29,119,2017-04-29,5.75,8.25,3.83,86.3,4.86,15.32,2.65
11.39044,55.32523,2017,4,30,120,2017-04-30,6.83,9.97,3.64,77.52,0,24.37,5.76
11.39044,55.32523,2017,5,1,121,2017-05-01,7.76,10.93,4.88,73.67,0,24.74,8.25
11.39044,55.32523,2017,5,2,122,2017-05-02,8.1,11.89,3.56,69.58,0.02,24.45,7.17
11.39044,55.32523,2017,5,3,123,2017-05-03,9.44,13.38,5.82,68.15,0.01,23.67,5.97
11.39044,55.32523,2017,5,4,124,2017-05-04,9.12,13.14,5.42,67.56,0,18.98,6.95
11.39044,55.32523,2017,5,5,125,2017-05-05,9.12,11.83,6.08,77.1,0.91,12.14,4.91
11.39044,55.32523,2017,5,6,126,2017-05-06,11.6,15.21,7.51,71.88,0,19.28,1.09
11.39044,55.32523,2017,5,7,127,2017-05-07,12.03,15.99,7.87,72.69,0.4,22.79,1.95
11.39044,55.32523,2017,5,8,128,2017-05-08,7.88,10,5.51,72.09,0.56,22.26,6.89
11.39044,55.32523,2017,5,9,129,2017-05-09,7.15,8.69,4.88,72.3,2.08,15.68,4.01
11.39044,55.32523,2017,5,10,130,2017-05-10,5.83,6.57,5.31,91.26,5.64,11.39,3.15
11.39044,55.32523,2017,5,11,131,2017-05-11,8.8,11.75,6.58,84.64,2.27,14.39,3.18
11.39044,55.32523,2017,5,12,132,2017-05-12,9.63,13.02,6.31,77.74,0.02,21.21,7.29
11.39044,55.32523,2017,5,13,133,2017-05-13,10.9,14.4,7.49,83.75,0.73,13.43,4.85
11.39044,55.32523,2017,5,14,134,2017-05-14,12.39,15.97,8.64,82.36,0.51,18.66,2.74
11.39044,55.32523,2017,5,15,135,2017-05-15,12.88,15.39,10.31,79.05,0.36,20.56,2.2
11.39044,55.32523,2017,5,16,136,2017-05-16,11.81,12.74,10.85,87.24,7.92,6.49,4.91
11.39044,55.32523,2017,5,17,137,2017-05-17,14.86,18.16,11.79,88.3,0.84,14.7,3.48
11.39044,55.32523,2017,5,18,138,2017-05-18,15.99,20.61,12.64,83.17,7.33,22.66,4.88
11.39044,55.32523,2017,5,19,139,2017-05-19,16.59,22.37,12.5,82.22,0.28,18.57,2.17
11.39044,55.32523,2017,5,20,140,2017-05-20,13.24,15.68,10.74,81.84,0.13,15.57,4.68
11.39044,55.32523,2017,5,21,141,2017-05-21,13.16,16.69,9.08,78.98,0.01,25.44,3.3
11.39044,55.32523,2017,5,22,142,2017-05-22,13.39,16.29,9.2,75.89,0.01,25.19,1.8
11.39044,55.32523,2017,5,23,143,2017-05-23,14.93,19.39,11.87,79.43,0.97,18.87,2.88
11.39044,55.32523,2017,5,24,144,2017-05-24,13.41,16.48,10.97,77.79,0.42,20.84,6.32
11.39044,55.32523,2017,5,25,145,2017-05-25,14.1,17.84,9.96,79.82,0.02,26.32,5.16
11.39044,55.32523,2017,5,26,146,2017-05-26,16.25,19.84,11.62,75.04,0.05,28.76,3.1
11.39044,55.32523,2017,5,27,147,2017-05-27,17.38,20.8,13.15,74.42,0,28.51,2.85
11.39044,55.32523,2017,5,28,148,2017-05-28,16.83,20.31,13.96,80.44,0.09,20.79,5.12
11.39044,55.32523,2017,5,29,149,2017-05-29,15.36,17.7,12.74,87.29,0.33,7.9,2.73
11.39044,55.32523,2017,5,30,150,2017-05-30,15.58,18.26,13.05,89.33,1.26,11.8,3.93
11.39044,55.32523,2017,5,31,151,2017-05-31,13.83,15.68,10.76,77.49,0.59,18.94,9.25
11.39044,55.32523,2017,6,1,152,2017-06-01,13.35,16.78,10.32,71.4,0.02,29.33,6.59
11.39044,55.32523,2017,6,2,153,2017-06-02,14.91,18.79,10.3,73.48,0,24.16,2.64
11.39044,55.32523,2017,6,3,154,2017-06-03,15.24,17.51,12.71,81.53,0.05,16.95,4.54
11.39044,55.32523,2017,6,4,155,2017-06-04,14.42,16.23,12.02,87.94,8.4,11.92,3.98
11.39044,55.32523,2017,6,5,156,2017-06-05,14.68,17.51,10.8,77.18,0.09,21.75,4.74
11.39044,55.32523,2017,6,6,157,2017-06-06,16.06,19.33,12.37,83.12,12.38,23.39,6.32
11.39044,55.32523,2017,6,7,158,2017-06-07,13.23,14.89,12.04,82.76,14.09,9.71,8.18
11.39044,55.32523,2017,6,8,159,2017-06-08,14.21,16.3,12.12,79.67,4.05,18.21,6.93
11.39044,55.32523,2017,6,9,160,2017-06-09,16.41,19.81,12.85,85.87,3.21,16.06,4.5
11.39044,55.32523,2017,6,10,161,2017-06-10,15.28,17.96,11.6,80.1,0.04,24.67,3.57
11.39044,55.32523,2017,6,11,162,2017-06-11,17.53,20.17,14.25,82.24,2.09,22.04,4.2
11.39044,55.32523,2017,6,12,163,2017-06-12,15.34,17.06,13.23,80.95,2.16,17.66,7.98
11.39044,55.32523,2017,6,13,164,2017-06-13,14.79,17.17,12.51,79.15,0.16,18.54,8.23
11.39044,55.32523,2017,6,14,165,2017-06-14,15.42,18.39,12.1,81.69,0.03,24.47,4.85
11.39044,55.32523,2017,6,15,166,2017-06-15,16.33,18.66,12.89,83.43,1.28,19.99,3.24
11.39044,55.32523,2017,6,16,167,2017-06-16,15.56,17.28,13.13,78.67,1.44,21.59,7.93
11.39044,55.32523,2017,6,17,168,2017-06-17,16.11,19.3,12.82,78.48,0.03,29.19,5.84
11.39044,55.32523,2017,6,18,169,2017-06-18,18.36,22.38,13.88,83.37,0.04,27.45,4.1
11.39044,55.32523,2017,6,19,170,2017-06-19,19.07,22.44,14.96,81.77,0.02,27.16,2.89
11.39044,55.32523,2017,6,20,171,2017-06-20,16.21,18.04,13.07,73.13,0.04,28.84,6.62
11.39044,55.32523,2017,6,21,172,2017-06-21,14.87,17.52,12.18,74.19,0.01,22.81,5.11
11.39044,55.32523,2017,6,22,173,2017-06-22,16.04,18.8,13.16,80.58,8.09,15.63,3.27
11.39044,55.32523,2017,6,23,174,2017-06-23,16.95,18.79,15.03,88.87,2.37,7.76,5
11.39044,55.32523,2017,6,24,175,2017-06-24,16.05,17.86,13.11,82.21,3.31,13.93,7.06
11.39044,55.32523,2017,6,25,176,2017-06-25,15.16,17.19,12.67,74.13,0.24,21.21,7.44
11.39044,55.32523,2017,6,26,177,2017-06-26,14.54,16.96,12.13,73.21,0.3,24.28,8
11.39044,55.32523,2017,6,27,178,2017-06-27,14.36,17.04,10.72,65.94,0,26.64,3.75
11.39044,55.32523,2017,6,28,179,2017-06-28,15.75,19.27,12.8,73.19,10.56,17.27,6.41
11.39044,55.32523,2017,6,29,180,2017-06-29,16.14,17.74,13.75,88.49,30.03,6.01,5.95
11.39044,55.32523,2017,6,30,181,2017-06-30,15.59,16.46,14.63,91.81,22.18,6.43,4.39
11.39044,55.32523,2017,7,1,182,2017-07-01,16.65,19.45,14.51,82.74,0.66,18.47,4.03
11.39044,55.32523,2017,7,2,183,2017-07-02,15.19,17.67,12.94,78.8,0.47,16.38,7.07
11.39044,55.32523,2017,7,3,184,2017-07-03,15.03,17.37,12.39,81.04,3.5,18.14,7.47
11.39044,55.32523,2017,7,4,185,2017-07-04,15.03,18.3,11.94,76.02,0.07,23.98,6.28
11.39044,55.32523,2017,7,5,186,2017-07-05,15.34,18.48,12.66,74.21,0,25.49,4.29
11.39044,55.32523,2017,7,6,187,2017-07-06,14.99,18.14,10.75,70.72,0,27.43,2.31
11.39044,55.32523,2017,7,7,188,2017-07-07,17.68,21.73,13.01,79.46,0.47,13.8,1.8
11.39044,55.32523,2017,7,8,189,2017-07-08,16.96,19.92,12.58,80.22,1.24,17.74,5.2
11.39044,55.32523,2017,7,9,190,2017-07-09,15.65,18.84,11.75,73.62,0,27.52,3.49
11.39044,55.32523,2017,7,10,191,2017-07-10,15.81,18.07,13.46,76.85,0.47,13.06,2.05
11.39044,55.32523,2017,7,11,192,2017-07-11,16.56,19.16,13.06,85.79,1.38,15.72,3.91
11.39044,55.32523,2017,7,12,193,2017-07-12,15.19,16.78,13.41,79.72,1.99,14.07,4.62
11.39044,55.32523,2017,7,13,194,2017-07-13,15.27,18.16,12.73,72.83,0,25.33,6.58
11.39044,55.32523,2017,7,14,195,2017-07-14,15.57,18.11,12.91,74.68,0.86,19.57,3.02
11.39044,55.32523,2017,7,15,196,2017-07-15,16.95,19.77,13.61,74.34,0.03,24.85,2.28
11.39044,55.32523,2017,7,16,197,2017-07-16,16.48,19.34,13.91,85.22,4.49,8.53,5.65
11.39044,55.32523,2017,7,17,198,2017-07-17,16.27,19.16,13.02,75.58,0.13,23,5.73
11.39044,55.32523,2017,7,18,199,2017-07-18,16.58,19.3,13.57,78.17,0.04,13.39,4.24
11.39044,55.32523,2017,7,19,200,2017-07-19,17.15,20.32,14.25,77.45,0,25.84,2.58
11.39044,55.32523,2017,7,20,201,2017-07-20,17.68,20.3,15.24,86.27,6.26,13.25,5.58
11.39044,55.32523,2017,7,21,202,2017-07-21,18.37,20.05,16.03,84.85,1.2,13.48,2.22
11.39044,55.32523,2017,7,22,203,2017-07-22,17.49,19.75,14.9,83.89,0.93,11.32,5.25
11.39044,55.32523,2017,7,23,204,2017-07-23,17.02,18.82,14.46,89.42,8.48,6.59,5.42
11.39044,55.32523,2017,7,24,205,2017-07-24,16.49,18.57,14.17,84.77,0.7,19.22,2.16
11.39044,55.32523,2017,7,25,206,2017-07-25,16.82,18.46,15.72,86.19,1.1,10.11,4.76
11.39044,55.32523,2017,7,26,207,2017-07-26,17.77,19.76,15.5,78.24,0.01,21.45,2.82
11.39044,55.32523,2017,7,27,208,2017-07-27,17.03,19.24,14.52,83,1.71,9.77,3.66
11.39044,55.32523,2017,7,28,209,2017-07-28,16.41,18.54,13.87,80.08,1.8,19.19,4.78
11.39044,55.32523,2017,7,29,210,2017-07-29,17.03,20.58,14.8,84.74,5.85,12.71,6.41
11.39044,55.32523,2017,7,30,211,2017-07-30,18.68,22.49,15.14,87.52,3.42,13.79,4.58
11.39044,55.32523,2017,7,31,212,2017-07-31,18.1,21.1,14.84,77.87,0.2,19.52,3.72
11.39044,55.32523,2017,8,1,213,2017-08-01,18.68,21.48,15.75,77.66,0.9,16.39,1.68
11.39044,55.32523,2017,8,2,214,2017-08-02,18.44,21.45,15.33,79.09,1.06,17.24,4.32
11.39044,55.32523,2017,8,3,215,2017-08-03,18,21.34,15.38,85.91,7.31,6.48,5.58
11.39044,55.32523,2017,8,4,216,2017-08-04,17.9,19.73,16.17,81.98,3.47,14.75,8.36
11.39044,55.32523,2017,8,5,217,2017-08-05,17.3,19.84,15.09,77.85,1.21,19.34,6.89
11.39044,55.32523,2017,8,6,218,2017-08-06,16.25,18.63,14.29,76.42,2.15,19.83,6.4
11.39044,55.32523,2017,8,7,219,2017-08-07,17.2,20.73,13.2,74.39,0.02,18.96,3.94
11.39044,55.32523,2017,8,8,220,2017-08-08,18.33,21.84,14.71,76.79,0.39,16.2,4.5
11.39044,55.32523,2017,8,9,221,2017-08-09,18.5,20.74,16.43,80.58,1.22,16.43,5.67
11.39044,55.32523,2017,8,10,222,2017-08-10,17.6,20.16,15.55,81.69,0.16,18.42,3.81
11.39044,55.32523,2017,8,11,223,2017-08-11,16.89,19.18,14.33,78.65,0.41,10.23,2.3
11.39044,55.32523,2017,8,12,224,2017-08-12,16.79,18.98,15.47,84.99,3.16,6.09,4.5
11.39044,55.32523,2017,8,13,225,2017-08-13,16.12,18.86,13.65,72.06,0.2,18.99,6.04
11.39044,55.32523,2017,8,14,226,2017-08-14,15.75,19.08,12.48,68.09,0,21.79,2.36
11.39044,55.32523,2017,8,15,227,2017-08-15,18.64,22.09,14.28,79.93,2.37,16.06,5.84
11.39044,55.32523,2017,8,16,228,2017-08-16,18.43,20.6,16.23,79.21,1.77,21.45,3.05
11.39044,55.32523,2017,8,17,229,2017-08-17,17.97,20.88,14.7,83.21,7.46,11.97,4.12
11.39044,55.32523,2017,8,18,230,2017-08-18,17.9,19.37,16.02,89.29,1.63,10.53,4.24
11.39044,55.32523,2017,8,19,231,2017-08-19,16.54,17.97,14.72,80.79,4.14,18.4,5.89
11.39044,55.32523,2017,8,20,232,2017-08-20,15.79,17.85,13.92,81.53,3.11,14.14,6.47
11.39044,55.32523,2017,8,21,233,2017-08-21,16.43,19.14,14.28,81.54,2.71,15.82,6.96
11.39044,55.32523,2017,8,22,234,2017-08-22,16.11,18.93,13.98,78.91,0.38,17.24,4.55
11.39044,55.32523,2017,8,23,235,2017-08-23,16.27,19.14,13.49,76.04,0,20.8,2.29
11.39044,55.32523,2017,8,24,236,2017-08-24,16.81,20.13,13.51,81.12,0.09,11.31,4.91
11.39044,55.32523,2017,8,25,237,2017-08-25,17.04,20.12,14.5,81.32,0.08,17.44,5.58
11.39044,55.32523,2017,8,26,238,2017-08-26,16.58,18.93,14.05,85.38,0.1,14.88,2.08
11.39044,55.32523,2017,8,27,239,2017-08-27,16.67,19.11,14.46,84.15,1.67,15.41,3.95
11.39044,55.32523,2017,8,28,240,2017-08-28,16.69,19.38,13.66,82.27,0.12,17.14,2.53
11.39044,55.32523,2017,8,29,241,2017-08-29,18.85,21.86,15.38,80.1,0.01,17.84,4.46
11.39044,55.32523,2017,8,30,242,2017-08-30,17.29,18.53,16.05,91.72,5.23,4.19,3.47
11.39044,55.32523,2017,8,31,243,2017-08-31,15.88,17.42,13.81,83.52,1.89,7.92,4.91
11.39044,55.32523,2017,9,1,244,2017-09-01,15.39,17.99,12.49,74.59,0.02,17.13,2.94
11.39044,55.32523,2017,9,2,245,2017-09-02,15.27,17.46,12.56,69.85,0.03,16.3,2.1
11.39044,55.32523,2017,9,3,246,2017-09-03,15.55,17.54,13.65,65.69,0.2,16.53,1.05
11.39044,55.32523,2017,9,4,247,2017-09-04,15.18,18.02,12.44,80.27,0.11,11.25,4.41
11.39044,55.32523,2017,9,5,248,2017-09-05,16.06,18.9,12.86,77.5,0.07,13.73,2.45
11.39044,55.32523,2017,9,6,249,2017-09-06,16.51,17.8,14.62,91.72,17.52,4.28,5.61
11.39044,55.32523,2017,9,7,250,2017-09-07,14.97,16.87,13.73,84.6,3.75,6.17,5.03
11.39044,55.32523,2017,9,8,251,2017-09-08,15.04,16.57,13.85,89.62,8.47,4.42,6.28
11.39044,55.32523,2017,9,9,252,2017-09-09,14.38,15.7,12.81,89.1,9.14,6.53,3.2
11.39044,55.32523,2017,9,10,253,2017-09-10,15.27,17.8,12.5,80.87,0.44,14.33,6.02
11.39044,55.32523,2017,9,11,254,2017-09-11,15.46,17.35,14.36,80.81,2.64,10.52,7.53
11.39044,55.32523,2017,9,12,255,2017-09-12,15.02,16.67,13.56,83.77,3.88,12.26,6.86
11.39044,55.32523,2017,9,13,256,2017-09-13,13.83,15.42,13.08,87.48,11.9,3.76,8.75
11.39044,55.32523,2017,9,14,257,2017-09-14,13.25,14.47,12.46,87.15,10.86,9.64,6.07
11.39044,55.32523,2017,9,15,258,2017-09-15,13.76,16.06,11.98,84.06,2.06,13.33,6.43
11.39044,55.32523,2017,9,16,259,2017-09-16,12.78,14.28,11.51,86.11,1.69,8.5,4.03
11.39044,55.32523,2017,9,17,260,2017-09-17,12.93,14.74,11.44,82.53,2.47,11.75,1.69
11.39044,55.32523,2017,9,18,261,2017-09-18,13.12,15.51,11.08,78.62,0.33,12.16,1.84
11.39044,55.32523,2017,9,19,262,2017-09-19,13.13,15.39,10.32,87.47,3.15,10.26,5.03
11.39044,55.32523,2017,9,20,263,2017-09-20,13.56,15.59,11.67,87.21,2.1,11.45,3.25
11.39044,55.32523,2017,9,21,264,2017-09-21,13.7,16.5,11.15,86.22,1.02,9.24,1.7
11.39044,55.32523,2017,9,22,265,2017-09-22,12.84,15.74,10.19,86.58,0.08,11.37,2.07
11.39044,55.32523,2017,9,23,266,2017-09-23,13.68,15.93,11.53,86.85,0.22,8.58,2.26
11.39044,55.32523,2017,9,24,267,2017-09-24,15.14,18.07,12.99,90.38,0.42,7.25,3.64
11.39044,55.32523,2017,9,25,268,2017-09-25,14.41,17.5,11.7,88.25,0.58,11.22,5.93
11.39044,55.32523,2017,9,26,269,2017-09-26,14.73,17.01,13.27,90.36,0.98,7.64,5.54
11.39044,55.32523,2017,9,27,270,2017-09-27,15,17.3,13.74,89.07,1.88,6.77,5.67
11.39044,55.32523,2017,9,28,271,2017-09-28,13.91,14.79,13.35,86.57,1.48,5.38,6.27
11.39044,55.32523,2017,9,29,272,2017-09-29,14.36,16.74,13,86.56,0.26,8.61,6.7
11.39044,55.32523,2017,9,30,273,2017-09-30,13.65,15.17,12.26,83.39,0.06,6.03,8.04
11.39044,55.32523,2017,10,1,274,2017-10-01,13.5,15.49,12.25,85.48,4.12,7.98,3.88
11.39044,55.32523,2017,10,2,275,2017-10-02,13.58,16.33,12.44,88.07,10.63,6.3,8.44
11.39044,55.32523,2017,10,3,276,2017-10-03,13.11,14.95,12.06,84.69,2.66,8.52,7.53
11.39044,55.32523,2017,10,4,277,2017-10-04,12.04,13.01,10.68,84.77,5.25,2.4,8.85
11.39044,55.32523,2017,10,5,278,2017-10-05,10.9,12.94,9.65,85.18,3.28,2.82,6.76
11.39044,55.32523,2017,10,6,279,2017-10-06,11.6,14.35,9.87,85.98,0.6,10.87,5.73
11.39044,55.32523,2017,10,7,280,2017-10-07,10.98,13.03,9.13,90.65,10.18,3.5,6.62
11.39044,55.32523,2017,10,8,281,2017-10-08,9.65,11.83,8.07,79.9,0,9.6,5.76
11.39044,55.32523,2017,10,9,282,2017-10-09,9.61,12.68,7.23,87.32,0.01,10.54,4.42
11.39044,55.32523,2017,10,10,283,2017-10-10,11.04,13.15,8.82,89.2,3.23,4.48,3.8
11.39044,55.32523,2017,10,11,284,2017-10-11,12.99,14.63,11.15,93.17,2.52,4.12,5.97
11.39044,55.32523,2017,10,12,285,2017-10-12,12.36,13.62,10.29,83.73,3.4,7.48,9.67
11.39044,55.32523,2017,10,13,286,2017-10-13,12.2,14.74,9.07,91.47,0.44,6.34,5.23
11.39044,55.32523,2017,10,14,287,2017-10-14,14.67,16.19,13.8,94.34,1.13,2.53,6.2
11.39044,55.32523,2017,10,15,288,2017-10-15,14.02,15.79,12.57,95.65,0.35,3.83,4.22
11.39044,55.32523,2017,10,16,289,2017-10-16,13.84,16.11,12.07,95.4,0.3,4.33,3.46
11.39044,55.32523,2017,10,17,290,2017-10-17,13.51,14.94,11.6,89.01,0.12,6.24,6.74
11.39044,55.32523,2017,10,18,291,2017-10-18,12.53,13.64,11.5,90.26,4.31,2.85,3.48
11.39044,55.32523,2017,10,19,292,2017-10-19,12.1,13.46,11.4,93.95,3,2.77,4.98
11.39044,55.32523,2017,10,20,293,2017-10-20,12.41,14.1,11.42,94.66,8.98,2.07,5.37
11.39044,55.32523,2017,10,21,294,2017-10-21,11.84,13.85,10.21,93.63,1.81,3.95,3.78
11.39044,55.32523,2017,10,22,295,2017-10-22,11.29,13.01,9.95,89.45,1.96,5.09,3.43
11.39044,55.32523,2017,10,23,296,2017-10-23,10.4,12.35,8.64,89.29,2.89,3.25,4.37
11.39044,55.32523,2017,10,24,297,2017-10-24,10.83,13.61,8.77,93.28,9.06,1.43,6.38
11.39044,55.32523,2017,10,25,298,2017-10-25,13.02,14.69,11.36,91.43,2.46,3.46,7.04
11.39044,55.32523,2017,10,26,299,2017-10-26,11.61,13.24,10.38,89.04,0.45,4.23,6.66
11.39044,55.32523,2017,10,27,300,2017-10-27,10.5,11.25,9.84,86.76,0.73,4.59,7.28
11.39044,55.32523,2017,10,28,301,2017-10-28,11.04,12.6,10.34,85.51,2.44,3.55,9.87
11.39044,55.32523,2017,10,29,302,2017-10-29,8.97,10.5,7.72,74.12,2.31,5.64,10.34
11.39044,55.32523,2017,10,30,303,2017-10-30,7.1,8.52,5.67,70.12,0,5.96,6.1
11.39044,55.32523,2017,10,31,304,2017-10-31,8.12,10.17,5.5,88.62,0.39,3.47,4.86
11.39044,55.32523,2017,11,1,305,2017-11-01,11.56,13.05,10.26,94.65,3.58,1.49,6.52
11.39044,55.32523,2017,11,2,306,2017-11-02,10.41,12,8.06,91.02,2.42,3.01,6.66
11.39044,55.32523,2017,11,3,307,2017-11-03,8.89,10.51,7.94,89.34,0.81,3.12,4.74
11.39044,55.32523,2017,11,4,308,2017-11-04,9.26,10.4,8.38,95.4,0.38,2.47,5.29
11.39044,55.32523,2017,11,5,309,2017-11-05,9.46,10.65,7.29,93.89,1.04,1.68,4.24
11.39044,55.32523,2017,11,6,310,2017-11-06,6.99,9.38,5.42,84,0.01,5.4,3.86
11.39044,55.32523,2017,11,7,311,2017-11-07,6.11,8.67,4.93,88.64,0.01,4.96,3.29
11.39044,55.32523,2017,11,8,312,2017-11-08,7.35,9.58,5.04,92.08,0.24,2.27,3
11.39044,55.32523,2017,11,9,313,2017-11-09,7.89,9.63,6.29,89.63,1.2,1.35,5.57
11.39044,55.32523,2017,11,10,314,2017-11-10,7.35,8.55,6.45,89.7,6.7,2.02,7.85
11.39044,55.32523,2017,11,11,315,2017-11-11,6.11,6.98,5.35,82.78,0.47,4.27,7.88
11.39044,55.32523,2017,11,12,316,2017-11-12,6.1,7.41,4.38,92.53,0.41,2.78,4.94
11.39044,55.32523,2017,11,13,317,2017-11-13,4.8,6.9,3.62,87.81,0.01,3.85,4.03
11.39044,55.32523,2017,11,14,318,2017-11-14,6.02,9.15,3.66,95.17,4.08,1.77,6.31
11.39044,55.32523,2017,11,15,319,2017-11-15,7.02,9.3,5.81,97.68,0.16,2.65,4.06
11.39044,55.32523,2017,11,16,320,2017-11-16,7.36,9.02,5.32,96.84,2.26,1.14,5.07
11.39044,55.32523,2017,11,17,321,2017-11-17,6.49,8.45,4.88,91.46,0.09,3.85,5.85
11.39044,55.32523,2017,11,18,322,2017-11-18,6.43,7.27,5.25,90.29,4.99,2.03,8.34
11.39044,55.32523,2017,11,19,323,2017-11-19,5.08,6.8,2.41,82.46,1.15,2.77,8.66
11.39044,55.32523,2017,11,20,324,2017-11-20,4.08,5.15,2.22,85.86,0.18,2.65,2.58
11.39044,55.32523,2017,11,21,325,2017-11-21,5,5.64,4.26,87.97,1.44,1.89,2.33
11.39044,55.32523,2017,11,22,326,2017-11-22,8.08,10.44,4.45,95.15,9.92,0.96,7.25
11.39044,55.32523,2017,11,23,327,2017-11-23,8.18,10.34,6.61,87.78,1.47,1.25,8.22
11.39044,55.32523,2017,11,24,328,2017-11-24,6.17,7.72,4.08,96.9,1,1.07,4.63
11.39044,55.32523,2017,11,25,329,2017-11-25,3.87,5.57,3.14,96.88,0.11,2.89,3.9
11.39044,55.32523,2017,11,26,330,2017-11-26,5.16,6.59,3.39,94.95,1.4,1.73,7.17
11.39044,55.32523,2017,11,27,331,2017-11-27,5.24,5.91,4.17,95.04,7.06,0.68,7.5
11.39044,55.32523,2017,11,28,332,2017-11-28,5.19,6.19,4.12,93.01,4.42,0.97,6.71
11.39044,55.32523,2017,11,29,333,2017-11-29,3.16,4.22,1.83,87.57,0.77,2.05,2.05
11.39044,55.32523,2017,11,30,334,2017-11-30,2.43,3.53,1.8,84.31,0.81,1.91,1.69
11.39044,55.32523,2017,12,1,335,2017-12-01,2.68,4.22,1.85,89.74,0.41,1.58,3.44
11.39044,55.32523,2017,12,2,336,2017-12-02,2.37,4.04,0.41,93.09,0.94,2.09,5.62
11.39044,55.32523,2017,12,3,337,2017-12-03,4.57,6.56,2.98,96.39,2.62,1.94,6.17
11.39044,55.32523,2017,12,4,338,2017-12-04,3.02,4.76,2.12,96.57,0.19,2.77,5.22
11.39044,55.32523,2017,12,5,339,2017-12-05,6.72,7.62,3.55,95.93,1,1.08,7.86
11.39044,55.32523,2017,12,6,340,2017-12-06,7.55,8.19,6.93,92.86,2.4,0.96,8.79
11.39044,55.32523,2017,12,7,341,2017-12-07,6.13,7.47,5.11,89.18,2.77,0.34,10.18
11.39044,55.32523,2017,12,8,342,2017-12-08,4.6,6.54,3.46,90.69,0.32,2.31,7.47
11.39044,55.32523,2017,12,9,343,2017-12-09,3.63,4.83,2.35,87.4,0.89,1.8,8.16
11.39044,55.32523,2017,12,10,344,2017-12-10,1.79,2.65,0.33,90.41,1.84,1.17,6.27
11.39044,55.32523,2017,12,11,345,2017-12-11,1.11,1.73,0.27,89.79,4.35,1.11,5.07
11.39044,55.32523,2017,12,12,346,2017-12-12,1.99,2.91,0.98,91.44,2.5,1.18,5.73
11.39044,55.32523,2017,12,13,347,2017-12-13,2.44,3.23,1.53,93.2,5.81,0.7,8.69
11.39044,55.32523,2017,12,14,348,2017-12-14,3.09,4.19,1.31,95.53,7.04,1.31,6.39
11.39044,55.32523,2017,12,15,349,2017-12-15,2.9,4.02,1.91,97.34,0.27,1.16,3.91
11.39044,55.32523,2017,12,16,350,2017-12-16,1.09,2.5,-0.09,88.67,0.2,2.14,3.8
11.39044,55.32523,2017,12,17,351,2017-12-17,1.23,2.64,0.11,89.42,0.14,1.72,3.77
11.39044,55.32523,2017,12,18,352,2017-12-18,2.18,3.01,1.22,95.47,0.41,0.87,4.82
11.39044,55.32523,2017,12,19,353,2017-12-19,2.33,2.64,1.96,98.22,1.52,1.34,2.69
11.39044,55.32523,2017,12,20,354,2017-12-20,4.72,6.45,2.67,98.88,0.75,0.9,4.31
11.39044,55.32523,2017,12,21,355,2017-12-21,4.91,6.22,3.64,97.52,0.53,1.5,5.44
11.39044,55.32523,2017,12,22,356,2017-12-22,4.17,4.86,3.57,97.37,0.09,1.53,6.06
11.39044,55.32523,2017,12,23,357,2017-12-23,6.35,7.4,3.62,95.89,0.63,0.8,9.44
11.39044,55.32523,2017,12,24,358,2017-12-24,7.2,7.6,6.63,94.95,3.73,0.56,8.54
11.39044,55.32523,2017,12,25,359,2017-12-25,6.83,7.36,5.59,95.22,2.6,0.5,8.38
11.39044,55.32523,2017,12,26,360,2017-12-26,4.71,5.67,3.72,89.63,2.66,0.71,9.35
11.39044,55.32523,2017,12,27,361,2017-12-27,3.77,4.3,3.43,93.67,4.11,1.32,6.03
11.39044,55.32523,2017,12,28,362,2017-12-28,3.32,4.03,2.61,97.57,0.2,1.78,4.5
11.39044,55.32523,2017,12,29,363,2017-12-29,2.96,4.17,1.18,94.96,0.19,1.93,5.97
11.39044,55.32523,2017,12,30,364,2017-12-30,2.46,3.97,1.27,94.62,4.45,0.63,5.34
11.39044,55.32523,2017,12,31,365,2017-12-31,4.58,7.42,2.08,97.42,6.81,0.39,4.95
11.39044,55.32523,2018,1,1,1,2018-01-01,5.52,6.29,4.65,93.45,3.5,0.79,7.77
11.39044,55.32523,2018,1,2,2,2018-01-02,4.19,4.65,3.8,96.74,0.25,2.43,4.84
11.39044,55.32523,2018,1,3,3,2018-01-03,3.32,4.59,1.45,96.32,12.07,0.63,5.68
11.39044,55.32523,2018,1,4,4,2018-01-04,3.17,3.89,2.48,96.49,1.78,1.86,3.57
11.39044,55.32523,2018,1,5,5,2018-01-05,2.52,3.54,0.72,96.41,4.08,1.2,2.78
11.39044,55.32523,2018,1,6,6,2018-01-06,1.17,3.19,-0.34,88.08,2.21,1.56,3.19
11.39044,55.32523,2018,1,7,7,2018-01-07,-0.14,1.6,-0.76,80.94,0,2.94,2.63
11.39044,55.32523,2018,1,8,8,2018-01-08,0.57,1.94,-0.4,92.39,0.04,2.96,2.42
11.39044,55.32523,2018,1,9,9,2018-01-09,2.27,3.66,0.92,88.99,0.04,2.66,7.77
11.39044,55.32523,2018,1,10,10,2018-01-10,2.64,3.24,2.28,96.96,2.46,0.47,4.12
11.39044,55.32523,2018,1,11,11,2018-01-11,2.57,2.83,2.08,97.69,1.9,0.66,3.59
11.39044,55.32523,2018,1,12,12,2018-01-12,1.9,2.64,1.55,89.55,0.45,0.35,5.43
11.39044,55.32523,2018,1,13,13,2018-01-13,0.79,1.66,-0.27,86.72,0.35,0.75,6.03
11.39044,55.32523,2018,1,14,14,2018-01-14,-0.16,0.52,-1.18,83.31,0.27,1.11,6.58
11.39044,55.32523,2018,1,15,15,2018-01-15,0.75,2.1,-0.72,89.57,2.79,1.07,9.89
11.39044,55.32523,2018,1,16,16,2018-01-16,2.33,3.24,1.19,97.29,4.81,1.65,6.84
11.39044,55.32523,2018,1,17,17,2018-01-17,1.57,2.35,0.95,96.74,0.32,1.58,4.67
11.39044,55.32523,2018,1,18,18,2018-01-18,1.73,2.25,1.06,97.4,1.44,1,4.4
11.39044,55.32523,2018,1,19,19,2018-01-19,1.26,2.5,0.28,95.75,0.76,1.75,2.45
11.39044,55.32523,2018,1,20,20,2018-01-20,1.33,2.09,0.7,96.69,0.71,1.11,3.5
11.39044,55.32523,2018,1,21,21,2018-01-21,1.17,2.36,0.48,94.47,0.43,2.56,1.8
11.39044,55.32523,2018,1,22,22,2018-01-22,0.66,1.47,-0.29,92.95,0.51,1.09,5.22
11.39044,55.32523,2018,1,23,23,2018-01-23,1.22,2.86,-0.44,94.33,4.07,1.03,5.65
11.39044,55.32523,2018,1,24,24,2018-01-24,6.39,8.56,3.7,97.47,4.69,0.72,8.45
11.39044,55.32523,2018,1,25,25,2018-01-25,4.89,6.22,3.62,96.07,0.14,2.74,5.92
11.39044,55.32523,2018,1,26,26,2018-01-26,3.72,4.79,2.81,97.17,0.5,2.22,2.72
11.39044,55.32523,2018,1,27,27,2018-01-27,3.76,4.21,3.32,94.59,4.54,2.26,5.92
11.39044,55.32523,2018,1,28,28,2018-01-28,5.22,6.8,3.9,91.83,1.54,2.87,8.23
11.39044,55.32523,2018,1,29,29,2018-01-29,5.84,7.21,4,92.23,2.97,1.82,9.12
11.39044,55.32523,2018,1,30,30,2018-01-30,4.34,5.49,3.7,89.5,0.19,3.69,8.22
11.39044,55.32523,2018,1,31,31,2018-01-31,3.58,5.52,1.81,94.86,5.78,0.87,7.32
11.39044,55.32523,2018,2,1,32,2018-02-01,2.87,3.38,2.33,91.31,2.08,2.44,8.26
11.39044,55.32523,2018,2,2,33,2018-02-02,2.34,3.42,-0.36,92.8,2.33,1.61,4.61
11.39044,55.32523,2018,2,3,34,2018-02-03,-0.74,0.2,-1.77,84.75,0.9,1.46,4.77
11.39044,55.32523,2018,2,4,35,2018-02-04,0.17,1.59,-1.99,88.27,0.42,2.71,6.16
11.39044,55.32523,2018,2,5,36,2018-02-05,-2.08,-0.86,-3.04,79.53,0.02,4.75,3.03
11.39044,55.32523,2018,2,6,37,2018-02-06,-1.91,-1.44,-2.56,72.82,0.21,3.29,1.36
11.39044,55.32523,2018,2,7,38,2018-02-07,-1.09,0.5,-2.68,77.45,0.17,3.32,3.31
11.39044,55.32523,2018,2,8,39,2018-02-08,-0.54,1.41,-1.84,85.26,0.01,5.54,4.26
11.39044,55.32523,2018,2,9,40,2018-02-09,-1.3,0.4,-2.45,84.2,0,4.68,5.41
11.39044,55.32523,2018,2,10,41,2018-02-10,-0.42,1.24,-2.15,86.75,0.09,3.46,3.88
11.39044,55.32523,2018,2,11,42,2018-02-11,1.37,3.07,-0.07,93.8,2.96,1.46,8.93
11.39044,55.32523,2018,2,12,43,2018-02-12,2.19,3.07,1.05,90.41,1.28,3.46,9.26
11.39044,55.32523,2018,2,13,44,2018-02-13,1.07,2.56,0.18,96,0.95,3.69,4.67
11.39044,55.32523,2018,2,14,45,2018-02-14,0.96,3.33,-0.27,90.48,0,6.92,4.57
11.39044,55.32523,2018,2,15,46,2018-02-15,0.35,1.19,-0.44,88.72,1.87,3.25,8.64
11.39044,55.32523,2018,2,16,47,2018-02-16,2.18,3.77,1.26,97.77,1.47,5,5.96
11.39044,55.32523,2018,2,17,48,2018-02-17,1.74,2.8,0.74,94.63,0.4,4.2,2.17
11.39044,55.32523,2018,2,18,49,2018-02-18,1.56,3.18,0.61,88.76,0.05,4.8,3.66
11.39044,55.32523,2018,2,19,50,2018-02-19,1.54,3.29,0.55,93.18,2.08,3.28,2.76
11.39044,55.32523,2018,2,20,51,2018-02-20,0.95,3.07,-0.49,90.01,0.12,5.69,4.06
11.39044,55.32523,2018,2,21,52,2018-02-21,0.88,2.23,-0.27,85.46,0.62,5.95,2.13
11.39044,55.32523,2018,2,22,53,2018-02-22,0.03,1.29,-1.21,87.3,1.24,6.61,3.1
11.39044,55.32523,2018,2,23,54,2018-02-23,-0.37,1.06,-1.06,77.37,0.01,7.12,1.88
11.39044,55.32523,2018,2,24,55,2018-02-24,-1.89,-0.68,-2.98,80.71,0.03,8.91,4.98
11.39044,55.32523,2018,2,25,56,2018-02-25,-3.46,-2.95,-4.71,77.8,0.25,6.22,5.2
11.39044,55.32523,2018,2,26,57,2018-02-26,-3.19,-1.21,-5,81.29,0.24,8.18,6.47
11.39044,55.32523,2018,2,27,58,2018-02-27,-5.22,-3.56,-7.86,85.56,2,4.93,8.5
11.39044,55.32523,2018,2,28,59,2018-02-28,-6.1,-4.04,-7.91,87.39,1.06,6.66,9.58
11.39044,55.32523,2018,3,1,60,2018-03-01,-4.8,-2.91,-6.19,88.74,0.41,6.25,8.47
11.39044,55.32523,2018,3,2,61,2018-03-02,-3.12,-1.2,-4.63,86.64,0.48,5.16,7.35
11.39044,55.32523,2018,3,3,62,2018-03-03,-1.92,0.11,-3.39,84.65,0.24,5.24,5.15
11.39044,55.32523,2018,3,4,63,2018-03-04,-2.2,-0.85,-3.81,81.61,0.05,7.71,6.26
11.39044,55.32523,2018,3,5,64,2018-03-05,0.16,1.91,-1.08,91.83,4.66,2.47,6.47
11.39044,55.32523,2018,3,6,65,2018-03-06,1.15,3.67,-0.56,94.9,0.16,8.2,3.27
11.39044,55.32523,2018,3,7,66,2018-03-07,0.44,1.78,-0.18,95.94,3.25,4.02,4.13
11.39044,55.32523,2018,3,8,67,2018-03-08,0.5,1.32,-0.4,96.29,6.41,2.92,2.37
11.39044,55.32523,2018,3,9,68,2018-03-09,0.82,1.71,-0.47,93.26,1.05,4.48,3.06
11.39044,55.32523,2018,3,10,69,2018-03-10,0.31,1.45,-0.53,93,5.03,7.35,4.87
11.39044,55.32523,2018,3,11,70,2018-03-11,2,3.66,0.64,97.4,5.41,3.55,5.37
11.39044,55.32523,2018,3,12,71,2018-03-12,2.77,3.64,1.97,98.88,6.51,3.97,1.65
11.39044,55.32523,2018,3,13,72,2018-03-13,1.66,2.07,0.92,96.78,3.95,3.82,3.61
11.39044,55.32523,2018,3,14,73,2018-03-14,1.23,3.14,-0.51,91.21,0.18,7.24,3.23
11.39044,55.32523,2018,3,15,74,2018-03-15,0.43,1.73,-0.54,81.15,0.27,5.59,8.45
11.39044,55.32523,2018,3,16,75,2018-03-16,-1.53,-0.31,-3.8,72.57,0.15,7.19,10.51
11.39044,55.32523,2018,3,17,76,2018-03-17,-2.98,-1.61,-4.17,76.92,0.4,9.87,10.23
11.39044,55.32523,2018,3,18,77,2018-03-18,-1.42,1.2,-3.46,78.56,0.03,13.81,6.47
11.39044,55.32523,2018,3,19,78,2018-03-19,0.1,2.17,-2.42,79.89,0.27,15.32,3.57
11.39044,55.32523,2018,3,20,79,2018-03-20,0.9,2.93,-0.81,84.03,0.04,15.31,5.58
11.39044,55.32523,2018,3,21,80,2018-03-21,1.27,4.25,-1.08,91.14,0.59,8.88,4.75
11.39044,55.32523,2018,3,22,81,2018-03-22,1.52,3.23,0.14,92.88,6.18,6.78,3.79
11.39044,55.32523,2018,3,23,82,2018-03-23,1.25,3.03,0.16,92.11,0.49,6.22,3.08
11.39044,55.32523,2018,3,24,83,2018-03-24,2.58,4.77,0.51,93.82,0.62,6.99,3.52
11.39044,55.32523,2018,3,25,84,2018-03-25,3.44,5.64,1.76,95.07,0.85,6.29,1.86
11.39044,55.32523,2018,3,26,85,2018-03-26,2.98,5.77,0.64,90.53,0.53,10.07,2.42
11.39044,55.32523,2018,3,27,86,2018-03-27,2.01,3.96,0.22,91.57,1.58,8.62,2.78
11.39044,55.32523,2018,3,28,87,2018-03-28,0.55,2.12,-0.64,84.92,1,6.74,9.31
11.39044,55.32523,2018,3,29,88,2018-03-29,0.66,1.24,0.02,87,4.63,5.43,7.77
11.39044,55.32523,2018,3,30,89,2018-03-30,0.82,3.64,-1.27,84.51,0,16.63,3.28
11.39044,55.32523,2018,3,31,90,2018-03-31,0.99,2.88,-0.94,88.06,0.89,5.68,5.85
11.39044,55.32523,2018,4,1,91,2018-04-01,1.08,2.53,-0.44,88.55,2.28,7.13,5.66
11.39044,55.32523,2018,4,2,92,2018-04-02,2.11,5.14,-1.42,82.73,0.24,17.3,3.48
11.39044,55.32523,2018,4,3,93,2018-04-03,3.5,6.64,0.82,96.24,6.85,4.62,4.64
11.39044,55.32523,2018,4,4,94,2018-04-04,7.53,9.57,5.03,90.83,8.25,12.95,3.68
11.39044,55.32523,2018,4,5,95,2018-04-05,4.58,6.93,2.43,93.97,0.66,7.43,5.68
11.39044,55.32523,2018,4,6,96,2018-04-06,4.68,8.07,1.85,77.99,0.01,19.28,5.24
11.39044,55.32523,2018,4,7,97,2018-04-07,6.38,10.18,2.9,77.62,0,15.72,5.46
11.39044,55.32523,2018,4,8,98,2018-04-08,8.67,13.94,4.12,87.41,0,17.33,3.18
11.39044,55.32523,2018,4,9,99,2018-04-09,8.06,11.8,5.66,93.46,0.07,13.9,3.07
11.39044,55.32523,2018,4,10,100,2018-04-10,6.25,8.83,3.76,86.87,0.19,12.83,7.2
11.39044,55.32523,2018,4,11,101,2018-04-11,5.45,9.64,2.75,79.96,0.01,18.92,7.77
11.39044,55.32523,2018,4,12,102,2018-04-12,6.65,9.9,3.48,83.81,0.07,16.85,8.73
11.39044,55.32523,2018,4,13,103,2018-04-13,7.95,10.76,6.2,87.82,1.11,13.37,7.69
11.39044,55.32523,2018,4,14,104,2018-04-14,7.77,10.74,5.33,94.46,0.63,7.63,3.42
11.39044,55.32523,2018,4,15,105,2018-04-15,7.29,8.64,6.23,94.43,1.44,5.86,1.95
11.39044,55.32523,2018,4,16,106,2018-04-16,8.74,13.47,5.36,90.85,0.3,12.94,1.32
11.39044,55.32523,2018,4,17,107,2018-04-17,8.27,11.7,5.35,87.04,0.14,15.35,2.97
11.39044,55.32523,2018,4,18,108,2018-04-18,11.25,15.28,7.15,85.08,0,19.67,3.55
11.39044,55.32523,2018,4,19,109,2018-04-19,13.37,18.4,9.68,83.41,0.06,21.04,1.49
11.39044,55.32523,2018,4,20,110,2018-04-20,12.97,18.23,9.55,86.52,0.04,20.37,4.55
11.39044,55.32523,2018,4,21,111,2018-04-21,10.39,13.89,7.09,80.34,0,22.11,4.19
11.39044,55.32523,2018,4,22,112,2018-04-22,9.62,13.42,6.33,76.55,0,19.81,2.21
11.39044,55.32523,2018,4,23,113,2018-04-23,10.01,13.22,7.05,83.25,0.18,17.69,6.35
11.39044,55.32523,2018,4,24,114,2018-04-24,9.01,11.25,7.19,83.7,0.99,13.28,7.64
11.39044,55.32523,2018,4,25,115,2018-04-25,7.83,10.94,5.05,85.42,6.31,15.93,4.62
11.39044,55.32523,2018,4,26,116,2018-04-26,8.13,10.68,6.57,84.65,1.15,15.13,6.13
11.39044,55.32523,2018,4,27,117,2018-04-27,9.27,11.96,6.6,82.63,2.11,19.43,4.25
11.39044,55.32523,2018,4,28,118,2018-04-28,10.52,14.57,6.65,82.01,1.32,13.31,1.92
11.39044,55.32523,2018,4,29,119,2018-04-29,9.81,12.31,7.42,87.22,0.81,18.09,2.8
11.39044,55.32523,2018,4,30,120,2018-04-30,10.71,13.7,8.58,87.72,4.9,9.93,6.23
11.39044,55.32523,2018,5,1,121,2018-05-01,8.34,9.13,7.09,87.56,2.73,6.71,7.39
11.39044,55.32523,2018,5,2,122,2018-05-02,8.84,12.11,4.91,76.63,0.02,24.13,5.1
11.39044,55.32523,2018,5,3,123,2018-05-03,9.21,11.96,6.49,80.45,0.03,20.59,4.88
11.39044,55.32523,2018,5,4,124,2018-05-04,9.34,12.16,5.13,70.69,0,22.16,1.68
11.39044,55.32523,2018,5,5,125,2018-05-05,12.12,15.77,8.11,67.02,0,25.02,1.3
11.39044,55.32523,2018,5,6,126,2018-05-06,13.36,17.5,9.12,69.32,0,25.39,1.69
11.39044,55.32523,2018,5,7,127,2018-05-07,13.88,18.82,9.25,75.24,0,26.07,2.62
11.39044,55.32523,2018,5,8,128,2018-05-08,13.55,18.38,9.15,78.85,0,26.31,4.34
11.39044,55.32523,2018,5,9,129,2018-05-09,13.75,18.6,9.65,80.94,0.02,25.76,5.4
11.39044,55.32523,2018,5,10,130,2018-05-10,14.35,19.34,9.51,85.57,1.25,19.87,4.53
11.39044,55.32523,2018,5,11,131,2018-05-11,12.79,15.54,10.29,76.23,2.71,19.09,3.54
11.39044,55.32523,2018,5,12,132,2018-05-12,13.69,17.45,9.88,73.73,0,21.32,1.62
11.39044,55.32523,2018,5,13,133,2018-05-13,14.5,19.21,9.97,80.22,0.03,24.03,4.66
11.39044,55.32523,2018,5,14,134,2018-05-14,15.73,21.1,10.48,75.59,0,25.4,3.55
11.39044,55.32523,2018,5,15,135,2018-05-15,15.25,19,11.34,73.73,0,24.62,2.4
11.39044,55.32523,2018,5,16,136,2018-05-16,16.3,19.83,12.76,78.06,0.02,20.69,3.49
11.39044,55.32523,2018,5,17,137,2018-05-17,14.65,18.82,10.73,82.62,0.06,25.43,3.21
11.39044,55.32523,2018,5,18,138,2018-05-18,14.64,17.38,10.95,86.89,0.5,19.83,2.26
11.39044,55.32523,2018,5,19,139,2018-05-19,14.7,17.22,11.95,82.61,0.5,22.23,2.12
11.39044,55.32523,2018,5,20,140,2018-05-20,15.19,18.85,10.98,72.39,0,26.99,2.45
11.39044,55.32523,2018,5,21,141,2018-05-21,13.69,16.73,9.57,78.16,0,22.4,4.59
11.39044,55.32523,2018,5,22,142,2018-05-22,15.78,19.97,10.66,75.9,0.02,25.83,2.87
11.39044,55.32523,2018,5,23,143,2018-05-23,16.73,20.79,12.63,70.73,0,27.41,1.88
11.39044,55.32523,2018,5,24,144,2018-05-24,16.49,20.1,12.96,73.46,0,27.72,3.87
11.39044,55.32523,2018,5,25,145,2018-05-25,16.03,19.64,12.03,71.32,0,27.98,3.81
11.39044,55.32523,2018,5,26,146,2018-05-26,17.13,20.85,12.65,80.94,0.79,23.42,3.04
11.39044,55.32523,2018,5,27,147,2018-05-27,16.81,19.62,13.96,87.42,1.9,16.26,4.14
11.39044,55.32523,2018,5,28,148,2018-05-28,16.6,18.96,13.9,90.17,2.7,17.12,4.27
11.39044,55.32523,2018,5,29,149,2018-05-29,18.61,22.81,14.7,79.82,0.31,21.9,4.47
11.39044,55.32523,2018,5,30,150,2018-05-30,18.6,22.79,14.59,77.73,0.02,27.7,4.97
11.39044,55.32523,2018,5,31,151,2018-05-31,17.58,20.94,14.48,75.7,0,25.08,5.56
11.39044,55.32523,2018,6,1,152,2018-06-01,18.41,22.79,13.5,72.45,0,26.68,3.29
11.39044,55.32523,2018,6,2,153,2018-06-02,21.06,25.32,16.43,61.16,0,27.42,1.05
11.39044,55.32523,2018,6,3,154,2018-06-03,19.19,22.32,15.81,83.46,0.1,25.4,3.4
11.39044,55.32523,2018,6,4,155,2018-06-04,18.29,21.78,15.2,81.62,0.15,27.17,5.03
11.39044,55.32523,2018,6,5,156,2018-06-05,17.94,20.75,14.95,72.96,0.05,29.27,3.3
11.39044,55.32523,2018,6,6,157,2018-06-06,17.14,20.1,14.11,71.46,0,28.84,4.27
11.39044,55.32523,2018,6,7,158,2018-06-07,17.98,21.2,14.38,73.73,0.03,29.04,3.83
11.39044,55.32523,2018,6,8,159,2018-06-08,19.93,24.86,15.03,75.39,0.12,27.8,1.9
11.39044,55.32523,2018,6,9,160,2018-06-09,19.57,22.34,15.83,76.6,0.01,20.45,2.27
11.39044,55.32523,2018,6,10,161,2018-06-10,18.46,20.25,15.76,82.94,7.06,8.94,2.82
11.39044,55.32523,2018,6,11,162,2018-06-11,15.94,18.1,14.4,78.39,0.22,15.23,7.09
11.39044,55.32523,2018,6,12,163,2018-06-12,16.6,19.27,14.17,80.34,0.14,17.71,4.68
11.39044,55.32523,2018,6,13,164,2018-06-13,15.82,18.74,13.06,74.26,0.09,27.28,5.17
11.39044,55.32523,2018,6,14,165,2018-06-14,15.97,19.92,11.91,77.16,1.17,21.14,5.8
11.39044,55.32523,2018,6,15,166,2018-06-15,16.44,18.9,13,70.36,0.01,25.84,3.48
11.39044,55.32523,2018,6,16,167,2018-06-16,17.42,19.7,15.3,74.85,2.33,11.93,3.52
11.39044,55.32523,2018,6,17,168,2018-06-17,16.6,19.1,14.29,78.19,3.35,21.76,4.91
11.39044,55.32523,2018,6,18,169,2018-06-18,16.22,17.99,13.19,82.38,0.93,14.76,5.51
11.39044,55.32523,2018,6,19,170,2018-06-19,16.13,18.53,13.67,76.2,0.65,24.88,6.32
11.39044,55.32523,2018,6,20,171,2018-06-20,17.34,21.5,13.01,80.65,0.68,15.74,6.79
11.39044,55.32523,2018,6,21,172,2018-06-21,13.69,16.33,11.64,75.48,2.18,17.53,7.3
11.39044,55.32523,2018,6,22,173,2018-06-22,13.9,17.17,11.27,74.87,1.01,25.39,6.97
11.39044,55.32523,2018,6,23,174,2018-06-23,14.87,17.81,11.8,74.54,0.07,22.61,6.72
11.39044,55.32523,2018,6,24,175,2018-06-24,15.65,18.15,13.13,78.88,0.1,21.25,3.52
11.39044,55.32523,2018,6,25,176,2018-06-25,17.51,20.82,13.65,82.11,0.1,23,2.71
11.39044,55.32523,2018,6,26,177,2018-06-26,19.72,24.17,15.02,74.08,0.05,27.84,2.15
11.39044,55.32523,2018,6,27,178,2018-06-27,18.95,21.83,15.71,75.03,0.04,27.9,2.52
11.39044,55.32523,2018,6,28,179,2018-06-28,20.12,23.55,16.06,69.06,0.01,29.26,1.74
11.39044,55.32523,2018,6,29,180,2018-06-29,17.95,20.07,15.29,72.74,0.07,28.24,5.12
11.39044,55.32523,2018,6,30,181,2018-06-30,18.33,21.14,15.37,64.86,0,29.27,2.11
11.39044,55.32523,2018,7,1,182,2018-07-01,18.05,20.63,14.75,62.01,0.02,28.47,2.73
11.39044,55.32523,2018,7,2,183,2018-07-02,18.62,21.22,14.75,63.23,0,29.02,3.63
11.39044,55.32523,2018,7,3,184,2018-07-03,18.49,22.09,14.16,72.5,0.02,29.39,3.63
11.39044,55.32523,2018,7,4,185,2018-07-04,17.95,21.09,14.36,76.75,0.01,25.09,3.22
11.39044,55.32523,2018,7,5,186,2018-07-05,17.45,19.92,15.31,78.08,0.57,11.43,5.02
11.39044,55.32523,2018,7,6,187,2018-07-06,17.23,20.27,14.69,71.43,0.18,26.99,6.93
11.39044,55.32523,2018,7,7,188,2018-07-07,18.35,22.72,13.61,77.26,0.05,27.75,6.17
11.39044,55.32523,2018,7,8,189,2018-07-08,19.73,22.9,16.06,78.69,0.12,22.84,4.3
11.39044,55.32523,2018,7,9,190,2018-07-09,16.73,18.68,15.3,72.72,0.12,24.81,6.42
11.39044,55.32523,2018,7,10,191,2018-07-10,17.33,20.62,14.13,74.59,3.29,19.08,3.28
11.39044,55.32523,2018,7,11,192,2018-07-11,20.38,23.32,17.04,72.33,0.3,23.02,3.06
11.39044,55.32523,2018,7,12,193,2018-07-12,21.38,24.66,17.99,68.65,0.14,24.65,2.44
11.39044,55.32523,2018,7,13,194,2018-07-13,20.18,23.37,16.82,73.92,0.04,25.23,4.44
11.39044,55.32523,2018,7,14,195,2018-07-14,17.7,20.72,14.69,72.06,0.02,15.87,4.87
11.39044,55.32523,2018,7,15,196,2018-07-15,19.23,22.59,15.05,75.45,0.03,25.58,3.18
11.39044,55.32523,2018,7,16,197,2018-07-16,20.69,23.98,16.73,73.16,0.01,26.37,3.15
11.39044,55.32523,2018,7,17,198,2018-07-17,21.21,25.32,18.71,74.05,2.34,18.1,1.4
11.39044,55.32523,2018,7,18,199,2018-07-18,20.81,23.47,18.33,76.69,0.35,19.92,3.85
11.39044,55.32523,2018,7,19,200,2018-07-19,19.35,22.34,16.62,66.45,0,26.38,5.11
11.39044,55.32523,2018,7,20,201,2018-07-20,19.32,22.89,15.02,67.02,0,25.3,4.35
11.39044,55.32523,2018,7,21,202,2018-07-21,21.01,24.17,16.81,61.11,0,25.49,2.25
11.39044,55.32523,2018,7,22,203,2018-07-22,21.23,24.2,18.23,65.62,0.01,22.42,2.47
11.39044,55.32523,2018,7,23,204,2018-07-23,21.44,24.65,17.47,76,0.05,20.66,3.77
11.39044,55.32523,2018,7,24,205,2018-07-24,23.36,26.67,18.87,73.13,0.03,24.17,1.81
11.39044,55.32523,2018,7,25,206,2018-07-25,25.17,28.59,21.78,65.12,0.01,22.87,1.81
11.39044,55.32523,2018,7,26,207,2018-07-26,24.2,27.67,20.85,64.22,0,24.11,3.58
11.39044,55.32523,2018,7,27,208,2018-07-27,24.4,28.34,20.08,69.05,0.01,24.45,4.26
11.39044,55.32523,2018,7,28,209,2018-07-28,24.11,27.17,21.11,73.16,2.54,22.99,5.09
11.39044,55.32523,2018,7,29,210,2018-07-29,21.69,24.15,18.85,60.22,0.29,23.47,3.39
11.39044,55.32523,2018,7,30,211,2018-07-30,24.57,28.18,20.65,65.55,0.02,15.58,4.3
11.39044,55.32523,2018,7,31,212,2018-07-31,25.28,28.81,22.02,65.3,0.06,16.41,4.51
11.39044,55.32523,2018,8,1,213,2018-08-01,22.25,25.36,19.99,69.38,0.44,20.17,2.92
11.39044,55.32523,2018,8,2,214,2018-08-02,22.77,25.49,19.2,61.85,0.01,22.82,2.45
11.39044,55.32523,2018,8,3,215,2018-08-03,23.33,26.38,19.51,65.63,0,23.52,2.61
11.39044,55.32523,2018,8,4,216,2018-08-04,22.39,25.1,20.03,72.37,0.39,18.1,4.77
11.39044,55.32523,2018,8,5,217,2018-08-05,19.83,22.64,17.67,69.21,0.2,16.3,7.42
11.39044,55.32523,2018,8,6,218,2018-08-06,20.76,24.49,16.86,69.59,0.11,18.72,4.07
11.39044,55.32523,2018,8,7,219,2018-08-07,24.1,28.36,19.44,64.01,0,22.13,3.43
11.39044,55.32523,2018,8,8,220,2018-08-08,23.73,26.63,20.46,72.74,0.2,13.37,4.61
11.39044,55.32523,2018,8,9,221,2018-08-09,21.64,24.59,18.11,68.85,4.09,19.79,3.24
11.39044,55.32523,2018,8,10,222,2018-08-10,19.4,21.7,17.4,68.75,0.59,17.81,8.86
11.39044,55.32523,2018,8,11,223,2018-08-11,17.52,18.8,16.07,71.9,3.54,13.23,6.94
11.39044,55.32523,2018,8,12,224,2018-08-12,16.67,18.81,15.64,76.42,12.71,8.87,5.2
11.39044,55.32523,2018,8,13,225,2018-08-13,19.25,22.05,16.92,85.5,13.21,7.98,4.41
11.39044,55.32523,2018,8,14,226,2018-08-14,19.26,21.51,17.97,84.89,5.16,12.97,3.84
11.39044,55.32523,2018,8,15,227,2018-08-15,19.35,22.29,16.2,79.95,1.15,14.54,4.31
11.39044,55.32523,2018,8,16,228,2018-08-16,20.95,23.98,18.03,77.54,0.27,14.41,4.56
11.39044,55.32523,2018,8,17,229,2018-08-17,18.94,20.96,16.61,76.47,0.11,12.62,3.29
11.39044,55.32523,2018,8,18,230,2018-08-18,18.46,21.05,15.17,76.84,0.3,11.47,5.91
11.39044,55.32523,2018,8,19,231,2018-08-19,19.47,21.49,17.38,80.78,2.05,8.16,5.27
11.39044,55.32523,2018,8,20,232,2018-08-20,18.51,20.47,15.65,73.92,0.86,18.75,6.7
11.39044,55.32523,2018,8,21,233,2018-08-21,17.69,20.29,14.83,65.49,0,19.57,3.78
11.39044,55.32523,2018,8,22,234,2018-08-22,20.22,23.49,16.81,68.47,0,19.02,4.66
11.39044,55.32523,2018,8,23,235,2018-08-23,20.04,22.76,17.06,81.06,0.23,15.22,3.44
11.39044,55.32523,2018,8,24,236,2018-08-24,17.29,18.9,15.25,76.01,2.17,11.68,6.13
11.39044,55.32523,2018,8,25,237,2018-08-25,14.42,15.05,13.71,77.8,7.05,12.76,4.64
11.39044,55.32523,2018,8,26,238,2018-08-26,15.52,17.88,13.16,68.96,0.67,18.7,4.82
11.39044,55.32523,2018,8,27,239,2018-08-27,16.29,19.2,14.9,78.47,5.16,5.55,6.96
11.39044,55.32523,2018,8,28,240,2018-08-28,16.95,19.6,14.22,79.76,0.3,10.92,4.24
11.39044,55.32523,2018,8,29,241,2018-08-29,17.68,20.83,14.5,79.14,0.06,10.67,3.45
11.39044,55.32523,2018,8,30,242,2018-08-30,16.73,17.55,15.06,91.53,13.91,2.64,3.85
11.39044,55.32523,2018,8,31,243,2018-08-31,16.45,18.86,14.42,85.94,1.21,11.69,4.53
11.39044,55.32523,2018,9,1,244,2018-09-01,16.63,19.16,14.42,80.23,0.2,11.33,2.98
11.39044,55.32523,2018,9,2,245,2018-09-02,17.42,20.21,14.05,83.28,0.14,14.31,2.32
11.39044,55.32523,2018,9,3,246,2018-09-03,18.32,21.84,15.42,84.74,0.14,14.51,4.05
11.39044,55.32523,2018,9,4,247,2018-09-04,17.87,20.97,14.9,80.62,0.07,16.95,2.91
11.39044,55.32523,2018,9,5,248,2018-09-05,18.85,22.49,15.36,77.69,0.01,15.96,1.7
11.39044,55.32523,2018,9,6,249,2018-09-06,18.24,21.19,15.5,82.92,0.42,15.05,4.75
11.39044,55.32523,2018,9,7,250,2018-09-07,17.49,19.55,13.73,86.35,10.46,5.27,5.66
11.39044,55.32523,2018,9,8,251,2018-09-08,15.5,18.71,13.44,76.81,1.91,9.93,6.62
11.39044,55.32523,2018,9,9,252,2018-09-09,17.24,19.38,14.98,76.03,0.49,11.05,5.41
11.39044,55.32523,2018,9,10,253,2018-09-10,17.14,19.37,15.53,79.85,0.25,11.71,4.9
11.39044,55.32523,2018,9,11,254,2018-09-11,16.03,18.13,14.63,84.51,6.06,4.24,7.06
11.39044,55.32523,2018,9,12,255,2018-09-12,15,16.11,13.01,78.7,0.45,7.35,6.26
11.39044,55.32523,2018,9,13,256,2018-09-13,14.53,17.24,11.58,73.5,0.03,13.78,4.35
11.39044,55.32523,2018,9,14,257,2018-09-14,15.18,17.34,13.2,80.23,0.84,8.55,5.54
11.39044,55.32523,2018,9,15,258,2018-09-15,14.53,16.35,12.03,78.58,1.92,12.34,5.38
11.39044,55.32523,2018,9,16,259,2018-09-16,15.02,17.86,11.31,76.05,0.02,8.84,4.99
11.39044,55.32523,2018,9,17,260,2018-09-17,17.03,19.48,15.47,85.13,0.54,8.67,4.26
11.39044,55.32523,2018,9,18,261,2018-09-18,18.13,23.03,14.11,78.77,0,14.97,4.72
11.39044,55.32523,2018,9,19,262,2018-09-19,17.95,20.69,15.19,83.87,0.07,10.11,5.58
11.39044,55.32523,2018,9,20,263,2018-09-20,17.63,19.34,16.29,86.14,1.7,5.67,5.14
11.39044,55.32523,2018,9,21,264,2018-09-21,15.82,19.82,12.3,76.32,3.47,6.05,9.2
11.39044,55.32523,2018,9,22,265,2018-09-22,13.16,14.72,11.97,72.55,0.86,11.44,8.82
11.39044,55.32523,2018,9,23,266,2018-09-23,12.17,13.94,10.63,74.19,0.33,10.7,6.63
11.39044,55.32523,2018,9,24,267,2018-09-24,10.9,12.48,9.73,69.13,0.52,12.09,8.44
11.39044,55.32523,2018,9,25,268,2018-09-25,11.47,13.95,8.66,71.53,0.02,13.06,5.66
11.39044,55.32523,2018,9,26,269,2018-09-26,14.1,16.38,11.97,83.76,1.41,5.45,9.37
11.39044,55.32523,2018,9,27,270,2018-09-27,15.29,18.93,12.45,86.61,0.36,7.22,7.56
11.39044,55.32523,2018,9,28,271,2018-09-28,11.77,13.95,9.41,69.37,0,12.46,7.42
11.39044,55.32523,2018,9,29,272,2018-09-29,11.47,13.98,8.49,75.79,0.14,7.75,5.94
11.39044,55.32523,2018,9,30,273,2018-09-30,12.79,14.91,10.87,79.57,0.7,7.38,6.11
11.39044,55.32523,2018,10,1,274,2018-10-01,10.48,11.69,8.92,79.41,0.54,10.97,4.82
11.39044,55.32523,2018,10,2,275,2018-10-02,10.16,12.88,8.93,80.3,4.03,4.96,9.36
11.39044,55.32523,2018,10,3,276,2018-10-03,10.99,13.3,9.34,74.09,0.19,10.79,8.72
11.39044,55.32523,2018,10,4,277,2018-10-04,11.93,15.11,8.56,87.11,0.69,5.46,4.91
11.39044,55.32523,2018,10,5,278,2018-10-05,14.05,16.25,12.12,89.35,1.44,4.71,5.17
11.39044,55.32523,2018,10,6,279,2018-10-06,12.24,14.74,10.7,90.62,2.44,4.33,2.69
11.39044,55.32523,2018,10,7,280,2018-10-07,10.23,12.75,8.05,76.97,3.03,9.9,4.53
11.39044,55.32523,2018,10,8,281,2018-10-08,11.74,13.83,9.47,77.16,0.04,4.47,6.72
11.39044,55.32523,2018,10,9,282,2018-10-09,12.95,15.31,11.48,89.18,0.05,6.24,5.58
11.39044,55.32523,2018,10,10,283,2018-10-10,12.89,17.16,9.93,89.21,0.09,9.88,3.27
11.39044,55.32523,2018,10,11,284,2018-10-11,14.14,17.85,12.02,87.52,0.07,9.57,6.04
11.39044,55.32523,2018,10,12,285,2018-10-12,14.36,18.17,11.3,88.62,0.07,8.58,4.33
11.39044,55.32523,2018,10,13,286,2018-10-13,16.08,19.55,13.33,82.85,0.01,8.04,4.8
11.39044,55.32523,2018,10,14,287,2018-10-14,14.59,17.03,12.08,81.26,0.01,8.75,5.61
11.39044,55.32523,2018,10,15,288,2018-10-15,14.07,17.65,11.38,85.56,0.02,8.47,3.32
11.39044,55.32523,2018,10,16,289,2018-10-16,14.24,17.47,12.35,92.39,0.12,6.92,1.98
11.39044,55.32523,2018,10,17,290,2018-10-17,13.55,16.16,11.89,95.16,0.18,6.17,2.37
11.39044,55.32523,2018,10,18,291,2018-10-18,11.95,13.6,8.79,83.4,0.09,8.77,4.47
11.39044,55.32523,2018,10,19,292,2018-10-19,9.88,11.99,8.07,83.73,0.06,5.31,3.07
11.39044,55.32523,2018,10,20,293,2018-10-20,10.74,13.19,8.68,84.57,0.08,7.05,4.23
11.39044,55.32523,2018,10,21,294,2018-10-21,11.31,14.37,8.11,93.59,0.23,3.79,4.99
11.39044,55.32523,2018,10,22,295,2018-10-22,10.59,12.46,9,77.5,0.89,7.88,7.17
11.39044,55.32523,2018,10,23,296,2018-10-23,11.43,12.98,9.73,80.76,8.55,4.21,12
11.39044,55.32523,2018,10,24,297,2018-10-24,9.52,10.96,7.95,72.18,2.51,7.07,7.13
11.39044,55.32523,2018,10,25,298,2018-10-25,10.66,12.03,8.4,82.86,0.78,6.35,9.38
11.39044,55.32523,2018,10,26,299,2018-10-26,9.5,11.56,8.05,89.63,7.44,2.59,5.49
11.39044,55.32523,2018,10,27,300,2018-10-27,6,7.74,4.2,82.49,1.38,3.48,6.54
11.39044,55.32523,2018,10,28,301,2018-10-28,4.23,5.17,3.36,79.67,1.42,5.09,5.32
11.39044,55.32523,2018,10,29,302,2018-10-29,5.42,7.31,3.76,88.46,2.72,2.29,8.8
11.39044,55.32523,2018,10,30,303,2018-10-30,10.02,14.37,7.48,88.05,1.8,1.46,7.3
11.39044,55.32523,2018,10,31,304,2018-10-31,8.89,10.93,6.53,87.09,1.63,4.22,6.86
11.39044,55.32523,2018,11,1,305,2018-11-01,9.59,11.99,8.03,91.17,0.06,4.58,4.73
11.39044,55.32523,2018,11,2,306,2018-11-02,9.17,11.79,7.01,92.77,0.28,2.68,6.05
11.39044,55.32523,2018,11,3,307,2018-11-03,7.34,10.5,5.62,91.56,0,6.04,4.09
11.39044,55.32523,2018,11,4,308,2018-11-04,7.79,10.15,5.05,94.51,0.27,2.98,4.57
11.39044,55.32523,2018,11,5,309,2018-11-05,9.88,10.89,9.13,95.34,0.67,0.85,3.68
11.39044,55.32523,2018,11,6,310,2018-11-06,9.14,11.39,7.98,96.61,0.19,2.47,3.42
11.39044,55.32523,2018,11,7,311,2018-11-07,8.88,11.51,7.73,97.01,0.22,2.88,3.49
11.39044,55.32523,2018,11,8,312,2018-11-08,8.5,10.47,7.41,98.28,0.49,2.29,2.35
11.39044,55.32523,2018,11,9,313,2018-11-09,8.71,9.75,7.84,95.63,0.7,2.44,3.18
11.39044,55.32523,2018,11,10,314,2018-11-10,9.08,9.66,8.34,94.05,2.18,1.12,6.19
11.39044,55.32523,2018,11,11,315,2018-11-11,10.29,11.53,9.46,93.52,6.62,1.96,5.83
11.39044,55.32523,2018,11,12,316,2018-11-12,9.22,10.37,8.35,97.56,5.57,1.43,2.88
11.39044,55.32523,2018,11,13,317,2018-11-13,9.18,10.68,7.95,93.39,0.83,2.1,5.32
11.39044,55.32523,2018,11,14,318,2018-11-14,8.55,9.45,7.84,96.15,2.36,1.56,4.31
11.39044,55.32523,2018,11,15,319,2018-11-15,9.05,10.75,7.67,94.29,0.51,3.36,4.22
11.39044,55.32523,2018,11,16,320,2018-11-16,7.3,9.63,5.53,90.79,0,3.86,5.42
11.39044,55.32523,2018,11,17,321,2018-11-17,4.82,6.86,3.37,91.37,0,3.53,3.31
11.39044,55.32523,2018,11,18,322,2018-11-18,5.57,8.51,3.91,89.22,0.09,2.48,4.5
11.39044,55.32523,2018,11,19,323,2018-11-19,4.76,6,3.92,92.73,0.63,1.86,7.48
11.39044,55.32523,2018,11,20,324,2018-11-20,5.23,6.53,4.37,88.29,0.66,2.12,7.84
11.39044,55.32523,2018,11,21,325,2018-11-21,5.49,6.75,4.49,82.85,0.13,2.24,7.25
11.39044,55.32523,2018,11,22,326,2018-11-22,4.42,5.59,2.55,83.4,0.21,1.11,4.73
11.39044,55.32523,2018,11,23,327,2018-11-23,2.44,3.03,1.84,85.74,0.5,1.13,2.68
11.39044,55.32523,2018,11,24,328,2018-11-24,3.38,4.47,2.6,81.05,0.39,0.82,1.55
11.39044,55.32523,2018,11,25,329,2018-11-25,2.6,3.9,1.33,92.62,0.31,1.34,4.51
11.39044,55.32523,2018,11,26,330,2018-11-26,1.19,2.76,0.25,90.68,0.09,3.4,3.25
11.39044,55.32523,2018,11,27,331,2018-11-27,0.95,2.22,0.02,87.2,0.14,3.17,3.02
11.39044,55.32523,2018,11,28,332,2018-11-28,2.6,3.79,1.03,79.96,0.07,2.69,7.54
11.39044,55.32523,2018,11,29,333,2018-11-29,3.33,4.3,1.64,88.38,8.41,0.43,9.59
11.39044,55.32523,2018,11,30,334,2018-11-30,5.68,6.72,4.42,89.73,0.37,1.39,6.59
11.39044,55.32523,2018,12,1,335,2018-12-01,6.29,6.71,5.91,95.9,0.89,1.17,5.28
11.39044,55.32523,2018,12,2,336,2018-12-02,6.09,7.4,5.44,96.58,6.58,0.59,5.44
11.39044,55.32523,2018,12,3,337,2018-12-03,7.87,9.14,6.51,96.61,2.6,1.27,6.02
11.39044,55.32523,2018,12,4,338,2018-12-04,5.3,6.79,3.54,85.21,0.14,2.95,8.17
11.39044,55.32523,2018,12,5,339,2018-12-05,3.91,5.96,3.03,97.22,0.12,2.16,4.5
11.39044,55.32523,2018,12,6,340,2018-12-06,5.2,8.02,3.65,94.79,7.04,0.52,5.25
11.39044,55.32523,2018,12,7,341,2018-12-07,8.2,8.96,7.39,96.38,6.67,0.68,5.66
11.39044,55.32523,2018,12,8,342,2018-12-08,6.68,7.78,4.81,91.83,4.34,0.83,9.39
11.39044,55.32523,2018,12,9,343,2018-12-09,5.91,7,3.93,94.26,0.71,1.88,6.52
11.39044,55.32523,2018,12,10,344,2018-12-10,4.67,5.88,4.08,89.37,0.11,1.73,8.77
11.39044,55.32523,2018,12,11,345,2018-12-11,4.29,5.52,3.37,86.55,0.11,1.22,6.32
11.39044,55.32523,2018,12,12,346,2018-12-12,2.2,3.82,0.05,94.93,0.05,1.63,4.11
11.39044,55.32523,2018,12,13,347,2018-12-13,1.14,2.4,0.02,96.36,0.3,1.19,4.77
11.39044,55.32523,2018,12,14,348,2018-12-14,1.61,2.84,0.61,95.56,0.73,0.91,4.75
11.39044,55.32523,2018,12,15,349,2018-12-15,1.38,2.45,0.24,89.11,0.45,0.84,3.38
11.39044,55.32523,2018,12,16,350,2018-12-16,0.97,1.77,0.01,82.74,0.26,1.03,5.67
11.39044,55.32523,2018,12,17,351,2018-12-17,0.81,1.93,0.1,80.63,0.14,0.8,2.62
11.39044,55.32523,2018,12,18,352,2018-12-18,2.91,3.94,1.47,97.06,0.65,0.39,4.36
11.39044,55.32523,2018,12,19,353,2018-12-19,2.77,3.64,2.5,95.83,1.24,0.61,6.19
11.39044,55.32523,2018,12,20,354,2018-12-20,3.62,4.21,3.13,99.06,2.33,0.97,4.23
11.39044,55.32523,2018,12,21,355,2018-12-21,4.26,4.78,3.62,97.4,6.31,0.41,5.5
11.39044,55.32523,2018,12,22,356,2018-12-22,1.93,3.61,1.27,88.82,2.06,0.89,3.16
11.39044,55.32523,2018,12,23,357,2018-12-23,1.39,2.9,-0.8,94.46,5.81,1.02,3.14
11.39044,55.32523,2018,12,24,358,2018-12-24,1.32,3.24,-0.88,91.27,0.19,1.38,4.52
11.39044,55.32523,2018,12,25,359,2018-12-25,4.84,5.71,3.53,90.75,0.13,1.33,7.75
11.39044,55.32523,2018,12,26,360,2018-12-26,5.5,6.33,4.67,96.87,0.35,1.3,5.05
11.39044,55.32523,2018,12,27,361,2018-12-27,6.2,6.59,5.53,97.39,0.6,0.95,5.69
11.39044,55.32523,2018,12,28,362,2018-12-28,5.32,5.92,4.37,96.04,0.55,1.36,4.67
11.39044,55.32523,2018,12,29,363,2018-12-29,5.59,6.31,5.05,97.65,2.84,0.65,4.92
11.39044,55.32523,2018,12,30,364,2018-12-30,4.4,6.24,2.71,96.26,0.37,2.2,5.78
11.39044,55.32523,2018,12,31,365,2018-12-31,4.77,6.16,2.49,98.27,1.41,0.81,4.68
11.39044,55.32523,2019,1,1,1,2019-01-01,5.86,7.17,4.27,78.11,1.17,2.23,12.26
11.39044,55.32523,2019,1,2,2,2019-01-02,3.12,4.93,0.84,68.18,0.03,2.66,9.1
11.39044,55.32523,2019,1,3,3,2019-01-03,1.41,3.27,0.6,90.81,0,1.83,4.14
11.39044,55.32523,2019,1,4,4,2019-01-04,4.32,5.77,2.47,97.3,0.07,1.77,6.47
11.39044,55.32523,2019,1,5,5,2019-01-05,4.47,6.04,2.19,97.67,0.18,2.37,3.86
11.39044,55.32523,2019,1,6,6,2019-01-06,2.38,3.87,0.96,98.66,0.39,1.45,2.02
11.39044,55.32523,2019,1,7,7,2019-01-07,4.69,6.16,3.94,96.17,3.88,1.06,4.86
11.39044,55.32523,2019,1,8,8,2019-01-08,4.03,5.82,2.66,88.88,4.36,1.08,9.14
11.39044,55.32523,2019,1,9,9,2019-01-09,1.84,2.7,-0.23,80.02,0.03,2.12,8.71
11.39044,55.32523,2019,1,10,10,2019-01-10,1.16,2.35,-0.25,91.41,1.44,1.58,3.46
11.39044,55.32523,2019,1,11,11,2019-01-11,4.38,6.31,1.69,95.82,0.21,2.24,5.78
11.39044,55.32523,2019,1,12,12,2019-01-12,3.65,5.37,1.76,97.44,2.61,1.27,5.78
11.39044,55.32523,2019,1,13,13,2019-01-13,5.46,7.1,3.57,92.22,2.38,1.18,8.1
11.39044,55.32523,2019,1,14,14,2019-01-14,1.75,3.26,0.84,74.2,0.01,3.25,9.92
11.39044,55.32523,2019,1,15,15,2019-01-15,3.96,6.59,1.32,94.92,3.93,0.9,7.16
11.39044,55.32523,2019,1,16,16,2019-01-16,5.69,6.23,4.71,95.46,2.91,0.49,8.03
11.39044,55.32523,2019,1,17,17,2019-01-17,2.78,4.88,-0.6,87.51,3.26,1.1,7.18
11.39044,55.32523,2019,1,18,18,2019-01-18,-0.02,1.93,-1.09,86.35,0,3.37,4.31
11.39044,55.32523,2019,1,19,19,2019-01-19,0.8,1.68,0.37,96.65,0.11,2,3.56
11.39044,55.32523,2019,1,20,20,2019-01-20,0.32,1.89,-0.5,94.68,0.01,3.16,3.41
11.39044,55.32523,2019,1,21,21,2019-01-21,1.38,3.2,0.38,95.14,1.63,1.71,5.81
11.39044,55.32523,2019,1,22,22,2019-01-22,0.62,1.8,-0.13,92.59,0.25,1.25,4.79
11.39044,55.32523,2019,1,23,23,2019-01-23,-0.87,-0.15,-2.36,84.35,0,2.29,5.86
11.39044,55.32523,2019,1,24,24,2019-01-24,-2.23,-1.02,-3.28,83.46,0.14,1.44,3.57
11.39044,55.32523,2019,1,25,25,2019-01-25,-2.42,-1.73,-3.42,80.64,0.46,0.79,2.81
11.39044,55.32523,2019,1,26,26,2019-01-26,0.1,1.75,-1.95,95.32,4.56,1.69,4.08
11.39044,55.32523,2019,1,27,27,2019-01-27,1.94,2.34,0.88,98.14,8.85,0.95,4.9
11.39044,55.32523,2019,1,28,28,2019-01-28,1.48,2.21,0.1,96.7,3.07,1.55,3.73
11.39044,55.32523,2019,1,29,29,2019-01-29,0.25,2.19,-1.69,92.91,0.06,3.53,4.29
11.39044,55.32523,2019,1,30,30,2019-01-30,0.75,2.28,-0.57,91.15,0.03,3.59,5.51
11.39044,55.32523,2019,1,31,31,2019-01-31,0.51,1.21,-0.65,91.92,0.49,1.01,5.71
11.39044,55.32523,2019,2,1,32,2019-02-01,0.62,2.2,-0.57,93.81,0.28,3.03,5.01
11.39044,55.32523,2019,2,2,33,2019-02-02,0.79,1.54,0.07,96.87,2.53,1.11,4.34
11.39044,55.32523,2019,2,3,34,2019-02-03,0.5,1.78,-0.87,91.7,0.18,2.76,4.41
11.39044,55.32523,2019,2,4,35,2019-02-04,0.93,1.97,-0.74,92.01,3.26,1.92,7.34
11.39044,55.32523,2019,2,5,36,2019-02-05,2.66,4.41,0.83,96.03,0.49,3.11,7.71
11.39044,55.32523,2019,2,6,37,2019-02-06,1.72,2.72,0.8,97.62,6.47,1.18,5.27
11.39044,55.32523,2019,2,7,38,2019-02-07,2.78,4.23,1.24,94.86,6.53,1.02,6.27
11.39044,55.32523,2019,2,8,39,2019-02-08,4.12,4.53,3.7,93.68,2.89,2.19,8.34
11.39044,55.32523,2019,2,9,40,2019-02-09,5.09,6.92,3.57,88.94,10.94,2.61,10.09
11.39044,55.32523,2019,2,10,41,2019-02-10,3.53,4.97,1.62,95.66,6.86,1.33,5.82
11.39044,55.32523,2019,2,11,42,2019-02-11,2.81,4.56,1.22,85.72,0.05,5.97,7.86
11.39044,55.32523,2019,2,12,43,2019-02-12,1.87,3.25,-0.61,88.43,0.22,4.7,5.46
11.39044,55.32523,2019,2,13,44,2019-02-13,4.71,5.27,3.91,97.7,0.39,3.38,6.14
11.39044,55.32523,2019,2,14,45,2019-02-14,4.37,4.98,3.85,96.83,0.46,1.73,4.28
11.39044,55.32523,2019,2,15,46,2019-02-15,4.18,7.04,2.06,88.43,0.12,7.09,3.78
11.39044,55.32523,2019,2,16,47,2019-02-16,4.58,7.47,2.13,91.13,0.04,7.28,5.32
11.39044,55.32523,2019,2,17,48,2019-02-17,5.41,7.94,4.02,96.55,0.23,3.52,3.51
11.39044,55.32523,2019,2,18,49,2019-02-18,4.81,8.12,2.92,94.83,0.06,7.19,4.05
11.39044,55.32523,2019,2,19,50,2019-02-19,4.59,5.93,3.64,95.23,0.71,3.7,6.67
11.39044,55.32523,2019,2,20,51,2019-02-20,4.91,6.5,3.83,94.38,3.46,5.08,5.26
11.39044,55.32523,2019,2,21,52,2019-02-21,5.64,6.86,4.39,95.88,4.62,3.04,5.55
11.39044,55.32523,2019,2,22,53,2019-02-22,2.02,4,0.43,81.16,0.05,6.38,5.19
11.39044,55.32523,2019,2,23,54,2019-02-23,2.47,5.12,0.27,77.77,0,6.04,4.07
11.39044,55.32523,2019,2,24,55,2019-02-24,4.19,8.08,1.19,90.49,0.09,8.39,3.27
11.39044,55.32523,2019,2,25,56,2019-02-25,4.19,7.33,1.84,93.87,0.22,7.32,4.06
11.39044,55.32523,2019,2,26,57,2019-02-26,5.36,8.82,2.84,92.29,0.05,6.89,2.82
11.39044,55.32523,2019,2,27,58,2019-02-27,5.31,9.93,2.23,87.13,0,9.79,4.87
11.39044,55.32523,2019,2,28,59,2019-02-28,4.87,7.9,2.8,86.69,0.12,10.16,3.89
11.39044,55.32523,2019,3,1,60,2019-03-01,2.89,6.05,0.99,89.23,0.1,6.64,1.65
11.39044,55.32523,2019,3,2,61,2019-03-02,2.94,4.85,0.54,88.13,0.12,5.06,3.97
11.39044,55.32523,2019,3,3,62,2019-03-03,5.9,7.55,4.15,88.89,5.03,8.24,6.26
11.39044,55.32523,2019,3,4,63,2019-03-04,6.29,8.08,4.98,92.58,9.13,3.88,7.93
11.39044,55.32523,2019,3,5,64,2019-03-05,5.02,5.61,4.17,92.14,8.42,5.05,7.89
11.39044,55.32523,2019,3,6,65,2019-03-06,4.86,5.88,3.9,92.18,8.33,3.58,6.37
11.39044,55.32523,2019,3,7,66,2019-03-07,6.47,9.22,5.47,91.25,4.21,2.91,7.1
11.39044,55.32523,2019,3,8,67,2019-03-08,5.4,6.91,3.69,78.94,1.78,11.12,9.77
11.39044,55.32523,2019,3,9,68,2019-03-09,5.09,7.41,3.39,85.21,4.75,8.49,9.56
11.39044,55.32523,2019,3,10,69,2019-03-10,4.09,6,-0.21,78.53,0.75,9.38,6.98
11.39044,55.32523,2019,3,11,70,2019-03-11,2.29,5.38,-0.4,76.1,0.06,10.98,2.78
11.39044,55.32523,2019,3,12,71,2019-03-12,3.03,4.58,0.38,94.27,9.23,5.76,7.04
11.39044,55.32523,2019,3,13,72,2019-03-13,4.89,6.58,3.31,92.07,6.37,4.4,8.93
11.39044,55.32523,2019,3,14,73,2019-03-14,4.31,5.5,2.85,94.83,5.45,5.02,6.51
11.39044,55.32523,2019,3,15,74,2019-03-15,5.07,6.23,3.94,90.36,5.93,3.52,8.1
11.39044,55.32523,2019,3,16,75,2019-03-16,4.92,6.56,2.72,88.71,9.14,5.95,7.2
11.39044,55.32523,2019,3,17,76,2019-03-17,6.4,7.5,4.72,82.91,3.23,11.23,10.44
11.39044,55.32523,2019,3,18,77,2019-03-18,5.07,6.98,2.29,80.86,0.58,7.66,7.94
11.39044,55.32523,2019,3,19,78,2019-03-19,4.13,6.72,1.78,79.6,0.07,14.82,3.22
11.39044,55.32523,2019,3,20,79,2019-03-20,5.5,7.91,2.41,95.36,0.6,5.18,5.17
11.39044,55.32523,2019,3,21,80,2019-03-21,7.3,9.98,5.58,94.48,0.26,6.57,6.32
11.39044,55.32523,2019,3,22,81,2019-03-22,5.94,7.04,4.42,95.97,0.47,4.97,3.62
11.39044,55.32523,2019,3,23,82,2019-03-23,6.36,9.45,3.68,85.07,0.16,11.29,5.31
11.39044,55.32523,2019,3,24,83,2019-03-24,5.34,8.11,3.62,84.83,0.06,13.98,5.53
11.39044,55.32523,2019,3,25,84,2019-03-25,4.75,6.73,2.92,88.35,2.81,10.21,6.12
11.39044,55.32523,2019,3,26,85,2019-03-26,4.93,7.19,2.8,83.37,0.03,13.71,5.9
11.39044,55.32523,2019,3,27,86,2019-03-27,6.87,8.66,4.97,94.27,0.63,7.99,5.56
11.39044,55.32523,2019,3,28,87,2019-03-28,8.52,11.67,6.11,90.5,0.35,9.57,4.3
11.39044,55.32523,2019,3,29,88,2019-03-29,7.9,11.23,5.3,85.6,0.01,16.48,5.91
11.39044,55.32523,2019,3,30,89,2019-03-30,7.68,12.35,4.24,86.74,0.02,16.31,5.15
11.39044,55.32523,2019,3,31,90,2019-03-31,5.47,7.54,2.4,71.23,0,18.5,6.04
11.39044,55.32523,2019,4,1,91,2019-04-01,4.56,7.61,2.21,67.09,0,17.56,3.34
11.39044,55.32523,2019,4,2,92,2019-04-02,6.12,9.02,3.05,74.58,0.01,17.49,7.69
11.39044,55.32523,2019,4,3,93,2019-04-03,7.25,9.33,5.49,89.64,1.86,8.18,4.47
11.39044,55.32523,2019,4,4,94,2019-04-04,8.08,11.94,5.44,85.36,0,12.84,5.63
11.39044,55.32523,2019,4,5,95,2019-04-05,8.62,12.37,6.01,84.23,0,14.68,5.48
11.39044,55.32523,2019,4,6,96,2019-04-06,8.72,12.4,6.08,85.91,0.19,14.27,3.55
11.39044,55.32523,2019,4,7,97,2019-04-07,8.57,15.09,4.66,84.58,0,14.87,2.65
11.39044,55.32523,2019,4,8,98,2019-04-08,6.63,8.84,4.05,81.2,0,18.65,5.1
11.39044,55.32523,2019,4,9,99,2019-04-09,4.05,5.46,2.19,75.77,0,20.21,4.6
11.39044,55.32523,2019,4,10,100,2019-04-10,3.63,5.58,1.78,72.73,0.04,14.43,4.28
11.39044,55.32523,2019,4,11,101,2019-04-11,3.2,4.54,1.85,74.41,0.45,15.08,2.45
11.39044,55.32523,2019,4,12,102,2019-04-12,2.78,3.94,1.02,73.23,0.63,13,2.69
11.39044,55.32523,2019,4,13,103,2019-04-13,3.28,6.81,0.21,75.86,0.03,15.11,4.99
11.39044,55.32523,2019,4,14,104,2019-04-14,4.7,8.97,1.04,78.47,0.01,15.03,5.55
11.39044,55.32523,2019,4,15,105,2019-04-15,4.62,8.77,0.72,77.75,0,20.89,4.63
11.39044,55.32523,2019,4,16,106,2019-04-16,5.13,9.05,0.78,77.77,0,19.96,5.29
11.39044,55.32523,2019,4,17,107,2019-04-17,7.4,12.12,2.98,78.9,0,21.85,4.33
11.39044,55.32523,2019,4,18,108,2019-04-18,8.52,13.38,3.91,74.94,0,22.38,3.65
11.39044,55.32523,2019,4,19,109,2019-04-19,8.85,13.6,4.2,69.87,0,22.44,2.84
11.39044,55.32523,2019,4,20,110,2019-04-20,11.05,15.85,5.66,58.12,0,22.46,1.06
11.39044,55.32523,2019,4,21,111,2019-04-21,12.04,16.17,7.56,56.66,0,22.86,1.22
11.39044,55.32523,2019,4,22,112,2019-04-22,9.87,12.91,6.81,72.45,0,23.22,5.05
11.39044,55.32523,2019,4,23,113,2019-04-23,10.98,14.54,7.86,70.16,0.97,21.33,8.65
11.39044,55.32523,2019,4,24,114,2019-04-24,11.56,14.3,9.91,82.37,1.99,12.69,7.05
11.39044,55.32523,2019,4,25,115,2019-04-25,12.46,16.19,9.12,80.94,0.12,19.74,3.52
11.39044,55.32523,2019,4,26,116,2019-04-26,11.97,16.23,9.67,84.64,0.86,12.85,4.83
11.39044,55.32523,2019,4,27,117,2019-04-27,10.73,14.29,8.14,82.19,10.53,13.4,2.59
11.39044,55.32523,2019,4,28,118,2019-04-28,10.79,13.16,8.87,86.31,0.21,16.91,2.31
11.39044,55.32523,2019,4,29,119,2019-04-29,11.34,14.4,8.3,77.57,0.73,23.44,3.54
11.39044,55.32523,2019,4,30,120,2019-04-30,11.93,16.53,7.93,84.45,0.26,16.57,3.54
11.39044,55.32523,2019,5,1,121,2019-05-01,10.4,13.82,8.24,86.61,0.25,15.98,7.61
11.39044,55.32523,2019,5,2,122,2019-05-02,9.08,11.37,6.17,75.98,0.58,13.49,9.63
11.39044,55.32523,2019,5,3,123,2019-05-03,6.49,8.92,4.11,74.37,1.12,19.51,7.29
11.39044,55.32523,2019,5,4,124,2019-05-04,5.77,7.77,3.81,71.78,1.2,18.8,5.73
11.39044,55.32523,2019,5,5,125,2019-05-05,7.68,11.08,3.84,73.04,0.08,22.63,4.86
11.39044,55.32523,2019,5,6,126,2019-05-06,7.13,9.16,5.66,76.53,1.01,21.22,7.26
11.39044,55.32523,2019,5,7,127,2019-05-07,7.1,9.2,5.12,73.09,0.25,20.51,6.38
11.39044,55.32523,2019,5,8,128,2019-05-08,8.49,11.27,4.45,80.12,4.18,15.32,4.37
11.39044,55.32523,2019,5,9,129,2019-05-09,11.29,14.15,9.14,84.02,5.52,17.17,3.7
11.39044,55.32523,2019,5,10,130,2019-05-10,10.21,12.22,7.35,84.99,1.43,10.37,3.98
11.39044,55.32523,2019,5,11,131,2019-05-11,9.12,12.7,5.26,70.77,0,27.28,4.66
11.39044,55.32523,2019,5,12,132,2019-05-12,9.21,12.36,6.02,74.24,0.04,25.89,5.68
11.39044,55.32523,2019,5,13,133,2019-05-13,9.1,11.71,6.15,74.9,0.04,24.21,5.3
11.39044,55.32523,2019,5,14,134,2019-05-14,10.11,12.9,6.35,68.6,0,21.5,1.62
11.39044,55.32523,2019,5,15,135,2019-05-15,10.89,13.61,8.13,67.02,0,24.64,2.36
11.39044,55.32523,2019,5,16,136,2019-05-16,12.11,16.66,7.39,67.92,0.04,21.55,5.23
11.39044,55.32523,2019,5,17,137,2019-05-17,10.72,12.68,9.49,88.95,8.44,5.41,5.43
11.39044,55.32523,2019,5,18,138,2019-05-18,13.37,17.25,9.39,85.13,0.09,19.05,3.59
11.39044,55.32523,2019,5,19,139,2019-05-19,14.78,18.76,10.05,86.93,0.31,15.56,3.2
11.39044,55.32523,2019,5,20,140,2019-05-20,15.33,18.72,12.2,86.89,0.17,22.36,2.5
11.39044,55.32523,2019,5,21,141,2019-05-21,15.08,17.61,12.74,91.46,4.14,10.17,2.59
11.39044,55.32523,2019,5,22,142,2019-05-22,12.57,13.84,9.59,87.73,1.36,5.59,4.55
11.39044,55.32523,2019,5,23,143,2019-05-23,13.04,16.97,8.5,78.16,0,25.94,4.03
11.39044,55.32523,2019,5,24,144,2019-05-24,12.84,16.22,9.84,77.73,0.26,16.01,5.98
11.39044,55.32523,2019,5,25,145,2019-05-25,12.34,15.94,9.41,79.14,0.19,22.25,5.92
11.39044,55.32523,2019,5,26,146,2019-05-26,12.21,14.39,10.16,87.93,6.56,9.95,5.65
11.39044,55.32523,2019,5,27,147,2019-05-27,13.12,14.86,11.01,79.94,1.38,16.26,7.05
11.39044,55.32523,2019,5,28,148,2019-05-28,11.28,13.88,8.63,69.93,0.11,22.67,5.29
11.39044,55.32523,2019,5,29,149,2019-05-29,10.62,13.3,7.41,65,0,25.07,4.42
11.39044,55.32523,2019,5,30,150,2019-05-30,12.85,15.86,9.65,83.86,4.62,8.58,7.46
11.39044,55.32523,2019,5,31,151,2019-05-31,14.47,16.37,12.97,84.49,3.31,18.45,3
11.39044,55.32523,2019,6,1,152,2019-06-01,14.54,17.22,11.36,83.63,0.23,17.27,5.53
11.39044,55.32523,2019,6,2,153,2019-06-02,14.82,17.97,11.03,79.55,0.06,24.52,3.6
11.39044,55.32523,2019,6,3,154,2019-06-03,17.1,20.56,13.62,83.64,6.99,16.71,3.45
11.39044,55.32523,2019,6,4,155,2019-06-04,15.45,18.67,11.84,73.34,0.01,19.09,1.92
11.39044,55.32523,2019,6,5,156,2019-06-05,19.21,23.94,14.05,79.43,0.08,24.09,3.8
11.39044,55.32523,2019,6,6,157,2019-06-06,18.03,22.55,13.82,80.61,1.61,20.3,5.73
11.39044,55.32523,2019,6,7,158,2019-06-07,15.4,18.19,12.56,76.99,5.48,23.89,3.41
11.39044,55.32523,2019,6,8,159,2019-06-08,15.7,17.63,13.34,77.19,3.09,15.39,7.25
11.39044,55.32523,2019,6,9,160,2019-06-09,15.39,17.27,13.4,72.71,0.19,22.68,5.52
11.39044,55.32523,2019,6,10,161,2019-06-10,15.19,17.35,12.81,79.31,1.03,8.78,4.25
11.39044,55.32523,2019,6,11,162,2019-06-11,16.47,19.68,13.82,89.81,12.08,13.04,4.49
11.39044,55.32523,2019,6,12,163,2019-06-12,17.37,20.32,15.19,88.44,1.66,9.49,4.52
11.39044,55.32523,2019,6,13,164,2019-06-13,17.44,20.2,14.7,78,2.71,25.39,4.17
11.39044,55.32523,2019,6,14,165,2019-06-14,17.96,21.49,14.52,77.09,0.41,22.16,3.95
11.39044,55.32523,2019,6,15,166,2019-06-15,17.23,20.19,15.51,86.73,4.25,5.79,5.09
11.39044,55.32523,2019,6,16,167,2019-06-16,16.75,18.79,14.36,78.39,0.24,23.95,4.27
11.39044,55.32523,2019,6,17,168,2019-06-17,17.77,20.63,13.2,76.41,0.01,25.85,2.66
11.39044,55.32523,2019,6,18,169,2019-06-18,19.28,22.96,15.57,78.43,0.35,22.26,4.38
11.39044,55.32523,2019,6,19,170,2019-06-19,20.26,24.43,17.1,80.68,2.63,18.66,3.3
11.39044,55.32523,2019,6,20,171,2019-06-20,18.5,20.78,15.64,84.36,4.1,17.29,4
11.39044,55.32523,2019,6,21,172,2019-06-21,16.31,18.22,13.71,72.27,0.53,22.51,4.59
11.39044,55.32523,2019,6,22,173,2019-06-22,15.5,18.03,12.03,66.19,0,28.68,2.67
11.39044,55.32523,2019,6,23,174,2019-06-23,17.09,19.74,13.71,67.42,0,28.95,2.36
11.39044,55.32523,2019,6,24,175,2019-06-24,18.11,21.6,14.29,70.6,0,26.4,3.9
11.39044,55.32523,2019,6,25,176,2019-06-25,20.7,25.16,15.85,79.37,0.06,24.72,4.49
11.39044,55.32523,2019,6,26,177,2019-06-26,20.23,24.15,14.36,80.98,0.15,22.69,5.08
11.39044,55.32523,2019,6,27,178,2019-06-27,16.95,20.17,13.46,75.55,0.02,26.36,6.82
11.39044,55.32523,2019,6,28,179,2019-06-28,18.04,21.3,13.95,73.8,0,28.33,3.3
11.39044,55.32523,2019,6,29,180,2019-06-29,19.04,23.43,13.96,76.89,0,28.13,3.75
11.39044,55.32523,2019,6,30,181,2019-06-30,20.73,26.3,16.34,73.36,0,26.83,5.8
11.39044,55.32523,2019,7,1,182,2019-07-01,17.69,20.28,14.84,76.08,0.99,19.16,8.13
11.39044,55.32523,2019,7,2,183,2019-07-02,14.54,16.88,12.39,68.59,0.33,20.88,9.23
11.39044,55.32523,2019,7,3,184,2019-07-03,14.14,16.49,11.96,68.22,0.18,23.71,7.57
11.39044,55.32523,2019,7,4,185,2019-07-04,14.45,16.46,12.2,81.22,6.29,9.97,8.51
11.39044,55.32523,2019,7,5,186,2019-07-05,15.86,19,12.98,69.45,0.37,27.82,5.77
11.39044,55.32523,2019,7,6,187,2019-07-06,15.18,18.17,12.97,79.41,8.55,13.4,7.26
11.39044,55.32523,2019,7,7,188,2019-07-07,14.63,17.05,12.79,78.25,1.31,17.61,7.26
11.39044,55.32523,2019,7,8,189,2019-07-08,15.2,17.57,12.54,77.46,1.75,21.06,5.55
11.39044,55.32523,2019,7,9,190,2019-07-09,15.98,19.17,12.02,76.88,0.1,24.16,4.55
11.39044,55.32523,2019,7,10,191,2019-07-10,16.59,19.82,13.13,73.42,0.01,27.35,4.67
11.39044,55.32523,2019,7,11,192,2019-07-11,16.07,17.94,12.91,75.43,0.12,20.68,2.46
11.39044,55.32523,2019,7,12,193,2019-07-12,17.79,19.85,15.33,78.46,0.88,17.88,1.97
11.39044,55.32523,2019,7,13,194,2019-07-13,18.48,21.05,15.45,78.48,0.19,23.5,2.54
11.39044,55.32523,2019,7,14,195,2019-07-14,16.57,18.95,13.55,79.44,0.11,9.26,2.98
11.39044,55.32523,2019,7,15,196,2019-07-15,16.03,18.36,13.4,77.74,0.23,14.13,4.66
11.39044,55.32523,2019,7,16,197,2019-07-16,17.02,20.11,13.87,77.3,0.14,17.72,4.07
11.39044,55.32523,2019,7,17,198,2019-07-17,17.5,19.84,15.16,74.86,0.01,23.02,2.2
11.39044,55.32523,2019,7,18,199,2019-07-18,18.52,21.41,14.88,74.17,0.01,23.53,2.53
11.39044,55.32523,2019,7,19,200,2019-07-19,19.21,21.51,17.11,79.1,1.31,13.72,2.86
11.39044,55.32523,2019,7,20,201,2019-07-20,19.39,23.05,15.9,74.53,3.01,16.5,3.54
11.39044,55.32523,2019,7,21,202,2019-07-21,18.65,21.09,15.41,80.59,2.97,12.98,5.51
11.39044,55.32523,2019,7,22,203,2019-07-22,16.63,17.83,14.47,85.14,4.32,10.47,4.85
11.39044,55.32523,2019,7,23,204,2019-07-23,20.34,23.93,16.44,80.47,0.08,24.92,3.79
11.39044,55.32523,2019,7,24,205,2019-07-24,21.84,26.01,17.46,75.15,0.04,25.46,2.02
11.39044,55.32523,2019,7,25,206,2019-07-25,21.53,24.87,18.46,75.42,0.01,23.02,4.04
11.39044,55.32523,2019,7,26,207,2019-07-26,22.33,26.89,18.33,69.12,0,24.94,3.51
11.39044,55.32523,2019,7,27,208,2019-07-27,21.14,24.55,17.84,72.59,0.21,21.57,6.34
11.39044,55.32523,2019,7,28,209,2019-07-28,20.97,23.67,18.16,79.43,1.29,17.69,5.42
11.39044,55.32523,2019,7,29,210,2019-07-29,23.16,27.6,17.86,74.1,0.07,20.17,1.96
11.39044,55.32523,2019,7,30,211,2019-07-30,21.57,24.33,18.28,80.91,5.59,15.45,2.34
11.39044,55.32523,2019,7,31,212,2019-07-31,18.75,20.75,16.97,84.43,11.84,9.34,5.79
11.39044,55.32523,2019,8,1,213,2019-08-01,17.36,18.34,15.69,85.31,3.86,11.65,3.33
11.39044,55.32523,2019,8,2,214,2019-08-02,18.81,21.35,15.49,72.32,0.15,20.33,1.46
11.39044,55.32523,2019,8,3,215,2019-08-03,20.32,22.95,17.21,68.68,0.06,22.33,1.15
11.39044,55.32523,2019,8,4,216,2019-08-04,18.83,21.23,16.6,76.46,0.22,12.99,3.66
11.39044,55.32523,2019,8,5,217,2019-08-05,18.62,20.59,16.35,72.18,0.26,16.7,2.12
11.39044,55.32523,2019,8,6,218,2019-08-06,19.56,22.18,17.43,75.54,1.28,17.26,4.86
11.39044,55.32523,2019,8,7,219,2019-08-07,19.18,21.83,16.06,77.01,2.18,14.35,4.13
11.39044,55.32523,2019,8,8,220,2019-08-08,18.52,21.18,16.1,78.58,2.49,16.42,6.11
11.39044,55.32523,2019,8,9,221,2019-08-09,18.73,20.88,15.86,76.79,0.99,16.1,4.12
11.39044,55.32523,2019,8,10,222,2019-08-10,20.42,22.78,18.52,78.08,15.65,13.76,6.74
11.39044,55.32523,2019,8,11,223,2019-08-11,19.36,21.35,17.6,71.77,0.25,18.77,7.65
11.39044,55.32523,2019,8,12,224,2019-08-12,18.58,20.88,15.69,74.55,0.6,18.32,5.74
11.39044,55.32523,2019,8,13,225,2019-08-13,15.78,16.85,14.2,77.36,4.75,12.45,4.85
11.39044,55.32523,2019,8,14,226,2019-08-14,15.85,18.25,13.24,71.76,0.8,18.51,4.71
11.39044,55.32523,2019,8,15,227,2019-08-15,16.84,18.36,15.17,82.91,4.51,7.17,5.2
11.39044,55.32523,2019,8,16,228,2019-08-16,17.24,19.63,15.13,79.82,0.93,14.11,4.37
11.39044,55.32523,2019,8,17,229,2019-08-17,17.78,19.84,16.49,85.76,4.92,5.37,5.99
11.39044,55.32523,2019,8,18,230,2019-08-18,16.95,18.73,15.53,88.62,4.43,6.62,3.03
11.39044,55.32523,2019,8,19,231,2019-08-19,17.32,20.15,14.54,81.07,1.14,14.31,5.63
11.39044,55.32523,2019,8,20,232,2019-08-20,16.95,19.55,14.79,80.35,2.29,17.5,4.57
11.39044,55.32523,2019,8,21,233,2019-08-21,16.4,19.14,13.93,75.47,0.63,18.82,3.69
11.39044,55.32523,2019,8,22,234,2019-08-22,17.86,21.47,14.07,74.58,0,17.64,3.86
11.39044,55.32523,2019,8,23,235,2019-08-23,18.57,22.01,15.01,79.14,0.04,15.21,4.21
11.39044,55.32523,2019,8,24,236,2019-08-24,19.22,22.86,15.7,75.42,0,20.32,2.03
11.39044,55.32523,2019,8,25,237,2019-08-25,20.51,25.09,16.25,73.86,0.06,19.82,3.5
11.39044,55.32523,2019,8,26,238,2019-08-26,21.51,25.5,18.3,72.84,0.03,17.09,3.61
11.39044,55.32523,2019,8,27,239,2019-08-27,21.74,26.02,17.48,79.25,0.89,11.77,3.44
11.39044,55.32523,2019,8,28,240,2019-08-28,21.9,25.48,19.55,84.22,1.6,14.28,3.2
11.39044,55.32523,2019,8,29,241,2019-08-29,20.77,23.11,17.86,82.24,1.28,12.05,3.81
11.39044,55.32523,2019,8,30,242,2019-08-30,18.86,21.85,16.08,76.45,0.05,13.89,2.98
11.39044,55.32523,2019,8,31,243,2019-08-31,21.41,25.05,17.24,80.14,0.19,16.59,3.15
11.39044,55.32523,2019,9,1,244,2019-09-01,18.7,21.51,15.42,78.95,1.05,8.73,4.73
11.39044,55.32523,2019,9,2,245,2019-09-02,16.01,18.21,14.55,70.85,0.7,16.63,5.58
11.39044,55.32523,2019,9,3,246,2019-09-03,16.85,20.13,14.77,79.39,9.95,12.86,6.88
11.39044,55.32523,2019,9,4,247,2019-09-04,17.03,19.48,14.62,82.47,6.62,9.03,5.96
11.39044,55.32523,2019,9,5,248,2019-09-05,14.95,16.96,13,76.32,2.82,12.44,7.33
11.39044,55.32523,2019,9,6,249,2019-09-06,14.31,16.42,12.27,81.33,7.56,9.54,6.98
11.39044,55.32523,2019,9,7,250,2019-09-07,15.59,17.81,13.1,75.25,1.6,15.34,3.96
11.39044,55.32523,2019,9,8,251,2019-09-08,15.26,16.8,13.81,79.65,1.17,11.15,1.76
11.39044,55.32523,2019,9,9,252,2019-09-09,14.95,17.07,13.04,87.72,4.71,6.49,3.37
11.39044,55.32523,2019,9,10,253,2019-09-10,15.32,16.22,14.62,92.97,20.78,4.19,6.72
11.39044,55.32523,2019,9,11,254,2019-09-11,15.23,17.11,12.96,87.39,4.22,10.21,7.4
11.39044,55.32523,2019,9,12,255,2019-09-12,16.18,18.61,13.87,81.75,0.22,12.18,5.98
11.39044,55.32523,2019,9,13,256,2019-09-13,15.31,17.25,12.4,76.71,3.59,15.59,7.29
11.39044,55.32523,2019,9,14,257,2019-09-14,14.17,16.69,11.45,76.45,0.01,13.75,5.71
11.39044,55.32523,2019,9,15,258,2019-09-15,14.89,17.52,13.07,75.81,0.65,8.98,9.16
11.39044,55.32523,2019,9,16,259,2019-09-16,13.45,15.39,11.77,70.36,0.07,14.73,7.95
11.39044,55.32523,2019,9,17,260,2019-09-17,11.9,12.77,11.02,74.13,1.25,12.38,8.98
11.39044,55.32523,2019,9,18,261,2019-09-18,11.92,14.2,10.08,75.98,0.17,13.3,6.71
11.39044,55.32523,2019,9,19,262,2019-09-19,12.05,15.21,9.31,78.24,0.04,13.03,4.3
11.39044,55.32523,2019,9,20,263,2019-09-20,13.19,15.5,10.69,85.27,0.54,6.61,5.06
11.39044,55.32523,2019,9,21,264,2019-09-21,13.9,17.07,10.66,83.32,0.04,13.53,2.95
11.39044,55.32523,2019,9,22,265,2019-09-22,14.58,18.67,11.69,86.6,0.1,14.67,3.35
11.39044,55.32523,2019,9,23,266,2019-09-23,14.02,16.7,11.69,88.59,0.22,8.74,6.76
11.39044,55.32523,2019,9,24,267,2019-09-24,13.94,16.18,11.65,92.89,0.41,3.93,2.51
11.39044,55.32523,2019,9,25,268,2019-09-25,14.35,17.26,12.31,91.31,2.57,3.88,3.91
11.39044,55.32523,2019,9,26,269,2019-09-26,14.68,16.68,12.45,88.16,1.5,4.59,5.1
11.39044,55.32523,2019,9,27,270,2019-09-27,15.44,17.51,13.89,87.24,5.81,8.46,4.71
11.39044,55.32523,2019,9,28,271,2019-09-28,14.72,16.11,13.61,85.87,4.6,7.89,6.71
11.39044,55.32523,2019,9,29,272,2019-09-29,13.74,15.75,12.73,88.83,8.69,4.43,5.4
11.39044,55.32523,2019,9,30,273,2019-09-30,12.51,15.1,10.22,81.87,2.28,8.44,7.57
11.39044,55.32523,2019,10,1,274,2019-10-01,10.17,11.67,9.22,73.38,0.69,3.92,3.77
11.39044,55.32523,2019,10,2,275,2019-10-02,10.17,12.29,8.55,82.44,1.7,9.17,5.44
11.39044,55.32523,2019,10,3,276,2019-10-03,9.52,11.03,8.31,79.06,0.12,5.65,4.05
11.39044,55.32523,2019,10,4,277,2019-10-04,9.84,11.93,8.21,77.19,0.34,6.72,4.63
11.39044,55.32523,2019,10,5,278,2019-10-05,7.92,10.33,6.2,74.65,0.1,9.84,5.1
11.39044,55.32523,2019,10,6,279,2019-10-06,7.71,10.34,5.71,72.53,0.06,8.51,3.23
11.39044,55.32523,2019,10,7,280,2019-10-07,7.14,9.03,5.39,70.32,0.06,8.14,2.17
11.39044,55.32523,2019,10,8,281,2019-10-08,11.27,15.1,8.32,87.2,5.67,7.6,6.07
11.39044,55.32523,2019,10,9,282,2019-10-09,11.62,13.12,10.35,91.56,3.54,5.93,5.58
11.39044,55.32523,2019,10,10,283,2019-10-10,11.57,13.61,9.85,87.43,2.19,7.8,6.04
11.39044,55.32523,2019,10,11,284,2019-10-11,13.12,15.07,11.49,91.02,16.17,3.83,8.67
11.39044,55.32523,2019,10,12,285,2019-10-12,12.76,14.36,11.38,87.01,1.03,6,6.69
11.39044,55.32523,2019,10,13,286,2019-10-13,12.5,15.75,10.2,93.9,6.82,2.26,5.11
11.39044,55.32523,2019,10,14,287,2019-10-14,12.4,14.69,10.6,84.69,2.55,5.9,6.52
11.39044,55.32523,2019,10,15,288,2019-10-15,12.6,15.62,10.62,92.58,0.27,6.73,4.62
11.39044,55.32523,2019,10,16,289,2019-10-16,11.86,13.01,10.93,97.23,4.34,1.62,2.71
11.39044,55.32523,2019,10,17,290,2019-10-17,12.1,14.99,10.07,92.9,3.52,2.9,3.64
11.39044,55.32523,2019,10,18,291,2019-10-18,12.48,14.6,10.62,92.08,6.83,3.66,5.45
11.39044,55.32523,2019,10,19,292,2019-10-19,12.02,13.78,10.5,88.16,3.02,4.83,6.38
11.39044,55.32523,2019,10,20,293,2019-10-20,11.36,12.98,9.73,94.52,0.24,4.18,2.54
11.39044,55.32523,2019,10,21,294,2019-10-21,11.15,12.37,9.61,96.75,2.41,1.73,3.12
11.39044,55.32523,2019,10,22,295,2019-10-22,11.69,13.92,9.95,92.68,0.49,3.93,5.38
11.39044,55.32523,2019,10,23,296,2019-10-23,10.85,13.25,9.2,93.97,0.14,4.55,3.77
11.39044,55.32523,2019,10,24,297,2019-10-24,12.3,13.82,10.89,94.92,0.51,2.29,5.22
11.39044,55.32523,2019,10,25,298,2019-10-25,12.38,13.48,11.54,89.84,1.2,4.38,6.77
11.39044,55.32523,2019,10,26,299,2019-10-26,13.5,14.4,12.14,86.95,9.49,1.15,9.63
11.39044,55.32523,2019,10,27,300,2019-10-27,10.71,13.54,9.47,82.76,2.1,5.76,8.24
11.39044,55.32523,2019,10,28,301,2019-10-28,8.75,10.3,6.78,85.68,0.66,5.57,4.92
11.39044,55.32523,2019,10,29,302,2019-10-29,6.9,9.35,5.25,74.84,0.04,6.37,3.95
11.39044,55.32523,2019,10,30,303,2019-10-30,6.45,8.53,5.51,63.47,0.01,5.96,1.9
11.39044,55.32523,2019,10,31,304,2019-10-31,6.75,9.53,5.28,84.7,0.03,4.49,3.75
11.39044,55.32523,2019,11,1,305,2019-11-01,5.78,7.32,4.41,83.26,1.36,3.57,5.48
11.39044,55.32523,2019,11,2,306,2019-11-02,8.48,10.26,5.86,96.99,4.15,1.65,3.87
11.39044,55.32523,2019,11,3,307,2019-11-03,9.66,11.71,8.8,97.54,1.48,2.11,2.51
11.39044,55.32523,2019,11,4,308,2019-11-04,8.47,9.49,7.15,95.61,9.36,1.09,6.12
11.39044,55.32523,2019,11,5,309,2019-11-05,6,7.1,3.98,88.99,3.18,1.91,5.22
11.39044,55.32523,2019,11,6,310,2019-11-06,4.46,5.32,3.52,84.08,0.37,2.12,2.37
11.39044,55.32523,2019,11,7,311,2019-11-07,5.72,7.16,4.66,87.73,1.73,3.11,2.64
11.39044,55.32523,2019,11,8,312,2019-11-08,7.59,8.43,7,90.65,3.22,3.22,3.36
11.39044,55.32523,2019,11,9,313,2019-11-09,7.24,8.69,6.44,89.89,1.99,2.19,2.41
11.39044,55.32523,2019,11,10,314,2019-11-10,7.01,8.26,6.04,83.92,0.17,3.22,2.2
11.39044,55.32523,2019,11,11,315,2019-11-11,6.15,6.78,5.45,89.72,0.2,3.23,6.84
11.39044,55.32523,2019,11,12,316,2019-11-12,6.13,7.64,4.96,86.3,0.84,1.08,7.07
11.39044,55.32523,2019,11,13,317,2019-11-13,5.98,6.97,4.77,89.14,0.39,3.11,5.36
11.39044,55.32523,2019,11,14,318,2019-11-14,6.39,7.85,5.26,92.99,0.21,2.43,3.84
11.39044,55.32523,2019,11,15,319,2019-11-15,7.64,9.02,6.34,89.3,0.62,1,7.96
11.39044,55.32523,2019,11,16,320,2019-11-16,8.5,9.13,6.98,94.78,9.18,0.37,5.65
11.39044,55.32523,2019,11,17,321,2019-11-17,6.26,7.25,5.2,90.34,5.57,3.01,5.49
11.39044,55.32523,2019,11,18,322,2019-11-18,8.15,9.62,5.54,95.26,3.89,0.77,5.69
11.39044,55.32523,2019,11,19,323,2019-11-19,6.78,8.08,5.6,91.52,0.34,1.49,5.86
11.39044,55.32523,2019,11,20,324,2019-11-20,6.32,7.16,5.24,97.1,4.13,1.28,3.25
11.39044,55.32523,2019,11,21,325,2019-11-21,7,8.94,4.66,94.69,1.44,0.56,3.7
11.39044,55.32523,2019,11,22,326,2019-11-22,7.86,8.57,6.54,95.85,3.5,1.41,4.62
11.39044,55.32523,2019,11,23,327,2019-11-23,7.33,8.49,6.17,94.56,0.31,0.66,6.93
11.39044,55.32523,2019,11,24,328,2019-11-24,6.27,6.83,5.75,91.52,0.19,0.61,7.01
11.39044,55.32523,2019,11,25,329,2019-11-25,6.15,6.6,5.76,93.02,0.52,0.45,4.92
11.39044,55.32523,2019,11,26,330,2019-11-26,6.19,7.05,5.69,93.13,0.83,0.51,4.48
11.39044,55.32523,2019,11,27,331,2019-11-27,7,7.46,6.81,96.79,4.76,0.76,5.21
11.39044,55.32523,2019,11,28,332,2019-11-28,7.62,8.86,5.82,95.82,3.42,0.85,5.21
11.39044,55.32523,2019,11,29,333,2019-11-29,3.68,5,2.26,82.55,0.83,2.2,7.96
11.39044,55.32523,2019,11,30,334,2019-11-30,2.92,5.3,2.13,90.85,0,3.07,4.3
11.39044,55.32523,2019,12,1,335,2019-12-01,3.12,4.25,2.03,94.3,0.17,1.97,3.86
11.39044,55.32523,2019,12,2,336,2019-12-02,3.29,4.75,1.71,92.37,0.07,2.51,5.12
11.39044,55.32523,2019,12,3,337,2019-12-03,4.71,7.39,1.65,93.57,2.71,0.65,5.19
11.39044,55.32523,2019,12,4,338,2019-12-04,6.75,7.61,5.75,93.3,0.12,1.37,5.41
11.39044,55.32523,2019,12,5,339,2019-12-05,6.02,6.84,5.15,95.09,0.79,1.6,7.66
11.39044,55.32523,2019,12,6,340,2019-12-06,6.95,8.29,5.21,93.13,3.89,0.8,9.76
11.39044,55.32523,2019,12,7,341,2019-12-07,6.84,7.85,5.9,91.07,1.5,2.09,7.17
11.39044,55.32523,2019,12,8,342,2019-12-08,7.55,9.16,6.4,91.53,7.91,0.75,9.27
11.39044,55.32523,2019,12,9,343,2019-12-09,6.05,7.29,4.41,87.47,1.18,1.42,9.04
11.39044,55.32523,2019,12,10,344,2019-12-10,3.79,4.99,1.72,87.67,0.28,2.09,6.03
11.39044,55.32523,2019,12,11,345,2019-12-11,5.09,5.74,3.83,91.81,3.56,0.81,6.74
11.39044,55.32523,2019,12,12,346,2019-12-12,4.83,5.46,3.77,93.54,0.62,1.04,4.25
11.39044,55.32523,2019,12,13,347,2019-12-13,3.59,4.28,2.72,91.46,0.16,1.51,6.87
11.39044,55.32523,2019,12,14,348,2019-12-14,4.27,6.01,2.61,91.74,5.34,0.82,6.77
11.39044,55.32523,2019,12,15,349,2019-12-15,5.44,6.8,3.15,85.85,5,0.76,10.21
11.39044,55.32523,2019,12,16,350,2019-12-16,5.61,6.38,4.39,95.28,0.29,0.93,6.02
11.39044,55.32523,2019,12,17,351,2019-12-17,6.66,8.7,5.35,95.7,5.03,0.67,4.76
11.39044,55.32523,2019,12,18,352,2019-12-18,5.95,8.39,4.01,92.41,1.57,1.79,6.51
11.39044,55.32523,2019,12,19,353,2019-12-19,5.23,6.01,4.37,97.65,0.15,1.48,6.46
11.39044,55.32523,2019,12,20,354,2019-12-20,5.22,5.9,4.4,96.6,1,0.9,6.54
11.39044,55.32523,2019,12,21,355,2019-12-21,6.16,6.97,5.4,97.49,3.26,1.37,4.03
11.39044,55.32523,2019,12,22,356,2019-12-22,4.39,5.36,3.9,96.75,1.67,0.74,5.72
11.39044,55.32523,2019,12,23,357,2019-12-23,5.56,6.48,4.45,95.04,1.68,0.81,4.58
11.39044,55.32523,2019,12,24,358,2019-12-24,5.5,6.25,4.84,95.34,0.48,0.96,4.03
11.39044,55.32523,2019,12,25,359,2019-12-25,4.4,5.47,3.29,97.08,0.32,1.03,3.39
11.39044,55.32523,2019,12,26,360,2019-12-26,3.39,4.63,2.22,93.44,0.19,1.28,3.44
11.39044,55.32523,2019,12,27,361,2019-12-27,1.48,2.97,0.22,84.36,0.12,1.42,3.35
11.39044,55.32523,2019,12,28,362,2019-12-28,0.75,1.66,-0.25,81.75,0.02,1.03,2.71
11.39044,55.32523,2019,12,29,363,2019-12-29,2.53,3.36,1.28,91.31,0.01,0.78,6.14
11.39044,55.32523,2019,12,30,364,2019-12-30,5.4,7.05,3.46,93.88,1.02,1.47,7.45
11.39044,55.32523,2019,12,31,365,2019-12-31,4.84,6.92,2.07,91.37,0.04,2.23,7.31
11.39044,55.32523,2020,1,1,1,2020-01-01,3.45,5.09,0.99,93.11,0.1,1.82,5.79
11.39044,55.32523,2020,1,2,2,2020-01-02,2.04,3.38,1.07,94.54,0.47,0.85,6.76
11.39044,55.32523,2020,1,3,3,2020-01-03,4.78,6.66,3.61,94.89,1.77,0.81,7.09
11.39044,55.32523,2020,1,4,4,2020-01-04,4.35,5.74,1.19,86.47,2.93,2.4,8.93
11.39044,55.32523,2020,1,5,5,2020-01-05,2.71,4.6,0.35,98.09,0.78,1.32,4.87
11.39044,55.32523,2020,1,6,6,2020-01-06,5.14,5.88,3.79,97.6,0.66,1.12,5.47
11.39044,55.32523,2020,1,7,7,2020-01-07,4.81,6.46,2.95,94.97,0.73,1.25,5.71
11.39044,55.32523,2020,1,8,8,2020-01-08,6.44,8.04,4.79,94.97,1.24,1.67,7.08
11.39044,55.32523,2020,1,9,9,2020-01-09,5.59,8.32,3.74,96.58,9.43,0.27,5.18
11.39044,55.32523,2020,1,10,10,2020-01-10,5.2,7.1,3.99,96.06,3.2,0.75,4.56
11.39044,55.32523,2020,1,11,11,2020-01-11,4.25,5.41,2.86,92.06,0.12,1.17,7.27
11.39044,55.32523,2020,1,12,12,2020-01-12,5.53,6.01,5,93.65,5.21,0.89,7.44
11.39044,55.32523,2020,1,13,13,2020-01-13,5.06,5.54,4.17,96,0.89,1.66,5.42
11.39044,55.32523,2020,1,14,14,2020-01-14,6.29,8.42,4.49,93.13,7.22,1.41,8.68
11.39044,55.32523,2020,1,15,15,2020-01-15,8.49,9.39,5.03,88.31,3.98,0.56,9.85
11.39044,55.32523,2020,1,16,16,2020-01-16,5.03,5.69,4.11,96.56,0.17,2.05,6.62
11.39044,55.32523,2020,1,17,17,2020-01-17,5.34,6.63,4.35,95.62,1.12,2.89,6.32
11.39044,55.32523,2020,1,18,18,2020-01-18,5.26,6.56,3.89,93.74,0.45,1.58,7.45
11.39044,55.32523,2020,1,19,19,2020-01-19,3.71,5.79,2.78,96.62,0.02,3.6,4.54
11.39044,55.32523,2020,1,20,20,2020-01-20,4.84,6.31,2.99,95.44,0.2,1.7,5.77
11.39044,55.32523,2020,1,21,21,2020-01-21,5.7,6.29,5.23,95.23,0.41,1.34,7.68
11.39044,55.32523,2020,1,22,22,2020-01-22,4.6,6.53,2.58,95.11,0.11,3.85,5.64
11.39044,55.32523,2020,1,23,23,2020-01-23,4.8,5.92,2.82,96.92,0.56,1.46,5.43
11.39044,55.32523,2020,1,24,24,2020-01-24,5.58,5.74,5.23,96.5,1.85,0.92,6.11
11.39044,55.32523,2020,1,25,25,2020-01-25,4.88,5.68,3.74,96.18,0.46,2.03,4.4
11.39044,55.32523,2020,1,26,26,2020-01-26,2.96,3.64,2.49,93.92,0.37,1.61,5.65
11.39044,55.32523,2020,1,27,27,2020-01-27,4.1,5.62,2.49,96.21,1.85,1.14,5.66
11.39044,55.32523,2020,1,28,28,2020-01-28,4.41,5.85,3.74,95.85,3.42,1.43,4.96
11.39044,55.32523,2020,1,29,29,2020-01-29,4.24,5.46,3.21,92.64,0.38,2.7,6.56
11.39044,55.32523,2020,1,30,30,2020-01-30,5.59,6.66,2.35,94.55,9.66,1.64,7.14
11.39044,55.32523,2020,1,31,31,2020-01-31,6.47,7.1,5.62,92.89,4.9,2.06,7.31
11.39044,55.32523,2020,2,1,32,2020-02-01,7.27,8.11,6.32,93.36,3.08,2.2,8.21
11.39044,55.32523,2020,2,2,33,2020-02-02,4.76,6.91,2.38,90.11,0.19,4.1,7.28
11.39044,55.32523,2020,2,3,34,2020-02-03,4.03,6.1,2.26,96.23,2.5,2.05,4.38
11.39044,55.32523,2020,2,4,35,2020-02-04,3.84,4.68,2.49,89.77,0.64,2.28,7.9
11.39044,55.32523,2020,2,5,36,2020-02-05,2.92,5.31,0.1,88.58,0.04,5.2,6.08
11.39044,55.32523,2020,2,6,37,2020-02-06,5.18,7.21,3.76,95.27,0.13,3.76,6.16
11.39044,55.32523,2020,2,7,38,2020-02-07,4.48,4.99,3.97,95.03,0.42,1.84,3
11.39044,55.32523,2020,2,8,39,2020-02-08,4.41,5.82,2.6,89.81,0.35,3.94,5.99
11.39044,55.32523,2020,2,9,40,2020-02-09,7.01,9.19,5.37,88.59,15.78,0.93,11.38
11.39044,55.32523,2020,2,10,41,2020-02-10,5.86,8.56,4.08,86.92,2.09,3.35,10.12
11.39044,55.32523,2020,2,11,42,2020-02-11,4.37,5.59,3.2,88.95,3.03,3.6,9.64
11.39044,55.32523,2020,2,12,43,2020-02-12,4.1,5.19,3.56,88.99,2.51,2.72,10.19
11.39044,55.32523,2020,2,13,44,2020-02-13,3.78,5.31,2.74,90.09,1.05,5.6,5.81
11.39044,55.32523,2020,2,14,45,2020-02-14,3.34,5.69,1.42,92.18,0.14,4.77,3.38
11.39044,55.32523,2020,2,15,46,2020-02-15,5.45,7.13,4.09,91.84,6.54,2.05,7.41
11.39044,55.32523,2020,2,16,47,2020-02-16,7.88,10.14,4.6,90.46,15.84,1.82,10.31
11.39044,55.32523,2020,2,17,48,2020-02-17,6.41,7.61,5.11,82.17,1.96,3.65,11.06
11.39044,55.32523,2020,2,18,49,2020-02-18,5.32,6.58,4.67,89.2,0.93,4.78,8.69
11.39044,55.32523,2020,2,19,50,2020-02-19,4.9,5.94,4.27,90.52,4.02,5.14,6.67
11.39044,55.32523,2020,2,20,51,2020-02-20,4.63,6.39,2.71,93.82,9.82,1.79,7.82
11.39044,55.32523,2020,2,21,52,2020-02-21,5.41,7.06,3.73,87.45,1.72,5.83,9.12
11.39044,55.32523,2020,2,22,53,2020-02-22,6.47,8.01,5.42,86.47,7.2,2.34,12.09
11.39044,55.32523,2020,2,23,54,2020-02-23,4.96,5.93,3.83,86.91,1.43,3.19,8.83
11.39044,55.32523,2020,2,24,55,2020-02-24,3.93,5.22,2.46,92.88,3.41,3.7,5.99
11.39044,55.32523,2020,2,25,56,2020-02-25,4.46,6.11,2.25,86.2,4.65,5.21,10.65
11.39044,55.32523,2020,2,26,57,2020-02-26,1.89,2.69,0.81,85.68,1.74,4.05,5.1
11.39044,55.32523,2020,2,27,58,2020-02-27,2.15,4.26,0.39,84.48,1.63,5.65,2.56
11.39044,55.32523,2020,2,28,59,2020-02-28,3.89,6.61,1.8,88.71,0.7,8.27,5.94
11.39044,55.32523,2020,2,29,60,2020-02-29,4.15,6.74,1.49,94.24,10.93,2.24,7.45
11.39044,55.32523,2020,3,1,61,2020-03-01,4.85,6.34,3.26,88.11,0.97,4.93,8.51
11.39044,55.32523,2020,3,2,62,2020-03-02,4.67,7.25,2.63,90.57,0.13,8.28,3.55
11.39044,55.32523,2020,3,3,63,2020-03-03,4.07,5.19,3.29,94.71,3.95,3.56,3.31
11.39044,55.32523,2020,3,4,64,2020-03-04,3.97,6.44,2.06,92.22,0.32,8.38,4.49
11.39044,55.32523,2020,3,5,65,2020-03-05,2.99,4.21,2.02,95.05,0.5,6.9,3.47
11.39044,55.32523,2020,3,6,66,2020-03-06,3.9,6.05,2.04,90.31,0.38,4.33,6.72
11.39044,55.32523,2020,3,7,67,2020-03-07,3.9,6.64,2.13,90.08,0.07,8.4,3.72
11.39044,55.32523,2020,3,8,68,2020-03-08,5.58,7.45,3.07,91.35,0.86,4.71,7
11.39044,55.32523,2020,3,9,69,2020-03-09,5.95,8.03,3.97,93.27,1.47,5.96,3.94
11.39044,55.32523,2020,3,10,70,2020-03-10,5.69,7.57,3.67,94.88,5.49,3.47,7.36
11.39044,55.32523,2020,3,11,71,2020-03-11,6.2,8.3,4.78,86.36,0.33,12.72,7.77
11.39044,55.32523,2020,3,12,72,2020-03-12,5.77,7.26,4.27,83.48,2.85,8.64,11.1
11.39044,55.32523,2020,3,13,73,2020-03-13,4.13,6.89,0.88,83.91,0.89,8.77,7.53
11.39044,55.32523,2020,3,14,74,2020-03-14,2.86,5.09,0.7,66.62,0,13.96,4.07
11.39044,55.32523,2020,3,15,75,2020-03-15,5.96,8.49,2.83,84.54,1.16,4.65,7.84
11.39044,55.32523,2020,3,16,76,2020-03-16,7.12,9.11,3.48,88.25,0.34,7.15,4.43
11.39044,55.32523,2020,3,17,77,2020-03-17,5.52,8.56,2.93,92.93,0.26,9.12,5.86
11.39044,55.32523,2020,3,18,78,2020-03-18,6.86,8.2,5.45,90.21,1.6,4.99,6.43
11.39044,55.32523,2020,3,19,79,2020-03-19,5.56,7.97,3.9,86.29,0.04,14.17,3.47
11.39044,55.32523,2020,3,20,80,2020-03-20,4.55,6.96,1.97,83.04,0.01,13.38,5.56
11.39044,55.32523,2020,3,21,81,2020-03-21,3.11,6.16,0.25,76.28,0,15.73,4.53
11.39044,55.32523,2020,3,22,82,2020-03-22,2.2,4.8,0.16,74.64,0,13.54,4.58
11.39044,55.32523,2020,3,23,83,2020-03-23,2.19,4.64,0.38,68.35,0,15.75,4.81
11.39044,55.32523,2020,3,24,84,2020-03-24,3.61,5.98,1.27,68.78,0,14.28,5.84
11.39044,55.32523,2020,3,25,85,2020-03-25,4.02,6.94,1.82,72.4,0,15.89,4.82
11.39044,55.32523,2020,3,26,86,2020-03-26,4.12,7.72,1.58,76.8,0,15.97,3.37
11.39044,55.32523,2020,3,27,87,2020-03-27,4.69,9.42,0.74,83.03,0.23,16.31,2.92
11.39044,55.32523,2020,3,28,88,2020-03-28,4.7,7.89,1.74,86.36,0.02,12.74,4.34
11.39044,55.32523,2020,3,29,89,2020-03-29,2.48,4.39,0.9,67.04,1.13,17.86,8.53
11.39044,55.32523,2020,3,30,90,2020-03-30,3.41,5.9,0.95,78.18,0.93,16.89,5.66
11.39044,55.32523,2020,3,31,91,2020-03-31,3.72,6.4,0.35,67.77,0.14,17.26,4.53
11.39044,55.32523,2020,4,1,92,2020-04-01,5.76,8.82,3.73,87.07,0.59,9.26,7.45
11.39044,55.32523,2020,4,2,93,2020-04-02,5.98,8.73,3.87,84.44,1.1,7.9,9.9
11.39044,55.32523,2020,4,3,94,2020-04-03,4.75,6.9,2.61,76,0.23,17.02,8.64
11.39044,55.32523,2020,4,4,95,2020-04-04,5.38,8.14,1.68,88.68,0.42,13.08,3.94
11.39044,55.32523,2020,4,5,96,2020-04-05,7.48,10.83,3.99,78.47,0,18.67,4.97
11.39044,55.32523,2020,4,6,97,2020-04-06,8.75,12.44,4.8,76.76,0,18.55,5.2
11.39044,55.32523,2020,4,7,98,2020-04-07,9.3,12.18,6.7,78.6,0.24,19.86,3.66
11.39044,55.32523,2020,4,8,99,2020-04-08,8.79,12.08,5,81.26,0,16.63,3.41
11.39044,55.32523,2020,4,9,100,2020-04-09,7.09,9.97,4.13,80.51,0.04,20.43,5.46
11.39044,55.32523,2020,4,10,101,2020-04-10,5.92,9.15,2.82,81.7,0,18.73,3.42
11.39044,55.32523,2020,4,11,102,2020-04-11,7.23,9.67,3.84,77.41,1.3,9.1,2.75
11.39044,55.32523,2020,4,12,103,2020-04-12,9.34,13.58,6.32,82.11,0.01,18.24,5.47
11.39044,55.32523,2020,4,13,104,2020-04-13,5.54,8.01,3.58,66.23,0.04,19.58,8.06
11.39044,55.32523,2020,4,14,105,2020-04-14,5.38,8.15,2.34,68.8,0.08,21.19,6.11
11.39044,55.32523,2020,4,15,106,2020-04-15,8.15,11.85,5.28,80.6,0.06,19.01,8.15
11.39044,55.32523,2020,4,16,107,2020-04-16,8.21,10.87,4.91,77.86,0.02,21.25,6.16
11.39044,55.32523,2020,4,17,108,2020-04-17,6.93,10.79,3.35,77.06,0,21.75,2.51
11.39044,55.32523,2020,4,18,109,2020-04-18,6.76,10.02,3.3,76.68,0,21.52,3.44
11.39044,55.32523,2020,4,19,110,2020-04-19,7.46,10.58,3.42,74.51,0,22.38,2.88
11.39044,55.32523,2020,4,20,111,2020-04-20,9,12.67,5.28,75.73,0,22.48,2.49
11.39044,55.32523,2020,4,21,112,2020-04-21,9.25,13.15,5.26,74.54,0,22.57,3.47
11.39044,55.32523,2020,4,22,113,2020-04-22,9.46,13.35,4.92,75.18,0,23.86,2.95
11.39044,55.32523,2020,4,23,114,2020-04-23,11.67,15.47,8.05,68.45,0,23.08,1.24
11.39044,55.32523,2020,4,24,115,2020-04-24,9.34,12.03,6.2,84.54,0.12,20.33,4.2
11.39044,55.32523,2020,4,25,116,2020-04-25,9.4,11.72,5.83,74.54,0.06,21.33,3.41
11.39044,55.32523,2020,4,26,117,2020-04-26,8.31,10.41,5.62,80.04,0.24,13.38,3.02
11.39044,55.32523,2020,4,27,118,2020-04-27,8.98,13.21,5.74,84.19,3.5,11.35,2.98
11.39044,55.32523,2020,4,28,119,2020-04-28,9.01,10.84,7.27,78.68,1.03,19.81,3.12
11.39044,55.32523,2020,4,29,120,2020-04-29,7.64,9.24,5.73,85.79,4.66,8.53,5.78
11.39044,55.32523,2020,4,30,121,2020-04-30,9.08,11.79,6.24,90.17,8.22,6.53,5.16
11.39044,55.32523,2020,5,1,122,2020-05-01,9.61,11.83,7.1,84.97,9.59,13.25,3.36
11.39044,55.32523,2020,5,2,123,2020-05-02,9.07,11.03,7.69,85.43,2.36,14,3.47
11.39044,55.32523,2020,5,3,124,2020-05-03,9.7,12.75,6.96,80.55,0.01,23.69,5.01
11.39044,55.32523,2020,5,4,125,2020-05-04,8.59,11.37,6.07,75.28,0.09,22.84,5.22
11.39044,55.32523,2020,5,5,126,2020-05-05,8.56,10.85,6.08,71.37,0.24,23.55,5.87
11.39044,55.32523,2020,5,6,127,2020-05-06,8.94,12.09,5.06,75.91,0.01,24.09,6.51
11.39044,55.32523,2020,5,7,128,2020-05-07,10.28,13.13,7.37,79.94,0,25.41,5.14
11.39044,55.32523,2020,5,8,129,2020-05-08,10.63,14.05,5.83,84.48,0.11,22.66,4.48
11.39044,55.32523,2020,5,9,130,2020-05-09,12.37,15.72,8.18,80.01,0.06,21.98,1.82
11.39044,55.32523,2020,5,10,131,2020-05-10,11.53,16.3,7.03,78.05,0.13,17.69,4.97
11.39044,55.32523,2020,5,11,132,2020-05-11,7.18,8.66,5.03,64.79,0.08,26.29,6.94
11.39044,55.32523,2020,5,12,133,2020-05-12,6.45,8.16,4.34,77.8,1.52,17.24,5.97
11.39044,55.32523,2020,5,13,134,2020-05-13,7.06,8.88,3.85,65.32,1.61,25.97,3.22
11.39044,55.32523,2020,5,14,135,2020-05-14,7.82,10.82,4.67,68.81,0.01,26.19,5.53
11.39044,55.32523,2020,5,15,136,2020-05-15,9.27,11.8,6.33,79.7,0.9,15.93,7.19
11.39044,55.32523,2020,5,16,137,2020-05-16,9.8,12.01,7.51,79.91,0.93,15.98,8.54
11.39044,55.32523,2020,5,17,138,2020-05-17,10.35,13.32,7.51,81.41,1.1,15.4,7.88
11.39044,55.32523,2020,5,18,139,2020-05-18,10.74,12.29,9.21,92.74,6.19,7.45,4.63
11.39044,55.32523,2020,5,19,140,2020-05-19,11.73,13.69,8.97,78.22,0.31,23.5,6.06
11.39044,55.32523,2020,5,20,141,2020-05-20,11.66,14.52,7.41,74.3,0,25.24,2.05
11.39044,55.32523,2020,5,21,142,2020-05-21,13.35,16.39,10.29,73.28,0.01,23.43,1.73
11.39044,55.32523,2020,5,22,143,2020-05-22,12.76,15.74,9.46,79.57,7.68,15.38,6.07
11.39044,55.32523,2020,5,23,144,2020-05-23,12.72,15.37,10.53,82.72,0.43,20.34,4.98
11.39044,55.32523,2020,5,24,145,2020-05-24,11.58,12.81,10.19,83.52,3.64,12.12,7.34
11.39044,55.32523,2020,5,25,146,2020-05-25,12.35,14.69,9.96,82.7,0.27,22.89,4.75
11.39044,55.32523,2020,5,26,147,2020-05-26,13.76,16.78,9.73,79.29,0.02,26.09,1.56
11.39044,55.32523,2020,5,27,148,2020-05-27,12.47,14.7,9.83,81.14,0.04,19.8,4.51
11.39044,55.32523,2020,5,28,149,2020-05-28,12.76,15.59,8.78,75.63,0.03,28.05,3.33
11.39044,55.32523,2020,5,29,150,2020-05-29,13.14,15.68,10,74.83,0,28.5,2.11
11.39044,55.32523,2020,5,30,151,2020-05-30,14.09,17.21,10.32,79.37,0.06,26.36,2.42
11.39044,55.32523,2020,5,31,152,2020-05-31,15.39,18.39,11.75,73.93,0,27.41,3.46
11.39044,55.32523,2020,6,1,153,2020-06-01,16.1,19,12.4,66.91,0,28.69,1.69
11.39044,55.32523,2020,6,2,154,2020-06-02,17.25,20.47,13.03,69.88,0,28.1,2.27
11.39044,55.32523,2020,6,3,155,2020-06-03,14.94,17.72,12.28,77.98,0.01,26.59,3.62
11.39044,55.32523,2020,6,4,156,2020-06-04,14.04,16.76,11.58,80.58,12.87,13.89,7.26
11.39044,55.32523,2020,6,5,157,2020-06-05,12.77,13.89,11.22,77.64,4.53,21.35,5.28
11.39044,55.32523,2020,6,6,158,2020-06-06,11.56,13.39,9.16,77.98,4.98,19.82,6.67
11.39044,55.32523,2020,6,7,159,2020-06-07,13.93,16.03,11.27,74.98,0.83,19.9,4.9
11.39044,55.32523,2020,6,8,160,2020-06-08,13.8,16.25,10.65,78.95,0.28,25.55,2.33
11.39044,55.32523,2020,6,9,161,2020-06-09,13.8,16.26,10.63,76.52,0.07,25.73,2.18
11.39044,55.32523,2020,6,10,162,2020-06-10,15.26,18.24,12.15,80.19,0.38,22.85,3.78
11.39044,55.32523,2020,6,11,163,2020-06-11,16.56,20.1,14.15,80.11,2.04,17.18,5.19
11.39044,55.32523,2020,6,12,164,2020-06-12,16.58,19.09,14.11,87.94,2.61,7.04,5.35
11.39044,55.32523,2020,6,13,165,2020-06-13,17.44,20.39,14.86,83.95,1.11,13.26,6.26
11.39044,55.32523,2020,6,14,166,2020-06-14,16.6,19.64,13.14,73.09,0,29.32,5.83
11.39044,55.32523,2020,6,15,167,2020-06-15,17.1,19.98,12.37,65.7,0,29.58,2.14
11.39044,55.32523,2020,6,16,168,2020-06-16,18.59,21.79,14.4,70.82,0,24.77,2.34
11.39044,55.32523,2020,6,17,169,2020-06-17,18.34,21.08,15.23,83.79,0.25,25.79,2.38
11.39044,55.32523,2020,6,18,170,2020-06-18,18.26,20.99,14.28,76.83,1.45,24.16,2.56
11.39044,55.32523,2020,6,19,171,2020-06-19,18.36,19.86,16.97,86.49,4.18,10.69,1.81
11.39044,55.32523,2020,6,20,172,2020-06-20,17.33,18.44,15.61,89.23,4.93,7.01,6.14
11.39044,55.32523,2020,6,21,173,2020-06-21,17.11,19.36,14.62,77.15,0.31,24.51,3.5
11.39044,55.32523,2020,6,22,174,2020-06-22,17.63,20.07,14.77,76.21,2.77,26.14,4.41
11.39044,55.32523,2020,6,23,175,2020-06-23,17.54,20.22,13.22,71.84,0,29.1,3.36
11.39044,55.32523,2020,6,24,176,2020-06-24,19.71,22.99,16.15,72.78,0,28.68,1.42
11.39044,55.32523,2020,6,25,177,2020-06-25,20.62,24.14,16.49,73.28,0,28.25,3.45
11.39044,55.32523,2020,6,26,178,2020-06-26,21.2,24.34,17.44,80.73,0.06,25.95,4.09
11.39044,55.32523,2020,6,27,179,2020-06-27,20.91,23.97,17.65,83.06,0.36,22.26,3.68
11.39044,55.32523,2020,6,28,180,2020-06-28,19.04,21.53,15.75,82.37,2.14,12.22,3.99
11.39044,55.32523,2020,6,29,181,2020-06-29,17.84,20.49,14.74,68.75,0.7,24.87,5.21
11.39044,55.32523,2020,6,30,182,2020-06-30,16.27,18.25,14.38,79.31,8.48,15.46,9.09
11.39044,55.32523,2020,7,1,183,2020-07-01,16.89,18.96,14.35,79.71,3.6,18.19,4.97
11.39044,55.32523,2020,7,2,184,2020-07-02,16.85,18.88,15.08,74.74,1.16,21.29,4.53
11.39044,55.32523,2020,7,3,185,2020-07-03,15.46,17.73,13.32,74.29,4.09,14.77,4.67
11.39044,55.32523,2020,7,4,186,2020-07-04,16.86,17.55,15.42,89.18,16.23,6.36,8.2
11.39044,55.32523,2020,7,5,187,2020-07-05,17.35,19.25,14.18,82.87,3.94,14.46,8.9
11.39044,55.32523,2020,7,6,188,2020-07-06,14.77,16.71,12.48,75.72,2.2,20.56,9.29
11.39044,55.32523,2020,7,7,189,2020-07-07,13.74,15.75,11.66,77.07,3.21,16.98,7.48
11.39044,55.32523,2020,7,8,190,2020-07-08,13.74,16.47,11.23,74.83,0.59,19.52,5.8
11.39044,55.32523,2020,7,9,191,2020-07-09,13.93,15.67,11.14,70.62,0.13,20.97,2.12
11.39044,55.32523,2020,7,10,192,2020-07-10,13.82,15.57,12.47,75.02,10.63,11.42,3.91
11.39044,55.32523,2020,7,11,193,2020-07-11,14.29,16.58,11.84,74.37,0.37,22.84,7.05
11.39044,55.32523,2020,7,12,194,2020-07-12,14.83,17.51,11.73,78.05,0.61,16.7,6.28
11.39044,55.32523,2020,7,13,195,2020-07-13,15.34,17.84,12.47,77.42,0.03,19.96,4
11.39044,55.32523,2020,7,14,196,2020-07-14,15.66,17.62,12.66,85.1,5.31,11.69,3.23
11.39044,55.32523,2020,7,15,197,2020-07-15,15.65,17.76,14.04,82.29,3,18.69,2.81
11.39044,55.32523,2020,7,16,198,2020-07-16,16.01,18.37,13.26,78.54,0.55,20.64,3.7
11.39044,55.32523,2020,7,17,199,2020-07-17,17.55,20.22,13.91,74.95,0.02,25.52,2.32
11.39044,55.32523,2020,7,18,200,2020-07-18,18.77,21.3,15.78,75.21,0,21.38,2.21
11.39044,55.32523,2020,7,19,201,2020-07-19,19.2,21.39,17.11,84.26,0.74,14.35,2.83
11.39044,55.32523,2020,7,20,202,2020-07-20,16.42,18.8,13.92,74.64,0.3,21.6,5.39
11.39044,55.32523,2020,7,21,203,2020-07-21,15.47,17.73,12.95,72.04,0.29,23.11,6.08
11.39044,55.32523,2020,7,22,204,2020-07-22,15.16,17.59,12.5,71.55,0.07,23.57,5.49
11.39044,55.32523,2020,7,23,205,2020-07-23,15.62,18.51,11.85,74.6,4.36,19.5,4.16
11.39044,55.32523,2020,7,24,206,2020-07-24,17.32,19.67,14.89,79.81,2.43,14.87,6.41
11.39044,55.32523,2020,7,25,207,2020-07-25,16.99,19.71,12.99,81.52,0.82,18.86,3.39
11.39044,55.32523,2020,7,26,208,2020-07-26,17.71,19.72,15.01,86.56,7.86,10.93,5.23
11.39044,55.32523,2020,7,27,209,2020-07-27,17.42,20,13.81,83.28,2.94,15.57,4.09
11.39044,55.32523,2020,7,28,210,2020-07-28,17.6,19.47,14.78,78.29,0.74,18.82,6.85
11.39044,55.32523,2020,7,29,211,2020-07-29,15.59,17.63,13.67,78.2,1.62,15.65,8.19
11.39044,55.32523,2020,7,30,212,2020-07-30,15.54,18.08,13.42,77.59,0.45,17.12,7.06
11.39044,55.32523,2020,7,31,213,2020-07-31,16.42,19.58,12.79,81.85,0.05,22.81,3.36
11.39044,55.32523,2020,8,1,214,2020-08-01,18.23,21.66,14.12,78.25,0.02,22.75,4.86
11.39044,55.32523,2020,8,2,215,2020-08-02,18.2,20.43,15.43,85.08,0.82,15.34,3.82
11.39044,55.32523,2020,8,3,216,2020-08-03,16.44,19.05,13.64,77.44,0.09,20.32,3.87
11.39044,55.32523,2020,8,4,217,2020-08-04,16.11,18.73,12.92,71.22,0.04,21.64,4.03
11.39044,55.32523,2020,8,5,218,2020-08-05,18.56,22.31,14.64,72.82,0.5,13.15,4.92
11.39044,55.32523,2020,8,6,219,2020-08-06,21.41,25.78,17.62,68.86,0.01,20.69,3.23
11.39044,55.32523,2020,8,7,220,2020-08-07,21.54,25.92,17.03,70.68,0.22,23.09,3.09
11.39044,55.32523,2020,8,8,221,2020-08-08,21.03,25.82,16.8,71.22,0,20.98,2.27
11.39044,55.32523,2020,8,9,222,2020-08-09,20.28,22.88,17.78,75.82,0.88,19.78,3.63
11.39044,55.32523,2020,8,10,223,2020-08-10,22.09,26.79,17.89,74.83,0.08,20.46,3.53
11.39044,55.32523,2020,8,11,224,2020-08-11,21.03,24.63,18.06,72.77,0.01,21.57,4.66
11.39044,55.32523,2020,8,12,225,2020-08-12,19.96,23.32,17.09,71.38,0,21.42,4.72
11.39044,55.32523,2020,8,13,226,2020-08-13,20.16,24.22,16.49,68.97,0.01,22.87,3.29
11.39044,55.32523,2020,8,14,227,2020-08-14,20.45,25.4,15.5,64.86,0,22.67,2.39
11.39044,55.32523,2020,8,15,228,2020-08-15,22.01,26.96,17.32,64.53,0,21.19,1.69
11.39044,55.32523,2020,8,16,229,2020-08-16,22.58,27.14,17.89,70.5,0.01,20.39,2.41
11.39044,55.32523,2020,8,17,230,2020-08-17,22.3,26.46,18.48,70,0.02,20.53,4.01
11.39044,55.32523,2020,8,18,231,2020-08-18,20.81,22.9,18.29,83.9,1.98,11.61,2.48
11.39044,55.32523,2020,8,19,232,2020-08-19,20.88,23.39,18.47,74.8,1.05,18.28,1.48
11.39044,55.32523,2020,8,20,233,2020-08-20,20.92,22.92,18.83,81.15,2.9,4.23,3.38
11.39044,55.32523,2020,8,21,234,2020-08-21,20.96,23.63,18.43,87.97,3.92,7.88,4.59
11.39044,55.32523,2020,8,22,235,2020-08-22,20.3,22.62,17.45,78.17,1.32,15.34,6.23
11.39044,55.32523,2020,8,23,236,2020-08-23,18.03,19.94,16.65,80.12,4.53,14.95,6.26
11.39044,55.32523,2020,8,24,237,2020-08-24,16.08,16.89,14.75,75.34,1.94,13.49,3.4
11.39044,55.32523,2020,8,25,238,2020-08-25,15.81,17.65,12.72,69.82,5.75,17.31,4.61
11.39044,55.32523,2020,8,26,239,2020-08-26,17.83,20.35,16.36,83.27,3.42,10.97,4.61
11.39044,55.32523,2020,8,27,240,2020-08-27,16.42,17.34,15.11,79.71,21.26,8.28,4.03
11.39044,55.32523,2020,8,28,241,2020-08-28,16.17,17.28,14.45,80.55,2.66,6.61,3.79
11.39044,55.32523,2020,8,29,242,2020-08-29,16.58,17.93,15.15,84.84,4.19,12.12,2.38
11.39044,55.32523,2020,8,30,243,2020-08-30,16.86,18.82,15.15,77.41,1.33,15.27,2.51
11.39044,55.32523,2020,8,31,244,2020-08-31,15.98,18.06,13.86,72.26,0.08,18.98,4.08
11.39044,55.32523,2020,9,1,245,2020-09-01,15.76,18.71,11.76,72.78,0.03,19.14,3.56
11.39044,55.32523,2020,9,2,246,2020-09-02,16.09,18.96,13.58,78.13,0.11,17.28,3.38
11.39044,55.32523,2020,9,3,247,2020-09-03,15.89,18.2,13.4,80.14,1.67,11.5,4.89
11.39044,55.32523,2020,9,4,248,2020-09-04,16.79,19.11,14.81,81,0.82,11.9,5.68
11.39044,55.32523,2020,9,5,249,2020-09-05,15.5,17.51,13.37,76.39,1.28,13.86,5.99
11.39044,55.32523,2020,9,6,250,2020-09-06,14.47,16.76,12.32,75.37,1.09,14.35,5.09
11.39044,55.32523,2020,9,7,251,2020-09-07,14.82,17.17,12.17,75.67,0.44,15.6,5.64
11.39044,55.32523,2020,9,8,252,2020-09-08,17.31,19.98,15.31,84.33,1.58,12.61,6.74
11.39044,55.32523,2020,9,9,253,2020-09-09,16.77,20.34,13.76,85.71,2.87,5.04,7.46
11.39044,55.32523,2020,9,10,254,2020-09-10,14.34,16.9,12.36,73.34,0.03,13.9,5.82
11.39044,55.32523,2020,9,11,255,2020-09-11,14.83,17.72,11.63,76.55,0.12,8.81,4.81
11.39044,55.32523,2020,9,12,256,2020-09-12,15.47,17.68,13.92,84.1,1.36,5.97,6.73
11.39044,55.32523,2020,9,13,257,2020-09-13,16.18,19.55,13.56,85.39,0.14,6.01,7.07
11.39044,55.32523,2020,9,14,258,2020-09-14,17.58,20.97,14.27,85.7,0.08,14.8,3.32
11.39044,55.32523,2020,9,15,259,2020-09-15,18.3,21.98,15.25,86.28,0.04,12.57,1.28
11.39044,55.32523,2020,9,16,260,2020-09-16,15.94,18.4,13.58,81.51,0.18,13.5,5.25
11.39044,55.32523,2020,9,17,261,2020-09-17,12.89,15.22,10.93,65.32,0.12,15.93,4.42
11.39044,55.32523,2020,9,18,262,2020-09-18,13.22,16.72,10.19,69.24,0,15.97,2.65
11.39044,55.32523,2020,9,19,263,2020-09-19,13.48,16.09,10.61,87.87,0.42,10.96,1.78
11.39044,55.32523,2020,9,20,264,2020-09-20,14.53,17.7,12.5,82.63,0.71,9.61,0.94
11.39044,55.32523,2020,9,21,265,2020-09-21,14.49,18.1,11.61,82.22,0.53,11.25,1.96
11.39044,55.32523,2020,9,22,266,2020-09-22,15.95,20.1,12.6,82.76,0.1,13.28,2.02
11.39044,55.32523,2020,9,23,267,2020-09-23,16.33,20.01,12.52,82.43,0.16,12.39,3.48
11.39044,55.32523,2020,9,24,268,2020-09-24,15.89,17.45,13.53,77.17,0.34,11.54,6.25
11.39044,55.32523,2020,9,25,269,2020-09-25,14.22,15.48,12.75,91.92,33.26,3.22,4.87
11.39044,55.32523,2020,9,26,270,2020-09-26,13.71,16,10.71,86.64,6.32,5.26,5.16
11.39044,55.32523,2020,9,27,271,2020-09-27,16.79,20.29,14.74,88.1,0.56,10.1,4.49
11.39044,55.32523,2020,9,28,272,2020-09-28,14.75,15.99,13.25,87.14,2.11,4.9,4.18
11.39044,55.32523,2020,9,29,273,2020-09-29,14.47,17.36,12.25,80.48,0.91,10.54,3.61
11.39044,55.32523,2020,9,30,274,2020-09-30,14.35,17.36,12.32,86.76,0.74,6.52,3.66
11.39044,55.32523,2020,10,1,275,2020-10-01,14.71,17.26,12.76,89.03,2.13,7.83,5.69
11.39044,55.32523,2020,10,2,276,2020-10-02,15.22,17.06,13.94,88.04,2.28,5.03,6.74
11.39044,55.32523,2020,10,3,277,2020-10-03,15.55,17.45,13.95,87.57,1.23,4.6,8.8
11.39044,55.32523,2020,10,4,278,2020-10-04,14.85,17.09,12.64,83.64,9.56,5.12,4.21
11.39044,55.32523,2020,10,5,279,2020-10-05,13.73,16.19,11.59,83.93,3.63,6.36,4.62
11.39044,55.32523,2020,10,6,280,2020-10-06,12.86,14.37,11.09,89.04,4.17,4.24,5.35
11.39044,55.32523,2020,10,7,281,2020-10-07,13.1,15.05,11.66,89.69,4.17,6.99,4.9
11.39044,55.32523,2020,10,8,282,2020-10-08,12.1,13.2,11.18,92.4,6.55,3.17,5.87
11.39044,55.32523,2020,10,9,283,2020-10-09,11.87,13.63,9.79,83.43,2.44,7.92,5.42
11.39044,55.32523,2020,10,10,284,2020-10-10,10.15,11.45,9.35,85.66,4.04,8.18,4.95
11.39044,55.32523,2020,10,11,285,2020-10-11,10,11.18,9.16,86.49,3.11,6.59,3.46
11.39044,55.32523,2020,10,12,286,2020-10-12,10.32,12.01,9.08,82.48,0.7,5.87,2.53
11.39044,55.32523,2020,10,13,287,2020-10-13,10.81,12.56,8.96,80.15,0.85,7.45,2.65
11.39044,55.32523,2020,10,14,288,2020-10-14,9.3,10.69,8.17,80.64,0.29,6.1,8.24
11.39044,55.32523,2020,10,15,289,2020-10-15,8.31,10.01,7.11,78.72,0.04,6.33,5.54
11.39044,55.32523,2020,10,16,290,2020-10-16,8.98,11.38,6.77,86.17,0.96,7.1,3.49
11.39044,55.32523,2020,10,17,291,2020-10-17,8.47,10.68,6.23,89.31,1.69,6.91,3.71
11.39044,55.32523,2020,10,18,292,2020-10-18,9,10.96,6.79,78.54,0.22,7.61,5.79
11.39044,55.32523,2020,10,19,293,2020-10-19,8.24,10,6.53,85.77,0.88,7.4,4.24
11.39044,55.32523,2020,10,20,294,2020-10-20,9.85,11.06,8.67,87.64,1.26,2.68,5.9
11.39044,55.32523,2020,10,21,295,2020-10-21,12.16,14.27,11.12,94.46,9.91,1.8,5.75
11.39044,55.32523,2020,10,22,296,2020-10-22,13.09,14.53,11.36,88.53,2.58,4.42,8.91
11.39044,55.32523,2020,10,23,297,2020-10-23,11.39,12.91,10.62,88.04,2.3,4.82,5.74
11.39044,55.32523,2020,10,24,298,2020-10-24,11.57,12.78,10.63,91.87,2.37,5.01,5.37
11.39044,55.32523,2020,10,25,299,2020-10-25,12.14,13.18,10.98,92.56,7.67,1.53,6.53
11.39044,55.32523,2020,10,26,300,2020-10-26,10.65,12.13,9.03,95.26,2.08,2.29,4.54
11.39044,55.32523,2020,10,27,301,2020-10-27,10,11.6,8.83,89.89,1.07,3.36,6.72
11.39044,55.32523,2020,10,28,302,2020-10-28,10.73,12.53,9.69,87,4.5,4.84,6.87
11.39044,55.32523,2020,10,29,303,2020-10-29,9.59,10.6,9.05,90.87,5,4.25,5.27
11.39044,55.32523,2020,10,30,304,2020-10-30,10.19,11.65,8.65,96.58,7.79,1.93,3.82
11.39044,55.32523,2020,10,31,305,2020-10-31,11.56,12.96,9.3,95,1.43,3.19,3.69
11.39044,55.32523,2020,11,1,306,2020-11-01,12.02,13.04,11.08,89.9,3.86,4.5,6.49
11.39044,55.32523,2020,11,2,307,2020-11-02,14.13,16.02,10.43,92.49,5.25,1.83,8.92
11.39044,55.32523,2020,11,3,308,2020-11-03,10.29,11.97,8.54,85.85,1.83,4.31,6.6
11.39044,55.32523,2020,11,4,309,2020-11-04,9.46,11.47,8.21,85.84,1.04,5.19,7.68
11.39044,55.32523,2020,11,5,310,2020-11-05,10.08,11.17,8.62,91.5,0.47,2.45,7.57
11.39044,55.32523,2020,11,6,311,2020-11-06,10.74,12.67,9.86,95.86,0.39,2.81,4.39
11.39044,55.32523,2020,11,7,312,2020-11-07,9.09,10.84,6.65,93.7,0.79,3.12,2.93
11.39044,55.32523,2020,11,8,313,2020-11-08,8.6,10.29,7.08,89.21,0.05,4.84,1.84
11.39044,55.32523,2020,11,9,314,2020-11-09,8.31,9.7,7.45,89.85,0.09,1.31,4.48
11.39044,55.32523,2020,11,10,315,2020-11-10,7.46,8,7.12,90.52,0.15,0.72,4.23
11.39044,55.32523,2020,11,11,316,2020-11-11,6.21,6.94,5.54,90.65,0.67,0.99,3.98
11.39044,55.32523,2020,11,12,317,2020-11-12,7.8,8.82,6.42,92.96,3.94,1.34,4.85
11.39044,55.32523,2020,11,13,318,2020-11-13,8.62,9.79,7.9,95.86,2,2.63,4.25
11.39044,55.32523,2020,11,14,319,2020-11-14,8.82,10.52,6.85,96.3,1.18,2.92,3.64
11.39044,55.32523,2020,11,15,320,2020-11-15,10.36,11.92,9.56,95.21,1.34,3.13,6.4
11.39044,55.32523,2020,11,16,321,2020-11-16,9.8,10.63,8.83,94,2.29,2.1,6.91
11.39044,55.32523,2020,11,17,322,2020-11-17,9.97,11.54,8.17,95.39,2.23,1.25,6.74
11.39044,55.32523,2020,11,18,323,2020-11-18,11.15,11.71,10.17,92.27,0.78,0.85,8.01
11.39044,55.32523,2020,11,19,324,2020-11-19,8.04,10.9,5.41,78.44,1.07,2.27,10.11
11.39044,55.32523,2020,11,20,325,2020-11-20,5.25,6.84,4.33,81.84,0.2,3.86,5.4
11.39044,55.32523,2020,11,21,326,2020-11-21,7.5,9.91,5.89,91.23,3.71,0.53,9
11.39044,55.32523,2020,11,22,327,2020-11-22,8.27,8.93,7.41,86.39,0.6,3.22,8.1
11.39044,55.32523,2020,11,23,328,2020-11-23,7.29,8.62,6.29,92.19,0.45,3.07,6.85
11.39044,55.32523,2020,11,24,329,2020-11-24,8.15,9.14,6.94,93.54,2.48,0.51,7.1
11.39044,55.32523,2020,11,25,330,2020-11-25,6.73,7.76,5.83,95.38,0.03,2.41,5.2
11.39044,55.32523,2020,11,26,331,2020-11-26,7.27,9.1,5.28,95.74,0.87,2.57,4.96
11.39044,55.32523,2020,11,27,332,2020-11-27,4.79,6.86,3.68,94.4,0.06,3.24,2.38
11.39044,55.32523,2020,11,28,333,2020-11-28,2.11,3.67,0.88,94.91,0.01,1.28,2.41
11.39044,55.32523,2020,11,29,334,2020-11-29,2.05,3.57,0.83,87.45,0.43,0.88,2.34
11.39044,55.32523,2020,11,30,335,2020-11-30,2.97,4.25,1.84,87.21,2.61,0.99,4.43
11.39044,55.32523,2020,12,1,336,2020-12-01,4.21,5.45,3.63,92.71,1.51,0.59,3.48
11.39044,55.32523,2020,12,2,337,2020-12-02,4.01,5.25,3.25,88.28,0.44,0.6,3.7
11.39044,55.32523,2020,12,3,338,2020-12-03,2,3.08,1.21,86.41,0.42,0.83,6.86
11.39044,55.32523,2020,12,4,339,2020-12-04,3.06,4,2.22,88.37,0.82,0.89,6.55
11.39044,55.32523,2020,12,5,340,2020-12-05,4.48,6.24,3.5,92.62,0.06,0.53,4.75
11.39044,55.32523,2020,12,6,341,2020-12-06,5.07,6.7,3.27,97.8,2,0.99,4.54
11.39044,55.32523,2020,12,7,342,2020-12-07,6.05,6.62,5,94.49,0.47,0.52,6.8
11.39044,55.32523,2020,12,8,343,2020-12-08,5.03,5.87,4.03,93.36,0.52,0.74,3.34
11.39044,55.32523,2020,12,9,344,2020-12-09,3.96,5.01,3.14,93.74,2.23,0.93,4.25
11.39044,55.32523,2020,12,10,345,2020-12-10,2.57,3.09,1.49,93.28,1.28,0.68,4.36
11.39044,55.32523,2020,12,11,346,2020-12-11,1.87,3.01,0.93,91.65,0.77,0.61,5.68
11.39044,55.32523,2020,12,12,347,2020-12-12,3.49,4.51,2.53,91.68,0.39,0.55,4.96
11.39044,55.32523,2020,12,13,348,2020-12-13,3.61,5,2.54,90.66,0.19,0.98,2.94
11.39044,55.32523,2020,12,14,349,2020-12-14,4.37,6.41,2.45,95.69,3.24,0.65,5.94
11.39044,55.32523,2020,12,15,350,2020-12-15,5.99,6.42,5.37,96.04,9.35,0.55,4.07
11.39044,55.32523,2020,12,16,351,2020-12-16,5.4,6.16,4.49,97.99,0.88,1.26,4.01
11.39044,55.32523,2020,12,17,352,2020-12-17,6.55,7.15,5.84,95.61,3.96,0.67,6.03
11.39044,55.32523,2020,12,18,353,2020-12-18,6.32,6.75,5.82,96.34,0.32,1.27,5.92
11.39044,55.32523,2020,12,19,354,2020-12-19,4.74,5.96,3.65,96.59,0.41,1.64,6.04
11.39044,55.32523,2020,12,20,355,2020-12-20,6.22,6.64,5.69,95.94,0.59,0.99,4.63
11.39044,55.32523,2020,12,21,356,2020-12-21,5.81,6.49,4.85,97.03,1.18,0.87,5.54
11.39044,55.32523,2020,12,22,357,2020-12-22,6.17,8.06,4.82,93.25,5.26,0.74,6.69
11.39044,55.32523,2020,12,23,358,2020-12-23,4.34,5.45,3.5,96.6,1.24,1.62,2.99
11.39044,55.32523,2020,12,24,359,2020-12-24,3.65,4.62,1.81,93.12,1.55,1.08,4.05
11.39044,55.32523,2020,12,25,360,2020-12-25,1.7,3.58,0.65,89.24,0,2.4,4.42
11.39044,55.32523,2020,12,26,361,2020-12-26,2.93,4,0.65,93.72,1.79,0.69,6.53
11.39044,55.32523,2020,12,27,362,2020-12-27,3.18,4.38,2.08,88.4,8.33,0.55,11.54
11.39044,55.32523,2020,12,28,363,2020-12-28,2.5,3.69,1.5,91.7,2.89,0.67,5.88
11.39044,55.32523,2020,12,29,364,2020-12-29,2.74,3.41,2.15,95.82,5.13,0.78,3.77
11.39044,55.32523,2020,12,30,365,2020-12-30,3.69,4.29,2.75,95.51,5.53,0.77,5.51
11.39044,55.32523,2021,1,1,1,2021-01-01,2.58,3.59,2,94.6,1.93,1,2.7
11.39044,55.32523,2021,1,2,2,2021-01-02,1.76,2.51,0.83,91.72,0.39,1.39,2.04
11.39044,55.32523,2021,1,3,3,2021-01-03,1.46,2.62,0.15,92.02,0.25,1.76,6.13
11.39044,55.32523,2021,1,4,4,2021-01-04,0.44,1.65,-0.47,92.04,0.13,1.52,6.52
11.39044,55.32523,2021,1,5,5,2021-01-05,0.94,1.77,0.59,92.9,0.12,1.36,6.14
11.39044,55.32523,2021,1,6,6,2021-01-06,1.2,1.46,0.99,93.52,4.86,0.98,6.65
11.39044,55.32523,2021,1,7,7,2021-01-07,1.02,1.42,0.73,95.1,2.72,0.91,4.28
11.39044,55.32523,2021,1,8,8,2021-01-08,1.4,2.3,0.72,93.46,1.39,1.17,3.86
11.39044,55.32523,2021,1,9,9,2021-01-09,1.4,2.5,0.94,89.86,0.51,1.64,2.25
11.39044,55.32523,2021,1,10,10,2021-01-10,1.38,1.88,0.85,95.71,3.59,0.85,5.39
11.39044,55.32523,2021,1,11,11,2021-01-11,3.08,4.39,1.59,96.55,7.31,1.01,8.34
11.39044,55.32523,2021,1,12,12,2021-01-12,1.98,4.83,0.09,93.67,2.47,2.01,5.72
11.39044,55.32523,2021,1,13,13,2021-01-13,1.87,2.94,1.04,92.57,6.67,1.35,8.72
11.39044,55.32523,2021,1,14,14,2021-01-14,0.45,1.62,-0.75,87.74,0.05,1.72,5.65
11.39044,55.32523,2021,1,15,15,2021-01-15,-0.86,-0.43,-1.84,79.39,0.27,1.27,4.58
11.39044,55.32523,2021,1,16,16,2021-01-16,-0.5,0.57,-1.05,75.88,0.12,2.24,2.35
11.39044,55.32523,2021,1,17,17,2021-01-17,-0.77,0.27,-1.78,83.91,0.09,2.28,2.78
11.39044,55.32523,2021,1,18,18,2021-01-18,1.03,2.72,-0.69,96.57,3.06,1.1,4.39
11.39044,55.32523,2021,1,19,19,2021-01-19,1.9,2.63,1.05,98.9,5.51,0.85,4.33
11.39044,55.32523,2021,1,20,20,2021-01-20,4.13,5.46,2.56,94.98,14.21,1.07,6.6
11.39044,55.32523,2021,1,21,21,2021-01-21,4.5,6.5,3.11,84.87,0.56,2.69,9.73
11.39044,55.32523,2021,1,22,22,2021-01-22,3.7,4.63,2.15,91.81,6.12,2.57,8.38
11.39044,55.32523,2021,1,23,23,2021-01-23,2.26,3.47,1.48,97.04,0.1,2.3,4.15
11.39044,55.32523,2021,1,24,24,2021-01-24,1.84,2.76,1.28,97.62,0.72,1.63,2.52
11.39044,55.32523,2021,1,25,25,2021-01-25,1.4,2.64,0.71,94.71,1.14,2.43,3.27
11.39044,55.32523,2021,1,26,26,2021-01-26,0.84,2.56,-0.44,93.37,0.81,2.95,3.91
11.39044,55.32523,2021,1,27,27,2021-01-27,1.26,2.83,-0.31,97.28,1.64,1.28,4.19
11.39044,55.32523,2021,1,28,28,2021-01-28,-0.47,0.69,-1.58,86.47,0.92,3.35,5.35
11.39044,55.32523,2021,1,29,29,2021-01-29,-0.99,-0.4,-1.62,83.67,0.15,2.29,3.91
11.39044,55.32523,2021,1,30,30,2021-01-30,-0.51,0.43,-1.77,84.89,0.26,3.96,3.75
11.39044,55.32523,2021,1,31,31,2021-01-31,0.61,2.5,-0.35,95.24,0.45,4.66,4.62
11.39044,55.32523,2021,2,1,32,2021-02-01,-0.42,1.56,-2.42,91.1,0.07,4.08,3.69
11.39044,55.32523,2021,2,2,33,2021-02-02,-0.75,1.47,-2.59,84.21,0.01,4.28,2.21
11.39044,55.32523,2021,2,3,34,2021-02-03,-1.08,0.3,-2.1,93.61,2.7,1.25,6.97
11.39044,55.32523,2021,2,4,35,2021-02-04,-2.73,-1.79,-3.57,89.49,0.13,2.96,5.82
11.39044,55.32523,2021,2,5,36,2021-02-05,-3.12,-1.48,-4.55,87.96,0.21,2.56,6.7
11.39044,55.32523,2021,2,6,37,2021-02-06,-4.1,-2.57,-5.08,90.07,0.03,4.96,7.69
11.39044,55.32523,2021,2,7,38,2021-02-07,-3.08,-1.86,-4.41,89.89,0.53,1.93,8.92
11.39044,55.32523,2021,2,8,39,2021-02-08,-2.65,-1.35,-3.7,81.8,0.2,2.55,9.79
11.39044,55.32523,2021,2,9,40,2021-02-09,-3.52,-2.83,-4.2,82.69,0.67,3.44,8.12
11.39044,55.32523,2021,2,10,41,2021-02-10,-3.66,-2.09,-4.69,84.14,0.33,4.56,6.17
11.39044,55.32523,2021,2,11,42,2021-02-11,-4.23,-3.15,-6.11,80.89,0.65,4.2,4.43
11.39044,55.32523,2021,2,12,43,2021-02-12,-4.65,-1.83,-7.22,80.41,0,6.04,3.89
11.39044,55.32523,2021,2,13,44,2021-02-13,-3.02,-0.31,-4.55,90.36,0,6.13,2.58
11.39044,55.32523,2021,2,14,45,2021-02-14,-3.03,0.28,-5.18,90.8,0,6.24,3.03
11.39044,55.32523,2021,2,15,46,2021-02-15,-1.58,-0.41,-3.17,85.56,4.12,1.87,6.68
11.39044,55.32523,2021,2,16,47,2021-02-16,-0.61,0.98,-2.36,94.49,3.66,2.36,4.06
11.39044,55.32523,2021,2,17,48,2021-02-17,1.44,2.36,0.51,97.62,4.54,2.3,3.04
11.39044,55.32523,2021,2,18,49,2021-02-18,1.73,2.68,1.11,97.23,2.71,2.42,6.31
11.39044,55.32523,2021,2,19,50,2021-02-19,1.95,4.42,0.56,96.91,4.32,4.62,4.81
11.39044,55.32523,2021,2,20,51,2021-02-20,2.79,4.37,1.36,96.88,0.09,4.14,4.93
11.39044,55.32523,2021,2,21,52,2021-02-21,3.32,5.51,2.09,98.82,0.31,5.88,3.5
11.39044,55.32523,2021,2,22,53,2021-02-22,4.19,6.54,1.52,94.29,0.27,7.82,3.86
11.39044,55.32523,2021,2,23,54,2021-02-23,4.97,5.76,3.85,98.47,0.8,2.77,3.48
11.39044,55.32523,2021,2,24,55,2021-02-24,6.63,9.55,4.68,94.79,0.19,5.81,5.7
11.39044,55.32523,2021,2,25,56,2021-02-25,5.47,8.36,2.51,96.64,0.12,6.46,5.39
11.39044,55.32523,2021,2,26,57,2021-02-26,3.52,6.51,1.68,94.67,0.18,8.37,6.68
11.39044,55.32523,2021,2,27,58,2021-02-27,3.14,5.34,2.15,96.99,0.24,7.5,4.06
11.39044,55.32523,2021,2,28,59,2021-02-28,3.25,6.23,1.73,96.78,0.2,6.08,3.7
11.39044,55.32523,2021,3,1,60,2021-03-01,2.57,5.4,1.2,97.93,0.22,8.98,3.37
11.39044,55.32523,2021,3,2,61,2021-03-02,2.34,3.78,1.15,97.07,0.39,5.59,2.61
11.39044,55.32523,2021,3,3,62,2021-03-03,1.62,2.99,-0.11,94.72,0.33,5.36,2.27
11.39044,55.32523,2021,3,4,63,2021-03-04,1.64,3.9,-0.59,87.26,0.21,8.66,4.92
11.39044,55.32523,2021,3,5,64,2021-03-05,1.21,4.08,-0.95,83.09,0,11.65,3.06
11.39044,55.32523,2021,3,6,65,2021-03-06,2.24,5.3,-0.87,89.12,0.16,7.02,6.95
11.39044,55.32523,2021,3,7,66,2021-03-07,2.3,5.11,-0.41,82.02,0.28,6.49,6.64
11.39044,55.32523,2021,3,8,67,2021-03-08,0.71,3.3,-0.95,79.19,0,12.11,2.29
11.39044,55.32523,2021,3,9,68,2021-03-09,0.91,3.67,-1.55,76.21,0,12.26,2.23
11.39044,55.32523,2021,3,10,69,2021-03-10,1.38,3.21,-0.95,80.23,1.03,7.55,5.62
11.39044,55.32523,2021,3,11,70,2021-03-11,3.59,6.66,0.99,93.4,16.85,4,9.82
11.39044,55.32523,2021,3,12,71,2021-03-12,4.23,5.48,3.17,89.69,4.41,7.41,7.99
11.39044,55.32523,2021,3,13,72,2021-03-13,3.22,4.31,2.12,95.92,7.17,4.86,5.71
11.39044,55.32523,2021,3,14,73,2021-03-14,4.32,6.74,2.84,89.44,1.11,10.16,5.76
11.39044,55.32523,2021,3,15,74,2021-03-15,4.01,5.78,1.9,91.71,2.26,6.77,6.23
11.39044,55.32523,2021,3,16,75,2021-03-16,3.44,6.55,0.76,82.34,0,12.89,2.54
11.39044,55.32523,2021,3,17,76,2021-03-17,3.14,6.17,0.64,84.29,0.07,12.51,2.37
11.39044,55.32523,2021,3,18,77,2021-03-18,2.37,5.15,0.17,86.22,0,13.11,3.6
11.39044,55.32523,2021,3,19,78,2021-03-19,1.17,2.81,-0.59,74.18,1.53,11.42,4.03
11.39044,55.32523,2021,3,20,79,2021-03-20,2.93,4.92,-0.23,84.41,0.61,5.38,6.17
11.39044,55.32523,2021,3,21,80,2021-03-21,4.94,7.06,1.45,79.99,0.13,14.54,6.17
11.39044,55.32523,2021,3,22,81,2021-03-22,3.88,6.69,0.4,90.25,0.07,9.35,4.26
11.39044,55.32523,2021,3,23,82,2021-03-23,4.83,7.03,3.25,93,0.33,7.12,4.4
11.39044,55.32523,2021,3,24,83,2021-03-24,5.93,8.83,3.41,88.15,0.24,8.05,4.85
11.39044,55.32523,2021,3,25,84,2021-03-25,6.25,9.59,3.89,86.65,0.1,15.29,3.61
11.39044,55.32523,2021,3,26,85,2021-03-26,6.99,9.94,3.74,86.07,0.1,9.57,4.4
11.39044,55.32523,2021,3,27,86,2021-03-27,5.6,7.15,4.26,87.64,3.5,7.9,6.09
11.39044,55.32523,2021,3,28,87,2021-03-28,5.54,7.76,2.99,92.47,4.08,5.65,7.22
11.39044,55.32523,2021,3,29,88,2021-03-29,7.9,9.42,6.84,93.41,4.92,6.39,7.36
11.39044,55.32523,2021,3,30,89,2021-03-30,8.83,13.32,6.3,92.14,0.09,16.97,5.22
11.39044,55.32523,2021,3,31,90,2021-03-31,8.46,13.47,3.99,84.12,0.31,16.32,3.13
11.39044,55.32523,2021,4,1,91,2021-04-01,5.91,7.83,3.22,89.51,0.59,8.35,4.39
11.39044,55.32523,2021,4,2,92,2021-04-02,5.22,9.04,2.14,85.44,0.09,14.95,5.1
11.39044,55.32523,2021,4,3,93,2021-04-03,4.72,6.76,2.66,72.39,0,16.72,4.13
11.39044,55.32523,2021,4,4,94,2021-04-04,4.7,7.31,1.93,92.59,0.49,6.82,6.93
11.39044,55.32523,2021,4,5,95,2021-04-05,3.45,5.89,0.96,76.1,4.5,12.66,10.03
11.39044,55.32523,2021,4,6,96,2021-04-06,3.44,5.5,1.72,77.19,0.44,16.11,7.5
11.39044,55.32523,2021,4,7,97,2021-04-07,4.06,7.19,1.23,86.95,1.89,14.6,6.27
11.39044,55.32523,2021,4,8,98,2021-04-08,4.18,5.53,2.09,80.88,1.49,10.36,7.96
11.39044,55.32523,2021,4,9,99,2021-04-09,5.28,7.77,2.3,82.48,2.06,14.21,8.24
11.39044,55.32523,2021,4,10,100,2021-04-10,4.38,6.57,1.24,74.94,0.02,18.59,3.47
11.39044,55.32523,2021,4,11,101,2021-04-11,3.91,6.66,1.73,90.89,9.03,3.95,5.7
11.39044,55.32523,2021,4,12,102,2021-04-12,4.27,6.54,2.01,82.07,0.47,17.72,6.36
11.39044,55.32523,2021,4,13,103,2021-04-13,4.9,7,2.82,81.42,0.44,15.91,5.12
11.39044,55.32523,2021,4,14,104,2021-04-14,4.45,7.67,1.51,77.7,0.19,19.82,2.3
11.39044,55.32523,2021,4,15,105,2021-04-15,5.29,8.28,1.89,78.6,0,18.44,3.72
11.39044,55.32523,2021,4,16,106,2021-04-16,5.72,8.99,1.86,75.04,0,20.49,4.04
11.39044,55.32523,2021,4,17,107,2021-04-17,7.9,11.96,4.28,82.14,0.12,17.05,3.64
11.39044,55.32523,2021,4,18,108,2021-04-18,8.7,13.75,4.07,85.39,0.01,19.05,2.51
11.39044,55.32523,2021,4,19,109,2021-04-19,9.24,14.11,5.13,75.78,0,21.44,2.52
11.39044,55.32523,2021,4,20,110,2021-04-20,9.04,13.04,4.52,66.21,0,23,2.13
11.39044,55.32523,2021,4,21,111,2021-04-21,6.89,8.94,5.17,80.56,0.07,19.22,7.39
11.39044,55.32523,2021,4,22,112,2021-04-22,6.84,9.58,4.58,75.19,0.01,19.36,7.45
11.39044,55.32523,2021,4,23,113,2021-04-23,6.83,9.44,3.87,78.63,0.07,18.36,5.64
11.39044,55.32523,2021,4,24,114,2021-04-24,6.03,8.34,3.53,73.52,0,23.46,4.44
11.39044,55.32523,2021,4,25,115,2021-04-25,5.08,6.82,2.87,66.92,0,23.59,5.29
11.39044,55.32523,2021,4,26,116,2021-04-26,5.38,7.68,2.65,60.97,0.29,19.78,1.86
11.39044,55.32523,2021,4,27,117,2021-04-27,6.65,9.57,4.08,61.08,0,23.46,1.46
11.39044,55.32523,2021,4,28,118,2021-04-28,7.21,10.62,3.23,73.99,0.02,17.49,3.69
11.39044,55.32523,2021,4,29,119,2021-04-29,7.32,11.44,4.63,83.78,2.49,11.06,5.88
11.39044,55.32523,2021,4,30,120,2021-04-30,8.07,10.64,4.97,77.25,0.22,19.33,2.64
11.39044,55.32523,2021,5,1,121,2021-05-01,7.52,10.08,4.79,75.19,0.04,20.96,3.76
11.39044,55.32523,2021,5,2,122,2021-05-02,7.44,10.75,4.75,79.63,1.49,15.45,4.06
11.39044,55.32523,2021,5,3,123,2021-05-03,7.11,8.93,5.57,81.43,1.97,15.07,4.33
11.39044,55.32523,2021,5,4,124,2021-05-04,7.7,9.37,6.49,89.29,11.99,7.25,7.87
11.39044,55.32523,2021,5,5,125,2021-05-05,6.94,8.73,5.58,88.81,7.31,9.49,7.16
11.39044,55.32523,2021,5,6,126,2021-05-06,6.31,7.84,4.83,85.26,2.62,12.54,6.58
11.39044,55.32523,2021,5,7,127,2021-05-07,5.8,8.5,3.85,86.35,2.91,15.71,4.3
11.39044,55.32523,2021,5,8,128,2021-05-08,7.95,10.27,4.75,77,0.83,22.17,4.94
11.39044,55.32523,2021,5,9,129,2021-05-09,12.62,16.57,6.94,84.62,11.8,22.33,5.73
11.39044,55.32523,2021,5,10,130,2021-05-10,13.72,17.03,10.75,89.23,2.45,11.97,3.98
11.39044,55.32523,2021,5,11,131,2021-05-11,10.61,11.82,9.58,90.58,14.4,8.25,4.94
11.39044,55.32523,2021,5,12,132,2021-05-12,11.46,13.27,9.89,90.98,3.08,8.52,3.67
11.39044,55.32523,2021,5,13,133,2021-05-13,11.04,12.68,9.47,91.06,1.79,8.44,3.49
11.39044,55.32523,2021,5,14,134,2021-05-14,12.69,16.89,8.7,82.1,0.81,12.5,2.15
11.39044,55.32523,2021,5,15,135,2021-05-15,10.37,12.48,8.47,84.24,0.75,7.74,4
11.39044,55.32523,2021,5,16,136,2021-05-16,10.99,13.2,8.26,86.87,2.37,15.14,2.98
11.39044,55.32523,2021,5,17,137,2021-05-17,11.63,14.25,8.38,84.07,1.15,22.09,2.09
11.39044,55.32523,2021,5,18,138,2021-05-18,11.33,13.47,9.59,82.6,2.38,17.63,2.97
11.39044,55.32523,2021,5,19,139,2021-05-19,10.65,13.02,8.04,80.62,0.7,21.97,3.84
11.39044,55.32523,2021,5,20,140,2021-05-20,10.25,12.6,7.7,77.79,0.08,20.33,5.21
11.39044,55.32523,2021,5,21,141,2021-05-21,11.19,13.73,9.1,85.89,4.88,15.14,4.49
11.39044,55.32523,2021,5,22,142,2021-05-22,11.16,13.21,9.21,85.56,3.36,12.84,6.86
11.39044,55.32523,2021,5,23,143,2021-05-23,10.4,12.32,8.49,78.89,1.4,15.32,7.24
11.39044,55.32523,2021,5,24,144,2021-05-24,12.53,16.43,8.49,78.66,0.03,19.32,5.37
11.39044,55.32523,2021,5,25,145,2021-05-25,10.96,11.82,9.57,88.65,8.57,8.78,3.58
11.39044,55.32523,2021,5,26,146,2021-05-26,10.03,11.51,8.54,85.45,7.31,9.52,6.1
11.39044,55.32523,2021,5,27,147,2021-05-27,10.9,13.19,8.88,84.51,1.82,15.46,3.51
11.39044,55.32523,2021,5,28,148,2021-05-28,11.97,14.86,8.2,78.4,0.08,24.42,3.11
11.39044,55.32523,2021,5,29,149,2021-05-29,12.5,16,8.68,78.28,0.02,25.71,2.47
11.39044,55.32523,2021,5,30,150,2021-05-30,14.84,18.24,11.45,73.35,0,27.58,1.24
11.39044,55.32523,2021,5,31,151,2021-05-31,15.26,19.03,10.87,76.92,0,28.45,2.91
11.39044,55.32523,2021,6,1,152,2021-06-01,13.58,17.58,10.06,82.88,0.08,20.15,2.77
11.39044,55.32523,2021,6,2,153,2021-06-02,13.74,16.53,10.48,80.46,0.49,25.08,4.78
11.39044,55.32523,2021,6,3,154,2021-06-03,15.76,19.58,12.12,76.88,0.44,21.85,6.43
11.39044,55.32523,2021,6,4,155,2021-06-04,14.65,17.19,12.65,85.01,3.93,18.62,4.47
11.39044,55.32523,2021,6,5,156,2021-06-05,15.57,19.36,11.54,74.86,0,25.82,3.73
11.39044,55.32523,2021,6,6,157,2021-06-06,17.26,21.36,12.49,64.73,0.01,16.04,2.05
11.39044,55.32523,2021,6,7,158,2021-06-07,16.01,17.39,14.25,82.89,0.18,14.37,1.94
11.39044,55.32523,2021,6,8,159,2021-06-08,15.87,18.85,12.01,79.43,0,27.9,3.19
11.39044,55.32523,2021,6,9,160,2021-06-09,16.83,20,12.5,78.81,0,28.64,2.92
11.39044,55.32523,2021,6,10,161,2021-06-10,17.31,20.08,13.45,79.23,0.05,25.48,2.25
11.39044,55.32523,2021,6,11,162,2021-06-11,17.97,20.87,14.81,82.3,0.11,19.39,3.39
11.39044,55.32523,2021,6,12,163,2021-06-12,15.3,17.11,12,76.27,0.45,21.13,7.54
11.39044,55.32523,2021,6,13,164,2021-06-13,14.82,17.93,11.55,75.78,0.02,26.83,6.68
11.39044,55.32523,2021,6,14,165,2021-06-14,16.52,20.16,12.46,82.47,0.14,22.4,5.04
11.39044,55.32523,2021,6,15,166,2021-06-15,15.42,18.21,12.47,72.1,0.02,26.38,3.69
11.39044,55.32523,2021,6,16,167,2021-06-16,16.46,19.54,13.35,71.7,0,28.87,2.92
11.39044,55.32523,2021,6,17,168,2021-06-17,20.12,24.3,14.16,81.12,0.02,24.08,5.07
11.39044,55.32523,2021,6,18,169,2021-06-18,21.85,26.04,18.33,82.54,0.08,24.2,2.41
11.39044,55.32523,2021,6,19,170,2021-06-19,20.93,24.37,17.35,82.93,0.3,23.26,3.43
11.39044,55.32523,2021,6,20,171,2021-06-20,19.2,23.55,14.69,84.37,3.92,16.31,5.52
11.39044,55.32523,2021,6,21,172,2021-06-21,14.64,15.74,13.21,84.48,12.44,6.94,4.59
11.39044,55.32523,2021,6,22,173,2021-06-22,16.54,19.05,14.02,77.68,0.05,19.05,4.32
11.39044,55.32523,2021,6,23,174,2021-06-23,17.36,18.87,15.79,83.94,0.69,15.11,2.71
11.39044,55.32523,2021,6,24,175,2021-06-24,17.26,19.09,15.34,77.2,0.14,21.78,2.44
11.39044,55.32523,2021,6,25,176,2021-06-25,16.99,18.71,14.7,72.61,0.07,22.57,2.31
11.39044,55.32523,2021,6,26,177,2021-06-26,18.34,20.59,15.68,76.55,0.31,20.26,2.25
11.39044,55.32523,2021,6,27,178,2021-06-27,17.82,19.6,16.05,80.8,0.25,18.48,2.73
11.39044,55.32523,2021,6,28,179,2021-06-28,18.57,21.82,14.18,67.88,0,28.29,1.84
11.39044,55.32523,2021,6,29,180,2021-06-29,19.59,23.08,16.71,75.05,0.13,20.83,2.42
11.39044,55.32523,2021,6,30,181,2021-06-30,19,20.75,17.2,86.26,13.78,7.3,4.88
11.39044,55.32523,2021,7,1,182,2021-07-01,18.33,19.86,16.91,83.42,1.69,19.15,5.16
11.39044,55.32523,2021,7,2,183,2021-07-02,18.42,20.5,16.57,88.43,6.16,10.58,3.72
11.39044,55.32523,2021,7,3,184,2021-07-03,18.88,20.97,16.69,87.95,2.12,10.21,2.26
11.39044,55.32523,2021,7,4,185,2021-07-04,19.61,21.73,17.08,84.23,2.1,19.94,2.15
11.39044,55.32523,2021,7,5,186,2021-07-05,18.87,21.74,16.35,86.9,6.12,14.45,3.52
11.39044,55.32523,2021,7,6,187,2021-07-06,19.14,22.42,15.9,84.95,4.55,15.01,4.22
11.39044,55.32523,2021,7,7,188,2021-07-07,19.09,21.74,16.61,76.42,0.19,23.52,3.86
11.39044,55.32523,2021,7,8,189,2021-07-08,19.6,22.34,16.74,83.94,2.78,16.85,2.87
11.39044,55.32523,2021,7,9,190,2021-07-09,18.98,21.59,16.62,80.33,13.95,16.38,3.28
11.39044,55.32523,2021,7,10,191,2021-07-10,18.16,20.79,16.51,83.86,17.7,12.13,5.91
11.39044,55.32523,2021,7,11,192,2021-07-11,18.47,21.56,14.75,74.99,0.03,23.99,1.76
11.39044,55.32523,2021,7,12,193,2021-07-12,20.31,23.54,16.99,78.2,0.03,23.42,4.88
11.39044,55.32523,2021,7,13,194,2021-07-13,21.09,24.26,17.69,84.56,0.23,20.73,3.54
11.39044,55.32523,2021,7,14,195,2021-07-14,22.28,25.96,18.46,84.78,1.26,18.19,2.55
11.39044,55.32523,2021,7,15,196,2021-07-15,22.41,25.33,19.53,83.15,0.03,22.76,2.1
11.39044,55.32523,2021,7,16,197,2021-07-16,22.67,26.07,19.28,83.11,0.14,24.52,3.42
11.39044,55.32523,2021,7,17,198,2021-07-17,20.89,23.95,18.02,78.94,0.02,26.22,5.16
11.39044,55.32523,2021,7,18,199,2021-07-18,18.56,20.77,16.02,76.54,0.06,22.35,7.18
11.39044,55.32523,2021,7,19,200,2021-07-19,18.28,21.32,14.65,73.56,0.12,24.44,3.67
11.39044,55.32523,2021,7,20,201,2021-07-20,17.58,20.03,14.91,79.25,0.3,13.56,5.87
11.39044,55.32523,2021,7,21,202,2021-07-21,17.59,19.65,15.04,76.11,0.18,10.42,3.36
11.39044,55.32523,2021,7,22,203,2021-07-22,17.89,19.85,15.87,77.24,0.31,18.2,2.46
11.39044,55.32523,2021,7,23,204,2021-07-23,17.92,20.49,14.97,78.04,0.09,18.18,1.84
11.39044,55.32523,2021,7,24,205,2021-07-24,20.02,23.2,16.25,77.67,0,23.68,3.83
11.39044,55.32523,2021,7,25,206,2021-07-25,20.93,23.85,18.93,79.18,0.91,8.32,6.4
11.39044,55.32523,2021,7,26,207,2021-07-26,21.16,23.35,18.89,84.95,1.38,11.62,3.23
11.39044,55.32523,2021,7,27,208,2021-07-27,20.33,22.71,18.02,86.15,2.95,18.88,2.73
11.39044,55.32523,2021,7,28,209,2021-07-28,19.7,21.85,17.48,81.5,6.8,16.85,4.3
11.39044,55.32523,2021,7,29,210,2021-07-29,17.27,18.31,16.1,80.12,5.89,14.64,8.38
11.39044,55.32523,2021,7,30,211,2021-07-30,18.5,20.82,16.16,79.88,2.81,16,7.99
11.39044,55.32523,2021,7,31,212,2021-07-31,17.76,20.08,15.6,82.73,5.41,14.11,5.54
11.39044,55.32523,2021,8,1,213,2021-08-01,16.73,19.39,14.72,76.81,0.93,17.92,5.77
11.39044,55.32523,2021,8,2,214,2021-08-02,17.01,19.89,14.32,79.07,1.46,18.47,5.77
11.39044,55.32523,2021,8,3,215,2021-08-03,16.57,18.96,14.17,74.68,0.32,14.82,3.75
11.39044,55.32523,2021,8,4,216,2021-08-04,16.44,19.01,13.3,70.76,0.03,21.83,2.3
11.39044,55.32523,2021,8,5,217,2021-08-05,17.71,20.93,14.27,71.53,0.22,20.12,3.32
11.39044,55.32523,2021,8,6,218,2021-08-06,18.28,21.95,14.9,78.37,2.4,18.99,6.37
11.39044,55.32523,2021,8,7,219,2021-08-07,18.36,20.85,16.23,80.53,6.14,16.5,3.62
11.39044,55.32523,2021,8,8,220,2021-08-08,18,19.96,16.43,84.01,6.44,13.92,4.44
11.39044,55.32523,2021,8,9,221,2021-08-09,17.63,19.72,15.87,82.4,4.55,11.5,5.08
11.39044,55.32523,2021,8,10,222,2021-08-10,16.94,18.7,15.56,84.52,6.48,15.42,4.15
11.39044,55.32523,2021,8,11,223,2021-08-11,17.7,20.49,14.25,82.22,1,19.19,3.75
11.39044,55.32523,2021,8,12,224,2021-08-12,19.19,22.74,15.35,78.61,0.08,19.13,2.53
11.39044,55.32523,2021,8,13,225,2021-08-13,18.94,22.5,15.91,80.62,0.86,15.9,4.36
11.39044,55.32523,2021,8,14,226,2021-08-14,17.68,20.94,15.34,79.4,1.44,13.05,6.76
11.39044,55.32523,2021,8,15,227,2021-08-15,17.52,20.18,15.12,78.8,1.79,16.45,5.37
11.39044,55.32523,2021,8,16,228,2021-08-16,15.89,18.06,13.19,81.12,7.15,11.9,3.91
11.39044,55.32523,2021,8,17,229,2021-08-17,16.48,19.59,13.34,82.13,10.04,15.02,8.1
11.39044,55.32523,2021,8,18,230,2021-08-18,16.09,17.96,14.55,83.21,3.55,8.13,8.83
11.39044,55.32523,2021,8,19,231,2021-08-19,16.06,18.64,14.13,80.06,0.89,14.17,6.92
11.39044,55.32523,2021,8,20,232,2021-08-20,15.84,18.27,13.34,80.58,1.09,13.12,4.35
11.39044,55.32523,2021,8,21,233,2021-08-21,15.66,18.28,12.52,75.23,1.03,18.41,2.64
11.39044,55.32523,2021,8,22,234,2021-08-22,16.59,19.64,13.21,73.81,0.05,19.5,2.95
11.39044,55.32523,2021,8,23,235,2021-08-23,16.5,20.2,12.55,76.31,0.05,19.49,3.05
11.39044,55.32523,2021,8,24,236,2021-08-24,16.97,20.32,14,79.15,0.05,18.38,1.47
11.39044,55.32523,2021,8,25,237,2021-08-25,16.95,19.59,14.49,85.15,1.23,9.8,6.61
11.39044,55.32523,2021,8,26,238,2021-08-26,15.02,15.65,13.94,80.82,3.45,6.8,7.34
11.39044,55.32523,2021,8,27,239,2021-08-27,16.03,18.6,14.28,87.09,5.35,12.03,6.15
11.39044,55.32523,2021,8,28,240,2021-08-28,15.74,17.36,14.95,89.34,5.26,4.94,6.23
11.39044,55.32523,2021,8,29,241,2021-08-29,17.12,19.15,15.38,87.94,1.69,7.81,5.46
11.39044,55.32523,2021,8,30,242,2021-08-30,16.92,19.38,14.95,82.46,0.51,17.76,4.67
11.39044,55.32523,2021,8,31,243,2021-08-31,16.92,19.99,13.46,81.05,0.03,18.59,3.38
11.39044,55.32523,2021,9,1,244,2021-09-01,17.46,20.78,14.48,83.22,0.27,18.77,3.16
11.39044,55.32523,2021,9,2,245,2021-09-02,16.8,20.06,13.58,83.13,0.45,17.67,2.93
11.39044,55.32523,2021,9,3,246,2021-09-03,16.3,19.67,13.48,83.85,0.04,18.31,4.47
11.39044,55.32523,2021,9,4,247,2021-09-04,15.66,19.09,12.53,79.65,0.08,17.76,3.96
11.39044,55.32523,2021,9,5,248,2021-09-05,15.04,18.51,11.82,72.99,0.02,16.78,4.29
11.39044,55.32523,2021,9,6,249,2021-09-06,16.04,19.41,12.89,81.33,0.03,9.86,1.96
11.39044,55.32523,2021,9,7,250,2021-09-07,15.8,18.52,13.12,86.1,0.72,12.75,2.18
11.39044,55.32523,2021,9,8,251,2021-09-08,18.21,21.44,14.6,85.81,0.07,13.97,2.41
11.39044,55.32523,2021,9,9,252,2021-09-09,18.65,22.78,15.31,80.65,0,16.49,2.71
11.39044,55.32523,2021,9,10,253,2021-09-10,17.88,22.12,14.58,89.65,11.47,9.46,2.42
11.39044,55.32523,2021,9,11,254,2021-09-11,18.56,20.86,17.06,90.33,7.5,9.22,3.65
11.39044,55.32523,2021,9,12,255,2021-09-12,17.72,20.14,15.12,84.63,1.21,11.33,5.65
11.39044,55.32523,2021,9,13,256,2021-09-13,15.89,17.91,14.08,81.99,0.91,9.78,3.67
11.39044,55.32523,2021,9,14,257,2021-09-14,15.97,18.08,14.09,75.99,0.82,9.67,2.23
11.39044,55.32523,2021,9,15,258,2021-09-15,16.08,18.25,14.08,90.25,24.23,4.17,5.54
11.39044,55.32523,2021,9,16,259,2021-09-16,16.86,19.08,15.16,90.73,3.06,7.23,3.58
11.39044,55.32523,2021,9,17,260,2021-09-17,14.71,16.08,13.08,89.03,3.4,5.35,5.56
11.39044,55.32523,2021,9,18,261,2021-09-18,14.32,16.94,12.52,80.34,0.5,7.6,4.29
11.39044,55.32523,2021,9,19,262,2021-09-19,12.63,14.98,9.71,73.49,0.17,9.8,4.5
11.39044,55.32523,2021,9,20,263,2021-09-20,12.06,14.12,9.37,70.82,0.15,10.65,2.76
11.39044,55.32523,2021,9,21,264,2021-09-21,13.12,16.35,10.41,81.98,2.25,5.34,3.97
11.39044,55.32523,2021,9,22,265,2021-09-22,15.04,18.51,11.85,86.51,0.83,13.55,4.96
11.39044,55.32523,2021,9,23,266,2021-09-23,14.87,16.51,13.01,84.05,3.55,3.08,9.87
11.39044,55.32523,2021,9,24,267,2021-09-24,14.61,17.26,11.88,84.53,1.71,6.06,7.31
11.39044,55.32523,2021,9,25,268,2021-09-25,15.2,17.31,13.62,83.84,0.12,11.94,4.43
11.39044,55.32523,2021,9,26,269,2021-09-26,15.21,18.64,12.12,89.39,0.75,8.23,4.22
11.39044,55.32523,2021,9,27,270,2021-09-27,16.21,17.5,14.79,93.23,8.42,2.21,5.51
11.39044,55.32523,2021,9,28,271,2021-09-28,14.79,16.62,12.19,80.82,1.71,12.79,2.66
11.39044,55.32523,2021,9,29,272,2021-09-29,13.3,14.92,11.6,92.66,12.8,6.3,4.54
11.39044,55.32523,2021,9,30,273,2021-09-30,12.97,14.05,12.02,84.61,6.11,4.68,7.5
11.39044,55.32523,2021,10,1,274,2021-10-01,13.69,15.88,11.83,80,12.86,5.86,8.35
11.39044,55.32523,2021,10,2,275,2021-10-02,13.98,15.07,12.99,89.1,2.54,4,5.54
11.39044,55.32523,2021,10,3,276,2021-10-03,15.49,16.82,13.64,87.98,9.87,3.48,8.07
11.39044,55.32523,2021,10,4,277,2021-10-04,13.29,15.12,11.9,89.52,0.43,4.63,4.96
11.39044,55.32523,2021,10,5,278,2021-10-05,12.16,13.36,11.12,94.88,11.45,3,4.25
11.39044,55.32523,2021,10,6,279,2021-10-06,12.56,14.61,10.92,89.65,0.34,7.21,3.52
11.39044,55.32523,2021,10,7,280,2021-10-07,12.59,15.93,10.1,86.84,0.12,9.32,1.99
11.39044,55.32523,2021,10,8,281,2021-10-08,12.23,15.24,10.22,92.35,0.27,6.68,2.43
11.39044,55.32523,2021,10,9,282,2021-10-09,11.44,14.3,9.62,84.65,0.2,8.89,3.44
11.39044,55.32523,2021,10,10,283,2021-10-10,10.37,12.39,8.32,83.57,1.6,6.6,4.45
11.39044,55.32523,2021,10,11,284,2021-10-11,11.06,13.44,9.07,86.44,1.41,8.29,6.8
11.39044,55.32523,2021,10,12,285,2021-10-12,9.54,11.56,8.06,77.82,0.68,9.61,5.51
11.39044,55.32523,2021,10,13,286,2021-10-13,9.43,11.27,7.15,82.21,2.66,7.73,4.23
11.39044,55.32523,2021,10,14,287,2021-10-14,12.03,13.82,10.17,91.39,2.33,5.16,6.13
11.39044,55.32523,2021,10,15,288,2021-10-15,11.26,13.02,8.85,82.01,5.31,7.2,7.82
11.39044,55.32523,2021,10,16,289,2021-10-16,9.61,11.63,7.76,84.7,1.65,5.55,5.96
11.39044,55.32523,2021,10,17,290,2021-10-17,10.16,11.77,8.83,86.83,0.93,5.76,3.19
11.39044,55.32523,2021,10,18,291,2021-10-18,10.39,11.27,8.98,96.26,4.71,1.92,3.06
11.39044,55.32523,2021,10,19,292,2021-10-19,11.8,14.53,9.74,96.1,8.08,2.58,5.31
11.39044,55.32523,2021,10,20,293,2021-10-20,13.94,14.85,12.8,92.82,6.36,1.79,8.42
11.39044,55.32523,2021,10,21,294,2021-10-21,10.12,12.55,7.95,84.73,17.9,4.26,8
11.39044,55.32523,2021,10,22,295,2021-10-22,8.2,9.11,7.35,83.43,7.5,5.69,9.52
11.39044,55.32523,2021,10,23,296,2021-10-23,8.59,10.94,7.19,83.15,0.05,7.31,5.76
11.39044,55.32523,2021,10,24,297,2021-10-24,9.24,11.49,7.22,87.56,0.71,5.58,5.43
11.39044,55.32523,2021,10,25,298,2021-10-25,9.06,11.08,6.59,93.44,3.48,5.29,4.72
11.39044,55.32523,2021,10,26,299,2021-10-26,10.73,12.12,9.41,91.63,4.21,5.15,4.9
11.39044,55.32523,2021,10,27,300,2021-10-27,12.66,14.12,10.81,94.24,2.81,1.88,7.28
11.39044,55.32523,2021,10,28,301,2021-10-28,11.94,13.59,10.03,92.16,0.5,5.81,5.73
11.39044,55.32523,2021,10,29,302,2021-10-29,10.74,12.99,8.85,90.79,0.09,6.14,5.83
11.39044,55.32523,2021,10,30,303,2021-10-30,10.58,11.94,9.2,92.78,0.85,3.09,4.85
11.39044,55.32523,2021,10,31,304,2021-10-31,11.32,12.87,9.18,91.69,3.17,3.58,5.49
11.39044,55.32523,2021,11,1,305,2021-11-01,10.86,12.31,9.05,92.49,2.53,2.83,5.11
11.39044,55.32523,2021,11,2,306,2021-11-02,9.06,10.61,7.46,97.6,0.9,3.34,2.35
11.39044,55.32523,2021,11,3,307,2021-11-03,8.65,10.27,7.42,90.24,1.62,3.73,1.82
11.39044,55.32523,2021,11,4,308,2021-11-04,8.23,8.69,7.54,93.14,3.48,1.76,5.3
11.39044,55.32523,2021,11,5,309,2021-11-05,8.76,10.68,6.82,90.83,1.2,4.63,6.72
11.39044,55.32523,2021,11,6,310,2021-11-06,10.13,11.27,8.75,92.85,7.66,1.54,7.54
11.39044,55.32523,2021,11,7,311,2021-11-07,9.5,10.86,8.56,90.59,3.8,4.46,6.97
11.39044,55.32523,2021,11,8,312,2021-11-08,7.4,8.59,6.3,90.51,1.9,2.36,3.47
11.39044,55.32523,2021,11,9,313,2021-11-09,8.73,9.41,6.77,92.79,2.9,1.99,6.44
11.39044,55.32523,2021,11,10,314,2021-11-10,9.54,11.09,8.64,94.92,1.24,1.75,4.34
11.39044,55.32523,2021,11,11,315,2021-11-11,9.45,11.03,7.66,94.92,2.13,2.19,3.76
11.39044,55.32523,2021,11,12,316,2021-11-12,8.35,10.04,6.92,94.9,1.58,2.05,4.54
11.39044,55.32523,2021,11,13,317,2021-11-13,7.42,8.13,7.06,90.2,1.58,0.98,4.42
11.39044,55.32523,2021,11,14,318,2021-11-14,7.76,9,6.97,92.96,1.07,0.96,4.83
11.39044,55.32523,2021,11,15,319,2021-11-15,7.37,8.64,6.15,86.06,0.88,0.56,3.32
11.39044,55.32523,2021,11,16,320,2021-11-16,6.06,7.33,5.48,84.35,1.37,0.45,2.6
11.39044,55.32523,2021,11,17,321,2021-11-17,6.1,8.39,4.85,94.13,2.56,1.2,5.27
11.39044,55.32523,2021,11,18,322,2021-11-18,8.85,10.76,6.07,95.47,6.31,0.81,7.06
11.39044,55.32523,2021,11,19,323,2021-11-19,10.62,11.56,9.39,94.12,1.34,1.65,8.3
11.39044,55.32523,2021,11,20,324,2021-11-20,9.82,10.9,9.05,92.87,2.41,1.62,7.83
11.39044,55.32523,2021,11,21,325,2021-11-21,6.67,9.21,4.71,89.44,1.49,2.55,5.44
11.39044,55.32523,2021,11,22,326,2021-11-22,5.03,7.64,2.93,83.03,1.31,3.36,4.47
11.39044,55.32523,2021,11,23,327,2021-11-23,6.96,8.17,6.07,96.75,0.25,2.5,5.59
11.39044,55.32523,2021,11,24,328,2021-11-24,7.61,8.5,6.98,95.4,0.87,1.87,5.78
11.39044,55.32523,2021,11,25,329,2021-11-25,6.63,8.18,4.5,92.51,3.65,1.9,6.41
11.39044,55.32523,2021,11,26,330,2021-11-26,4.36,4.86,3.85,90.06,1.01,1.98,4.64
11.39044,55.32523,2021,11,27,331,2021-11-27,4.26,4.86,3.55,89.04,3.74,1.46,4.63
11.39044,55.32523,2021,11,28,332,2021-11-28,3.51,4.12,3.08,91.49,3.35,1.3,3.03
11.39044,55.32523,2021,11,29,333,2021-11-29,2.25,3.31,0.88,84.5,0.85,1.97,4.06
11.39044,55.32523,2021,11,30,334,2021-11-30,3.16,5.55,1.21,84.99,5.61,1.51,6.89
11.39044,55.32523,2021,12,1,335,2021-12-01,3.92,6.87,1.43,94.34,20.3,0.64,6.17
11.39044,55.32523,2021,12,2,336,2021-12-02,1.51,2.57,0.19,85.43,4.89,1.51,8.4
11.39044,55.32523,2021,12,3,337,2021-12-03,3.06,5.77,2.13,94.36,12.45,0.66,6.38
11.39044,55.32523,2021,12,4,338,2021-12-04,4.47,5.47,3.6,97.75,1.21,1.16,3.9
11.39044,55.32523,2021,12,5,339,2021-12-05,1.42,4.36,-0.89,93.21,2.49,1.04,8.58
11.39044,55.32523,2021,12,6,340,2021-12-06,0.52,2.07,-1.25,84.87,0.7,1.63,6.25
11.39044,55.32523,2021,12,7,341,2021-12-07,1.51,2.19,1.03,84.29,1.18,1.17,7.07
11.39044,55.32523,2021,12,8,342,2021-12-08,1.78,2.11,1.19,90.2,3.6,0.31,8.62
11.39044,55.32523,2021,12,9,343,2021-12-09,1.26,1.72,0.61,91.49,1.52,0.32,4.72
11.39044,55.32523,2021,12,10,344,2021-12-10,1.13,2.24,0.47,92.75,6.87,0.64,2.43
11.39044,55.32523,2021,12,11,345,2021-12-11,1.41,2.71,0.88,93.62,2.41,0.91,2.61
11.39044,55.32523,2021,12,12,346,2021-12-12,3.08,4.35,1.38,97.32,3.68,0.92,3.45
11.39044,55.32523,2021,12,13,347,2021-12-13,5.34,6.53,3.84,99.03,3.23,0.95,3.24
11.39044,55.32523,2021,12,14,348,2021-12-14,5.13,6.54,4.15,96.9,3.76,1.82,3.85
11.39044,55.32523,2021,12,15,349,2021-12-15,6.75,7.43,5.58,96.51,1.49,1.19,6.03
11.39044,55.32523,2021,12,16,350,2021-12-16,5.48,7.11,4.15,97.5,0.42,2.52,5.83
11.39044,55.32523,2021,12,17,351,2021-12-17,4.53,5.19,3.63,97.84,0.86,1.01,3.62
11.39044,55.32523,2021,12,18,352,2021-12-18,6.14,6.72,5.33,96.19,1.28,1.43,5.3
11.39044,55.32523,2021,12,19,353,2021-12-19,4.99,6.47,2.57,88.63,0.6,2.19,7.35
11.39044,55.32523,2021,12,20,354,2021-12-20,2.08,4.18,0.93,97.08,0.01,2.31,3.97
11.39044,55.32523,2021,12,21,355,2021-12-21,1.6,2.22,1.15,89.77,1.79,1.3,2.06
11.39044,55.32523,2021,12,22,356,2021-12-22,1.94,2.45,0.93,97.3,2.54,0.89,4.14
11.39044,55.32523,2021,12,23,357,2021-12-23,0.63,1.37,0.21,91.39,5.46,0.64,3.06
11.39044,55.32523,2021,12,24,358,2021-12-24,-1.05,1.22,-3.2,81.38,0.67,1.52,5.2
11.39044,55.32523,2021,12,25,359,2021-12-25,-1.33,0.68,-2.6,83.28,0,2.28,3.9
11.39044,55.32523,2021,12,26,360,2021-12-26,-1.22,0.34,-2.53,95.11,0.01,2.02,2.61
11.39044,55.32523,2021,12,27,361,2021-12-27,-1.12,0.05,-2.62,80.3,0.59,1.66,6.99
11.39044,55.32523,2021,12,28,362,2021-12-28,0.78,1.44,-0.13,93.96,2.09,0.6,6.61
11.39044,55.32523,2021,12,29,363,2021-12-29,1.59,2.12,0.96,97.99,1.87,1,2.51
11.39044,55.32523,2021,12,30,364,2021-12-30,3.82,5.54,2.08,99.19,1.99,0.7,5.55
11.39044,55.32523,2021,12,31,365,2021-12-31,5.86,6.72,5.24,99.51,13.25,0.7,4.7
11.39044,55.32523,2022,1,1,1,2022-01-01,6.24,7.4,5.59,99.03,2.2,0.82,3.57
11.39044,55.32523,2022,1,2,2,2022-01-02,6.88,7.69,6.17,97.09,8.05,0.23,4.73
11.39044,55.32523,2022,1,3,3,2022-01-03,5.92,6.84,5.32,95.58,2.91,1.16,6.81
11.39044,55.32523,2022,1,4,4,2022-01-04,3.08,5.54,2.28,93.2,3.17,1.35,3.67
11.39044,55.32523,2022,1,5,5,2022-01-05,2.97,3.77,0.86,90.66,2.69,0.99,7.03
11.39044,55.32523,2022,1,6,6,2022-01-06,1.03,2.5,-0.05,87.86,0.04,2.73,4.06
11.39044,55.32523,2022,1,7,7,2022-01-07,2.33,2.98,1.3,96.56,5.21,0.74,6.38
11.39044,55.32523,2022,1,8,8,2022-01-08,2.77,4.34,2.06,95.23,1.94,1.96,5.62
11.39044,55.32523,2022,1,9,9,2022-01-09,1.84,2.15,1.45,91.36,4.89,0.54,6.67
11.39044,55.32523,2022,1,10,10,2022-01-10,1.44,3.41,0.6,94.14,0.23,2.1,4.93
11.39044,55.32523,2022,1,11,11,2022-01-11,1.95,3.27,0.37,94.52,1.23,0.72,5.09
11.39044,55.32523,2022,1,12,12,2022-01-12,3.49,5.13,0.61,97.47,0.7,1.39,4.83
11.39044,55.32523,2022,1,13,13,2022-01-13,5.6,6.36,4.6,96.85,0.89,1.4,7.68
11.39044,55.32523,2022,1,14,14,2022-01-14,4.4,6.66,0.58,92.56,0.23,3.19,7.43
11.39044,55.32523,2022,1,15,15,2022-01-15,1.8,3.04,0.3,97.42,0.75,2.33,3.58
11.39044,55.32523,2022,1,16,16,2022-01-16,4.01,5.42,2.88,94.67,1.11,1.13,7.24
11.39044,55.32523,2022,1,17,17,2022-01-17,3.58,6.44,0.79,84.25,1.29,3.45,9.01
11.39044,55.32523,2022,1,18,18,2022-01-18,3.21,5.41,0.78,98.37,0.77,1.74,4.79
11.39044,55.32523,2022,1,19,19,2022-01-19,3.84,5.5,2.33,92.33,1.01,0.56,9.01
11.39044,55.32523,2022,1,20,20,2022-01-20,1.26,2.46,0.52,72.7,0.12,3.23,9.94
11.39044,55.32523,2022,1,21,21,2022-01-21,2.19,3.73,0.4,90.28,0.23,3.32,5.83
11.39044,55.32523,2022,1,22,22,2022-01-22,3.24,4.59,1.83,93.88,0.71,2.2,2.74
11.39044,55.32523,2022,1,23,23,2022-01-23,4.75,5.08,4.36,98.16,0.98,2.01,3.76
11.39044,55.32523,2022,1,24,24,2022-01-24,4.09,4.74,3.38,96.22,1.21,1.07,5.17
11.39044,55.32523,2022,1,25,25,2022-01-25,4.7,5.03,3.9,96.17,1.34,2.92,4.98
11.39044,55.32523,2022,1,26,26,2022-01-26,4.78,5.76,3.96,95.68,1.04,1.72,7.4
11.39044,55.32523,2022,1,27,27,2022-01-27,5.65,6.97,4.81,88.3,4.39,2.86,11.19
11.39044,55.32523,2022,1,28,28,2022-01-28,3.65,4.94,2.67,88.78,0.41,4.85,6.93
11.39044,55.32523,2022,1,29,29,2022-01-29,5.88,7.79,3.8,89.3,8.97,1.22,12.2
11.39044,55.32523,2022,1,30,30,2022-01-30,4.15,5.5,1.11,81.08,0.68,5.16,11.78
11.39044,55.32523,2022,1,31,31,2022-01-31,2.07,3.36,1.13,89.27,1,2.37,2.59
11.39044,55.32523,2022,2,1,32,2022-02-01,3.47,6.04,1.29,92.97,6.44,1.59,7.78
11.39044,55.32523,2022,2,2,33,2022-02-02,3.43,4.81,1.84,89.4,2.7,4.25,7.2
11.39044,55.32523,2022,2,3,34,2022-02-03,4.66,6.04,3.62,96.92,8.78,1.28,5.14
11.39044,55.32523,2022,2,4,35,2022-02-04,4.69,5.97,2.89,95.91,7.49,0.9,6.49
11.39044,55.32523,2022,2,5,36,2022-02-05,4.03,5.42,2.76,90.14,6.4,4.01,8.88
11.39044,55.32523,2022,2,6,37,2022-02-06,4.44,5.51,2.25,93.23,6.68,2.52,6.31
11.39044,55.32523,2022,2,7,38,2022-02-07,3.43,5.43,2.03,89.2,0.08,5.7,8.28
11.39044,55.32523,2022,2,8,39,2022-02-08,5.28,7.09,3.13,94.82,2.73,4.08,7.02
11.39044,55.32523,2022,2,9,40,2022-02-09,5.54,7.18,3.65,94.98,4.36,3.2,6.65
11.39044,55.32523,2022,2,10,41,2022-02-10,3.89,5.41,2.68,94.59,1.15,4.09,5.54
11.39044,55.32523,2022,2,11,42,2022-02-11,2.1,3.93,-0.11,89.28,2.48,5.15,5.1
11.39044,55.32523,2022,2,12,43,2022-02-12,2.08,3.61,-0.06,85.4,0,5.2,7.02
11.39044,55.32523,2022,2,13,44,2022-02-13,3.03,4.24,1.9,83.29,0.69,3.06,7.6
11.39044,55.32523,2022,2,14,45,2022-02-14,5.47,8.09,3.74,88.35,0.67,3.09,7.76
11.39044,55.32523,2022,2,15,46,2022-02-15,4.91,5.87,3.3,89.46,6.33,5.16,7.96
11.39044,55.32523,2022,2,16,47,2022-02-16,5.26,7.76,2.72,93.94,20.4,1.28,8.48
11.39044,55.32523,2022,2,17,48,2022-02-17,4.65,7.31,3.69,90.43,6.71,4.2,9.8
11.39044,55.32523,2022,2,18,49,2022-02-18,3.87,6.46,1.83,91.81,14.35,1.91,8.71
11.39044,55.32523,2022,2,19,50,2022-02-19,3.95,5.54,2.74,88.48,2.81,5.04,10.57
11.39044,55.32523,2022,2,20,51,2022-02-20,3.65,6.42,1.19,94.92,11.99,2.8,7.33
11.39044,55.32523,2022,2,21,52,2022-02-21,4.63,6.93,3.25,91.44,2.96,5.53,9.7
11.39044,55.32523,2022,2,22,53,2022-02-22,3.49,5.03,1.07,86.66,7.09,4.9,5.76
11.39044,55.32523,2022,2,23,54,2022-02-23,4.91,6.71,3.66,86.89,0.08,7.09,8.37
11.39044,55.32523,2022,2,24,55,2022-02-24,4.82,6.84,1.86,88.36,8.74,3.45,8.31
11.39044,55.32523,2022,2,25,56,2022-02-25,3.82,5.27,2.51,92.37,2.18,6.66,6.76
11.39044,55.32523,2022,2,26,57,2022-02-26,3.72,7.13,0.94,77.21,0.01,9.99,2.67
11.39044,55.32523,2022,2,27,58,2022-02-27,2.01,4.7,0.23,89.91,0.02,9.47,4.01
11.39044,55.32523,2022,2,28,59,2022-02-28,2.89,5.49,0.94,88.73,0.02,10.2,5.38
11.39044,55.32523,2022,3,1,60,2022-03-01,2.12,3.42,0.94,85.07,0.68,5.28,4.15
11.39044,55.32523,2022,3,2,61,2022-03-02,1.94,4.08,0.89,94.44,1.25,7.68,2.15
11.39044,55.32523,2022,3,3,62,2022-03-03,2.53,6.31,0.48,91.78,0.74,9.35,2.85
11.39044,55.32523,2022,3,4,63,2022-03-04,1.71,4.78,0.01,87.52,0.59,9.96,3.31
11.39044,55.32523,2022,3,5,64,2022-03-05,1.47,3.38,-0.27,77.53,0.7,7.53,2.52
11.39044,55.32523,2022,3,6,65,2022-03-06,1.82,4.51,-0.05,85.69,0.11,10.82,3.08
11.39044,55.32523,2022,3,7,66,2022-03-07,2.5,5.76,0.11,85.83,0.06,11.72,2.41
11.39044,55.32523,2022,3,8,67,2022-03-08,1.89,4.83,0.14,91.15,1.44,10.96,2.24
11.39044,55.32523,2022,3,9,68,2022-03-09,1.22,4.85,-1.3,93.06,0.32,9.24,2.79
11.39044,55.32523,2022,3,10,69,2022-03-10,3.2,5.99,0.7,90.88,0.47,11.08,6.36
11.39044,55.32523,2022,3,11,70,2022-03-11,2.68,5.38,0.47,71.78,0.01,13.06,8.25
11.39044,55.32523,2022,3,12,71,2022-03-12,3.25,6.74,0.85,75.03,0.61,13.23,7.15
11.39044,55.32523,2022,3,13,72,2022-03-13,4,7.41,1.1,79.34,0,13.36,6.82
11.39044,55.32523,2022,3,14,73,2022-03-14,4.46,7.99,2.23,80.86,0.03,12.61,4.81
11.39044,55.32523,2022,3,15,74,2022-03-15,3.11,4.23,1.77,96.65,1.68,7.56,1.81
11.39044,55.32523,2022,3,16,75,2022-03-16,2.61,5.27,0.38,95.11,0.93,7.04,3.24
11.39044,55.32523,2022,3,17,76,2022-03-17,4.28,6.13,2.44,94.19,3.19,2.25,7
11.39044,55.32523,2022,3,18,77,2022-03-18,4.66,7.77,2.03,91.6,0.21,14.45,3.69
11.39044,55.32523,2022,3,19,78,2022-03-19,4.44,8.52,1.53,85.21,0.02,15.04,3.59
11.39044,55.32523,2022,3,20,79,2022-03-20,4.2,7.58,1.7,83.25,0.06,14.55,6.83
11.39044,55.32523,2022,3,21,80,2022-03-21,5.03,8.23,2.35,75,0,13.42,5.63
11.39044,55.32523,2022,3,22,81,2022-03-22,6.04,11.03,2.12,76.02,0,13.16,2.01
11.39044,55.32523,2022,3,23,82,2022-03-23,4.99,9.4,1.48,84.98,0,14.39,2.01
11.39044,55.32523,2022,3,24,83,2022-03-24,6.79,10.98,3.46,80.04,0.14,14.8,1.34
11.39044,55.32523,2022,3,25,84,2022-03-25,6.92,11.1,3.41,90.35,0.02,14.48,4.6
11.39044,55.32523,2022,3,26,85,2022-03-26,6.81,9.48,4.44,86.97,0.13,15.19,4.84
11.39044,55.32523,2022,3,27,86,2022-03-27,6.41,9.96,3.1,87.8,0.01,15.03,3.8
11.39044,55.32523,2022,3,28,87,2022-03-28,6.32,9.47,3.79,89.49,0.1,13.73,6.78
11.39044,55.32523,2022,3,29,88,2022-03-29,4.56,7.14,2.42,83.62,0.01,13.21,4.95
11.39044,55.32523,2022,3,30,89,2022-03-30,2.02,3.49,0.56,84.25,1.04,9.22,4.93
11.39044,55.32523,2022,3,31,90,2022-03-31,2.45,4.9,0.48,68.1,0.01,16.1,4.57
11.39044,55.32523,2022,4,1,91,2022-04-01,2.26,4.9,0.19,72.15,0,15.03,4.93
11.39044,55.32523,2022,4,2,92,2022-04-02,1.57,3.47,-0.68,72.62,0.08,15.8,3.67
11.39044,55.32523,2022,4,3,93,2022-04-03,3.71,6.46,0.62,83.02,1.07,13.41,5.25
11.39044,55.32523,2022,4,4,94,2022-04-04,4.75,7.77,3.13,90.03,11.65,4.7,10.57
11.39044,55.32523,2022,4,5,95,2022-04-05,3.72,5.49,1.76,81.57,0.12,14.97,6.32
11.39044,55.32523,2022,4,6,96,2022-04-06,5.14,8.09,1.33,93.16,9.25,6.53,5.88
11.39044,55.32523,2022,4,7,97,2022-04-07,6.44,7.59,4.12,92.85,8.59,7.58,6.93
11.39044,55.32523,2022,4,8,98,2022-04-08,4.03,5.88,2.49,84.03,2.28,14.68,8.48
11.39044,55.32523,2022,4,9,99,2022-04-09,4.59,6.49,2.26,82.73,0.49,17.3,8.85
11.39044,55.32523,2022,4,10,100,2022-04-10,4.61,6.64,2.85,80.79,0.24,18.29,8.43
11.39044,55.32523,2022,4,11,101,2022-04-11,4.87,7.81,1.68,81.31,0,18.86,4.11
11.39044,55.32523,2022,4,12,102,2022-04-12,5.27,7.71,1.97,78.82,0,14.12,4.35
11.39044,55.32523,2022,4,13,103,2022-04-13,8.03,12.13,4.59,86.63,1.64,12.18,4.74
11.39044,55.32523,2022,4,14,104,2022-04-14,8.01,11.12,6.55,94.1,0.77,9.7,3.55
11.39044,55.32523,2022,4,15,105,2022-04-15,6.83,7.97,4.6,89.4,0.37,6.32,3.66
11.39044,55.32523,2022,4,16,106,2022-04-16,7.01,9.77,3.63,77.27,0,21.7,1.76
11.39044,55.32523,2022,4,17,107,2022-04-17,8.32,11.79,5.03,69.77,0,21.87,1.17
11.39044,55.32523,2022,4,18,108,2022-04-18,8.27,12.94,3.52,74.18,0,20.95,1.35
11.39044,55.32523,2022,4,19,109,2022-04-19,9.02,12.37,5.65,77.48,0,21.12,2.22
11.39044,55.32523,2022,4,20,110,2022-04-20,9.65,13.3,6.31,76.44,0,21.19,2.21
11.39044,55.32523,2022,4,21,111,2022-04-21,9.33,14.01,4.6,81.85,0,21.97,3.35
11.39044,55.32523,2022,4,22,112,2022-04-22,9.4,13.97,5.53,81.85,0,21.96,5.42
11.39044,55.32523,2022,4,23,113,2022-04-23,8.78,12.45,4.61,81.63,0.01,22.51,3.77
11.39044,55.32523,2022,4,24,114,2022-04-24,8.5,11.29,5.9,83.08,0.34,13.58,4.52
11.39044,55.32523,2022,4,25,115,2022-04-25,7.41,9.91,4.03,75.11,0,20.41,2.74
11.39044,55.32523,2022,4,26,116,2022-04-26,8.59,11.43,4.85,74.06,0,22.29,1.78
11.39044,55.32523,2022,4,27,117,2022-04-27,9.57,12.63,6.39,75.97,0.03,20.6,1.19
11.39044,55.32523,2022,4,28,118,2022-04-28,9.02,12.39,6.05,81.01,0,23.68,2.73
11.39044,55.32523,2022,4,29,119,2022-04-29,8.28,10.9,4.54,83.43,0,18.38,2.83
11.39044,55.32523,2022,4,30,120,2022-04-30,9.41,12.33,5.72,80.92,0,20.46,2.01
11.39044,55.32523,2022,5,1,121,2022-05-01,9.19,11.72,6.53,79.19,0,16.31,2.06
11.39044,55.32523,2022,5,2,122,2022-05-02,9.38,12.5,5.56,79.6,0.02,23.94,3.7
11.39044,55.32523,2022,5,3,123,2022-05-03,9.96,12.76,6.88,81.37,0.08,23.59,2.74
11.39044,55.32523,2022,5,4,124,2022-05-04,10.28,12.32,7.94,80.61,0,19.01,2.38
11.39044,55.32523,2022,5,5,125,2022-05-05,10.24,13.33,7.25,84.32,0.09,20.06,3.89
11.39044,55.32523,2022,5,6,126,2022-05-06,11.26,14.78,7.2,84.25,0.05,14.89,3.51
11.39044,55.32523,2022,5,7,127,2022-05-07,11.55,14.43,7.68,80.54,0.23,24.37,5.12
11.39044,55.32523,2022,5,8,128,2022-05-08,10.52,14.54,5.93,78.57,0,26.19,3.12
11.39044,55.32523,2022,5,9,129,2022-05-09,11.72,14.97,7.79,81.59,0.01,25.29,4.63
11.39044,55.32523,2022,5,10,130,2022-05-10,13.19,15.88,10.57,86.32,1.78,9.65,5.37
11.39044,55.32523,2022,5,11,131,2022-05-11,12.2,15.41,9.99,88.05,5.71,10.45,4.93
11.39044,55.32523,2022,5,12,132,2022-05-12,11.76,14.37,9.59,79.58,1.49,22.41,6.41
11.39044,55.32523,2022,5,13,133,2022-05-13,11.32,13.84,8.83,86.54,1.94,14.75,6.06
11.39044,55.32523,2022,5,14,134,2022-05-14,12.16,14.22,9.7,78.56,0.19,24.45,7.22
11.39044,55.32523,2022,5,15,135,2022-05-15,12.23,15.26,8.62,81.26,0,25.09,3.51
11.39044,55.32523,2022,5,16,136,2022-05-16,12.35,14.91,9.39,81.64,0,16.52,2.67
11.39044,55.32523,2022,5,17,137,2022-05-17,11.87,14.4,9.49,78.66,0.02,22.56,4.71
11.39044,55.32523,2022,5,18,138,2022-05-18,13.35,16.51,9.46,78.64,0.01,24.03,5.87
11.39044,55.32523,2022,5,19,139,2022-05-19,15.98,19.19,13.42,86.96,1.26,14.08,2.19
11.39044,55.32523,2022,5,20,140,2022-05-20,13.51,15.27,11.75,84.01,2.84,17.46,2.67
11.39044,55.32523,2022,5,21,141,2022-05-21,12.37,14.61,9.78,82.29,4.89,16.26,4.7
11.39044,55.32523,2022,5,22,142,2022-05-22,13.22,15.67,10.54,80.4,0.18,22.23,3.14
11.39044,55.32523,2022,5,23,143,2022-05-23,14.11,17.28,11.06,79.42,0,25.61,6
11.39044,55.32523,2022,5,24,144,2022-05-24,14.15,16.12,12.19,85.4,6.17,11.31,5.85
11.39044,55.32523,2022,5,25,145,2022-05-25,13.2,15.34,11.35,81.97,2.53,21.18,5.33
11.39044,55.32523,2022,5,26,146,2022-05-26,13.18,14.92,10.62,77.98,1.68,22.95,7.77
11.39044,55.32523,2022,5,27,147,2022-05-27,11.24,12.58,9.17,79.28,5.28,19.67,8.87
11.39044,55.32523,2022,5,28,148,2022-05-28,12.11,14.83,9.11,78.87,0.95,22.17,6.78
11.39044,55.32523,2022,5,29,149,2022-05-29,12.92,15.89,9.7,80.3,0.22,24.49,2.7
11.39044,55.32523,2022,5,30,150,2022-05-30,11.33,12.55,9.97,85.69,5.57,12.68,2.61
11.39044,55.32523,2022,5,31,151,2022-05-31,11.89,13.13,10.29,83.77,3.2,15.12,1.74
11.39044,55.32523,2022,6,1,152,2022-06-01,12.61,14.5,10.84,75.55,0.59,19.52,2.02
11.39044,55.32523,2022,6,2,153,2022-06-02,12.08,13.77,9.3,86.03,1.09,8.18,5.94
11.39044,55.32523,2022,6,3,154,2022-06-03,13.13,15.91,10.91,81.75,0.1,22.5,3.93
11.39044,55.32523,2022,6,4,155,2022-06-04,13.39,16.06,9.76,80,0.01,27.15,1.52
11.39044,55.32523,2022,6,5,156,2022-06-05,15.25,18.65,11.61,78.65,0,28.62,2.64
11.39044,55.32523,2022,6,6,157,2022-06-06,15.76,17.92,13.27,84.91,3.54,9.54,4.32
11.39044,55.32523,2022,6,7,158,2022-06-07,14.35,16.96,12.28,82.07,3.42,12.23,6.06
11.39044,55.32523,2022,6,8,159,2022-06-08,14.59,16.74,12.09,84.18,0.69,14.57,3.98
11.39044,55.32523,2022,6,9,160,2022-06-09,15.84,18.36,13.5,86.39,2.09,15.04,3.82
11.39044,55.32523,2022,6,10,161,2022-06-10,15.67,18.86,13.16,82.67,0.27,23.65,3.84
11.39044,55.32523,2022,6,11,162,2022-06-11,16.55,19.39,13.29,82.27,0.46,24.93,3.69
11.39044,55.32523,2022,6,12,163,2022-06-12,15.62,18.53,12.31,79.93,1.44,21.51,4.96
11.39044,55.32523,2022,6,13,164,2022-06-13,13.85,16.24,12.07,76.06,1.56,24.33,5.67
11.39044,55.32523,2022,6,14,165,2022-06-14,14.7,17.56,11.66,79.75,0.37,18.89,5.55
11.39044,55.32523,2022,6,15,166,2022-06-15,15.2,17,13.13,80.31,0.07,20.34,3.67
11.39044,55.32523,2022,6,16,167,2022-06-16,15.82,18.98,12.56,75.7,0,27.91,4.64
11.39044,55.32523,2022,6,17,168,2022-06-17,16.27,18.99,12.84,80.25,0.32,16.13,4.08
11.39044,55.32523,2022,6,18,169,2022-06-18,17.57,20.25,14.24,81.51,0.07,26.61,4.59
11.39044,55.32523,2022,6,19,170,2022-06-19,13.34,15.48,11.39,78.89,14.84,15.46,2.61
11.39044,55.32523,2022,6,20,171,2022-06-20,13.96,15.49,11.93,78.48,3.45,19.63,2.72
11.39044,55.32523,2022,6,21,172,2022-06-21,15.69,18.7,12.15,78.61,0,28.58,5.05
11.39044,55.32523,2022,6,22,173,2022-06-22,15.8,17.86,13.29,84.97,0.26,14.72,3.35
11.39044,55.32523,2022,6,23,174,2022-06-23,17.24,20.71,13.74,81.05,0,27.2,2.37
11.39044,55.32523,2022,6,24,175,2022-06-24,19.34,23.41,14.98,81.2,0.07,27.22,5.88
11.39044,55.32523,2022,6,25,176,2022-06-25,20.81,24.34,17.09,80.76,0.3,17.81,1.16
11.39044,55.32523,2022,6,26,177,2022-06-26,20.46,23.63,17.82,86.69,3.22,20.97,2.65
11.39044,55.32523,2022,6,27,178,2022-06-27,19.88,24.58,15.48,86.73,12.38,13.42,3.59
11.39044,55.32523,2022,6,28,179,2022-06-28,18.06,20.33,15.12,73.84,1.13,27.13,2.93
11.39044,55.32523,2022,6,29,180,2022-06-29,19.2,21.68,16.09,75.5,0,25.31,2.64
11.39044,55.32523,2022,6,30,181,2022-06-30,19.59,23.01,15.8,78.83,0.01,26.98,2.8
11.39044,55.32523,2022,7,1,182,2022-07-01,18.11,21.69,16.3,87.98,9.4,7.65,4.87
11.39044,55.32523,2022,7,2,183,2022-07-02,18.36,20.86,15.24,74.25,0.05,26.55,4.73
11.39044,55.32523,2022,7,3,184,2022-07-03,19.67,22.74,17.06,79.03,2.76,14.61,3.09
11.39044,55.32523,2022,7,4,185,2022-07-04,17.25,19.66,15.12,78.62,1.95,19.96,5.5
11.39044,55.32523,2022,7,5,186,2022-07-05,16.53,18.84,14.25,75.47,0.77,17.67,5.54
11.39044,55.32523,2022,7,6,187,2022-07-06,15.85,18.61,13.2,75.45,3.4,22.89,6.34
11.39044,55.32523,2022,7,7,188,2022-07-07,17.55,19.6,15.91,80.89,6.82,17.67,5.95
11.39044,55.32523,2022,7,8,189,2022-07-08,16.31,19.2,13.65,79.84,0.15,20.23,7.02
11.39044,55.32523,2022,7,9,190,2022-07-09,15.56,17.04,13.36,76.99,0.39,17.97,7.67
11.39044,55.32523,2022,7,10,191,2022-07-10,16,18.84,12.97,75.16,0.02,26.29,6.1
11.39044,55.32523,2022,7,11,192,2022-07-11,17.19,20.58,12.63,73.21,0,27.99,2.82
11.39044,55.32523,2022,7,12,193,2022-07-12,17.94,21.4,14.06,81.88,0.02,25.06,3.58
11.39044,55.32523,2022,7,13,194,2022-07-13,18.48,22.39,14.31,78.24,0.07,24.61,5.65
11.39044,55.32523,2022,7,14,195,2022-07-14,15.61,18.08,13.47,75.23,1.25,19.15,7.49
11.39044,55.32523,2022,7,15,196,2022-07-15,15.44,17.77,12.89,74.49,1.51,20.97,7.34
11.39044,55.32523,2022,7,16,197,2022-07-16,15.57,18.62,13.17,76.43,4.7,26.52,6.81
11.39044,55.32523,2022,7,17,198,2022-07-17,16.29,19.63,12.98,79.61,0.01,23.4,5.74
11.39044,55.32523,2022,7,18,199,2022-07-18,18.3,21.33,15.18,85.97,0.58,14.24,4.4
11.39044,55.32523,2022,7,19,200,2022-07-19,20.44,25.01,15.48,73.2,0.02,24.32,2.03
11.39044,55.32523,2022,7,20,201,2022-07-20,21.4,25.98,17.28,78.79,0.02,23.06,4.43
11.39044,55.32523,2022,7,21,202,2022-07-21,20.01,22.75,16.8,87.04,0.28,18.06,2.88
11.39044,55.32523,2022,7,22,203,2022-07-22,17.08,19.46,15.41,81.01,0.96,14.44,5.95
11.39044,55.32523,2022,7,23,204,2022-07-23,16.05,17.46,14.22,83.85,2.35,5.11,5.62
11.39044,55.32523,2022,7,24,205,2022-07-24,17.56,21.33,12.66,78.93,0.16,15.48,3.42
11.39044,55.32523,2022,7,25,206,2022-07-25,19.91,24.02,16.55,82.57,3.02,11.84,4.13
11.39044,55.32523,2022,7,26,207,2022-07-26,16.36,17.96,13.86,76.79,0.63,18.72,7.72
11.39044,55.32523,2022,7,27,208,2022-07-27,15.3,17.79,13.19,75.87,0.36,16,7.2
11.39044,55.32523,2022,7,28,209,2022-07-28,15.37,17.87,12.51,69.94,0.01,19.58,2.41
11.39044,55.32523,2022,7,29,210,2022-07-29,16.93,20,12.92,77.36,0.01,23.22,2.83
11.39044,55.32523,2022,7,30,211,2022-07-30,18.44,22.13,14.97,78.33,0.06,16.19,4.35
11.39044,55.32523,2022,7,31,212,2022-07-31,18.64,22.05,15.71,81.95,3.64,15.38,2.71
11.39044,55.32523,2022,8,1,213,2022-08-01,17.4,19.44,13.78,76.11,2.12,24.16,4.16
11.39044,55.32523,2022,8,2,214,2022-08-02,16.65,19.42,12.78,73.93,1.1,18.7,4.08
11.39044,55.32523,2022,8,3,215,2022-08-03,21.17,24.32,18.1,81.66,0.09,18.92,3.74
11.39044,55.32523,2022,8,4,216,2022-08-04,22.23,26.78,18.43,80.73,0.41,20.52,2.9
11.39044,55.32523,2022,8,5,217,2022-08-05,17.22,19.43,15.03,77.08,2.84,13.99,4.8
11.39044,55.32523,2022,8,6,218,2022-08-06,16.26,18.85,13.66,71.81,0.22,20.26,6.4
11.39044,55.32523,2022,8,7,219,2022-08-07,16.25,17.92,14.35,79.38,1.61,11.94,3.73
11.39044,55.32523,2022,8,8,220,2022-08-08,17.53,19.99,14.68,80.25,0.54,15.8,1.77
11.39044,55.32523,2022,8,9,221,2022-08-09,18.01,20.41,15.39,78.72,0.29,16.76,1.35
11.39044,55.32523,2022,8,10,222,2022-08-10,19.87,22.69,16.39,72.34,0,22.35,0.89
11.39044,55.32523,2022,8,11,223,2022-08-11,21.39,24.9,17.48,71.7,0.01,23.87,0.96
11.39044,55.32523,2022,8,12,224,2022-08-12,21.23,25.06,17.7,70.13,0.09,23.3,2.16
11.39044,55.32523,2022,8,13,225,2022-08-13,22.09,26.8,17,72.09,0.05,21.83,1.97
11.39044,55.32523,2022,8,14,226,2022-08-14,21.52,25.02,18.69,74.83,0.01,20.03,3.74
11.39044,55.32523,2022,8,15,227,2022-08-15,22.14,25.62,17.96,82.41,1.17,17.87,4.24
11.39044,55.32523,2022,8,16,228,2022-08-16,22.32,24.78,20.18,82.93,3.46,13.84,2.74
11.39044,55.32523,2022,8,17,229,2022-08-17,21.42,24.64,18.85,81.23,0.29,15.6,2.11
11.39044,55.32523,2022,8,18,230,2022-08-18,22.36,26.12,18.65,80.15,1.27,14.78,2.71
11.39044,55.32523,2022,8,19,231,2022-08-19,19.96,21.08,18.64,93.54,11.68,5.99,2.76
11.39044,55.32523,2022,8,20,232,2022-08-20,19.76,21.37,18.41,80.33,0.21,17.14,3.49
11.39044,55.32523,2022,8,21,233,2022-08-21,19.53,22.57,16.33,75.64,0.15,18.62,3.93
11.39044,55.32523,2022,8,22,234,2022-08-22,18.68,21.38,15.76,65.5,0,18.21,2.12
11.39044,55.32523,2022,8,23,235,2022-08-23,20.49,23.74,17.48,73.43,0.09,17.75,3.78
11.39044,55.32523,2022,8,24,236,2022-08-24,20.69,24.02,17.62,76.4,0.01,19.66,3.52
11.39044,55.32523,2022,8,25,237,2022-08-25,20.58,23.83,17.52,84.31,0.22,18.32,4.59
11.39044,55.32523,2022,8,26,238,2022-08-26,21.71,24.72,18.53,83.92,1.71,14.04,2.62
11.39044,55.32523,2022,8,27,239,2022-08-27,19.99,21.01,18.43,87.74,4.79,8.26,3.07
11.39044,55.32523,2022,8,28,240,2022-08-28,19.3,21.26,17.58,86.95,4.35,10.83,4.21
11.39044,55.32523,2022,8,29,241,2022-08-29,17.29,19.2,15.75,74.75,1.59,12.77,5.7
11.39044,55.32523,2022,8,30,242,2022-08-30,17.02,19.63,14.49,68.59,0.09,18.78,3.92
11.39044,55.32523,2022,8,31,243,2022-08-31,17.12,19.98,14.47,70.98,0.11,17.18,3.66
11.39044,55.32523,2022,9,1,244,2022-09-01,17.02,19.96,13.89,66.3,0,19.43,2.67
11.39044,55.32523,2022,9,2,245,2022-09-02,17.61,20.46,15.67,64.29,0.1,18.35,2.49
11.39044,55.32523,2022,9,3,246,2022-09-03,17.44,19.88,15.63,73.35,0.25,15.08,6.01
11.39044,55.32523,2022,9,4,247,2022-09-04,17.46,19.93,15.08,70.13,0,16.8,5.95
11.39044,55.32523,2022,9,5,248,2022-09-05,17.48,19.42,15.85,71.87,0.01,14.62,6.44
11.39044,55.32523,2022,9,6,249,2022-09-06,16.98,19.45,15.03,71.18,0,15.43,6.62
11.39044,55.32523,2022,9,7,250,2022-09-07,16.99,19.96,14.41,75.25,1.1,10.45,6.78
11.39044,55.32523,2022,9,8,251,2022-09-08,16.92,19.66,15.01,73.88,16.17,8.28,9.54
11.39044,55.32523,2022,9,9,252,2022-09-09,16.62,19.22,14.61,86.8,7.97,10.07,4.54
11.39044,55.32523,2022,9,10,253,2022-09-10,16.59,18.48,14.98,88.94,3.54,11.65,3.78
11.39044,55.32523,2022,9,11,254,2022-09-11,15.82,17.97,13.9,86.28,0.62,13.04,3.03
11.39044,55.32523,2022,9,12,255,2022-09-12,16.04,18.11,13.83,80.22,0.51,11.56,2.92
11.39044,55.32523,2022,9,13,256,2022-09-13,16.13,18.15,14.39,80.89,8.54,12.4,7.83
11.39044,55.32523,2022,9,14,257,2022-09-14,15.22,16.74,13.43,79.94,1.28,9.7,6.79
11.39044,55.32523,2022,9,15,258,2022-09-15,13.91,16.57,11.88,75.08,0.4,13.21,8.34
11.39044,55.32523,2022,9,16,259,2022-09-16,13.57,16.44,11.49,82.86,2.44,11.57,5.93
11.39044,55.32523,2022,9,17,260,2022-09-17,13.7,15.68,11.69,85.25,2.7,12.64,4.55
11.39044,55.32523,2022,9,18,261,2022-09-18,12.37,13.79,10.52,84.22,5.63,9.17,4.62
11.39044,55.32523,2022,9,19,262,2022-09-19,13.37,15.77,11.38,79.43,1.04,14.57,5.29
11.39044,55.32523,2022,9,20,263,2022-09-20,12.71,15.17,10.7,79.18,1.04,13.9,3.96
11.39044,55.32523,2022,9,21,264,2022-09-21,13.37,16.08,10.39,65.53,0.1,14.24,1.9
11.39044,55.32523,2022,9,22,265,2022-09-22,13.6,16.4,11.27,78.55,0.04,12.77,2.76
11.39044,55.32523,2022,9,23,266,2022-09-23,13.64,15.48,12.32,83.44,0.1,9.69,4.1
11.39044,55.32523,2022,9,24,267,2022-09-24,14.17,16.44,12.2,83.88,0.39,8.46,1.51
11.39044,55.32523,2022,9,25,268,2022-09-25,13.55,15.18,12.08,82.45,1.77,8.48,1.79
11.39044,55.32523,2022,9,26,269,2022-09-26,12.19,12.87,11.53,85.92,6.82,4.69,7.52
11.39044,55.32523,2022,9,27,270,2022-09-27,11.6,12.13,11.16,87.01,10.82,4.59,4.15
11.39044,55.32523,2022,9,28,271,2022-09-28,10.88,11.21,10.2,84.58,3.36,6.64,2.42
11.39044,55.32523,2022,9,29,272,2022-09-29,11.67,12.99,10.56,85.29,8.93,5.34,3.06
11.39044,55.32523,2022,9,30,273,2022-09-30,12.7,14.34,11.29,83.77,1.74,6.37,5.26
11.39044,55.32523,2022,10,1,274,2022-10-01,11.97,12.82,11.1,88.94,5.48,3.1,6.36
11.39044,55.32523,2022,10,2,275,2022-10-02,12.77,15.35,10.98,87.86,1.18,10.92,6.25
11.39044,55.32523,2022,10,3,276,2022-10-03,12.73,15.46,10.79,88.59,0.12,9.62,6.24
11.39044,55.32523,2022,10,4,277,2022-10-04,13.37,16.41,10.03,88.13,0.27,8.47,4.85
11.39044,55.32523,2022,10,5,278,2022-10-05,15.01,16.46,13.84,84.79,0.75,4.24,7.63
11.39044,55.32523,2022,10,6,279,2022-10-06,13.87,15.69,12.06,79.87,0.58,9.64,8.8
11.39044,55.32523,2022,10,7,280,2022-10-07,13.41,15.3,11.47,86.23,0.25,6.68,7.79
11.39044,55.32523,2022,10,8,281,2022-10-08,12.41,13.89,10.02,84.71,2.26,9.31,6.32
11.39044,55.32523,2022,10,9,282,2022-10-09,11.57,14.56,9.24,87.13,0.05,8.74,4.37
11.39044,55.32523,2022,10,10,283,2022-10-10,11.58,14.11,9.6,87.67,1.42,8.79,6.37
11.39044,55.32523,2022,10,11,284,2022-10-11,10.79,13.63,9.04,87.96,0.43,8.52,5.55
11.39044,55.32523,2022,10,12,285,2022-10-12,11.28,14.18,9.17,89.3,0.11,6.45,3.78
11.39044,55.32523,2022,10,13,286,2022-10-13,11.23,13.02,9.54,93.1,1.99,4.01,4.18
11.39044,55.32523,2022,10,14,287,2022-10-14,11.81,13.93,9.84,92,0.43,6.06,3.35
11.39044,55.32523,2022,10,15,288,2022-10-15,13.22,14.67,11.81,91.71,2.79,5.03,4.65
11.39044,55.32523,2022,10,16,289,2022-10-16,12.69,15.72,9.78,88.73,0.66,7.36,6.65
11.39044,55.32523,2022,10,17,290,2022-10-17,12.59,15.59,9.62,95.78,3.06,3.87,4.58
11.39044,55.32523,2022,10,18,291,2022-10-18,12.15,13.88,11.06,90.86,0.37,5.26,5.8
11.39044,55.32523,2022,10,19,292,2022-10-19,9.76,11.73,6.91,77.41,0.05,8.92,3.18
11.39044,55.32523,2022,10,20,293,2022-10-20,8.86,11.3,6.24,81.9,0.36,7.45,5.69
11.39044,55.32523,2022,10,21,294,2022-10-21,11.25,13.33,9.53,93.89,7.49,2.82,3.31
11.39044,55.32523,2022,10,22,295,2022-10-22,12.83,15.13,11.34,96.21,2.62,3.46,2.31
11.39044,55.32523,2022,10,23,296,2022-10-23,12.08,13.77,10.37,94.01,1.54,4.38,3.57
11.39044,55.32523,2022,10,24,297,2022-10-24,13.58,15.88,12.09,91.91,7.16,4.25,5.7
11.39044,55.32523,2022,10,25,298,2022-10-25,12.88,15.01,11.7,91.67,1.07,4.46,5.77
11.39044,55.32523,2022,10,26,299,2022-10-26,12.2,14.15,10.06,94.89,0.3,3.75,3.7
11.39044,55.32523,2022,10,27,300,2022-10-27,13.57,15.4,11.92,94.83,1.28,4.47,4
11.39044,55.32523,2022,10,28,301,2022-10-28,14,15.91,12.37,95.7,0.43,5.34,3.88
11.39044,55.32523,2022,10,29,302,2022-10-29,11.88,13.53,10.19,94.91,0.89,4.74,4.43
11.39044,55.32523,2022,10,30,303,2022-10-30,12.79,15.24,11.07,95.39,1.36,4.14,2.39
11.39044,55.32523,2022,10,31,304,2022-10-31,12.16,14.11,10.75,94.2,0.21,3.88,1.81
11.39044,55.32523,2022,11,1,305,2022-11-01,12.57,14.55,11.35,92.47,0.8,2.52,6.08
11.39044,55.32523,2022,11,2,306,2022-11-02,11.34,12.57,9.47,89.64,4.57,2.82,6.71
11.39044,55.32523,2022,11,3,307,2022-11-03,10.96,12.46,9.96,87.06,0,3.94,6.78
11.39044,55.32523,2022,11,4,308,2022-11-04,10.55,11.83,9.04,87.8,0.87,2.52,6.72
11.39044,55.32523,2022,11,5,309,2022-11-05,9.9,12.14,8.07,91.05,1.1,5.29,5.31
11.39044,55.32523,2022,11,6,310,2022-11-06,10.2,10.97,9.56,89.71,2.42,1.48,7.51
11.39044,55.32523,2022,11,7,311,2022-11-07,10.95,12.64,9.01,91.2,4.04,2.85,7.71
11.39044,55.32523,2022,11,8,312,2022-11-08,12.11,12.75,11.24,90.04,0.74,3.19,6.31
11.39044,55.32523,2022,11,9,313,2022-11-09,11.84,13.26,10.37,90.58,3.18,2.97,6.45
11.39044,55.32523,2022,11,10,314,2022-11-10,10.87,12.03,9,95.35,0.75,1.94,6.36
11.39044,55.32523,2022,11,11,315,2022-11-11,12.6,13.13,12.01,92.03,0.74,1.46,7.64
11.39044,55.32523,2022,11,12,316,2022-11-12,12.26,13.63,11.05,94.87,0.48,1.79,3.92
11.39044,55.32523,2022,11,13,317,2022-11-13,10.45,11.3,9.49,93.39,0.36,1.77,2.89
11.39044,55.32523,2022,11,14,318,2022-11-14,9.37,10.98,7.84,91.16,0.09,1.84,5.4
11.39044,55.32523,2022,11,15,319,2022-11-15,8.68,9.65,7.57,93.98,0.31,1.1,6.34
11.39044,55.32523,2022,11,16,320,2022-11-16,8.56,9.45,6.52,77.9,0.07,1.72,9.65
11.39044,55.32523,2022,11,17,321,2022-11-17,5.97,6.76,5.43,75.88,0.08,2.12,10.3
11.39044,55.32523,2022,11,18,322,2022-11-18,4.8,6.57,2.22,82.29,0.46,3.11,7.3
11.39044,55.32523,2022,11,19,323,2022-11-19,3.25,4.8,1.91,82.36,1.39,1.72,5.71
11.39044,55.32523,2022,11,20,324,2022-11-20,1.2,2.03,0.53,85.69,1.49,3.01,3.96
11.39044,55.32523,2022,11,21,325,2022-11-21,1.65,2.46,0.97,88.52,3.97,2.36,3.23
11.39044,55.32523,2022,11,22,326,2022-11-22,2.98,3.94,1.58,87.98,2.58,0.73,7.15
11.39044,55.32523,2022,11,23,327,2022-11-23,5.38,6.52,3.62,94.19,1.16,1.75,6.48
11.39044,55.32523,2022,11,24,328,2022-11-24,6.08,6.95,5.4,96.31,0.98,0.87,4.54
11.39044,55.32523,2022,11,25,329,2022-11-25,6.68,7.34,6.01,95.93,4.4,1.31,5.14
11.39044,55.32523,2022,11,26,330,2022-11-26,6.33,6.69,5.41,96.94,0.82,1.71,2.8
11.39044,55.32523,2022,11,27,331,2022-11-27,6.79,7.57,6.03,95.15,0.19,1.39,4.72
11.39044,55.32523,2022,11,28,332,2022-11-28,6.06,6.59,5.33,86.42,0.96,1.16,7.76
11.39044,55.32523,2022,11,29,333,2022-11-29,5.34,6.36,4.42,87.59,0.6,1.3,5.32
11.39044,55.32523,2022,11,30,334,2022-11-30,4.39,5.31,3.52,92.6,0.84,0.84,3.94
11.39044,55.32523,2022,12,1,335,2022-12-01,3.8,5.18,2.63,96.06,0.8,1.18,3.29
11.39044,55.32523,2022,12,2,336,2022-12-02,2.91,3.7,2.21,96.22,0.39,1.25,4.82
11.39044,55.32523,2022,12,3,337,2022-12-03,2.21,2.55,1.82,93.56,1.27,1.08,6.37
11.39044,55.32523,2022,12,4,338,2022-12-04,2.46,3.07,1.94,95.08,0.55,0.63,6.41
11.39044,55.32523,2022,12,5,339,2022-12-05,3.41,4.25,2.66,95.21,0.83,0.92,5.84
11.39044,55.32523,2022,12,6,340,2022-12-06,2.69,3.57,1.71,89.01,0.82,1.35,3.58
11.39044,55.32523,2022,12,7,341,2022-12-07,0.93,2.13,-0.69,88.72,1.99,1.45,4.34
11.39044,55.32523,2022,12,8,342,2022-12-08,0.22,1.36,-0.75,75.5,0.24,2.4,2.35
11.39044,55.32523,2022,12,9,343,2022-12-09,1.27,2.1,0.44,93.2,1.09,0.93,4.51
11.39044,55.32523,2022,12,10,344,2022-12-10,0.69,1.3,0.36,85.36,0.59,1.21,1.83
11.39044,55.32523,2022,12,11,345,2022-12-11,-1.14,0.47,-3.1,87.71,0.38,1.38,2.73
11.39044,55.32523,2022,12,12,346,2022-12-12,-1.86,-0.06,-3.22,84.94,0.13,1.28,3.19
11.39044,55.32523,2022,12,13,347,2022-12-13,-1.17,0.97,-2.85,84.62,0.29,1.72,4.19
11.39044,55.32523,2022,12,14,348,2022-12-14,0.52,1.02,0.15,86.14,1.2,1.2,6.1
11.39044,55.32523,2022,12,15,349,2022-12-15,-0.7,0.5,-2.25,83.75,1.13,1.66,3
11.39044,55.32523,2022,12,16,350,2022-12-16,-2.2,-0.88,-2.98,82.03,0.03,2.13,2.23
11.39044,55.32523,2022,12,17,351,2022-12-17,-1.08,0.4,-2.52,94.47,0.15,1.07,5.08
11.39044,55.32523,2022,12,18,352,2022-12-18,-0.65,-0.03,-1.05,88.66,0.24,1.52,6.79
11.39044,55.32523,2022,12,19,353,2022-12-19,1.48,4.17,-0.78,91.96,13.46,0.69,6.91
11.39044,55.32523,2022,12,20,354,2022-12-20,4.84,5.67,4.18,98.77,6.78,0.96,5.78
11.39044,55.32523,2022,12,21,355,2022-12-21,3.6,4.29,2.78,99.42,1.01,0.87,4.13
11.39044,55.32523,2022,12,22,356,2022-12-22,4.67,5.28,3.91,98.94,0.81,1.47,5.09
11.39044,55.32523,2022,12,23,357,2022-12-23,2.44,4.84,-0.7,94.83,0.21,1.63,3.64
11.39044,55.32523,2022,12,24,358,2022-12-24,1.14,2.62,-0.95,95.8,0.55,1.03,3.48
11.39044,55.32523,2022,12,25,359,2022-12-25,3.38,3.9,2.65,99.45,7.6,0.86,4.2
11.39044,55.32523,2022,12,26,360,2022-12-26,4.03,6.26,2.42,97.79,3.67,0.67,4.61
11.39044,55.32523,2022,12,27,361,2022-12-27,3.07,4,2.42,97.21,0.65,2.13,6.23
11.39044,55.32523,2022,12,28,362,2022-12-28,4.77,6.18,2.95,96.62,14.07,1.26,6.91
11.39044,55.32523,2022,12,29,363,2022-12-29,6.54,7.89,5.3,95.82,4.78,1.09,8.24
11.39044,55.32523,2022,12,30,364,2022-12-30,5.27,6.75,4.25,92.49,2.78,1.35,8.57
11.39044,55.32523,2022,12,31,365,2022-12-31,7.46,8.26,6.56,97.35,11.07,1.3,5.26
11.39044,55.32523,2023,1,1,1,2023-01-01,8.16,9.38,6.73,93.62,3.33,1.43,7.25
11.39044,55.32523,2023,1,2,2,2023-01-02,6.46,7.06,5.52,97.49,4.66,0.73,4.14
11.39044,55.32523,2023,1,3,3,2023-01-03,4.38,5.77,2.36,94.72,0.2,2.24,5.54
11.39044,55.32523,2023,1,4,4,2023-01-04,6.74,8.9,4.55,94.63,21.51,0.66,8.31
11.39044,55.32523,2023,1,5,5,2023-01-05,3.99,6.84,2.13,89.64,0.78,1.25,6.7
11.39044,55.32523,2023,1,6,6,2023-01-06,4.88,7.1,2.79,94.37,13.04,1.15,7.11
11.39044,55.32523,2023,1,7,7,2023-01-07,6.21,7.77,4.88,97.71,5.36,1.03,5.01
11.39044,55.32523,2023,1,8,8,2023-01-08,6.29,6.98,5.56,96.14,3.52,0.75,5.06
11.39044,55.32523,2023,1,9,9,2023-01-09,5.21,6.01,4.62,96.68,3.78,0.62,4.65
11.39044,55.32523,2023,1,10,10,2023-01-10,5.64,6.29,5.2,95.73,0.58,1.84,5.52
11.39044,55.32523,2023,1,11,11,2023-01-11,6.18,7.63,4.12,94.61,10.01,2,7.6
11.39044,55.32523,2023,1,12,12,2023-01-12,5.95,7.59,4.96,96.69,5.86,1.04,6.15
11.39044,55.32523,2023,1,13,13,2023-01-13,6.53,8.16,5.67,93.76,4.64,1.04,8.91
11.39044,55.32523,2023,1,14,14,2023-01-14,5.67,7.31,4.53,94.24,7.33,1.58,8.41
11.39044,55.32523,2023,1,15,15,2023-01-15,5.69,6.33,5.12,87.5,3.15,1.91,10.87
11.39044,55.32523,2023,1,16,16,2023-01-16,4.45,5.52,3.54,91.57,1.34,1.97,7.04
11.39044,55.32523,2023,1,17,17,2023-01-17,3.17,3.93,2.75,90.98,3.4,0.99,7.06
11.39044,55.32523,2023,1,18,18,2023-01-18,2.25,3.56,1.14,93.67,0.19,2.36,5.53
11.39044,55.32523,2023,1,19,19,2023-01-19,2.49,4,1.28,94.14,3.28,1.07,6.35
11.39044,55.32523,2023,1,20,20,2023-01-20,2.34,3.43,1.59,93.49,1.48,1.95,2.18
11.39044,55.32523,2023,1,21,21,2023-01-21,0.68,1.65,-0.5,95.24,0.14,2.48,3.97
11.39044,55.32523,2023,1,22,22,2023-01-22,-0.43,0.46,-1.23,92.21,0.09,2.08,4.83
11.39044,55.32523,2023,1,23,23,2023-01-23,1.61,3.26,-0.21,84.84,0.12,1.78,2.28
11.39044,55.32523,2023,1,24,24,2023-01-24,0.96,1.96,-0.08,86.99,0.11,2.59,3.1
11.39044,55.32523,2023,1,25,25,2023-01-25,1.09,1.57,0.67,94.47,1.33,1.61,5.69
11.39044,55.32523,2023,1,26,26,2023-01-26,2.11,3.21,0.72,97.39,1.88,3.44,4.87
11.39044,55.32523,2023,1,27,27,2023-01-27,0.34,1.57,-1.04,87.7,0,4.06,2.92
11.39044,55.32523,2023,1,28,28,2023-01-28,1.48,3.24,-0.55,91.25,0.49,1.93,4.63
11.39044,55.32523,2023,1,29,29,2023-01-29,3.47,5.02,1.68,96.24,1.18,2.5,7.29
11.39044,55.32523,2023,1,30,30,2023-01-30,4.32,5.88,2.74,86.64,2.67,3.89,10.11
11.39044,55.32523,2023,1,31,31,2023-01-31,3.63,6.19,1.7,91.6,2.75,1.77,8.52
11.39044,55.32523,2023,2,1,32,2023-02-01,4.52,5.4,3.64,88.76,3.33,3.22,9.45
11.39044,55.32523,2023,2,2,33,2023-02-02,2.66,4.16,1.15,83.45,1,5.09,4.75
11.39044,55.32523,2023,2,3,34,2023-02-03,4.29,7.16,0.88,88.73,9.42,2.11,8.88
11.39044,55.32523,2023,2,4,35,2023-02-04,-0.26,0.82,-1.53,80.08,0.02,5.23,3.22
11.39044,55.32523,2023,2,5,36,2023-02-05,1.16,2.66,-0.48,86.4,1.04,2.16,5.17
11.39044,55.32523,2023,2,6,37,2023-02-06,0.48,1.18,-0.49,97.35,0.5,3.14,2.3
11.39044,55.32523,2023,2,7,38,2023-02-07,0.92,2.72,0.02,94.38,0.16,3.69,4.19
11.39044,55.32523,2023,2,8,39,2023-02-08,1.2,3.14,-0.39,89.04,0.04,5.69,5.12
11.39044,55.32523,2023,2,9,40,2023-02-09,2.15,3.82,0.75,90.05,0.13,2.23,7.2
11.39044,55.32523,2023,2,10,41,2023-02-10,3.74,5.14,2.03,95.58,1.57,3.79,6.71
11.39044,55.32523,2023,2,11,42,2023-02-11,5.81,7.65,4.36,94.36,0.19,4.91,6.94
11.39044,55.32523,2023,2,12,43,2023-02-12,5.22,6.88,3.94,96.14,0.4,4.04,4.69
11.39044,55.32523,2023,2,13,44,2023-02-13,5.03,7.08,3.18,90.01,0.07,4.98,4.41
11.39044,55.32523,2023,2,14,45,2023-02-14,2.93,3.7,2.25,92.12,0.36,2.39,2.09
11.39044,55.32523,2023,2,15,46,2023-02-15,2.57,3.17,1.71,95.87,0.49,3.06,3.72
11.39044,55.32523,2023,2,16,47,2023-02-16,4.28,5.4,3.08,97.14,0.36,2.28,3.74
11.39044,55.32523,2023,2,17,48,2023-02-17,6.54,8.2,4.97,89.47,12.47,2.96,10.93
11.39044,55.32523,2023,2,18,49,2023-02-18,4.46,5.9,2.41,86.2,0.55,3.99,7.79
11.39044,55.32523,2023,2,19,50,2023-02-19,3.47,5.82,1.57,86.25,0.19,8.3,6.1
11.39044,55.32523,2023,2,20,51,2023-02-20,6.12,7.67,3.64,90.47,4.28,1.4,9.92
11.39044,55.32523,2023,2,21,52,2023-02-21,5.64,7.59,3.93,86.45,0.07,6.24,6.43
11.39044,55.32523,2023,2,22,53,2023-02-22,3.94,5.78,2.72,93.17,0.21,4.85,4.53
11.39044,55.32523,2023,2,23,54,2023-02-23,4.25,5.94,1.48,92.82,0.94,2.6,4.52
11.39044,55.32523,2023,2,24,55,2023-02-24,3.66,5.75,1.61,91.23,4.62,4.34,7.22
11.39044,55.32523,2023,2,25,56,2023-02-25,1.46,2.37,0.1,74.85,0.37,7.97,9.05
11.39044,55.32523,2023,2,26,57,2023-02-26,1.43,3.73,-0.01,80.16,0.01,9.06,5.13
11.39044,55.32523,2023,2,27,58,2023-02-27,2.77,5.41,0.54,95.32,0.14,7.66,2.49
11.39044,55.32523,2023,2,28,59,2023-02-28,2.46,4.66,0.26,95.72,0.21,10.1,1.61
11.39044,55.32523,2023,3,1,60,2023-03-01,2.54,5.48,1.16,96.28,0.11,7.53,2.97
11.39044,55.32523,2023,3,2,61,2023-03-02,3.04,7.24,0.87,90.15,0.08,10.85,2.07
11.39044,55.32523,2023,3,3,62,2023-03-03,2.55,5.79,0.56,94.83,0.32,8,4.71
11.39044,55.32523,2023,3,4,63,2023-03-04,2.84,4.58,-0.29,80.31,0.08,10.31,5.39
11.39044,55.32523,2023,3,5,64,2023-03-05,0.91,2.94,-0.47,67.56,0.05,11.35,4.04
11.39044,55.32523,2023,3,6,65,2023-03-06,1.2,3.31,-0.9,71.21,0.37,11.71,2.94
11.39044,55.32523,2023,3,7,66,2023-03-07,1.19,3.12,-0.97,84.56,5.29,6.26,10.07
11.39044,55.32523,2023,3,8,67,2023-03-08,-0.06,1.81,-1.52,64.4,0.05,11.58,2.79
11.39044,55.32523,2023,3,9,68,2023-03-09,0.7,2.73,-0.84,76.07,0.02,10.59,2.87
11.39044,55.32523,2023,3,10,69,2023-03-10,1.02,3.09,-0.67,84.98,0.85,6.66,4.02
11.39044,55.32523,2023,3,11,70,2023-03-11,1.15,3.53,-0.1,83.81,1.03,11.12,5.65
11.39044,55.32523,2023,3,12,71,2023-03-12,1.25,3.38,-0.42,86.09,3.79,8.55,5.24
11.39044,55.32523,2023,3,13,72,2023-03-13,6.83,10.35,3.57,90.92,10.81,4.83,9.55
11.39044,55.32523,2023,3,14,73,2023-03-14,4.72,7.29,1.02,84.58,2.08,8.13,7.57
11.39044,55.32523,2023,3,15,74,2023-03-15,2.32,4.25,0,86.03,0.93,12.22,6.16
11.39044,55.32523,2023,3,16,75,2023-03-16,3.47,5.32,0.7,83.12,0.38,8.09,6.02
11.39044,55.32523,2023,3,17,76,2023-03-17,5.18,7.86,3.27,82.01,0.54,7.25,5.85
11.39044,55.32523,2023,3,18,77,2023-03-18,6.88,9.47,5.15,93.94,1.53,6.03,2.15
11.39044,55.32523,2023,3,19,78,2023-03-19,6.49,9.42,4.52,96.75,2.16,7.37,2.68
11.39044,55.32523,2023,3,20,79,2023-03-20,5.47,6.79,3.5,95.82,3.2,5.62,4.05
11.39044,55.32523,2023,3,21,80,2023-03-21,5.28,6.98,2.6,97.09,5.27,5.51,3.88
11.39044,55.32523,2023,3,22,81,2023-03-22,7.35,8.84,6.15,94.97,6.1,4.81,6.26
11.39044,55.32523,2023,3,23,82,2023-03-23,7.65,9.33,6.18,90.19,8.04,10.24,6.14
11.39044,55.32523,2023,3,24,83,2023-03-24,7.54,9.77,5.34,89.64,5.16,10.6,7.56
11.39044,55.32523,2023,3,25,84,2023-03-25,6.98,8.83,5.39,91.72,2.82,9.61,5.26
11.39044,55.32523,2023,3,26,85,2023-03-26,4.01,6.24,0.79,83.59,0.32,8.72,6.27
11.39044,55.32523,2023,3,27,86,2023-03-27,1.81,3.99,-0.15,75.66,1.79,12.06,5.16
11.39044,55.32523,2023,3,28,87,2023-03-28,2.62,5.2,-0.44,70.62,0.05,16.03,4.22
11.39044,55.32523,2023,3,29,88,2023-03-29,4.77,6.39,3.21,91.81,4.53,8.05,4.12
11.39044,55.32523,2023,3,30,89,2023-03-30,6.91,9.11,5.47,95.64,12.68,3.29,5.25
11.39044,55.32523,2023,3,31,90,2023-03-31,7.37,9.72,3.73,93.58,2.51,6.24,3.99
11.39044,55.32523,2023,4,1,91,2023-04-01,3.7,6.76,1.48,77.61,0.51,14.29,7.05
11.39044,55.32523,2023,4,2,92,2023-04-02,3.36,6.76,-0.08,73.77,0,18.79,4.3
11.39044,55.32523,2023,4,3,93,2023-04-03,2.9,5.25,0.2,70.97,0.06,18.8,2.73
11.39044,55.32523,2023,4,4,94,2023-04-04,4.19,6.75,1.47,68.46,0.03,15.32,1.89
11.39044,55.32523,2023,4,5,95,2023-04-05,5.29,7.63,3.38,78.47,0.09,17.25,1.82
11.39044,55.32523,2023,4,6,96,2023-04-06,4.85,7.68,2.65,80.07,0.11,15.2,4.21
11.39044,55.32523,2023,4,7,97,2023-04-07,4.3,6.63,1.07,85.32,0.62,15.32,4.76
11.39044,55.32523,2023,4,8,98,2023-04-08,6.64,10.87,3.08,87.26,0.02,18.12,2.87
11.39044,55.32523,2023,4,9,99,2023-04-09,6.57,10.38,3.53,79.23,0.05,16.85,2.69
11.39044,55.32523,2023,4,10,100,2023-04-10,6.73,10,3.89,84.36,0.03,15.67,6.86
11.39044,55.32523,2023,4,11,101,2023-04-11,7.29,9.13,4.51,89.37,7.1,10.42,4.19
11.39044,55.32523,2023,4,12,102,2023-04-12,6.28,8.88,3.8,88.9,5.59,13.92,6.21
11.39044,55.32523,2023,4,13,103,2023-04-13,7.75,10.22,5.73,85.84,1.34,13.78,4.42
11.39044,55.32523,2023,4,14,104,2023-04-14,6.84,7.83,5.43,92.52,6.11,7.93,3.04
11.39044,55.32523,2023,4,15,105,2023-04-15,8.31,10.77,6.65,89.9,2.06,11.55,4.69
11.39044,55.32523,2023,4,16,106,2023-04-16,8.27,11.57,6.15,88.87,0.34,9.19,2.89
11.39044,55.32523,2023,4,17,107,2023-04-17,7.91,11.21,5.17,81.54,0.01,21.68,2.83
11.39044,55.32523,2023,4,18,108,2023-04-18,8,11.61,4.13,77.35,0.01,21.29,3.86
11.39044,55.32523,2023,4,19,109,2023-04-19,8.3,11.47,5.18,72.79,0.01,22.1,5.16
11.39044,55.32523,2023,4,20,110,2023-04-20,9.14,13.95,4.71,73.66,0,20.75,6.3
11.39044,55.32523,2023,4,21,111,2023-04-21,9.17,13.62,5.13,70.76,0,22.4,4.12
11.39044,55.32523,2023,4,22,112,2023-04-22,9.6,14.45,4.61,80.39,0.02,20.41,5.36
11.39044,55.32523,2023,4,23,113,2023-04-23,9.77,11.74,8.3,84.93,4.83,13.8,3.27
11.39044,55.32523,2023,4,24,114,2023-04-24,9.77,12.45,7.73,86.81,3.42,11.26,5.22
11.39044,55.32523,2023,4,25,115,2023-04-25,6.95,8.83,4.87,79.87,1.23,11.98,7.96
11.39044,55.32523,2023,4,26,116,2023-04-26,6.03,8.33,4.06,75.91,0.26,20.45,7.74
11.39044,55.32523,2023,4,27,117,2023-04-27,6.2,8.95,3.89,77.55,0.28,21.23,6.02
11.39044,55.32523,2023,4,28,118,2023-04-28,7.44,10.22,4.57,75.61,0.08,20.21,2.55
11.39044,55.32523,2023,4,29,119,2023-04-29,8.03,11.35,4.83,75.55,0.03,21.21,5.05
11.39044,55.32523,2023,4,30,120,2023-04-30,7.41,9.87,4.2,74.83,0.08,21.73,4.53
11.39044,55.32523,2023,5,1,121,2023-05-01,9.6,12.16,6.54,77.86,0.35,20.6,3.95
11.39044,55.32523,2023,5,2,122,2023-05-02,8.36,10.58,5.32,77.65,0.07,22.14,4.87
11.39044,55.32523,2023,5,3,123,2023-05-03,8.3,10.83,5.12,78.43,0.02,23.05,3.59
11.39044,55.32523,2023,5,4,124,2023-05-04,8.99,11.78,5.94,80.48,0.07,15.49,2.97
11.39044,55.32523,2023,5,5,125,2023-05-05,6.49,7.9,4.75,71.16,0.05,15.6,9.81
11.39044,55.32523,2023,5,6,126,2023-05-06,6.9,9.8,4.82,77.44,2.39,10.98,8.34
11.39044,55.32523,2023,5,7,127,2023-05-07,8.8,12.46,4.93,75.69,0,24.9,5.87
11.39044,55.32523,2023,5,8,128,2023-05-08,10.02,13.59,6.2,77.32,0,26.56,6.32
11.39044,55.32523,2023,5,9,129,2023-05-09,11.29,14.82,7.9,72.35,0,24.91,7.51
11.39044,55.32523,2023,5,10,130,2023-05-10,12.12,15.81,8.64,75.9,0.09,23.83,6.34
11.39044,55.32523,2023,5,11,131,2023-05-11,12.93,16.93,9.81,81.39,0.05,19.2,2.7
11.39044,55.32523,2023,5,12,132,2023-05-12,12.77,17.31,8.22,73.54,0,26.07,3.71
11.39044,55.32523,2023,5,13,133,2023-05-13,12.78,17.54,7.29,75,0.01,26.13,3.05
11.39044,55.32523,2023,5,14,134,2023-05-14,13.75,18.34,8.74,76.53,0.01,21.72,2.82
11.39044,55.32523,2023,5,15,135,2023-05-15,13.9,17.63,10.81,77.72,0.46,19.23,2.62
11.39044,55.32523,2023,5,16,136,2023-05-16,10.36,12.09,8.42,84.34,1.35,9.71,6.61
11.39044,55.32523,2023,5,17,137,2023-05-17,9.05,12.07,6.11,69.8,0.11,23.26,7.49
11.39044,55.32523,2023,5,18,138,2023-05-18,9.63,12.86,5.6,73.7,0,25.43,2.51
11.39044,55.32523,2023,5,19,139,2023-05-19,11.73,14.38,9.3,71.41,0.09,22.79,1.46
11.39044,55.32523,2023,5,20,140,2023-05-20,12.39,15.89,7.52,74.78,0.07,26.59,3.36
11.39044,55.32523,2023,5,21,141,2023-05-21,13.85,17.28,9.66,82.44,1.68,19.78,3.91
11.39044,55.32523,2023,5,22,142,2023-05-22,14.53,18.66,11.27,77.48,0.24,22.41,4.55
11.39044,55.32523,2023,5,23,143,2023-05-23,12.35,14.4,9.75,85.35,3.08,9.13,4.32
11.39044,55.32523,2023,5,24,144,2023-05-24,13.23,16.07,9.32,87.81,0.32,20.92,2.85
11.39044,55.32523,2023,5,25,145,2023-05-25,12.47,15.37,9.27,75.34,0.06,28.23,5.61
11.39044,55.32523,2023,5,26,146,2023-05-26,11.9,14.84,8.96,74.8,0.21,25.41,5.66
11.39044,55.32523,2023,5,27,147,2023-05-27,12.5,15.65,8.42,75.95,0.06,26.4,2.3
11.39044,55.32523,2023,5,28,148,2023-05-28,12.84,15.81,9.45,78.85,0.18,25.22,3.68
11.39044,55.32523,2023,5,29,149,2023-05-29,12.65,15.84,8.51,72.25,0.07,27.8,3.84
11.39044,55.32523,2023,5,30,150,2023-05-30,14.43,17.7,10.62,74.69,0.14,27.03,2.22
11.39044,55.32523,2023,5,31,151,2023-05-31,14.51,18.16,11.28,79.25,0.14,25.83,5.26
11.39044,55.32523,2023,6,1,152,2023-06-01,13.83,17.27,10.55,81.42,0.13,27.11,5.56
11.39044,55.32523,2023,6,2,153,2023-06-02,12.87,15.7,9.6,68.9,0.1,29.65,4.18
11.39044,55.32523,2023,6,3,154,2023-06-03,14.22,16.83,11.03,65.52,0.11,27.06,1.65
11.39044,55.32523,2023,6,4,155,2023-06-04,13.76,16.67,9.77,72.04,0.1,25.8,2.35
11.39044,55.32523,2023,6,5,156,2023-06-05,16.24,18.74,13.41,68.67,0.13,26.53,0.81
11.39044,55.32523,2023,6,6,157,2023-06-06,16.03,18.98,12.42,77.42,0.12,28.95,2.45
11.39044,55.32523,2023,6,7,158,2023-06-07,15.96,18.95,12.15,78.25,0.18,26.82,1.6
11.39044,55.32523,2023,6,8,159,2023-06-08,16.54,19.81,12.5,78.88,0.17,27.4,1.88
11.39044,55.32523,2023,6,9,160,2023-06-09,16.46,19.5,13.15,78.28,0.18,26.9,3.88
11.39044,55.32523,2023,6,10,161,2023-06-10,15.6,20.13,11.61,68.69,0.09,26.9,6.62
11.39044,55.32523,2023,6,11,162,2023-06-11,15.87,20.01,11.48,71.01,0.03,28.58,6.01
11.39044,55.32523,2023,6,12,163,2023-06-12,16.6,21.39,11.46,73.99,0.09,28.79,4.38
11.39044,55.32523,2023,6,13,164,2023-06-13,16.69,20.67,11.43,67.39,0.08,28.49,3.93
11.39044,55.32523,2023,6,14,165,2023-06-14,17.4,21.01,12.82,66.14,0.06,29.19,1.93
11.39044,55.32523,2023,6,15,166,2023-06-15,18.63,21.51,14.76,70.6,0.34,21.5,2.32
11.39044,55.32523,2023,6,16,167,2023-06-16,18.46,20.91,16.11,79.87,0.78,18.53,1.54
11.39044,55.32523,2023,6,17,168,2023-06-17,18.75,21.89,15.14,81.91,1.84,23,2.05
11.39044,55.32523,2023,6,18,169,2023-06-18,19.05,21.53,16.62,80.24,0.79,25.36,2.74
11.39044,55.32523,2023,6,19,170,2023-06-19,18.86,21.48,16.27,86.66,4.68,14.87,2.83
11.39044,55.32523,2023,6,20,171,2023-06-20,19.27,22.07,15.99,81.67,0.09,18.3,1.77
11.39044,55.32523,2023,6,21,172,2023-06-21,19.66,22.41,16.88,83.85,1.47,18.94,4.93
11.39044,55.32523,2023,6,22,173,2023-06-22,19.37,22.15,15.4,77.27,0.02,26.43,2.41
11.39044,55.32523,2023,6,23,174,2023-06-23,18.56,20.84,16.35,74.27,0.87,18.72,3.96
11.39044,55.32523,2023,6,24,175,2023-06-24,18.59,21.83,14.28,76.16,0.05,24.93,3.83
11.39044,55.32523,2023,6,25,176,2023-06-25,20.84,23.65,17.17,77.55,0.04,24.74,1.08
11.39044,55.32523,2023,6,26,177,2023-06-26,19.8,24.4,15.78,79.94,6.73,16.11,6.02
11.39044,55.32523,2023,6,27,178,2023-06-27,16.99,19.37,14.94,73.33,0.38,22.17,8.09
11.39044,55.32523,2023,6,28,179,2023-06-28,18.16,21.13,14.93,74.79,0.03,25.84,4.52
11.39044,55.32523,2023,6,29,180,2023-06-29,19.17,21.65,15.77,86.48,3.42,12.97,2.61
11.39044,55.32523,2023,6,30,181,2023-06-30,17.57,20,15.35,74.17,0.24,23.35,4.78
11.39044,55.32523,2023,7,1,182,2023-07-01,17.21,19.48,15.54,83.8,9.72,7.39,6.45
11.39044,55.32523,2023,7,2,183,2023-07-02,16.36,17.94,14.67,74.89,2.26,21.35,9.19
11.39044,55.32523,2023,7,3,184,2023-07-03,15.66,17.42,13.94,73.8,2.61,22.15,8.55
11.39044,55.32523,2023,7,4,185,2023-07-04,15.18,17.28,13.08,77.78,7.66,22.08,7.94
11.39044,55.32523,2023,7,5,186,2023-07-05,15.52,18.82,13.12,83.25,8.86,11.1,7.21
11.39044,55.32523,2023,7,6,187,2023-07-06,16.17,19,13.6,76.59,1.36,22.15,6.93
11.39044,55.32523,2023,7,7,188,2023-07-07,17.41,19.96,13.86,76.05,0,23.62,2.64
11.39044,55.32523,2023,7,8,189,2023-07-08,19.11,22.17,15.48,69.63,0,27.23,1.37
11.39044,55.32523,2023,7,9,190,2023-07-09,20.13,23.98,15.79,67.41,0,27.63,2.14
11.39044,55.32523,2023,7,10,191,2023-07-10,18.62,20.81,15.96,83.21,15.11,9.52,4.23
11.39044,55.32523,2023,7,11,192,2023-07-11,19.27,22.43,15.23,78.63,1.1,17.59,3.99
11.39044,55.32523,2023,7,12,193,2023-07-12,18.75,21.08,15.49,83.88,19.6,15.45,4.61
11.39044,55.32523,2023,7,13,194,2023-07-13,17.56,19.92,15.17,81.82,6.57,20.32,5.59
11.39044,55.32523,2023,7,14,195,2023-07-14,17.6,19.86,14.48,78.16,0.64,23.4,3.11
11.39044,55.32523,2023,7,15,196,2023-07-15,21.15,25.11,17.36,77.79,1.39,19.87,5.84
11.39044,55.32523,2023,7,16,197,2023-07-16,19.31,21.05,17.23,74.95,1.56,18.09,7.01
11.39044,55.32523,2023,7,17,198,2023-07-17,17.91,19.84,15.57,74.86,1.97,17.96,6.88
11.39044,55.32523,2023,7,18,199,2023-07-18,17.04,19.63,14.85,73.58,0.27,20.05,6.02
11.39044,55.32523,2023,7,19,200,2023-07-19,15.71,17.48,14.11,75.39,1.48,15.55,3.28
11.39044,55.32523,2023,7,20,201,2023-07-20,15.72,18.24,13.22,75.6,1.75,20.72,6.26
11.39044,55.32523,2023,7,21,202,2023-07-21,15.88,17.93,13.62,73.38,1.5,20.62,3.68
11.39044,55.32523,2023,7,22,203,2023-07-22,15.47,18.01,13.42,77.5,5.32,21.52,4.8
11.39044,55.32523,2023,7,23,204,2023-07-23,15.92,17.42,13.78,91.14,21.24,6.16,4.95
11.39044,55.32523,2023,7,24,205,2023-07-24,18.11,20.24,15.65,85.05,1.29,18.75,5.49
11.39044,55.32523,2023,7,25,206,2023-07-25,16.26,18.78,14.05,78.02,1.53,21.09,5.74
11.39044,55.32523,2023,7,26,207,2023-07-26,15.1,17.21,13,78.32,1.97,20.43,5.83
11.39044,55.32523,2023,7,27,208,2023-07-27,16.89,19.25,14.13,76.63,0.75,18.98,3.38
11.39044,55.32523,2023,7,28,209,2023-07-28,18.21,20.75,14.39,74.31,0.03,24.01,1.72
11.39044,55.32523,2023,7,29,210,2023-07-29,17.91,19.88,15.79,90.33,5.89,12.48,2.62
11.39044,55.32523,2023,7,30,211,2023-07-30,17.26,20.01,14.68,82.34,3.51,17.23,4.81
11.39044,55.32523,2023,7,31,212,2023-07-31,17.46,19.92,15.12,81.24,6.48,17.48,4.29
11.39044,55.32523,2023,8,1,213,2023-08-01,17.11,18.81,15.27,86.48,29.92,12.46,2.92
11.39044,55.32523,2023,8,2,214,2023-08-02,17.28,19.87,14.18,84.62,4.88,17.92,3.49
11.39044,55.32523,2023,8,3,215,2023-08-03,17.87,19.73,15.81,87.08,3.5,16.88,2.92
11.39044,55.32523,2023,8,4,216,2023-08-04,17.32,19.92,15.02,80.59,0.07,17.09,5.75
11.39044,55.32523,2023,8,5,217,2023-08-05,17.09,19.5,14.26,74.95,0.14,20.6,3.02
11.39044,55.32523,2023,8,6,218,2023-08-06,16.22,18.12,14.93,81.72,3.09,11.05,4.9
11.39044,55.32523,2023,8,7,219,2023-08-07,15.31,16.81,14.16,84,28.69,7.19,11.51
11.39044,55.32523,2023,8,8,220,2023-08-08,14.82,17,13.24,72.16,1.23,19.36,11.27
11.39044,55.32523,2023,8,9,221,2023-08-09,14.15,15.77,12.85,77.62,5.78,9.86,8.31
11.39044,55.32523,2023,8,10,222,2023-08-10,14.92,17.37,13.05,75.89,0.25,14.96,6.09
11.39044,55.32523,2023,8,11,223,2023-08-11,16.76,19.65,12.53,86.72,0.21,11.88,3.45
11.39044,55.32523,2023,8,12,224,2023-08-12,17.72,19.56,16.24,92.13,7.63,8.66,3.23
11.39044,55.32523,2023,8,13,225,2023-08-13,17.85,20.45,14.66,87.28,0.74,18.05,3.72
11.39044,55.32523,2023,8,14,226,2023-08-14,19.37,22.63,16.2,83.42,0.45,17.23,2.55
11.39044,55.32523,2023,8,15,227,2023-08-15,19.17,22.91,16.05,87.63,0.33,12.43,3.59
11.39044,55.32523,2023,8,16,228,2023-08-16,17.36,20.01,14.47,84.39,0.2,18.25,4.03
11.39044,55.32523,2023,8,17,229,2023-08-17,16.36,18.63,14.33,88.18,4.62,11.8,3.42
11.39044,55.32523,2023,8,18,230,2023-08-18,18.29,21.2,16.35,87.54,3.84,11.64,4.6
11.39044,55.32523,2023,8,19,231,2023-08-19,19.23,22.41,16.54,90.11,5.47,14.84,5.01
11.39044,55.32523,2023,8,20,232,2023-08-20,19.19,21.74,16.84,84.18,1.38,18.34,2.71
11.39044,55.32523,2023,8,21,233,2023-08-21,18.35,21.06,15.48,82.24,0.05,19.66,3.11
11.39044,55.32523,2023,8,22,234,2023-08-22,19.14,21.59,16.75,81.33,0.3,17.61,2.85
11.39044,55.32523,2023,8,23,235,2023-08-23,18.13,20.71,15.67,85.92,0.19,12.7,3.38
11.39044,55.32523,2023,8,24,236,2023-08-24,17.45,19.8,14.82,83.41,0.15,17.85,2.56
11.39044,55.32523,2023,8,25,237,2023-08-25,19.2,21.71,16.68,86.04,7.76,15.19,3.83
11.39044,55.32523,2023,8,26,238,2023-08-26,17.8,19.65,15.2,85.31,14.95,13.02,4.65
11.39044,55.32523,2023,8,27,239,2023-08-27,17.09,19.19,14.79,86.59,3.6,13.9,3.84
11.39044,55.32523,2023,8,28,240,2023-08-28,16.7,19.39,14.37,81.48,1.05,16.48,3.69
11.39044,55.32523,2023,8,29,241,2023-08-29,16.01,17.55,13.73,76.58,0.03,11.72,1.51
11.39044,55.32523,2023,8,30,242,2023-08-30,16.44,18.29,14.53,84.15,2.27,12.91,3.4
11.39044,55.32523,2023,8,31,243,2023-08-31,15.29,16.15,14.27,87.72,10.41,7.28,3.09
11.39044,55.32523,2023,9,1,244,2023-09-01,17.01,20.34,14.11,80.58,0.38,17.45,3.92
11.39044,55.32523,2023,9,2,245,2023-09-02,16.53,19.94,13.75,80.46,0.04,18.56,4.83
11.39044,55.32523,2023,9,3,246,2023-09-03,16.66,18.88,14.31,85.28,0.18,10.37,5.25
11.39044,55.32523,2023,9,4,247,2023-09-04,18.26,21.47,15.48,84.11,0.07,18.76,3.63
11.39044,55.32523,2023,9,5,248,2023-09-05,19.31,23.26,15.6,79.98,0.01,18.55,1.29
11.39044,55.32523,2023,9,6,249,2023-09-06,18.55,22.27,15.56,83.72,0.04,18,2.33
11.39044,55.32523,2023,9,7,250,2023-09-07,18.35,21.77,15.64,89.74,0.16,15.46,4.06
11.39044,55.32523,2023,9,8,251,2023-09-08,19.26,23.28,15.92,87.61,0.23,16.65,3.87
11.39044,55.32523,2023,9,9,252,2023-09-09,20.06,24.12,16.39,83.74,0.08,16.33,2.96
11.39044,55.32523,2023,9,10,253,2023-09-10,18.61,20.92,16.15,89.88,0.2,7.9,1.7
11.39044,55.32523,2023,9,11,254,2023-09-11,18.28,21.25,15,90.54,0.32,13.05,2.86
11.39044,55.32523,2023,9,12,255,2023-09-12,18.68,21.07,15.91,89.6,2.44,7.93,2.93
11.39044,55.32523,2023,9,13,256,2023-09-13,15.91,17.48,13.56,75.58,2.67,10.79,4.52
11.39044,55.32523,2023,9,14,257,2023-09-14,14.83,16.72,12.38,70.59,0,13.51,2.65
11.39044,55.32523,2023,9,15,258,2023-09-15,16.25,18.66,14.28,77.56,0.05,13.7,3.64
11.39044,55.32523,2023,9,16,259,2023-09-16,17.68,20.83,14.71,84.91,0.1,13.54,3.95
11.39044,55.32523,2023,9,17,260,2023-09-17,18.45,21.98,16.22,84.89,0.21,12.74,4.38
11.39044,55.32523,2023,9,18,261,2023-09-18,18.91,21.91,16.82,89.13,6.83,6.5,6.41
11.39044,55.32523,2023,9,19,262,2023-09-19,16.86,17.64,14.98,81.3,5.45,9.43,9.64
11.39044,55.32523,2023,9,20,263,2023-09-20,18.15,19.47,17.1,86.59,2.88,8.06,7.6
11.39044,55.32523,2023,9,21,264,2023-09-21,19.06,22.21,16.28,84.2,1.87,12.61,5.72
11.39044,55.32523,2023,9,22,265,2023-09-22,16.67,17.85,14.65,86.39,10.23,7.77,3.92
11.39044,55.32523,2023,9,23,266,2023-09-23,14.82,16.5,13.12,88.19,4.31,9.73,4.3
11.39044,55.32523,2023,9,24,267,2023-09-24,14.86,17.41,12,77.44,0.07,12.91,4.43
11.39044,55.32523,2023,9,25,268,2023-09-25,15.55,18.03,13.8,86.03,0,8.21,5.88
11.39044,55.32523,2023,9,26,269,2023-09-26,15.82,18.55,13.61,90.85,0.09,9.38,3.12
11.39044,55.32523,2023,9,27,270,2023-09-27,16.48,18.78,14.26,92.53,0.11,10.21,2.57
11.39044,55.32523,2023,9,28,271,2023-09-28,17.29,20.05,16,89.54,0.16,9.85,4.77
11.39044,55.32523,2023,9,29,272,2023-09-29,16.49,19.06,13.88,92.36,1.63,5.77,4.95
11.39044,55.32523,2023,9,30,273,2023-09-30,14.95,17.33,13.4,83.62,0.14,9.38,6.53
11.39044,55.32523,2023,10,1,274,2023-10-01,14.95,16.85,12.86,87.89,2.34,5.24,3.61
11.39044,55.32523,2023,10,2,275,2023-10-02,16.6,18.68,14.68,94.51,2.64,4.4,3.32
11.39044,55.32523,2023,10,3,276,2023-10-03,15.14,18.29,13.31,91.1,11.98,2.95,6.18
11.39044,55.32523,2023,10,4,277,2023-10-04,14.48,16.42,13,81.93,4.43,7.93,8.56
11.39044,55.32523,2023,10,5,278,2023-10-05,14.03,15.93,12.62,82.13,7.06,9.15,7.19
11.39044,55.32523,2023,10,6,279,2023-10-06,15.45,17.31,12.7,90.08,8.77,4.52,8.73
11.39044,55.32523,2023,10,7,280,2023-10-07,12.7,14.87,10.65,77.43,0.03,4.58,6.56
11.39044,55.32523,2023,10,8,281,2023-10-08,10.56,11.91,9.53,63.47,0.01,8.94,2.67
11.39044,55.32523,2023,10,9,282,2023-10-09,11.36,12.98,9.61,77.79,0.85,4.22,1.47
11.39044,55.32523,2023,10,10,283,2023-10-10,13.56,15.42,10.77,90.45,1.11,4.24,4.52
11.39044,55.32523,2023,10,11,284,2023-10-11,14.83,17.21,12.18,89.47,2.02,3.02,7.8
11.39044,55.32523,2023,10,12,285,2023-10-12,11.83,13.77,9.72,77.63,0.19,9.31,6.56
11.39044,55.32523,2023,10,13,286,2023-10-13,13.89,16.94,9.34,91.59,8.1,2.23,7.06
11.39044,55.32523,2023,10,14,287,2023-10-14,11.38,13.18,9.95,80.83,1.4,8.32,9.34
11.39044,55.32523,2023,10,15,288,2023-10-15,9.75,11.79,8.47,78.51,1.24,6.48,9.81
11.39044,55.32523,2023,10,16,289,2023-10-16,8.49,10.52,7.01,74.11,0.02,8.33,5.18
11.39044,55.32523,2023,10,17,290,2023-10-17,9.75,12.46,6.97,85.85,0.1,7.54,4.77
11.39044,55.32523,2023,10,18,291,2023-10-18,10.05,12.32,7.83,88.47,0.12,6.85,3.55
11.39044,55.32523,2023,10,19,292,2023-10-19,8.06,9.65,5.64,87.57,2.69,1.78,10.27
11.39044,55.32523,2023,10,20,293,2023-10-20,6.13,8.03,5.27,83.89,13.18,2.81,12.58
11.39044,55.32523,2023,10,21,294,2023-10-21,9.15,11.1,5.52,91.6,7.02,2.43,6.97
11.39044,55.32523,2023,10,22,295,2023-10-22,11.05,13.34,9.5,94.63,1,5.11,5.3
11.39044,55.32523,2023,10,23,296,2023-10-23,10.19,12.28,8.96,90.77,0.29,5.96,3.97
11.39044,55.32523,2023,10,24,297,2023-10-24,10.16,12.07,8.19,93.25,12.78,1.51,7.17
11.39044,55.32523,2023,10,25,298,2023-10-25,10.42,11.86,8.86,94.07,4.41,2.49,5.88
11.39044,55.32523,2023,10,26,299,2023-10-26,7.95,8.82,7.02,92,1.07,1.98,6.15
11.39044,55.32523,2023,10,27,300,2023-10-27,7,8.27,5.96,89.25,0.54,2.94,5.33
11.39044,55.32523,2023,10,28,301,2023-10-28,7.43,9.23,5.49,90.91,2.16,2.07,5.95
11.39044,55.32523,2023,10,29,302,2023-10-29,10.85,13.69,8.58,92.32,12.49,2.55,6.76
11.39044,55.32523,2023,10,30,303,2023-10-30,11.27,12.96,10.43,91.68,1.25,5.38,6.27
11.39044,55.32523,2023,10,31,304,2023-10-31,7.64,10.44,4.65,91.07,17.19,1.48,5.95
11.39044,55.32523,2023,11,1,305,2023-11-01,6.7,10.61,3.45,87.02,4.26,3.19,5.13
11.39044,55.32523,2023,11,2,306,2023-11-02,10.06,11,8.66,93.34,1.94,2.44,7.29
11.39044,55.32523,2023,11,3,307,2023-11-03,9.95,10.93,8.87,91.42,0.4,2.77,6.15
11.39044,55.32523,2023,11,4,308,2023-11-04,8.81,9.49,8.02,89.56,0.32,2.14,5.87
11.39044,55.32523,2023,11,5,309,2023-11-05,9.21,10.89,8.04,93.11,2.78,2.26,4.52
11.39044,55.32523,2023,11,6,310,2023-11-06,9.81,11.48,8.75,93.99,2.08,3.95,5.52
11.39044,55.32523,2023,11,7,311,2023-11-07,9.88,10.87,9.17,93.49,5.66,2.82,6.56
11.39044,55.32523,2023,11,8,312,2023-11-08,9.6,10.97,8.78,91.44,2.46,3.88,6.31
11.39044,55.32523,2023,11,9,313,2023-11-09,8.96,9.84,7.73,94.88,7.32,1.16,5.75
11.39044,55.32523,2023,11,10,314,2023-11-10,8.03,8.53,7.08,93.2,4.93,1.51,5.37
11.39044,55.32523,2023,11,11,315,2023-11-11,7.49,8.91,6.62,94.02,3.94,2.51,2.08
11.39044,55.32523,2023,11,12,316,2023-11-12,7.01,7.56,6.71,92.81,1.45,2.12,2.35
11.39044,55.32523,2023,11,13,317,2023-11-13,6.85,8.23,5.36,89.7,7.13,3.14,4.63
11.39044,55.32523,2023,11,14,318,2023-11-14,7.44,8.86,5.85,94.74,9.94,1.32,4.48
11.39044,55.32523,2023,11,15,319,2023-11-15,5.58,6.43,4.02,91.38,4.95,2.5,4.17
11.39044,55.32523,2023,11,16,320,2023-11-16,5.75,6.79,5.03,95.01,12.31,1.21,6.55
11.39044,55.32523,2023,11,17,321,2023-11-17,4.61,5.64,2.65,92.36,0.58,1.08,4.44
11.39044,55.32523,2023,11,18,322,2023-11-18,3.87,5.25,2.61,85.77,0.23,3.7,3.71
11.39044,55.32523,2023,11,19,323,2023-11-19,5.54,6.94,3.92,95.54,9.99,0.89,5.84
11.39044,55.32523,2023,11,20,324,2023-11-20,6.13,6.68,4.67,94.61,2.34,1.47,4.94
11.39044,55.32523,2023,11,21,325,2023-11-21,3.76,4.89,1.71,91.83,0.41,2.33,4.63
11.39044,55.32523,2023,11,22,326,2023-11-22,3.95,8.17,1.62,83.75,3.68,1.05,7.45
11.39044,55.32523,2023,11,23,327,2023-11-23,9.02,10.41,6.24,87.12,2.62,1.47,10.76
11.39044,55.32523,2023,11,24,328,2023-11-24,4.3,5.29,3.14,79.71,0.72,2.08,8.6
11.39044,55.32523,2023,11,25,329,2023-11-25,2.23,4.43,-0.32,81.86,0.31,2.37,5.45
11.39044,55.32523,2023,11,26,330,2023-11-26,1.51,3.1,-0.35,76.71,0.05,1.96,2.87
11.39044,55.32523,2023,11,27,331,2023-11-27,0.12,1.44,-1,88.2,0.05,2.3,4.97
11.39044,55.32523,2023,11,28,332,2023-11-28,-2.12,-1.26,-2.87,78.07,0.17,2.21,4.85
11.39044,55.32523,2023,11,29,333,2023-11-29,-1.52,-0.39,-3.06,85.13,1.18,1.85,3.91
11.39044,55.32523,2023,11,30,334,2023-11-30,0.17,0.85,-1.24,93.86,3.35,1.08,4.37
11.39044,55.32523,2023,12,1,335,2023-12-01,0.09,1.25,-1.35,87.09,1.01,1.07,3.97
11.39044,55.32523,2023,12,2,336,2023-12-02,-0.59,0.28,-1.21,85.09,0.43,1.49,3.85
11.39044,55.32523,2023,12,3,337,2023-12-03,-0.29,0.54,-1.36,89.02,1.83,1.19,2.73
11.39044,55.32523,2023,12,4,338,2023-12-04,0.66,1.36,-0.16,89.45,0.3,1.29,4.55
11.39044,55.32523,2023,12,5,339,2023-12-05,1.48,1.99,0.87,85.66,1.71,1.5,6.6
11.39044,55.32523,2023,12,6,340,2023-12-06,1.27,1.81,0.83,93.65,4.42,0.51,6.26
11.39044,55.32523,2023,12,7,341,2023-12-07,1.05,1.91,0.34,91.49,0.38,0.9,1.77
11.39044,55.32523,2023,12,8,342,2023-12-08,1.55,2.09,0.43,93.99,1.64,0.79,5.05
11.39044,55.32523,2023,12,9,343,2023-12-09,2.49,3.43,0.88,96.89,1.01,0.86,5.72
11.39044,55.32523,2023,12,10,344,2023-12-10,3.15,3.62,2.84,97.21,6.88,0.71,6.35
11.39044,55.32523,2023,12,11,345,2023-12-11,2.85,3.69,1.01,98.71,5.39,1.11,2.82
11.39044,55.32523,2023,12,12,346,2023-12-12,1.02,2.2,0.26,96.17,0.38,1.44,4.16
11.39044,55.32523,2023,12,13,347,2023-12-13,0.39,1.48,-0.99,92.52,0.74,1.14,6.97
11.39044,55.32523,2023,12,14,348,2023-12-14,0.01,1.28,-1.55,91.77,0.11,1.25,2.7
11.39044,55.32523,2023,12,15,349,2023-12-15,3.07,3.72,1.35,99.57,0.91,1.26,4.89
11.39044,55.32523,2023,12,16,350,2023-12-16,5.63,6.52,4.03,98.57,0.61,1.01,6.57
11.39044,55.32523,2023,12,17,351,2023-12-17,6.87,7.11,6.57,95.52,1.16,0.92,7.99
11.39044,55.32523,2023,12,18,352,2023-12-18,7.09,8.12,6.57,95.95,6.67,0.97,7.45
11.39044,55.32523,2023,12,19,353,2023-12-19,6.43,8.25,3.36,95.48,2.44,0.66,5.36
11.39044,55.32523,2023,12,20,354,2023-12-20,4.26,4.9,3.24,94.21,3.36,1.46,6.69
11.39044,55.32523,2023,12,21,355,2023-12-21,5.26,6.76,4.08,90.23,10.38,1.03,9.74
11.39044,55.32523,2023,12,22,356,2023-12-22,3.06,4.35,1.76,77.3,0.05,2.23,11.67
11.39044,55.32523,2023,12,23,357,2023-12-23,1.89,3.11,0.61,92.36,0.21,2.06,6.43
11.39044,55.32523,2023,12,24,358,2023-12-24,5.05,8.24,1.8,96.84,4.2,0.72,6.6
11.39044,55.32523,2023,12,25,359,2023-12-25,5.46,7.41,3.69,85.73,0.45,1.84,9.44
11.39044,55.32523,2023,12,26,360,2023-12-26,4.98,6.74,4.03,92.52,3.76,1.36,7.54
11.39044,55.32523,2023,12,27,361,2023-12-27,2.82,4.2,1.34,95.2,3.57,1.65,5.65
11.39044,55.32523,2023,12,28,362,2023-12-28,6.99,8.39,4.21,92.29,6.3,1.26,9.05
11.39044,55.32523,2023,12,29,363,2023-12-29,6.94,7.56,6.06,89.11,3.25,1.35,9.32
11.39044,55.32523,2023,12,30,364,2023-12-30,4.62,5.87,3.41,93.87,0.85,2.14,5.81
11.39044,55.32523,2023,12,31,365,2023-12-31,4.64,5.16,3.24,96.85,7.97,1.07,6.57
11.39044,55.32523,2025,1,1,1,2025-01-01,6.33,7.49,3.73,91.85,15.91,0.63,10.93
11.39044,55.32523,2025,1,2,2,2025-01-02,1.48,3.23,-0.05,81.24,0.28,2.71,6.39
11.39044,55.32523,2025,1,3,3,2025-01-03,1.06,2.1,-0.11,76.89,1.55,2.39,8.23
11.39044,55.32523,2025,1,4,4,2025-01-04,0.86,2.23,-0.83,86.03,0.58,1.54,4.51
11.39044,55.32523,2025,1,5,5,2025-01-05,1.57,2.41,0.93,93,3.66,0.83,5.61
11.39044,55.32523,2025,1,6,6,2025-01-06,4.62,7.1,1,93.7,15.83,0.92,8.84
11.39044,55.32523,2025,1,7,7,2025-01-07,4.56,5.65,2.87,88.09,0.29,1.84,11.45
11.39044,55.32523,2025,1,8,8,2025-01-08,4.13,5.16,2.82,89.9,1.52,1.62,9.96
11.39044,55.32523,2025,1,9,9,2025-01-09,2.56,2.88,1.98,95.95,0.14,1.92,2.74
11.39044,55.32523,2025,1,10,10,2025-01-10,1.1,2.03,0.62,89.7,0.22,1.73,5.41
11.39044,55.32523,2025,1,11,11,2025-01-11,1.27,2.32,0.56,80.06,0,2.73,8.64
11.39044,55.32523,2025,1,12,12,2025-01-12,0.64,2.19,-0.55,81.72,0,3.22,4.61
11.39044,55.32523,2025,1,13,13,2025-01-13,1.2,2.61,-0.48,88.75,0.1,1.46,5.65
11.39044,55.32523,2025,1,14,14,2025-01-14,4.26,5.5,2.57,97.64,1.45,1.14,7.56
11.39044,55.32523,2025,1,15,15,2025-01-15,3.76,4.36,3.38,98.8,0.28,1.97,3.39
11.39044,55.32523,2025,1,16,16,2025-01-16,4.43,5.24,3.46,96.97,0.44,1.52,5.68
11.39044,55.32523,2025,1,17,17,2025-01-17,3.74,4.49,3.09,96.39,0.49,1.25,5.75
11.39044,55.32523,2025,1,18,18,2025-01-18,3.3,3.98,1.66,96.47,0.43,1.35,3.44
11.39044,55.32523,2025,1,19,19,2025-01-19,0.97,2.74,-0.25,95.85,0.01,2.38,2.85
11.39044,55.32523,2025,1,20,20,2025-01-20,2.06,4.16,0.79,96.34,0.16,2.77,4.32
11.39044,55.32523,2025,1,21,21,2025-01-21,2.36,2.96,1.75,95.28,0.92,1.43,5.75
11.39044,55.32523,2025,1,22,22,2025-01-22,1.92,2.23,1.49,94.58,0.48,1.81,5.53
11.39044,55.32523,2025,1,23,23,2025-01-23,2.94,4.16,1.18,93.99,9.38,0.94,6.57
11.39044,55.32523,2025,1,24,24,2025-01-24,4.26,5.98,3.02,93.08,3.2,1.24,8.23
11.39044,55.32523,2025,1,25,25,2025-01-25,3.84,5.1,2.26,97.46,0.32,1.87,5.35
11.39044,55.32523,2025,1,26,26,2025-01-26,2.38,3.45,1.54,97.28,0.68,1.36,2.21
11.39044,55.32523,2025,1,27,27,2025-01-27,3.78,7.27,1.8,95.88,3.92,1.64,6.8
11.39044,55.32523,2025,1,28,28,2025-01-28,4.26,6.09,3.28,97.28,0.17,3.69,4.51
11.39044,55.32523,2025,1,29,29,2025-01-29,3.83,4.82,2.51,96.96,1.35,2.84,3.51
11.39044,55.32523,2025,1,30,30,2025-01-30,4.78,5.9,3.31,92.48,0.46,2.34,6.03
11.39044,55.32523,2025,1,31,31,2025-01-31,3.03,4.79,1.7,96.92,0.55,2.49,3.59
11.39044,55.32523,2025,2,1,32,2025-02-01,3.11,4.23,2.17,96.43,0.57,3.16,2.28
11.39044,55.32523,2025,2,2,33,2025-02-02,1.68,2.48,0.45,97.18,0.31,2.17,2.4
11.39044,55.32523,2025,2,3,34,2025-02-03,1,2.81,-0.13,92.36,0.06,2.68,3
11.39044,55.32523,2025,2,4,35,2025-02-04,2.09,2.95,-0.23,95.21,0.51,2.45,5.14
11.39044,55.32523,2025,2,5,36,2025-02-05,4.13,6.21,2.75,94.14,0.25,5.04,5.62
11.39044,55.32523,2025,2,6,37,2025-02-06,2.73,4.33,1.82,96.3,0.12,5.82,4.17
11.39044,55.32523,2025,2,7,38,2025-02-07,2.07,3.79,0.78,93.78,0.59,3.03,6.11
11.39044,55.32523,2025,2,8,39,2025-02-08,1.29,2.45,0.36,88.38,0.22,1.6,6.08
11.39044,55.32523,2025,2,9,40,2025-02-09,1.54,2.94,0.7,91.02,0.07,1.72,5.11
11.39044,55.32523,2025,2,10,41,2025-02-10,1.17,3.18,0.12,89.23,0.11,1.58,7.54
11.39044,55.32523,2025,2,11,42,2025-02-11,1.16,3.13,0.13,87.34,0.07,5.17,8.3
11.39044,55.32523,2025,2,12,43,2025-02-12,0.02,1.1,-0.8,86.25,0.1,3.28,6.61
11.39044,55.32523,2025,2,13,44,2025-02-13,-0.16,1.01,-0.99,88.04,0.71,2.83,6.11
11.39044,55.32523,2025,2,14,45,2025-02-14,-0.78,0.58,-1.82,76.42,0.01,5.37,2.76
11.39044,55.32523,2025,2,15,46,2025-02-15,-0.03,1.42,-1.46,79.18,0.91,3.52,4.43
11.39044,55.32523,2025,2,16,47,2025-02-16,-3.3,-1.62,-4.79,74.96,0,7.73,4.45
11.39044,55.32523,2025,2,17,48,2025-02-17,-2.6,-0.11,-4.97,72.97,0,7.83,3.57
11.39044,55.32523,2025,2,18,49,2025-02-18,-0.84,2.26,-3.62,89.38,0,8.08,3.09
11.39044,55.32523,2025,2,19,50,2025-02-19,-0.02,2.34,-1.86,90.23,0,8.32,2.92
11.39044,55.32523,2025,2,20,51,2025-02-20,0.43,2.08,-1.57,80.57,0.3,7.08,7.36
11.39044,55.32523,2025,2,21,52,2025-02-21,2.87,4.28,1.46,97.48,3.12,3.33,5.54
11.39044,55.32523,2025,2,22,53,2025-02-22,3.23,5.01,1.42,95.65,0.27,4.99,5.41
11.39044,55.32523,2025,2,23,54,2025-02-23,3.94,5.07,2.89,98.42,0.78,4.98,3.45
11.39044,55.32523,2025,2,24,55,2025-02-24,4.89,7.04,2.34,95.39,4.51,3.39,6.56
11.39044,55.32523,2025,2,25,56,2025-02-25,4.69,5.41,3.73,98.68,0.45,4.1,2.54
11.39044,55.32523,2025,2,26,57,2025-02-26,3.37,4.49,2.52,97.32,2.36,2.86,0.84
11.39044,55.32523,2025,2,27,58,2025-02-27,2.57,3.55,0.99,95.92,1.2,3.56,2.34
11.39044,55.32523,2025,2,28,59,2025-02-28,2.71,4.57,0.55,95.84,1.74,3.47,3.54
11.39044,55.32523,2025,3,1,60,2025-03-01,1.58,3.26,0.09,95.7,0.34,7.66,4.27
11.39044,55.32523,2025,3,2,61,2025-03-02,4.32,6.94,2.17,91.54,0.33,9.26,5.75
11.39044,55.32523,2025,3,3,62,2025-03-03,5.39,8.04,3.41,92.12,0.22,7.16,6.77
11.39044,55.32523,2025,3,4,63,2025-03-04,5.27,6.86,3.45,94.03,0.2,6.36,7.27
11.39044,55.32523,2025,3,5,64,2025-03-05,5.31,8.3,3.39,85.46,0.04,6.78,8.59
11.39044,55.32523,2025,3,6,65,2025-03-06,5.49,9.41,2.95,86.86,0,11.89,4.82
11.39044,55.32523,2025,3,7,66,2025-03-07,6.13,9.62,2.92,89.4,0,10.46,2.69
11.39044,55.32523,2025,3,8,67,2025-03-08,6.9,11.37,4.46,85.25,0,10.67,1.57
11.39044,55.32523,2025,3,9,68,2025-03-09,5.53,9.81,2.69,89.95,0.01,10.99,3.49
11.39044,55.32523,2025,3,10,69,2025-03-10,4.4,8.05,2.1,93.46,0.06,10.72,3.76
11.39044,55.32523,2025,3,11,70,2025-03-11,3.62,4.61,2.78,95.31,3.88,2.43,3.76
11.39044,55.32523,2025,3,12,71,2025-03-12,4.05,5.62,2.59,91.42,1.97,6.69,3.16
11.39044,55.32523,2025,3,13,72,2025-03-13,3.12,4.96,1.78,89.8,0.98,6.59,2.13
11.39044,55.32523,2025,3,14,73,2025-03-14,1.83,3.51,-0.2,84.43,0.45,7.81,4.79
11.39044,55.32523,2025,3,15,74,2025-03-15,2.27,5.37,-0.22,77.56,0,14.36,2.25
11.39044,55.32523,2025,3,16,75,2025-03-16,3.76,7.19,1.26,88.23,0.18,9.01,5.68
11.39044,55.32523,2025,3,17,76,2025-03-17,2.09,5,-0.72,70.74,0,14.34,3.66
11.39044,55.32523,2025,3,18,77,2025-03-18,3.57,7.17,0.65,89.15,0.01,8.95,4.78
11.39044,55.32523,2025,3,19,78,2025-03-19,3.51,6.94,1.55,84.98,0.11,15.56,2.95
11.39044,55.32523,2025,3,20,79,2025-03-20,5.66,10.63,1.1,80.12,0,11.25,2.57
11.39044,55.32523,2025,3,21,80,2025-03-21,4.67,9.42,0.82,80.55,0,15.11,5.43
11.39044,55.32523,2025,3,22,81,2025-03-22,5.17,8.57,2.57,82.96,0.01,15.98,9.48
11.39044,55.32523,2025,3,23,82,2025-03-23,5.98,9.06,3.18,83.62,0,13.85,8.05
11.39044,55.32523,2025,3,24,83,2025-03-24,5.76,10.15,2.94,89.53,0.05,11.11,2.51
11.39044,55.32523,2025,3,25,84,2025-03-25,5.43,7.14,3.48,95.59,2.84,6.8,4.85
11.39044,55.32523,2025,3,26,85,2025-03-26,6.94,9.67,4.38,87.37,0.21,15.76,4.82
11.39044,55.32523,2025,3,27,86,2025-03-27,6.79,9.76,3.98,91.14,0.06,10.26,5.17
11.39044,55.32523,2025,3,28,87,2025-03-28,7.82,11.68,5.1,86.92,0.04,16.85,4.3
11.39044,55.32523,2025,3,29,88,2025-03-29,6.78,10.03,4.79,88.02,0.1,16.5,3.56
11.39044,55.32523,2025,3,30,89,2025-03-30,6.73,8.78,4.44,90.14,5.35,9.37,6.4
11.39044,55.32523,2025,3,31,90,2025-03-31,6.5,9.08,4.31,87.18,0.09,16.43,5.27
11.39044,55.32523,2025,4,1,91,2025-04-01,7.03,11.28,3.47,83.72,0,18.24,2.55
11.39044,55.32523,2025,4,2,92,2025-04-02,8.05,12.69,4.51,78.33,0,18.04,2.29
11.39044,55.32523,2025,4,3,93,2025-04-03,10.06,14.88,5.74,72.9,0,18.16,1.46
11.39044,55.32523,2025,4,4,94,2025-04-04,7.45,9.86,4.85,85.38,0,17.66,3.99
11.39044,55.32523,2025,4,5,95,2025-04-05,5.87,7.99,3.36,75.74,0,19.26,5.38
11.39044,55.32523,2025,4,6,96,2025-04-06,5.37,8.59,1.49,74.72,0,18.4,2.9
11.39044,55.32523,2025,4,7,97,2025-04-07,6.55,10.25,3.35,85.46,0,17.25,3.87
11.39044,55.32523,2025,4,8,98,2025-04-08,7.47,10.39,4.05,85.05,0.01,17.21,2.01
11.39044,55.32523,2025,4,9,99,2025-04-09,7.46,10.16,4.37,86.64,0,14.63,3.09
11.39044,55.32523,2025,4,10,100,2025-04-10,7.76,11.75,3.74,80.09,0.01,17.97,5.21
11.39044,55.32523,2025,4,11,101,2025-04-11,9.08,11.74,6.83,89.46,0.14,12.99,6.59
11.39044,55.32523,2025,4,12,102,2025-04-12,9.52,13.05,6.53,89.67,0.05,15.05,3.33
11.39044,55.32523,2025,4,13,103,2025-04-13,9.67,12.47,6.69,91.93,1.41,10.86,5.29
11.39044,55.32523,2025,4,14,104,2025-04-14,9.17,12.51,6.36,89.24,0.23,11.07,2.9
11.39044,55.32523,2025,4,15,105,2025-04-15,10.28,14.27,6.78,88.23,0.52,16.26,6.44
11.39044,55.32523,2025,4,16,106,2025-04-16,13.17,17.97,9.74,86.12,0.3,15.82,2.91
11.39044,55.32523,2025,4,17,107,2025-04-17,11.65,14.86,8.62,87.54,0.69,16.55,3.3
11.39044,55.32523,2025,4,18,108,2025-04-18,9.08,10.63,8.21,86.56,1.17,4.61,6.26
11.39044,55.32523,2025,4,19,109,2025-04-19,8.67,10,7.72,92.31,5.58,3.3,4.17
11.39044,55.32523,2025,4,20,110,2025-04-20,8.77,9.88,7.57,93.02,1.89,5.75,3.11
11.39044,55.32523,2025,4,21,111,2025-04-21,9.97,12.13,8.28,87.86,0.86,6.95,1.58
11.39044,55.32523,2025,4,22,112,2025-04-22,10.25,12.45,8.36,90.92,1.5,11.44,2.35
11.39044,55.32523,2025,4,23,113,2025-04-23,9.76,11.4,7.77,87.8,0.09,16.52,1.63
11.39044,55.32523,2025,4,24,114,2025-04-24,10.14,13.14,6.79,86.83,0.05,18.74,2.78
11.39044,55.32523,2025,4,25,115,2025-04-25,9.65,12.61,7.37,84.64,0.47,15.92,1.49
11.39044,55.32523,2025,4,26,116,2025-04-26,10.28,13.27,7.29,77.91,0.02,21.39,2.72
11.39044,55.32523,2025,4,27,117,2025-04-27,9.79,13.04,6.26,74.02,0,24.15,3.41
11.39044,55.32523,2025,4,28,118,2025-04-28,11.6,15.36,7.11,79.5,0.01,21.06,3.38
11.39044,55.32523,2025,4,29,119,2025-04-29,12.18,15.32,9.34,84,0.12,22.03,4.77
11.39044,55.32523,2025,4,30,120,2025-04-30,12.87,16.18,9.76,86.26,0.08,21.11,4.22
11.39044,55.32523,2025,5,1,121,2025-05-01,13.93,17.68,10.48,83.86,0.06,22.73,2.4
11.39044,55.32523,2025,5,2,122,2025-05-02,12.64,14.6,9.18,80.04,0.07,17.83,4.91
11.39044,55.32523,2025,5,3,123,2025-05-03,10.12,13.35,7.87,83.44,3.89,11,5.67
11.39044,55.32523,2025,5,4,124,2025-05-04,9.02,10.58,7.31,77.28,0.57,20.12,5.81
11.39044,55.32523,2025,5,5,125,2025-05-05,9.18,12.05,5.8,63.21,0.25,25.9,3.5
11.39044,55.32523,2025,5,6,126,2025-05-06,10.45,12.7,7.76,74.7,0.04,25.53,5.11
11.39044,55.32523,2025,5,7,127,2025-05-07,11.17,13.63,8,76,0.01,24.48,2.3
11.39044,55.32523,2025,5,8,128,2025-05-08,11.99,14.4,8.95,68.86,0,24.2,2.24
11.39044,55.32523,2025,5,9,129,2025-05-09,11.88,14.84,8.53,78.33,0.26,20.25,4.23
11.39044,55.32523,2025,5,10,130,2025-05-10,11.11,14.04,8.86,86.71,0.73,17.58,2.92
11.39044,55.32523,2025,5,11,131,2025-05-11,10.85,13.99,8.18,74.45,0.03,24.36,4.15
11.39044,55.32523,2025,5,12,132,2025-05-12,11.13,13.83,7.46,75.13,0.03,22.5,3.02
11.39044,55.32523,2025,5,13,133,2025-05-13,13.21,16.72,9.24,77.51,0,24.19,3.86
11.39044,55.32523,2025,5,14,134,2025-05-14,11.84,14.35,9.77,80.55,0.04,19.37,5.47
11.39044,55.32523,2025,5,15,135,2025-05-15,11.45,14,8.75,70.79,0,27.23,7.02
11.39044,55.32523,2025,5,16,136,2025-05-16,12.57,15.07,9.11,77.12,0,25.87,5.43
11.39044,55.32523,2025,5,17,137,2025-05-17,13.13,15.45,10.58,80.47,0.45,19.7,5.17
11.39044,55.32523,2025,5,18,138,2025-05-18,13.05,15.05,10.18,77.22,0.36,20.45,5.28
11.39044,55.32523,2025,5,19,139,2025-05-19,14.17,17.09,11.59,72.73,0.17,25.91,3.64
11.39044,55.32523,2025,5,20,140,2025-05-20,14.38,18.42,10.34,72.54,0.01,28.46,4.79
11.39044,55.32523,2025,5,21,141,2025-05-21,12.68,15.6,8.44,78.37,0.57,20.15,6.96
11.39044,55.32523,2025,5,22,142,2025-05-22,8.72,9.77,7.53,77.49,2.79,15.23,7.23
11.39044,55.32523,2025,5,23,143,2025-05-23,9.52,11.13,7.43,74.92,3.73,16.81,5.39
11.39044,55.32523,2025,5,24,144,2025-05-24,11.41,14.15,7.89,77.21,2.02,21.06,4.18
11.39044,55.32523,2025,5,25,145,2025-05-25,13.16,15.47,11.3,92.07,11.41,8.38,5.8
11.39044,55.32523,2025,5,26,146,2025-05-26,13.23,15.9,10.26,79.36,0.82,24.22,5.56
11.39044,55.32523,2025,5,27,147,2025-05-27,13.04,15.73,11.08,85.27,4.13,14.56,6.37
11.39044,55.32523,2025,5,28,148,2025-05-28,12.68,14.73,10.81,82.15,3.7,14.08,3.77
11.39044,55.32523,2025,5,29,149,2025-05-29,12.91,15.59,9.14,78.89,1.25,23.33,4.53
11.39044,55.32523,2025,5,30,150,2025-05-30,15.29,17.39,12.91,87.89,0.99,14.58,6.39
11.39044,55.32523,2025,5,31,151,2025-05-31,15.08,17.74,12.58,80.48,0.12,23.2,3.8
11.39044,55.32523,2025,6,1,152,2025-06-01,15.83,20.08,12.74,86.87,1.98,17.39,4.94
11.39044,55.32523,2025,6,2,153,2025-06-02,14.4,17.09,11.23,80.02,0.77,21.36,5.03
11.39044,55.32523,2025,6,3,154,2025-06-03,14.3,17.73,9.85,74.75,0.14,26.22,4.24
11.39044,55.32523,2025,6,4,155,2025-06-04,15.81,19,12.04,83.65,1.47,13.07,4.88
11.39044,55.32523,2025,6,5,156,2025-06-05,14.77,17.71,10.85,81.17,3.16,16.77,4.22
11.39044,55.32523,2025,6,6,157,2025-06-06,14.73,16.6,12.18,83.57,8.81,17.64,7.94
11.39044,55.32523,2025,6,7,158,2025-06-07,13.23,15.34,11.02,78.7,3.73,20.25,3.12
11.39044,55.32523,2025,6,8,159,2025-06-08,12.87,14.23,11.28,85.03,8.54,10.16,3.68
11.39044,55.32523,2025,6,9,160,2025-06-09,13.14,15.92,10.5,74.46,0.1,25.18,6.53
11.39044,55.32523,2025,6,10,161,2025-06-10,13.69,15.18,12.15,91.27,12.94,7.53,5.77
11.39044,55.32523,2025,6,11,162,2025-06-11,14.05,16.95,11.35,75.76,0.01,26.9,6.14
11.39044,55.32523,2025,6,12,163,2025-06-12,15.17,18.8,10.28,72.79,0,28.53,2.55
11.39044,55.32523,2025,6,13,164,2025-06-13,15.1,17.83,12.18,70.22,0,27.45,5.98
11.39044,55.32523,2025,6,14,165,2025-06-14,16.52,20.2,12.3,78.46,0,27.62,6.39
11.39044,55.32523,2025,6,15,166,2025-06-15,16.73,19.53,14.36,91.51,17.85,15.04,3.57
11.39044,55.32523,2025,6,16,167,2025-06-16,16.08,19.23,13.66,82.01,0.19,23.95,6.01
11.39044,55.32523,2025,6,17,168,2025-06-17,17.01,20.24,13.28,83.1,0.01,23.84,5.03
11.39044,55.32523,2025,6,18,169,2025-06-18,16.58,19.91,13.85,79.37,0.07,24.52,6.01
11.39044,55.32523,2025,6,19,170,2025-06-19,15.21,17.76,12.74,72.95,0,26.46,7.53
11.39044,55.32523,2025,6,20,171,2025-06-20,15.92,18.95,11.88,76.67,0,28.81,3.78
11.39044,55.32523,2025,6,21,172,2025-06-21,17.97,21.58,13.58,77.07,0,25.47,3.9
11.39044,55.32523,2025,6,22,173,2025-06-22,19.58,22.97,16.32,79.55,5.81,21.01,3.66
11.39044,55.32523,2025,6,23,174,2025-06-23,16.5,19,13.74,82.68,9.54,15.19,7.3
11.39044,55.32523,2025,6,24,175,2025-06-24,15.99,18.1,13.89,81.41,4.49,13.61,8.47
11.39044,55.32523,2025,6,25,176,2025-06-25,16.4,18.79,14.02,79.04,0.64,25.02,6.13
11.39044,55.32523,2025,6,26,177,2025-06-26,16.33,19.11,12.8,83.29,11.54,17.58,2.51
11.39044,55.32523,2025,6,27,178,2025-06-27,16.9,19.16,15.43,79.79,0.39,21.63,6.67
11.39044,55.32523,2025,6,28,179,2025-06-28,18.52,21.67,14.83,86.72,0.56,17.37,6.31
11.39044,55.32523,2025,6,29,180,2025-06-29,17.44,19.15,14.15,74.55,0.06,29.06,7.66
11.39044,55.32523,2025,6,30,181,2025-06-30,16.97,19.87,13.4,73.95,0,28.45,4.04
11.39044,55.32523,2025,7,1,182,2025-07-01,19.1,22.29,14.87,75.96,0,29.17,2.85
11.39044,55.32523,2025,7,2,183,2025-07-02,21.53,25.67,16.63,82.4,2.71,18.92,2.83
11.39044,55.32523,2025,7,3,184,2025-07-03,17.1,19.18,14.55,72.93,1.22,28.61,7.78
11.39044,55.32523,2025,7,4,185,2025-07-04,16.6,19.07,13.92,76.64,1.48,19.62,5.2
11.39044,55.32523,2025,7,5,186,2025-07-05,17.28,18.95,15.86,84,3.39,9.76,7.46
11.39044,55.32523,2025,7,6,187,2025-07-06,18.61,21.02,15.98,85.46,9.03,17.18,4.45
11.39044,55.32523,2025,7,7,188,2025-07-07,16.83,18.65,14.99,84.13,9.56,18.58,4.16
11.39044,55.32523,2025,7,8,189,2025-07-08,16.43,19.2,13.56,80.79,0.57,21.07,2.99
11.39044,55.32523,2025,7,9,190,2025-07-09,17.45,19.32,15.36,80.12,0.72,22.63,4.17
11.39044,55.32523,2025,7,10,191,2025-07-10,17.66,20.32,14.45,76.64,0.01,25.52,2.74
11.39044,55.32523,2025,7,11,192,2025-07-11,18.3,20.53,15.54,82.58,0.49,20.71,4.98
11.39044,55.32523,2025,7,12,193,2025-07-12,18.59,21.32,15.54,83.41,9.36,12.1,5.64
11.39044,55.32523,2025,7,13,194,2025-07-13,18.46,21.05,15.24,83.28,1.68,14.22,5.76
11.39044,55.32523,2025,7,14,195,2025-07-14,19.21,21.61,15.72,84,1.58,20.13,2.56
11.39044,55.32523,2025,7,15,196,2025-07-15,18.23,19.99,16.08,88.16,8.31,14.36,3.57
11.39044,55.32523,2025,7,16,197,2025-07-16,17.64,19.72,15.06,80.56,2.26,14.66,4.39
11.39044,55.32523,2025,7,17,198,2025-07-17,20.8,23.02,18.04,83.39,5.37,22.01,3.29
11.39044,55.32523,2025,7,18,199,2025-07-18,21.27,23.81,18.17,82.58,1.7,23.13,1.23
11.39044,55.32523,2025,7,19,200,2025-07-19,21.74,24.82,18.38,81.19,0.14,23.77,1.9
11.39044,55.32523,2025,7,20,201,2025-07-20,21.53,24.58,18.36,78.78,0.03,23.67,4.42
11.39044,55.32523,2025,7,21,202,2025-07-21,19.8,21.15,18.45,89.29,23.14,7.62,4.33
11.39044,55.32523,2025,7,22,203,2025-07-22,18.88,20.06,17.68,92.07,55.2,6.97,3.33
11.39044,55.32523,2025,7,23,204,2025-07-23,19.79,22.18,17.49,83.61,1.09,13.09,4.04
11.39044,55.32523,2025,7,24,205,2025-07-24,20.73,23.19,17.57,82.58,0.26,20.51,1.19
11.39044,55.32523,2025,7,25,206,2025-07-25,20.56,22.91,17.7,84.98,0.24,11.72,3.31
11.39044,55.32523,2025,7,26,207,2025-07-26,19.42,22.01,16.84,81.21,0.3,13.69,3.89
11.39044,55.32523,2025,7,27,208,2025-07-27,18.94,20.24,17.14,81.41,0.83,15.17,2.89
11.39044,55.32523,2025,7,28,209,2025-07-28,18.62,21.26,16.46,74.78,0.06,21.18,5.57
11.39044,55.32523,2025,7,29,210,2025-07-29,17.77,20.25,15.63,76.83,0.88,23.62,6.68
11.39044,55.32523,2025,7,30,211,2025-07-30,17.01,18.38,15.71,89.75,8.95,16.87,5.99
11.39044,55.32523,2025,7,31,212,2025-07-31,18.23,20.16,16.21,80.11,2.46,18.38,1.95
11.39044,55.32523,2025,8,1,213,2025-08-01,18.15,19.54,15.8,78.35,2.91,18.31,1.13
11.39044,55.32523,2025,8,2,214,2025-08-02,19.1,20.94,17.03,77.88,3.78,16.08,2.07
11.39044,55.32523,2025,8,3,215,2025-08-03,17.9,19.9,16.62,87.96,8.77,9.51,5.72
11.39044,55.32523,2025,8,4,216,2025-08-04,18.32,20.39,16.55,83.51,7.83,16.18,5.08
11.39044,55.32523,2025,8,5,217,2025-08-05,17.13,19.11,14.82,74.63,0.67,21.84,7.53
11.39044,55.32523,2025,8,6,218,2025-08-06,16.49,19.04,14.61,76.42,1.04,16.8,7.13
11.39044,55.32523,2025,8,7,219,2025-08-07,17.38,19.96,14.61,80.22,0.26,11,4.06
11.39044,55.32523,2025,8,8,220,2025-08-08,18.44,21.68,15.21,82.16,0.31,18.16,3.72
11.39044,55.32523,2025,8,9,221,2025-08-09,17.83,20.74,13.87,80.97,0.66,19.96,3.31
11.39044,55.32523,2025,8,10,222,2025-08-10,17.48,20.13,14.9,77.02,0.13,19.27,5.26
11.39044,55.32523,2025,8,11,223,2025-08-11,16.88,19.24,13.54,78.05,0.12,15.75,3.02
11.39044,55.32523,2025,8,12,224,2025-08-12,17.75,19.97,15.21,88.39,1.35,13.46,2.3
11.39044,55.32523,2025,8,13,225,2025-08-13,20.04,23.57,16.91,80.79,0.01,21.96,4.17
11.39044,55.32523,2025,8,14,226,2025-08-14,20.35,23.73,17.29,88.77,0.18,12.43,4.19
11.39044,55.32523,2025,8,15,227,2025-08-15,20.77,23.27,16.91,84.69,0.33,19.41,4.08
11.39044,55.32523,2025,8,16,228,2025-08-16,17.69,20.82,15.49,75.74,0.01,22.77,5.53
11.39044,55.32523,2025,8,17,229,2025-08-17,17.53,20.44,14.41,74.28,0.02,22.21,3.77
11.39044,55.32523,2025,8,18,230,2025-08-18,18.95,21.92,15.3,76.5,0.07,22.04,1.69
11.39044,55.32523,2025,8,19,231,2025-08-19,18.17,21.14,14.69,82.29,0.09,20.37,4.49
11.39044,55.32523,2025,8,20,232,2025-08-20,16.86,19.35,14.44,68.51,0,22.78,4.77
11.39044,55.32523,2025,8,21,233,2025-08-21,15.56,17.49,13.84,73.31,0.21,15.75,4.87
11.39044,55.32523,2025,8,22,234,2025-08-22,15.08,17.64,12.87,73.36,0.22,16.42,7.19
11.39044,55.32523,2025,8,23,235,2025-08-23,14.48,16.75,12.38,72.88,1.77,19.52,5.43
11.39044,55.32523,2025,8,24,236,2025-08-24,15.62,19.13,11.55,77.07,0.09,17.85,5.42
11.39044,55.32523,2025,8,25,237,2025-08-25,15.55,18.53,12.95,76.65,0.03,17.25,5.24
11.39044,55.32523,2025,8,26,238,2025-08-26,16.22,18.76,12.86,80.22,0.27,16.16,2.48
11.39044,55.32523,2025,8,27,239,2025-08-27,18.01,21.17,15.53,84.37,0.61,13.78,4.06
11.39044,55.32523,2025,8,28,240,2025-08-28,18.24,20.54,16.44,87.42,1,12.14,2.46
11.39044,55.32523,2025,8,29,241,2025-08-29,17.83,19.95,16.17,85.6,0.24,11.68,2.7
11.39044,55.32523,2025,8,30,242,2025-08-30,17.91,20.37,15.19,84.89,1.94,13.87,3.51
11.39044,55.32523,2025,8,31,243,2025-08-31,18.79,21.85,15.26,82.88,0.41,13.22,3.94
11.39044,55.32523,2025,9,1,244,2025-09-01,19.05,21.29,16.99,86.3,2.73,11.55,5.19
11.39044,55.32523,2025,9,2,245,2025-09-02,18.18,20.48,16.15,84.51,2.22,11.4,1.59
11.39044,55.32523,2025,9,3,246,2025-09-03,18.92,21.53,15.09,79.78,0.11,14.49,5.72
11.39044,55.32523,2025,9,4,247,2025-09-04,19.41,21.33,17.52,82.18,0.15,13.99,4.6
11.39044,55.32523,2025,9,5,248,2025-09-05,17.83,19.81,15.42,88.27,19.42,8.22,3.39
11.39044,55.32523,2025,9,6,249,2025-09-06,16.95,19.58,13.77,77.05,0.07,17.34,2.65
11.39044,55.32523,2025,9,7,250,2025-09-07,16.79,20.04,13.87,79.89,0.02,17.58,3.36
11.39044,55.32523,2025,9,8,251,2025-09-08,17.67,20.92,14.59,87.27,0.34,16.1,4.37
11.39044,55.32523,2025,9,9,252,2025-09-09,18.38,21.65,15.69,87.44,0.78,10.6,3.45
11.39044,55.32523,2025,9,10,253,2025-09-10,18.39,20.61,16.82,90.25,3.58,7.23,4.64
11.39044,55.32523,2025,9,11,254,2025-09-11,17.28,19.88,14.97,84,1.04,12.92,4.28
11.39044,55.32523,2025,9,12,255,2025-09-12,16.01,17.81,14.58,80.78,3.28,11.87,6.29
11.39044,55.32523,2025,9,13,256,2025-09-13,16.1,18.93,14.48,80.95,2.97,11.95,6.11
11.39044,55.32523,2025,9,14,257,2025-09-14,15.49,17.01,14.24,84.44,3.24,12.42,3.94
11.39044,55.32523,2025,9,15,258,2025-09-15,16.18,18.85,14.3,82.24,5.75,8.95,8.7
11.39044,55.32523,2025,9,16,259,2025-09-16,15.96,17.67,14.09,79.92,7.05,11.83,9.24
11.39044,55.32523,2025,9,17,260,2025-09-17,15.43,17.7,13.82,80.93,1.3,12.13,7.31
11.39044,55.32523,2025,9,18,261,2025-09-18,17.09,19.86,14.6,86.25,1.67,12.39,6.73
11.39044,55.32523,2025,9,19,262,2025-09-19,17.75,19.95,15.63,91.05,0.65,8.56,5.3
11.39044,55.32523,2025,9,20,263,2025-09-20,17.83,21.16,15.24,90.63,2.94,10.84,4.46
11.39044,55.32523,2025,9,21,264,2025-09-21,16.16,18.52,12.53,82.46,1.74,8.1,7.09
11.39044,55.32523,2025,9,22,265,2025-09-22,12.69,14.32,11.18,73.23,0.28,13.07,7.03
11.39044,55.32523,2025,9,23,266,2025-09-23,12.36,15.1,9.98,74.51,0.06,14.5,3.94
11.39044,55.32523,2025,9,24,267,2025-09-24,12.05,15.5,8.62,75.35,0.06,14.42,3.65
11.39044,55.32523,2025,9,25,268,2025-09-25,12.75,16.48,9.12,81.85,0.11,12.61,4.84
11.39044,55.32523,2025,9,26,269,2025-09-26,13.32,16,11.36,80.04,0.12,12.79,6.71
11.39044,55.32523,2025,9,27,270,2025-09-27,13.29,16.4,11.32,77.68,0.07,13.31,6.58
11.39044,55.32523,2025,9,28,271,2025-09-28,13.43,16.63,10.9,86.47,0.15,11.46,4.86
11.39044,55.32523,2025,9,29,272,2025-09-29,12.84,15.39,11.08,86.22,0.45,6.47,5.12
11.39044,55.32523,2025,9,30,273,2025-09-30,11.98,14.17,9.92,79.86,0.18,10.05,4.66
11.39044,55.32523,2025,10,1,274,2025-10-01,11.26,13.6,9.56,78.52,0.24,10.53,2.54
11.39044,55.32523,2025,10,2,275,2025-10-02,11.3,13.58,9.64,80.55,0.11,10.48,3.3
11.39044,55.32523,2025,10,3,276,2025-10-03,11.78,14.15,9.22,80.35,0.09,10.96,6.63
11.39044,55.32523,2025,10,4,277,2025-10-04,11.64,13.75,9.76,85.29,24.55,2.82,9.48
11.39044,55.32523,2025,10,5,278,2025-10-05,12.68,14.22,11.41,85.88,7.15,4.58,9.41
11.39044,55.32523,2025,10,6,279,2025-10-06,12.75,14.7,11.44,86.25,0.61,9.35,6.54
11.39044,55.32523,2025,10,7,280,2025-10-07,13.29,14.81,11.6,97.08,6.91,3.43,3.44
11.39044,55.32523,2025,10,8,281,2025-10-08,13.57,15.74,11.76,88.32,0.63,5.76,3.76
11.39044,55.32523,2025,10,9,282,2025-10-09,12.3,14.59,9.4,89.24,1.99,5.63,5.66
11.39044,55.32523,2025,10,10,283,2025-10-10,13.3,15.32,11.54,87.29,0.25,4.54,8.07
11.39044,55.32523,2025,10,11,284,2025-10-11,13.08,15.38,11.68,86.88,0.15,6.18,7.41
11.39044,55.32523,2025,10,12,285,2025-10-12,13.02,15.82,10.22,90.16,0.22,8.09,4.63
11.39044,55.32523,2025,10,13,286,2025-10-13,11.55,14.21,8.99,81.35,0.1,8.74,2.67
11.39044,55.32523,2025,10,14,287,2025-10-14,12.24,14.99,10.62,92.12,0.23,5.73,2.56
11.39044,55.32523,2025,10,15,288,2025-10-15,11.61,13.69,9.6,92.91,0.39,3.82,4.21
11.39044,55.32523,2025,10,16,289,2025-10-16,11.82,14.67,9.2,89.95,0.16,5.5,5.33
11.39044,55.32523,2025,10,17,290,2025-10-17,9.78,11.62,7.43,82.72,0.57,6.91,5.96
11.39044,55.32523,2025,10,18,291,2025-10-18,8.24,10.77,6.25,71.59,0.01,8.57,2.83
11.39044,55.32523,2025,10,19,292,2025-10-19,7.85,10.02,6.02,77.65,0.05,8.51,5.16
11.39044,55.32523,2025,10,20,293,2025-10-20,9.38,11.27,7.08,82.7,2.05,5.05,7.64
11.39044,55.32523,2025,10,21,294,2025-10-21,11.81,13.44,10.11,91.67,7.98,3.44,7.14
11.39044,55.32523,2025,10,22,295,2025-10-22,11.89,13.99,9.53,93.35,1.59,3.47,5.33
11.39044,55.32523,2025,10,23,296,2025-10-23,11.17,12.49,8.87,96.61,10.38,1.71,5.93
11.39044,55.32523,2025,10,24,297,2025-10-24,11.08,12.54,9.74,88.29,1.89,3.4,9.03
11.39044,55.32523,2025,10,25,298,2025-10-25,9.89,10.76,9.16,90.49,4.38,2.41,8.68
11.39044,55.32523,2025,10,26,299,2025-10-26,9.53,10.52,8.27,90.36,4.69,2.77,7.12
11.39044,55.32523,2025,10,27,300,2025-10-27,9.16,10.56,7.88,89.85,3.62,4.22,5.65
11.39044,55.32523,2025,10,28,301,2025-10-28,8.37,9.49,7.12,91.86,6.12,3.28,4.91
11.39044,55.32523,2025,10,29,302,2025-10-29,10.56,11.52,9.29,93.48,6.8,2.63,6.48
11.39044,55.32523,2025,10,30,303,2025-10-30,9.68,11.1,7.33,91.86,6.9,3.73,6.21
11.39044,55.32523,2025,10,31,304,2025-10-31,8.78,10.49,6.93,94.64,0.01,4.46,4.04
11.39044,55.32523,2025,11,1,305,2025-11-01,9.87,11.77,7.9,95.53,3.38,2.4,6.05
11.39044,55.32523,2025,11,2,306,2025-11-02,9.93,11.38,8.24,96.37,0.78,3.48,4.89
11.39044,55.32523,2025,11,3,307,2025-11-03,9.68,11.41,7.89,93.05,4.37,3.74,6.18
11.39044,55.32523,2025,11,4,308,2025-11-04,11.69,13.28,10.82,92.56,1.17,1.7,6.8
11.39044,55.32523,2025,11,5,309,2025-11-05,11.29,12.77,10.03,90.5,0.11,2.38,4.9
11.39044,55.32523,2025,11,6,310,2025-11-06,10.35,12.42,8.03,93.51,0.14,4.74,4.09
11.39044,55.32523,2025,11,7,311,2025-11-07,7.93,9.92,6.8,95.39,0.18,3.25,3.47
11.39044,55.32523,2025,11,8,312,2025-11-08,7.09,7.68,6.69,93.24,0.77,1.44,1.7
11.39044,55.32523,2025,11,9,313,2025-11-09,7.36,8.02,6.98,86.53,0.61,1.46,1.62
11.39044,55.32523,2025,11,10,314,2025-11-10,7.7,8.75,6.73,84.69,0.12,2.73,1.15
11.39044,55.32523,2025,11,11,315,2025-11-11,8.54,10.23,6.7,95.32,0.8,1.28,4.15
11.39044,55.32523,2025,11,12,316,2025-11-12,9.7,10.87,8.56,93.27,1.91,1.42,6.83
11.39044,55.32523,2025,11,13,317,2025-11-13,9.93,12.66,7.59,93.52,0.39,2.01,6.58
11.39044,55.32523,2025,11,14,318,2025-11-14,6.79,7.86,5.27,83.95,0.09,2,3.17
11.39044,55.32523,2025,11,15,319,2025-11-15,4.04,6.18,2.17,82.1,0.03,4.65,4.53
11.39044,55.32523,2025,11,16,320,2025-11-16,4.74,5.98,2.92,87.88,0.3,3.29,3.73
11.39044,55.32523,2025,11,17,321,2025-11-17,4.53,5.99,3.71,85.76,0.07,3.85,5.25
11.39044,55.32523,2025,11,18,322,2025-11-18,4.57,5.69,3.54,86.73,0.15,2.83,4.48
11.39044,55.32523,2025,11,19,323,2025-11-19,3.06,4.73,1.34,89.14,11.45,2,2.59
11.39044,55.32523,2025,11,20,324,2025-11-20,2.65,3.34,2,82.81,1.44,2.36,7.79
11.39044,55.32523,2025,11,21,325,2025-11-21,1.76,3.42,0.66,78.87,0,3.6,4.52
11.39044,55.32523,2025,11,22,326,2025-11-22,3.61,4.61,2.08,94.16,0.13,1.98,6.39
11.39044,55.32523,2025,11,23,327,2025-11-23,2.72,3.62,1.65,76.56,0,2.5,7.26
11.39044,55.32523,2025,11,24,328,2025-11-24,2.18,4.43,0.74,90.27,4.54,0.97,5.03
11.39044,55.32523,2025,11,25,329,2025-11-25,3.88,5.32,2.92,95.5,0.77,1.46,3.3
11.39044,55.32523,2025,11,26,330,2025-11-26,3.31,4.3,2.74,91.1,0.42,2.01,1.86
11.39044,55.32523,2025,11,27,331,2025-11-27,4.23,6.63,2.93,94,3.02,0.76,7.41
11.39044,55.32523,2025,11,28,332,2025-11-28,7.48,8.05,6.6,95.83,2.73,0.95,7.12
11.39044,55.32523,2025,11,29,333,2025-11-29,7.2,7.91,6.17,96.34,0.5,1.87,5.94
11.39044,55.32523,2025,11,30,334,2025-11-30,6.73,7.97,5.92,91.47,1.72,1.6,7.09
11.39044,55.32523,2025,12,1,335,2025-12-01,5.31,5.83,4.69,93.27,0.37,1.96,7.03
11.39044,55.32523,2025,12,2,336,2025-12-02,5.13,5.46,4.74,88.65,1.4,1.17,6.24
11.39044,55.32523,2025,12,3,337,2025-12-03,4.98,5.47,4.54,96.13,1.7,1.19,3.29
11.39044,55.32523,2025,12,4,338,2025-12-04,4.75,5.09,3.89,96.66,4.11,0.46,3.98
11.39044,55.32523,2025,12,5,339,2025-12-05,4.68,5.58,3.7,95.83,1.83,0.56,3.33
11.39044,55.32523,2025,12,6,340,2025-12-06,4.37,5.06,3.79,93.56,0.95,1.68,5.42
11.39044,55.32523,2025,12,7,341,2025-12-07,6.08,7.09,4.72,97.1,2.76,0.97,4.52
11.39044,55.32523,2025,12,8,342,2025-12-08,8.26,9.13,6.52,93.1,3.18,1.77,7.89
11.39044,55.32523,2025,12,9,343,2025-12-09,8.04,9.29,6.68,98.36,9.83,0.91,4.15
11.39044,55.32523,2025,12,10,344,2025-12-10,8.78,9.17,8.15,96.06,3.4,1.35,6.2
11.39044,55.32523,2025,12,11,345,2025-12-11,8.27,8.82,7.77,94.09,0.98,0.66,6.99
11.39044,55.32523,2025,12,12,346,2025-12-12,6.58,8.32,4.85,92.76,0.58,0.97,3.58
11.39044,55.32523,2025,12,13,347,2025-12-13,6.81,8.23,5.08,95.96,1.47,1.34,4.73
11.39044,55.32523,2025,12,14,348,2025-12-14,6.3,6.67,5.52,95.07,1,0.63,7.65
11.39044,55.32523,2025,12,15,349,2025-12-15,6.53,7.44,5.28,92.61,0.39,1.23,6.15
11.39044,55.32523,2025,12,16,350,2025-12-16,6.08,7.13,5.48,96.01,0.16,1.63,4.17
11.39044,55.32523,2025,12,17,351,2025-12-17,6.33,6.84,5.79,96.6,1.98,1,2.92
11.39044,55.32523,2025,12,18,352,2025-12-18,6.54,7.06,6.05,97.06,0.26,1.21,6.08
11.39044,55.32523,2025,12,19,353,2025-12-19,7.48,8.77,5.67,95.57,0.93,0.67,5.82
11.39044,55.32523,2025,12,20,354,2025-12-20,6.24,7.26,4.85,96.14,0.34,1.54,3.91
11.39044,55.32523,2025,12,21,355,2025-12-21,4.88,5.5,4.55,93.48,0.16,0.88,4.39
11.39044,55.32523,2025,12,22,356,2025-12-22,4.57,5.31,4.09,90.19,0.1,0.93,5.66
11.39044,55.32523,2025,12,23,357,2025-12-23,2.95,4.5,0.72,95.18,0.35,1.47,6.03
11.39044,55.32523,2025,12,24,358,2025-12-24,-0.14,1.42,-0.72,88.15,0.02,2.01,3.91
11.39044,55.32523,2025,12,25,359,2025-12-25,0.2,1.41,-0.9,85.88,0.01,1.43,1.72
11.39044,55.32523,2025,12,26,360,2025-12-26,2.54,3.34,0.81,97.32,0.35,1.51,3.12
11.39044,55.32523,2025,12,27,361,2025-12-27,4.04,5.79,2.81,96.86,0.24,2.39,5.4
11.39044,55.32523,2025,12,28,362,2025-12-28,2.74,3.91,1.81,89.56,0,2.56,5.08
11.39044,55.32523,2025,12,29,363,2025-12-29,2.79,4.35,1.29,89.35,0.22,2.25,5.18
11.39044,55.32523,2025,12,30,364,2025-12-30,1.27,2.56,0.42,79.28,0.01,2.24,5.87
11.39044,55.32523,2025,12,31,365,2025-12-31,2.26,3.62,0.41,96.68,1.17,2.24,4.5
