station;date;minte;maxte;temp;prec08;tsum5;tsum0
22;1993-01-01;-1.2;-0.1;-1.2;0;0;0
22;1993-01-02;-4.5;-2.2;-3.8;0;0;0
22;1993-01-03;-5.5;-3.5;-4.8;0.2;0;0
22;1993-01-04;-7.9;-2.7;-5.5;0;0;0
22;1993-01-05;-8.2;1.3;-3;0;0;0
22;1993-01-06;-5.3;3.7;2.4;2.7;0;2.4
22;1993-01-07;0.7;3.2;1.8;1;0;4.2
22;1993-01-08;0.6;5;2.9;0.1;0;7.1
22;1993-01-09;1.6;6;2.7;0.9;0;9.8
22;1993-01-10;1;7.9;5.1;3;0.1;14.9
22;1993-01-11;2.8;8.2;5.8;7.3;0.9;20.7
22;1993-01-12;0.8;4.5;2.9;11.4;0.9;23.6
22;1993-01-13;0.7;5.4;4;0.9;0.9;27.6
22;1993-01-14;2.1;9.3;4.7;7.3;0.9;32.3
22;1993-01-15;1.9;8.2;4.4;0.2;0.9;36.7
22;1993-01-16;2.1;10.2;7.5;1.7;3.4;44.2
22;1993-01-17;6.1;9.6;8;0.4;6.4;52.2
22;1993-01-18;3.5;5.4;4.2;0.2;6.4;56.4
22;1993-01-19;3;5.8;4.1;0.1;6.4;60.5
22;1993-01-20;3.3;7.8;5.8;2.6;7.2;66.3
22;1993-01-21;3.7;8.2;6.3;2.2;8.5;72.6
22;1993-01-22;4.9;10.3;6.9;2.2;10.4;79.5
22;1993-01-23;1.8;4.8;3.8;2;10.4;83.3
22;1993-01-24;0.8;8.5;5.4;12.4;10.8;88.7
22;1993-01-25;0.9;4.3;2.2;2.2;10.8;90.9
22;1993-01-26;-0.2;3.7;1.8;4.2;10.8;92.7
22;1993-01-27;-1.8;1.5;-0.2;4.2;10.8;92.7
22;1993-01-28;-3.6;1.6;-1.4;0;10.8;92.7
22;1993-01-29;-5.3;-0.6;-3.4;0;10.8;92.7
22;1993-01-30;-5.5;-1.3;-3;0;10.8;92.7
22;1993-01-31;-3.7;1.9;-0.5;0;10.8;92.7
22;1993-02-01;-2.2;0.7;-1.6;0;10.8;92.7
22;1993-02-02;-3.4;2.8;-0.5;0.4;10.8;92.7
22;1993-02-03;-2.4;4.6;3.6;0;10.8;96.3
22;1993-02-04;2.9;6.1;4.6;0.5;10.8;100.9
22;1993-02-05;3.9;6.5;4.6;0;10.8;105.5
22;1993-02-06;0.6;2.2;1.2;0;10.8;106.7
22;1993-02-07;-1;3;0.6;4.4;10.8;107.3
22;1993-02-08;-0.6;6.9;4.5;0;10.8;111.8
22;1993-02-09;3.3;5.2;3.4;0.3;10.8;115.2
22;1993-02-10;0.3;1.7;1.1;0.2;10.8;116.3
22;1993-02-11;0.2;1.5;0.9;0.2;10.8;117.2
22;1993-02-12;0.3;2.3;1.2;0.2;10.8;118.4
22;1993-02-13;0.4;2.4;2;0;10.8;120.4
22;1993-02-14;1.4;3.1;2.2;0;10.8;122.6
22;1993-02-15;0.7;1.8;0.6;0.1;10.8;123.2
22;1993-02-16;-0.4;5.4;3.2;1.5;10.8;126.4
22;1993-02-17;2.5;6.6;4.5;3.3;10.8;130.9
22;1993-02-18;-0.9;4.9;2.5;0;10.8;133.4
22;1993-02-19;1.3;5.1;2.8;2.8;10.8;136.2
22;1993-02-20;-0.1;3.8;1.8;1.1;10.8;138
22;1993-02-21;-1.6;2;-1.2;4;10.8;138
22;1993-02-22;-5.9;0;-3.6;0.1;10.8;138
22;1993-02-23;-6.8;-0.7;-3.8;0;10.8;138
22;1993-02-24;-6.8;-0.2;-3.3;0;10.8;138
22;1993-02-25;-6.1;-0.4;-1.6;0;10.8;138
22;1993-02-26;-3.6;1.3;-0.8;0.1;10.8;138
22;1993-02-27;-3.3;1.9;0.6;0.4;10.8;138.6
22;1993-02-28;-1.5;0.3;-0.7;0.3;10.8;138.6
22;1993-03-01;-2.9;2.4;-0.7;0;10.8;138.6
22;1993-03-02;-2.8;0.4;-0.1;0;10.8;138.6
22;1993-03-03;-0.8;1;-0.3;0;10.8;138.6
22;1993-03-04;-1.3;1.7;-0.4;0;10.8;138.6
22;1993-03-05;-2.4;3.8;0.7;0;10.8;139.3
22;1993-03-06;-0.4;6.1;2.2;1.8;10.8;141.5
22;1993-03-07;-0.9;6.3;2.1;0.3;10.8;143.6
22;1993-03-08;-2.2;1.6;-0.1;0;10.8;143.6
22;1993-03-09;-3.2;3.7;0.5;0;10.8;144.1
22;1993-03-10;-3;4.6;0.7;0.2;10.8;144.8
22;1993-03-11;-2.5;4.8;1.3;0;10.8;146.1
22;1993-03-12;-1.7;3.7;1.6;0;10.8;147.7
22;1993-03-13;0.1;7.9;4.1;0;10.8;151.8
22;1993-03-14;1.9;11.6;6.8;0.4;12.6;158.6
22;1993-03-15;-1.5;11;5.6;0.2;13.2;164.2
22;1993-03-16;0;8;6.4;0;14.6;170.6
22;1993-03-17;4.8;8.7;6.9;0.2;16.5;177.5
22;1993-03-18;5.9;7.9;6.4;0.2;17.9;183.9
22;1993-03-19;3;7.1;5;0;17.9;188.9
22;1993-03-20;3.7;8.4;6.2;0;19.1;195.1
22;1993-03-21;3.3;9.4;5.4;0;19.5;200.5
22;1993-03-22;3.4;9.4;6.6;0;21.1;207.1
22;1993-03-23;3.9;7.9;4.8;1.8;21.1;211.9
22;1993-03-24;0.8;6.7;3.4;2.3;21.1;215.3
22;1993-03-25;1.2;6.5;3.3;0.2;21.1;218.6
22;1993-03-26;0.2;4.9;2.1;0;21.1;220.7
22;1993-03-27;-1.3;5.1;1.3;0;21.1;222
22;1993-03-28;-4.1;4.9;0.6;0;21.1;222.6
22;1993-03-29;-2.9;4.2;0.3;0;21.1;222.9
22;1993-03-30;-2;4.5;0.8;0;21.1;223.7
22;1993-03-31;-4;5.1;1.5;0;21.1;225.2
22;1993-04-01;-2.8;6.6;4;0;21.1;229.2
22;1993-04-02;1.8;8.8;5.1;0;21.2;234.3
22;1993-04-03;2.9;8.3;5.5;0;21.7;239.8
22;1993-04-04;3.6;4.8;4.1;0.6;21.7;243.9
22;1993-04-05;3.3;10.2;6.2;1.2;22.9;250.1
22;1993-04-06;3.8;9.3;7.2;4;25.1;257.3
22;1993-04-07;4.1;8.2;6;3;26.1;263.3
22;1993-04-08;3.9;5.9;4.8;0.1;26.1;268.1
22;1993-04-09;0.9;5.7;2.6;0.1;26.1;270.7
22;1993-04-10;-3.1;4.9;0.8;0;26.1;271.5
22;1993-04-11;-2.2;6.2;1.7;0;26.1;273.2
22;1993-04-12;-1.5;6.4;2.3;0;26.1;275.5
22;1993-04-13;-1.2;7.5;2.9;0;26.1;278.4
22;1993-04-14;0.2;9.1;4.2;0;26.1;282.6
22;1993-04-15;-0.9;10.5;4.5;0;26.1;287.1
22;1993-04-16;-1.5;10.9;5.4;0;26.5;292.5
22;1993-04-17;1.9;10.1;7.7;0.6;29.2;300.2
22;1993-04-18;4.3;8;6;1.2;30.2;306.2
22;1993-04-19;3;10.3;6.5;0.5;31.7;312.7
22;1993-04-20;3;9.9;6.2;0;32.9;318.9
22;1993-04-21;4.2;18.9;11.2;0;39.1;330.1
22;1993-04-22;5.2;16.1;10.6;0;44.7;340.7
22;1993-04-23;7.6;15.6;11.7;1;51.4;352.4
22;1993-04-24;7.2;17.9;12.5;0.2;58.9;364.9
22;1993-04-25;9.2;21.6;14.6;0;68.5;379.5
22;1993-04-26;10;23.7;16.5;0;80;396
22;1993-04-27;7.7;25.5;17.1;0;92.1;413.1
22;1993-04-28;8.5;25.1;17.2;0;104.3;430.3
22;1993-04-29;7.9;19;13.2;0;112.5;443.5
22;1993-04-30;9.2;19.4;13.5;0;121;457
22;1993-05-01;7.6;21.2;13.9;0;129.9;470.9
22;1993-05-02;9.9;20.8;15.2;0;140.1;486.1
22;1993-05-03;9.1;12.7;10;1.8;145.1;496.1
22;1993-05-04;4.5;11.9;8;0.2;148.1;504.1
22;1993-05-05;1.8;11.2;6.8;0;149.9;510.9
22;1993-05-06;-1.2;13;7.4;0;152.3;518.3
22;1993-05-07;6.2;14.6;11;0;158.3;529.3
22;1993-05-08;5.6;18.5;12.5;0;165.8;541.8
22;1993-05-09;9;22.1;15.7;0;176.5;557.5
22;1993-05-10;10.3;21.8;15.7;0;187.2;573.2
22;1993-05-11;11;20.9;15.2;0;197.4;588.4
22;1993-05-12;10.4;20.1;14.5;0;206.9;602.9
22;1993-05-13;8;23.8;16;0;217.9;618.9
22;1993-05-14;12.2;20;15.3;0;228.2;634.2
22;1993-05-15;11.2;18.5;14.2;0;237.4;648.4
22;1993-05-16;7.1;15.3;11.4;4.7;243.8;659.8
22;1993-05-17;5;18.4;12.8;0;251.6;672.6
22;1993-05-18;9.5;18.9;14.3;0;260.9;686.9
22;1993-05-19;10.5;22.8;16.5;0;272.4;703.4
22;1993-05-20;12.3;24.1;18.3;0;285.7;721.7
22;1993-05-21;13.6;23.8;17.8;0;298.5;739.5
22;1993-05-22;14.1;20.6;16.5;2.7;310;756
22;1993-05-23;10.8;22.2;17;0;322;773
22;1993-05-24;8.2;21.1;15.2;0;332.2;788.2
22;1993-05-25;9.3;16.4;12.4;0;339.6;800.6
22;1993-05-26;4.8;14.3;10.2;0.1;344.8;810.8
22;1993-05-27;2;16.9;10.5;0;350.3;821.3
22;1993-05-28;9.5;15.5;11.6;0;356.9;832.9
22;1993-05-29;7.9;14.4;11;3.3;362.9;843.9
22;1993-05-30;8.8;17.6;13.5;0;371.4;857.4
22;1993-05-31;10.8;15.8;13;0.8;379.4;870.4
22;1993-06-01;11.5;14.2;12.6;1.3;387;883
22;1993-06-02;5.6;17;11.7;0.2;393.7;894.7
22;1993-06-03;6;18.9;12.6;0;401.3;907.3
22;1993-06-04;3.3;20.1;13.8;0;410.1;921.1
22;1993-06-05;5.3;21;14.8;0;419.9;935.9
22;1993-06-06;8.9;18.8;14.4;0;429.3;950.3
22;1993-06-07;11.5;18;14.3;0;438.6;964.6
22;1993-06-08;6.5;20.9;14.8;0;448.4;979.4
22;1993-06-09;9.7;22.2;17.5;0;460.9;996.9
22;1993-06-10;9.9;26;18.6;0;474.5;1015.5
22;1993-06-11;13;24.6;18;0;487.5;1033.5
22;1993-06-12;13.3;20.3;16;0;498.5;1049.5
22;1993-06-13;13.5;19.4;15;0;508.5;1064.5
22;1993-06-14;5.8;17.7;12.3;0.3;515.8;1076.8
22;1993-06-15;9.4;16.5;12.5;0.3;523.3;1089.3
22;1993-06-16;10.3;15.2;12.7;0.3;531;1102
22;1993-06-17;11.8;17.6;13.7;0.2;539.7;1115.7
22;1993-06-18;9.1;17;13.5;0;548.2;1129.2
22;1993-06-19;13.2;18.9;15.4;3.8;558.6;1144.6
22;1993-06-20;10.5;18.6;14;2;567.6;1158.6
22;1993-06-21;9.6;14.9;12.3;0;574.9;1170.9
22;1993-06-22;7.4;15.9;12;1.4;581.9;1182.9
22;1993-06-23;4.8;15.6;10.7;0;587.6;1193.6
22;1993-06-24;5.9;15.1;10.5;4;593.1;1204.1
22;1993-06-25;9.4;14.4;11.4;3.2;599.5;1215.5
22;1993-06-26;10.1;17.9;13.1;0;607.6;1228.6
22;1993-06-27;11;15.3;12.1;6.9;614.7;1240.7
22;1993-06-28;9.1;20.9;15.7;2.9;625.4;1256.4
22;1993-06-29;10.4;20.4;15.5;0;635.9;1271.9
22;1993-06-30;10.4;21.9;16.3;0;647.2;1288.2
22;1993-07-01;6.9;23.2;16.5;0;658.7;1304.7
22;1993-07-02;8.3;20.3;15.2;0;668.9;1319.9
22;1993-07-03;11.4;16.9;14.5;0.6;678.4;1334.4
22;1993-07-04;13.5;20.9;17.1;5.7;690.5;1351.5
22;1993-07-05;13;17.4;14.8;0;700.3;1366.3
22;1993-07-06;10.3;16.5;13;0;708.3;1379.3
22;1993-07-07;11;17.1;13.3;0.4;716.6;1392.6
22;1993-07-08;10.4;18.1;13.9;0;725.5;1406.5
22;1993-07-09;11.4;20.6;17.1;0;737.6;1423.6
22;1993-07-10;12.6;17.3;14.2;0;746.8;1437.8
22;1993-07-11;7.9;17.3;13.7;1;755.5;1451.5
22;1993-07-12;11.6;16.8;13.4;3.9;763.9;1464.9
22;1993-07-13;10.2;15;12.1;0;771;1477
22;1993-07-14;7.1;19.4;13.4;0.5;779.4;1490.4
22;1993-07-15;7.8;20.6;14.6;0;789;1505
22;1993-07-16;5.4;22.6;15.6;0;799.6;1520.6
22;1993-07-17;14.3;21.5;16.9;0.4;811.5;1537.5
22;1993-07-18;14.4;20.3;16.2;8.1;822.7;1553.7
22;1993-07-19;9.1;19.6;15.2;1;832.9;1568.9
22;1993-07-20;13.3;20.7;16.3;0;844.2;1585.2
22;1993-07-21;11.9;18.7;14.3;0;853.5;1599.5
22;1993-07-22;11.5;18.5;14;1.8;862.5;1613.5
22;1993-07-23;11.6;18.9;14.5;0.2;872;1628
22;1993-07-24;13;22.6;17.8;1.5;884.8;1645.8
22;1993-07-25;14.6;16.3;15;2.4;894.8;1660.8
22;1993-07-26;12.4;17.9;14.4;11.1;904.2;1675.2
22;1993-07-27;12;18.9;14.3;0.8;913.5;1689.5
22;1993-07-28;11.4;16.6;13.9;4.8;922.4;1703.4
22;1993-07-29;11.5;20.8;16.3;8.8;933.7;1719.7
22;1993-07-30;14.4;20.4;17.8;3.7;946.5;1737.5
22;1993-07-31;14.3;16.4;14.5;7.7;956;1752
22;1993-08-01;12.4;19.4;15.3;8.1;966.3;1767.3
22;1993-08-02;6.9;21.9;15.6;0;976.9;1782.9
22;1993-08-03;13.9;19;16;8.6;987.9;1798.9
22;1993-08-04;11;20.2;16.1;0.9;999;1815
22;1993-08-05;11.5;21.5;16.4;0;1010.4;1831.4
22;1993-08-06;11.6;16.9;14.8;4.4;1020.2;1846.2
22;1993-08-07;13.4;19.2;15.7;6.9;1030.9;1861.9
22;1993-08-08;13.5;20.6;16.3;0;1042.2;1878.2
22;1993-08-09;11;19;15.1;0;1052.3;1893.3
22;1993-08-10;14.1;18.2;15.4;8;1062.7;1908.7
22;1993-08-11;11.5;17.8;13.9;0.6;1071.6;1922.6
22;1993-08-12;12.4;19;16.2;1.1;1082.8;1938.8
22;1993-08-13;11.7;18.8;14.6;18;1092.4;1953.4
22;1993-08-14;5.4;20.5;14.2;0;1101.6;1967.6
22;1993-08-15;12.4;24.1;18.3;0.3;1114.9;1985.9
22;1993-08-16;15.2;19.4;17;1.2;1126.9;2002.9
22;1993-08-17;11.1;17.4;14.1;0.3;1136;2017
22;1993-08-18;10.3;17.6;13.8;0;1144.8;2030.8
22;1993-08-19;12;19.3;15.1;0;1154.9;2045.9
22;1993-08-20;12.5;17.2;15.3;0;1165.2;2061.2
22;1993-08-21;11.8;18.4;14.7;0.1;1174.9;2075.9
22;1993-08-22;10.3;16.9;13.1;0.3;1183;2089
22;1993-08-23;8.9;17.2;12.6;4.9;1190.6;2101.6
22;1993-08-24;8.9;15.9;11.9;2.1;1197.5;2113.5
22;1993-08-25;8.1;16.8;12.6;1.6;1205.1;2126.1
22;1993-08-26;7.5;17.3;12.9;0;1213;2139
22;1993-08-27;8.2;17.2;12.3;2;1220.3;2151.3
22;1993-08-28;6.1;18.2;12.5;0.1;1227.8;2163.8
22;1993-08-29;8;15.8;12.8;0;1235.6;2176.6
22;1993-08-30;11.2;14.3;11.7;2.9;1242.3;2188.3
22;1993-08-31;9;15.6;12.6;9.1;1249.9;2200.9
22;1993-09-01;7.7;17.5;13.1;0;1258;2214
22;1993-09-02;9.9;16.4;13.8;0.6;1266.8;2227.8
22;1993-09-03;11.7;14.3;12.5;1;1274.3;2240.3
22;1993-09-04;7.6;16.1;11.5;3.1;1280.8;2251.8
22;1993-09-05;6.9;15;10.9;0.2;1286.7;2262.7
22;1993-09-06;8.4;16;12.6;0;1294.3;2275.3
22;1993-09-07;8.3;15.9;11.8;0.3;1301.1;2287.1
22;1993-09-08;6.7;16.3;12.4;0;1308.5;2299.5
22;1993-09-09;10.6;13.9;12.9;0;1316.4;2312.4
22;1993-09-10;12;13.7;13.1;7;1324.5;2325.5
22;1993-09-11;12.2;14.9;13;11;1332.5;2338.5
22;1993-09-12;10.6;12.2;11.3;19.4;1338.8;2349.8
22;1993-09-13;6.8;13.3;10.1;2.1;1343.9;2359.9
22;1993-09-14;7.9;11.7;10.6;8.8;1349.5;2370.5
22;1993-09-15;8.7;11.2;9.4;15.3;1353.9;2379.9
22;1993-09-16;6.1;9.7;8.1;1.6;1357;2388
22;1993-09-17;6.5;9.1;8.1;0;1360.1;2396.1
22;1993-09-18;5.5;12.5;8.7;1.3;1363.8;2404.8
22;1993-09-19;1.4;13.5;7.9;0.1;1366.7;2412.7
22;1993-09-20;3.1;14.3;10.4;0;1372.1;2423.1
22;1993-09-21;7.2;17.4;13.4;0;1380.5;2436.5
22;1993-09-22;9.9;14.4;12.8;0.2;1388.3;2449.3
22;1993-09-23;10.7;13.5;11.5;18;1394.8;2460.8
22;1993-09-24;6.1;12.2;9.9;0;1399.7;2470.7
22;1993-09-25;8.3;12.8;11.5;5.6;1406.2;2482.2
22;1993-09-26;10.7;12.7;12;0;1413.2;2494.2
22;1993-09-27;10.8;13.5;11.6;10.3;1419.8;2505.8
22;1993-09-28;10.7;11.3;10.7;1.4;1425.5;2516.5
22;1993-09-29;9.5;11.6;9.7;0;1430.2;2526.2
22;1993-09-30;6;10.9;8.2;0;1433.4;2534.4
22;1993-10-01;6.2;10.4;8.3;0;1436.7;2542.7
22;1993-10-02;6.7;12.7;10.5;0;1442.2;2553.2
22;1993-10-03;9.6;12.5;11.1;0;1448.3;2564.3
22;1993-10-04;10.3;13.3;12;2.2;1455.3;2576.3
22;1993-10-05;10.5;14.2;12.4;0.7;1462.7;2588.7
22;1993-10-06;10.9;15.3;13;0;1470.7;2601.7
22;1993-10-07;10.1;13;11.2;1.5;1476.9;2612.9
22;1993-10-08;6.7;16.5;11.2;0.2;1483.1;2624.1
22;1993-10-09;7;13.2;11.7;20.5;1489.8;2635.8
22;1993-10-10;8.9;11.5;10.3;4.7;1495.1;2646.1
22;1993-10-11;6.8;14.3;10.2;0;1500.3;2656.3
22;1993-10-12;6.8;15.1;12;0.2;1507.3;2668.3
22;1993-10-13;9.1;13.6;10.5;10;1512.8;2678.8
22;1993-10-14;6.4;7.9;5.8;8.4;1513.6;2684.6
22;1993-10-15;2.8;8.8;5.4;8;1514;2690
22;1993-10-16;2.8;7.8;5.7;0;1514.7;2695.7
22;1993-10-17;3.5;6.7;4.5;0;1514.7;2700.2
22;1993-10-18;-1.7;8;3;0;1514.7;2703.2
22;1993-10-19;-1.7;8.1;2.8;0;1514.7;2706
22;1993-10-20;-2.6;6.4;2;0;1514.7;2708
22;1993-10-21;-2.5;6.4;5.1;0.3;1514.8;2713.1
22;1993-10-22;3.6;7.1;5;2.7;1514.8;2718.1
22;1993-10-23;0.6;6.8;3;0;1514.8;2721.1
22;1993-10-24;-2;6.6;2.4;0;1514.8;2723.5
22;1993-10-25;-2;10.1;5.4;0;1515.2;2728.9
22;1993-10-26;0.7;9.6;5.4;0.1;1515.6;2734.3
22;1993-10-27;-0.2;7.3;3;0.2;1515.6;2737.3
22;1993-10-28;-0.2;7.3;6.3;0;1516.9;2743.6
22;1993-10-29;4.2;6.5;5.4;0;1517.3;2749
22;1993-10-30;2.2;7.7;4.5;0;1517.3;2753.5
22;1993-10-31;-1.1;6.3;3.9;0;1517.3;2757.4
22;1993-11-01;1.2;9.4;4.8;0;1517.3;2762.2
22;1993-11-02;0.1;7.4;3.8;0.2;1517.3;2766
22;1993-11-03;0.9;8.2;6.6;0;1518.9;2772.6
22;1993-11-04;5.7;6.9;6.4;0;1520.3;2779
22;1993-11-05;5.3;6.8;5.8;0;1521.1;2784.8
22;1993-11-06;4.3;6.1;4.7;0;1521.1;2789.5
22;1993-11-07;3.9;7.3;6.2;0.2;1522.3;2795.7
22;1993-11-08;4.6;5.5;5.1;0.6;1522.4;2800.8
22;1993-11-09;4.1;6.2;4.9;3;1522.4;2805.7
22;1993-11-10;4.1;7.1;6.3;0;1523.7;2812
22;1993-11-11;5;6.6;5.1;0.4;1523.8;2817.1
22;1993-11-12;3.7;7.6;6.3;4;1525.1;2823.4
22;1993-11-13;3.9;6.4;5.4;0.1;1525.5;2828.8
22;1993-11-14;4.2;6.2;4.3;9.2;1525.5;2833.1
22;1993-11-15;1.1;2.9;1.7;9.1;1525.5;2834.8
22;1993-11-16;-1.7;2.7;0;0;1525.5;2834.8
22;1993-11-17;-3;2.7;-0.5;0;1525.5;2834.8
22;1993-11-18;-3.6;2.6;-1.1;0;1525.5;2834.8
22;1993-11-19;-3.6;1.8;-0.2;0;1525.5;2834.8
22;1993-11-20;-2.5;1.7;-0.1;0.3;1525.5;2834.8
22;1993-11-21;-1.8;0.7;-0.7;1.9;1525.5;2834.8
22;1993-11-22;-3.4;0.3;-2.3;3.3;1525.5;2834.8
22;1993-11-23;-3.7;0.3;-1.9;4;1525.5;2834.8
22;1993-11-24;-3.7;-0.4;-2.4;1.7;1525.5;2834.8
22;1993-11-25;-6;-0.9;-2.2;0.3;1525.5;2834.8
22;1993-11-26;-2.5;0.5;-0.9;0;1525.5;2834.8
22;1993-11-27;-1.7;1.3;0.6;0;1525.5;2835.4
22;1993-11-28;-3.4;0.8;-0.8;0;1525.5;2835.4
22;1993-11-29;-3.4;0.7;-0.4;0;1525.5;2835.4
22;1993-11-30;-2.9;0.4;-3.2;0;1525.5;2835.4
22;1993-12-01;-5;-2.1;-3;0.2;1525.5;2835.4
22;1993-12-02;-3.5;4.5;0.7;0.2;1525.5;2836.1
22;1993-12-03;-0.9;7.3;5.8;7.1;1526.3;2841.9
22;1993-12-04;3.8;7.7;6.1;0.5;1527.4;2848
22;1993-12-05;4;6.9;5.5;1.1;1527.9;2853.5
22;1993-12-06;4.3;6.4;5.8;0.2;1528.7;2859.3
22;1993-12-07;5.2;6;5.2;0.4;1528.9;2864.5
22;1993-12-08;2.7;4.4;3.4;0.6;1528.9;2867.9
22;1993-12-09;0.3;6.2;3.9;8;1528.9;2871.8
22;1993-12-10;0.1;5.5;3;3.4;1528.9;2874.8
22;1993-12-11;0.1;5.4;3.8;3.5;1528.9;2878.6
22;1993-12-12;0.8;4.2;2.5;1.4;1528.9;2881.1
22;1993-12-13;-1.4;0.8;-0.3;0;1528.9;2881.1
22;1993-12-14;-1.7;-0.2;-1.3;0;1528.9;2881.1
22;1993-12-15;-2.7;1.6;0.3;0;1528.9;2881.4
22;1993-12-16;0.4;4.2;2.5;3.6;1528.9;2883.9
22;1993-12-17;1.4;4.1;3.1;5.8;1528.9;2887
22;1993-12-18;1.3;7.2;3.7;0.2;1528.9;2890.7
22;1993-12-19;1.3;9.6;8.2;1.9;1532.1;2898.9
22;1993-12-20;1.8;6.6;2.7;10.1;1532.1;2901.6
22;1993-12-21;-0.1;2.8;1.5;0.1;1532.1;2903.1
22;1993-12-22;-0.1;2.5;1.8;0;1532.1;2904.9
22;1993-12-23;0.1;3;1.9;2.5;1532.1;2906.8
22;1993-12-24;0.1;2.5;1.6;0.6;1532.1;2908.4
22;1993-12-25;0.5;1.7;0.8;1;1532.1;2909.2
22;1993-12-26;0.4;2.2;1.5;6.3;1532.1;2910.7
22;1993-12-27;0.7;1.4;0.8;0.2;1532.1;2911.5
22;1993-12-28;-0.1;0.9;0.3;2.2;1532.1;2911.8
22;1993-12-29;-0.7;1.8;1;1.4;1532.1;2912.8
22;1993-12-30;0.7;4.4;3.3;4.1;1532.1;2916.1
22;1993-12-31;2.7;4.5;3.3;4.4;1532.1;2919.4
22;1994-01-01;0.9;2.8;1.8;0.1;0;1.8
22;1994-01-02;1;1.7;1.1;0.2;0;2.9
22;1994-01-03;-0.5;1;0.2;0;0;3.1
22;1994-01-04;-0.9;4.6;2.3;2.8;0;5.4
22;1994-01-05;1.2;4.7;3.5;2.2;0;8.9
22;1994-01-06;1.8;4.8;3.9;5.4;0;12.8
22;1994-01-07;2.7;5.6;4.6;0.7;0;17.4
22;1994-01-08;2.9;4.9;3.3;0;0;20.7
22;1994-01-09;0.7;3.1;1.8;0.3;0;22.5
22;1994-01-10;0.7;3.4;2.8;0;0;25.3
22;1994-01-11;2.1;2.8;2.2;0;0;27.5
22;1994-01-12;1.7;5.3;3.5;2.1;0;31
22;1994-01-13;2.3;8.3;6.6;9.9;1.6;37.6
22;1994-01-14;4.6;6.4;5.2;9.1;1.8;42.8
22;1994-01-15;3;4.4;3.7;3.9;1.8;46.5
22;1994-01-16;-0.1;2;-0.6;0;1.8;46.5
22;1994-01-17;-4.7;0.7;-1.8;0;1.8;46.5
22;1994-01-18;-4.6;3.1;1.6;1.1;1.8;48.1
22;1994-01-19;0.4;4.3;3.4;13.8;1.8;51.5
22;1994-01-20;1.1;3.6;2.7;0.4;1.8;54.2
22;1994-01-21;1.1;5.8;4.7;0;1.8;58.9
22;1994-01-22;4.1;5.9;5.2;0.1;2;64.1
22;1994-01-23;2.6;6.6;3.6;0.3;2;67.7
22;1994-01-24;0;3.5;2;6.3;2;69.7
22;1994-01-25;0.7;4.9;2;0;2;71.7
22;1994-01-26;0.1;4.2;3.3;6.1;2;75
22;1994-01-27;2;6.5;4.7;1.9;2;79.7
22;1994-01-28;1.1;4.6;2.6;4.3;2;82.3
22;1994-01-29;-0.2;1.3;0.5;4.4;2;82.8
22;1994-01-30;-0.2;6.5;4;1.5;2;86.8
22;1994-01-31;3.1;5.3;3.8;3.4;2;90.6
22;1994-02-01;2.3;4.2;3.5;0.6;2;94.1
22;1994-02-02;0.1;4.9;3.1;5;2;97.2
22;1994-02-03;0.7;1.7;0.8;1.7;2;98
22;1994-02-04;-1.1;0.8;-0.2;0;2;98
22;1994-02-05;-1.2;0.9;0.2;0;2;98.2
22;1994-02-06;-0.3;0.7;0.3;0;2;98.5
22;1994-02-07;-0.1;0.5;0.2;0;2;98.7
22;1994-02-08;0;0.8;0.2;0.5;2;98.9
22;1994-02-09;-0.9;3.5;1.6;0.2;2;100.5
22;1994-02-10;0.8;3.5;2.4;5.6;2;102.9
22;1994-02-11;0.9;2.1;1;2;2;103.9
22;1994-02-12;-2.1;-0.6;-2.1;0;2;103.9
22;1994-02-13;-4.8;-3.2;-4.5;0;2;103.9
22;1994-02-14;-5.1;-1.8;-3.8;0;2;103.9
22;1994-02-15;-5.5;-0.7;-3.2;0;2;103.9
22;1994-02-16;-5.5;-0.4;-3.3;0;2;103.9
22;1994-02-17;-7.1;1.1;-3.3;0;2;103.9
22;1994-02-18;-7.9;0.1;-4;0;2;103.9
22;1994-02-19;-7.2;-0.3;-2.3;0;2;103.9
22;1994-02-20;-4.8;-0.5;-3;1.2;2;103.9
22;1994-02-21;-4.7;0.5;-0.5;0.6;2;103.9
22;1994-02-22;-2.2;-1.3;-2.1;0.5;2;103.9
22;1994-02-23;-3;-0.5;-1.9;1.2;2;103.9
22;1994-02-24;-2.9;-1.5;-2.5;0;2;103.9
22;1994-02-25;-3.8;-0.1;-2.1;0;2;103.9
22;1994-02-26;-5.6;-0.4;-1.8;0.1;2;103.9
22;1994-02-27;-3.1;0.8;0.2;6.8;2;104.1
22;1994-02-28;-0.1;0.8;-0.1;8.8;2;104.1
22;1994-03-01;-2.7;-0.5;-1.7;0;2;104.1
22;1994-03-02;-2.7;-0.1;-0.8;1.4;2;104.1
22;1994-03-03;-1.7;1.8;0.7;4;2;104.8
22;1994-03-04;0.3;3.4;1.6;4.8;2;106.4
22;1994-03-05;0.3;5.3;3.3;0.2;2;109.7
22;1994-03-06;2.1;6.1;3.8;1.7;2;113.5
22;1994-03-07;2.3;7.9;4.9;1.7;2;118.4
22;1994-03-08;1.8;7.7;4.8;1.1;2;123.2
22;1994-03-09;2.8;7.5;5.9;0.4;2.9;129.1
22;1994-03-10;3.1;6.7;4.3;5.2;2.9;133.4
22;1994-03-11;1.6;7.1;3.9;0.4;2.9;137.3
22;1994-03-12;1.2;5.7;3.1;0;2.9;140.4
22;1994-03-13;1.1;5.7;2.9;0.3;2.9;143.3
22;1994-03-14;1.4;7.6;4.9;6.2;2.9;148.2
22;1994-03-15;2.2;6.5;4.1;1.8;2.9;152.3
22;1994-03-16;1.3;5.2;2.6;0;2.9;154.9
22;1994-03-17;0.1;3.9;2.1;2.2;2.9;157
22;1994-03-18;0.9;5.3;2.6;0;2.9;159.6
22;1994-03-19;0.3;1.4;0.5;0.9;2.9;160.1
22;1994-03-20;-7.6;2.4;-1.4;9.6;2.9;160.1
22;1994-03-21;-7.1;4.5;0.2;1.4;2.9;160.3
22;1994-03-22;-3.3;3.1;1;0;2.9;161.3
22;1994-03-23;-0.3;8.6;6.3;1.6;4.2;167.6
22;1994-03-24;4.1;8.9;6.1;7.8;5.3;173.7
22;1994-03-25;3.7;6.2;4.6;0;5.3;178.3
22;1994-03-26;3.1;5.9;4.1;7.1;5.3;182.4
22;1994-03-27;1.1;6.9;3.5;0.5;5.3;185.9
22;1994-03-28;0.8;8;4.4;0;5.3;190.3
22;1994-03-29;1.7;10.7;7.3;3.1;7.6;197.6
22;1994-03-30;3.6;11.8;7.4;0.7;10;205
22;1994-03-31;4.2;12.2;8.3;0;13.3;213.3
22;1994-04-01;5.8;10.2;7.1;2.1;15.4;220.4
22;1994-04-02;5.3;8.5;6.2;4;16.6;226.6
22;1994-04-03;1.8;8.7;5;0;16.6;231.6
22;1994-04-04;2.5;5.4;3.6;0;16.6;235.2
22;1994-04-05;2.8;7.3;4.6;7.7;16.6;239.8
22;1994-04-06;3.1;7.8;4.9;0.1;16.6;244.7
22;1994-04-07;1.1;7.8;4.3;0;16.6;249
22;1994-04-08;-1;8.5;4.2;0.3;16.6;253.2
22;1994-04-09;0.3;8.2;5.3;0;16.9;258.5
22;1994-04-10;0.4;9.7;5.7;4.1;17.6;264.2
22;1994-04-11;3.5;13.2;8.1;0;20.7;272.3
22;1994-04-12;4.3;14.6;9.3;0;25;281.6
22;1994-04-13;6.8;9.7;7.8;0;27.8;289.4
22;1994-04-14;6;8.4;6.8;9.4;29.6;296.2
22;1994-04-15;5.7;7.4;6.3;2;30.9;302.5
22;1994-04-16;4.4;8.7;6.2;0.1;32.1;308.7
22;1994-04-17;3.2;9.1;5.4;0;32.5;314.1
22;1994-04-18;0.6;7.1;4.1;0;32.5;318.2
22;1994-04-19;0.3;6.7;4;0;32.5;322.2
22;1994-04-20;2.8;10.6;6.8;0;34.3;329
22;1994-04-21;4;13.3;8.5;0;37.8;337.5
22;1994-04-22;5.8;13.7;9.5;1.5;42.3;347
22;1994-04-23;2.7;18.4;10.8;0;48.1;357.8
22;1994-04-24;5.9;18.6;12.8;0;55.9;370.6
22;1994-04-25;6.7;18.1;12.2;0;63.1;382.8
22;1994-04-26;6.7;15.1;10.7;0.2;68.8;393.5
22;1994-04-27;8;16.6;12.3;0.4;76.1;405.8
22;1994-04-28;9.2;15.1;12.6;0;83.7;418.4
22;1994-04-29;11;18;13.5;0.4;92.2;431.9
22;1994-04-30;9.9;16.8;12;0;99.2;443.9
22;1994-05-01;6.3;11.8;8.3;0;102.5;452.2
22;1994-05-02;0.6;12;7.1;0;104.6;459.3
22;1994-05-03;0.7;14.3;8.3;0;107.9;467.6
22;1994-05-04;5.9;13;9.2;0;112.1;476.8
22;1994-05-05;7.1;11.2;8.5;5;115.6;485.3
22;1994-05-06;3.1;12.8;9;0.5;119.6;494.3
22;1994-05-07;7.6;16.6;11.5;0;126.1;505.8
22;1994-05-08;7.6;18.6;13;0;134.1;518.8
22;1994-05-09;7.5;20.2;13.8;0;142.9;532.6
22;1994-05-10;4.6;20.6;13.3;0;151.2;545.9
22;1994-05-11;6.4;20.1;14.2;0.3;160.4;560.1
22;1994-05-12;7;19.6;13.9;0;169.3;574
22;1994-05-13;7.8;17.7;12.3;0;176.6;586.3
22;1994-05-14;4.7;17.7;12.1;0;183.7;598.4
22;1994-05-15;9.2;15.8;13.1;0;191.8;611.5
22;1994-05-16;10;14.3;12.1;7.1;198.9;623.6
22;1994-05-17;7.3;10.9;9.8;0.1;203.7;633.4
22;1994-05-18;9.5;14.3;10.5;11.7;209.2;643.9
22;1994-05-19;6.9;13.2;9.4;4.2;213.6;653.3
22;1994-05-20;6.5;15.4;10.5;0;219.1;663.8
22;1994-05-21;5;15.9;11.4;0;225.5;675.2
22;1994-05-22;8;11.8;9.5;0;230;684.7
22;1994-05-23;8.3;13.9;10.8;0.6;235.8;695.5
22;1994-05-24;9.3;13.6;10.5;14.1;241.3;706
22;1994-05-25;7.4;14.7;11.1;0;247.4;717.1
22;1994-05-26;9.8;13.6;11.2;3.6;253.6;728.3
22;1994-05-27;7.1;14.4;10.6;0;259.2;738.9
22;1994-05-28;6.7;14.5;10.9;0;265.1;749.8
22;1994-05-29;7.4;12.8;9.5;0;269.6;759.3
22;1994-05-30;6.9;14.9;10.9;0.8;275.5;770.2
22;1994-05-31;6.7;14.2;10.5;0.3;281;780.7
22;1994-06-01;7.5;16.9;12.2;1.8;288.2;792.9
22;1994-06-02;6.2;20.9;14.2;0;297.4;807.1
22;1994-06-03;11.8;17.4;13.9;2.6;306.3;821
22;1994-06-04;10.3;14.5;12;0.3;313.3;833
22;1994-06-05;7.2;14.6;10.8;0;319.1;843.8
22;1994-06-06;8.5;16.5;11.9;0.6;326;855.7
22;1994-06-07;10.1;18.4;14.3;0;335.3;870
22;1994-06-08;9.9;17.2;13.2;0.2;343.5;883.2
22;1994-06-09;8.6;14.1;11;3.5;349.5;894.2
22;1994-06-10;8.7;15;11.8;1.5;356.3;906
22;1994-06-11;7;16.8;12.9;0.4;364.2;918.9
22;1994-06-12;6.3;15.1;12.3;0;371.5;931.2
22;1994-06-13;12.1;18.9;14.8;0.2;381.3;946
22;1994-06-14;9.8;21.5;14.2;0;390.5;960.2
22;1994-06-15;8.6;11.7;9.8;0;395.3;970
22;1994-06-16;8.2;13.8;10.6;3.8;400.9;980.6
22;1994-06-17;6.3;14.8;10.6;0;406.5;991.2
22;1994-06-18;6.4;13.6;10.7;0;412.2;1001.9
22;1994-06-19;10.3;16.6;13.2;8.2;420.4;1015.1
22;1994-06-20;8.7;16.9;12.8;0.4;428.2;1027.9
22;1994-06-21;7.6;16.6;13.4;0;436.6;1041.3
22;1994-06-22;12.9;17.5;14.4;4.9;446;1055.7
22;1994-06-23;10.4;15.6;12.7;0.3;453.7;1068.4
22;1994-06-24;8.1;17.1;12.6;0;461.3;1081
22;1994-06-25;7;22.8;16;0;472.3;1097
22;1994-06-26;14.3;21.7;18.1;2.4;485.4;1115.1
22;1994-06-27;12.7;22.3;17.4;0.2;497.8;1132.5
22;1994-06-28;12;25;17.7;0;510.5;1150.2
22;1994-06-29;14.1;23.6;18.6;0;524.1;1168.8
22;1994-06-30;11.1;18.8;15;12;534.1;1183.8
22;1994-07-01;8.9;18.4;13.7;0;542.8;1197.5
22;1994-07-02;6;21.7;14.8;0;552.6;1212.3
22;1994-07-03;9.2;25.8;18.2;0;565.8;1230.5
22;1994-07-04;11.9;23.9;18.8;0;579.6;1249.3
22;1994-07-05;14.7;16;15.2;0;589.8;1264.5
22;1994-07-06;13.3;20.1;16.2;0;601;1280.7
22;1994-07-07;7.5;24.5;17.1;0.2;613.1;1297.8
22;1994-07-08;12.8;23.4;17.8;0;625.9;1315.6
22;1994-07-09;11.7;20.2;16.5;0;637.4;1332.1
22;1994-07-10;10.6;22.8;17.3;0;649.7;1349.4
22;1994-07-11;10.3;25.9;19.6;0;664.3;1369
22;1994-07-12;11.6;27.6;20.9;0;680.2;1389.9
22;1994-07-13;15.7;29.1;23;0;698.2;1412.9
22;1994-07-14;16.9;30.6;23.9;0;717.1;1436.8
22;1994-07-15;16.8;23.6;19.5;0.1;731.6;1456.3
22;1994-07-16;13.6;21.1;17.3;0.5;743.9;1473.6
22;1994-07-17;9.7;19.7;15.3;0.1;754.2;1488.9
22;1994-07-18;9.8;23.6;17.3;0;766.5;1506.2
22;1994-07-19;10.3;23.5;17.8;0;779.3;1524
22;1994-07-20;9.4;26.8;19.6;0;793.9;1543.6
22;1994-07-21;11.3;26.7;20.3;0;809.2;1563.9
22;1994-07-22;11.4;28.9;20.7;0;824.9;1584.6
22;1994-07-23;13.3;29.3;22;0.1;841.9;1606.6
22;1994-07-24;14.6;29.8;22.7;0;859.6;1629.3
22;1994-07-25;16.7;28.8;23.1;0;877.7;1652.4
22;1994-07-26;18.7;31.4;24.8;0.1;897.5;1677.2
22;1994-07-27;15;29.1;22.8;0;915.3;1700
22;1994-07-28;17.1;31.3;24.9;0;935.2;1724.9
22;1994-07-29;20.2;26.4;22.2;0;952.4;1747.1
22;1994-07-30;12.8;27.8;21.1;0.1;968.5;1768.2
22;1994-07-31;19.4;30;23.7;3.3;987.2;1791.9
22;1994-08-01;19.8;30.2;24.1;0;1006.3;1816
22;1994-08-02;18.6;26;21.2;1.5;1022.5;1837.2
22;1994-08-03;14;24.9;19.8;2.9;1037.3;1857
22;1994-08-04;12.8;28.6;21.4;0;1053.7;1878.4
22;1994-08-05;18.3;31.1;24.5;0;1073.2;1902.9
22;1994-08-06;19.9;25;21.7;0.1;1089.9;1924.6
22;1994-08-07;14.8;24.1;19.2;0.3;1104.1;1943.8
22;1994-08-08;12.9;24.3;18.6;0;1117.7;1962.4
22;1994-08-09;11.4;24.8;18.7;3.1;1131.4;1981.1
22;1994-08-10;11.6;26;19.5;0;1145.9;2000.6
22;1994-08-11;14.9;24.2;20;0;1160.9;2020.6
22;1994-08-12;15.3;23.6;19.2;0.1;1175.1;2039.8
22;1994-08-13;11.2;18.8;16;0.4;1186.1;2055.8
22;1994-08-14;11.7;16.1;13;14.6;1194.1;2068.8
22;1994-08-15;11.2;20;16.5;4.1;1205.6;2085.3
22;1994-08-16;13.2;18.1;15.1;0;1215.7;2100.4
22;1994-08-17;11.5;20.5;16.3;0;1227;2116.7
22;1994-08-18;11.8;15.2;13.2;14.7;1235.2;2129.9
22;1994-08-19;10.3;20;16;3.2;1246.2;2145.9
22;1994-08-20;13.2;19.8;16.1;0;1257.3;2162
22;1994-08-21;10.8;19.9;14.6;0.1;1266.9;2176.6
22;1994-08-22;7.9;20.1;14.8;0.7;1276.7;2191.4
22;1994-08-23;8;22.4;15.4;0;1287.1;2206.8
22;1994-08-24;11.4;18;15.4;0;1297.5;2222.2
22;1994-08-25;14.9;20.2;16.9;1;1309.4;2239.1
22;1994-08-26;13.8;20.6;16.8;20.5;1321.2;2255.9
22;1994-08-27;14.3;20.9;17.1;0;1333.3;2273
22;1994-08-28;9;16.5;13.5;2.9;1341.8;2286.5
22;1994-08-29;10.2;17;13.9;0;1350.7;2300.4
22;1994-08-30;10.2;17.9;13.8;5.4;1359.5;2314.2
22;1994-08-31;5.6;19.5;13.3;0.6;1367.8;2327.5
22;1994-09-01;8.8;18.5;14.7;0;1377.5;2342.2
22;1994-09-02;14.4;21;16.7;16.5;1389.2;2358.9
22;1994-09-03;14.2;17.8;15.3;23.6;1399.5;2374.2
22;1994-09-04;12.1;18.2;15.1;2.9;1409.6;2389.3
22;1994-09-05;14;17.5;14.9;9.7;1419.5;2404.2
22;1994-09-06;12.6;16.8;14.3;9.6;1428.8;2418.5
22;1994-09-07;10.4;17.6;13.6;2.5;1437.4;2432.1
22;1994-09-08;10.6;17.2;14.5;0;1446.9;2446.6
22;1994-09-09;12.7;15.3;13.5;12.3;1455.4;2460.1
22;1994-09-10;11.1;16.3;13;13.4;1463.4;2473.1
22;1994-09-11;9.8;15.6;13;13.6;1471.4;2486.1
22;1994-09-12;9.9;14.6;12.8;0.4;1479.2;2498.9
22;1994-09-13;11.5;16.6;14.2;0;1488.4;2513.1
22;1994-09-14;9.3;17.9;13.6;0.2;1497;2526.7
22;1994-09-15;10.2;16;13.5;16.6;1505.5;2540.2
22;1994-09-16;11.4;13.4;12.6;35.7;1513.1;2552.8
22;1994-09-17;11.5;13.1;12.3;14.7;1520.4;2565.1
22;1994-09-18;11;12.4;11.4;3.4;1526.8;2576.5
22;1994-09-19;10.6;13;11.6;0.7;1533.4;2588.1
22;1994-09-20;10.7;16;12.5;1.1;1540.9;2600.6
22;1994-09-21;9.2;17;12.3;0;1548.2;2612.9
22;1994-09-22;9.8;15.6;12.3;0;1555.5;2625.2
22;1994-09-23;4.9;16.8;11;0.3;1561.5;2636.2
22;1994-09-24;5.4;19.1;12.3;0;1568.8;2648.5
22;1994-09-25;7.3;17.7;12.8;0;1576.6;2661.3
22;1994-09-26;8.3;15.5;11.8;0.2;1583.4;2673.1
22;1994-09-27;10.8;13.8;11.6;0.3;1590;2684.7
22;1994-09-28;7.8;12.9;10.5;2.1;1595.5;2695.2
22;1994-09-29;8.4;15.6;13.1;0;1603.6;2708.3
22;1994-09-30;9.4;14.2;12.1;0;1610.7;2720.4
22;1994-10-01;8.4;13.5;10.5;1.4;1616.2;2730.9
22;1994-10-02;7.5;12.6;10;0;1621.2;2740.9
22;1994-10-03;7.7;12.6;9.2;3.2;1625.4;2750.1
22;1994-10-04;4.9;9.3;6.3;4.7;1626.7;2756.4
22;1994-10-05;4.1;9.9;6;0.4;1627.7;2762.4
22;1994-10-06;-1.1;11.2;6.2;0;1628.9;2768.6
22;1994-10-07;-0.2;11.5;10.1;0;1634;2778.7
22;1994-10-08;8.2;11.3;9.3;0;1638.3;2788
22;1994-10-09;7.2;10.4;8;0;1641.3;2796
22;1994-10-10;2.4;11.6;7.3;0.3;1643.6;2803.3
22;1994-10-11;2.8;11.5;9.2;0.1;1647.8;2812.5
22;1994-10-12;8.1;11.9;10.1;0.3;1652.9;2822.6
22;1994-10-13;8.5;12.4;10.8;0.2;1658.7;2833.4
22;1994-10-14;8.6;13.5;10;0.1;1663.7;2843.4
22;1994-10-15;4.6;11.8;8.7;0;1667.4;2852.1
22;1994-10-16;5;9.5;6.2;0.2;1668.6;2858.3
22;1994-10-17;-1;7.3;1.9;0;1668.6;2860.2
22;1994-10-18;-3.9;7.3;1.8;0;1668.6;2862
22;1994-10-19;-3.6;7.8;4.7;0;1668.6;2866.7
22;1994-10-20;2.1;8.5;6.4;0;1670;2873.1
22;1994-10-21;3.8;8.6;6.2;0;1671.2;2879.3
22;1994-10-22;3.8;9.9;7.8;0;1674;2887.1
22;1994-10-23;5.7;13.3;10.4;3.5;1679.4;2897.5
22;1994-10-24;8.2;11.5;10.2;0;1684.6;2907.7
22;1994-10-25;5.8;9.8;8.6;0.6;1688.2;2916.3
22;1994-10-26;5.8;9.7;8.7;2.4;1691.9;2925
22;1994-10-27;7.4;8.8;8.3;1.7;1695.2;2933.3
22;1994-10-28;6.3;8.7;7.8;3;1698;2941.1
22;1994-10-29;6.9;9.2;7.9;0;1700.9;2949
22;1994-10-30;6.5;9.5;8;8.6;1703.9;2957
22;1994-10-31;7.3;12.6;10.3;6.3;1709.2;2967.3
22;1994-11-01;9.4;11.2;9.9;7.9;1714.1;2977.2
22;1994-11-02;6.8;9.9;7.5;2.9;1716.6;2984.7
22;1994-11-03;-1.1;9.5;4.6;0;1716.6;2989.3
22;1994-11-04;1.1;8.8;7;0;1718.6;2996.3
22;1994-11-05;4.7;9.3;6.8;0;1720.4;3003.1
22;1994-11-06;4.3;10.1;7.2;0;1722.6;3010.3
22;1994-11-07;4.5;7.9;7.3;0;1724.9;3017.6
22;1994-11-08;5.9;7.3;6.4;0.3;1726.3;3024
22;1994-11-09;5.2;6.9;5.9;0;1727.2;3029.9
22;1994-11-10;5.2;7.4;6.5;0.7;1728.7;3036.4
22;1994-11-11;3.8;6.2;5.3;0.3;1729;3041.7
22;1994-11-12;2.1;5.1;3.4;1.1;1729;3045.1
22;1994-11-13;-0.3;2.5;0.5;0.2;1729;3045.6
22;1994-11-14;-0.9;11.8;8.9;16.7;1732.9;3054.5
22;1994-11-15;8.6;11.2;9.9;4.5;1737.8;3064.4
22;1994-11-16;7.3;9.4;7.8;1.2;1740.6;3072.2
22;1994-11-17;5.7;7.8;6.3;0;1741.9;3078.5
22;1994-11-18;4.8;5.9;5.1;2.7;1742;3083.6
22;1994-11-19;3.4;6.4;4.7;0;1742;3088.3
22;1994-11-20;3.1;11.5;9.4;3.1;1746.4;3097.7
22;1994-11-21;6.9;9;7.4;5.6;1748.8;3105.1
22;1994-11-22;3.4;7.3;5.3;0.1;1749.1;3110.4
22;1994-11-23;3.7;9.3;5.7;0;1749.8;3116.1
22;1994-11-24;3.8;10.4;8.6;1.5;1753.4;3124.7
22;1994-11-25;4.5;7.5;5.1;0.1;1753.5;3129.8
22;1994-11-26;1.9;8.5;6.9;0;1755.4;3136.7
22;1994-11-27;6.1;9.1;7.3;2.1;1757.7;3144
22;1994-11-28;5;9.1;7.3;0.2;1760;3151.3
22;1994-11-29;4.7;9.1;7.2;0.2;1762.2;3158.5
22;1994-11-30;5.8;7;5.6;0.3;1762.8;3164.1
22;1994-12-01;0.9;5.4;2.8;0;1762.8;3166.9
22;1994-12-02;-0.9;3;0.9;0;1762.8;3167.8
22;1994-12-03;-0.6;4.4;1.7;0.1;1762.8;3169.5
22;1994-12-04;0.3;8;6.8;2.5;1764.6;3176.3
22;1994-12-05;6.5;8.6;7.6;7;1767.2;3183.9
22;1994-12-06;5;7.6;6.1;1.3;1768.3;3190
22;1994-12-07;3.9;6.1;5;0.3;1768.3;3195
22;1994-12-08;4.3;7;6.2;2.2;1769.5;3201.2
22;1994-12-09;5.3;7.7;6.7;6.9;1771.2;3207.9
22;1994-12-10;3.9;7.7;5.6;2.4;1771.8;3213.5
22;1994-12-11;5.4;11.3;10.4;0.9;1777.2;3223.9
22;1994-12-12;10;10.9;9.9;7.2;1782.1;3233.8
22;1994-12-13;7.6;8.7;7.1;3.7;1784.2;3240.9
22;1994-12-14;1.6;4;2.6;0.2;1784.2;3243.5
22;1994-12-15;-0.1;3.8;2;0;1784.2;3245.5
22;1994-12-16;0.2;5.8;3.8;0;1784.2;3249.3
22;1994-12-17;2.3;5.4;4;4.1;1784.2;3253.3
22;1994-12-18;2.3;4.2;3.3;0.1;1784.2;3256.6
22;1994-12-19;1.8;5.5;4.4;4.3;1784.2;3261
22;1994-12-20;4;5.2;4.5;0.7;1784.2;3265.5
22;1994-12-21;3.2;4;3.4;0.9;1784.2;3268.9
22;1994-12-22;-2;3.3;0.5;0.3;1784.2;3269.4
22;1994-12-23;-1.7;2;0.6;0;1784.2;3270
22;1994-12-24;0.3;1.2;0.2;0;1784.2;3270.2
22;1994-12-25;-2.1;-1.1;-1.7;0.2;1784.2;3270.2
22;1994-12-26;-2;2.9;1.3;2.3;1784.2;3271.5
22;1994-12-27;0.4;6;3.4;16.2;1784.2;3274.9
22;1994-12-28;1.8;8.5;3.1;0.6;1784.2;3278
22;1994-12-29;1.6;9.9;9.1;4.1;1788.3;3287.1
22;1994-12-30;6;7.9;6.2;9.8;1789.5;3293.3
22;1994-12-31;5.1;6.6;5.4;2.6;1789.9;3298.7
22;1995-01-01;1.6;3.6;1.6;1.2;0;1.6
22;1995-01-02;-1.5;1.2;0;1.5;0;1.6
22;1995-01-03;-4.8;0.4;-2.4;0.3;0;1.6
22;1995-01-04;-6.4;0.2;-3.4;0;0;1.6
22;1995-01-05;-6.2;-2.3;-3.8;0;0;1.6
22;1995-01-06;-4.9;-3.5;-5;0;0;1.6
22;1995-01-07;-8.5;-1.8;-4.1;0;0;1.6
22;1995-01-08;-5.2;0;-3;0;0;1.6
22;1995-01-09;-4.5;2.7;1.4;9.4;0;3
22;1995-01-10;0.6;3.6;2.4;5;0;5.4
22;1995-01-11;1.1;1.9;1.1;1;0;6.5
22;1995-01-12;-1.5;0.2;-0.5;0;0;6.5
22;1995-01-13;-3.6;1.1;-1.3;0;0;6.5
22;1995-01-14;-3;3.3;2.1;0.8;0;8.6
22;1995-01-15;1.5;3.9;1.6;1.4;0;10.2
22;1995-01-16;-1.7;4.7;3.1;0.5;0;13.3
22;1995-01-17;0.7;2.6;1.4;0.1;0;14.7
22;1995-01-18;0.2;2;1.2;0;0;15.9
22;1995-01-19;-0.6;1.8;-0.2;1.4;0;15.9
22;1995-01-20;-1;2.1;1.1;4.1;0;17
22;1995-01-21;0.4;2.4;1.6;4.5;0;18.6
22;1995-01-22;0.5;2.9;1.9;2;0;20.5
22;1995-01-23;0.1;4;1.9;14.4;0;22.4
22;1995-01-24;0.6;5.2;3.5;6.8;0;25.9
22;1995-01-25;1.9;4;2.6;2.4;0;28.5
22;1995-01-26;0.2;1.6;0.7;1.7;0;29.2
22;1995-01-27;-1.3;2.3;0.5;7.8;0;29.7
22;1995-01-28;-1.3;3.6;1.2;4.2;0;30.9
22;1995-01-29;-0.5;3.8;1.5;1.3;0;32.4
22;1995-01-30;-2.2;0.6;-0.7;5;0;32.4
22;1995-01-31;-5.7;0.7;-2.2;0.6;0;32.4
22;1995-02-01;-5.7;6.2;4.2;6.6;0;36.6
22;1995-02-02;2.8;5.1;3;0.8;0;39.6
22;1995-02-03;0;3.7;1.8;0.2;0;41.4
22;1995-02-04;0.3;6.6;5;0;0;46.4
22;1995-02-05;3.4;7.2;4.8;1.2;0;51.2
22;1995-02-06;3.7;7.2;6;0;1;57.2
22;1995-02-07;4.7;7.1;4.4;0.9;1;61.6
22;1995-02-08;0.6;2.5;1.2;0.7;1;62.8
22;1995-02-09;-1.7;1.6;-0.2;0;1;62.8
22;1995-02-10;-1.6;2.5;0.6;0;1;63.4
22;1995-02-11;-1;3;0.1;0;1;63.5
22;1995-02-12;-1;7.1;5.7;8.2;1.7;69.2
22;1995-02-13;4;8.4;5.7;0.3;2.4;74.9
22;1995-02-14;3.8;7.5;5.7;0;3.1;80.6
22;1995-02-15;3.2;6.4;4.9;0.6;3.1;85.5
22;1995-02-16;4;7.3;5.3;10.4;3.4;90.8
22;1995-02-17;4;6.3;4.6;8.6;3.4;95.4
22;1995-02-18;2.9;6.6;4.2;2.3;3.4;99.6
22;1995-02-19;1.9;6.8;3.8;0;3.4;103.4
22;1995-02-20;0.9;6.5;3.6;2.3;3.4;107
22;1995-02-21;2.5;7.7;4.7;6.8;3.4;111.7
22;1995-02-22;2.9;6.6;5.1;1.6;3.5;116.8
22;1995-02-23;2.2;4.3;3.2;0;3.5;120
22;1995-02-24;1.8;4.8;3.2;4.4;3.5;123.2
22;1995-02-25;0;3.5;1;0;3.5;124.2
22;1995-02-26;0;2.8;1.3;0;3.5;125.5
22;1995-02-27;0;5.1;2.5;0;3.5;128
22;1995-02-28;0.3;10;7;1.6;5.5;135
22;1995-03-01;6.6;8.5;7.3;0.4;7.8;142.3
22;1995-03-02;2;5.8;3.2;2.3;7.8;145.5
22;1995-03-03;0.1;6.1;2.4;1.6;7.8;147.9
22;1995-03-04;0.5;5.4;3.3;1.6;7.8;151.2
22;1995-03-05;0.3;3.6;1.5;0.1;7.8;152.7
22;1995-03-06;0.3;3.7;2.4;3.9;7.8;155.1
22;1995-03-07;1.2;3.9;2.5;3.8;7.8;157.6
22;1995-03-08;1.3;6.1;3.5;0;7.8;161.1
22;1995-03-09;1.4;4.9;3.1;0;7.8;164.2
22;1995-03-10;-0.9;8.5;2.8;0.2;7.8;167
22;1995-03-11;-0.7;3.6;2;0.1;7.8;169
22;1995-03-12;1.1;5.7;2.9;0;7.8;171.9
22;1995-03-13;1.2;5.9;3.1;0;7.8;175
22;1995-03-14;-1.2;2.5;-1;0;7.8;175
22;1995-03-15;-2.7;1;-0.5;0.3;7.8;175
22;1995-03-16;-1.7;4.2;1.7;0.3;7.8;176.7
22;1995-03-17;0.6;5.9;3.7;0.2;7.8;180.4
22;1995-03-18;0.9;7.2;3.8;10.8;7.8;184.2
22;1995-03-19;0.9;6.6;3.8;2.9;7.8;188
22;1995-03-20;2.5;6.6;4.3;0.5;7.8;192.3
22;1995-03-21;1.6;6.3;3.5;0;7.8;195.8
22;1995-03-22;-0.3;5.7;3.2;0;7.8;199
22;1995-03-23;1;10.7;6.2;1.2;9;205.2
22;1995-03-24;3.1;8.1;5.8;0;9.8;211
22;1995-03-25;5;6.6;4.9;2.3;9.8;215.9
22;1995-03-26;1.2;6.6;4.1;1;9.8;220
22;1995-03-27;1.5;2.8;1.4;0.4;9.8;221.4
22;1995-03-28;-0.9;2.6;0.6;0.3;9.8;222
22;1995-03-29;-3.2;4.4;0.8;0;9.8;222.8
22;1995-03-30;-1.7;6.8;2.8;0;9.8;225.6
22;1995-03-31;0.4;7.4;3.5;0;9.8;229.1
22;1995-04-01;2.6;9.4;6.6;8.8;11.4;235.7
22;1995-04-02;4.3;9.3;6.6;0.1;13;242.3
22;1995-04-03;4;7.8;5.6;1.1;13.6;247.9
22;1995-04-04;0.7;6.3;3.5;4.4;13.6;251.4
22;1995-04-05;0;6.2;3;0;13.6;254.4
22;1995-04-06;1.6;8.5;6.9;8.2;15.5;261.3
22;1995-04-07;5.2;9.1;6.2;7.1;16.7;267.5
22;1995-04-08;3.1;6.4;4.5;1.6;16.7;272
22;1995-04-09;1.1;6.6;3.4;0;16.7;275.4
22;1995-04-10;-1.2;6.4;3;0;16.7;278.4
22;1995-04-11;1.4;11.4;7.1;0.9;18.8;285.5
22;1995-04-12;5.2;9.6;6.8;0;20.6;292.3
22;1995-04-13;2.3;12.2;7.2;1.6;22.8;299.5
22;1995-04-14;2.3;11;7;0.1;24.8;306.5
22;1995-04-15;3.9;6.7;5.6;0;25.4;312.1
22;1995-04-16;3.3;6.2;4.2;6.9;25.4;316.3
22;1995-04-17;0.8;5.8;2.9;3.8;25.4;319.2
22;1995-04-18;0.2;7.8;3.2;1.4;25.4;322.4
22;1995-04-19;0.2;8.3;4.6;11.8;25.4;327
22;1995-04-20;2;7.8;4.4;2.8;25.4;331.4
22;1995-04-21;2;11.9;7;2.2;27.4;338.4
22;1995-04-22;3.8;16.1;9.7;0;32.1;348.1
22;1995-04-23;6.3;22;15.5;0;42.6;363.6
22;1995-04-24;10.3;21.5;15.6;0;53.2;379.2
22;1995-04-25;11;20.4;15.1;0;63.3;394.3
22;1995-04-26;8.1;16.2;11.5;0;69.8;405.8
22;1995-04-27;3.9;12;7.5;0.4;72.3;413.3
22;1995-04-28;4.1;8.3;5.2;1.3;72.5;418.5
22;1995-04-29;1.6;9.3;6.3;0.1;73.8;424.8
22;1995-04-30;0.7;12.5;7.5;0;76.3;432.3
22;1995-05-01;0.9;13.5;8;0;79.3;440.3
22;1995-05-02;2;15.7;9.9;0;84.2;450.2
22;1995-05-03;3.6;18.6;12.2;0;91.4;462.4
22;1995-05-04;9.8;19.5;14;0;100.4;476.4
22;1995-05-05;8.7;20;14.6;0;110;491
22;1995-05-06;8;13.8;10.7;0.6;115.7;501.7
22;1995-05-07;7.1;14.6;10.3;0.3;121;512
22;1995-05-08;8.2;13.5;10.1;5.4;126.1;522.1
22;1995-05-09;7.9;9.3;7.8;7.8;128.9;529.9
22;1995-05-10;5.6;10.9;7.9;0.6;131.8;537.8
22;1995-05-11;5.1;10.5;7.5;0.2;134.3;545.3
22;1995-05-12;2.1;11.8;7.4;0;136.7;552.7
22;1995-05-13;5.4;10.7;7.4;0;139.1;560.1
22;1995-05-14;6;10.4;7.5;0.1;141.6;567.6
22;1995-05-15;3.5;10.7;6.6;0.3;143.2;574.2
22;1995-05-16;3.5;12.2;7.8;0.3;146;582
22;1995-05-17;-0.7;12.3;6.1;0;147.1;588.1
22;1995-05-18;6.2;10.3;7.9;5.4;150;596
22;1995-05-19;3.3;12.9;8.6;0.2;153.6;604.6
22;1995-05-20;6.3;13.8;10.2;0;158.8;614.8
22;1995-05-21;4.9;11.6;8;1.3;161.8;622.8
22;1995-05-22;4.7;14.1;9.1;0;165.9;631.9
22;1995-05-23;4;17.5;11.6;0;172.5;643.5
22;1995-05-24;5.6;18.8;12.7;0;180.2;656.2
22;1995-05-25;8.8;18.5;13.3;0;188.5;669.5
22;1995-05-26;6.9;17.1;11.8;0;195.3;681.3
22;1995-05-27;5.4;21.2;13;0.4;203.3;694.3
22;1995-05-28;11.5;20.7;15.7;11;214;710
22;1995-05-29;12.6;21.5;17.5;0;226.5;727.5
22;1995-05-30;11.1;17.5;14.4;2.1;235.9;741.9
22;1995-05-31;11.5;16.9;14;0;244.9;755.9
22;1995-06-01;11.8;13.7;12.1;0;252;768
22;1995-06-02;10;11.5;10.7;0;257.7;778.7
22;1995-06-03;7.7;16.3;12.4;3.1;265.1;791.1
22;1995-06-04;5.4;19.7;13.6;0;273.7;804.7
22;1995-06-05;9.3;18;13.9;0;282.6;818.6
22;1995-06-06;8.3;17.4;13;0.1;290.6;831.6
22;1995-06-07;8.6;14.9;11.9;0.3;297.5;843.5
22;1995-06-08;9.4;14.9;12;11;304.5;855.5
22;1995-06-09;10.2;15.1;12;1;311.5;867.5
22;1995-06-10;7.5;15.1;11.4;0.1;317.9;878.9
22;1995-06-11;9.3;16.4;12.6;0.1;325.5;891.5
22;1995-06-12;5.2;16.7;12.1;0;332.6;903.6
22;1995-06-13;8;15.9;12.1;9.8;339.7;915.7
22;1995-06-14;11.3;16.1;13.4;10.4;348.1;929.1
22;1995-06-15;10.9;14.8;12.5;0;355.6;941.6
22;1995-06-16;10.2;15.9;12.9;0;363.5;954.5
22;1995-06-17;10.1;14.9;12.4;1;370.9;966.9
22;1995-06-18;11.5;16.9;13.7;1.4;379.6;980.6
22;1995-06-19;9.8;17.5;13.6;0.6;388.2;994.2
22;1995-06-20;9.3;18.9;14.5;0;397.7;1008.7
22;1995-06-21;11.9;20.6;15.1;0.5;407.8;1023.8
22;1995-06-22;10.7;14.1;11.6;0.6;414.4;1035.4
22;1995-06-23;9.5;17.3;13.6;1.9;423;1049
22;1995-06-24;9.3;22.4;15.8;0;433.8;1064.8
22;1995-06-25;12.3;25.4;19.5;0;448.3;1084.3
22;1995-06-26;11.1;27.6;20.3;0;463.6;1104.6
22;1995-06-27;13.9;23.1;18.5;0;477.1;1123.1
22;1995-06-28;8.9;26.1;18.4;0;490.5;1141.5
22;1995-06-29;13.7;22.6;17.5;0.1;503;1159
22;1995-06-30;10.8;21.9;16.2;0.1;514.2;1175.2
22;1995-07-01;11.4;17.1;14.1;0;523.3;1189.3
22;1995-07-02;5.1;19.3;13.7;0.2;532;1203
22;1995-07-03;11.8;21.3;14.9;0;541.9;1217.9
22;1995-07-04;10.8;15.6;12.6;2.5;549.5;1230.5
22;1995-07-05;10.6;16.7;13;2.2;557.5;1243.5
22;1995-07-06;11.2;22.2;16.4;0.1;568.9;1259.9
22;1995-07-07;13.2;23.5;18.7;0;582.6;1278.6
22;1995-07-08;9.2;23.2;17.7;0.1;595.3;1296.3
22;1995-07-09;13;25.2;19;0;609.3;1315.3
22;1995-07-10;13.2;22.6;17.4;0;621.7;1332.7
22;1995-07-11;8.8;22.5;16.3;0;633;1349
22;1995-07-12;11.5;24.7;18.5;0;646.5;1367.5
22;1995-07-13;15.8;27.4;21.2;0;662.7;1388.7
22;1995-07-14;17.5;25.5;19.8;0.1;677.5;1408.5
22;1995-07-15;13.7;25.2;19.2;0.1;691.7;1427.7
22;1995-07-16;11.7;23.9;18;0.1;704.7;1445.7
22;1995-07-17;13.4;22.5;17.8;0.3;717.5;1463.5
22;1995-07-18;15.4;20.9;17.4;0;729.9;1480.9
22;1995-07-19;14.6;22.8;18.2;1.9;743.1;1499.1
22;1995-07-20;13.4;25.5;19.8;0;757.9;1518.9
22;1995-07-21;16.2;27.8;22.6;0;775.5;1541.5
22;1995-07-22;15.6;21;17.8;5.1;788.3;1559.3
22;1995-07-23;11.8;20;15.7;0;799;1575
22;1995-07-24;11.7;22.6;17.3;0;811.3;1592.3
22;1995-07-25;11.7;20.3;15.6;0;821.9;1607.9
22;1995-07-26;7.3;24.6;17.1;0;834;1625
22;1995-07-27;14.5;23;18.8;0;847.8;1643.8
22;1995-07-28;15.9;26.1;20.9;0;863.7;1664.7
22;1995-07-29;12.8;28.3;21.3;0.1;880;1686
22;1995-07-30;12.2;29.4;21.8;0;896.8;1707.8
22;1995-07-31;12.2;29.3;21.6;0;913.4;1729.4
22;1995-08-01;14.7;27.1;21.2;0;929.6;1750.6
22;1995-08-02;12.9;29.2;21.6;0;946.2;1772.2
22;1995-08-03;15.1;27.4;20.8;0;962;1793
22;1995-08-04;17.2;25.1;20.3;0;977.3;1813.3
22;1995-08-05;14.1;27.1;21;0;993.3;1834.3
22;1995-08-06;12.2;28.7;21.3;0;1009.6;1855.6
22;1995-08-07;14.2;23;18;0;1022.6;1873.6
22;1995-08-08;9.8;22.7;16.6;0;1034.2;1890.2
22;1995-08-09;5.9;22.2;16;0;1045.2;1906.2
22;1995-08-10;10.9;24.1;17.5;0;1057.7;1923.7
22;1995-08-11;12;27.2;20.2;0;1072.9;1943.9
22;1995-08-12;11;28.4;21;0;1088.9;1964.9
22;1995-08-13;17.6;27.4;21.7;0;1105.6;1986.6
22;1995-08-14;14.8;21.5;18;0;1118.6;2004.6
22;1995-08-15;14.6;21.8;18.1;0;1131.7;2022.7
22;1995-08-16;14.5;23.3;18.6;0;1145.3;2041.3
22;1995-08-17;11.4;25.7;19.8;0;1160.1;2061.1
22;1995-08-18;10.9;27.8;20.2;0;1175.3;2081.3
22;1995-08-19;12;29.3;21.6;0;1191.9;2102.9
22;1995-08-20;11.6;27;20.2;0;1207.1;2123.1
22;1995-08-21;14.6;26.6;21;0;1223.1;2144.1
22;1995-08-22;14.4;27.1;20.9;0;1239;2165
22;1995-08-23;14;29.5;21.8;0;1255.8;2186.8
22;1995-08-24;17;22.2;19;5.1;1269.8;2205.8
22;1995-08-25;15.6;20.3;17.6;1;1282.4;2223.4
22;1995-08-26;14.9;20.1;16.6;2.8;1294;2240
22;1995-08-27;12.5;18.5;14.4;0;1303.4;2254.4
22;1995-08-28;8;20.2;14;0.4;1312.4;2268.4
22;1995-08-29;9.8;18.2;13.5;0.3;1320.9;2281.9
22;1995-08-30;7.4;17.3;12.9;3;1328.8;2294.8
22;1995-08-31;7.8;18.4;14.5;0;1338.3;2309.3
22;1995-09-01;12.3;18.1;14.8;0;1348.1;2324.1
22;1995-09-02;11.4;20.1;14.7;0;1357.8;2338.8
22;1995-09-03;11;16.4;13.8;0.4;1366.6;2352.6
22;1995-09-04;13.1;18;14.3;3.9;1375.9;2366.9
22;1995-09-05;9.5;18.1;14.1;24.9;1385;2381
22;1995-09-06;10;19.9;15.1;0.7;1395.1;2396.1
22;1995-09-07;9.2;20.6;15.8;0;1405.9;2411.9
22;1995-09-08;12.3;19.7;17.3;0;1418.2;2429.2
22;1995-09-09;15.7;17.3;15.9;0;1429.1;2445.1
22;1995-09-10;14;19.1;15.8;13.8;1439.9;2460.9
22;1995-09-11;12.4;20.2;16.2;0;1451.1;2477.1
22;1995-09-12;14.4;19.6;16.1;5.4;1462.2;2493.2
22;1995-09-13;7.9;20.7;14.4;0;1471.6;2507.6
22;1995-09-14;10;16.5;15.5;1.5;1482.1;2523.1
22;1995-09-15;11.4;18;14.4;8.2;1491.5;2537.5
22;1995-09-16;9.8;15.3;12.9;0;1499.4;2550.4
22;1995-09-17;11.3;13.6;12.7;0.4;1507.1;2563.1
22;1995-09-18;10.5;13;11.9;2.3;1514;2575
22;1995-09-19;11.1;14.7;12.7;0;1521.7;2587.7
22;1995-09-20;7.5;16.2;11.6;0;1528.3;2599.3
22;1995-09-21;6.8;17;11.8;0;1535.1;2611.1
22;1995-09-22;7.5;17.9;13.1;0;1543.2;2624.2
22;1995-09-23;9;17.5;14.1;0;1552.3;2638.3
22;1995-09-24;9.8;16.7;13.2;0;1560.5;2651.5
22;1995-09-25;11.2;16;13.2;0.2;1568.7;2664.7
22;1995-09-26;11.7;14.4;12.5;1.6;1576.2;2677.2
22;1995-09-27;7.7;13.4;10.2;7.1;1581.4;2687.4
22;1995-09-28;7.2;11.5;9.3;7.5;1585.7;2696.7
22;1995-09-29;6.5;10.3;7.8;0;1588.5;2704.5
22;1995-09-30;5.2;10.8;7.2;1.4;1590.7;2711.7
22;1995-10-01;1.7;10.4;7.5;0;1593.2;2719.2
22;1995-10-02;4;15.5;11.6;4.2;1599.8;2730.8
22;1995-10-03;8.2;16.1;12;0;1606.8;2742.8
22;1995-10-04;9;17.3;14.9;0;1616.7;2757.7
22;1995-10-05;13.2;19.4;15.6;0;1627.3;2773.3
22;1995-10-06;11.2;15.5;12.8;2.7;1635.1;2786.1
22;1995-10-07;11.6;15.3;13.7;0;1643.8;2799.8
22;1995-10-08;12.7;17.1;15.2;2;1654;2815
22;1995-10-09;11.1;20.6;15.4;0;1664.4;2830.4
22;1995-10-10;9;20.3;14.5;0;1673.9;2844.9
22;1995-10-11;10.1;17.7;13.3;0;1682.2;2858.2
22;1995-10-12;7.9;14.1;11.9;0;1689.1;2870.1
22;1995-10-13;9.6;14.5;13.7;0;1697.8;2883.8
22;1995-10-14;12.6;14.3;13.3;0;1706.1;2897.1
22;1995-10-15;12.4;14.2;13.1;0;1714.2;2910.2
22;1995-10-16;8.3;15.7;12.4;0;1721.6;2922.6
22;1995-10-17;11.1;15.1;13.1;0;1729.7;2935.7
22;1995-10-18;10.9;15;12.5;0.5;1737.2;2948.2
22;1995-10-19;10.2;14.3;12.4;0;1744.6;2960.6
22;1995-10-20;10;12.4;10.6;0.2;1750.2;2971.2
22;1995-10-21;5.5;10.4;6.8;0;1752;2978
22;1995-10-22;-1.8;9.3;4.4;0;1752;2982.4
22;1995-10-23;-1.7;11.5;7.7;0;1754.7;2990.1
22;1995-10-24;4.9;14.3;10.6;0;1760.3;3000.7
22;1995-10-25;6.5;12.5;10;0;1765.3;3010.7
22;1995-10-26;7.3;12.9;10.6;1.3;1770.9;3021.3
22;1995-10-27;8.4;14.6;12.6;1.2;1778.5;3033.9
22;1995-10-28;8.4;12.6;9.2;0.9;1782.7;3043.1
22;1995-10-29;-0.7;11.3;4.8;0;1782.7;3047.9
22;1995-10-30;0.1;11.4;6;0;1783.7;3053.9
22;1995-10-31;2.6;11.2;8.4;0;1787.1;3062.3
22;1995-11-01;6.1;8.4;6.2;11.5;1788.3;3068.5
22;1995-11-02;-1.2;6.3;2.7;3.7;1788.3;3071.2
22;1995-11-03;-1.1;6.1;2;6.3;1788.3;3073.2
22;1995-11-04;-0.8;2.2;0.4;1.8;1788.3;3073.6
22;1995-11-05;-3.7;6.2;1.7;0;1788.3;3075.3
22;1995-11-06;-3;10.5;8.7;0.8;1792;3084
22;1995-11-07;-0.8;8;2.3;0;1792;3086.3
22;1995-11-08;-3;5.2;1.8;0;1792;3088.1
22;1995-11-09;0.5;8.7;6.3;1.9;1793.3;3094.4
22;1995-11-10;3.2;9.3;8.1;0.6;1796.4;3102.5
22;1995-11-11;7.4;9.2;8.1;0;1799.5;3110.6
22;1995-11-12;6.6;8.3;6.5;0;1801;3117.1
22;1995-11-13;-1.2;5.4;1.3;0;1801;3118.4
22;1995-11-14;-3.1;2.5;0.7;0;1801;3119.1
22;1995-11-15;0.1;8.7;6;0;1802;3125.1
22;1995-11-16;4.2;9.1;6.9;1.2;1803.9;3132
22;1995-11-17;-0.5;8.4;0.1;2.9;1803.9;3132.1
22;1995-11-18;-2;3.2;0.3;6;1803.9;3132.4
22;1995-11-19;-2.1;3.4;1.9;0;1803.9;3134.3
22;1995-11-20;-1.8;2.6;-0.1;0;1803.9;3134.3
22;1995-11-21;-2.2;3;1.9;0;1803.9;3136.2
22;1995-11-22;-0.7;2.8;0.8;0;1803.9;3137
22;1995-11-23;-0.7;7.8;5.5;0;1804.4;3142.5
22;1995-11-24;4.2;8.1;7.5;0;1806.9;3150
22;1995-11-25;5;6.6;4.9;0;1806.9;3154.9
22;1995-11-26;3.3;4.8;4.1;0;1806.9;3159
22;1995-11-27;3;5.9;4.3;0;1806.9;3163.3
22;1995-11-28;1.5;7.1;5.4;0;1807.3;3168.7
22;1995-11-29;4.2;6.2;4.3;0;1807.3;3173
22;1995-11-30;0.1;3.3;1.2;0;1807.3;3174.2
22;1995-12-01;-2.5;2.3;-0.3;0;1807.3;3174.2
22;1995-12-02;-2.5;1.4;-1;0;1807.3;3174.2
22;1995-12-03;-3.5;1.8;0.7;0;1807.3;3174.9
22;1995-12-04;0.1;1.9;0.2;0;1807.3;3175.1
22;1995-12-05;-1.9;1.7;-0.5;0;1807.3;3175.1
22;1995-12-06;-1.7;2.2;1.4;2.2;1807.3;3176.5
22;1995-12-07;-1.7;0.9;-1;0;1807.3;3176.5
22;1995-12-08;-2.6;0.2;-0.7;4;1807.3;3176.5
22;1995-12-09;-1.2;1.3;0.3;0;1807.3;3176.8
22;1995-12-10;-1.3;4.5;1.3;0;1807.3;3178.1
22;1995-12-11;-1.3;5.8;3.9;0;1807.3;3182
22;1995-12-12;0.1;1.6;1.1;0;1807.3;3183.1
22;1995-12-13;-0.1;2;0.7;0;1807.3;3183.8
22;1995-12-14;-3.3;-0.4;-2.6;0;1807.3;3183.8
22;1995-12-15;-4.9;0.7;-1.3;0;1807.3;3183.8
22;1995-12-16;-2.9;-0.6;-2;0;1807.3;3183.8
22;1995-12-17;-6.6;-1;-4;0;1807.3;3183.8
22;1995-12-18;-6.6;0.8;-0.5;0;1807.3;3183.8
22;1995-12-19;-1;0.7;-0.2;0;1807.3;3183.8
22;1995-12-20;-4.9;0.7;-2.3;0;1807.3;3183.8
22;1995-12-21;-7.2;-0.9;-3.4;0;1807.3;3183.8
22;1995-12-22;-6.1;-0.4;-1.8;0;1807.3;3183.8
22;1995-12-23;-3;0.9;-0.2;12.7;1807.3;3183.8
22;1995-12-24;-6;-1.4;-5.6;0;1807.3;3183.8
22;1995-12-25;-11.2;-1.8;-4.9;0;1807.3;3183.8
22;1995-12-26;-7.8;-3.2;-6.1;0.2;1807.3;3183.8
22;1995-12-27;-14.2;-3.2;-7.9;0;1807.3;3183.8
22;1995-12-28;-12.6;-2;-2.9;1.5;1807.3;3183.8
22;1995-12-29;-9.4;-3.3;-5.9;0.6;1807.3;3183.8
22;1995-12-30;-11.9;-3.7;-7.7;0;1807.3;3183.8
22;1995-12-31;-12.6;-2.8;-5.8;0;1807.3;3183.8
22;1996-01-01;-8.2;-0.5;-1.5;0;0;0
22;1996-01-02;-2.2;-0.4;-1.7;0;0;0
22;1996-01-03;-5.9;-2.5;-4.4;0;0;0
22;1996-01-04;-7.5;-4.8;-7.7;0;0;0
22;1996-01-05;-10;-1.9;-5.3;0;0;0
22;1996-01-06;-7.4;1.1;-0.5;0;0;0
22;1996-01-07;-2.2;0.1;-1.2;0;0;0
22;1996-01-08;-2.2;2.3;0.8;1;0;0.8
22;1996-01-09;0.4;2.6;1.5;0;0;2.3
22;1996-01-10;0.3;0.7;0.3;0;0;2.6
22;1996-01-11;-0.1;1.8;0.8;0;0;3.4
22;1996-01-12;0.1;2.2;0.8;0.9;0;4.2
22;1996-01-13;-0.1;1.1;0.1;0;0;4.3
22;1996-01-14;-1.6;0.5;-0.4;0;0;4.3
22;1996-01-15;-0.6;0;-0.8;0;0;4.3
22;1996-01-16;-1.3;-0.8;-1.1;0;0;4.3
22;1996-01-17;-1.6;-0.9;-1.2;0;0;4.3
22;1996-01-18;-1.7;-1.1;-1.5;0;0;4.3
22;1996-01-19;-2.2;0.6;-0.6;0;0;4.3
22;1996-01-20;-2.7;0.6;-0.5;0;0;4.3
22;1996-01-21;-2.7;-0.2;-0.6;0;0;4.3
22;1996-01-22;-2;-0.4;-1.8;0.1;0;4.3
22;1996-01-23;-4.5;-2.1;-3.4;0;0;4.3
22;1996-01-24;-4.8;-2;-3.5;0;0;4.3
22;1996-01-25;-4.7;-2.4;-3.3;0.8;0;4.3
22;1996-01-26;-5.8;-2.9;-4;2.4;0;4.3
22;1996-01-27;-5;-1.3;-3.8;0;0;4.3
22;1996-01-28;-13.4;-4.3;-8.9;0;0;4.3
22;1996-01-29;-11.3;-0.9;-5.8;0;0;4.3
22;1996-01-30;-7.2;0.4;-0.2;0;0;4.3
22;1996-01-31;-2.2;-0.4;-1.8;0;0;4.3
22;1996-02-01;-3.2;-2;-3.5;0;0;4.3
22;1996-02-02;-5.7;-2.1;-3.8;0;0;4.3
22;1996-02-03;-5.2;-0.2;-2.3;0.2;0;4.3
22;1996-02-04;-5.3;-0.7;-3.4;0;0;4.3
22;1996-02-05;-13;-3.6;-7.8;0;0;4.3
22;1996-02-06;-13;-4;-7.6;0;0;4.3
22;1996-02-07;-11.9;-4.7;-8.1;0;0;4.3
22;1996-02-08;-11.9;-5.2;-6.6;0;0;4.3
22;1996-02-09;-12.1;-5.8;-8.4;0;0;4.3
22;1996-02-10;-11.7;-5.5;-7.4;0;0;4.3
22;1996-02-11;-8.4;-3.9;-5.6;0;0;4.3
22;1996-02-12;-6.6;0.7;-1;3;0;4.3
22;1996-02-13;-2;1.7;0.6;1;0;4.9
22;1996-02-14;-1.5;0.7;-1.9;0;0;4.9
22;1996-02-15;-7.3;1.6;-2;0;0;4.9
22;1996-02-16;-2.7;4;2.9;2.6;0;7.8
22;1996-02-17;1.5;2.8;0.4;5;0;8.2
22;1996-02-18;-2.7;-0.6;-1.8;0;0;8.2
22;1996-02-19;-2.5;0;-2.6;15;0;8.2
22;1996-02-20;-6.5;-3.1;-5.2;1;0;8.2
22;1996-02-21;-6.7;-5;-5.6;0.3;0;8.2
22;1996-02-22;-7.6;-3;-5;1;0;8.2
22;1996-02-23;-14.9;-1.7;-6.5;0;0;8.2
22;1996-02-24;-14.7;-3.2;-5.2;0;0;8.2
22;1996-02-25;-7.6;2.4;-1.6;0;0;8.2
22;1996-02-26;-3.2;3.2;2.5;1.8;0;10.7
22;1996-02-27;-0.5;1.9;-0.1;0.3;0;10.7
22;1996-02-28;-2.2;-1;-1.8;0;0;10.7
22;1996-02-29;-3.3;2.7;-0.5;0;0;10.7
22;1996-03-01;-1.9;2.9;0.6;0;0;11.3
22;1996-03-02;-1.9;2.8;0;0;0;11.3
22;1996-03-03;-5.3;0.3;-2.2;0;0;11.3
22;1996-03-04;-4.9;0.4;-1.5;0;0;11.3
22;1996-03-05;-4.9;0.3;-1.3;0;0;11.3
22;1996-03-06;-2.3;0.6;-0.3;0;0;11.3
22;1996-03-07;-0.9;2.8;0.4;0.4;0;11.7
22;1996-03-08;-2;1.9;-0.5;0;0;11.7
22;1996-03-09;-3;1.1;-0.9;0;0;11.7
22;1996-03-10;-2.9;1.3;-0.8;0;0;11.7
22;1996-03-11;-2.5;0.5;-1.4;0;0;11.7
22;1996-03-12;-5.4;-0.4;-2.6;0.2;0;11.7
22;1996-03-13;-4.5;-0.7;-1.4;0;0;11.7
22;1996-03-14;-2.1;-0.2;-0.7;0.1;0;11.7
22;1996-03-15;-1.1;2;0.1;0;0;11.8
22;1996-03-16;-0.8;1.8;0.2;0;0;12
22;1996-03-17;-0.8;0.5;0;0;0;12
22;1996-03-18;-0.7;1;-0.1;0;0;12
22;1996-03-19;-1.9;3.9;0.4;0;0;12.4
22;1996-03-20;-2.5;4.7;0.7;0;0;13.1
22;1996-03-21;-2.2;2.5;0;0;0;13.1
22;1996-03-22;-1.8;3.8;1.1;0;0;14.2
22;1996-03-23;-0.3;3;1.1;0;0;15.3
22;1996-03-24;0;3.1;1.6;1.9;0;16.9
22;1996-03-25;-1.1;4.8;1;0;0;17.9
22;1996-03-26;-1.9;3.7;0;0;0;17.9
22;1996-03-27;-1.6;4.7;1.5;0;0;19.4
22;1996-03-28;-0.8;1.8;0.6;0.5;0;20
22;1996-03-29;-0.3;2.6;1;3;0;21
22;1996-03-30;0.1;2.4;0.7;1.5;0;21.7
22;1996-03-31;-1;1.7;-0.2;0.6;0;21.7
22;1996-04-01;-1.1;1.8;0;0;0;21.7
22;1996-04-02;-2.8;4.7;0.3;0;0;22
22;1996-04-03;-2.5;6.7;1.8;0;0;23.8
22;1996-04-04;-2;7.6;2.4;0;0;26.2
22;1996-04-05;-1.7;9.6;3.9;0;0;30.1
22;1996-04-06;-0.2;11.1;5.9;0;0.9;36
22;1996-04-07;1.6;12.1;6.5;0;2.4;42.5
22;1996-04-08;1;14.5;7.1;0;4.5;49.6
22;1996-04-09;1.7;7.5;4.2;0;4.5;53.8
22;1996-04-10;2.2;7.8;5.4;0;4.9;59.2
22;1996-04-11;0.6;5.1;2.2;0.4;4.9;61.4
22;1996-04-12;-2.9;3.6;0.3;0;4.9;61.7
22;1996-04-13;0.1;9;4.2;0;4.9;65.9
22;1996-04-14;-1.1;11.5;5.1;0;5;71
22;1996-04-15;-1.5;11.4;5.7;0;5.7;76.7
22;1996-04-16;-1.1;13.7;7.5;0;8.2;84.2
22;1996-04-17;1;15.5;8.6;0;11.8;92.8
22;1996-04-18;2.6;16.7;9.8;0;16.6;102.6
22;1996-04-19;4.3;18.1;11.5;0;23.1;114.1
22;1996-04-20;6.4;21.5;13.9;0;32;128
22;1996-04-21;8.7;23.5;16.1;0;43.1;144.1
22;1996-04-22;9;25.3;17.6;0;55.7;161.7
22;1996-04-23;12.5;26.2;18.6;0;69.3;180.3
22;1996-04-24;10.7;14.6;11.9;12.4;76.2;192.2
22;1996-04-25;6.8;13.2;10.1;0.7;81.3;202.3
22;1996-04-26;6.8;10.9;8.2;0.5;84.5;210.5
22;1996-04-27;0.3;12.7;8.2;0.5;87.7;218.7
22;1996-04-28;7.1;13.8;9.9;1;92.6;228.6
22;1996-04-29;3.4;8.5;6.2;0;93.8;234.8
22;1996-04-30;0.9;11.1;6.5;0;95.3;241.3
22;1996-05-01;0.9;13.9;7.8;0;98.1;249.1
22;1996-05-02;4.7;10.4;7.7;0;100.8;256.8
22;1996-05-03;6.6;13.8;9.4;0.9;105.2;266.2
22;1996-05-04;7.1;10.1;8;0.7;108.2;274.2
22;1996-05-05;4.9;8.8;6.5;0.7;109.7;280.7
22;1996-05-06;4.2;11.5;7.6;0;112.3;288.3
22;1996-05-07;3;11.1;6.5;0;113.8;294.8
22;1996-05-08;0.1;12.8;7.1;0;115.9;301.9
22;1996-05-09;2.5;12.6;8.5;0;119.4;310.4
22;1996-05-10;5.5;7.9;6.2;0;120.6;316.6
22;1996-05-11;5;9.2;7.2;0.3;122.8;323.8
22;1996-05-12;5.9;11;9.3;0;127.1;333.1
22;1996-05-13;7.7;18.8;13.1;0.1;135.2;346.2
22;1996-05-14;7.6;21;13.8;0;144;360
22;1996-05-15;6.5;12.6;9;0;148;369
22;1996-05-16;6.1;10.3;7.5;0;150.5;376.5
22;1996-05-17;1.6;8.1;5.8;0;151.3;382.3
22;1996-05-18;5.8;10.5;8;10;154.3;390.3
22;1996-05-19;7.5;10.7;9.2;7.5;158.5;399.5
22;1996-05-20;7.2;8.8;7.9;1;161.4;407.4
22;1996-05-21;5.9;12.6;8.6;12.1;165;416
22;1996-05-22;1;13.6;8.2;0;168.2;424.2
22;1996-05-23;4.4;13.2;10;0;173.2;434.2
22;1996-05-24;7;15;11;1.8;179.2;445.2
22;1996-05-25;10.3;15.3;11.9;6.5;186.1;457.1
22;1996-05-26;7.7;15.2;11.1;0;192.2;468.2
22;1996-05-27;6.4;10.8;8.7;0.1;195.9;476.9
22;1996-05-28;5.9;13.9;9.5;2.6;200.4;486.4
22;1996-05-29;5.3;12.1;9.2;0;204.6;495.6
22;1996-05-30;8.4;15.9;12.8;1.4;212.4;508.4
22;1996-05-31;10.9;23.9;16.8;0;224.2;525.2
22;1996-06-01;8.1;14.8;11.5;0;230.7;536.7
22;1996-06-02;5.5;15.7;11.6;1.6;237.3;548.3
22;1996-06-03;9.3;15.4;11.6;0;243.9;559.9
22;1996-06-04;7.2;18.3;13.3;1.7;252.2;573.2
22;1996-06-05;6.1;19.3;13.9;0;261.1;587.1
22;1996-06-06;11.3;24.1;18.4;0;274.5;605.5
22;1996-06-07;10.7;27;20.3;0;289.8;625.8
22;1996-06-08;16.3;29.3;22.3;0;307.1;648.1
22;1996-06-09;16.2;21.8;18.5;0.2;320.6;666.6
22;1996-06-10;14.5;21.2;17.3;1.8;332.9;683.9
22;1996-06-11;9.8;23.5;17.7;0;345.6;701.6
22;1996-06-12;15.2;19;15.7;0;356.3;717.3
22;1996-06-13;9.6;14.8;11.9;0;363.2;729.2
22;1996-06-14;8.7;17.6;12.6;0;370.8;741.8
22;1996-06-15;4.5;18;12;0;377.8;753.8
22;1996-06-16;9.6;18;14.1;0;386.9;767.9
22;1996-06-17;9.1;14.7;12.3;0;394.2;780.2
22;1996-06-18;8.5;13.9;11.4;0;400.6;791.6
22;1996-06-19;10.3;11.8;10.8;0.7;406.4;802.4
22;1996-06-20;8.6;11.4;9.8;0;411.2;812.2
22;1996-06-21;5.9;14.5;10.3;0.1;416.5;822.5
22;1996-06-22;6.4;13.4;10.7;1.6;422.2;833.2
22;1996-06-23;9.7;15.5;11.8;0;429;845
22;1996-06-24;7.4;18.6;12.2;0;436.2;857.2
22;1996-06-25;6.8;17.8;13;0;444.2;870.2
22;1996-06-26;10;16.8;12.5;0;451.7;882.7
22;1996-06-27;10;18.9;13.6;0;460.3;896.3
22;1996-06-28;8.9;18.4;13.4;0;468.7;909.7
22;1996-06-29;11.6;16;13.6;1.5;477.3;923.3
22;1996-06-30;11.2;15.6;12.3;1.9;484.6;935.6
22;1996-07-01;10.3;17.2;12.8;0;492.4;948.4
22;1996-07-02;10.6;15.9;12.5;0.3;499.9;960.9
22;1996-07-03;9.3;16.9;13.7;0.1;508.6;974.6
22;1996-07-04;12.3;18.4;14.5;9.5;518.1;989.1
22;1996-07-05;11.2;18.8;15.1;8.4;528.2;1004.2
22;1996-07-06;11.7;16.3;13.5;0;536.7;1017.7
22;1996-07-07;7.8;17.6;13.2;0;544.9;1030.9
22;1996-07-08;5.1;18.9;13;0;552.9;1043.9
22;1996-07-09;9.6;17.3;13.6;0;561.5;1057.5
22;1996-07-10;10.2;19.5;14.4;0;570.9;1071.9
22;1996-07-11;12.3;19.5;16;0;581.9;1087.9
22;1996-07-12;12.9;19.1;15;0;591.9;1102.9
22;1996-07-13;8.4;18.4;14.2;0;601.1;1117.1
22;1996-07-14;11.8;19.9;16.6;0;612.7;1133.7
22;1996-07-15;11.6;16.5;13.6;0;621.3;1147.3
22;1996-07-16;10.5;19.4;14.9;0;631.2;1162.2
22;1996-07-17;8.2;16.8;12.7;0;638.9;1174.9
22;1996-07-18;8.5;19.8;14;0;647.9;1188.9
22;1996-07-19;6.3;20.9;14.7;0;657.6;1203.6
22;1996-07-20;5.6;22;14.8;0;667.4;1218.4
22;1996-07-21;7.5;23.1;16.7;0;679.1;1235.1
22;1996-07-22;7.7;25;18;0;692.1;1253.1
22;1996-07-23;13.9;25.6;19.8;0;706.9;1272.9
22;1996-07-24;13.6;21.4;16.8;0;718.7;1289.7
22;1996-07-25;13.4;24.9;18.8;1.7;732.5;1308.5
22;1996-07-26;11.5;22;16.5;0;744;1325
22;1996-07-27;12.4;18.1;15.9;0;754.9;1340.9
22;1996-07-28;10.7;19.3;14.4;6.5;764.3;1355.3
22;1996-07-29;9.3;19.2;14.2;0;773.5;1369.5
22;1996-07-30;12;18.9;15.6;0.3;784.1;1385.1
22;1996-07-31;12.8;19.2;15.9;0.1;795;1401
22;1996-08-01;10.7;21.6;16.8;0;806.8;1417.8
22;1996-08-02;11.5;22;16.3;0.5;818.1;1434.1
22;1996-08-03;10.3;19.9;14.8;0;827.9;1448.9
22;1996-08-04;10.7;20.8;16;0;838.9;1464.9
22;1996-08-05;6.9;24.2;15.6;0;849.5;1480.5
22;1996-08-06;10.3;22.8;16.8;0;861.3;1497.3
22;1996-08-07;13.9;24.5;18.8;0;875.1;1516.1
22;1996-08-08;15.8;20.4;17.4;1.1;887.5;1533.5
22;1996-08-09;12.4;26.1;18.7;0.6;901.2;1552.2
22;1996-08-10;13.9;24.3;19;0;915.2;1571.2
22;1996-08-11;15.1;25.6;20.1;0;930.3;1591.3
22;1996-08-12;16.7;23.5;19.7;0;945;1611
22;1996-08-13;16.3;25.6;19.4;0;959.4;1630.4
22;1996-08-14;14.1;22.6;17.9;0;972.3;1648.3
22;1996-08-15;14.1;23.6;18.5;0.1;985.8;1666.8
22;1996-08-16;13.1;26.4;19.8;0;1000.6;1686.6
22;1996-08-17;11.4;24.9;18.5;0;1014.1;1705.1
22;1996-08-18;10.9;27.1;19.4;0;1028.5;1724.5
22;1996-08-19;10.8;27.1;19.2;0;1042.7;1743.7
22;1996-08-20;13.4;29;20.7;0;1058.4;1764.4
22;1996-08-21;15.3;29.2;21.7;0;1075.1;1786.1
22;1996-08-22;15.1;28;21;0;1091.1;1807.1
22;1996-08-23;14.5;27.3;20.5;0;1106.6;1827.6
22;1996-08-24;17.3;21.5;18.6;9.5;1120.2;1846.2
22;1996-08-25;13.1;22.6;17.4;0;1132.6;1863.6
22;1996-08-26;11.2;23.3;17;0;1144.6;1880.6
22;1996-08-27;8.9;23.9;17;0;1156.6;1897.6
22;1996-08-28;13.3;22.8;18.5;0.1;1170.1;1916.1
22;1996-08-29;14.2;19.8;16.9;16;1182;1933
22;1996-08-30;13.4;17.7;15.9;0;1192.9;1948.9
22;1996-08-31;13;18.2;15.1;5;1203;1964
22;1996-09-01;11.3;18.7;14.5;0;1212.5;1978.5
22;1996-09-02;9.6;19.4;14.2;0;1221.7;1992.7
22;1996-09-03;6.6;20.4;14;0;1230.7;2006.7
22;1996-09-04;10.7;22.2;16.1;0;1241.8;2022.8
22;1996-09-05;7.1;18.6;13;0;1249.8;2035.8
22;1996-09-06;7.3;15.8;11.4;0;1256.2;2047.2
22;1996-09-07;5;16.3;10.9;0;1262.1;2058.1
22;1996-09-08;7.2;18.5;13;0;1270.1;2071.1
22;1996-09-09;7.8;16.5;12.1;0;1277.2;2083.2
22;1996-09-10;3.7;17.3;10.9;0;1283.1;2094.1
22;1996-09-11;3.6;14.3;9.7;0;1287.8;2103.8
22;1996-09-12;8.2;15.4;11.7;9.5;1294.5;2115.5
22;1996-09-13;8.3;15;11.7;12;1301.2;2127.2
22;1996-09-14;5.9;16.5;10.8;0;1307;2138
22;1996-09-15;4.5;16.2;10.4;0.4;1312.4;2148.4
22;1996-09-16;5.1;17;11.2;0;1318.6;2159.6
22;1996-09-17;4.7;15.4;10.3;0;1323.9;2169.9
22;1996-09-18;6.4;15.7;10.9;0;1329.8;2180.8
22;1996-09-19;6.9;15.3;10.2;0;1335;2191
22;1996-09-20;5.4;15.8;10.4;0;1340.4;2201.4
22;1996-09-21;6.9;11.1;9.4;0;1344.8;2210.8
22;1996-09-22;6.4;12.5;9.2;0;1349;2220
22;1996-09-23;5.5;16.2;9.9;0;1353.9;2229.9
22;1996-09-24;6.7;15.5;10.2;0;1359.1;2240.1
22;1996-09-25;5.6;10.6;8.3;0;1362.4;2248.4
22;1996-09-26;2.6;14.7;8.7;1.8;1366.1;2257.1
22;1996-09-27;5.3;13.4;11.1;0;1372.2;2268.2
22;1996-09-28;9.8;15.4;12.2;6.5;1379.4;2280.4
22;1996-09-29;9.5;13.6;12;7;1386.4;2292.4
22;1996-09-30;11.5;16;13.4;17.7;1394.8;2305.8
22;1996-10-01;9.2;12;10.5;3;1400.3;2316.3
22;1996-10-02;6.1;14.2;9.6;0.8;1404.9;2325.9
22;1996-10-03;6.3;13.6;10.4;0.9;1410.3;2336.3
22;1996-10-04;6.3;14.2;11.4;0.5;1416.7;2347.7
22;1996-10-05;7.4;12.1;9.3;0;1421;2357
22;1996-10-06;1.4;14.1;7.9;0;1423.9;2364.9
22;1996-10-07;1.5;12.7;9.9;0;1428.8;2374.8
22;1996-10-08;6.5;12.8;10.3;0;1434.1;2385.1
22;1996-10-09;9.1;12.7;10.6;0;1439.7;2395.7
22;1996-10-10;7;12.6;9.3;0.6;1444;2405
22;1996-10-11;0.4;12.2;7;0;1446;2412
22;1996-10-12;0.7;12.6;10.3;0;1451.3;2422.3
22;1996-10-13;8.6;13.4;10.7;0;1457;2433
22;1996-10-14;6.6;14.9;11.1;0;1463.1;2444.1
22;1996-10-15;10.5;14.9;11.6;0;1469.7;2455.7
22;1996-10-16;7.4;11.8;10.7;0;1475.4;2466.4
22;1996-10-17;10.8;11.9;10.7;20;1481.1;2477.1
22;1996-10-18;6.1;12.4;9;3;1485.1;2486.1
22;1996-10-19;6.1;11.1;9.1;0;1489.2;2495.2
22;1996-10-20;7.3;12.7;9.8;1.3;1494;2505
22;1996-10-21;3.7;10.7;7.8;0;1496.8;2512.8
22;1996-10-22;5.4;11.8;9.9;5.5;1501.7;2522.7
22;1996-10-23;2.7;11.9;6.9;0;1503.6;2529.6
22;1996-10-24;2.8;11.2;7.8;0;1506.4;2537.4
22;1996-10-25;4.7;9.6;7.1;0;1508.5;2544.5
22;1996-10-26;4.7;9.1;7;0;1510.5;2551.5
22;1996-10-27;5.7;10.7;8.4;2.5;1513.9;2559.9
22;1996-10-28;5.9;12.4;11.3;9.1;1520.2;2571.2
22;1996-10-29;10.1;11.9;10;1.1;1525.2;2581.2
22;1996-10-30;7.1;9.4;8.3;8.1;1528.5;2589.5
22;1996-10-31;7.1;11.4;9.3;0.1;1532.8;2598.8
22;1996-11-01;7.7;11.3;9.1;2.9;1536.9;2607.9
22;1996-11-02;7.6;13.1;11.8;0.2;1543.7;2619.7
22;1996-11-03;11.5;13.4;12.7;0.8;1551.4;2632.4
22;1996-11-04;11.1;12.3;11.7;0.2;1558.1;2644.1
22;1996-11-05;10.3;11.6;10.2;4.4;1563.3;2654.3
22;1996-11-06;6.4;11.3;9.1;3.6;1567.4;2663.4
22;1996-11-07;7;10.1;7.1;3;1569.5;2670.5
22;1996-11-08;4;8.2;5.3;1.5;1569.8;2675.8
22;1996-11-09;2.9;7.5;5.8;0;1570.6;2681.6
22;1996-11-10;1.5;6.8;3.8;1.6;1570.6;2685.4
22;1996-11-11;1;7.6;6.1;3.5;1571.7;2691.5
22;1996-11-12;5.6;8.8;8;5;1574.7;2699.5
22;1996-11-13;4.2;8.1;4.8;3.1;1574.7;2704.3
22;1996-11-14;0.3;5.9;2.3;0;1574.7;2706.6
22;1996-11-15;-2.3;5.6;0.8;0;1574.7;2707.4
22;1996-11-16;-2.2;5.2;1.1;0;1574.7;2708.5
22;1996-11-17;-1.6;5.9;3.3;0.5;1574.7;2711.8
22;1996-11-18;2.2;5.3;4.3;0;1574.7;2716.1
22;1996-11-19;3.2;5.4;4;12;1574.7;2720.1
22;1996-11-20;1.6;5.6;4.3;1;1574.7;2724.4
22;1996-11-21;3.5;6.1;4.8;0.8;1574.7;2729.2
22;1996-11-22;2.2;5.4;3.6;5.6;1574.7;2732.8
22;1996-11-23;2.4;4.4;3.4;1;1574.7;2736.2
22;1996-11-24;0.6;4.5;2.2;0;1574.7;2738.4
22;1996-11-25;0.5;3;1.9;0;1574.7;2740.3
22;1996-11-26;1.2;3.5;2.5;0;1574.7;2742.8
22;1996-11-27;0.8;3;1.8;0;1574.7;2744.6
22;1996-11-28;0.1;0.6;0.1;0;1574.7;2744.7
22;1996-11-29;-0.9;1;-0.1;1;1574.7;2744.7
22;1996-11-30;-1.4;2.5;1.4;7;1574.7;2746.1
22;1996-12-01;0.9;2.8;1.9;0.2;1574.7;2748
22;1996-12-02;0;6.4;4.1;8.6;1574.7;2752.1
22;1996-12-03;3;5.2;4.4;1.6;1574.7;2756.5
22;1996-12-04;3.7;6.5;5.1;7.9;1574.8;2761.6
22;1996-12-05;3.2;5.3;4.5;0;1574.8;2766.1
22;1996-12-06;3.7;5.2;4.2;5.7;1574.8;2770.3
22;1996-12-07;2.8;4.2;3.5;0;1574.8;2773.8
22;1996-12-08;1.2;3.9;1.4;0;1574.8;2775.2
22;1996-12-09;0.2;0.8;0.1;0;1574.8;2775.3
22;1996-12-10;-0.9;1.6;0;0;1574.8;2775.3
22;1996-12-11;-0.4;2.2;0.7;0;1574.8;2776
22;1996-12-12;-0.6;0.7;0.1;0;1574.8;2776.1
22;1996-12-13;-0.5;2.8;0.5;0.2;1574.8;2776.6
22;1996-12-14;-3.5;2.8;0.3;0;1574.8;2776.9
22;1996-12-15;-0.1;5;0.4;3.2;1574.8;2777.3
22;1996-12-16;-4.5;1.2;-1.2;0.8;1574.8;2777.3
22;1996-12-17;-2.4;3;2.1;0.2;1574.8;2779.4
22;1996-12-18;1.4;3.5;2.5;0.5;1574.8;2781.9
22;1996-12-19;-1.5;0.1;-1.8;0.5;1574.8;2781.9
22;1996-12-20;-7.6;-3.7;-5.6;0;1574.8;2781.9
22;1996-12-21;-8.7;0;-3.9;0;1574.8;2781.9
22;1996-12-22;-8.8;0.1;-2.4;0;1574.8;2781.9
22;1996-12-23;-7.4;-3.4;-5.4;0;1574.8;2781.9
22;1996-12-24;-10.7;-0.4;-4.7;0;1574.8;2781.9
22;1996-12-25;-8.8;-2;-6.1;0;1574.8;2781.9
22;1996-12-26;-11.4;-3.8;-7.8;0;1574.8;2781.9
22;1996-12-27;-12.1;-2.5;-3.8;0;1574.8;2781.9
22;1996-12-28;-11.2;-3.2;-7;0;1574.8;2781.9
22;1996-12-29;-11.4;1;-1;0.5;1574.8;2781.9
22;1996-12-30;-3.6;-1.2;-2.5;0;1574.8;2781.9
22;1996-12-31;-5.5;-3.1;-5.3;0;1574.8;2781.9
22;1997-01-01;-12.8;-4.3;-9;0;0;0
22;1997-01-02;-13.6;-3.8;-5;0.5;0;0
22;1997-01-03;-7.8;-4.6;-6.8;0;0;0
22;1997-01-04;-9.2;-4;-6.9;0;0;0
22;1997-01-05;-9.8;-2.5;-5.8;0;0;0
22;1997-01-06;-10.4;-2.5;-5.1;0;0;0
22;1997-01-07;-12;-2.2;-4.4;0;0;0
22;1997-01-08;-6.8;-1.7;-2.3;0;0;0
22;1997-01-09;-4.6;-2.1;-4.6;0;0;0
22;1997-01-10;-11;-4.5;-7.2;0;0;0
22;1997-01-11;-11;-2;-5;0;0;0
22;1997-01-12;-10.2;-0.1;-4;0;0;0
22;1997-01-13;-6.3;2.6;1.5;0;0;1.5
22;1997-01-14;1.2;2.9;1.7;0;0;3.2
22;1997-01-15;-0.5;2.8;0.8;0;0;4
22;1997-01-16;-1.1;0.4;-1.1;0;0;4
22;1997-01-17;-4.3;-0.3;-2.6;0.1;0;4
22;1997-01-18;-4.3;2.1;0.2;0;0;4.2
22;1997-01-19;-1;2;1.3;0.2;0;5.5
22;1997-01-20;0.4;1.8;0.7;0.2;0;6.2
22;1997-01-21;-1.6;0.3;-1.2;0;0;6.2
22;1997-01-22;-2.3;1.3;-0.2;0;0;6.2
22;1997-01-23;-1.1;4.3;2.8;0;0;9
22;1997-01-24;-1;1.8;-0.1;0;0;9
22;1997-01-25;-0.7;0.9;0;0.5;0;9
22;1997-01-26;-2.4;1.5;-1.1;0;0;9
22;1997-01-27;-3.6;-1;-3;0;0;9
22;1997-01-28;-4.7;4.7;1.8;0;0;10.8
22;1997-01-29;-0.6;3.6;1.3;0;0;12.1
22;1997-01-30;0.5;4.8;3;0;0;15.1
22;1997-01-31;0;4.9;1.4;0;0;16.5
22;1997-02-01;-2.6;2.6;-0.8;0;0;16.5
22;1997-02-02;-5.4;1.1;-2.1;0;0;16.5
22;1997-02-03;-4.4;1.3;0.2;0.5;0;16.7
22;1997-02-04;-1.5;3.5;1.2;0.4;0;17.9
22;1997-02-05;0.2;4.2;2.1;4.6;0;20
22;1997-02-06;0.5;3.6;2.4;0;0;22.4
22;1997-02-07;1.8;4.9;4;0.5;0;26.4
22;1997-02-08;2;5.2;3.3;0.5;0;29.7
22;1997-02-09;0.3;4.6;2.5;0;0;32.2
22;1997-02-10;0.9;6.1;4.5;0.2;0;36.7
22;1997-02-11;3;5.5;4;1.3;0;40.7
22;1997-02-12;3;4.6;3.5;0;0;44.2
22;1997-02-13;2.9;6.6;5;7.3;0;49.2
22;1997-02-14;3;4.1;1;1.8;0;50.2
22;1997-02-15;-3.1;-1.6;-2.4;0.5;0;50.2
22;1997-02-16;-5.5;-2.7;-4.4;0;0;50.2
22;1997-02-17;-5.5;0.2;-2;0;0;50.2
22;1997-02-18;-3.6;4.6;2;6.1;0;52.2
22;1997-02-19;0.9;6.2;3.6;5.5;0;55.8
22;1997-02-20;0.7;6.7;4.2;4;0;60
22;1997-02-21;4.2;7.7;5.8;0.8;0.8;65.8
22;1997-02-22;2.3;7.1;4.8;0.5;0.8;70.6
22;1997-02-23;3.2;8.5;7;0;2.8;77.6
22;1997-02-24;5.7;9.1;6.9;0;4.7;84.5
22;1997-02-25;4;8.9;6.8;7.6;6.5;91.3
22;1997-02-26;3;7.1;4.4;0;6.5;95.7
22;1997-02-27;1.3;7.2;3.6;0;6.5;99.3
22;1997-02-28;2.1;8.1;5.3;0;6.8;104.6
22;1997-03-01;3.1;8.4;6;0;7.8;110.6
22;1997-03-02;3.1;10.1;7.7;0;10.5;118.3
22;1997-03-03;4.6;9;5.8;1;11.3;124.1
22;1997-03-04;3.1;9.9;5.4;0;11.7;129.5
22;1997-03-05;-1;9.5;4.5;0;11.7;134
22;1997-03-06;-0.4;8.8;6;0;12.7;140
22;1997-03-07;-2.4;9.4;3.5;0;12.7;143.5
22;1997-03-08;-2.4;10.2;6.7;0;14.4;150.2
22;1997-03-09;-1.3;10.1;3.5;0;14.4;153.7
22;1997-03-10;-1.6;11.1;4.3;0;14.4;158
22;1997-03-11;-1.5;6.3;3.1;0;14.4;161.1
22;1997-03-12;1.6;3.6;2.9;0;14.4;164
22;1997-03-13;1.6;10.6;6;0;15.4;170
22;1997-03-14;3.9;8.3;6.4;0.8;16.8;176.4
22;1997-03-15;4.1;6;4.3;3;16.8;180.7
22;1997-03-16;-0.9;3.7;1.7;1.5;16.8;182.4
22;1997-03-17;-0.9;4.4;1.1;0;16.8;183.5
22;1997-03-18;-4.5;2.1;-0.7;0;16.8;183.5
22;1997-03-19;-3.4;1.4;-0.5;6;16.8;183.5
22;1997-03-20;-5.6;2.5;-1.3;0.2;16.8;183.5
22;1997-03-21;-5.1;3.3;0.1;2.5;16.8;183.6
22;1997-03-22;-3.8;4.5;0.2;0.5;16.8;183.8
22;1997-03-23;-3.1;3.6;0.2;0;16.8;184
22;1997-03-24;-1.5;3;1.2;0;16.8;185.2
22;1997-03-25;-1.1;4;1.1;0;16.8;186.3
22;1997-03-26;-0.9;8.2;4.8;0;16.8;191.1
22;1997-03-27;2.1;10.5;6.8;2;18.6;197.9
22;1997-03-28;2.4;8.7;5.3;7;18.9;203.2
22;1997-03-29;2.8;7.8;4.6;0;18.9;207.8
22;1997-03-30;0.5;10.2;5.2;0;19.1;213
22;1997-03-31;1.6;13;7.6;0;21.7;220.6
22;1997-04-01;3.7;13.2;7.6;0;24.3;228.2
22;1997-04-02;4.4;13.6;8.4;0;27.7;236.6
22;1997-04-03;5.5;7.7;6;0;28.7;242.6
22;1997-04-04;1.3;7.8;4.1;4.4;28.7;246.7
22;1997-04-05;0.8;3.5;1;0;28.7;247.7
22;1997-04-06;-1.9;4.5;1.8;7.5;28.7;249.5
22;1997-04-07;-1.9;7.3;2.9;0;28.7;252.4
22;1997-04-08;0.1;6.2;4;0;28.7;256.4
22;1997-04-09;3.2;12.7;7.8;0;31.5;264.2
22;1997-04-10;4.4;9.1;6.8;0;33.3;271
22;1997-04-11;4.5;7.9;6;0.2;34.3;277
22;1997-04-12;2.1;6.1;3.7;0;34.3;280.7
22;1997-04-13;-2;7.6;3.8;0;34.3;284.5
22;1997-04-14;2.9;10.1;7.4;3.5;36.7;291.9
22;1997-04-15;1.5;7.9;4.6;0;36.7;296.5
22;1997-04-16;-1.9;9.9;4.8;0;36.7;301.3
22;1997-04-17;0;12.6;6.8;0;38.5;308.1
22;1997-04-18;4.5;7.7;5.4;0;38.9;313.5
22;1997-04-19;-0.7;6.6;2.8;0;38.9;316.3
22;1997-04-20;-3.5;7.8;3;0;38.9;319.3
22;1997-04-21;-1.2;7.5;3.4;0;38.9;322.7
22;1997-04-22;2.2;7.8;4.5;0;38.9;327.2
22;1997-04-23;0.1;8.6;4.4;0;38.9;331.6
22;1997-04-24;3.1;8.3;7;0.3;40.9;338.6
22;1997-04-25;4.2;10.1;6.6;4.2;42.5;345.2
22;1997-04-26;0;11.2;6.4;0;43.9;351.6
22;1997-04-27;1.2;14.1;8.3;0;47.2;359.9
22;1997-04-28;6.4;12.7;9.2;0;51.4;369.1
22;1997-04-29;7.4;13.9;10;7.7;56.4;379.1
22;1997-04-30;6.4;10.1;7.1;0.4;58.5;386.2
22;1997-05-01;2.7;16.7;9.7;0;63.2;395.9
22;1997-05-02;5.5;18.3;12.4;0;70.6;408.3
22;1997-05-03;6.3;12.5;8.5;0;74.1;416.8
22;1997-05-04;3.3;11.9;7.2;0;76.3;424
22;1997-05-05;5.9;13.8;11.7;6;83;435.7
22;1997-05-06;8.9;11.3;8.2;0.5;86.2;443.9
22;1997-05-07;3.5;10.2;6.1;9.3;87.3;450
22;1997-05-08;2.7;12.8;7.8;0.2;90.1;457.8
22;1997-05-09;2.9;12;6.8;0;91.9;464.6
22;1997-05-10;5.9;13;9.4;0.5;96.3;474
22;1997-05-11;7.3;18.1;12.4;2.4;103.7;486.4
22;1997-05-12;10.1;16.4;12.7;1.9;111.4;499.1
22;1997-05-13;6.8;18.8;13.2;0.4;119.6;512.3
22;1997-05-14;10.7;17.1;13.2;0;127.8;525.5
22;1997-05-15;11.1;18;13.6;0;136.4;539.1
22;1997-05-16;5.7;19.5;13.5;0;144.9;552.6
22;1997-05-17;10.9;18.6;14.1;0;154;566.7
22;1997-05-18;9;18.4;12.5;0.8;161.5;579.2
22;1997-05-19;8.2;17.3;11.3;0;167.8;590.5
22;1997-05-20;5.2;7.7;6.2;4.8;169;596.7
22;1997-05-21;4.8;6.4;5.6;9.3;169.6;602.3
22;1997-05-22;4.8;8.8;6.6;3.8;171.2;608.9
22;1997-05-23;4.4;11.7;8.2;0.2;174.4;617.1
22;1997-05-24;1.2;13.1;8.2;0;177.6;625.3
22;1997-05-25;3.2;13;9;0;181.6;634.3
22;1997-05-26;4.5;10.1;7.8;0;184.4;642.1
22;1997-05-27;8;11.7;9.7;9.4;189.1;651.8
22;1997-05-28;5.7;16;11.5;0.3;195.6;663.3
22;1997-05-29;7.4;13.3;9.5;0;200.1;672.8
22;1997-05-30;4.5;15.8;11;0;206.1;683.8
22;1997-05-31;3.4;17.3;11.1;0;212.2;694.9
22;1997-06-01;3.2;20.1;12.8;0;220;707.7
22;1997-06-02;5.1;20.7;14.4;0;229.4;722.1
22;1997-06-03;8.6;22;16;0;240.4;738.1
22;1997-06-04;9.7;17.5;13.1;0;248.5;751.2
22;1997-06-05;4.4;22.5;14.7;0;258.2;765.9
22;1997-06-06;9.4;22.3;16.3;0;269.5;782.2
22;1997-06-07;10;24.5;17.5;0;282;799.7
22;1997-06-08;11.4;23.1;17.4;0;294.4;817.1
22;1997-06-09;13.4;21.4;16.8;1.5;306.2;833.9
22;1997-06-10;12.7;19.8;15.4;0;316.6;849.3
22;1997-06-11;6.1;22.5;15.8;0;327.4;865.1
22;1997-06-12;9.3;23.8;17.1;0;339.5;882.2
22;1997-06-13;12.5;21.6;17;0;351.5;899.2
22;1997-06-14;10;21.2;16.2;0;362.7;915.4
22;1997-06-15;13.1;16.8;14.1;0.8;371.8;929.5
22;1997-06-16;10.7;15.6;12.4;0;379.2;941.9
22;1997-06-17;9.8;18.9;13.3;0;387.5;955.2
22;1997-06-18;8.7;17.7;13.1;0;395.6;968.3
22;1997-06-19;6.2;18.7;13.7;0;404.3;982
22;1997-06-20;7.2;18.6;13.8;0;413.1;995.8
22;1997-06-21;13.1;17.6;14.6;0.3;422.7;1010.4
22;1997-06-22;9.9;17.6;14.1;5;431.8;1024.5
22;1997-06-23;10.6;17.5;14;0;440.8;1038.5
22;1997-06-24;10.4;15.7;13;0;448.8;1051.5
22;1997-06-25;10.3;15.5;12.2;0;456;1063.7
22;1997-06-26;4.2;18.4;11.7;0;462.7;1075.4
22;1997-06-27;11.5;18;14.5;21.5;472.2;1089.9
22;1997-06-28;13.7;21.7;16.9;6;484.1;1106.8
22;1997-06-29;10.9;23.7;17.7;0;496.8;1124.5
22;1997-06-30;16.3;21.4;18.3;2.8;510.1;1142.8
22;1997-07-01;11.7;18.9;16;0;521.1;1158.8
22;1997-07-02;8.7;21.1;16.4;0;532.5;1175.2
22;1997-07-03;13.1;19.9;16.3;0;543.8;1191.5
22;1997-07-04;9.5;21.7;15.5;0.8;554.3;1207
22;1997-07-05;11.1;20.3;16.1;0;565.4;1223.1
22;1997-07-06;10.1;19.1;14.8;0;575.2;1237.9
22;1997-07-07;12.1;22.7;17.5;0;587.7;1255.4
22;1997-07-08;13.3;20.8;16.8;0;599.5;1272.2
22;1997-07-09;11.7;22.2;17.2;0;611.7;1289.4
22;1997-07-10;9.9;24.7;18.2;0.2;624.9;1307.6
22;1997-07-11;10.9;24;18.7;0;638.6;1326.3
22;1997-07-12;9.1;23;17.1;0;650.7;1343.4
22;1997-07-13;12.4;21.5;17.3;4.8;663;1360.7
22;1997-07-14;10.2;22.5;17.1;0;675.1;1377.8
22;1997-07-15;9.8;22.5;16.7;0;686.8;1394.5
22;1997-07-16;9.8;21.5;16.4;0;698.2;1410.9
22;1997-07-17;9.5;20.9;16.1;0;709.3;1427
22;1997-07-18;14.7;23.8;18.7;0;723;1445.7
22;1997-07-19;12.8;23.6;17.1;0;735.1;1462.8
22;1997-07-20;13.1;24.6;18.3;0;748.4;1481.1
22;1997-07-21;15.4;26.2;18.8;2;762.2;1499.9
22;1997-07-22;12;27.5;20.6;0;777.8;1520.5
22;1997-07-23;11.9;24.4;19;0;791.8;1539.5
22;1997-07-24;15.5;22.8;18.5;0;805.3;1558
22;1997-07-25;13.5;22.8;17.9;4.3;818.2;1575.9
22;1997-07-26;11.8;23.2;17.4;0;830.6;1593.3
22;1997-07-27;12.5;20.4;15.9;2.4;841.5;1609.2
22;1997-07-28;13.8;20.2;15.9;22;852.4;1625.1
22;1997-07-29;12.2;21.5;16.4;5.7;863.8;1641.5
22;1997-07-30;9.7;22.4;17.1;0;875.9;1658.6
22;1997-07-31;15.5;19.6;16.8;5.4;887.7;1675.4
22;1997-08-01;9;21.6;15.8;0;898.5;1691.2
22;1997-08-02;10.3;23.4;17.8;0.3;911.3;1709
22;1997-08-03;15.4;23;18.7;0;925;1727.7
22;1997-08-04;13.8;22.8;18.3;10.8;938.3;1746
22;1997-08-05;13;25;19.4;0;952.7;1765.4
22;1997-08-06;13.4;26.7;20.4;0;968.1;1785.8
22;1997-08-07;13.5;26.8;20.4;0;983.5;1806.2
22;1997-08-08;15.4;27.4;21.2;0;999.7;1827.4
22;1997-08-09;13.5;27.8;21.6;0;1016.3;1849
22;1997-08-10;13.7;28.2;21.8;0;1033.1;1870.8
22;1997-08-11;14.7;29.1;22;0;1050.1;1892.8
22;1997-08-12;14.5;28.9;22.1;0;1067.2;1914.9
22;1997-08-13;13.7;29.7;22.1;0;1084.3;1937
22;1997-08-14;13.4;29.2;22.2;0;1101.5;1959.2
22;1997-08-15;14.6;26.9;21.4;0;1117.9;1980.6
22;1997-08-16;13.6;25.1;19.8;0;1132.7;2000.4
22;1997-08-17;12.2;27.5;20.3;0;1148;2020.7
22;1997-08-18;14.7;27.7;21.2;0;1164.2;2041.9
22;1997-08-19;12.9;27.5;20.6;0;1179.8;2062.5
22;1997-08-20;14;28.3;20.9;0;1195.7;2083.4
22;1997-08-21;14.9;27.5;21.5;0;1212.2;2104.9
22;1997-08-22;19.1;26.2;21.6;0;1228.8;2126.5
22;1997-08-23;11.7;23.8;19;0.6;1242.8;2145.5
22;1997-08-24;17.2;28.1;23.7;0;1261.5;2169.2
22;1997-08-25;17.3;30.1;24.5;0;1281;2193.7
22;1997-08-26;20;26.3;22.4;0;1298.4;2216.1
22;1997-08-27;18.5;24.5;20.9;40.6;1314.3;2237
22;1997-08-28;18.6;24.9;21.2;0.8;1330.5;2258.2
22;1997-08-29;14.9;21;16.2;0;1341.7;2274.4
22;1997-08-30;14.2;21.4;17.3;17.2;1354;2291.7
22;1997-08-31;15.3;23.2;18.9;0;1367.9;2310.6
22;1997-09-01;14.1;24.5;19.6;0;1382.5;2330.2
22;1997-09-02;16.4;23.1;19;0;1396.5;2349.2
22;1997-09-03;14.4;21.8;17.6;2.1;1409.1;2366.8
22;1997-09-04;11;22;16.6;0;1420.7;2383.4
22;1997-09-05;14.8;20.6;17.2;0.5;1432.9;2400.6
22;1997-09-06;11;19.2;15;0;1442.9;2415.6
22;1997-09-07;12.8;19.6;16;1;1453.9;2431.6
22;1997-09-08;14.5;20.1;16.3;0.3;1465.2;2447.9
22;1997-09-09;13.1;14.9;13.1;0;1473.3;2461
22;1997-09-10;9.5;15.9;13.1;2.2;1481.4;2474.1
22;1997-09-11;11.8;18.1;14.6;0;1491;2488.7
22;1997-09-12;12.7;18;15.1;0;1501.1;2503.8
22;1997-09-13;11.7;15.4;12.3;3;1508.4;2516.1
22;1997-09-14;8.6;14.1;11.2;3.7;1514.6;2527.3
22;1997-09-15;9.4;16.7;13.6;1.4;1523.2;2540.9
22;1997-09-16;12.4;18.2;15.1;0;1533.3;2556
22;1997-09-17;13.3;18;15;0;1543.3;2571
22;1997-09-18;8.9;15.6;11.6;0;1549.9;2582.6
22;1997-09-19;7;14;10;0;1554.9;2592.6
22;1997-09-20;5.3;13.5;9.6;0;1559.5;2602.2
22;1997-09-21;7.5;13.9;11.6;0;1566.1;2613.8
22;1997-09-22;9.3;14.8;11.8;0;1572.9;2625.6
22;1997-09-23;10.4;15.3;12.1;0;1580;2637.7
22;1997-09-24;5.1;18.7;11.7;0;1586.7;2649.4
22;1997-09-25;6.4;16.2;12.2;0;1593.9;2661.6
22;1997-09-26;10.8;14.7;12.6;0;1601.5;2674.2
22;1997-09-27;3.9;17.3;11.1;0;1607.6;2685.3
22;1997-09-28;1.6;17.1;9.3;0;1611.9;2694.6
22;1997-09-29;2.8;17.2;11;0;1617.9;2705.6
22;1997-09-30;4.6;15.6;13.1;1;1626;2718.7
22;1997-10-01;4.3;13.7;10.4;0;1631.4;2729.1
22;1997-10-02;4.5;13.7;10.6;0.4;1637;2739.7
22;1997-10-03;6.8;14.2;10.9;3;1642.9;2750.6
22;1997-10-04;8.9;15.9;13.9;0;1651.8;2764.5
22;1997-10-05;12.6;15.5;13.6;0.5;1660.4;2778.1
22;1997-10-06;11.4;15.7;13.1;0.5;1668.5;2791.2
22;1997-10-07;9.4;16.3;13.2;0;1676.7;2804.4
22;1997-10-08;11.6;14.9;13.1;4;1684.8;2817.5
22;1997-10-09;11.7;16.7;14.4;20;1694.2;2831.9
22;1997-10-10;10.9;15;12.1;13.4;1701.3;2844
22;1997-10-11;9.1;11.5;10;15.6;1706.3;2854
22;1997-10-12;6.6;15.3;9.2;1.2;1710.5;2863.2
22;1997-10-13;7.1;9.1;7.5;0;1713;2870.7
22;1997-10-14;2.5;15.8;7.2;9.2;1715.2;2877.9
22;1997-10-15;1.8;13.7;5.4;1.7;1715.6;2883.3
22;1997-10-16;0.1;14.7;5;0;1715.6;2888.3
22;1997-10-17;2.4;9.5;7;0;1717.6;2895.3
22;1997-10-18;6.4;12.7;11.6;2.2;1724.2;2906.9
22;1997-10-19;10.7;13.1;12.4;0;1731.6;2919.3
22;1997-10-20;4.9;10.3;6.2;0;1732.8;2925.5
22;1997-10-21;-0.9;8.5;4.5;0;1732.8;2930
22;1997-10-22;-0.9;9.9;7.7;0;1735.5;2937.7
22;1997-10-23;5.1;8.8;6.1;0.2;1736.6;2943.8
22;1997-10-24;0.3;6.7;3.7;4.5;1736.6;2947.5
22;1997-10-25;0.8;5.7;3.1;0;1736.6;2950.6
22;1997-10-26;-3.3;8.5;0.9;0.1;1736.6;2951.5
22;1997-10-27;-4.8;9.4;0.4;0;1736.6;2951.9
22;1997-10-28;-4.8;7.5;2.7;0;1736.6;2954.6
22;1997-10-29;-2.2;9.3;8.2;3.7;1739.8;2962.8
22;1997-10-30;6.8;10.2;6.9;0;1741.7;2969.7
22;1997-10-31;-1.9;7.1;3.2;0;1741.7;2972.9
22;1997-11-01;0.1;8.1;5.6;0;1742.3;2978.5
22;1997-11-02;4.2;9.6;7.9;3.3;1745.2;2986.4
22;1997-11-03;1.8;6.8;2.7;0;1745.2;2989.1
22;1997-11-04;-3.6;4.5;0.6;0;1745.2;2989.7
22;1997-11-05;-2.3;4.2;2.1;0;1745.2;2991.8
22;1997-11-06;0.9;6.7;5.7;3.8;1745.9;2997.5
22;1997-11-07;5.6;10.9;8.8;8.5;1749.7;3006.3
22;1997-11-08;7.2;11;9.2;0.5;1753.9;3015.5
22;1997-11-09;5.9;8.4;7.4;0;1756.3;3022.9
22;1997-11-10;5.4;8.3;7.2;0;1758.5;3030.1
22;1997-11-11;5.4;9.7;7.5;0.7;1761;3037.6
22;1997-11-12;4.5;7.9;6.4;0;1762.4;3044
22;1997-11-13;3.7;7.1;6.1;6.3;1763.5;3050.1
22;1997-11-14;4.7;7;5.8;3;1764.3;3055.9
22;1997-11-15;3.9;5.7;5.2;4.7;1764.5;3061.1
22;1997-11-16;1.1;6.7;4.8;3;1764.5;3065.9
22;1997-11-17;1.1;6.8;5.4;0;1764.9;3071.3
22;1997-11-18;4.4;6.2;4.8;0;1764.9;3076.1
22;1997-11-19;-0.1;4.5;1.8;0;1764.9;3077.9
22;1997-11-20;-0.1;4.7;2.5;0;1764.9;3080.4
22;1997-11-21;1;5.4;4.1;0;1764.9;3084.5
22;1997-11-22;3.8;4.5;4;4.9;1764.9;3088.5
22;1997-11-23;2.1;3.6;2.1;1.5;1764.9;3090.6
22;1997-11-24;-1.7;1.5;-0.1;0;1764.9;3090.6
22;1997-11-25;-1.4;2.1;0.9;0;1764.9;3091.5
22;1997-11-26;-0.1;2.4;0.3;0;1764.9;3091.8
22;1997-11-27;-2.6;1.8;-0.3;0;1764.9;3091.8
22;1997-11-28;-1.1;2.3;1.1;0;1764.9;3092.9
22;1997-11-29;0.1;3.1;1.4;0;1764.9;3094.3
22;1997-11-30;1;6;4.9;3.8;1764.9;3099.2
22;1997-12-01;0;5.6;1.3;2.2;1764.9;3100.5
22;1997-12-02;-2.9;-0.5;-1.8;0;1764.9;3100.5
22;1997-12-03;-3.1;0.6;0;0.2;1764.9;3100.5
22;1997-12-04;-1.3;0.1;-1.6;0;1764.9;3100.5
22;1997-12-05;-4;3.6;1;0.4;1764.9;3101.5
22;1997-12-06;-1.1;4.3;3.6;0.4;1764.9;3105.1
22;1997-12-07;3;7.4;5.2;7;1765.1;3110.3
22;1997-12-08;2.1;5.1;3.5;1;1765.1;3113.8
22;1997-12-09;2.3;6.9;5.6;0.2;1765.7;3119.4
22;1997-12-10;4.7;8.5;6.8;2.8;1767.5;3126.2
22;1997-12-11;6.1;8.7;7.4;10;1769.9;3133.6
22;1997-12-12;5.6;6.3;5.3;1.7;1770.2;3138.9
22;1997-12-13;3.1;4.6;3.4;0;1770.2;3142.3
22;1997-12-14;0.5;4.7;2.5;1.8;1770.2;3144.8
22;1997-12-15;0.7;1.1;0.4;0;1770.2;3145.2
22;1997-12-16;-2.7;-0.3;-1.8;0;1770.2;3145.2
22;1997-12-17;-3.6;-1.7;-2.9;0;1770.2;3145.2
22;1997-12-18;-4.8;-0.4;-2.5;0;1770.2;3145.2
22;1997-12-19;-3.5;0.7;-0.1;0;1770.2;3145.2
22;1997-12-20;0;2.8;1.5;0;1770.2;3146.7
22;1997-12-21;1.1;2.6;1.6;0;1770.2;3148.3
22;1997-12-22;-0.4;0.7;0.2;0;1770.2;3148.5
22;1997-12-23;-0.2;1.5;0.6;0.7;1770.2;3149.1
22;1997-12-24;0.3;4.1;2;0;1770.2;3151.1
22;1997-12-25;0.8;8.1;6.4;8.5;1771.6;3157.5
22;1997-12-26;5.1;7.3;6.4;5.6;1773;3163.9
22;1997-12-27;3;5.5;3.2;3.4;1773;3167.1
22;1997-12-28;1.3;4.4;3.3;0;1773;3170.4
22;1997-12-29;2.3;4.1;3.1;0.1;1773;3173.5
22;1997-12-30;1.1;3.7;2.8;0.5;1773;3176.3
22;1997-12-31;2.4;7;4.3;0.2;1773;3180.6
22;1998-01-01;3.1;7;4.4;4;0;4.4
22;1998-01-02;2.8;5.7;4.5;0.2;0;8.9
22;1998-01-03;3.8;6.6;5.2;2;0.2;14.1
22;1998-01-04;3.5;6.1;4.6;12.3;0.2;18.7
22;1998-01-05;3.1;4.9;3.9;7;0.2;22.6
22;1998-01-06;0.7;5;2.8;1.7;0.2;25.4
22;1998-01-07;1.1;7;4.6;3;0.2;30
22;1998-01-08;3;5.5;4.6;5.5;0.2;34.6
22;1998-01-09;0.2;6.4;2.6;1;0.2;37.2
22;1998-01-10;0;8.5;6.6;4.3;1.8;43.8
22;1998-01-11;3.2;6.6;4.4;0;1.8;48.2
22;1998-01-12;1.4;5.8;3.8;0;1.8;52
22;1998-01-13;2.6;5.5;4.5;0.1;1.8;56.5
22;1998-01-14;0.8;7.8;4.1;0;1.8;60.6
22;1998-01-15;2.3;6.6;5.3;0.3;2.1;65.9
22;1998-01-16;4.5;6.5;5.8;1.9;2.9;71.7
22;1998-01-17;3.9;5.7;4.2;0;2.9;75.9
22;1998-01-18;1.5;5.5;3.2;11.2;2.9;79.1
22;1998-01-19;2.1;4.1;3.4;4.8;2.9;82.5
22;1998-01-20;1.3;3.5;1.1;9.5;2.9;83.6
22;1998-01-21;-2.2;-0.4;-1.9;0;2.9;83.6
22;1998-01-22;-5.9;0.1;-3.3;0;2.9;83.6
22;1998-01-23;-5.9;1.1;-1;0;2.9;83.6
22;1998-01-24;-1.6;1.7;0.6;4.3;2.9;84.2
22;1998-01-25;-4.7;1.3;-2.6;0;2.9;84.2
22;1998-01-26;-7.1;1.7;-2.2;0;2.9;84.2
22;1998-01-27;-5.2;3.2;1.4;0;2.9;85.6
22;1998-01-28;0.3;3.7;1.2;0.2;2.9;86.8
22;1998-01-29;-4.4;2.3;-1.1;0;2.9;86.8
22;1998-01-30;-4.5;4.5;1.6;0.1;2.9;88.4
22;1998-01-31;-6.5;-3.5;-5.3;0;2.9;88.4
22;1998-02-01;-8.2;-2.8;-5;0;2.9;88.4
22;1998-02-02;-5.6;0.3;-2.4;0;2.9;88.4
22;1998-02-03;-2.9;-0.6;-1.8;2;2.9;88.4
22;1998-02-04;-4.8;3.4;1.9;2;2.9;90.3
22;1998-02-05;1.6;4.6;3.6;0.5;2.9;93.9
22;1998-02-06;2.8;4.5;3.7;0;2.9;97.6
22;1998-02-07;2.8;3.7;2.5;0;2.9;100.1
22;1998-02-08;0.3;5.5;3.4;2.2;2.9;103.5
22;1998-02-09;2.2;5.1;4.4;0.2;2.9;107.9
22;1998-02-10;4.2;7.5;5.5;0;3.4;113.4
22;1998-02-11;4.7;7.1;5.5;0;3.9;118.9
22;1998-02-12;5.2;9;8.2;3;7.1;127.1
22;1998-02-13;6;7.7;5.9;6.6;8;133
22;1998-02-14;4.4;10;7.4;3.6;10.4;140.4
22;1998-02-15;6.8;8.8;7.8;10;13.2;148.2
22;1998-02-16;6.6;8.5;6.9;0.5;15.1;155.1
22;1998-02-17;-0.4;5.4;2.8;2.2;15.1;157.9
22;1998-02-18;0.6;10.4;7.4;0;17.5;165.3
22;1998-02-19;4.7;6.7;5.7;0;18.2;171
22;1998-02-20;4.6;7.6;6.4;0;19.6;177.4
22;1998-02-21;4.1;9.3;6.8;0;21.4;184.2
22;1998-02-22;4.1;8.8;6.9;3.3;23.3;191.1
22;1998-02-23;2.8;7.6;5.2;0;23.5;196.3
22;1998-02-24;2.9;10.5;8.4;0;26.9;204.7
22;1998-02-25;7.4;11.5;8.4;0.5;30.3;213.1
22;1998-02-26;5.8;7.3;6.3;0;31.6;219.4
22;1998-02-27;5.5;7.2;6.3;0.2;32.9;225.7
22;1998-02-28;2.7;5.4;3.3;2.9;32.9;229
22;1998-03-01;-0.2;2.7;0.7;0.9;32.9;229.7
22;1998-03-02;-2;6.9;2.2;2.6;32.9;231.9
22;1998-03-03;0;8.4;5.6;5;33.5;237.5
22;1998-03-04;3.9;9.9;7.2;10;35.7;244.7
22;1998-03-05;3.2;5.4;3.1;2.5;35.7;247.8
22;1998-03-06;-1.4;4.8;2;1.4;35.7;249.8
22;1998-03-07;-0.9;0.5;-0.3;0;35.7;249.8
22;1998-03-08;-1.7;0.3;-0.9;6.3;35.7;249.8
22;1998-03-09;-6.9;2.4;-1.1;0;35.7;249.8
22;1998-03-10;-6.7;3;-0.5;0;35.7;249.8
22;1998-03-11;-5;3;1.4;0;35.7;251.2
22;1998-03-12;-0.9;2.8;0.9;0.5;35.7;252.1
22;1998-03-13;-1.4;7.3;2.5;0.5;35.7;254.6
22;1998-03-14;0.4;5.9;2.8;0;35.7;257.4
22;1998-03-15;0.7;5.4;3.2;0.4;35.7;260.6
22;1998-03-16;2.5;10.5;6.8;0;37.5;267.4
22;1998-03-17;5.6;8.2;6.9;4.1;39.4;274.3
22;1998-03-18;5.1;9.2;6.4;0;40.8;280.7
22;1998-03-19;0.7;6.6;3.6;0;40.8;284.3
22;1998-03-20;0.4;4.6;2.5;0.7;40.8;286.8
22;1998-03-21;-1.1;6.4;2.7;0;40.8;289.5
22;1998-03-22;-1.4;6.1;2;0;40.8;291.5
22;1998-03-23;-1.7;4.8;0.9;1.8;40.8;292.4
22;1998-03-24;-3.5;6.1;1.2;0;40.8;293.6
22;1998-03-25;-2.7;7.6;3.3;0;40.8;296.9
22;1998-03-26;1.1;7.7;4.9;0;40.8;301.8
22;1998-03-27;2;11;6.9;0.8;42.7;308.7
22;1998-03-28;1.7;11.7;7.1;0;44.8;315.8
22;1998-03-29;3.8;12.8;8.3;0;48.1;324.1
22;1998-03-30;4.7;14;9;0;52.1;333.1
22;1998-03-31;6.3;13.9;9.8;0;56.9;342.9
22;1998-04-01;6.1;8.1;5.6;0.1;57.5;348.5
22;1998-04-02;-0.2;1;0.1;2.4;57.5;348.6
22;1998-04-03;-1.2;4.2;1.6;7.6;57.5;350.2
22;1998-04-04;0.6;9.9;7;27.6;59.5;357.2
22;1998-04-05;6.4;10.8;8.1;7.3;62.6;365.3
22;1998-04-06;4;11.5;7.9;5.6;65.5;373.2
22;1998-04-07;4.4;7.6;5.6;0.7;66.1;378.8
22;1998-04-08;3.5;6;4.7;0;66.1;383.5
22;1998-04-09;2.1;5.1;3.2;0.4;66.1;386.7
22;1998-04-10;1.7;7.5;4.7;0;66.1;391.4
22;1998-04-11;3.4;7.1;5.4;0;66.5;396.8
22;1998-04-12;4.4;9.7;6.4;1;67.9;403.2
22;1998-04-13;1.8;8.2;5.5;0;68.4;408.7
22;1998-04-14;2.8;7.3;4.9;0;68.4;413.6
22;1998-04-15;1.3;9.6;6.4;0.4;69.8;420
22;1998-04-16;3.9;9.2;5.8;1.6;70.6;425.8
22;1998-04-17;0.5;10.6;5.6;4.5;71.2;431.4
22;1998-04-18;2.3;11.2;6.8;0;73;438.2
22;1998-04-19;-0.1;11.3;5.9;0;73.9;444.1
22;1998-04-20;0.9;12.2;7.3;0;76.2;451.4
22;1998-04-21;4.3;11.8;8.5;0.3;79.7;459.9
22;1998-04-22;3.8;9.3;6.9;0;81.6;466.8
22;1998-04-23;5.1;14.9;9;0;85.6;475.8
22;1998-04-24;5.7;12.8;9.5;0;90.1;485.3
22;1998-04-25;7.1;15;11.4;1.8;96.5;496.7
22;1998-04-26;9.4;12.4;10.8;5.8;102.3;507.5
22;1998-04-27;9.2;15.7;11.2;1.8;108.5;518.7
22;1998-04-28;8.4;11.7;10.1;1.5;113.6;528.8
22;1998-04-29;8.5;15.1;11;3.8;119.6;539.8
22;1998-04-30;9.3;20.2;14.5;1.8;129.1;554.3
22;1998-05-01;9.4;19.1;14.2;0;138.3;568.5
22;1998-05-02;8.2;19.2;13;0;146.3;581.5
22;1998-05-03;8.4;13.1;9.8;1.4;151.1;591.3
22;1998-05-04;5.9;12.6;8.8;6;154.9;600.1
22;1998-05-05;5;12.8;8.6;0.3;158.5;608.7
22;1998-05-06;5;12.7;8.6;1.4;162.1;617.3
22;1998-05-07;6.8;13.5;10.4;5.4;167.5;627.7
22;1998-05-08;9.5;17;13;0;175.5;640.7
22;1998-05-09;8.5;20;15;0;185.5;655.7
22;1998-05-10;10;22.4;16.5;0;197;672.2
22;1998-05-11;10.9;18.1;14.8;0;206.8;687
22;1998-05-12;10.3;15;11.8;2.7;213.6;698.8
22;1998-05-13;5.9;14;10;0;218.6;708.8
22;1998-05-14;2.1;17.4;10.5;0;224.1;719.3
22;1998-05-15;6.5;17.6;12.7;0;231.8;732
22;1998-05-16;5.3;17.4;11.9;0;238.7;743.9
22;1998-05-17;4.2;19;12.9;0;246.6;756.8
22;1998-05-18;5.7;20;14;0;255.6;770.8
22;1998-05-19;8.2;17.2;12.6;0;263.2;783.4
22;1998-05-20;8.4;14.1;10.9;0;269.1;794.3
22;1998-05-21;6.5;11.8;8.8;0;272.9;803.1
22;1998-05-22;5.8;13.1;9.3;4;277.2;812.4
22;1998-05-23;1.2;14;9.1;0;281.3;821.5
22;1998-05-24;8.3;13.2;10.6;0.8;286.9;832.1
22;1998-05-25;9.1;14;11.3;0.8;293.2;843.4
22;1998-05-26;8.3;14.1;11;0.8;299.2;854.4
22;1998-05-27;8.8;17;12.8;1.7;307;867.2
22;1998-05-28;10;17.4;12.8;0;314.8;880
22;1998-05-29;10.8;22.2;16.7;2.5;326.5;896.7
22;1998-05-30;12.9;18.4;14.6;0;336.1;911.3
22;1998-05-31;9.2;20.1;14.7;0;345.8;926
22;1998-06-01;12.2;15.6;14.1;0;354.9;940.1
22;1998-06-02;11.4;18.7;14.5;0;364.4;954.6
22;1998-06-03;11.6;18.9;15.9;0;375.3;970.5
22;1998-06-04;12.6;17.1;13.9;0.4;384.2;984.4
22;1998-06-05;5.6;15.4;11.7;0.5;390.9;996.1
22;1998-06-06;10.2;15.6;12.7;0.2;398.6;1008.8
22;1998-06-07;11;21.9;16.7;3.9;410.3;1025.5
22;1998-06-08;10.6;18.3;14.5;4.8;419.8;1040
22;1998-06-09;10.6;17.4;15;0;429.8;1055
22;1998-06-10;14.2;17.5;15.6;6.4;440.4;1070.6
22;1998-06-11;9.3;19.1;14.6;0.1;450;1085.2
22;1998-06-12;9.8;16.5;12.9;0;457.9;1098.1
22;1998-06-13;7.8;15.6;11.5;0;464.4;1109.6
22;1998-06-14;4;17.8;11.7;0;471.1;1121.3
22;1998-06-15;5;19.3;13.3;0;479.4;1134.6
22;1998-06-16;9.8;17.4;13.7;0;488.1;1148.3
22;1998-06-17;11.5;14.9;12.6;0;495.7;1160.9
22;1998-06-18;10.5;16.9;12.9;0;503.6;1173.8
22;1998-06-19;3.8;17.3;11.5;0;510.1;1185.3
22;1998-06-20;8.7;19.9;14.5;1.8;519.6;1199.8
22;1998-06-21;10.2;23.6;18.2;0;532.8;1218
22;1998-06-22;12.9;19.3;16;10.8;543.8;1234
22;1998-06-23;12.1;18.2;15.1;2.1;553.9;1249.1
22;1998-06-24;7.7;20.5;15.3;0;564.2;1264.4
22;1998-06-25;9;21.1;15.8;0;575;1280.2
22;1998-06-26;14.3;20.4;17.2;1;587.2;1297.4
22;1998-06-27;12.7;20.3;16.4;0.3;598.6;1313.8
22;1998-06-28;14;18.5;15.7;15.5;609.3;1329.5
22;1998-06-29;12.5;17.7;15.1;6;619.4;1344.6
22;1998-06-30;11.1;17.8;14.5;2.2;628.9;1359.1
22;1998-07-01;12.2;16.8;14;3;637.9;1373.1
22;1998-07-02;9.5;18.7;14.2;0.6;647.1;1387.3
22;1998-07-03;12;16.1;14;0;656.1;1401.3
22;1998-07-04;12.6;15.8;13.6;1.5;664.7;1414.9
22;1998-07-05;12.6;16.1;14;2.4;673.7;1428.9
22;1998-07-06;11;14.8;12.8;0;681.5;1441.7
22;1998-07-07;9.6;16.3;12.3;0.8;688.8;1454
22;1998-07-08;9.1;19.7;14.4;8;698.2;1468.4
22;1998-07-09;10.7;15.4;13.4;0;706.6;1481.8
22;1998-07-10;10.9;17.9;13.7;6;715.3;1495.5
22;1998-07-11;8.7;16.6;12.8;4.7;723.1;1508.3
22;1998-07-12;11.5;19.1;15;3.5;733.1;1523.3
22;1998-07-13;12.8;18.3;16;2.2;744.1;1539.3
22;1998-07-14;11.5;15.5;13.1;0.2;752.2;1552.4
22;1998-07-15;10.5;17.9;13.6;5;760.8;1566
22;1998-07-16;8.5;18;13.4;1.1;769.2;1579.4
22;1998-07-17;8.3;19.3;14.8;0;779;1594.2
22;1998-07-18;12.8;16.1;14.1;2.5;788.1;1608.3
22;1998-07-19;9.5;17.9;14.2;10.4;797.3;1622.5
22;1998-07-20;9.9;23.3;16.6;2.6;808.9;1639.1
22;1998-07-21;13.8;28.2;20.7;0;824.6;1659.8
22;1998-07-22;13.5;20.9;17.4;11.5;837;1677.2
22;1998-07-23;10.4;25.7;18;0;850;1695.2
22;1998-07-24;13.1;18.3;15.5;1;860.5;1710.7
22;1998-07-25;11.6;18.4;14.6;0;870.1;1725.3
22;1998-07-26;9.6;19.5;14.2;0.4;879.3;1739.5
22;1998-07-27;9.5;19.8;14.6;0;888.9;1754.1
22;1998-07-28;13.1;15.4;14.1;0;898;1768.2
22;1998-07-29;11.2;19.9;15.8;0.3;908.8;1784
22;1998-07-30;14.1;18.8;15.5;3.3;919.3;1799.5
22;1998-07-31;13.1;16.8;14.9;1;929.2;1814.4
22;1998-08-01;13.6;18.1;15.7;15.6;939.9;1830.1
22;1998-08-02;10.3;18.5;14.5;0;949.4;1844.6
22;1998-08-03;11.6;18.3;15.2;0;959.6;1859.8
22;1998-08-04;14;19.6;16.6;2.6;971.2;1876.4
22;1998-08-05;13.6;18.5;15.3;0;981.5;1891.7
22;1998-08-06;13;17.6;14.9;0.6;991.4;1906.6
22;1998-08-07;14.3;19.9;16.3;0.7;1002.7;1922.9
22;1998-08-08;10.2;21.2;14.8;1;1012.5;1937.7
22;1998-08-09;11.8;20.3;15.7;0.2;1023.2;1953.4
22;1998-08-10;7.5;22.6;15.9;0;1034.1;1969.3
22;1998-08-11;12.9;24.4;17.1;0;1046.2;1986.4
22;1998-08-12;14;22.8;17.8;0;1059;2004.2
22;1998-08-13;13.8;19;15.9;1.8;1069.9;2020.1
22;1998-08-14;13.1;19.1;15.5;0.1;1080.4;2035.6
22;1998-08-15;14.2;22.2;18;0.6;1093.4;2053.6
22;1998-08-16;10.4;19.6;15.3;0;1103.7;2068.9
22;1998-08-17;14;21.1;17.5;0;1116.2;2086.4
22;1998-08-18;14.7;18.8;16.1;0;1127.3;2102.5
22;1998-08-19;10.4;18.2;14.4;0;1136.7;2116.9
22;1998-08-20;13.1;20.5;16.7;0;1148.4;2133.6
22;1998-08-21;14.3;16.1;14.5;1.5;1157.9;2148.1
22;1998-08-22;12;17;13.8;7.5;1166.7;2161.9
22;1998-08-23;10.7;17.1;13.3;0.1;1175;2175.2
22;1998-08-24;8.8;16.3;12;0.5;1182;2187.2
22;1998-08-25;10.5;16.1;12.9;0.8;1189.9;2200.1
22;1998-08-26;9.2;16.9;12.3;0;1197.2;2212.4
22;1998-08-27;7.4;16.6;12.2;9.2;1204.4;2224.6
22;1998-08-28;10.6;16.7;13.2;0;1212.6;2237.8
22;1998-08-29;9.9;17.2;13.8;0.3;1221.4;2251.6
22;1998-08-30;9.9;17.5;13.6;0.1;1230;2265.2
22;1998-08-31;10.3;18.2;13.6;1.7;1238.6;2278.8
22;1998-09-01;11;17.7;13.3;0.3;1246.9;2292.1
22;1998-09-02;10.1;17.9;13;0;1254.9;2305.1
22;1998-09-03;9.9;17;13;0;1262.9;2318.1
22;1998-09-04;10.9;19.4;15;0;1272.9;2333.1
22;1998-09-05;13.1;20;16.3;0;1284.2;2349.4
22;1998-09-06;14.3;20;16;0;1295.2;2365.4
22;1998-09-07;11.8;21.2;16.4;0;1306.6;2381.8
22;1998-09-08;12.4;21.3;16.5;0;1318.1;2398.3
22;1998-09-09;14.4;18.6;16.6;0.5;1329.7;2414.9
22;1998-09-10;14.6;19.8;16.4;0.4;1341.1;2431.3
22;1998-09-11;13;19;15.6;0.3;1351.7;2446.9
22;1998-09-12;8.5;17.6;13.2;0;1359.9;2460.1
22;1998-09-13;11.3;14.2;12.7;4;1367.6;2472.8
22;1998-09-14;9.8;14.5;11.3;10.2;1373.9;2484.1
22;1998-09-15;5.4;13.3;10.4;0.2;1379.3;2494.5
22;1998-09-16;9.3;15.1;11.9;3.3;1386.2;2506.4
22;1998-09-17;8.8;15.7;12;3.4;1393.2;2518.4
22;1998-09-18;8.8;14.8;12.4;0;1400.6;2530.8
22;1998-09-19;9;15.6;12.3;0.3;1407.9;2543.1
22;1998-09-20;11;16.1;12.2;0.4;1415.1;2555.3
22;1998-09-21;9.5;14.9;12.6;0;1422.7;2567.9
22;1998-09-22;11.2;14;12.7;0;1430.4;2580.6
22;1998-09-23;11.9;15;13.2;0;1438.6;2593.8
22;1998-09-24;11.4;15.3;13;0;1446.6;2606.8
22;1998-09-25;11.7;17;14;0;1455.6;2620.8
22;1998-09-26;11.5;17;13.5;0;1464.1;2634.3
22;1998-09-27;10.6;15.8;13.4;0;1472.5;2647.7
22;1998-09-28;11.4;16.4;14.5;1.2;1482;2662.2
22;1998-09-29;12.8;16.2;13.8;0.3;1490.8;2676
22;1998-09-30;10.8;13;11.4;0;1497.2;2687.4
22;1998-10-01;9.5;12.7;10.4;0;1502.6;2697.8
22;1998-10-02;7.1;10.3;8.3;1.4;1505.9;2706.1
22;1998-10-03;6.6;11.5;8;0.7;1508.9;2714.1
22;1998-10-04;4.7;7.2;5.9;1.5;1509.8;2720
22;1998-10-05;5.2;10.4;7.8;6;1512.6;2727.8
22;1998-10-06;4.9;12.4;8.2;0.1;1515.8;2736
22;1998-10-07;5.8;10.1;8.8;0;1519.6;2744.8
22;1998-10-08;8.3;10.1;8.9;2.6;1523.5;2753.7
22;1998-10-09;8.3;10.1;9.3;0;1527.8;2763
22;1998-10-10;8.6;13.1;10.2;5.6;1533;2773.2
22;1998-10-11;8.7;10.9;9.6;3;1537.6;2782.8
22;1998-10-12;6.4;11.5;8.4;7.5;1541;2791.2
22;1998-10-13;6.6;12.9;9.2;0;1545.2;2800.4
22;1998-10-14;6.9;13.6;11.2;17.2;1551.4;2811.6
22;1998-10-15;9;11.8;9.3;3;1555.7;2820.9
22;1998-10-16;6.2;10.8;8.4;0.8;1559.1;2829.3
22;1998-10-17;6.4;14.1;12.1;8.8;1566.2;2841.4
22;1998-10-18;6.3;9.9;7.5;0.5;1568.7;2848.9
22;1998-10-19;5.8;9.4;7.7;0.4;1571.4;2856.6
22;1998-10-20;4.8;10.1;7;0.9;1573.4;2863.6
22;1998-10-21;5;11.6;7.8;0;1576.2;2871.4
22;1998-10-22;6.5;13.7;12.6;6;1583.8;2884
22;1998-10-23;12.2;13.5;12.4;1.5;1591.2;2896.4
22;1998-10-24;3.7;11.3;8;1.5;1594.2;2904.4
22;1998-10-25;3.9;11.3;9.9;16.2;1599.1;2914.3
22;1998-10-26;7.5;10.1;7.8;1.8;1601.9;2922.1
22;1998-10-27;5.6;9.5;7.2;0.2;1604.1;2929.3
22;1998-10-28;5.6;9.4;7.3;26;1606.4;2936.6
22;1998-10-29;3;9.3;7.8;5.5;1609.2;2944.4
22;1998-10-30;6.4;9.3;7.3;1;1611.5;2951.7
22;1998-10-31;5;7.8;6.1;0.9;1612.6;2957.8
22;1998-11-01;0;7.8;4;0;1612.6;2961.8
22;1998-11-02;-0.4;5.4;2.7;0.3;1612.6;2964.5
22;1998-11-03;-0.4;3.6;2.9;0;1612.6;2967.4
22;1998-11-04;2.1;3.5;2.7;12.4;1612.6;2970.1
22;1998-11-05;-0.1;6;3.1;9.3;1612.6;2973.2
22;1998-11-06;0.2;6.8;5.5;7.3;1613.1;2978.7
22;1998-11-07;2.3;7.1;4.8;0;1613.1;2983.5
22;1998-11-08;3;6.7;6.4;0.9;1614.5;2989.9
22;1998-11-09;5;6.2;5;0;1614.5;2994.9
22;1998-11-10;3.7;7.4;6.5;8;1616;3001.4
22;1998-11-11;4.6;8;5.9;3;1616.9;3007.3
22;1998-11-12;2.3;6.2;3.9;0;1616.9;3011.2
22;1998-11-13;-0.9;3.8;1.5;0;1616.9;3012.7
22;1998-11-14;-0.7;4;3.5;1.8;1616.9;3016.2
22;1998-11-15;2.4;3.8;2.3;0.5;1616.9;3018.5
22;1998-11-16;-0.1;2;0.6;0;1616.9;3019.1
22;1998-11-17;-0.4;0.7;0;0;1616.9;3019.1
22;1998-11-18;-1.1;-0.4;-1.3;0;1616.9;3019.1
22;1998-11-19;-7.2;0.1;-3.4;2;1616.9;3019.1
22;1998-11-20;-7.3;-0.9;-4.2;0;1616.9;3019.1
22;1998-11-21;-10.7;0.1;-3.4;0;1616.9;3019.1
22;1998-11-22;-3.5;-0.9;-2.7;0;1616.9;3019.1
22;1998-11-23;-4.8;0.9;-1.6;0;1616.9;3019.1
22;1998-11-24;-4.5;0.5;-0.4;0;1616.9;3019.1
22;1998-11-25;-0.9;0.3;0;7.2;1616.9;3019.1
22;1998-11-26;-0.2;1;0.5;4;1616.9;3019.6
22;1998-11-27;-0.1;1.1;0.4;0;1616.9;3020
22;1998-11-28;-0.1;1.6;0.7;0;1616.9;3020.7
22;1998-11-29;0.1;2.3;1.5;0;1616.9;3022.2
22;1998-11-30;0.8;2.8;1.3;0;1616.9;3023.5
22;1998-12-01;-0.9;1.5;-0.5;0;1616.9;3023.5
22;1998-12-02;-5.2;-0.9;-3.4;0;1616.9;3023.5
22;1998-12-03;-5.2;-1.9;-3.5;0;1616.9;3023.5
22;1998-12-04;-4.3;0.7;-0.9;0;1616.9;3023.5
22;1998-12-05;-1.3;0.7;-0.4;4;1616.9;3023.5
22;1998-12-06;-3.5;-0.4;-1.9;6.9;1616.9;3023.5
22;1998-12-07;-2.6;-1.3;-2;0;1616.9;3023.5
22;1998-12-08;-8.9;-1.8;-5.7;0;1616.9;3023.5
22;1998-12-09;-12.8;-1.9;-6.4;0;1616.9;3023.5
22;1998-12-10;-11.5;-1.2;-4.4;0;1616.9;3023.5
22;1998-12-11;-9.6;-2.4;-5.3;0;1616.9;3023.5
22;1998-12-12;-9.3;1.1;-3.1;0;1616.9;3023.5
22;1998-12-13;-5.1;3.8;2.1;11.4;1616.9;3025.6
22;1998-12-14;1.3;5.8;3.6;2.7;1616.9;3029.2
22;1998-12-15;2.2;7.1;5.7;1.3;1617.6;3034.9
22;1998-12-16;3;6.4;4.9;0;1617.6;3039.8
22;1998-12-17;3.7;5.2;4.2;0;1617.6;3044
22;1998-12-18;1.8;5.9;4.6;0;1617.6;3048.6
22;1998-12-19;3.5;4.6;4;0;1617.6;3052.6
22;1998-12-20;1.1;3.8;1.8;2.1;1617.6;3054.4
22;1998-12-21;-1.5;0.9;-0.6;0;1617.6;3054.4
22;1998-12-22;-2.9;0.4;-1;0;1617.6;3054.4
22;1998-12-23;-2.3;2.5;1.2;0;1617.6;3055.6
22;1998-12-24;1.1;2.9;1.6;1;1617.6;3057.2
22;1998-12-25;0.7;5.8;4.1;2.4;1617.6;3061.3
22;1998-12-26;3.1;6.4;4.8;9;1617.6;3066.1
22;1998-12-27;3;7.4;5.6;7.2;1618.2;3071.7
22;1998-12-28;4.1;7.2;6;0;1619.2;3077.7
22;1998-12-29;3.3;5.1;3.2;1.3;1619.2;3080.9
22;1998-12-30;0.5;4.3;2.1;0;1619.2;3083
22;1998-12-31;0.4;1.6;0.8;0;1619.2;3083.8
22;1999-01-01;-0.9;0.7;0;0;0;0
22;1999-01-02;-0.9;3.4;0.9;0;0;0.9
22;1999-01-03;0;3.6;2.6;1.7;0;3.5
22;1999-01-04;0.7;7.3;3.4;0.5;0;6.9
22;1999-01-05;0.9;7.5;5.6;7.9;0.6;12.5
22;1999-01-06;4;9.5;7.7;8;3.3;20.2
22;1999-01-07;5.2;6.6;4.5;3.8;3.3;24.7
22;1999-01-08;0.4;1.8;0.9;0.2;3.3;25.6
22;1999-01-09;-1.6;0.7;-1;0.4;3.3;25.6
22;1999-01-10;-2.7;-1.7;-2.3;0;3.3;25.6
22;1999-01-11;-4.2;-0.5;-1.6;0;3.3;25.6
22;1999-01-12;-2.5;-0.7;-2.5;2.4;3.3;25.6
22;1999-01-13;-10.6;-2.2;-5.8;2;3.3;25.6
22;1999-01-14;-9.1;3.4;1;1.5;3.3;26.6
22;1999-01-15;-0.1;4.8;2.8;4;3.3;29.4
22;1999-01-16;2.1;6.6;5;3.6;3.3;34.4
22;1999-01-17;2.9;5.3;3.9;0.8;3.3;38.3
22;1999-01-18;2.5;4.1;3.1;0;3.3;41.4
22;1999-01-19;1.6;6.1;4;0;3.3;45.4
22;1999-01-20;3;8.4;6.9;0.1;5.2;52.3
22;1999-01-21;5.8;8.6;6;0.9;6.2;58.3
22;1999-01-22;1.8;4.8;3.3;1.2;6.2;61.6
22;1999-01-23;1.3;3.7;1.6;0;6.2;63.2
22;1999-01-24;0.4;6.1;4.3;4.3;6.2;67.5
22;1999-01-25;3.7;8.5;5.5;1.8;6.7;73
22;1999-01-26;2.5;4.8;3.7;0.7;6.7;76.7
22;1999-01-27;2.4;3.3;1.5;0;6.7;78.2
22;1999-01-28;-5.2;-1.2;-3.2;1.3;6.7;78.2
22;1999-01-29;-10.7;-1.9;-6.1;0;6.7;78.2
22;1999-01-30;-9.2;0.8;-3.3;0;6.7;78.2
22;1999-01-31;-8;3;-1;0;6.7;78.2
22;1999-02-01;-0.9;2.9;1.7;3.6;6.7;79.9
22;1999-02-02;-0.7;4.3;2;0.2;6.7;81.9
22;1999-02-03;0.6;6.7;5.2;0;6.9;87.1
22;1999-02-04;4.6;8.7;6.2;2.8;8.1;93.3
22;1999-02-05;1.1;4.8;3;1.7;8.1;96.3
22;1999-02-06;1.5;3.9;2;0;8.1;98.3
22;1999-02-07;-1.1;0.6;-0.6;0;8.1;98.3
22;1999-02-08;-3.4;-0.1;-1.8;2.7;8.1;98.3
22;1999-02-09;-7.9;-0.9;-4.9;0;8.1;98.3
22;1999-02-10;-8.2;-1.4;-3;0;8.1;98.3
22;1999-02-11;-11.2;-0.9;-7.1;1;8.1;98.3
22;1999-02-12;-13.2;-0.8;-8;0;8.1;98.3
22;1999-02-13;-13.8;-2.2;-7.9;0;8.1;98.3
22;1999-02-14;-12.8;-1;-2.9;0;8.1;98.3
22;1999-02-15;-3.9;2.4;0.4;3;8.1;98.7
22;1999-02-16;0;4.5;1.8;5.8;8.1;100.5
22;1999-02-17;-1.2;1.2;-0.2;0;8.1;100.5
22;1999-02-18;-2.2;3.1;0.4;0;8.1;100.9
22;1999-02-19;-2.2;4.8;2.1;1;8.1;103
22;1999-02-20;0.7;5.2;2.7;6.9;8.1;105.7
22;1999-02-21;1.6;5.6;2.9;2.7;8.1;108.6
22;1999-02-22;0.4;4.3;1.6;3.3;8.1;110.2
22;1999-02-23;-0.8;1.3;0.2;0;8.1;110.4
22;1999-02-24;-1.3;0.5;-0.4;0.5;8.1;110.4
22;1999-02-25;-1.7;3.6;1.1;0.5;8.1;111.5
22;1999-02-26;-0.5;6.9;4.1;5.4;8.1;115.6
22;1999-02-27;3;5.4;4.2;4.5;8.1;119.8
22;1999-02-28;2.5;6.5;4.7;0.6;8.1;124.5
22;1999-03-01;2.8;5.3;3.7;3.1;8.1;128.2
22;1999-03-02;2.3;6.9;4.2;2.3;8.1;132.4
22;1999-03-03;0.9;7.5;4.9;9.3;8.1;137.3
22;1999-03-04;3.9;7.4;4.8;7.7;8.1;142.1
22;1999-03-05;2.2;5.2;3.8;5.8;8.1;145.9
22;1999-03-06;3;3.7;2.5;2.8;8.1;148.4
22;1999-03-07;0.3;5.7;3.5;20;8.1;151.9
22;1999-03-08;0.1;5;1.9;0;8.1;153.8
22;1999-03-09;0.3;3.8;2.3;1.6;8.1;156.1
22;1999-03-10;0.6;2.7;1.7;1.3;8.1;157.8
22;1999-03-11;-0.4;0.7;-0.3;1.3;8.1;157.8
22;1999-03-12;-1.5;2;-0.3;0;8.1;157.8
22;1999-03-13;-1.5;3;0.6;0;8.1;158.4
22;1999-03-14;-0.5;1.8;0.8;0.4;8.1;159.2
22;1999-03-15;0.3;2.8;1.9;0.1;8.1;161.1
22;1999-03-16;0.6;2.5;1.4;0;8.1;162.5
22;1999-03-17;0.3;3.7;2;0;8.1;164.5
22;1999-03-18;0.3;7.1;4.6;0;8.1;169.1
22;1999-03-19;2.9;6.8;4.3;0.5;8.1;173.4
22;1999-03-20;2.4;6;4;1.5;8.1;177.4
22;1999-03-21;1.1;6.8;4;0;8.1;181.4
22;1999-03-22;2;5.9;4.4;1;8.1;185.8
22;1999-03-23;0.6;4.2;1.8;0.7;8.1;187.6
22;1999-03-24;-0.1;7.2;3.2;2.5;8.1;190.8
22;1999-03-25;0.7;11;7;1;10.1;197.8
22;1999-03-26;4.3;12.4;8.2;0;13.3;206
22;1999-03-27;4.3;8.8;5.6;0.3;13.9;211.6
22;1999-03-28;0;6.1;2;0;13.9;213.6
22;1999-03-29;-2.8;8.5;2.6;0;13.9;216.2
22;1999-03-30;-2.1;12.5;7.6;0;16.5;223.8
22;1999-03-31;3.6;15.4;10.2;0.2;21.7;234
22;1999-04-01;3.4;15.6;9.1;0;25.8;243.1
22;1999-04-02;4.2;15.4;8.8;0;29.6;251.9
22;1999-04-03;1;14.9;8.3;0;32.9;260.2
22;1999-04-04;2.6;16.5;8.8;0;36.7;269
22;1999-04-05;1.6;12.4;6.2;0;37.9;275.2
22;1999-04-06;3.6;10.1;9.4;3;42.3;284.6
22;1999-04-07;7.1;9.1;7.8;0;45.1;292.4
22;1999-04-08;6.2;13.1;8.8;1.1;48.9;301.2
22;1999-04-09;5.2;9.9;7.7;0;51.6;308.9
22;1999-04-10;6.2;11.9;9.7;0;56.3;318.6
22;1999-04-11;5.8;10.3;7.5;0;58.8;326.1
22;1999-04-12;4.7;8.5;6.2;0;60;332.3
22;1999-04-13;4.3;8.7;6.2;5.4;61.2;338.5
22;1999-04-14;2.8;8.5;5.3;0;61.5;343.8
22;1999-04-15;0.1;6.4;3.5;7.3;61.5;347.3
22;1999-04-16;0.1;9.4;5.6;6.5;62.1;352.9
22;1999-04-17;2.6;7.7;4.9;0;62.1;357.8
22;1999-04-18;3.3;7.1;5.7;0;62.8;363.5
22;1999-04-19;3.2;9.2;5.5;0;63.3;369
22;1999-04-20;-0.5;10.3;4.7;0;63.3;373.7
22;1999-04-21;-1.8;12.1;5.9;0;64.2;379.6
22;1999-04-22;2.7;13.8;9.3;0.5;68.5;388.9
22;1999-04-23;7.1;15.9;11.1;1;74.6;400
22;1999-04-24;4.5;15.7;10;0;79.6;410
22;1999-04-25;6.1;15.7;10.3;0.3;84.9;420.3
22;1999-04-26;7;16.8;12.2;0;92.1;432.5
22;1999-04-27;8.2;16.8;12.3;0;99.4;444.8
22;1999-04-28;5.9;18.3;11.6;0;106;456.4
22;1999-04-29;5.9;14;9.8;0;110.8;466.2
22;1999-04-30;4;14.2;8.8;0;114.6;475
22;1999-05-01;5.2;12.9;8.5;0;118.1;483.5
22;1999-05-02;3.6;11.5;7.5;0;120.6;491
22;1999-05-03;2;13.1;7.9;0;123.5;498.9
22;1999-05-04;1.3;14.4;8.4;0;126.9;507.3
22;1999-05-05;2.6;11.5;7;0;128.9;514.3
22;1999-05-06;3.6;13.1;8.4;0;132.3;522.7
22;1999-05-07;2.5;16.2;10;0;137.3;532.7
22;1999-05-08;4.6;15;8.5;0;140.8;541.2
22;1999-05-09;6.1;13.9;9.7;9;145.5;550.9
22;1999-05-10;7.1;17.4;12.5;3.8;153;563.4
22;1999-05-11;5.9;8.3;6.6;15.6;154.6;570
22;1999-05-12;5.1;8;6.4;6;156;576.4
22;1999-05-13;5.6;13.5;10.2;9;161.2;586.6
22;1999-05-14;6.6;10.2;7.6;3.2;163.8;594.2
22;1999-05-15;5.4;10.8;7.8;0.8;166.6;602
22;1999-05-16;6.3;13.5;9.8;0;171.4;611.8
22;1999-05-17;4.2;16;10.8;0;177.2;622.6
22;1999-05-18;4;17.5;11.8;0;184;634.4
22;1999-05-19;4.7;17.9;12.3;0;191.3;646.7
22;1999-05-20;7.5;18.5;13.3;0;199.6;660
22;1999-05-21;7.2;21.8;15.1;0;209.7;675.1
22;1999-05-22;8.5;14.3;11;1.5;215.7;686.1
22;1999-05-23;7.6;14.4;11.6;0.7;222.3;697.7
22;1999-05-24;10.6;16.4;13.3;0;230.6;711
22;1999-05-25;11.1;16.5;12.7;0.9;238.3;723.7
22;1999-05-26;7.3;15.8;11.9;0;245.2;735.6
22;1999-05-27;9;21.4;15.1;0;255.3;750.7
22;1999-05-28;8.7;24.3;17.6;0;267.9;768.3
22;1999-05-29;10.9;21.6;16.7;0.8;279.6;785
22;1999-05-30;10;15.8;12.6;1;287.2;797.6
22;1999-05-31;6.8;15.3;11.1;1.5;293.3;808.7
22;1999-06-01;8.3;15.2;11.5;0;299.8;820.2
22;1999-06-02;4.9;19.6;13.4;0;308.2;833.6
22;1999-06-03;12.4;17.6;15.2;13.3;318.4;848.8
22;1999-06-04;11.9;17.1;14.7;5.8;328.1;863.5
22;1999-06-05;13.2;15.6;13;0.9;336.1;876.5
22;1999-06-06;8.9;15;12.6;6.2;343.7;889.1
22;1999-06-07;9.5;17.1;13.4;1.1;352.1;902.5
22;1999-06-08;9.8;18.6;13.7;0;360.8;916.2
22;1999-06-09;7.9;15.2;12.3;23.8;368.1;928.5
22;1999-06-10;11;15;12.7;0.4;375.8;941.2
22;1999-06-11;9.8;14.3;12.1;0.8;382.9;953.3
22;1999-06-12;9.2;17.4;13.2;14.4;391.1;966.5
22;1999-06-13;10.7;18.1;14.1;0;400.2;980.6
22;1999-06-14;8.3;17.9;13.6;0;408.8;994.2
22;1999-06-15;7.9;20.5;15.2;0;419;1009.4
22;1999-06-16;11.5;20.2;16.4;0;430.4;1025.8
22;1999-06-17;8.4;22.9;15.9;0;441.3;1041.7
22;1999-06-18;10.9;19.5;15;0;451.3;1056.7
22;1999-06-19;10.4;19.7;15.3;0;461.6;1072
22;1999-06-20;11.8;19;14.9;0;471.5;1086.9
22;1999-06-21;8.6;15.9;12.2;7.3;478.7;1099.1
22;1999-06-22;8.2;15.7;12;0.2;485.7;1111.1
22;1999-06-23;7.1;16.4;11.8;0;492.5;1122.9
22;1999-06-24;6.1;14.4;10.7;0.9;498.2;1133.6
22;1999-06-25;8.7;16.7;12.3;11.5;505.5;1145.9
22;1999-06-26;6.3;12.2;10.5;1.8;511;1156.4
22;1999-06-27;9.7;22.6;16.8;24;522.8;1173.2
22;1999-06-28;14;20;16;0;533.8;1189.2
22;1999-06-29;10.3;20.6;16.1;4.8;544.9;1205.3
22;1999-06-30;15.2;21.9;17.7;0.2;557.6;1223
22;1999-07-01;9.4;18.5;14.8;0;567.4;1237.8
22;1999-07-02;14;19;16.1;0;578.5;1253.9
22;1999-07-03;10.5;20.7;16.5;0.7;590;1270.4
22;1999-07-04;15;22.5;18.7;2;603.7;1289.1
22;1999-07-05;13.7;24.4;19.1;1;617.8;1308.2
22;1999-07-06;15.2;19.1;16.4;1.5;629.2;1324.6
22;1999-07-07;11.9;20.9;16.5;0;640.7;1341.1
22;1999-07-08;11.8;20.8;16.8;0;652.5;1357.9
22;1999-07-09;10.7;24.3;18;0;665.5;1375.9
22;1999-07-10;9.4;23.9;17.8;0;678.3;1393.7
22;1999-07-11;12.1;25.6;19.5;0;692.8;1413.2
22;1999-07-12;12.8;27.1;20.9;0;708.7;1434.1
22;1999-07-13;15;26;20.1;0;723.8;1454.2
22;1999-07-14;16.6;21.4;17.7;3.6;736.5;1471.9
22;1999-07-15;13.8;20.1;16;8;747.5;1487.9
22;1999-07-16;12.4;18.3;15.3;0;757.8;1503.2
22;1999-07-17;13.4;20.7;16.8;6.2;769.6;1520
22;1999-07-18;10.6;22.2;17.1;0;781.7;1537.1
22;1999-07-19;11.5;27.1;20.2;0;796.9;1557.3
22;1999-07-20;17.2;23.3;20.1;7.2;812;1577.4
22;1999-07-21;15.1;21.4;17.5;15;824.5;1594.9
22;1999-07-22;12.9;17.3;15.2;3;834.7;1610.1
22;1999-07-23;13.6;19;15.3;8;845;1625.4
22;1999-07-24;13.1;24;18.5;1.8;858.5;1643.9
22;1999-07-25;15.7;21.3;17.5;0;871;1661.4
22;1999-07-26;10.3;18;13.9;0;879.9;1675.3
22;1999-07-27;9.3;19.4;14.8;0;889.7;1690.1
22;1999-07-28;8.4;23.6;16.9;0;901.6;1707
22;1999-07-29;9.8;24.5;18;0;914.6;1725
22;1999-07-30;10.8;25.8;19;0;928.6;1744
22;1999-07-31;10.4;27.4;19.6;0;943.2;1763.6
22;1999-08-01;12.2;27.7;20.2;0;958.4;1783.8
22;1999-08-02;12.9;28;20.3;0;973.7;1804.1
22;1999-08-03;12.6;27.1;20;0;988.7;1824.1
22;1999-08-04;12.9;26.9;20.1;0;1003.8;1844.2
22;1999-08-05;11.9;28;20.6;0;1019.4;1864.8
22;1999-08-06;15;26;20.8;0;1035.2;1885.6
22;1999-08-07;13.2;26.2;20.3;0;1050.5;1905.9
22;1999-08-08;16.2;21.7;18.5;7.7;1064;1924.4
22;1999-08-09;16.2;23.4;18.8;0.2;1077.8;1943.2
22;1999-08-10;14.2;23.5;18.7;6;1091.5;1961.9
22;1999-08-11;14.1;20.8;16.6;0.2;1103.1;1978.5
22;1999-08-12;14.1;19.5;16;22.8;1114.1;1994.5
22;1999-08-13;10.4;19.8;15;4.5;1124.1;2009.5
22;1999-08-14;7.8;21.1;14.6;0.4;1133.7;2024.1
22;1999-08-15;14.1;16.9;14.8;14;1143.5;2038.9
22;1999-08-16;12.2;19.9;15.3;12.6;1153.8;2054.2
22;1999-08-17;7.8;20;14;0;1162.8;2068.2
22;1999-08-18;7.9;19.4;14.5;0;1172.3;2082.7
22;1999-08-19;13.1;16.6;15;22.8;1182.3;2097.7
22;1999-08-20;14;19.4;15.9;9;1193.2;2113.6
22;1999-08-21;12.7;16.7;14.6;4.1;1202.8;2128.2
22;1999-08-22;12.1;19.6;15;0.5;1212.8;2143.2
22;1999-08-23;6.6;18.5;13.4;0;1221.2;2156.6
22;1999-08-24;9.6;19.9;14.1;0;1230.3;2170.7
22;1999-08-25;6.9;20.4;14;0;1239.3;2184.7
22;1999-08-26;12.6;19.6;16.8;0;1251.1;2201.5
22;1999-08-27;15.8;21.8;18.1;5.5;1264.2;2219.6
22;1999-08-28;13.1;20;16.2;0;1275.4;2235.8
22;1999-08-29;11.5;21.9;16;0;1286.4;2251.8
22;1999-08-30;9.1;21.2;15;0;1296.4;2266.8
22;1999-08-31;11.1;19.1;14.1;1.1;1305.5;2280.9
22;1999-09-01;10.6;19.9;14.8;0.2;1315.3;2295.7
22;1999-09-02;7.7;20.6;14.9;0;1325.2;2310.6
22;1999-09-03;9.6;22.7;16.7;0;1336.9;2327.3
22;1999-09-04;10.6;25.2;17.7;0;1349.6;2345
22;1999-09-05;10.5;24.6;17.4;0;1362;2362.4
22;1999-09-06;12.8;23.3;16.7;0;1373.7;2379.1
22;1999-09-07;10.5;23.6;17.4;0;1386.1;2396.5
22;1999-09-08;13.9;22.3;18.3;0;1399.4;2414.8
22;1999-09-09;13.7;25.9;19.8;0;1414.2;2434.6
22;1999-09-10;12.3;22.2;16.6;0;1425.8;2451.2
22;1999-09-11;11.9;22.5;17.5;0;1438.3;2468.7
22;1999-09-12;15.5;23.2;18.3;0;1451.6;2487
22;1999-09-13;14.3;22.7;17.5;0;1464.1;2504.5
22;1999-09-14;12.2;20.3;15.7;0;1474.8;2520.2
22;1999-09-15;11.7;20.2;14.9;0;1484.7;2535.1
22;1999-09-16;8.7;18.5;13.4;0;1493.1;2548.5
22;1999-09-17;9.9;18.3;15.3;0.2;1503.4;2563.8
22;1999-09-18;12.9;20.7;15.6;0;1514;2579.4
22;1999-09-19;12.9;19.6;16.1;0;1525.1;2595.5
22;1999-09-20;13.6;20.5;17.8;0;1537.9;2613.3
22;1999-09-21;16.3;18.3;16.4;0;1549.3;2629.7
22;1999-09-22;13.8;20.5;16.5;3.5;1560.8;2646.2
22;1999-09-23;11.8;18.7;15.4;0;1571.2;2661.6
22;1999-09-24;13.6;19.6;16.4;8.8;1582.6;2678
22;1999-09-25;13.7;18.9;15.8;4.5;1593.4;2693.8
22;1999-09-26;11.8;17.7;14.4;0;1602.8;2708.2
22;1999-09-27;12.7;17.2;14.8;1.9;1612.6;2723
22;1999-09-28;14;17;15;5;1622.6;2738
22;1999-09-29;10.6;15.7;13.9;0.1;1631.5;2751.9
22;1999-09-30;10.6;16.2;14.4;1.1;1640.9;2766.3
22;1999-10-01;12.1;14.4;12.9;8.8;1648.8;2779.2
22;1999-10-02;10.7;16.2;13.5;1.4;1657.3;2792.7
22;1999-10-03;9.8;12.6;11.1;3.6;1663.4;2803.8
22;1999-10-04;9.3;13.8;11.5;1.9;1669.9;2815.3
22;1999-10-05;7.2;14.8;11.3;0;1676.2;2826.6
22;1999-10-06;9.2;14.2;11;2.7;1682.2;2837.6
22;1999-10-07;6.6;13.3;10.1;0;1687.3;2847.7
22;1999-10-08;8.9;13.4;11.5;9;1693.8;2859.2
22;1999-10-09;8.8;12.8;10.3;11.3;1699.1;2869.5
22;1999-10-10;8.1;14;10.1;2.5;1704.2;2879.6
22;1999-10-11;8.1;14.5;12.6;4.7;1711.8;2892.2
22;1999-10-12;9.4;13.3;10.8;0;1717.6;2903
22;1999-10-13;9.4;13.1;10.8;0;1723.4;2913.8
22;1999-10-14;9.5;13.5;10.9;1.1;1729.3;2924.7
22;1999-10-15;2.5;12.2;7.1;0.2;1731.4;2931.8
22;1999-10-16;0.5;10.2;5.1;0;1731.5;2936.9
22;1999-10-17;0.9;9.4;5.2;0;1731.7;2942.1
22;1999-10-18;-0.7;9.6;4.1;0;1731.7;2946.2
22;1999-10-19;-0.7;9.5;6.4;0.1;1733.1;2952.6
22;1999-10-20;3.6;8.8;5.7;0.7;1733.8;2958.3
22;1999-10-21;3.8;7.1;5.4;0.3;1734.2;2963.7
22;1999-10-22;3.8;7.8;6.7;0;1735.9;2970.4
22;1999-10-23;5.7;8.9;7.6;0;1738.5;2978
22;1999-10-24;6.5;10.2;9.1;15.3;1742.6;2987.1
22;1999-10-25;8.5;13.4;10.9;0.3;1748.5;2998
22;1999-10-26;8.6;12.4;11.4;1.4;1754.9;3009.4
22;1999-10-27;9.8;11.4;10.6;2.3;1760.5;3020
22;1999-10-28;9.6;12.2;10.6;0.3;1766.1;3030.6
22;1999-10-29;4.2;11.7;7.7;0;1768.8;3038.3
22;1999-10-30;5;11.9;8.7;0;1772.5;3047
22;1999-10-31;5.7;12.6;10.4;0;1777.9;3057.4
22;1999-11-01;8.6;11.2;10;0.6;1782.9;3067.4
22;1999-11-02;9;14.2;11.3;0.4;1789.2;3078.7
22;1999-11-03;7.5;11.6;9;0;1793.2;3087.7
22;1999-11-04;7.7;11.6;9.3;0;1797.5;3097
22;1999-11-05;4.6;7.8;6.1;0;1798.6;3103.1
22;1999-11-06;4.6;11.6;8.8;0;1802.4;3111.9
22;1999-11-07;6;8.5;7.5;0;1804.9;3119.4
22;1999-11-08;5.1;10.7;6.9;0;1806.8;3126.3
22;1999-11-09;1.1;7.8;4.3;0;1806.8;3130.6
22;1999-11-10;2.2;9;6.4;0;1808.2;3137
22;1999-11-11;-1.9;7.5;2.2;0;1808.2;3139.2
22;1999-11-12;-1.9;9.2;4.5;0;1808.2;3143.7
22;1999-11-13;0.3;9.2;8.1;0.2;1811.3;3151.8
22;1999-11-14;0.3;9;3.6;0;1811.3;3155.4
22;1999-11-15;-4.1;3.2;-0.5;0;1811.3;3155.4
22;1999-11-16;-4.1;2.8;2;0;1811.3;3157.4
22;1999-11-17;-0.1;3.8;2;0;1811.3;3159.4
22;1999-11-18;0.9;3.2;1.7;2.7;1811.3;3161.1
22;1999-11-19;0.1;3.5;1.9;1.1;1811.3;3163
22;1999-11-20;0.6;2.3;1;0;1811.3;3164
22;1999-11-21;-1.3;2.6;0.1;0;1811.3;3164.1
22;1999-11-22;-4;1.2;-1.3;0;1811.3;3164.1
22;1999-11-23;-2.1;3.1;2.1;0.3;1811.3;3166.2
22;1999-11-24;1.4;4.6;3.2;0;1811.3;3169.4
22;1999-11-25;2.5;8.1;7.1;0;1813.4;3176.5
22;1999-11-26;5.7;8.4;7.4;2.5;1815.8;3183.9
22;1999-11-27;5.7;7.1;6;0;1816.8;3189.9
22;1999-11-28;4.2;7.6;6.4;0.8;1818.2;3196.3
22;1999-11-29;5.6;8.4;7.4;0;1820.6;3203.7
22;1999-11-30;0.6;8.6;4.8;0;1820.6;3208.5
22;1999-12-01;1.8;9.6;6.9;3.8;1822.5;3215.4
22;1999-12-02;2.4;5.2;3.7;4.6;1822.5;3219.1
22;1999-12-03;2.3;7.6;4.8;3.5;1822.5;3223.9
22;1999-12-04;1.6;4.9;3.3;12.8;1822.5;3227.2
22;1999-12-05;1;3.4;1.3;1.6;1822.5;3228.5
22;1999-12-06;-1.3;9.2;4.2;2.3;1822.5;3232.7
22;1999-12-07;1.3;9.5;7.8;7.7;1825.3;3240.5
22;1999-12-08;4.4;6.4;5.5;1;1825.8;3246
22;1999-12-09;4.8;7.8;6.8;5.5;1827.6;3252.8
22;1999-12-10;5.1;7.2;5.8;0.1;1828.4;3258.6
22;1999-12-11;3.7;5.6;4.6;0.8;1828.4;3263.2
22;1999-12-12;4;7.7;6;25;1829.4;3269.2
22;1999-12-13;1.1;3.5;2.1;0.4;1829.4;3271.3
22;1999-12-14;0.7;2.7;0.9;0.7;1829.4;3272.2
22;1999-12-15;-1.5;-0.4;-0.9;2;1829.4;3272.2
22;1999-12-16;-4.6;1.6;-1.2;0;1829.4;3272.2
22;1999-12-17;-4.9;6;3.7;0.3;1829.4;3275.9
22;1999-12-18;1.1;3.8;0.9;5.5;1829.4;3276.8
22;1999-12-19;-1.3;1.7;0.2;0.7;1829.4;3277
22;1999-12-20;-4.1;2.2;-1.1;0.1;1829.4;3277
22;1999-12-21;-5.9;1.1;-2.5;0;1829.4;3277
22;1999-12-22;-5.9;1.4;0.3;0;1829.4;3277.3
22;1999-12-23;-0.6;4.2;2;5;1829.4;3279.3
22;1999-12-24;0.1;4.6;2.9;3;1829.4;3282.2
22;1999-12-25;1;6.8;4.8;11.3;1829.4;3287
22;1999-12-26;1.8;4.2;2.4;1.8;1829.4;3289.4
22;1999-12-27;0.6;4.2;2.9;1.7;1829.4;3292.3
22;1999-12-28;1;2.4;1.5;1.3;1829.4;3293.8
22;1999-12-29;-1;0.9;-0.6;0;1829.4;3293.8
22;1999-12-30;-2.1;2.4;0.9;0.3;1829.4;3294.7
22;1999-12-31;0.3;3.4;2.2;1;1829.4;3296.9
22;2000-01-01;1;4.9;3.1;1.1;0;3.1
22;2000-01-02;0.6;5.5;3.7;2.6;0;6.8
22;2000-01-03;3.5;6.8;5.5;0.2;0.5;12.4
22;2000-01-04;4.2;5.6;4.2;0.5;0.5;16.6
22;2000-01-05;2.5;5.2;3.8;2.5;0.5;20.4
22;2000-01-06;2.1;5.9;4;0;0.5;24.4
22;2000-01-07;0.5;5.9;3.5;1;0.5;27.9
22;2000-01-08;0.8;5.7;4.4;0;0.5;32.4
22;2000-01-09;1.3;4.5;2.9;0;0.5;35.2
22;2000-01-10;0.4;4;1.7;0;0.5;36.9
22;2000-01-11;0.5;3.5;2.6;0;0.5;39.5
22;2000-01-12;2.4;3.3;3;0.3;0.5;42.5
22;2000-01-13;1.1;2.8;1.1;0;0.5;43.6
22;2000-01-14;-0.1;0.5;0;0;0.5;43.6
22;2000-01-15;-0.4;2.1;0.6;0.1;0.5;44.1
22;2000-01-16;-0.4;6.3;4.6;0;0.5;48.8
22;2000-01-17;3.5;7.7;6.2;0;1.8;55
22;2000-01-18;3.6;6;4.2;1.5;1.8;59.2
22;2000-01-19;-0.2;3;1.2;0;1.8;60.3
22;2000-01-20;-0.3;6.4;3.9;0;1.8;64.2
22;2000-01-21;-1.8;3.5;-1.3;0.4;1.8;64.2
22;2000-01-22;-5.2;-1.2;-2.7;0;1.8;64.2
22;2000-01-23;-7.7;-1.4;-4.7;0;1.8;64.2
22;2000-01-24;-11.2;-1.7;-5.6;0;1.8;64.2
22;2000-01-25;-10.3;1.9;0.9;0.5;1.8;65.1
22;2000-01-26;1;5;2.9;0;1.8;68
22;2000-01-27;1.1;4.8;4.2;0.2;1.8;72.3
22;2000-01-28;3.5;4.5;3.7;2.4;1.8;76
22;2000-01-29;2.8;7.8;4.8;2.5;1.8;80.8
22;2000-01-30;2.9;5.9;3.3;3.2;1.8;84.1
22;2000-01-31;0.1;7.7;4.5;7.7;1.8;88.6
22;2000-02-01;1.3;6.4;5.3;4.5;2;93.9
22;2000-02-02;3.1;6.5;4.3;0.3;2;98.3
22;2000-02-03;2.6;4.1;2.4;1;2;100.7
22;2000-02-04;-0.7;7.7;5;0;2;105.7
22;2000-02-05;4;8;7;1.3;4;112.6
22;2000-02-06;4.8;6.1;5.5;0;4.5;118.2
22;2000-02-07;5.2;7;5.7;0.6;5.3;123.9
22;2000-02-08;4.4;6.5;5.4;3.5;5.6;129.2
22;2000-02-09;3.8;5.5;4.1;4.1;5.6;133.3
22;2000-02-10;2.8;6.3;4.6;2;5.6;137.9
22;2000-02-11;2.6;5.7;4.4;1.2;5.6;142.3
22;2000-02-12;2.8;5.7;3.8;0;5.6;146
22;2000-02-13;0.5;4.7;2.4;4;5.6;148.4
22;2000-02-14;1.1;3.5;1.8;0.8;5.6;150.2
22;2000-02-15;0;6.9;3.8;3.6;5.6;154.1
22;2000-02-16;1.8;3.1;2.1;0;5.6;156.2
22;2000-02-17;0.2;4.1;1.1;7.4;5.6;157.3
22;2000-02-18;-2;1.5;0.4;0.3;5.6;157.7
22;2000-02-19;0.3;1.9;0.9;4.5;5.6;158.6
22;2000-02-20;-0.9;2.7;0.2;1.4;5.6;158.7
22;2000-02-21;-3;3.1;-0.4;0.3;5.6;158.7
22;2000-02-22;-1.1;1.2;0;0;5.6;158.7
22;2000-02-23;-0.4;2.6;1.1;1.6;5.6;159.8
22;2000-02-24;0.6;7.1;3.3;2.5;5.6;163.2
22;2000-02-25;1.9;6.9;4;1.1;5.6;167.2
22;2000-02-26;2;6.7;4;0.8;5.6;171.2
22;2000-02-27;0.3;6.2;3.6;0;5.6;174.8
22;2000-02-28;2.3;9.3;6.4;0;7;181.3
22;2000-02-29;2.9;6.9;4.6;0;7;185.9
22;2000-03-01;3.2;7;4.6;3;7;190.5
22;2000-03-02;1.7;4.9;3;0.5;7;193.6
22;2000-03-03;2.4;6.4;4.4;5.3;7;198
22;2000-03-04;-1;4.2;1.5;2;7;199.5
22;2000-03-05;0;3.5;1.5;0;7;201
22;2000-03-06;0.7;7.2;4.6;0;7;205.6
22;2000-03-07;4.1;7.5;6.2;2.3;8.3;211.8
22;2000-03-08;2.4;9.2;5.8;8.5;9.1;217.7
22;2000-03-09;3.7;7.5;4;1.2;9.1;221.7
22;2000-03-10;-0.8;4;1.7;0;9.1;223.3
22;2000-03-11;0.6;6.5;3;12.3;9.1;226.4
22;2000-03-12;-1.1;3.9;1.9;0.2;9.1;228.2
22;2000-03-13;1;5.8;4.4;1.4;9.1;232.6
22;2000-03-14;3.6;6.6;4.7;2.9;9.1;237.3
22;2000-03-15;1.3;4.8;2.7;1.1;9.1;240
22;2000-03-16;0.8;5.1;2.5;0.6;9.1;242.5
22;2000-03-17;0.1;5.8;2.6;3.7;9.1;245
22;2000-03-18;0.3;6.6;2.3;0;9.1;247.4
22;2000-03-19;-0.5;7.9;3.9;0;9.1;251.2
22;2000-03-20;3.1;11.5;6.3;0;10.4;257.5
22;2000-03-21;3.5;11.3;6.5;0;11.9;264
22;2000-03-22;3.7;7.4;5.7;0;12.6;269.7
22;2000-03-23;2.3;7.3;4.5;1.1;12.6;274.2
22;2000-03-24;-1.1;6.8;2.8;0;12.6;277
22;2000-03-25;1.6;5.4;4.1;0.3;12.6;281.1
22;2000-03-26;3.1;5.9;4.9;1.1;12.6;286
22;2000-03-27;3.1;5.2;3.2;10.5;12.6;289.2
22;2000-03-28;-0.4;5.7;1.9;0.2;12.6;291
22;2000-03-29;-0.7;7.7;3.4;1.8;12.6;294.5
22;2000-03-30;2.1;8.5;3.7;0;12.6;298.2
22;2000-03-31;-0.9;8.8;4.5;0;12.6;302.7
22;2000-04-01;4;7.9;5.3;0;12.9;308
22;2000-04-02;0.1;8.1;4.5;0;12.9;312.5
22;2000-04-03;2.5;11.4;6.7;0;14.6;319.2
22;2000-04-04;4;9.5;7;0;16.6;326.2
22;2000-04-05;0.7;4.2;2.2;7.5;16.6;328.4
22;2000-04-06;-1.9;10.4;4.5;0;16.6;332.9
22;2000-04-07;4;12.2;7.5;0;19.1;340.4
22;2000-04-08;0.6;9.8;6.1;0;20.2;346.5
22;2000-04-09;-0.4;7.9;3.8;0;20.2;350.3
22;2000-04-10;0.9;8.1;4.1;0;20.2;354.4
22;2000-04-11;0.1;9.1;5;0;20.2;359.4
22;2000-04-12;1.9;10.2;6;0;21.2;365.3
22;2000-04-13;4.5;9.6;6.2;4.2;22.3;371.5
22;2000-04-14;4;8.5;5.8;0;23.1;377.3
22;2000-04-15;1.8;9.6;6.1;0.8;24.2;383.4
22;2000-04-16;6;9.9;7.4;0.9;26.7;390.8
22;2000-04-17;2.4;12.2;7.9;0;29.5;398.7
22;2000-04-18;5.9;12.1;8.6;2.9;33.1;407.3
22;2000-04-19;6;10.7;8.1;0;36.2;415.4
22;2000-04-20;3.9;14.1;9;5.8;40.2;424.4
22;2000-04-21;7.5;18.6;12.7;0;48;437.2
22;2000-04-22;5.7;17.1;12;0;55;449.1
22;2000-04-23;9.9;16.7;12.6;7.7;62.6;461.7
22;2000-04-24;9.4;15.4;11.2;8.2;68.8;472.9
22;2000-04-25;7.7;13.7;9.7;3;73.5;482.6
22;2000-04-26;4;15;9.5;0;78;492.1
22;2000-04-27;8;20.5;14.2;0;87.1;506.3
22;2000-04-28;10.9;20.5;15.5;0;97.7;521.8
22;2000-04-29;11.4;23.1;17.2;0;109.8;539
22;2000-04-30;9.9;24.9;17.7;0;122.6;556.8
22;2000-05-01;13.7;18.6;14.3;0.1;131.9;571.1
22;2000-05-02;8.1;15.6;11;0;137.9;582.1
22;2000-05-03;5.9;19.1;12.8;0;145.6;594.8
22;2000-05-04;6.2;19;12.5;0;153.1;607.3
22;2000-05-05;7.2;19.1;13.2;0;161.4;620.6
22;2000-05-06;6.3;20;12.9;0;169.2;633.4
22;2000-05-07;6.1;16.5;11;0;175.2;644.4
22;2000-05-08;4.1;20;12.7;0;182.9;657.1
22;2000-05-09;3.6;19.5;13.5;0;191.4;670.6
22;2000-05-10;6.4;22;14.7;0;201.1;685.3
22;2000-05-11;8.8;18.8;13.8;0;209.9;699.1
22;2000-05-12;6.4;15.8;11.7;0;216.5;710.7
22;2000-05-13;3.8;19;12.2;0;223.8;722.9
22;2000-05-14;5.6;22.4;15.5;0;234.2;738.4
22;2000-05-15;7.7;24.9;17.5;0;246.7;755.9
22;2000-05-16;8.6;26.2;18.8;0;260.6;774.8
22;2000-05-17;13.3;22.9;15.3;0;270.9;790.1
22;2000-05-18;7.5;16.1;11.8;6.4;277.6;801.8
22;2000-05-19;6.5;15.2;10.9;1;283.5;812.7
22;2000-05-20;7.5;15.8;11.4;0.2;289.9;824.1
22;2000-05-21;6.2;14.5;11.1;0;296;835.2
22;2000-05-22;5.9;15.8;11.4;0;302.4;846.6
22;2000-05-23;5.6;17.4;13;0.3;310.4;859.6
22;2000-05-24;12.8;16.8;13.6;3.6;319;873.2
22;2000-05-25;9.8;17.2;11.5;2;325.5;884.7
22;2000-05-26;8.9;15.9;12.4;3.5;332.9;897.1
22;2000-05-27;10.8;17.8;12.5;0.2;340.4;909.6
22;2000-05-28;7.5;16.1;12;1.1;347.4;921.5
22;2000-05-29;9;13.7;10.3;5;352.7;931.9
22;2000-05-30;7.8;13.5;9.9;1;357.6;941.8
22;2000-05-31;4.4;15.6;10.2;1.2;362.9;952
22;2000-06-01;5.9;18.1;12.9;0;370.8;965
22;2000-06-02;13.2;15.4;14;1.1;379.7;978.9
22;2000-06-03;7.9;16.5;11.9;0;386.7;990.9
22;2000-06-04;6.2;11.5;9.6;0;391.3;1000.4
22;2000-06-05;8.4;16.7;12.2;0.4;398.5;1012.7
22;2000-06-06;8.5;10.9;9.3;1.9;402.8;1022
22;2000-06-07;6.4;14;10.3;5.6;408.1;1032.3
22;2000-06-08;8.3;17.1;12.4;2.2;415.5;1044.6
22;2000-06-09;5.9;20;14.2;0;424.7;1058.8
22;2000-06-10;11.9;25.6;19.8;0;439.5;1078.7
22;2000-06-11;12.9;19.5;15.2;1.5;449.7;1093.9
22;2000-06-12;10.6;18.1;14.6;0;459.3;1108.5
22;2000-06-13;12.4;20.4;15.6;0;469.9;1124.1
22;2000-06-14;9.4;17.1;13.8;0;478.8;1137.9
22;2000-06-15;8;16.7;12.4;0;486.2;1150.4
22;2000-06-16;9.6;15.2;11.6;0;492.7;1161.9
22;2000-06-17;8.5;19.1;13.8;0;501.5;1175.7
22;2000-06-18;10.6;20.5;15;0;511.6;1190.7
22;2000-06-19;11.1;25.2;18.3;0;524.8;1209
22;2000-06-20;15.3;30.2;23.8;0;543.6;1232.8
22;2000-06-21;17.1;29.5;22.9;0;561.5;1255.7
22;2000-06-22;15.4;20.8;17.1;10;573.6;1272.8
22;2000-06-23;12.1;19.7;16.2;0;584.7;1288.9
22;2000-06-24;11.2;16.9;14;0;593.7;1302.9
22;2000-06-25;10.1;17.9;13.6;0.6;602.3;1316.5
22;2000-06-26;11.5;13.3;12;5.5;609.3;1328.5
22;2000-06-27;9.9;14.8;11.7;0.6;616;1340.2
22;2000-06-28;9.3;17.1;12.4;0;623.4;1352.6
22;2000-06-29;9.3;16.8;13;0;631.4;1365.6
22;2000-06-30;9.8;12.9;11.9;0;638.2;1377.4
22;2000-07-01;10.8;13.3;12;3;645.2;1389.4
22;2000-07-02;10;19.6;14.8;1;655;1404.2
22;2000-07-03;7.7;22;16.1;0;666.1;1420.3
22;2000-07-04;7.9;23.4;16.6;0;677.7;1436.9
22;2000-07-05;10.8;22.2;16.4;0;689.1;1453.3
22;2000-07-06;12.2;16.1;13.9;0;698;1467.2
22;2000-07-07;11.1;16.1;12.6;0;705.6;1479.8
22;2000-07-08;8.3;18.2;13.4;0;714;1493.2
22;2000-07-09;11;15.4;13.5;0;722.5;1506.7
22;2000-07-10;11.2;17.1;13.9;1.1;731.5;1520.6
22;2000-07-11;11.3;18.6;15;9.6;741.4;1535.6
22;2000-07-12;13.1;19.1;15.3;0;751.7;1550.9
22;2000-07-13;11.1;17.5;13.6;0;760.3;1564.5
22;2000-07-14;10.8;19.2;15;0.3;770.4;1579.6
22;2000-07-15;10.8;18.8;14.3;0.3;779.7;1593.8
22;2000-07-16;8.2;21.4;15.8;0;790.5;1609.7
22;2000-07-17;10.9;20.9;15.8;0;801.3;1625.5
22;2000-07-18;11.9;15.7;13.5;0;809.8;1639
22;2000-07-19;11.5;17.4;13.8;0.4;818.6;1652.8
22;2000-07-20;12.6;20;15.3;0;828.9;1668
22;2000-07-21;13.1;20.8;16.4;0;840.3;1684.5
22;2000-07-22;13.1;21.9;16.6;0.7;851.9;1701.1
22;2000-07-23;11.7;22.7;17.5;1.4;864.3;1718.5
22;2000-07-24;9.8;22.5;16.6;0;875.9;1735.1
22;2000-07-25;12.2;19.9;16;0.4;887;1751.2
22;2000-07-26;9.5;24.6;17;0;899;1768.2
22;2000-07-27;11.9;20.2;16.3;0;910.3;1784.5
22;2000-07-28;14.7;19.9;16.8;0;922.1;1801.3
22;2000-07-29;13.6;22.2;17.1;0;934.3;1818.5
22;2000-07-30;11.5;19;15.8;0;945;1834.2
22;2000-07-31;14;21;16;0;956;1850.2
22;2000-08-01;12.8;21.8;16.7;0.5;967.7;1866.9
22;2000-08-02;14.3;21.2;17.1;1;979.8;1884
22;2000-08-03;9.6;21.8;15.8;11.8;990.6;1899.8
22;2000-08-04;12.2;20.6;16;3.7;1001.6;1915.8
22;2000-08-05;10.9;19;15.5;0.8;1012.1;1931.3
22;2000-08-06;12.6;21.1;16.5;0;1023.6;1947.8
22;2000-08-07;12.5;18.2;14.5;0.2;1033.1;1962.3
22;2000-08-08;10.7;18.2;14.4;0;1042.5;1976.7
22;2000-08-09;11.5;20.4;15.1;0;1052.6;1991.8
22;2000-08-10;9.2;19.3;15;0;1062.6;2006.8
22;2000-08-11;15.4;18.4;16.2;3.6;1073.8;2023
22;2000-08-12;13.4;20.2;15.9;0;1084.7;2038.9
22;2000-08-13;8.8;22.5;15.7;0;1095.4;2054.6
22;2000-08-14;9.6;25.9;18.5;0;1108.9;2073.1
22;2000-08-15;16.3;21.8;18.8;2;1122.7;2091.9
22;2000-08-16;12.8;20.7;16.6;0;1134.4;2108.5
22;2000-08-17;12.4;21.1;16.4;0;1145.7;2124.9
22;2000-08-18;10.1;21.6;16.2;1;1156.9;2141.1
22;2000-08-19;11.8;19.9;16;0;1168;2157.1
22;2000-08-20;14.5;21.6;16.9;0;1179.9;2174.1
22;2000-08-21;9.2;19.4;14.4;0;1189.3;2188.5
22;2000-08-22;8.5;19.7;14.3;0;1198.6;2202.8
22;2000-08-23;10.4;18.9;14.4;0;1207.9;2217.1
22;2000-08-24;10.9;17.5;14.3;0;1217.2;2231.4
22;2000-08-25;11.9;20.4;15.3;2;1227.5;2246.7
22;2000-08-26;6.4;22.1;15;0;1237.6;2261.7
22;2000-08-27;13.7;21.5;17.3;0;1249.8;2279
22;2000-08-28;15.2;18.5;16.5;0;1261.4;2295.6
22;2000-08-29;12.3;20.6;15.8;0;1272.1;2311.3
22;2000-08-30;5.3;20.3;14;0;1281.1;2325.3
22;2000-08-31;9.4;16.2;13.5;0;1289.6;2338.8
22;2000-09-01;7.6;18.9;14.5;0;1299.1;2353.3
22;2000-09-02;13.4;16;14.6;5.1;1308.7;2367.9
22;2000-09-03;13.2;16.3;13.8;18.3;1317.6;2381.8
22;2000-09-04;7.2;17.5;12.2;0;1324.8;2393.9
22;2000-09-05;8.4;17.7;12.8;0.2;1332.6;2406.8
22;2000-09-06;9;16.9;13.4;0.4;1340.9;2420.1
22;2000-09-07;12.7;18.5;14.9;11;1350.8;2435
22;2000-09-08;12.5;19;15.3;1.5;1361.1;2450.3
22;2000-09-09;13.6;19.9;15.9;1.8;1372;2466.1
22;2000-09-10;10.7;17.9;14.2;0;1381.1;2480.3
22;2000-09-11;7.8;16.9;12.9;0;1389.1;2493.3
22;2000-09-12;10.7;14.3;12.6;0.2;1396.6;2505.8
22;2000-09-13;11.7;17;14.4;3.6;1406;2520.2
22;2000-09-14;12.2;13.9;13;13.6;1414.1;2533.3
22;2000-09-15;12.2;14.9;13.5;4.7;1422.5;2546.7
22;2000-09-16;12;15.8;13.8;0.2;1431.4;2560.5
22;2000-09-17;11.1;15.4;13;0;1439.3;2573.5
22;2000-09-18;9.7;15.2;11.9;0;1446.2;2585.4
22;2000-09-19;5.9;14.5;10.9;0;1452.1;2596.3
22;2000-09-20;10.1;15.1;12.6;0;1459.7;2608.9
22;2000-09-21;9.7;17.1;12.9;0;1467.7;2621.8
22;2000-09-22;7;17.4;12.2;0;1474.8;2634
22;2000-09-23;7.4;17.8;11.8;0;1481.7;2645.8
22;2000-09-24;5.9;15.9;10.3;0;1487;2656.2
22;2000-09-25;5.4;15.4;10.7;0;1492.7;2666.9
22;2000-09-26;9.9;15.5;12.3;1.9;1500;2679.2
22;2000-09-27;11.5;18.3;14.5;0.2;1509.5;2693.7
22;2000-09-28;12;16.9;14.4;8;1518.9;2708.1
22;2000-09-29;13.3;20.6;16;0;1529.9;2724.1
22;2000-09-30;12.7;18.3;14.6;0;1539.5;2738.7
22;2000-10-01;11;17.8;13.3;0;1547.8;2752
22;2000-10-02;10.3;14.7;12.9;0.3;1555.7;2764.9
22;2000-10-03;9.2;15.8;11.8;4.8;1562.5;2776.7
22;2000-10-04;9.2;17.3;13;0;1570.5;2789.7
22;2000-10-05;8.1;14.7;12.2;0;1577.6;2801.8
22;2000-10-06;11.7;14.1;11.6;12.4;1584.3;2813.5
22;2000-10-07;6.4;12.8;10.1;0;1589.4;2823.6
22;2000-10-08;8.4;12.1;9.8;0.4;1594.2;2833.4
22;2000-10-09;8.4;13.2;10.3;0.1;1599.6;2843.8
22;2000-10-10;8.2;12.6;10;6.4;1604.6;2853.8
22;2000-10-11;6.6;11.2;9.5;3.9;1609.1;2863.3
22;2000-10-12;8.3;13.8;11;1.8;1615.2;2874.4
22;2000-10-13;8.5;13.7;10.7;0;1620.9;2885.1
22;2000-10-14;5.3;14.1;9.1;0.9;1625;2894.2
22;2000-10-15;5.3;15.2;10.7;0.1;1630.7;2904.9
22;2000-10-16;10.3;15.6;13.7;0;1639.4;2918.6
22;2000-10-17;9.8;14;12;0;1646.4;2930.6
22;2000-10-18;6.7;12;9.2;0;1650.6;2939.8
22;2000-10-19;6.9;11.6;9.9;0;1655.5;2949.6
22;2000-10-20;9.5;12;10.8;1.5;1661.2;2960.4
22;2000-10-21;10.1;12.3;11.2;0;1667.5;2971.6
22;2000-10-22;10.8;13.8;12.1;0;1674.6;2983.8
22;2000-10-23;10.2;14.2;12.7;0;1682.2;2996.4
22;2000-10-24;10.3;13.2;11.7;7.8;1688.9;3008.1
22;2000-10-25;10.2;12.2;10.9;2.2;1694.8;3019
22;2000-10-26;9.8;11.5;9.9;4.2;1699.7;3028.9
22;2000-10-27;8;12.2;10;1.6;1704.7;3038.9
22;2000-10-28;8.7;13.1;11.7;1.6;1711.4;3050.6
22;2000-10-29;10.9;12.1;10.6;1.5;1717;3061.2
22;2000-10-30;7;12.2;10.2;4;1722.3;3071.4
22;2000-10-31;8.4;10.3;9.4;4;1726.7;3080.8
22;2000-11-01;8.6;10.3;9.3;0.2;1730.9;3090.1
22;2000-11-02;7.1;9.9;8.1;0.7;1734;3098.2
22;2000-11-03;7.1;10.4;9;1.9;1738.1;3107.3
22;2000-11-04;4.9;9;7.3;0.5;1740.3;3114.5
22;2000-11-05;5;7.9;6.7;0;1742.1;3121.3
22;2000-11-06;4.8;9.1;7.5;0;1744.6;3128.8
22;2000-11-07;7.1;9.7;8.8;5;1748.4;3137.6
22;2000-11-08;5.8;9.5;8.2;4.4;1751.6;3145.8
22;2000-11-09;7.5;8.8;8.3;0;1754.9;3154.1
22;2000-11-10;7.7;9.1;8.2;1.6;1758.1;3162.3
22;2000-11-11;6.3;8.1;7.3;0.4;1760.4;3169.6
22;2000-11-12;6.4;8.5;7.4;8.7;1762.9;3177
22;2000-11-13;6.8;9.7;7.9;4;1765.8;3185
22;2000-11-14;6;9;6.6;0;1767.4;3191.5
22;2000-11-15;2.9;7.8;6.1;0;1768.5;3197.7
22;2000-11-16;4.7;7.5;6.6;0.5;1770.1;3204.3
22;2000-11-17;5.9;6.9;6.1;0;1771.2;3210.4
22;2000-11-18;4.4;6.2;5.3;3.6;1771.5;3215.7
22;2000-11-19;4.7;7;6.3;2.8;1772.8;3222
22;2000-11-20;4.2;6.7;5.4;7.7;1773.2;3227.4
22;2000-11-21;2.2;6.1;4.6;2.7;1773.2;3232
22;2000-11-22;2.7;7.7;6;5.7;1774.2;3238
22;2000-11-23;4.3;7.8;6.6;5;1775.8;3244.6
22;2000-11-24;4.7;8;7.3;0;1778.1;3251.9
22;2000-11-25;4;7.4;5.5;0.4;1778.6;3257.4
22;2000-11-26;3.8;6.1;5.1;0;1778.6;3262.4
22;2000-11-27;3.6;7.6;6.7;0;1780.3;3269.1
22;2000-11-28;4.9;9.2;6.2;0;1781.5;3275.3
22;2000-11-29;5.6;11.7;9.7;10.5;1786.2;3285
22;2000-11-30;6.8;10.3;8.1;0.4;1789.3;3293.1
22;2000-12-01;4.1;8.9;6.9;0;1791.2;3300
22;2000-12-02;6.7;10.7;8.4;3;1794.6;3308.4
22;2000-12-03;6.7;8.6;7.7;0.5;1797.3;3316.1
22;2000-12-04;6.4;7.9;6.5;0.5;1798.7;3322.5
22;2000-12-05;5.4;8.1;7.1;0;1800.8;3329.6
22;2000-12-06;5.7;7.2;6.4;0;1802.3;3336.1
22;2000-12-07;4.9;8.6;7;2.3;1804.3;3343.1
22;2000-12-08;5.2;9.6;6.9;2.5;1806.2;3350
22;2000-12-09;5.5;9;7.8;2.4;1809;3357.8
22;2000-12-10;6.6;8.1;7.3;0;1811.3;3365.1
22;2000-12-11;7;10.5;8.7;2.6;1814.9;3373.7
22;2000-12-12;7.5;11.1;9.9;1.8;1819.8;3383.6
22;2000-12-13;9.3;11.1;9.4;4;1824.2;3393
22;2000-12-14;6.6;8.1;7.1;4.7;1826.4;3400.2
22;2000-12-15;6.1;7.5;6.3;0.1;1827.6;3406.4
22;2000-12-16;3.5;6.3;5.4;3.4;1828;3411.8
22;2000-12-17;-0.1;5.1;1.4;4.8;1828;3413.2
22;2000-12-18;-2.3;2.6;0.5;0.4;1828;3413.7
22;2000-12-19;-1.1;2.9;1.5;8.6;1828;3415.2
22;2000-12-20;-0.6;1.8;0.2;0.2;1828;3415.4
22;2000-12-21;-1.7;1.7;-0.6;0;1828;3415.4
22;2000-12-22;-2.9;-1.1;-1.8;0;1828;3415.4
22;2000-12-23;-3.2;1.6;0.2;0;1828;3415.6
22;2000-12-24;-0.6;1.3;-0.4;0;1828;3415.6
22;2000-12-25;-3.9;-0.6;-3.1;0;1828;3415.6
22;2000-12-26;-7.4;-1.1;-3.8;0;1828;3415.6
22;2000-12-27;-5.7;0.8;0;1.4;1828;3415.6
22;2000-12-28;-0.3;1.9;1.1;1.9;1828;3416.7
22;2000-12-29;0;1.8;1.1;3.7;1828;3417.8
22;2000-12-30;0.1;1.9;0.5;0;1828;3418.3
22;2000-12-31;-1.9;0.4;-1;0;1828;3418.3
22;2001-01-01;-3.1;2.1;0.5;0;0;0.5
22;2001-01-02;-0.7;3.5;2.6;9.5;0;3.1
22;2001-01-03;2.1;5.9;4.2;2.6;0;7.3
22;2001-01-04;0.9;3.4;2.2;2.5;0;9.5
22;2001-01-05;1.4;5.2;4.3;4.3;0;13.8
22;2001-01-06;4.3;6;5.3;7.1;0.3;19.1
22;2001-01-07;3.9;5.4;4.7;0;0.3;23.9
22;2001-01-08;4.1;4.9;4.3;0.1;0.3;28.2
22;2001-01-09;3.9;5.7;4.1;0;0.3;32.3
22;2001-01-10;-0.5;3.2;0.8;0;0.3;33.2
22;2001-01-11;-2.3;3;0.6;0;0.3;33.8
22;2001-01-12;-3.6;2.9;-0.4;0;0.3;33.8
22;2001-01-13;-3.6;2.3;0.5;0;0.3;34.3
22;2001-01-14;-0.4;1.8;-0.1;0;0.3;34.3
22;2001-01-15;-2;-0.3;-1.3;0;0.3;34.3
22;2001-01-16;-2.7;-1.2;-2.2;0;0.3;34.3
22;2001-01-17;-2.9;0.5;-0.9;0;0.3;34.3
22;2001-01-18;-1.7;-0.2;-0.7;0;0.3;34.3
22;2001-01-19;-1.2;0;-0.4;0;0.3;34.3
22;2001-01-20;-0.8;0.4;-0.6;0;0.3;34.3
22;2001-01-21;-2.7;1.8;0.3;0;0.3;34.5
22;2001-01-22;-0.1;0.7;0;0;0.3;34.5
22;2001-01-23;-1;3;1.2;0;0.3;35.7
22;2001-01-24;0.5;7;4.4;3;0.3;40.1
22;2001-01-25;1.3;3.9;2.4;5.8;0.3;42.6
22;2001-01-26;1.5;4.3;3.7;5.7;0.3;46.3
22;2001-01-27;1;5.6;2.4;1;0.3;48.7
22;2001-01-28;1;2.8;2.4;0;0.3;51.1
22;2001-01-29;1.5;3.1;2.1;0.9;0.3;53.2
22;2001-01-30;1.1;2.4;1.4;0;0.3;54.6
22;2001-01-31;0.7;3.2;1.4;0;0.3;56
22;2001-02-01;-0.4;1.6;-0.1;2;0.3;56
22;2001-02-02;-7.1;-3.8;-5.6;0;0.3;56
22;2001-02-03;-8.6;-4.7;-6.5;0;0.3;56
22;2001-02-04;-8.4;-2.4;-4.8;0.3;0.3;56
22;2001-02-05;-7.3;0.5;-3.1;1.4;0.3;56
22;2001-02-06;-4.7;6.2;3.3;3.4;0.3;59.4
22;2001-02-07;1.5;7.9;5.2;3.6;0.5;64.5
22;2001-02-08;3.3;9.1;5.2;4.4;0.8;69.8
22;2001-02-09;0;2;0.6;2;0.8;70.4
22;2001-02-10;-2.9;1.2;-0.8;0;0.8;70.4
22;2001-02-11;-2.1;7.9;3.7;3.5;0.8;74.1
22;2001-02-12;1.3;8;6.2;6.4;2;80.3
22;2001-02-13;2.2;6.4;3.6;2.2;2;83.9
22;2001-02-14;1.1;5.2;2.4;0;2;86.3
22;2001-02-15;-0.6;2.7;1.2;0;2;87.5
22;2001-02-16;-0.1;4.2;2.4;0;2;89.9
22;2001-02-17;-2;3;0.9;0;2;90.8
22;2001-02-18;-0.8;7.8;4;0;2;94.8
22;2001-02-19;0;4.6;3.1;0;2;97.9
22;2001-02-20;1.2;5.2;3.5;0;2;101.4
22;2001-02-21;2.2;6.4;4.6;0;2;106
22;2001-02-22;1.8;3.5;1.6;0;2;107.6
22;2001-02-23;-5.4;-1.7;-4.4;0;2;107.6
22;2001-02-24;-9.1;-0.9;-5;0;2;107.6
22;2001-02-25;-7.5;3.2;0;0;2;107.6
22;2001-02-26;-6.3;-0.2;-2.5;3.4;2;107.6
22;2001-02-27;-4;1.8;-0.6;0;2;107.6
22;2001-02-28;-2.3;0.6;-0.8;0;2;107.6
22;2001-03-01;-1.3;0;-0.6;0.7;2;107.6
22;2001-03-02;-2.5;-1;-2.2;1.5;2;107.6
22;2001-03-03;-7.3;-1;-4.1;0.1;2;107.6
22;2001-03-04;-11.2;0.5;-4.4;0;2;107.6
22;2001-03-05;-7.9;1.5;-2.8;0;2;107.6
22;2001-03-06;-5.7;3.3;-0.8;0;2;107.6
22;2001-03-07;-3;3.1;0.7;0;2;108.3
22;2001-03-08;0.1;5.5;3.1;0;2;111.4
22;2001-03-09;2.6;9.7;5.8;2;2.8;117.2
22;2001-03-10;4.1;8.7;7;0;4.7;124.2
22;2001-03-11;6.1;8.2;7.3;0.4;7;131.5
22;2001-03-12;6.6;8.8;5.9;5.1;7.9;137.4
22;2001-03-13;0.8;7.5;4.1;0.6;7.9;141.5
22;2001-03-14;2.3;5.4;3.6;1.9;7.9;145.2
22;2001-03-15;2.5;7.7;4.5;2.5;7.9;149.7
22;2001-03-16;1.2;6.3;3.1;0.4;7.9;152.8
22;2001-03-17;-2.1;3.3;0.8;0;7.9;153.6
22;2001-03-18;-0.3;1.9;0.1;0;7.9;153.7
22;2001-03-19;-2.7;-1.6;-2.5;4.2;7.9;153.7
22;2001-03-20;-6.5;0.4;-3.8;3.4;7.9;153.7
22;2001-03-21;-12.3;0.9;-5.5;0;7.9;153.7
22;2001-03-22;-7.5;1;-2.3;0;7.9;153.7
22;2001-03-23;-5.3;2.1;-0.7;0;7.9;153.7
22;2001-03-24;-0.5;1.9;0.9;0;7.9;154.7
22;2001-03-25;-0.5;1.9;0.3;0;7.9;154.9
22;2001-03-26;-2.4;2.2;-0.4;0;7.9;154.9
22;2001-03-27;-3.9;1.8;-1;0;7.9;154.9
22;2001-03-28;-2.5;3.2;0.6;0;7.9;155.5
22;2001-03-29;-0.3;4.8;2;0;7.9;157.5
22;2001-03-30;0.5;6.2;4;3.6;7.9;161.5
22;2001-03-31;1;9.5;5.6;0;8.5;167.1
22;2001-04-01;4.9;10.9;7.7;0.4;11.2;174.8
22;2001-04-02;2.5;13.7;7.9;0;14.1;182.7
22;2001-04-03;4.2;12.1;8.4;0;17.5;191
22;2001-04-04;2.6;14.2;7.9;0;20.3;198.9
22;2001-04-05;4.8;8.9;6.1;7;21.4;205
22;2001-04-06;3.5;8.4;6.3;0.1;22.7;211.3
22;2001-04-07;6.3;11;7.7;1;25.4;219
22;2001-04-08;3.7;10.1;6;6.5;26.4;225
22;2001-04-09;3.2;8.8;5.6;0;27;230.5
22;2001-04-10;2.6;8.6;5.6;0;27.6;236.1
22;2001-04-11;1.8;10.9;6.6;0;29.2;242.8
22;2001-04-12;0.3;4.8;2.7;0;29.2;245.4
22;2001-04-13;0.3;4.4;2.2;5.2;29.2;247.6
22;2001-04-14;-2.1;4.5;1.8;0;29.2;249.4
22;2001-04-15;-0.1;2.9;1.5;0.8;29.2;250.9
22;2001-04-16;0.3;6.4;3.7;1.1;29.2;254.6
22;2001-04-17;0.5;8.5;4.3;0;29.2;259
22;2001-04-18;2.9;5.4;3.1;3.5;29.2;262.1
22;2001-04-19;-0.3;7;3.4;4.2;29.2;265.5
22;2001-04-20;0.8;8.6;4.4;0;29.2;269.9
22;2001-04-21;-0.5;10.7;5;0;29.2;274.9
22;2001-04-22;0;10.7;6.4;0;30.6;281.3
22;2001-04-23;4.3;6.4;5.4;0.1;31;286.7
22;2001-04-24;4.9;11.5;7.7;8;33.6;294.4
22;2001-04-25;5;11;8;0;36.7;302.4
22;2001-04-26;5.7;11.2;8;15.4;39.7;310.4
22;2001-04-27;6.9;11.2;8.5;2.4;43.2;318.9
22;2001-04-28;3.9;9;7;0.1;45.2;325.9
22;2001-04-29;3.8;12.8;8.7;5.3;48.8;334.6
22;2001-04-30;6.2;15;10.5;0.5;54.3;345
22;2001-05-01;5.7;12.4;8.5;0.6;57.8;353.5
22;2001-05-02;4.2;16.2;9.5;0;62.3;363
22;2001-05-03;4.7;19.1;12.4;0;69.7;375.4
22;2001-05-04;7.8;12.1;9;12;73.7;384.4
22;2001-05-05;5.1;11.1;7.5;0;76.2;391.9
22;2001-05-06;4.9;14.4;9.7;0;80.9;401.7
22;2001-05-07;3.3;15.1;9.8;0;85.8;411.5
22;2001-05-08;8.2;18.8;12.8;0;93.5;424.2
22;2001-05-09;5.4;20.2;13.6;0;102.1;437.9
22;2001-05-10;6.2;21.4;14.3;0;111.4;452.1
22;2001-05-11;7.6;19.9;14;0;120.4;466.2
22;2001-05-12;6.8;21.4;14.9;0;130.4;481.1
22;2001-05-13;8;20.8;15.1;0;140.4;496.2
22;2001-05-14;6.8;20.4;14.7;0;150.1;510.8
22;2001-05-15;9.1;15.9;12.4;0;157.5;523.2
22;2001-05-16;8.1;18.1;13.6;0.9;166.1;536.8
22;2001-05-17;11.3;18.3;13.5;0.3;174.6;550.3
22;2001-05-18;8.3;13.3;10.2;2.9;179.8;560.5
22;2001-05-19;7.8;13;10.1;0.2;184.9;570.6
22;2001-05-20;7.5;14.8;10.9;0;190.8;581.5
22;2001-05-21;8.5;15;11;0;196.7;592.4
22;2001-05-22;3.5;16.5;11.2;0;202.9;603.6
22;2001-05-23;5.6;19.5;13.6;0;211.4;617.2
22;2001-05-24;6.7;18;12.3;0;218.7;629.5
22;2001-05-25;5.9;19.1;12.6;0;226.3;642.1
22;2001-05-26;5.1;19.2;13.6;0;235;655.7
22;2001-05-27;8.6;19;14;0;243.9;669.6
22;2001-05-28;12.2;19.1;15.1;2.5;254;684.7
22;2001-05-29;11.2;15.2;13;2;262;697.7
22;2001-05-30;10.8;14.8;12.2;0.2;269.1;709.9
22;2001-05-31;9;15;12.4;0.3;276.5;722.3
22;2001-06-01;10.2;14.5;12;0.6;283.6;734.3
22;2001-06-02;9;12.8;10.8;0.6;289.4;745.1
22;2001-06-03;7.7;13.5;10.2;10;294.6;755.3
22;2001-06-04;8.5;14.3;11.1;2.6;300.7;766.5
22;2001-06-05;9.9;14.3;11.7;0.6;307.5;778.2
22;2001-06-06;9.8;16.8;13.2;0;315.7;791.4
22;2001-06-07;12.1;15.4;12.6;1.1;323.2;804
22;2001-06-08;8.1;15.4;11.1;0.2;329.4;815.1
22;2001-06-09;5.7;15;10.7;0.1;335.1;825.8
22;2001-06-10;5;14.1;10.3;0;340.4;836.1
22;2001-06-11;4.3;14.3;10.1;0.8;345.5;846.2
22;2001-06-12;8.8;15.1;11.8;0;352.3;858
22;2001-06-13;6.5;15.2;10.8;0.2;358.1;868.8
22;2001-06-14;5.7;17.2;11.9;0;365;880.8
22;2001-06-15;6.2;18.8;13.2;0;373.2;894
22;2001-06-16;10.7;16.2;12.4;11.8;380.6;906.3
22;2001-06-17;6.7;19.1;13.8;0;389.4;920.1
22;2001-06-18;9.9;20.8;15.5;0;399.9;935.6
22;2001-06-19;11;17.8;13.9;0;408.8;949.5
22;2001-06-20;8.1;18.4;14;0;417.8;963.6
22;2001-06-21;11.2;18.2;13.9;0.8;426.7;977.4
22;2001-06-22;10.8;17.3;13.3;4.3;435;990.8
22;2001-06-23;12;20.3;16.3;1.3;446.4;1007.1
22;2001-06-24;12.6;19.1;15;0;456.3;1022
22;2001-06-25;10.8;19.8;14.7;0;466;1036.7
22;2001-06-26;11.1;23;17.2;0;478.2;1053.9
22;2001-06-27;9.2;24.1;18.4;0;491.5;1072.3
22;2001-06-28;14.5;23;18.5;0;505;1090.7
22;2001-06-29;11.9;22.7;17.9;2;517.9;1108.7
22;2001-06-30;13.7;23.3;18.8;0;531.8;1127.5
22;2001-07-01;14;21.5;16.9;6.5;543.6;1144.3
22;2001-07-02;12.9;21;16;0;554.6;1160.3
22;2001-07-03;10.5;24.2;18.6;0;568.2;1178.9
22;2001-07-04;10;24;18.1;0;581.3;1197
22;2001-07-05;11.4;27.2;20.1;0;596.4;1217.1
22;2001-07-06;13.3;27.4;21.3;0;612.7;1238.4
22;2001-07-07;17.1;28.4;22.9;0;630.6;1261.3
22;2001-07-08;19.5;28.8;22.3;0;647.8;1283.6
22;2001-07-09;16.8;20.1;18.4;0.2;661.2;1302
22;2001-07-10;15.9;22.5;18.8;0;675;1320.7
22;2001-07-11;14.3;20;16.1;12.8;686;1336.8
22;2001-07-12;12.6;18.7;16;11;697;1352.8
22;2001-07-13;11.9;18.1;14.8;8.6;706.9;1367.6
22;2001-07-14;10.7;21;16.4;0;718.3;1384
22;2001-07-15;14.9;19.7;16.5;0.5;729.8;1400.5
22;2001-07-16;7.8;17.1;12.9;0;737.6;1413.3
22;2001-07-17;9;20;14.9;1;747.5;1428.2
22;2001-07-18;7.6;22.1;15.8;0;758.3;1444
22;2001-07-19;11.3;23.5;17.9;0;771.2;1461.9
22;2001-07-20;10.8;20.9;17.2;0.7;783.4;1479.1
22;2001-07-21;12.4;21;17.1;0;795.5;1496.2
22;2001-07-22;15.7;23.7;19.1;0;809.6;1515.3
22;2001-07-23;14.5;24.3;19.2;0;823.8;1534.5
22;2001-07-24;12.4;26.4;20.1;0;838.9;1554.6
22;2001-07-25;13.7;27.5;20.8;0;854.7;1575.4
22;2001-07-26;13.7;24.3;19.5;0;869.1;1594.9
22;2001-07-27;11.3;26.2;19.6;0;883.8;1614.5
22;2001-07-28;12;24.1;18.3;0;897.1;1632.9
22;2001-07-29;12.7;25.3;19.8;1.3;911.9;1652.6
22;2001-07-30;17;25.2;20.2;0;927.1;1672.8
22;2001-07-31;14.1;19.8;16.4;0;938.5;1689.3
22;2001-08-01;13.5;20.5;16.6;0;950.1;1705.8
22;2001-08-02;10.1;22.3;16.9;0;962;1722.7
22;2001-08-03;14.1;24.9;19.4;0;976.3;1742.1
22;2001-08-04;14.5;23.7;17.8;1.6;989.1;1759.9
22;2001-08-05;12.7;21.2;15.9;6.3;1000;1775.7
22;2001-08-06;12.7;20.7;16;2;1011;1791.7
22;2001-08-07;12.5;21.1;16.2;18.7;1022.2;1807.9
22;2001-08-08;12.1;20.3;16.6;4.1;1033.8;1824.5
22;2001-08-09;15.3;20.4;16.7;11;1045.4;1841.1
22;2001-08-10;10.7;17.6;13.9;0;1054.4;1855.1
22;2001-08-11;11.1;20.1;14.8;2.3;1064.1;1869.8
22;2001-08-12;11.1;17;15.3;7;1074.4;1885.1
22;2001-08-13;14.8;20.6;17.2;11.7;1086.6;1902.3
22;2001-08-14;15.7;24.8;19.9;0;1101.5;1922.3
22;2001-08-15;13.4;29.3;22;0;1118.5;1944.2
22;2001-08-16;17.1;30.6;22.6;0;1136.1;1966.8
22;2001-08-17;15.3;23;18.6;0;1149.7;1985.4
22;2001-08-18;8.9;24.8;17.5;0;1162.2;2002.9
22;2001-08-19;13.9;21.1;17.8;0;1175;2020.7
22;2001-08-20;17.1;24;19.5;25;1189.5;2040.2
22;2001-08-21;13.2;23.8;17.9;0;1202.4;2058.1
22;2001-08-22;11.1;26;18.6;0;1216;2076.8
22;2001-08-23;12.3;23.1;18.2;0;1229.2;2095
22;2001-08-24;16.3;20.4;17.9;30;1242.1;2112.8
22;2001-08-25;14.6;25.3;19.9;0;1257;2132.8
22;2001-08-26;17.3;27;21.5;0;1273.5;2154.3
22;2001-08-27;14.8;19.7;16.5;11.7;1285;2170.7
22;2001-08-28;13.9;16.8;14.8;0;1294.8;2185.6
22;2001-08-29;10.7;20.9;15.7;2;1305.5;2201.2
22;2001-08-30;9.2;21.1;15.4;0;1316;2216.7
22;2001-08-31;14.9;19.4;16.8;0;1327.7;2233.5
22;2001-09-01;9.9;20;15.1;0;1337.9;2248.6
22;2001-09-02;11.7;17;14.8;0.2;1347.7;2263.4
22;2001-09-03;14.1;19.1;15.6;3.3;1358.3;2279
22;2001-09-04;13.1;18.7;14.9;7.6;1368.2;2293.9
22;2001-09-05;9;20.1;14.6;0;1377.8;2308.6
22;2001-09-06;11.8;15.8;14;0;1386.8;2322.6
22;2001-09-07;11.6;17.1;13.6;2;1395.4;2336.1
22;2001-09-08;9.8;15.3;12;12;1402.5;2348.2
22;2001-09-09;9.9;14.2;12.6;7.6;1410.1;2360.8
22;2001-09-10;12.4;15.8;13.6;20.6;1418.6;2374.4
22;2001-09-11;10.4;16.1;12.2;3.5;1425.9;2386.6
22;2001-09-12;7.2;16.9;13;0.5;1433.9;2399.6
22;2001-09-13;11.7;16.2;13.1;0.5;1442;2412.7
22;2001-09-14;5.7;16.4;12.4;5.5;1449.4;2425.1
22;2001-09-15;12.5;14.6;13.4;0;1457.7;2438.4
22;2001-09-16;7.2;16.2;12.1;1;1464.8;2450.5
22;2001-09-17;11.1;17.5;13.8;5.2;1473.6;2464.3
22;2001-09-18;12.3;16.2;13.4;1.9;1482.1;2477.8
22;2001-09-19;11.2;16.4;13.2;16.2;1490.2;2490.9
22;2001-09-20;11.1;16.2;13.3;0;1498.5;2504.2
22;2001-09-21;11.5;15.5;12.7;4;1506.2;2516.9
22;2001-09-22;10.7;16.8;12.4;2.9;1513.6;2529.3
22;2001-09-23;10;15.6;12.5;0.4;1521.1;2541.8
22;2001-09-24;9.2;13.2;11.4;0;1527.5;2553.2
22;2001-09-25;8.5;12.5;10.3;0.7;1532.8;2563.5
22;2001-09-26;8.6;14.2;10.6;0;1538.5;2574.2
22;2001-09-27;8.4;13.6;11.5;4.5;1545;2585.7
22;2001-09-28;9.2;14;11.4;0;1551.3;2597
22;2001-09-29;9.2;13;11.9;0.8;1558.3;2609
22;2001-09-30;11.6;13.5;12.2;0.8;1565.5;2621.2
22;2001-10-01;11.5;17.3;14;10.2;1574.5;2635.2
22;2001-10-02;12.9;16;14.3;8.2;1583.8;2649.5
22;2001-10-03;12.7;16.7;14.3;3.5;1593.1;2663.8
22;2001-10-04;12.5;15.2;13.4;0;1601.5;2677.2
22;2001-10-05;10;15.6;12.7;1.4;1609.2;2690
22;2001-10-06;8.6;16.5;12.6;0;1616.8;2702.5
22;2001-10-07;12;16.2;13.9;0;1625.7;2716.4
22;2001-10-08;12.8;16.3;13.9;0.2;1634.6;2730.3
22;2001-10-09;10.7;14.9;13.1;0.6;1642.7;2743.4
22;2001-10-10;12.7;15.8;13.6;0.4;1651.3;2757
22;2001-10-11;11.2;15.6;13.1;2.3;1659.4;2770.1
22;2001-10-12;11.9;16.4;14.2;0;1668.7;2784.4
22;2001-10-13;8.6;18;13.5;0;1677.1;2797.8
22;2001-10-14;11.5;17;13.9;0;1686;2811.8
22;2001-10-15;12.7;16.9;14.2;0.2;1695.3;2826
22;2001-10-16;12.8;18;14.1;0;1704.4;2840.1
22;2001-10-17;5.7;15.4;9.8;0;1709.2;2849.9
22;2001-10-18;6.4;13.2;9.7;0;1713.8;2859.6
22;2001-10-19;8;14.8;11.5;0;1720.4;2871.1
22;2001-10-20;8.4;14.4;10.8;0;1726.2;2881.9
22;2001-10-21;9.2;12.3;10.8;0;1732;2892.7
22;2001-10-22;8.8;12.5;10;0;1737;2902.7
22;2001-10-23;7.6;9.7;8.9;0.2;1740.9;2911.6
22;2001-10-24;6.9;9.9;8.2;0.1;1744;2919.8
22;2001-10-25;7.4;11.1;9.5;0;1748.6;2929.3
22;2001-10-26;9;13.9;11.6;0;1755.2;2940.9
22;2001-10-27;10.5;13.4;11.6;0;1761.7;2952.4
22;2001-10-28;10.4;13.3;11.1;6.2;1767.8;2963.6
22;2001-10-29;8.8;12.9;10.7;3.9;1773.5;2974.2
22;2001-10-30;9.9;15.4;13.5;0.3;1782;2987.7
22;2001-10-31;12.3;14.8;12;0.2;1789;2999.7
22;2001-11-01;8.1;9.8;8.3;0.2;1792.3;3008
22;2001-11-02;4.8;12;9.7;0;1797;3017.7
22;2001-11-03;9.4;12.8;11.4;0;1803.4;3029.1
22;2001-11-04;8.3;11.5;9.8;0;1808.2;3038.9
22;2001-11-05;4.9;8.6;6.4;2.5;1809.6;3045.3
22;2001-11-06;4.9;10.4;7.7;6.4;1812.3;3053
22;2001-11-07;4.2;7.6;5.8;5;1813;3058.8
22;2001-11-08;1.6;6.5;3.6;3;1813;3062.4
22;2001-11-09;-0.2;3.8;1.6;1.4;1813;3064
22;2001-11-10;-0.4;7.4;5;0;1813.1;3069
22;2001-11-11;4.3;10.8;8.6;0;1816.6;3077.6
22;2001-11-12;7;9.1;6.6;0.2;1818.3;3084.2
22;2001-11-13;0;5.8;2.2;6.8;1818.3;3086.4
22;2001-11-14;-1.7;4.1;0.6;0;1818.3;3087
22;2001-11-15;-2.4;10.3;5.9;0;1819.2;3092.8
22;2001-11-16;2.4;8.4;5;0;1819.2;3097.8
22;2001-11-17;1.9;9.8;7.6;0.1;1821.8;3105.5
22;2001-11-18;6;9.2;7.8;0;1824.6;3113.2
22;2001-11-19;6.3;8.5;5.3;0;1824.8;3118.5
22;2001-11-20;-1;7;3.8;0;1824.8;3122.3
22;2001-11-21;2;9.7;8.6;1;1828.5;3131
22;2001-11-22;2;9;4.9;9.1;1828.5;3135.9
22;2001-11-23;2.1;4.8;3;0.2;1828.5;3138.8
22;2001-11-24;0.1;4.5;2.2;0;1828.5;3141
22;2001-11-25;-0.1;5.6;4.9;0.8;1828.5;3145.9
22;2001-11-26;5.1;7.4;5.2;7.4;1828.6;3151.1
22;2001-11-27;-0.9;3.4;1.6;1.4;1828.6;3152.7
22;2001-11-28;0.6;6.6;3.9;4;1828.6;3156.6
22;2001-11-29;0.9;5.4;3.5;0.1;1828.6;3160.1
22;2001-11-30;2.4;4.1;3.3;0;1828.6;3163.5
22;2001-12-01;1.4;3;2.3;0;1828.6;3165.8
22;2001-12-02;1.7;5.9;4.1;6.9;1828.6;3169.9
22;2001-12-03;0.6;2.7;1;0.2;1828.6;3170.9
22;2001-12-04;0.1;3.6;1.1;0;1828.6;3172
22;2001-12-05;0;7.9;5.6;6.6;1829.2;3177.6
22;2001-12-06;3.1;4.9;3.8;0;1829.2;3181.4
22;2001-12-07;0.1;4.2;2.4;0;1829.2;3183.9
22;2001-12-08;-1;3;1.3;0;1829.2;3185.2
22;2001-12-09;0.9;4.7;2.8;0;1829.2;3188
22;2001-12-10;1.5;6.1;5.1;0;1829.3;3193.1
22;2001-12-11;0.8;5.8;2.7;0;1829.3;3195.8
22;2001-12-12;0.2;3.2;2.1;0;1829.3;3197.9
22;2001-12-13;1;2.6;0.8;0;1829.3;3198.7
22;2001-12-14;-2.2;2.9;0.4;0;1829.3;3199.1
22;2001-12-15;-0.9;2.1;-0.3;0;1829.3;3199.1
22;2001-12-16;-3.1;2.7;0.2;0;1829.3;3199.3
22;2001-12-17;0;4.5;1.9;0;1829.3;3201.2
22;2001-12-18;-0.9;3.4;1.5;0.1;1829.3;3202.7
22;2001-12-19;0.9;6;3.3;0;1829.3;3206
22;2001-12-20;-4.4;1.4;-2;0.2;1829.3;3206
22;2001-12-21;-4.3;4.6;1.8;0.9;1829.3;3207.8
22;2001-12-22;-7.7;-1.9;-5.5;0.5;1829.3;3207.8
22;2001-12-23;-11.4;1.9;-3.8;0.3;1829.3;3207.8
22;2001-12-24;-4.3;3;2.1;15.5;1829.3;3210
22;2001-12-25;1.7;5;2.1;8.3;1829.3;3212.1
22;2001-12-26;-0.2;2.7;0.7;5;1829.3;3212.8
22;2001-12-27;-1.6;1.1;-0.1;0.2;1829.3;3212.8
22;2001-12-28;-5.6;2;-0.8;5.3;1829.3;3212.8
22;2001-12-29;-3.5;0;-1.1;6.1;1829.3;3212.8
22;2001-12-30;-4.3;-2.7;-4.7;1.2;1829.3;3212.8
22;2001-12-31;-15.5;-1.7;-8.9;0;1829.3;3212.8
22;2002-01-01;-12.6;4.9;1.8;0;0;1.8
22;2002-01-02;-1.9;4.8;-1.3;0.2;0;1.8
22;2002-01-03;-6.3;-0.2;-3.9;0;0;1.8
22;2002-01-04;-5.6;-0.9;-3.6;0;0;1.8
22;2002-01-05;-8.2;2.3;-2.6;0;0;1.8
22;2002-01-06;-6.1;4.1;3.1;2.8;0;4.9
22;2002-01-07;-0.5;2;0.5;0.1;0;5.4
22;2002-01-08;-0.5;3.8;2.7;0;0;8.2
22;2002-01-09;1.5;2.6;1.4;0;0;9.5
22;2002-01-10;0.4;2.6;1.6;0;0;11.1
22;2002-01-11;-0.6;0.6;-0.3;0;0;11.1
22;2002-01-12;-1.3;1.1;0.3;0.6;0;11.4
22;2002-01-13;-0.2;1.5;0.8;0;0;12.2
22;2002-01-14;-0.4;0.1;-0.2;0;0;12.2
22;2002-01-15;-0.5;1.2;0.2;0;0;12.3
22;2002-01-16;-0.7;2.4;0.8;0;0;13.1
22;2002-01-17;0.4;2.8;2.5;0.9;0;15.6
22;2002-01-18;2.1;5.4;3.5;2.8;0;19.1
22;2002-01-19;2.4;5.1;3.4;0.4;0;22.5
22;2002-01-20;2;6.9;4.9;1.2;0;27.4
22;2002-01-21;3.7;7.9;7;4.1;2;34.4
22;2002-01-22;5.8;7.6;6.3;0.2;3.3;40.7
22;2002-01-23;4.9;6.9;5.7;0.5;4;46.3
22;2002-01-24;4.9;7.7;6;2;4.9;52.3
22;2002-01-25;1;2.5;1.7;6.4;4.9;54
22;2002-01-26;0.3;7.9;5.3;13.9;5.2;59.3
22;2002-01-27;5.7;7.4;4.7;10.5;5.2;64
22;2002-01-28;1.7;9.1;7.2;3.3;7.4;71.2
22;2002-01-29;5.2;8.8;6.1;2.7;8.5;77.3
22;2002-01-30;5.2;8.6;7;2.6;10.5;84.3
22;2002-01-31;5.6;8.6;7.1;5;12.5;91.3
22;2002-02-01;5.1;9.1;7.2;2.9;14.7;98.5
22;2002-02-02;6.7;11.6;9.2;0.6;19;107.8
22;2002-02-03;4.7;9.9;7.4;0;21.4;115.1
22;2002-02-04;5.5;9.7;6.9;0;23.3;122
22;2002-02-05;5.7;9;7.5;3.6;25.8;129.6
22;2002-02-06;5.9;8.2;6.5;3;27.3;136.1
22;2002-02-07;5.5;7.2;5.8;0.4;28.1;141.9
22;2002-02-08;3.7;9.1;6.5;0.9;29.6;148.4
22;2002-02-09;4.8;10;8;3.5;32.6;156.3
22;2002-02-10;5;7.5;6.1;0.2;33.6;162.4
22;2002-02-11;4.8;9.6;7.6;2.2;36.2;170
22;2002-02-12;7.2;9;7.2;1.5;38.5;177.2
22;2002-02-13;1.3;5.5;3.2;0.3;38.5;180.4
22;2002-02-14;-2.2;4.4;0.8;0;38.5;181.2
22;2002-02-15;-0.7;3.9;2.1;0;38.5;183.3
22;2002-02-16;1.3;4.5;3.2;0;38.5;186.5
22;2002-02-17;0.2;5.4;1.7;0;38.5;188.1
22;2002-02-18;-1.2;6.9;3.2;0;38.5;191.3
22;2002-02-19;2;4.6;2.3;2.3;38.5;193.6
22;2002-02-20;-0.4;3.9;1.2;6.5;38.5;194.8
22;2002-02-21;-4.7;1.2;-1.2;3;38.5;194.8
22;2002-02-22;-3.2;6.4;2.5;2.2;38.5;197.3
22;2002-02-23;0.1;4.3;2;4.9;38.5;199.3
22;2002-02-24;1.1;3.6;1.7;0;38.5;201
22;2002-02-25;-0.8;4.1;1.3;0;38.5;202.3
22;2002-02-26;0.2;9.3;5.2;5.8;38.7;207.5
22;2002-02-27;2.3;6;4.3;13.4;38.7;211.8
22;2002-02-28;1.9;5.5;3.5;3;38.7;215.3
22;2002-03-01;0.9;3.8;1.9;3;38.7;217.2
22;2002-03-02;-0.8;5.3;1.5;0;38.7;218.7
22;2002-03-03;-1.3;5.7;1.9;2;38.7;220.6
22;2002-03-04;-0.1;8.9;6.2;0.5;39.8;226.8
22;2002-03-05;4.9;7.2;5.5;0;40.4;232.3
22;2002-03-06;3.7;7.6;5.7;0.6;41;238
22;2002-03-07;4.5;7.8;5.3;4;41.4;243.3
22;2002-03-08;2.6;7.9;5.7;2.5;42.1;249
22;2002-03-09;4.4;8.4;6.2;1;43.3;255.2
22;2002-03-10;1;7.5;4.6;0;43.3;259.8
22;2002-03-11;3.6;9.6;7.7;0;45.9;267.5
22;2002-03-12;6.3;10.7;7.5;7.7;48.4;274.9
22;2002-03-13;3.2;6.8;4.6;0;48.4;279.5
22;2002-03-14;1.7;3.4;1.9;0;48.4;281.4
22;2002-03-15;-0.3;5.1;2.2;0;48.4;283.6
22;2002-03-16;2;5.2;3;0;48.4;286.6
22;2002-03-17;1.9;4.8;2.9;0;48.4;289.5
22;2002-03-18;2.2;11.9;7.7;1.2;51.1;297.1
22;2002-03-19;6.2;9.3;6.7;7.4;52.7;303.8
22;2002-03-20;2.7;8.6;4.9;2.8;52.7;308.7
22;2002-03-21;1.5;7.1;4;0;52.7;312.7
22;2002-03-22;2.1;6.2;3.7;0;52.7;316.4
22;2002-03-23;1.8;6.5;3.7;0;52.7;320.1
22;2002-03-24;-1.7;6;1;0;52.7;321
22;2002-03-25;-3.1;5.4;1;0;52.7;322
22;2002-03-26;-3.4;5;1.2;0;52.7;323.2
22;2002-03-27;-2.9;8.1;3.1;0;52.7;326.3
22;2002-03-28;-1.2;9;3.4;0;52.7;329.7
22;2002-03-29;-2.3;12.1;5.8;0;53.6;335.6
22;2002-03-30;3.3;14.5;7.8;0;56.4;343.4
22;2002-03-31;2.3;14.7;8.1;0;59.5;351.5
22;2002-04-01;5.3;15;9.6;0;64;361
22;2002-04-02;6.3;17.1;11.5;0;70.5;372.5
22;2002-04-03;4.8;12.8;7.7;0;73.2;380.2
22;2002-04-04;1.4;10.7;5.7;0;73.9;385.9
22;2002-04-05;3.2;7.1;4.2;0;73.9;390.2
22;2002-04-06;-3;9.5;3.5;0;73.9;393.7
22;2002-04-07;-0.4;9.1;4.7;0;73.9;398.4
22;2002-04-08;-1.7;7.5;3.2;0.4;73.9;401.6
22;2002-04-09;-2.5;9.8;3.9;0;73.9;405.5
22;2002-04-10;0.8;12.8;6.3;0;75.3;411.9
22;2002-04-11;1.9;11.8;6.4;0;76.7;418.3
22;2002-04-12;4.8;12.4;8.3;0.1;80;426.6
22;2002-04-13;3.3;7.9;6.5;0;81.4;433
22;2002-04-14;6.3;8.5;7.2;0.5;83.6;440.3
22;2002-04-15;6.2;9;7.7;0.1;86.3;447.9
22;2002-04-16;5.4;7.5;5.6;0;86.9;453.5
22;2002-04-17;3.8;5.5;4.7;1.4;86.9;458.2
22;2002-04-18;4.2;7;5.6;0.3;87.5;463.8
22;2002-04-19;4.6;11;7.2;0.1;89.7;471
22;2002-04-20;2.7;15.4;8.4;0;93.1;479.4
22;2002-04-21;0.7;15.8;9;0;97.1;488.4
22;2002-04-22;3;17.1;11.1;0;103.2;499.5
22;2002-04-23;9.5;15.2;11.6;0;109.8;511.1
22;2002-04-24;8.5;14.5;11.3;0;116.1;522.4
22;2002-04-25;6.9;14.2;10.6;0;121.7;533
22;2002-04-26;6;10.4;8.6;0;125.3;541.6
22;2002-04-27;5.8;9.9;7.5;4;127.8;549.1
22;2002-04-28;2.3;9.5;6.8;7;129.6;555.9
22;2002-04-29;6.8;12.9;8.8;7.3;133.4;564.7
22;2002-04-30;6.7;12.5;9.7;2.5;138.1;574.4
22;2002-05-01;9.2;14.6;11.4;0.5;144.5;585.8
22;2002-05-02;4.6;14;10;0.3;149.6;595.9
22;2002-05-03;9.2;12.9;11;2.3;155.6;606.9
22;2002-05-04;8.7;13.1;10.3;5.8;160.8;617.1
22;2002-05-05;9.1;11.3;9.6;6.5;165.5;626.8
22;2002-05-06;8.3;16.8;11.3;3.2;171.8;638.1
22;2002-05-07;8.3;13.4;10.6;0;177.4;648.7
22;2002-05-08;7.5;19;12.2;0;184.6;660.9
22;2002-05-09;9.1;20.9;15.3;0;194.9;676.2
22;2002-05-10;10.3;20.5;15.2;0;205;691.3
22;2002-05-11;11.2;21;15.9;0;215.9;707.2
22;2002-05-12;11.6;15.1;12.6;0.4;223.5;719.8
22;2002-05-13;6.4;17;12.2;0;230.7;732
22;2002-05-14;8;17.8;13.1;0;238.8;745.1
22;2002-05-15;10.2;17;13.2;0.6;247;758.3
22;2002-05-16;11.5;17.8;14;0.3;256;772.3
22;2002-05-17;10;16.3;12.1;0.2;263.1;784.4
22;2002-05-18;7.2;19.5;14;0;272.1;798.4
22;2002-05-19;9.9;13.8;12.4;0;279.5;810.8
22;2002-05-20;9.4;18.7;13.3;1.1;287.8;824.1
22;2002-05-21;6.7;19.2;13.6;0;296.4;837.7
22;2002-05-22;11.5;23.3;17.3;0;308.7;855
22;2002-05-23;12.4;21;15.6;0;319.3;870.6
22;2002-05-24;12.6;18.5;14.6;14.8;328.9;885.2
22;2002-05-25;11.6;16.4;13.5;1.5;337.4;898.7
22;2002-05-26;6.9;17.3;13;0;345.4;911.7
22;2002-05-27;7.6;20.2;14.8;2.5;355.2;926.5
22;2002-05-28;10.9;20.4;15.8;0;366;942.3
22;2002-05-29;13;20.6;15.6;0;376.6;957.9
22;2002-05-30;10.3;17.8;13.8;0.2;385.3;971.6
22;2002-05-31;8.7;16.5;11.9;0;392.2;983.5
22;2002-06-01;9.9;17.5;13.4;6.1;400.6;996.9
22;2002-06-02;8.8;20.4;15.5;0;411.1;1012.4
22;2002-06-03;9;20.8;15.5;0;421.6;1027.9
22;2002-06-04;11.8;20.8;16.6;0;433.3;1044.6
22;2002-06-05;12.7;23.6;18.5;0;446.7;1063
22;2002-06-06;14.1;24.1;18.9;0;460.6;1081.9
22;2002-06-07;14.2;21.7;17.4;0;473;1099.3
22;2002-06-08;11.2;20.9;16.1;0;484.1;1115.4
22;2002-06-09;10;20.6;16;0;495.1;1131.4
22;2002-06-10;11.1;20.8;15.4;0;505.6;1146.9
22;2002-06-11;11.4;16.7;13.8;26.5;514.3;1160.6
22;2002-06-12;10.6;17;14;9.5;523.3;1174.6
22;2002-06-13;12.5;16.2;13.3;2.9;531.7;1188
22;2002-06-14;10.5;18.8;14.8;12.6;541.4;1202.7
22;2002-06-15;10.9;20.6;15.9;5.1;552.3;1218.6
22;2002-06-16;13.2;20.9;16.9;0.2;564.2;1235.5
22;2002-06-17;15.2;23.8;18.9;0;578;1254.3
22;2002-06-18;16.9;28.4;22.9;0;595.9;1277.2
22;2002-06-19;14.3;21.8;17.8;4.6;608.8;1295.1
22;2002-06-20;11.5;19.5;15.6;0;619.4;1310.7
22;2002-06-21;12.5;19.5;15.7;5.4;630.1;1326.4
22;2002-06-22;13.7;19.6;16.4;0;641.5;1342.8
22;2002-06-23;15.4;19.2;16.3;0;652.8;1359.1
22;2002-06-24;12.1;19.1;15.3;1.3;663.1;1374.4
22;2002-06-25;12.3;18.7;15.3;1.5;673.3;1389.6
22;2002-06-26;11.6;19.1;15.6;0.6;683.9;1405.2
22;2002-06-27;11.2;17.6;14.2;3.9;693;1419.3
22;2002-06-28;10.7;15.5;13.1;1;701.2;1432.5
22;2002-06-29;11;17.3;14;5;710.2;1446.5
22;2002-06-30;11.1;17.4;13.6;3.9;718.9;1460.2
22;2002-07-01;11.2;16.3;13.9;5.6;727.8;1474.1
22;2002-07-02;13;17.8;14.4;3;737.1;1488.4
22;2002-07-03;11.8;15.6;14.3;0.9;746.5;1502.8
22;2002-07-04;12.6;19;15.5;4.1;757;1518.3
22;2002-07-05;10.9;19.1;14.9;5;766.8;1533.1
22;2002-07-06;12.7;18.5;15.2;3.3;777;1548.3
22;2002-07-07;13.5;19;15.8;1;787.8;1564.1
22;2002-07-08;13.7;23.2;18.4;0;801.2;1582.5
22;2002-07-09;14.4;28.6;22.2;0;818.4;1604.7
22;2002-07-10;16.5;24.7;20.4;0;833.8;1625.1
22;2002-07-11;13.2;20.2;16.3;26.5;845;1641.3
22;2002-07-12;10.7;21.4;16.7;0;856.8;1658.1
22;2002-07-13;14.3;21.9;17.6;0.6;869.3;1675.6
22;2002-07-14;13.6;22.8;17.6;0;881.9;1693.2
22;2002-07-15;12.9;26.3;19.8;0;896.7;1713
22;2002-07-16;12.7;26.1;20.5;0;912.2;1733.5
22;2002-07-17;16.4;26.6;20.7;0;927.9;1754.2
22;2002-07-18;16.7;20.3;18.5;3.3;941.4;1772.7
22;2002-07-19;17;22.4;19.2;0.7;955.6;1791.9
22;2002-07-20;15;20.6;17.1;4.2;967.7;1809
22;2002-07-21;13;19.7;15.3;0;978;1824.3
22;2002-07-22;13;16.3;14.7;10.2;987.7;1839
22;2002-07-23;12.6;20.8;16.5;1.9;999.2;1855.5
22;2002-07-24;13.2;19.1;15.9;3.9;1010.1;1871.4
22;2002-07-25;12.8;19.3;15.6;0;1020.7;1887
22;2002-07-26;10.7;18.4;15.5;0;1031.2;1902.5
22;2002-07-27;12.5;23.1;17.7;0.6;1044;1920.3
22;2002-07-28;13.8;26.7;20.6;0;1059.5;1940.8
22;2002-07-29;14.7;31.3;22.7;0;1077.2;1963.5
22;2002-07-30;17.8;27.6;22;0;1094.2;1985.5
22;2002-07-31;14.5;30.4;23.2;0;1112.3;2008.6
22;2002-08-01;18.1;27.2;23.9;3.9;1131.2;2032.5
22;2002-08-02;19;21.7;19.5;9.7;1145.8;2052.1
22;2002-08-03;16.4;22.9;19.1;7.2;1159.8;2071.1
22;2002-08-04;17.9;23.3;19.6;0.1;1174.4;2090.7
22;2002-08-05;16.7;24.5;20.1;0;1189.5;2110.8
22;2002-08-06;15.4;22.5;18.4;0;1202.9;2129.2
22;2002-08-07;14.5;25.2;19.5;0.6;1217.4;2148.7
22;2002-08-08;14;24.2;19.4;0;1231.8;2168.1
22;2002-08-09;16.7;25.3;20;0.4;1246.8;2188.1
22;2002-08-10;15.9;24.1;20;0;1261.8;2208.1
22;2002-08-11;16.3;25.9;21.3;0;1278;2229.3
22;2002-08-12;18.4;21.6;19.4;2.7;1292.5;2248.8
22;2002-08-13;16.6;22.1;18.8;0.5;1306.3;2267.6
22;2002-08-14;16.8;24.7;20.4;0;1321.7;2288
22;2002-08-15;14.3;24.8;19.1;0;1335.8;2307.1
22;2002-08-16;12.8;26.3;20;0;1350.9;2327.1
22;2002-08-17;15.3;27.3;20.9;0;1366.8;2348.1
22;2002-08-18;17.1;25.2;20.6;0;1382.4;2368.7
22;2002-08-19;17.5;27.6;21.8;0;1399.2;2390.5
22;2002-08-20;18.6;28.1;22.6;0;1416.7;2413
22;2002-08-21;15.7;27.8;21.6;0;1433.3;2434.6
22;2002-08-22;17.4;26;20.6;0;1449;2455.3
22;2002-08-23;13;26.7;20;0;1464;2475.3
22;2002-08-24;16.1;25.6;20.5;0;1479.5;2495.8
22;2002-08-25;17;24.6;19.7;0;1494.2;2515.5
22;2002-08-26;14.2;24.8;19.2;0;1508.4;2534.7
22;2002-08-27;16.5;25.7;20.6;3.9;1524;2555.3
22;2002-08-28;15.3;24;19.7;0;1538.7;2575
22;2002-08-29;12.8;22.9;18.7;0;1552.4;2593.7
22;2002-08-30;17.1;23.4;20.2;0;1567.6;2613.9
22;2002-08-31;16.9;22.5;19;0;1581.6;2632.9
22;2002-09-01;13.5;21.1;16.6;0;1593.2;2649.5
22;2002-09-02;9.4;20.2;15.2;0;1603.4;2664.7
22;2002-09-03;8.6;23.6;16.8;0;1615.2;2681.5
22;2002-09-04;16.5;24.7;20.2;0;1630.4;2701.7
22;2002-09-05;10;21.8;16.5;0;1642;2718.3
22;2002-09-06;9.1;21.7;17;0;1653.9;2735.2
22;2002-09-07;14.4;22.8;18.7;0;1667.7;2754
22;2002-09-08;13;25;19.2;0;1681.9;2773.2
22;2002-09-09;15.1;23.5;19.1;0;1695.9;2792.2
22;2002-09-10;16.6;24.8;19.7;0;1710.7;2812
22;2002-09-11;14.7;23.2;18;0;1723.7;2830
22;2002-09-12;11.3;23.4;17;0;1735.7;2847
22;2002-09-13;12.3;24.7;18.1;0;1748.9;2865.2
22;2002-09-14;13.1;19.5;15.9;0;1759.7;2881
22;2002-09-15;8;17.3;12.2;0;1767;2893.3
22;2002-09-16;6.5;17.6;12.6;0;1774.6;2905.9
22;2002-09-17;6.2;19.1;13.6;0;1783.2;2919.5
22;2002-09-18;13.6;18.8;15.3;0;1793.5;2934.8
22;2002-09-19;7.6;18.8;13.9;0;1802.4;2948.7
22;2002-09-20;11.7;18.1;14.2;0;1811.6;2962.9
22;2002-09-21;7.7;15.7;12;2.5;1818.6;2974.9
22;2002-09-22;9.6;11.4;10.2;4.8;1823.8;2985.1
22;2002-09-23;6.6;13.6;9.4;19.3;1828.2;2994.5
22;2002-09-24;2.3;15;9.8;0;1833.1;3004.4
22;2002-09-25;11.4;16.9;13.9;0;1842;3018.3
22;2002-09-26;11.6;15;10.4;0.3;1847.4;3028.7
22;2002-09-27;2.2;13.4;8;6.6;1850.4;3036.7
22;2002-09-28;5.3;15.8;12.5;0;1857.9;3049.2
22;2002-09-29;12.8;15.6;14;0;1866.8;3063.1
22;2002-09-30;12.5;17.7;14.5;0;1876.3;3077.6
22;2002-10-01;9.1;18.1;13;0;1884.3;3090.6
22;2002-10-02;5.4;18.2;11.8;0;1891.1;3102.4
22;2002-10-03;7.9;17.7;12.1;0;1898.2;3114.5
22;2002-10-04;10.9;16.2;13.8;3.5;1906.9;3128.2
22;2002-10-05;10.1;14.3;11.7;0;1913.6;3139.9
22;2002-10-06;5.2;10.7;7.5;24.7;1916.1;3147.4
22;2002-10-07;2.7;8.5;5;0;1916.1;3152.4
22;2002-10-08;1.5;9.1;6.7;0;1917.8;3159.1
22;2002-10-09;5.4;8.8;6.8;0;1919.7;3166
22;2002-10-10;5;10.1;6.6;0;1921.2;3172.5
22;2002-10-11;2.5;9.8;6.1;0;1922.3;3178.6
22;2002-10-12;5.3;8.2;6.5;3.1;1923.8;3185.1
22;2002-10-13;5.9;7.4;6.2;0;1925;3191.3
22;2002-10-14;3.8;5.5;4.5;5.8;1925;3195.8
22;2002-10-15;1.1;9;5.7;1.3;1925.7;3201.6
22;2002-10-16;2.3;10.2;6.4;0.2;1927.2;3208
22;2002-10-17;5.7;10.3;8.1;22;1930.2;3216
22;2002-10-18;4.9;7.5;5.7;7.8;1930.9;3221.7
22;2002-10-19;2.7;5.8;2.9;0.5;1930.9;3224.6
22;2002-10-20;-1.7;9.2;4;0.1;1930.9;3228.6
22;2002-10-21;-0.6;5.6;3.9;0;1930.9;3232.5
22;2002-10-22;4.5;11.7;8;6.2;1933.9;3240.5
22;2002-10-23;7.2;12.1;10.4;5;1939.3;3250.9
22;2002-10-24;5.6;9.1;7.1;3.5;1941.4;3258
22;2002-10-25;5.9;10.4;8.5;0;1944.9;3266.5
22;2002-10-26;7.8;11.5;9.5;8.5;1949.3;3275.9
22;2002-10-27;6;11.3;8.7;1;1953;3284.6
22;2002-10-28;6.7;9.5;7.8;9;1955.8;3292.4
22;2002-10-29;4.1;10.3;7.2;0;1958;3299.6
22;2002-10-30;5.2;9.8;6.1;0;1959.1;3305.7
22;2002-10-31;-0.9;8.8;4.4;0;1959.1;3310.1
22;2002-11-01;2.1;8.9;6.9;0;1960.9;3316.9
22;2002-11-02;1.1;5.4;3;6;1960.9;3320
22;2002-11-03;0.7;6;3.9;0;1960.9;3323.9
22;2002-11-04;1.5;5.6;3.6;0;1960.9;3327.5
22;2002-11-05;0.3;5;2.6;0;1960.9;3330.1
22;2002-11-06;0.6;2.9;1.8;0;1960.9;3331.9
22;2002-11-07;1.4;3.8;3.2;0;1960.9;3335.1
22;2002-11-08;2.9;8.4;5.4;0.9;1961.4;3340.6
22;2002-11-09;4;5.9;4.4;22.8;1961.4;3345
22;2002-11-10;1.6;4.6;2.3;6;1961.4;3347.2
22;2002-11-11;-0.3;3.3;1.7;0.2;1961.4;3349
22;2002-11-12;0.9;7.7;5.3;0;1961.7;3354.2
22;2002-11-13;4;8.6;7.9;1.4;1964.6;3362.2
22;2002-11-14;6.6;8.9;7.7;7.1;1967.3;3369.9
22;2002-11-15;4.9;7.2;5.7;4.6;1968;3375.6
22;2002-11-16;4.5;8;6.9;0.2;1969.9;3382.5
22;2002-11-17;5.2;6.6;5.7;17;1970.6;3388.2
22;2002-11-18;3.4;7.8;6;6.9;1971.6;3394.1
22;2002-11-19;1;4.7;1.9;0.3;1971.6;3396
22;2002-11-20;-0.1;1.9;1;0;1971.6;3397
22;2002-11-21;-0.5;3.8;1.2;0;1971.6;3398.2
22;2002-11-22;0;5.6;4.7;0;1971.6;3402.9
22;2002-11-23;4.3;6.5;5.4;3.4;1971.9;3408.2
22;2002-11-24;3.9;6.2;4.9;5.8;1971.9;3413.1
22;2002-11-25;4.8;7.9;6.5;0;1973.4;3419.6
22;2002-11-26;5.3;6.7;5.9;0;1974.3;3425.5
22;2002-11-27;5.1;7.4;5.2;0;1974.5;3430.7
22;2002-11-28;1.7;5.8;4.8;0;1974.5;3435.5
22;2002-11-29;4.6;7.1;6.3;0;1975.8;3441.8
22;2002-11-30;4.5;6.3;3.9;7.4;1975.8;3445.7
22;2002-12-01;1.7;3.3;2.4;1.6;1975.8;3448.1
22;2002-12-02;1.8;5.5;4.6;0;1975.8;3452.7
22;2002-12-03;4.2;6.2;5.4;0;1976.2;3458.1
22;2002-12-04;3.9;4.7;3.8;0.3;1976.2;3461.9
22;2002-12-05;2.7;4;2.5;0;1976.2;3464.5
22;2002-12-06;0.2;2.4;1.1;0.1;1976.2;3465.6
22;2002-12-07;0.8;2.2;1.4;0;1976.2;3467
22;2002-12-08;1;2.5;1.4;0;1976.2;3468.4
22;2002-12-09;-0.2;0.6;0;0;1976.2;3468.4
22;2002-12-10;-4.1;-0.1;-1.9;0;1976.2;3468.4
22;2002-12-11;-4.2;-0.4;-2;0;1976.2;3468.4
22;2002-12-12;-3.5;0.4;-1.7;0;1976.2;3468.4
22;2002-12-13;-5.8;-1.7;-3.8;0;1976.2;3468.4
22;2002-12-14;-5.9;0.9;-1;0;1976.2;3468.4
22;2002-12-15;-2.6;0.4;-0.4;0;1976.2;3468.4
22;2002-12-16;-0.9;0.9;0.3;0;1976.2;3468.7
22;2002-12-17;-0.1;1.3;0.2;0;1976.2;3468.9
22;2002-12-18;-3.1;4.2;1.1;0;1976.2;3470.1
22;2002-12-19;-5;0.7;-1.2;0;1976.2;3470.1
22;2002-12-20;-0.3;1.9;0.7;0;1976.2;3470.7
22;2002-12-21;-0.2;2.9;1.6;0.4;1976.2;3472.3
22;2002-12-22;-3.6;-0.2;-1.6;0;1976.2;3472.3
22;2002-12-23;-3.1;0.8;-0.8;0;1976.2;3472.3
22;2002-12-24;-2.1;-1.4;-1.9;0;1976.2;3472.3
22;2002-12-25;-3.8;-0.8;-1.9;0;1976.2;3472.3
22;2002-12-26;-2.4;1.7;0.2;0;1976.2;3472.5
22;2002-12-27;-0.3;3.3;2;3.2;1976.2;3474.5
22;2002-12-28;2;5.4;3.6;8.6;1976.2;3478
22;2002-12-29;1.8;4.8;1.5;5;1976.2;3479.6
22;2002-12-30;-2.2;-0.5;-2.8;0.5;1976.2;3479.6
22;2002-12-31;-9.1;-3.6;-7.3;0;1976.2;3479.6
22;2003-01-01;-9.2;-3.1;-5.5;0;0;0
22;2003-01-02;-8.5;-0.9;-1.8;2.9;0;0
22;2003-01-03;-3.9;-2.4;-3.8;0.2;0;0
22;2003-01-04;-11.1;-6;-9.9;1.5;0;0
22;2003-01-05;-15.7;-0.1;-4.1;2;0;0
22;2003-01-06;-6.5;-2.6;-7.5;4.4;0;0
22;2003-01-07;-18.1;-1.8;-6.9;0;0;0
22;2003-01-08;-5.9;-2.4;-3;0.2;0;0
22;2003-01-09;-4.5;-2.7;-4.2;0;0;0
22;2003-01-10;-11.7;-1.9;-5.7;0;0;0
22;2003-01-11;-7.2;2.4;-3.1;0;0;0
22;2003-01-12;-9;3.2;2.6;0;0;2.6
22;2003-01-13;1.6;4.4;3.2;3.5;0;5.8
22;2003-01-14;2.3;7.3;5.7;0.3;0.7;11.5
22;2003-01-15;5.4;6.3;5.3;1.4;1;16.8
22;2003-01-16;4.5;6.6;5.4;0;1.4;22.2
22;2003-01-17;3.9;5;3.7;0.4;1.4;25.8
22;2003-01-18;1.3;4.3;3.1;0.2;1.4;28.9
22;2003-01-19;2.4;3.7;2.6;0;1.4;31.5
22;2003-01-20;1.3;5.9;4.8;2.6;1.4;36.3
22;2003-01-21;3.7;4.8;4.3;5.4;1.4;40.5
22;2003-01-22;1.9;4.1;2.9;2.2;1.4;43.5
22;2003-01-23;2.1;5.1;3.3;0.2;1.4;46.8
22;2003-01-24;2.4;3.8;2.9;0;1.4;49.8
22;2003-01-25;2.3;4.1;3.3;0;1.4;53
22;2003-01-26;2.8;6.9;5.1;1.6;1.5;58.1
22;2003-01-27;4.3;9.4;7.2;0.2;3.7;65.3
22;2003-01-28;4;7.3;4.7;1.5;3.7;70.1
22;2003-01-29;1.1;3.4;1.4;4.3;3.7;71.5
22;2003-01-30;-3.5;-0.4;-3.9;0.7;3.7;71.5
22;2003-01-31;-7.7;-4.4;-7.1;0;3.7;71.5
22;2003-02-01;-10.7;-2.2;-4.3;0;3.7;71.5
22;2003-02-02;-4.1;1.1;-1.1;0;3.7;71.5
22;2003-02-03;-2.2;1.8;1;1;3.7;72.6
22;2003-02-04;0.1;1.7;0.4;0.3;3.7;72.9
22;2003-02-05;-0.8;1.7;-0.3;0;3.7;72.9
22;2003-02-06;-3.5;-1;-2.5;0.4;3.7;72.9
22;2003-02-07;-4.4;0.4;-0.8;0.1;3.7;72.9
22;2003-02-08;-0.9;1.1;0.8;1;3.7;73.7
22;2003-02-09;-1.3;0.4;-1.2;0;3.7;73.7
22;2003-02-10;-4.1;-0.7;-2.4;0;3.7;73.7
22;2003-02-11;-2.8;-1.5;-2.1;0;3.7;73.7
22;2003-02-12;-3.9;0.4;-2.1;0;3.7;73.7
22;2003-02-13;-6.2;2.4;-3.1;0;3.7;73.7
22;2003-02-14;-8.9;0.3;-3.3;0;3.7;73.7
22;2003-02-15;-4.4;0.3;-1.4;0;3.7;73.7
22;2003-02-16;-6.6;-0.1;-3.8;0;3.7;73.7
22;2003-02-17;-8.1;0.1;-3.2;0;3.7;73.7
22;2003-02-18;-3.9;-1.1;-2.7;0;3.7;73.7
22;2003-02-19;-4.2;-0.1;-2.5;0;3.7;73.7
22;2003-02-20;-5.1;4.6;-0.5;0;3.7;73.7
22;2003-02-21;-1.9;-0.3;-1;0;3.7;73.7
22;2003-02-22;-1.9;0.3;-0.8;0;3.7;73.7
22;2003-02-23;-3.4;3.9;-0.1;0;3.7;73.7
22;2003-02-24;-3.1;5.2;0.3;0;3.7;74
22;2003-02-25;-5.9;1.7;-2;0;3.7;74
22;2003-02-26;-3.8;4.4;-0.2;0;3.7;74
22;2003-02-27;-2.3;-0.3;-1.2;0;3.7;74
22;2003-02-28;-3.1;-0.3;-2.2;0;3.7;74
22;2003-03-01;-3.3;-0.2;-1.2;0;3.7;74
22;2003-03-02;-1.4;0.8;-0.6;0.3;3.7;74
22;2003-03-03;-2.1;0.5;-1.4;0;3.7;74
22;2003-03-04;-1.9;1;-0.7;0;3.7;74
22;2003-03-05;-1.6;2.5;0.4;0;3.7;74.3
22;2003-03-06;-0.9;2.3;0.8;0;3.7;75.2
22;2003-03-07;-0.2;3.8;1.7;1.4;3.7;76.8
22;2003-03-08;0.6;5.1;2.7;0.7;3.7;79.5
22;2003-03-09;1.6;6.2;4.6;2;3.7;84.1
22;2003-03-10;3.7;9.8;6.4;2;5.1;90.5
22;2003-03-11;4.6;8.8;6.2;0;6.3;96.8
22;2003-03-12;4.4;6;4.1;2;6.3;100.9
22;2003-03-13;-0.2;7.5;2.8;0;6.3;103.7
22;2003-03-14;-0.2;8.4;2.9;0;6.3;106.6
22;2003-03-15;-1;9.7;3.3;0;6.3;110
22;2003-03-16;0.1;9.6;4.5;0;6.3;114.4
22;2003-03-17;2;10.5;5.3;0;6.6;119.7
22;2003-03-18;1.1;8.6;4.8;0;6.6;124.5
22;2003-03-19;3.4;8.9;4.8;0;6.6;129.2
22;2003-03-20;1.4;6.2;2.4;0;6.6;131.6
22;2003-03-21;-3.1;2.9;-0.3;0;6.6;131.6
22;2003-03-22;-2.3;5.7;1.5;0;6.6;133.1
22;2003-03-23;-1.8;11.1;4.4;0;6.6;137.5
22;2003-03-24;-2.1;13.7;6.4;0;8;144
22;2003-03-25;2.9;12.6;6.8;0.1;9.8;150.7
22;2003-03-26;-1.4;12.1;3.8;0;9.8;154.5
22;2003-03-27;-1.2;14;5.5;0;10.3;160
22;2003-03-28;-1.5;13.7;6.6;0;11.8;166.6
22;2003-03-29;-1.8;13.1;6.6;0;13.4;173.1
22;2003-03-30;2.3;10.7;6.1;0;14.5;179.3
22;2003-03-31;3;9.9;6;0;15.5;185.3
22;2003-04-01;0.9;11.2;6.4;0;17;191.7
22;2003-04-02;4.7;10.1;6.6;1.3;18.6;198.3
22;2003-04-03;3.6;7.9;4.9;0;18.6;203.2
22;2003-04-04;-1.2;8.3;4.4;0;18.6;207.6
22;2003-04-05;0.7;7.4;4;0;18.6;211.6
22;2003-04-06;-0.3;4.1;1.8;0;18.6;213.4
22;2003-04-07;-3.6;4;0.2;0;18.6;213.6
22;2003-04-08;-4.3;5;0.3;0;18.6;213.9
22;2003-04-09;-4.1;4.1;0.4;0;18.6;214.3
22;2003-04-10;-0.4;3.5;1.7;0.7;18.6;216
22;2003-04-11;0.7;5.8;3.4;4.3;18.6;219.5
22;2003-04-12;3.4;9.9;6.4;0;20;225.9
22;2003-04-13;-0.7;12.4;6.1;0;21;232
22;2003-04-14;1.3;12.7;7;0;23.1;239
22;2003-04-15;2.9;15.6;8.5;0;26.6;247.5
22;2003-04-16;3.5;17.7;10.4;0;31.9;257.9
22;2003-04-17;2.1;17.6;10.4;0;37.3;268.2
22;2003-04-18;1.4;10.5;6.3;0;38.6;274.6
22;2003-04-19;3.7;14.5;8.6;0;42.3;283.2
22;2003-04-20;5.2;15.4;10.1;0;47.3;293.3
22;2003-04-21;5.2;17.4;11.3;0;53.6;304.5
22;2003-04-22;5.1;17.9;10.9;0;59.5;315.4
22;2003-04-23;3.7;17.9;11.3;0;65.8;326.7
22;2003-04-24;2.8;15.1;9;0;69.8;335.7
22;2003-04-25;3.2;11.8;7.1;0;71.9;342.8
22;2003-04-26;5.2;10.8;8.6;0;75.5;351.4
22;2003-04-27;7.2;12.6;9.6;10.3;80.1;361
22;2003-04-28;7.7;13.8;11;1;86.1;372
22;2003-04-29;10.4;15.8;12.6;6.9;93.7;384.6
22;2003-04-30;7.6;17.8;12;0;100.7;396.6
22;2003-05-01;8.5;12.8;10.4;25.3;106.1;407
22;2003-05-02;8;15.3;11.5;4.4;112.6;418.5
22;2003-05-03;10.1;13;10.5;4.1;118.1;429
22;2003-05-04;6.2;16.9;11.6;3.1;124.7;440.6
22;2003-05-05;10;22.7;15.9;0;135.6;456.5
22;2003-05-06;10.4;14.1;11.5;1;142.1;468
22;2003-05-07;7.8;14.7;10.6;1.3;147.7;478.6
22;2003-05-08;6.5;19.2;12.7;0;155.4;491.3
22;2003-05-09;6;14.4;10.7;0;161;502
22;2003-05-10;7;14.9;11.1;0;167.1;513
22;2003-05-11;4;18.1;12.1;1.6;174.3;525.2
22;2003-05-12;9.9;16.4;12.9;0;182.2;538.1
22;2003-05-13;8.4;13.2;10.5;4.6;187.7;548.6
22;2003-05-14;5.9;12.7;9.5;3.3;192.2;558.1
22;2003-05-15;7.3;11.1;8.8;1.2;196;566.9
22;2003-05-16;4.2;11.5;7.8;0;198.7;574.6
22;2003-05-17;1.4;16;9.9;0;203.7;584.6
22;2003-05-18;8.2;17;12.4;0;211;596.9
22;2003-05-19;10;16.1;12.9;4.6;218.9;609.8
22;2003-05-20;10.4;13.9;11.5;4.5;225.4;621.3
22;2003-05-21;8.9;14.2;11.3;1.7;231.7;632.6
22;2003-05-22;9.2;15.3;12.7;0.1;239.4;645.3
22;2003-05-23;12.3;15.6;13.1;9.1;247.5;658.4
22;2003-05-24;11.1;17.2;14;2;256.5;672.5
22;2003-05-25;10.3;21.8;16.2;11;267.8;688.7
22;2003-05-26;10.9;16.8;13.1;0;275.9;701.8
22;2003-05-27;5.3;18.2;12.5;0;283.4;714.3
22;2003-05-28;6.4;19.3;13.8;0;292.2;728.1
22;2003-05-29;7.2;20.1;14.7;0;301.9;742.8
22;2003-05-30;7.7;20.7;15.8;0;312.7;758.6
22;2003-05-31;9.2;19.3;15.1;0;322.8;773.7
22;2003-06-01;9.2;21.8;15.4;0;333.2;789.1
22;2003-06-02;8.9;18.8;14.6;0;342.7;803.7
22;2003-06-03;12;24;18;0;355.7;821.6
22;2003-06-04;13.2;25.4;20.2;0;370.9;841.8
22;2003-06-05;16.9;21.5;18.6;2.9;384.5;860.4
22;2003-06-06;13.6;19.6;16.3;0;395.8;876.7
22;2003-06-07;12.6;20.7;16.3;0;407.1;893
22;2003-06-08;11.3;24.1;18;0.9;420.1;911
22;2003-06-09;14;17.5;15;21.2;430.1;926
22;2003-06-10;11.4;18.4;15.3;0.1;440.3;941.2
22;2003-06-11;14.8;20.4;16.9;6.5;452.2;958.1
22;2003-06-12;11.9;19.4;15.8;0;463.1;974
22;2003-06-13;11.8;19.1;15.1;0;473.2;989.1
22;2003-06-14;10.9;17.6;14.2;0;482.4;1003.3
22;2003-06-15;10.4;16.9;13.4;0;490.8;1016.7
22;2003-06-16;11.3;18.9;15;5.7;500.8;1031.7
22;2003-06-17;7;19.6;14.3;0;510.1;1046.1
22;2003-06-18;10.9;19;15.7;0;520.9;1061.8
22;2003-06-19;13.8;19;16;3.6;531.9;1077.8
22;2003-06-20;10.8;20.5;13;1.6;539.8;1090.7
22;2003-06-21;11.5;16;13.2;3.8;548.1;1104
22;2003-06-22;11.3;16.7;13.5;0;556.6;1117.5
22;2003-06-23;10.2;20.6;15.3;1.3;566.9;1132.8
22;2003-06-24;12.3;16.4;14.1;5.6;576;1146.9
22;2003-06-25;12.3;18;14.2;0.2;585.2;1161.1
22;2003-06-26;8.8;22.1;16.6;0;596.8;1177.7
22;2003-06-27;11.1;22.5;17.5;0;609.3;1195.2
22;2003-06-28;9.6;23.7;16.9;0;621.2;1212.1
22;2003-06-29;11;18.3;15;16.9;631.1;1227.1
22;2003-06-30;11.1;19.5;14.8;2.4;640.9;1241.9
22;2003-07-01;12.9;19.3;15.1;5;651;1256.9
22;2003-07-02;12.9;20.2;15.9;8.1;661.9;1272.8
22;2003-07-03;9.6;18.6;14.5;0;671.4;1287.3
22;2003-07-04;13.9;17.7;15.2;18.4;681.6;1302.5
22;2003-07-05;14.5;20.9;17.1;8.7;693.7;1319.7
22;2003-07-06;13;19.1;14.9;1;703.7;1334.6
22;2003-07-07;12.6;18.3;14.9;0;713.5;1349.5
22;2003-07-08;9.8;20.7;15.9;0;724.4;1365.3
22;2003-07-09;14.7;19.5;16.4;0;735.9;1381.8
22;2003-07-10;13.6;20.8;16.5;0;747.4;1398.3
22;2003-07-11;10.7;21.6;16.3;0;758.7;1414.6
22;2003-07-12;11.9;18.9;15.2;9.2;768.9;1429.8
22;2003-07-13;13.2;21.3;16.9;0;780.8;1446.7
22;2003-07-14;11.4;24.9;19.1;0;794.9;1465.8
22;2003-07-15;13.3;26.4;20.4;0;810.3;1486.2
22;2003-07-16;16.1;23.7;19.6;1.7;824.9;1505.8
22;2003-07-17;16.4;24;19.8;0;839.7;1525.6
22;2003-07-18;16.6;20.4;17.7;3;852.4;1543.3
22;2003-07-19;13.1;23.2;18.7;0.1;866.1;1562
22;2003-07-20;12.7;27.1;20.7;0;881.7;1582.7
22;2003-07-21;17.7;23.2;20.1;0;896.8;1602.7
22;2003-07-22;14.9;24.2;19.3;5.6;911.2;1622.1
22;2003-07-23;13.8;22.6;18;0;924.2;1640.1
22;2003-07-24;12.4;25;19.1;0;938.3;1659.2
22;2003-07-25;16.1;22.6;18.9;3.7;952.2;1678.1
22;2003-07-26;15.6;22.3;18.3;2.4;965.5;1696.4
22;2003-07-27;13.4;23.7;19;0;979.5;1715.4
22;2003-07-28;16.2;22.8;18.2;1.6;992.8;1733.7
22;2003-07-29;11.5;23.2;18;0;1005.8;1751.7
22;2003-07-30;10.5;25;18.7;0;1019.4;1770.3
22;2003-07-31;12.4;25.6;19.9;0;1034.3;1790.2
22;2003-08-01;12;27.6;20.7;0;1050;1810.9
22;2003-08-02;16.3;23.1;18.9;0;1063.9;1829.8
22;2003-08-03;13.3;23.1;18.2;7.4;1077.1;1848.1
22;2003-08-04;11.4;23.6;18;0;1090.2;1866.1
22;2003-08-05;12.9;22.6;17.9;0;1103.1;1884
22;2003-08-06;9.8;25.3;18.5;0;1116.6;1902.5
22;2003-08-07;10.7;26.1;19.3;0;1130.8;1921.7
22;2003-08-08;11.8;27.6;20.9;0;1146.7;1942.6
22;2003-08-09;14.9;26.7;20.5;0;1162.2;1963.1
22;2003-08-10;12.3;26.7;20.5;0;1177.8;1983.7
22;2003-08-11;14;26.9;21.3;0;1194.1;2005
22;2003-08-12;17.2;26.6;21.8;0;1210.9;2026.8
22;2003-08-13;14.4;25.5;20.1;0;1226;2046.9
22;2003-08-14;15.7;19.4;16.8;0;1237.8;2063.7
22;2003-08-15;13.8;19;16.4;0.7;1249.2;2080.1
22;2003-08-16;14.9;20.9;17.4;0;1261.5;2097.5
22;2003-08-17;12.6;21.1;16.1;0;1272.6;2113.5
22;2003-08-18;9.7;19.5;15.6;0;1283.2;2129.1
22;2003-08-19;12.7;22.6;17.8;3.8;1295.9;2146.8
22;2003-08-20;14.2;21.2;17.1;0;1308.1;2164
22;2003-08-21;13.4;19.2;16.5;0;1319.6;2180.5
22;2003-08-22;15.2;21;17.3;0.5;1331.9;2197.8
22;2003-08-23;14.9;19.9;16.6;2.2;1343.5;2214.4
22;2003-08-24;14.3;22.5;17.5;0.4;1356;2231.9
22;2003-08-25;11.3;21.5;16.6;0;1367.6;2248.5
22;2003-08-26;11.8;20.3;16.4;0;1379;2264.9
22;2003-08-27;13.3;17;14.1;0;1388.1;2279
22;2003-08-28;5.3;17.8;12.7;0;1395.7;2291.7
22;2003-08-29;12;16.8;13.4;1.7;1404.1;2305
22;2003-08-30;10.2;13;11.6;5.8;1410.7;2316.6
22;2003-08-31;8.6;16.8;13;6;1418.7;2329.7
22;2003-09-01;8.6;14.7;10.6;0.3;1424.3;2340.3
22;2003-09-02;4.5;16.2;11.2;3.7;1430.5;2351.5
22;2003-09-03;9.7;16.8;14.4;2.4;1439.9;2365.9
22;2003-09-04;13.2;18.9;15.1;0;1450.1;2381
22;2003-09-05;9.6;20.2;14.8;0;1459.9;2395.8
22;2003-09-06;10.3;21;15.9;0;1470.8;2411.7
22;2003-09-07;14.9;18;15.7;0;1481.5;2427.4
22;2003-09-08;12.7;19.7;16.5;0;1493;2443.9
22;2003-09-09;14.6;17.9;15.7;0;1503.7;2459.6
22;2003-09-10;12.7;14.3;12.9;2.6;1511.6;2472.5
22;2003-09-11;8.4;18.2;13.3;3.4;1519.9;2485.8
22;2003-09-12;9.4;18.2;14.2;0;1529.1;2500
22;2003-09-13;11.1;18.2;13.9;0;1538;2513.9
22;2003-09-14;5.5;18.5;12.4;0;1545.3;2526.3
22;2003-09-15;9.2;19;14.3;0;1554.7;2540.6
22;2003-09-16;10.5;19.8;15;0;1564.6;2555.6
22;2003-09-17;13.1;19.2;15.5;0;1575.1;2571
22;2003-09-18;12.9;21.8;16.9;0;1587;2587.9
22;2003-09-19;13.6;19.4;16.6;0;1598.6;2604.5
22;2003-09-20;12;20.2;16;0;1609.6;2620.5
22;2003-09-21;13.1;17.8;14.9;0;1619.5;2635.4
22;2003-09-22;9.5;24.4;18.1;0.7;1632.6;2653.6
22;2003-09-23;10.5;19.9;12.2;2.9;1639.9;2665.8
22;2003-09-24;8.7;14.3;10.9;0;1645.8;2676.7
22;2003-09-25;8.2;15.9;12.8;0;1653.6;2689.5
22;2003-09-26;9.6;17.4;13.9;0;1662.5;2703.4
22;2003-09-27;10;14.5;11.5;1.3;1669;2714.9
22;2003-09-28;5.1;13.6;9.4;0;1673.4;2724.3
22;2003-09-29;4.5;10.8;8.3;0;1676.7;2732.6
22;2003-09-30;3.6;14.7;8.9;2.9;1680.5;2741.4
22;2003-10-01;3.7;14.3;9.4;0;1685;2750.9
22;2003-10-02;4.8;13.9;9.3;0;1689.2;2760.2
22;2003-10-03;1.9;13.8;8.6;0;1692.8;2768.8
22;2003-10-04;8.8;13.1;10.7;2.5;1698.5;2779.4
22;2003-10-05;3.9;12.3;8.1;0;1701.6;2787.5
22;2003-10-06;4.8;11.6;8.4;0;1705;2795.9
22;2003-10-07;7.2;11;8.4;4;1708.3;2804.3
22;2003-10-08;4.7;11.2;9.1;1.6;1712.4;2813.3
22;2003-10-09;7.8;11.7;9.8;6.9;1717.2;2823.1
22;2003-10-10;8.5;14.4;12.3;6.1;1724.5;2835.4
22;2003-10-11;9.4;13;10.6;0.6;1730.1;2846
22;2003-10-12;8.3;12.7;9;0;1734.1;2855
22;2003-10-13;2.4;11;6.4;0;1735.4;2861.3
22;2003-10-14;1.4;10.5;5.3;0;1735.8;2866.7
22;2003-10-15;-0.6;10;4.3;0;1735.8;2870.9
22;2003-10-16;-1;10.6;3.8;0;1735.8;2874.7
22;2003-10-17;-1.1;10;3.9;0;1735.8;2878.7
22;2003-10-18;0.7;8.6;6.8;0;1737.6;2885.5
22;2003-10-19;0.7;9.8;5.4;0;1738;2890.9
22;2003-10-20;1.9;7.3;3.6;0.2;1738;2894.5
22;2003-10-21;-0.1;5.3;3;0;1738;2897.4
22;2003-10-22;0.6;5.5;1.8;3.2;1738;2899.3
22;2003-10-23;-3.8;3.1;-0.8;0;1738;2899.3
22;2003-10-24;-3.4;5;1.4;0;1738;2900.7
22;2003-10-25;1.7;7.8;5.4;0.1;1738.4;2906.1
22;2003-10-26;-1.3;4.4;0.7;2.4;1738.4;2906.7
22;2003-10-27;-5.4;7;1.9;0;1738.4;2908.6
22;2003-10-28;1;8.2;6.6;0;1740;2915.2
22;2003-10-29;1.8;6.5;3.9;0;1740;2919.2
22;2003-10-30;-0.4;6.4;4.1;0;1740;2923.3
22;2003-10-31;3.5;7.3;5.7;0.6;1740.7;2929
22;2003-11-01;5.2;9.2;7.6;3.7;1743.4;2936.6
22;2003-11-02;6.4;10;8.2;0.4;1746.6;2944.8
22;2003-11-03;7.1;11.1;9.1;1.7;1750.7;2953.9
22;2003-11-04;8.1;11;8.7;4.6;1754.4;2962.7
22;2003-11-05;3.7;7.7;6.2;0;1755.6;2968.8
22;2003-11-06;2.7;7.5;4.9;0;1755.6;2973.7
22;2003-11-07;1.2;8;4.6;0;1755.6;2978.4
22;2003-11-08;3;7;6.6;0;1757.2;2984.9
22;2003-11-09;6.3;6.8;5.6;0;1757.8;2990.5
22;2003-11-10;2.5;4.8;3.5;0;1757.8;2994.1
22;2003-11-11;1.7;6.3;3.9;0;1757.8;2998
22;2003-11-12;1.5;6.4;3.3;0;1757.8;3001.2
22;2003-11-13;0.1;5;2.7;0;1757.8;3003.9
22;2003-11-14;1.2;5.4;4.3;0;1757.8;3008.2
22;2003-11-15;2.5;7.9;6.2;0;1758.9;3014.4
22;2003-11-16;5.9;8.2;7.2;0.7;1761.1;3021.6
22;2003-11-17;5.7;7.8;6.3;0.2;1762.5;3027.9
22;2003-11-18;4.2;10.8;8.4;1.4;1765.9;3036.3
22;2003-11-19;7.7;11.3;9.6;3.7;1770.5;3045.9
22;2003-11-20;6.9;9.2;7.9;4.8;1773.4;3053.8
22;2003-11-21;7.4;8.9;8.3;8.4;1776.7;3062.1
22;2003-11-22;7.7;8.6;7.9;2.7;1779.6;3070
22;2003-11-23;7.5;10.6;8.3;3.2;1782.8;3078.3
22;2003-11-24;3.7;4.7;3.5;5;1782.8;3081.8
22;2003-11-25;0.6;7.6;5.5;0.6;1783.4;3087.3
22;2003-11-26;2.3;8.5;7;0.5;1785.3;3094.3
22;2003-11-27;6;7.3;6.6;0;1787;3100.9
22;2003-11-28;6.3;8;5.5;0.6;1787.4;3106.4
22;2003-11-29;-1.7;6.8;1.8;0;1787.4;3108.2
22;2003-11-30;-1.6;7.6;7.1;0.2;1789.5;3115.3
22;2003-12-01;5;6.9;6;0;1790.5;3121.3
22;2003-12-02;4;7.1;6.2;0;1791.7;3127.5
22;2003-12-03;5.5;6.4;5.6;0;1792.3;3133.1
22;2003-12-04;4.2;5.3;4.5;0.7;1792.3;3137.6
22;2003-12-05;4.1;9.6;7.8;0.1;1795.1;3145.4
22;2003-12-06;2.8;9.1;2.7;0;1795.1;3148.2
22;2003-12-07;-4.4;4.5;0.6;0;1795.1;3148.7
22;2003-12-08;-1.1;6.4;5.6;0;1795.8;3154.4
22;2003-12-09;3.9;5.7;3.1;0;1795.8;3157.4
22;2003-12-10;-2.1;3.1;0.9;0;1795.8;3158.4
22;2003-12-11;-0.8;4;2.6;0;1795.8;3161
22;2003-12-12;1.5;4.9;3.1;2.7;1795.8;3164.1
22;2003-12-13;1.9;8.6;6;3.3;1796.7;3170
22;2003-12-14;4.3;7.7;5.9;9;1797.6;3176
22;2003-12-15;0.5;3.7;2.5;1.3;1797.6;3178.4
22;2003-12-16;1.1;3.6;2.3;0;1797.6;3180.7
22;2003-12-17;0.1;8;6.6;3.8;1799.2;3187.4
22;2003-12-18;5.1;7.3;5.1;1;1799.3;3192.5
22;2003-12-19;1.7;5.1;3.5;0;1799.3;3195.9
22;2003-12-20;1.9;5.7;4.4;0;1799.3;3200.3
22;2003-12-21;3.8;7.2;4;8.9;1799.3;3204.3
22;2003-12-22;-1.4;0.5;-2.2;5.1;1799.3;3204.3
22;2003-12-23;-6.3;1.2;0;0;1799.3;3204.3
22;2003-12-24;-0.2;4.5;2.6;0;1799.3;3206.9
22;2003-12-25;1.9;6.5;5.7;1.2;1800.1;3212.7
22;2003-12-26;5.6;7.1;6.3;0.2;1801.3;3218.9
22;2003-12-27;4.5;6.9;5.5;0;1801.9;3224.5
22;2003-12-28;3.7;6.5;4.4;0;1801.9;3228.9
22;2003-12-29;2.7;4;2.9;8.4;1801.9;3231.8
22;2003-12-30;-0.2;3.1;1.9;6.3;1801.9;3233.8
22;2003-12-31;-1;1.3;-0.7;0;1801.9;3233.8
22;2004-01-01;-8.1;-1.5;-3.3;0;0;0
22;2004-01-02;-3.5;-1.7;-2.8;0;0;0
22;2004-01-03;-5.8;-0.9;-3.1;0;0;0
22;2004-01-04;-5.7;-1.2;-2.5;0;0;0
22;2004-01-05;-7.1;-2.3;-4;0.2;0;0
22;2004-01-06;-7.1;0.8;-1.6;0;0;0
22;2004-01-07;-2.3;4.9;2.9;5.4;0;2.9
22;2004-01-08;0.3;1.4;0.8;1;0;3.8
22;2004-01-09;0;0.9;0;0.1;0;3.8
22;2004-01-10;-0.9;0.4;-0.4;2.7;0;3.8
22;2004-01-11;-0.9;5.7;1.9;0.3;0;5.7
22;2004-01-12;0.9;4.6;3.4;13.6;0;9.1
22;2004-01-13;2.7;3.4;2.4;2.2;0;11.5
22;2004-01-14;0.2;2.6;1.9;13.6;0;13.4
22;2004-01-15;-2;2;0.2;0.8;0;13.6
22;2004-01-16;-1.8;2.6;1.2;0.1;0;14.8
22;2004-01-17;0.1;2;0.7;13;0;15.5
22;2004-01-18;-2.9;1.2;-1.1;0;0;15.5
22;2004-01-19;-2.1;3.1;1.4;2;0;16.9
22;2004-01-20;-0.4;0.6;-0.5;0;0;16.9
22;2004-01-21;-5;-2.1;-4.2;1.1;0;16.9
22;2004-01-22;-8.3;-2.3;-4.8;0;0;16.9
22;2004-01-23;-7.6;0;-1.1;0;0;16.9
22;2004-01-24;-1.8;-0.1;-0.9;0;0;16.9
22;2004-01-25;-4;-2.9;-3.8;0.8;0;16.9
22;2004-01-26;-6.2;-2.8;-4.7;0.5;0;16.9
22;2004-01-27;-8.8;-2.9;-5.6;0;0;16.9
22;2004-01-28;-8.9;-0.1;-1;0.1;0;16.9
22;2004-01-29;-3.9;-0.3;-2.8;2.4;0;16.9
22;2004-01-30;-9.4;1.9;-2.8;2.6;0;16.9
22;2004-01-31;-10.3;4.1;1.9;0.8;0;18.8
22;2004-02-01;1.4;5.6;2.7;9.3;0;21.5
22;2004-02-02;0.7;7;4;7.5;0;25.5
22;2004-02-03;2.7;9.1;6.8;1.2;1.8;32.4
22;2004-02-04;5.8;8.4;7.5;8.3;4.3;39.8
22;2004-02-05;6.7;10;8.2;0.1;7.5;48
22;2004-02-06;4.6;7.6;5.8;0;8.3;53.8
22;2004-02-07;2.8;6.1;4.4;3.3;8.3;58.2
22;2004-02-08;0.9;3;1.4;0.9;8.3;59.7
22;2004-02-09;-0.5;2.3;0.5;2.3;8.3;60.2
22;2004-02-10;-0.7;2.5;0.7;0;8.3;60.9
22;2004-02-11;-1.6;0.9;-1.1;4.9;8.3;60.9
22;2004-02-12;-6.2;1.2;-1.4;0;8.3;60.9
22;2004-02-13;-1.7;3.1;1.5;0.1;8.3;62.3
22;2004-02-14;-0.5;4.6;2;0.1;8.3;64.4
22;2004-02-15;-1.1;4.7;1.2;0;8.3;65.5
22;2004-02-16;-0.4;4.5;2.2;0;8.3;67.8
22;2004-02-17;1.1;6.3;4.1;0;8.3;71.9
22;2004-02-18;0.4;5.3;2.1;0;8.3;74
22;2004-02-19;-2.7;1.2;-1.1;0;8.3;74
22;2004-02-20;-5;2;-1.5;0;8.3;74
22;2004-02-21;-2.7;3.4;-0.1;0;8.3;74
22;2004-02-22;-2.6;2.8;-0.2;0;8.3;74
22;2004-02-23;-1.8;0.9;-0.8;1;8.3;74
22;2004-02-24;-4.6;1.8;-0.3;0;8.3;74
22;2004-02-25;-0.7;2.8;0.6;2.6;8.3;74.6
22;2004-02-26;0;2.1;0.8;0;8.3;75.4
22;2004-02-27;-1;0.4;-0.2;0;8.3;75.4
22;2004-02-28;-0.8;2.3;-0.2;0;8.3;75.4
22;2004-02-29;-3.2;2.8;-0.9;0.1;8.3;75.4
22;2004-03-01;-4.2;3.8;1.3;0;8.3;76.7
22;2004-03-02;1;7;3.2;0;8.3;79.9
22;2004-03-03;-1.4;1.5;-0.3;0;8.3;79.9
22;2004-03-04;-4.2;1;-1.7;0;8.3;79.9
22;2004-03-05;-2.4;1.2;-0.5;0;8.3;79.9
22;2004-03-06;-3.7;1.6;-0.7;0;8.3;79.9
22;2004-03-07;-1.5;2.7;-0.1;0;8.3;79.9
22;2004-03-08;-1.9;3.6;0.7;0;8.3;80.6
22;2004-03-09;-0.7;2.9;1.1;0;8.3;81.7
22;2004-03-10;-0.9;1.8;0.6;0;8.3;82.3
22;2004-03-11;0.4;5.2;2.3;0.1;8.3;84.5
22;2004-03-12;1.3;3.3;2.2;0;8.3;86.7
22;2004-03-13;1.6;5.7;2.8;0;8.3;89.5
22;2004-03-14;1.3;10;6;4.3;9.2;95.5
22;2004-03-15;5.4;10.3;7.7;0.6;11.9;103.2
22;2004-03-16;6.8;8.8;7.6;0.9;14.6;110.8
22;2004-03-17;6.4;14.5;9.6;0;19.2;120.4
22;2004-03-18;2.7;9.8;7;0;21.1;127.4
22;2004-03-19;6.1;8.9;7.2;4.6;23.3;134.6
22;2004-03-20;3.9;8.9;5.9;3.6;24.3;140.5
22;2004-03-21;4.3;7.5;4.9;12.9;24.3;145.4
22;2004-03-22;3.1;7.3;4.7;6.4;24.3;150.1
22;2004-03-23;3.1;7.8;4.3;2.3;24.3;154.4
22;2004-03-24;1.7;5;3.2;3.2;24.3;157.6
22;2004-03-25;-0.5;3.5;1;0.8;24.3;158.6
22;2004-03-26;-1.3;3.2;0.5;0;24.3;159.1
22;2004-03-27;-2.3;4.6;2.7;0;24.3;161.8
22;2004-03-28;2.5;9.5;5.8;0.2;25;167.6
22;2004-03-29;4.7;8.3;6.5;0;26.6;174.1
22;2004-03-30;-0.7;11.1;5.5;0;27.1;179.6
22;2004-03-31;1.2;12.6;6.5;0;28.6;186.1
22;2004-04-01;2.7;8.9;4.7;0;28.6;190.9
22;2004-04-02;1;7.2;3.9;0;28.6;194.7
22;2004-04-03;2.8;9.2;5.9;0;29.5;200.6
22;2004-04-04;5.5;8.7;7.2;2.8;31.7;207.9
22;2004-04-05;2.7;9.2;5.6;1.7;32.3;213.5
22;2004-04-06;3.6;6.2;4.4;6.6;32.3;217.9
22;2004-04-07;2.2;8.2;4.6;12.4;32.3;222.5
22;2004-04-08;2.2;5.7;3.9;0.7;32.3;226.4
22;2004-04-09;1.6;11.1;6.7;0.7;34;233
22;2004-04-10;3.3;9.3;6.1;0.7;35.1;239.1
22;2004-04-11;1.1;9.9;5.7;0;35.8;244.8
22;2004-04-12;4.1;9.5;6.3;0;37.1;251.1
22;2004-04-13;0.1;11.9;6.4;0;38.4;257.4
22;2004-04-14;0.4;12.3;7.4;0;40.8;264.8
22;2004-04-15;2.1;14.7;8.6;0;44.4;273.4
22;2004-04-16;2;17.2;9.8;0;49.2;283.2
22;2004-04-17;3.7;15.3;10;0;54.2;293.2
22;2004-04-18;7.1;17;11.7;0;60.9;304.9
22;2004-04-19;8.4;11.9;9.4;3.4;65.3;314.3
22;2004-04-20;5.9;13.9;8.6;7.2;68.8;322.9
22;2004-04-21;2.1;18.6;9.8;3.3;73.6;332.6
22;2004-04-22;6.9;15.6;11.1;0;79.7;343.8
22;2004-04-23;7.9;12.3;9.2;0;84;353
22;2004-04-24;7.7;13.8;10.3;0;89.3;363.3
22;2004-04-25;4.2;13.9;10.1;0;94.4;373.4
22;2004-04-26;8.9;10.5;9.2;2;98.6;382.6
22;2004-04-27;5.1;12.1;8.7;0;102.3;391.3
22;2004-04-28;6.6;13;9.2;0;106.5;400.5
22;2004-04-29;3.9;12.5;8.1;0;109.6;408.6
22;2004-04-30;7;16.4;10.5;0;115.2;419.2
22;2004-05-01;6.9;16.5;11.2;0;121.4;430.4
22;2004-05-02;7.3;19.2;12.9;0;129.3;443.3
22;2004-05-03;8.9;12.1;10.2;0.2;134.5;453.5
22;2004-05-04;9;16.2;12.4;0.6;141.9;465.9
22;2004-05-05;10.6;18.7;12.6;8.9;149.5;478.5
22;2004-05-06;8.1;18.4;13.7;1.4;158.2;492.2
22;2004-05-07;11.1;14.3;12.6;1;165.8;504.8
22;2004-05-08;10.1;11.4;10.6;0;171.3;515.4
22;2004-05-09;10;19.2;14.6;5;181;530
22;2004-05-10;9.9;19.8;14.2;0;190.2;544.2
22;2004-05-11;9.8;12;10.8;2;196;555
22;2004-05-12;10.2;11.8;10.6;0;201.6;565.6
22;2004-05-13;6.2;11.4;8.1;0.6;204.6;573.6
22;2004-05-14;2.2;13;8.3;0;208;582
22;2004-05-15;8.1;14.1;11.2;1.6;214.2;593.2
22;2004-05-16;7.9;16.7;12;0;221.2;605.2
22;2004-05-17;8;16;12;0;228.2;617.2
22;2004-05-18;10.1;15.7;12.1;0;235.3;629.3
22;2004-05-19;8;14.9;11.4;0;241.7;640.7
22;2004-05-20;7.7;13.3;10.2;0;247;651
22;2004-05-21;5.5;11.6;8.3;0;250.3;659.3
22;2004-05-22;5.2;11.2;7.1;0;252.4;666.4
22;2004-05-23;3.9;12.6;8.8;7;256.2;675.2
22;2004-05-24;5.7;14.6;10.7;0;261.9;685.9
22;2004-05-25;7.7;13.1;9.8;0;266.7;695.7
22;2004-05-26;5.4;13.5;8.9;0;270.7;704.7
22;2004-05-27;5.7;14.9;10.9;0;276.6;715.6
22;2004-05-28;5.4;11.7;9.2;0;280.8;724.8
22;2004-05-29;8.2;16.7;11.6;0;287.3;736.3
22;2004-05-30;5.7;19.3;13.2;0;295.6;749.6
22;2004-05-31;9.5;16.6;12.4;0;302.9;762
22;2004-06-01;7.3;16.4;12;0;309.9;773.9
22;2004-06-02;6.7;18.6;12.6;0;317.5;786.5
22;2004-06-03;5.6;20.2;13.9;0;326.4;800.4
22;2004-06-04;6.7;12.8;11;0;332.4;811.4
22;2004-06-05;9.8;18.2;13.8;0.8;341.2;825.3
22;2004-06-06;9;17.6;13.4;0;349.7;838.7
22;2004-06-07;12.6;19.9;15.8;0;360.5;854.5
22;2004-06-08;11.3;16.7;13.9;1.5;369.4;868.4
22;2004-06-09;10.4;16.1;13.1;0.2;377.5;881.5
22;2004-06-10;12.5;22.6;17;2.1;389.5;898.5
22;2004-06-11;11.8;19.5;15.5;1.2;400;914
22;2004-06-12;11.5;18.1;14.4;1;409.4;928.4
22;2004-06-13;10.3;20.1;14.5;2.1;418.9;942.9
22;2004-06-14;11.2;19.3;15.2;0;429.1;958.1
22;2004-06-15;13.8;17.9;14.6;0;438.7;972.7
22;2004-06-16;9.5;15.1;11.9;0;445.6;984.7
22;2004-06-17;8.2;13.3;11.2;0;451.8;995.8
22;2004-06-18;10.7;14.6;11.9;7.2;458.8;1007.8
22;2004-06-19;7.9;13.2;9.8;9.6;463.6;1017.6
22;2004-06-20;7.1;14.5;11;5.3;469.6;1028.6
22;2004-06-21;7.6;16.7;12.7;0.1;477.3;1041.3
22;2004-06-22;10.5;17.1;13.2;0.7;485.5;1054.5
22;2004-06-23;6.8;16;13.1;0;493.6;1067.6
22;2004-06-24;12.6;14.2;13.2;13.4;501.9;1080.9
22;2004-06-25;11;14.8;12.8;6.7;509.6;1093.6
22;2004-06-26;11.5;16.4;12.6;5.8;517.2;1106.2
22;2004-06-27;6.5;14.5;11.6;0;523.9;1117.9
22;2004-06-28;11.7;17.1;13.6;0.3;532.5;1131.5
22;2004-06-29;10.6;16.8;13;8;540.5;1144.5
22;2004-06-30;10.4;18.1;14.3;1.1;549.8;1158.8
22;2004-07-01;13.4;17.4;14.4;7;559.2;1173.2
22;2004-07-02;9.6;16.7;13.1;4.2;567.3;1186.3
22;2004-07-03;10.6;17;14;0.1;576.4;1200.4
22;2004-07-04;11.5;16.6;13.8;2.7;585.1;1214.1
22;2004-07-05;11.1;16.9;13.6;2.7;593.7;1227.7
22;2004-07-06;10;16.6;13.3;5.2;602;1241
22;2004-07-07;9.6;18;13.4;0;610.4;1254.4
22;2004-07-08;9.2;18.4;13.7;0;619.1;1268.1
22;2004-07-09;12.4;20.7;16.2;16.2;630.3;1284.3
22;2004-07-10;12.7;16;14.2;0.6;639.5;1298.5
22;2004-07-11;12.1;15.5;13.5;1.8;648;1312
22;2004-07-12;12.1;15.5;13.4;0.5;656.4;1325.4
22;2004-07-13;11.1;17;13.2;0;664.6;1338.6
22;2004-07-14;11;16.7;13.4;0;673.1;1352.1
22;2004-07-15;11.3;17.6;14.1;5.1;682.1;1366.1
22;2004-07-16;10.2;17.6;13.8;0;690.9;1380
22;2004-07-17;7;20.4;15.1;0;701.1;1395.1
22;2004-07-18;14.2;20.8;17.9;0.5;714;1413
22;2004-07-19;15.2;18;15.4;9;724.4;1428.4
22;2004-07-20;9.8;20.7;14.9;0.3;734.3;1443.3
22;2004-07-21;11;15;13;19.7;742.3;1456.3
22;2004-07-22;12;17.3;14.8;0;752.1;1471.1
22;2004-07-23;10.3;21.8;16.2;0;763.3;1487.3
22;2004-07-24;13.8;20;16.5;29.8;774.8;1503.8
22;2004-07-25;11.1;16;13.5;0;783.3;1517.3
22;2004-07-26;10.1;17.5;14.2;7.8;792.6;1531.6
22;2004-07-27;9.6;19;14.6;0.1;802.2;1546.2
22;2004-07-28;10.6;19.2;15.1;0;812.3;1561.3
22;2004-07-29;9.3;21.8;16.3;0;823.6;1577.6
22;2004-07-30;10.1;24.4;18;0;836.5;1595.5
22;2004-07-31;12;23.7;16.8;0;848.4;1612.4
22;2004-08-01;11.3;23.4;18.3;4.2;861.7;1630.7
22;2004-08-02;13.5;23.4;18.6;0;875.3;1649.3
22;2004-08-03;14;22.6;18.4;0;888.6;1667.6
22;2004-08-04;16.5;23.5;19;0.6;902.7;1686.7
22;2004-08-05;14.4;25.2;19.9;0;917.5;1706.6
22;2004-08-06;16;25.8;20.6;0;933.1;1727.1
22;2004-08-07;15.9;26;20.4;0;948.6;1747.6
22;2004-08-08;16.2;26;20.8;0;964.3;1768.3
22;2004-08-09;16;26.3;20.6;0;979.9;1788.9
22;2004-08-10;13.7;25.5;20;0;994.9;1808.9
22;2004-08-11;15.9;22.8;19;0;1008.9;1827.9
22;2004-08-12;15.1;24.7;19.3;6.1;1023.2;1847.2
22;2004-08-13;16.7;18.6;16.9;0;1035.1;1864.1
22;2004-08-14;12.4;20.7;16.1;47.4;1046.2;1880.2
22;2004-08-15;12.3;21.6;18.1;0;1059.3;1898.3
22;2004-08-16;13.3;20.2;17.1;0;1071.4;1915.4
22;2004-08-17;15;21.6;18;7.7;1084.3;1933.3
22;2004-08-18;11.5;21.1;17.1;0;1096.5;1950.5
22;2004-08-19;17.3;22.3;18.9;1.2;1110.4;1969.4
22;2004-08-20;15.6;20.7;17.1;0.8;1122.5;1986.5
22;2004-08-21;14.3;18.3;15.5;0.6;1133;2002
22;2004-08-22;11.3;17;13.8;0.4;1141.8;2015.8
22;2004-08-23;7.4;17.4;13.6;0.1;1150.4;2029.4
22;2004-08-24;12.7;19.2;15.9;0.5;1161.3;2045.3
22;2004-08-25;13.5;18;15.4;0.8;1171.7;2060.7
22;2004-08-26;13.5;19.2;15.6;4.1;1182.3;2076.3
22;2004-08-27;13;15.8;14.5;0;1191.8;2090.8
22;2004-08-28;12;18.4;14.8;3.1;1201.6;2105.6
22;2004-08-29;7.8;18.2;14.1;0;1210.7;2119.7
22;2004-08-30;13.3;17.8;14.4;0.4;1220.1;2134.1
22;2004-08-31;10.7;16.9;13.7;17.1;1228.8;2147.8
22;2004-09-01;12.8;16.9;14.4;10.5;1238.2;2162.2
22;2004-09-02;13.3;18.3;14.6;1.6;1247.8;2176.8
22;2004-09-03;7.8;20.8;14.5;0;1257.3;2191.3
22;2004-09-04;9.6;22.9;16;0;1268.4;2207.4
22;2004-09-05;9.2;22.9;16.8;0;1280.2;2224.2
22;2004-09-06;12;21.9;17;0;1292.1;2241.2
22;2004-09-07;9.5;21.2;15.6;0;1302.7;2256.7
22;2004-09-08;10.9;18.5;13.7;0;1311.4;2270.4
22;2004-09-09;5.2;18.8;12.2;0;1318.7;2282.7
22;2004-09-10;6.4;19.3;14;0;1327.7;2296.7
22;2004-09-11;13.2;20.2;16.9;0;1339.6;2313.6
22;2004-09-12;13.3;17;14.9;0.2;1349.5;2328.5
22;2004-09-13;13.1;17.3;15.1;2.6;1359.5;2343.6
22;2004-09-14;12;17.2;14.8;0.4;1369.3;2358.3
22;2004-09-15;12.7;16.1;13.3;1.2;1377.6;2371.6
22;2004-09-16;9.5;14.7;11.4;2.6;1384.1;2383.1
22;2004-09-17;8.4;17;13.2;0;1392.3;2396.3
22;2004-09-18;12.9;17.9;15.2;0;1402.5;2411.5
22;2004-09-19;13.7;17.3;14.5;5.7;1412;2426
22;2004-09-20;10.4;13.2;12.4;0;1419.3;2438.4
22;2004-09-21;10.9;15;12.4;5.7;1426.7;2450.7
22;2004-09-22;10.5;14.4;11.5;0.6;1433.2;2462.2
22;2004-09-23;9.3;14.2;11.3;0;1439.4;2473.5
22;2004-09-24;8.9;15.6;11.8;0.1;1446.3;2485.3
22;2004-09-25;7.5;14.2;11;0;1452.3;2496.3
22;2004-09-26;10.1;14.8;12.4;2.8;1459.7;2508.7
22;2004-09-27;11.5;15.1;12.9;0.6;1467.6;2521.6
22;2004-09-28;9.9;12.8;11.2;0;1473.8;2532.8
22;2004-09-29;9.6;13.6;10.7;5;1479.5;2543.5
22;2004-09-30;8.7;15.3;10.6;0;1485.2;2554.2
22;2004-10-01;4.2;13.6;8.7;0;1488.9;2562.9
22;2004-10-02;7.6;14.2;11.4;0;1495.3;2574.3
22;2004-10-03;8.9;14.7;12;0.5;1502.3;2586.3
22;2004-10-04;9.7;15.5;13.6;0.5;1510.9;2599.9
22;2004-10-05;10;15.3;12.7;1.5;1518.6;2612.6
22;2004-10-06;10.6;14.6;12.4;2;1526;2625
22;2004-10-07;9.8;12.8;11;0;1532;2636
22;2004-10-08;9.3;14.2;10.7;1;1537.6;2646.6
22;2004-10-09;4.3;11.3;7.2;0.5;1539.9;2653.9
22;2004-10-10;0.4;11.2;5.4;0;1540.3;2659.3
22;2004-10-11;1.4;9.5;5.4;0;1540.7;2664.8
22;2004-10-12;3.2;8.6;6.3;0.1;1542.1;2671.1
22;2004-10-13;4.4;10.3;7.2;0;1544.3;2678.3
22;2004-10-14;5.9;9.9;7.6;0;1546.9;2685.9
22;2004-10-15;5.6;9.3;7.9;0;1549.8;2693.8
22;2004-10-16;7.7;10.7;8.6;2.4;1553.4;2702.4
22;2004-10-17;7.5;10;8.8;9.4;1557.1;2711.2
22;2004-10-18;8.1;9.3;8.8;27.5;1560.9;2719.9
22;2004-10-19;8.2;11.2;8.3;0.6;1564.2;2728.2
22;2004-10-20;1.7;10.7;6.9;0;1566.1;2735.1
22;2004-10-21;7.4;13.8;10.6;4.3;1571.7;2745.7
22;2004-10-22;9.3;12.3;11;0.9;1577.8;2756.8
22;2004-10-23;10.4;13.6;12.4;0;1585.2;2769.2
22;2004-10-24;11.6;13.3;12.4;7.7;1592.6;2781.6
22;2004-10-25;12;14.8;13;3;1600.6;2794.6
22;2004-10-26;10.4;12.1;10.2;0;1605.7;2804.7
22;2004-10-27;1.6;11.7;6;0;1606.8;2810.8
22;2004-10-28;4.8;9.5;7.9;0;1609.6;2818.7
22;2004-10-29;8;9.5;8.7;0.2;1613.4;2827.4
22;2004-10-30;8.4;9.9;9.1;12.2;1617.5;2836.5
22;2004-10-31;8;9.2;7.9;1.2;1620.3;2844.3
22;2004-11-01;3.4;11.4;8.5;0;1623.9;2852.9
22;2004-11-02;8.3;10.8;8.7;0;1627.5;2861.5
22;2004-11-03;6.8;9.4;8.6;0;1631.1;2870.1
22;2004-11-04;5.8;10.1;8.9;0.2;1635;2879
22;2004-11-05;6.1;9.3;7.6;3.6;1637.6;2886.6
22;2004-11-06;5.8;9;7.2;2.8;1639.8;2893.8
22;2004-11-07;1.7;7.4;4.6;0;1639.8;2898.4
22;2004-11-08;1.5;8.1;4.8;0;1639.8;2903.2
22;2004-11-09;0.2;6.5;4.1;0;1639.8;2907.3
22;2004-11-10;3.1;7.3;6.2;2;1641;2913.5
22;2004-11-11;1.9;7.5;4.5;0;1641;2918
22;2004-11-12;3.1;8.1;6.5;0;1642.5;2924.5
22;2004-11-13;3.9;6.9;4.6;4;1642.5;2929
22;2004-11-14;0.4;8.3;4.5;0;1642.5;2933.6
22;2004-11-15;2;9.7;8.7;0;1646.2;2942.3
22;2004-11-16;4.8;7.3;5.6;0.8;1646.8;2947.9
22;2004-11-17;0.5;9.4;4;0;1646.8;2951.9
22;2004-11-18;1;8.5;4.7;3.9;1646.8;2956.6
22;2004-11-19;-1.7;3.3;0.7;2.7;1646.8;2957.3
22;2004-11-20;-1.7;3.5;1.5;0;1646.8;2958.8
22;2004-11-21;-1.1;3.8;1.4;0;1646.8;2960.2
22;2004-11-22;-0.2;9.1;5.2;10;1647;2965.4
22;2004-11-23;2.2;5.8;3.4;2.5;1647;2968.8
22;2004-11-24;-3;4.1;0.9;1.1;1647;2969.7
22;2004-11-25;-1.5;8.3;6.5;0.2;1648.5;2976.2
22;2004-11-26;1.9;6.2;4.5;0;1648.5;2980.7
22;2004-11-27;4;7.7;6.3;6.2;1649.8;2987
22;2004-11-28;3.7;5.8;5;0;1649.8;2992
22;2004-11-29;3.9;5.8;4.6;0;1649.8;2996.5
22;2004-11-30;3.6;6.2;4.5;0;1649.8;3001
22;2004-12-01;1.3;3.9;2.5;0;1649.8;3003.5
22;2004-12-02;0.4;6.3;3.7;6.3;1649.8;3007.3
22;2004-12-03;3.3;5.5;4.2;0.1;1649.8;3011.5
22;2004-12-04;2.1;6.9;5.8;2.5;1650.5;3017.2
22;2004-12-05;5.6;9;7.1;0;1652.6;3024.3
22;2004-12-06;5.7;7.9;6.8;0.1;1654.4;3031.1
22;2004-12-07;6.3;8.3;7.2;0;1656.6;3038.3
22;2004-12-08;5;7.2;5.6;0;1657.2;3043.9
22;2004-12-09;3;5;3.9;0;1657.2;3047.8
22;2004-12-10;0.9;2.8;1.5;0;1657.2;3049.3
22;2004-12-11;-0.3;6.8;4;0;1657.2;3053.3
22;2004-12-12;2.9;6.8;5.3;0;1657.5;3058.5
22;2004-12-13;4.3;7.4;6.8;0;1659.2;3065.3
22;2004-12-14;2.5;6.1;2.4;0.6;1659.2;3067.7
22;2004-12-15;0.3;6.6;5;0;1659.2;3072.7
22;2004-12-16;1.9;6.1;4.8;0.4;1659.2;3077.4
22;2004-12-17;5;6.4;5.2;1.3;1659.4;3082.6
22;2004-12-18;1;4;2.9;3.7;1659.4;3085.5
22;2004-12-19;-1.1;3.1;0.6;0.5;1659.4;3086.1
22;2004-12-20;-2;4.6;3.4;3.1;1659.4;3089.5
22;2004-12-21;0.7;3.4;1.9;2.3;1659.4;3091.4
22;2004-12-22;0.8;6.6;2.6;0.3;1659.4;3094
22;2004-12-23;1.3;8.5;6.6;1.6;1661;3100.6
22;2004-12-24;5;7.5;5;13.7;1661.1;3105.6
22;2004-12-25;1.8;5.6;4.1;9.1;1661.1;3109.8
22;2004-12-26;0.7;2.7;1.4;0;1661.1;3111.1
22;2004-12-27;-1.8;-0.4;-1.4;0;1661.1;3111.1
22;2004-12-28;-2.7;1.2;0.1;0;1661.1;3111.2
22;2004-12-29;-4.9;2;-0.6;2;1661.1;3111.2
22;2004-12-30;-5.1;6.5;4.2;0.1;1661.1;3115.4
22;2004-12-31;3.5;6.8;4.6;3.7;1661.1;3120
22;2005-01-01;0;4.7;2.8;0;0;2.8
22;2005-01-02;0.7;6.2;3.6;2.8;0;6.4
22;2005-01-03;1.4;7;4.1;1.3;0;10.6
22;2005-01-04;2.6;7.7;7.3;0.1;2.3;17.8
22;2005-01-05;4.4;6.2;5.1;0;2.4;22.9
22;2005-01-06;4.3;6.5;5.4;0.4;2.8;28.3
22;2005-01-07;4.9;9.4;8.2;0;6;36.5
22;2005-01-08;8.1;9.8;7.9;0.8;8.9;44.5
22;2005-01-09;4.8;7.4;6.2;0.9;10.1;50.7
22;2005-01-10;5.1;10.5;8.7;2.8;13.8;59.4
22;2005-01-11;5.7;8;6.8;0;15.6;66.2
22;2005-01-12;5.6;8;6.6;2;17.2;72.7
22;2005-01-13;4.1;5.8;4.4;0.2;17.2;77.1
22;2005-01-14;3;5.7;3.5;0.4;17.2;80.6
22;2005-01-15;-1.2;2.3;0.8;0.1;17.2;81.4
22;2005-01-16;-1.1;3.2;2;0;17.2;83.4
22;2005-01-17;0.8;5.3;3.6;0;17.2;87
22;2005-01-18;3.1;4.8;3.8;1.9;17.2;90.8
22;2005-01-19;0.8;4.1;2.2;2.6;17.2;93
22;2005-01-20;0.5;6.3;4;5;17.2;97.1
22;2005-01-21;0.6;4.6;2.8;4;17.2;99.9
22;2005-01-22;0.6;3.6;1.7;0;17.2;101.6
22;2005-01-23;-0.1;2.9;0.4;0;17.2;101.9
22;2005-01-24;-2.4;0.3;-1;0.8;17.2;101.9
22;2005-01-25;-4.7;-1.5;-2.8;0;17.2;101.9
22;2005-01-26;-5;0.1;-2.6;0;17.2;101.9
22;2005-01-27;-4;1.3;-0.5;0;17.2;101.9
22;2005-01-28;-1.9;0.2;-2.6;1.4;17.2;101.9
22;2005-01-29;-9.6;1.2;-2.6;0;17.2;101.9
22;2005-01-30;-3.3;5.6;3.3;0.1;17.2;105.3
22;2005-01-31;2.1;6.5;4.2;0;17.2;109.5
22;2005-02-01;1.6;4.9;2.3;0;17.2;111.8
22;2005-02-02;-0.1;5.1;2;0;17.2;113.8
22;2005-02-03;-1.3;2.9;1.2;0;17.2;115
22;2005-02-04;-0.8;5.8;3.8;0;17.2;118.9
22;2005-02-05;2.9;4.3;2.7;0.1;17.2;121.6
22;2005-02-06;-2.6;0.2;-1.1;0;17.2;121.6
22;2005-02-07;-3.7;1.7;-1.4;0;17.2;121.6
22;2005-02-08;-4.1;-0.7;-2.8;0;17.2;121.6
22;2005-02-09;-4.3;1.7;-0.9;0;17.2;121.6
22;2005-02-10;-1.9;5.6;3.7;1.7;17.2;125.3
22;2005-02-11;1;5;2.4;4.2;17.2;127.7
22;2005-02-12;0.1;3.5;1.1;0;17.2;128.8
22;2005-02-13;-0.2;0;-0.2;25;17.2;128.8
22;2005-02-14;-1.3;1.2;-0.2;3;17.2;128.8
22;2005-02-15;-2.2;1.2;-1.6;0.3;17.2;128.8
22;2005-02-16;-5.2;-1.1;-2.6;0;17.2;128.8
22;2005-02-17;-3;-0.8;-2.3;0;17.2;128.8
22;2005-02-18;-2.9;1;0.4;0;17.2;129.2
22;2005-02-19;-1.3;1.3;0.5;1;17.2;129.7
22;2005-02-20;-1.1;2.2;1;1.1;17.2;130.8
22;2005-02-21;0.2;1.8;0.8;0.1;17.2;131.6
22;2005-02-22;-2.2;0.2;-1.3;0;17.2;131.6
22;2005-02-23;-2.8;0.5;-1;0.6;17.2;131.6
22;2005-02-24;-1.3;1.5;0.9;2.4;17.2;132.5
22;2005-02-25;-0.1;0.9;0;0.2;17.2;132.5
22;2005-02-26;-1.9;0.2;-1.6;0;17.2;132.5
22;2005-02-27;-7.8;-2.6;-4.7;0;17.2;132.5
22;2005-02-28;-7.6;1.7;-1.7;0;17.2;132.5
22;2005-03-01;-2.7;0.1;-0.6;3.4;17.2;132.5
22;2005-03-02;-1.5;-0.2;-2;3.5;17.2;132.5
22;2005-03-03;-9.3;-3.2;-7.6;1;17.2;132.5
22;2005-03-04;-18.7;-1.5;-8.3;0;17.2;132.5
22;2005-03-05;-12.5;-2;-4.5;0;17.2;132.5
22;2005-03-06;-8.7;-0.9;-4.3;0;17.2;132.5
22;2005-03-07;-7.3;2;-0.8;0;17.2;132.5
22;2005-03-08;-3.9;4.2;-0.1;0;17.2;132.5
22;2005-03-09;-4.6;1.6;-1.4;0;17.2;132.5
22;2005-03-10;-7.5;1.5;-1.5;0;17.2;132.5
22;2005-03-11;-2.2;3.6;2;0.4;17.2;134.5
22;2005-03-12;0.6;2.6;0.3;2.9;17.2;134.8
22;2005-03-13;-4.4;1.6;-1.8;1.2;17.2;134.8
22;2005-03-14;-3.3;3.7;1.6;0.1;17.2;136.4
22;2005-03-15;0.6;4.4;1.8;0.1;17.2;138.2
22;2005-03-16;0.3;7.6;6.3;13;18.5;144.5
22;2005-03-17;5.9;8.3;7.4;2;20.8;151.9
22;2005-03-18;5.1;6.8;4.8;2.4;20.8;156.7
22;2005-03-19;-1.3;1.8;-0.3;7.3;20.8;156.7
22;2005-03-20;-4;2.4;-1;0;20.8;156.7
22;2005-03-21;-1.5;3.4;0.7;0;20.8;157.3
22;2005-03-22;-0.5;8;3.1;0;20.8;160.5
22;2005-03-23;2.3;8.6;5.8;0;21.6;166.2
22;2005-03-24;3.8;10.6;6.2;0.4;22.8;172.5
22;2005-03-25;2.4;12.7;6.5;0;24.3;179
22;2005-03-26;2.8;5.7;4.1;0;24.3;183.1
22;2005-03-27;2.6;6.4;3.5;0;24.3;186.6
22;2005-03-28;0.8;6.3;2.7;0;24.3;189.3
22;2005-03-29;-0.4;6.2;2.6;0;24.3;191.8
22;2005-03-30;0.2;6.5;2.6;0;24.3;194.4
22;2005-03-31;-1.3;7.6;2.4;0;24.3;196.8
22;2005-04-01;-1.9;10.6;4.3;0;24.3;201.1
22;2005-04-02;-0.8;12.2;6.3;0;25.7;207.5
22;2005-04-03;0.4;15.4;7.9;0;28.6;215.4
22;2005-04-04;2.1;16.6;10.3;0;33.8;225.6
22;2005-04-05;4.7;10.6;7.3;0.3;36.2;233
22;2005-04-06;4.2;11.8;8;0;39.2;241
22;2005-04-07;6.2;11.1;7.2;0.4;41.4;248.2
22;2005-04-08;4;8.6;6.3;0;42.6;254.4
22;2005-04-09;2.1;8;4.4;0;42.6;258.8
22;2005-04-10;-0.1;6.6;3.8;0.6;42.6;262.6
22;2005-04-11;3.3;14;8.8;2.4;46.5;271.5
22;2005-04-12;3.6;13.7;8.9;0;50.4;280.4
22;2005-04-13;7;9.3;7.9;0;53.3;288.3
22;2005-04-14;7.3;13.9;10.6;3.4;58.8;298.8
22;2005-04-15;6.9;18.2;11.2;0.3;65;310
22;2005-04-16;5.9;15.3;10.5;0;70.5;320.5
22;2005-04-17;7.4;16.1;10.5;0;76;331
22;2005-04-18;5.8;13.2;8.8;0;79.8;339.8
22;2005-04-19;3.3;11.3;6.2;0;81.1;346.1
22;2005-04-20;-1.1;8.2;3.8;0;81.1;349.9
22;2005-04-21;-0.8;11.4;5.6;0;81.7;355.5
22;2005-04-22;2.9;10.3;6.4;0;83.1;361.8
22;2005-04-23;1.8;9.2;5;0;83.1;366.9
22;2005-04-24;-1.3;11;5.5;0;83.6;372.3
22;2005-04-25;1.4;9.8;5.7;0;84.3;378.1
22;2005-04-26;2.1;11.3;6.5;0;85.8;384.6
22;2005-04-27;2.3;10.3;6.4;0;87.2;391
22;2005-04-28;5.9;12.9;8.9;2.7;91.1;399.9
22;2005-04-29;5.5;10.2;8.1;0;94.2;408
22;2005-04-30;7;13.9;10.8;0;100;418.8
22;2005-05-01;8.5;12.8;10.2;4.8;105.2;429
22;2005-05-02;9.3;17.8;13.1;6.7;113.3;442.1
22;2005-05-03;8.6;17.6;13.8;0.7;122.1;455.9
22;2005-05-04;10.8;14.6;12;1.7;129.1;467.9
22;2005-05-05;5.2;11.7;8.8;0;132.9;476.7
22;2005-05-06;7.7;11.4;8.7;0.7;136.6;485.3
22;2005-05-07;4.4;10.1;6.6;1.4;138.1;491.9
22;2005-05-08;3.9;10.1;6.9;3.6;140.1;498.8
22;2005-05-09;4.5;10;6.9;1;142;505.8
22;2005-05-10;4.6;9.4;6.7;0;143.7;512.5
22;2005-05-11;2.8;12.8;8;0.3;146.7;520.5
22;2005-05-12;4.7;13.5;8.9;0.7;150.6;529.4
22;2005-05-13;2.2;15.2;9.6;0;155.2;539
22;2005-05-14;3;15.1;9.8;0;160.1;548.8
22;2005-05-15;5.7;16.2;10.9;0.7;165.9;559.7
22;2005-05-16;5.4;10.8;8.3;0;169.3;568
22;2005-05-17;3.4;11.7;7.4;0.8;171.7;575.4
22;2005-05-18;3.5;10;7;0;173.7;582.5
22;2005-05-19;3.6;14;9.6;0;178.3;592.1
22;2005-05-20;9.1;15.2;12.4;0;185.7;604.5
22;2005-05-21;11.2;16.8;13.3;9.6;194;617.8
22;2005-05-22;10.5;18.8;15;9.3;204;632.7
22;2005-05-23;12.4;17.2;14;0.1;213;646.8
22;2005-05-24;5.3;15.7;12;0;220;658.8
22;2005-05-25;11.5;17;13.6;0.5;228.7;672.4
22;2005-05-26;9.4;22.9;17.2;0.2;240.9;689.6
22;2005-05-27;12.5;21.2;16;0;251.9;705.6
22;2005-05-28;10.7;27;19.2;0;266;724.8
22;2005-05-29;12;17.9;14.6;0;275.6;739.4
22;2005-05-30;10.3;15.1;11.9;1.2;282.5;751.3
22;2005-05-31;8.3;11.5;9.7;2.3;287.2;761
22;2005-06-01;8.7;12.2;9.7;1.4;291.9;770.7
22;2005-06-02;3.1;13.1;9.5;0;296.5;780.2
22;2005-06-03;9.6;19.8;15.4;5.5;306.8;795.6
22;2005-06-04;13.1;15.4;13.4;13.1;315.2;809
22;2005-06-05;11.1;14.4;11.7;0.3;322;820.8
22;2005-06-06;7.2;12.1;9.4;0;326.4;830.1
22;2005-06-07;7.9;13.5;10.6;2.2;331.9;840.7
22;2005-06-08;4.4;16;11.1;0;338;851.8
22;2005-06-09;6.1;18;12.7;0;345.7;864.5
22;2005-06-10;10.6;14.8;11.8;0;352.6;876.3
22;2005-06-11;7.2;14.7;10.4;0;357.9;886.7
22;2005-06-12;7.3;13.7;10.2;5.6;363.1;896.9
22;2005-06-13;5.1;13.1;9.5;2.6;367.6;906.4
22;2005-06-14;6.5;18.9;13.6;10.6;376.2;920
22;2005-06-15;7;21.7;15.1;0;386.3;935.1
22;2005-06-16;7.7;18.5;14.2;0;395.5;949.3
22;2005-06-17;13.4;18.2;14.8;2.9;405.3;964.1
22;2005-06-18;10.4;18.4;14.3;0;414.7;978.4
22;2005-06-19;11.5;19.9;15.4;0;425;993.8
22;2005-06-20;8.7;22.2;16.7;0;436.7;1010.5
22;2005-06-21;14.6;23.6;18.4;0;450.2;1029
22;2005-06-22;11.8;18.8;15.3;0.2;460.5;1044.2
22;2005-06-23;11.5;21.8;17.1;0;472.6;1061.4
22;2005-06-24;11.1;25.6;19.5;0;487.1;1080.9
22;2005-06-25;12.9;18.7;15;0;497.1;1095.9
22;2005-06-26;8.9;19.6;15.2;3;507.4;1111.1
22;2005-06-27;8.9;19.3;14.7;0;517;1125.8
22;2005-06-28;11.3;18.4;14.6;0;526.7;1140.4
22;2005-06-29;9.8;21.6;15.6;0;537.3;1156.1
22;2005-06-30;7.7;20.2;14.9;0;547.2;1171
22;2005-07-01;9.5;20.7;15.6;0;557.8;1186.6
22;2005-07-02;7.1;21.6;16.1;0;568.9;1202.6
22;2005-07-03;9.8;23.4;18.2;0;582.1;1220.9
22;2005-07-04;16.4;24.7;19.8;0;596.9;1240.7
22;2005-07-05;13.8;17.3;14.9;0;606.9;1255.6
22;2005-07-06;12.3;14.8;13.7;11;615.5;1269.3
22;2005-07-07;12.7;20.9;16.7;1.6;627.2;1286
22;2005-07-08;11;24.6;18.8;0;641;1304.8
22;2005-07-09;11.9;27.6;20.8;0;656.8;1325.6
22;2005-07-10;13.6;25.7;20.5;0;672.3;1346.1
22;2005-07-11;12.3;26.5;20.4;0;687.6;1366.4
22;2005-07-12;14.1;27.8;21.6;0;704.2;1388
22;2005-07-13;13.4;21.7;17.4;0;716.6;1405.4
22;2005-07-14;11.1;20.5;16.7;0;728.2;1422
22;2005-07-15;13.7;24.7;18.9;0.7;742.1;1440.9
22;2005-07-16;13.5;19.4;15.9;0.1;753;1456.8
22;2005-07-17;13.3;20.4;16;0.1;764;1472.8
22;2005-07-18;15.6;22;17.7;0.9;776.7;1490.5
22;2005-07-19;14.9;19.9;16.8;10.9;788.5;1507.2
22;2005-07-20;12.8;17.7;14.5;1;798;1521.7
22;2005-07-21;12.8;19.4;15.4;2.2;808.3;1537.1
22;2005-07-22;12.1;20.7;16.4;6.3;819.8;1553.6
22;2005-07-23;12.5;19.3;15.9;0;830.6;1569.4
22;2005-07-24;12.4;17;14.1;0;839.7;1583.5
22;2005-07-25;9.3;16.1;13.1;0;847.8;1596.6
22;2005-07-26;11.3;19.4;15.6;2;858.4;1612.2
22;2005-07-27;10.1;19.8;15.1;0;868.6;1627.3
22;2005-07-28;11;24.9;18.1;0.1;881.7;1645.4
22;2005-07-29;14.6;26;18.7;0;895.3;1664.1
22;2005-07-30;15.3;19.8;17.3;9.8;907.7;1681.4
22;2005-07-31;13;22;16.6;5.7;919.3;1698.1
22;2005-08-01;13.9;21;16.2;9.7;930.5;1714.2
22;2005-08-02;13.7;16.7;15.2;1.6;940.7;1729.4
22;2005-08-03;13;20.2;16.1;0;951.8;1745.6
22;2005-08-04;12.3;18.9;14.4;0.2;961.2;1760
22;2005-08-05;10.6;17.2;13.8;12.4;970.1;1773.8
22;2005-08-06;10.5;18.5;13.8;8;978.9;1787.7
22;2005-08-07;10.6;18.4;13.8;0;987.7;1801.5
22;2005-08-08;7.1;18;13.7;0;996.4;1815.2
22;2005-08-09;12.1;19.8;15.3;0;1006.7;1830.5
22;2005-08-10;12.6;18.9;15.4;1.1;1017;1845.8
22;2005-08-11;14;16.4;14.6;1.6;1026.6;1860.4
22;2005-08-12;13.2;17.9;14.7;0;1036.3;1875.1
22;2005-08-13;11.8;18;14;0;1045.2;1889
22;2005-08-14;9;20;14.8;0;1055;1903.8
22;2005-08-15;10;21.3;16.1;0;1066.1;1919.9
22;2005-08-16;10.2;18.1;14.5;0;1075.6;1934.3
22;2005-08-17;8.6;19.9;14.3;0;1084.8;1948.6
22;2005-08-18;8.5;22.9;16;0;1095.9;1964.6
22;2005-08-19;12.2;24.2;17.9;0;1108.8;1982.5
22;2005-08-20;14.3;26.8;20.4;0;1124.2;2002.9
22;2005-08-21;16;27.1;21.2;0;1140.4;2024.1
22;2005-08-22;14.7;24.2;18.7;0;1154.1;2042.8
22;2005-08-23;12.6;21.8;16.7;0;1165.7;2059.5
22;2005-08-24;14.6;19.1;15.8;0;1176.5;2075.3
22;2005-08-25;13.3;16;14.7;0;1186.3;2090
22;2005-08-26;11.4;16.2;13.5;14;1194.8;2103.6
22;2005-08-27;11.6;17.7;14.6;0;1204.4;2118.2
22;2005-08-28;13.6;18.1;16;0.1;1215.4;2134.2
22;2005-08-29;15;22.1;18.1;0;1228.5;2152.3
22;2005-08-30;10.4;19.6;14.8;0;1238.3;2167.1
22;2005-08-31;7.3;20.1;14.2;0;1247.5;2181.3
22;2005-09-01;12.6;23.4;17.7;0;1260.3;2199
22;2005-09-02;14.5;18.2;16.2;0;1271.5;2215.2
22;2005-09-03;9.6;18.8;13.7;3.8;1280.2;2229
22;2005-09-04;5.5;20;13;0;1288.1;2241.9
22;2005-09-05;7.1;23.3;16;0;1299.2;2258
22;2005-09-06;11.4;24.1;18;0;1312.2;2276
22;2005-09-07;13.8;24.8;19.4;0;1326.7;2295.4
22;2005-09-08;13.9;23.3;18.1;0;1339.8;2313.6
22;2005-09-09;11.9;19.7;15.4;0;1350.2;2328.9
22;2005-09-10;12.6;20.8;15.8;0;1361;2344.8
22;2005-09-11;11.4;18.1;14.5;0;1370.5;2359.3
22;2005-09-12;9.2;17.8;14.1;0;1379.6;2373.4
22;2005-09-13;9.6;18;13.6;0;1388.2;2387
22;2005-09-14;11.6;19.3;15.3;0;1398.5;2402.3
22;2005-09-15;12.3;15.7;13.2;0.1;1406.7;2415.4
22;2005-09-16;6.6;14.9;10.5;0;1412.2;2426
22;2005-09-17;3.5;14.6;9.8;0;1417;2435.8
22;2005-09-18;5.3;14.2;11.7;0;1423.7;2447.5
22;2005-09-19;12.4;16.9;14.3;0;1432.9;2461.7
22;2005-09-20;13.3;18.5;14.4;0;1442.3;2476.1
22;2005-09-21;8.7;17.2;13.6;0;1450.9;2489.7
22;2005-09-22;7.4;18.1;13;0;1458.8;2502.6
22;2005-09-23;9.4;20.2;14.7;0;1468.5;2517.3
22;2005-09-24;9.6;20.7;15.1;0;1478.6;2532.4
22;2005-09-25;10.4;21.4;15.6;0;1489.2;2548
22;2005-09-26;11.6;18.5;14.6;0;1498.8;2562.6
22;2005-09-27;10.7;15.2;13.5;1;1507.3;2576.1
22;2005-09-28;11.2;15.1;12.3;4.6;1514.6;2588.3
22;2005-09-29;7.1;14.4;10.5;0;1520.1;2598.9
22;2005-09-30;8.1;14.3;11.7;9.5;1526.8;2610.6
22;2005-10-01;11;12.6;11.7;0;1533.6;2622.3
22;2005-10-02;5.2;15.5;10.2;11.4;1538.8;2632.5
22;2005-10-03;3.8;14.2;9.8;0;1543.5;2642.3
22;2005-10-04;5.6;16.8;10.7;0;1549.2;2653
22;2005-10-05;6.3;16.4;10.2;0;1554.5;2663.3
22;2005-10-06;8.5;18.5;12.5;0;1562;2675.8
22;2005-10-07;9.5;17.6;13.2;0;1570.1;2688.9
22;2005-10-08;10.7;16.6;13.5;0;1578.6;2702.4
22;2005-10-09;11.7;15.1;11.6;0;1585.2;2714
22;2005-10-10;6.2;17.2;13;0;1593.3;2727.1
22;2005-10-11;10.1;17.8;13.3;0;1601.6;2740.3
22;2005-10-12;9.5;16.2;12.5;0;1609;2752.8
22;2005-10-13;8.4;16.8;12;0;1616;2764.8
22;2005-10-14;4.7;14.1;9.8;0;1620.8;2774.6
22;2005-10-15;3.7;13.8;8.5;0;1624.3;2783.1
22;2005-10-16;1.3;11.7;6.1;0;1625.4;2789.2
22;2005-10-17;1.6;11.1;6.4;0;1626.9;2795.7
22;2005-10-18;2.4;12.3;6.2;0;1628.1;2801.9
22;2005-10-19;0.9;12.3;7.2;0;1630.3;2809.1
22;2005-10-20;6.5;12.2;10.6;0;1635.9;2819.7
22;2005-10-21;8.2;13.2;11.3;0.6;1642.2;2830.9
22;2005-10-22;10.7;13.1;12;9.1;1649.1;2842.9
22;2005-10-23;6.6;10.6;8.7;1;1652.9;2851.6
22;2005-10-24;3.1;8.3;6.2;0;1654.1;2857.9
22;2005-10-25;5.7;13.2;11.8;11.7;1660.8;2869.6
22;2005-10-26;10.3;13.7;11.7;13;1667.5;2881.3
22;2005-10-27;8.2;13.1;11.6;0.1;1674.1;2892.9
22;2005-10-28;11.3;14;12.1;0.1;1681.1;2904.9
22;2005-10-29;8.4;13.1;10.4;0;1686.6;2915.3
22;2005-10-30;7.1;14.2;10.4;0;1691.9;2925.7
22;2005-10-31;9.2;14.2;10.9;0;1697.8;2936.6
22;2005-11-01;7;12.1;10.1;0;1702.9;2946.6
22;2005-11-02;6.9;11;10.1;2;1707.9;2956.7
22;2005-11-03;9.6;14.2;12.3;12;1715.2;2969
22;2005-11-04;11.7;13.6;12.4;0;1722.6;2981.4
22;2005-11-05;10.2;11.9;10.4;0.3;1728.1;2991.8
22;2005-11-06;7.7;10.4;9.5;1.1;1732.5;3001.3
22;2005-11-07;8.5;10.5;9.5;0;1737;3010.8
22;2005-11-08;8.6;10.5;9.7;0;1741.7;3020.5
22;2005-11-09;7.4;10.7;8.9;0;1745.6;3029.4
22;2005-11-10;4.8;10.7;8.4;0;1749;3037.8
22;2005-11-11;7.7;12.1;11;0;1755;3048.7
22;2005-11-12;10.2;11.3;9.9;6.5;1759.8;3058.6
22;2005-11-13;6.7;10.3;8.1;0;1762.9;3066.7
22;2005-11-14;4.5;9.5;7.8;0;1765.7;3074.5
22;2005-11-15;7.6;10.5;7.9;4.3;1768.6;3082.4
22;2005-11-16;3;5.7;3.1;0;1768.6;3085.5
22;2005-11-17;-1.1;4.5;1.4;0.4;1768.6;3086.9
22;2005-11-18;-2.1;4.4;1.2;2.2;1768.6;3088.2
22;2005-11-19;0.1;5.8;2.7;1;1768.6;3090.9
22;2005-11-20;1.3;6.5;3.7;0;1768.6;3094.6
22;2005-11-21;-2.1;2.9;-0.2;0;1768.6;3094.6
22;2005-11-22;-1.7;3.4;1.7;1.3;1768.6;3096.3
22;2005-11-23;0.5;5.5;4.6;0.7;1768.6;3100.9
22;2005-11-24;4.4;5.7;5.1;0.2;1768.7;3106
22;2005-11-25;-1;4;0.6;1.9;1768.7;3106.6
22;2005-11-26;-1.4;1.7;0.3;1.8;1768.7;3106.9
22;2005-11-27;-2.7;2.8;-0.2;0;1768.7;3106.9
22;2005-11-28;-2.2;1.5;-0.2;0;1768.7;3106.9
22;2005-11-29;-3.7;3.3;0.8;0;1768.7;3107.8
22;2005-11-30;0.2;4.5;2.5;0;1768.7;3110.3
22;2005-12-01;-0.7;3.4;2;0;1768.7;3112.3
22;2005-12-02;-0.1;1.7;0.7;0;1768.7;3113
22;2005-12-03;0.1;1.4;1;0;1768.7;3113.9
22;2005-12-04;0.8;4;2.3;0;1768.7;3116.3
22;2005-12-05;1.8;5.9;5;0.7;1768.7;3121.2
22;2005-12-06;4.1;5.6;5;9.6;1768.7;3126.2
22;2005-12-07;2.5;5.8;4.4;0.2;1768.7;3130.6
22;2005-12-08;1.3;4;2.5;0.2;1768.7;3133.2
22;2005-12-09;-1.5;2.1;0.1;0.4;1768.7;3133.3
22;2005-12-10;-1.3;4.4;2;0;1768.7;3135.3
22;2005-12-11;2;9.2;7.8;0.4;1771.5;3143.2
22;2005-12-12;5.5;8.6;5.5;0.2;1772;3148.6
22;2005-12-13;2.1;6.3;4.8;0;1772;3153.4
22;2005-12-14;4.3;6.7;5.5;0.5;1772.5;3158.9
22;2005-12-15;2.7;8.1;6.3;3;1773.8;3165.3
22;2005-12-16;1.3;4.5;1.2;1.6;1773.8;3166.5
22;2005-12-17;-4.2;0.7;-1.3;3;1773.8;3166.5
22;2005-12-18;-2.8;1.6;-0.7;0;1773.8;3166.5
22;2005-12-19;-8;2.9;-0.1;0.1;1773.8;3166.5
22;2005-12-20;0.8;5.8;3.3;2.3;1773.8;3169.7
22;2005-12-21;-1.5;5.3;1.8;0.1;1773.8;3171.5
22;2005-12-22;0.4;6.3;4.6;1.3;1773.8;3176.1
22;2005-12-23;-0.7;7.6;3.8;0;1773.8;3179.9
22;2005-12-24;-0.7;7.7;5.7;1.4;1774.5;3185.6
22;2005-12-25;-0.4;2.6;1;0;1774.5;3186.6
22;2005-12-26;-1.3;2.2;-0.2;0.4;1774.5;3186.6
22;2005-12-27;-1.7;0.3;-0.6;5.4;1774.5;3186.6
22;2005-12-28;-3.2;-1.4;-2.1;2.3;1774.5;3186.6
22;2005-12-29;-3.6;-0.9;-2.2;0.9;1774.5;3186.6
22;2005-12-30;-2.4;1.3;-0.3;5.2;1774.5;3186.6
22;2005-12-31;-3;-0.8;-2.5;0;1774.5;3186.6
22;2006-01-01;-2.3;2.4;1.4;4;0;1.4
22;2006-01-02;0.6;1.6;-0.1;3;0;1.4
22;2006-01-03;-3.5;-1.2;-3.2;0;0;1.4
22;2006-01-04;-9.5;1.1;-2.3;0;0;1.4
22;2006-01-05;-2.8;1.9;1.2;0;0;2.7
22;2006-01-06;-0.1;1.7;0.7;0;0;3.3
22;2006-01-07;0.1;0.8;-0.1;0;0;3.3
22;2006-01-08;-2.8;0.8;-1.6;0;0;3.3
22;2006-01-09;-5.9;0.1;-3;0;0;3.3
22;2006-01-10;-4.4;2.2;-0.7;0;0;3.3
22;2006-01-11;-1.6;3.9;2.6;0;0;5.9
22;2006-01-12;0.7;3;1.5;0.3;0;7.4
22;2006-01-13;0.3;1.1;0.3;0;0;7.8
22;2006-01-14;-0.4;0.4;-0.3;0;0;7.8
22;2006-01-15;-2.4;-0.1;-1.7;0;0;7.8
22;2006-01-16;-3.2;-1.3;-2.6;0;0;7.8
22;2006-01-17;-4.3;-0.4;-2.3;0;0;7.8
22;2006-01-18;-3.5;-0.5;-1.2;4.2;0;7.8
22;2006-01-19;-2.4;-1.4;-2.2;0.2;0;7.8
22;2006-01-20;-3.2;2.5;-1.1;6.6;0;7.8
22;2006-01-21;-2.5;2;-1.5;9.5;0;7.8
22;2006-01-22;-8.2;-3.9;-6.5;0;0;7.8
22;2006-01-23;-9.3;-4.9;-6.6;0;0;7.8
22;2006-01-24;-7.8;-1.3;-5.1;0;0;7.8
22;2006-01-25;-7.5;-0.2;-1.3;1.8;0;7.8
22;2006-01-26;-2.6;-0.2;-2.5;3;0;7.8
22;2006-01-27;-10.6;-0.7;-6.4;0;0;7.8
22;2006-01-28;-13.2;-1.1;-4.7;0;0;7.8
22;2006-01-29;-8.7;-0.2;-2.4;0;0;7.8
22;2006-01-30;-4.7;1.7;-0.7;0;0;7.8
22;2006-01-31;-2.8;2.8;0;0;0;7.8
22;2006-02-01;-1.2;1.9;0.7;0;0;8.5
22;2006-02-02;0.1;2.1;1.1;0;0;9.6
22;2006-02-03;-0.6;2.1;0;0;0;9.6
22;2006-02-04;-2.7;0.1;-3.2;0.2;0;9.6
22;2006-02-05;-7.7;-2;-3.3;0.9;0;9.6
22;2006-02-06;-4.3;4;-0.2;2.5;0;9.6
22;2006-02-07;-1.7;4.6;3.5;19.6;0;13.1
22;2006-02-08;1.4;3.7;2.5;4.3;0;15.6
22;2006-02-09;0.4;1.5;1;2.4;0;16.6
22;2006-02-10;0.3;2.9;1.2;2;0;17.8
22;2006-02-11;-1.1;0.5;-1;0;0;17.8
22;2006-02-12;-3.3;1.7;-1.2;0;0;17.8
22;2006-02-13;-2.3;1.6;0.8;0.4;0;18.6
22;2006-02-14;-3.4;2.6;-0.1;0;0;18.6
22;2006-02-15;-2.7;1.7;0.4;0.1;0;19
22;2006-02-16;-0.2;2.5;1.7;5.8;0;20.7
22;2006-02-17;0.3;2;0.9;3.4;0;21.6
22;2006-02-18;0.3;4.2;2.3;1.4;0;23.9
22;2006-02-19;0.8;2.6;1.6;0.5;0;25.6
22;2006-02-20;0.6;3.2;1.8;0;0;27.4
22;2006-02-21;0.8;2;1.2;0;0;28.6
22;2006-02-22;-1.4;0.5;-0.4;0;0;28.6
22;2006-02-23;-1.4;1.8;0.4;0.7;0;29
22;2006-02-24;-1;2.8;0.6;0;0;29.5
22;2006-02-25;-1.4;1;-0.6;0;0;29.5
22;2006-02-26;-2.6;1.3;-1.1;0;0;29.5
22;2006-02-27;-3.8;0.3;-1.2;0;0;29.5
22;2006-02-28;-1.7;0.8;-0.4;0.3;0;29.5
22;2006-03-01;-2.4;0.9;-0.4;1;0;29.5
22;2006-03-02;-1;0.9;-0.1;0.1;0;29.5
22;2006-03-03;-1.3;0.5;-0.8;1.2;0;29.5
22;2006-03-04;-4.1;-0.9;-2.6;0;0;29.5
22;2006-03-05;-7.8;-1.9;-4.4;1.6;0;29.5
22;2006-03-06;-8.9;-1.2;-3.7;0;0;29.5
22;2006-03-07;-10.4;0.9;-4.5;0.9;0;29.5
22;2006-03-08;-9.7;-0.2;-3.5;0;0;29.5
22;2006-03-09;-3.5;0.7;-1.3;0;0;29.5
22;2006-03-10;-3.8;-1.6;-2.9;0;0;29.5
22;2006-03-11;-9.3;-3.1;-5.8;0;0;29.5
22;2006-03-12;-8.7;-1.4;-5;0;0;29.5
22;2006-03-13;-9.8;-0.7;-5;0;0;29.5
22;2006-03-14;-9.8;0.4;-3.8;0;0;29.5
22;2006-03-15;-3.6;0.9;-0.9;0;0;29.5
22;2006-03-16;-1.2;0.8;0;0;0;29.6
22;2006-03-17;-4.2;1;-1.4;0;0;29.6
22;2006-03-18;-3.9;3.2;-0.7;0;0;29.6
22;2006-03-19;-3;6.8;2.3;0;0;31.9
22;2006-03-20;-3;2.9;-0.2;0;0;31.9
22;2006-03-21;-4.2;4;-0.4;0;0;31.9
22;2006-03-22;-3;2.9;-0.2;0;0;31.9
22;2006-03-23;-2.5;3.7;0.4;0;0;32.2
22;2006-03-24;-2.6;5.9;1.6;0;0;33.8
22;2006-03-25;0.1;2.5;0.9;0;0;34.7
22;2006-03-26;0.5;6.3;2.7;0;0;37.4
22;2006-03-27;0.9;12.7;8.4;9.2;3.4;45.8
22;2006-03-28;7;9.4;7.3;10.5;5.7;53.1
22;2006-03-29;3.8;7.5;5.3;0;6;58.4
22;2006-03-30;1.4;8.2;5.1;0.2;6.2;63.6
22;2006-03-31;4.8;8.1;6.3;7;7.5;69.8
22;2006-04-01;2.7;9;5.7;0.3;8.2;75.6
22;2006-04-02;2.9;8.2;5.6;5.1;8.7;81.1
22;2006-04-03;3.6;7.2;5.1;6.3;8.9;86.3
22;2006-04-04;0.7;6.1;3.3;4.1;8.9;89.6
22;2006-04-05;0.7;5.6;2.9;3;8.9;92.5
22;2006-04-06;-0.2;7.2;3.5;0;8.9;96
22;2006-04-07;2.5;9.5;5.8;3.1;9.7;101.8
22;2006-04-08;3.4;9.3;5.2;0;9.9;107
22;2006-04-09;2.4;6.7;4.4;3;9.9;111.4
22;2006-04-10;3.5;8.6;5.4;1.2;10.3;116.8
22;2006-04-11;2.3;6.7;4.3;0;10.3;121.1
22;2006-04-12;3.2;5.4;4.5;0.2;10.3;125.6
22;2006-04-13;3.5;9.2;6;0.5;11.3;131.6
22;2006-04-14;4.2;9.5;6.6;2.3;12.9;138.2
22;2006-04-15;3.4;9.9;6.8;0.2;14.7;144.9
22;2006-04-16;4.2;13.4;8.4;0;18;153.3
22;2006-04-17;3.9;10.7;7;0;20;160.3
22;2006-04-18;4.2;10.9;7;0.8;22;167.3
22;2006-04-19;4;10.5;7.4;0;24.4;174.7
22;2006-04-20;5.1;9.3;6.7;4.6;26.1;181.4
22;2006-04-21;4.5;7.9;6;0.4;27.1;187.4
22;2006-04-22;5.1;11.4;7.6;2.2;29.7;195
22;2006-04-23;3.3;10.3;7;0;31.7;202
22;2006-04-24;6.3;11.6;7.8;0;34.6;209.9
22;2006-04-25;0.4;15.7;9;0;38.6;218.9
22;2006-04-26;8.6;15.4;10.9;2;44.5;229.8
22;2006-04-27;7.3;13.3;9.4;7.8;48.9;239.2
22;2006-04-28;3;9.8;6.5;0;50.4;245.7
22;2006-04-29;3.7;12.1;8;0.6;53.3;253.6
22;2006-04-30;5.9;9.5;6.9;0.2;55.2;260.5
22;2006-05-01;3.4;13.2;7.5;0;57.8;268.1
22;2006-05-02;4.3;14.3;9.3;0;62.1;277.4
22;2006-05-03;5.8;18.9;12.7;0;69.8;290.1
22;2006-05-04;7.8;19.6;13.9;0;78.7;304
22;2006-05-05;8.1;20.7;14.3;0;88;318.3
22;2006-05-06;8.3;20;14;0;97;332.3
22;2006-05-07;9.7;22.8;15.5;0;107.5;347.8
22;2006-05-08;8.1;21.9;15.3;0;117.8;363.1
22;2006-05-09;8.5;20.6;14.8;0;127.7;378
22;2006-05-10;7.1;23.2;16.1;0;138.7;394
22;2006-05-11;8.5;21.4;15.1;0;148.9;409.2
22;2006-05-12;6.6;19.6;13.6;0;157.5;422.8
22;2006-05-13;6.3;15.4;10.9;0;163.4;433.7
22;2006-05-14;6.6;13.1;9.6;0;168;443.3
22;2006-05-15;4.1;11.4;7.8;0;170.8;451.1
22;2006-05-16;6.9;8.6;7.7;3.4;173.5;458.8
22;2006-05-17;7.4;11.2;9;9.8;177.5;467.8
22;2006-05-18;8;14.2;10.9;0;183.5;478.7
22;2006-05-19;8.7;14.8;11.4;11.6;189.8;490.1
22;2006-05-20;10.5;13.9;11.8;0.3;196.6;501.9
22;2006-05-21;9.8;13;10.8;4.6;202.4;512.7
22;2006-05-22;7.6;15.7;12.6;0;210;525.3
22;2006-05-23;10.3;12.3;10.6;5.3;215.6;535.9
22;2006-05-24;6.8;13.5;9.2;0;219.8;545.1
22;2006-05-25;6;13.5;9.8;8.1;224.6;554.9
22;2006-05-26;6.3;13.3;9.4;0;229;564.3
22;2006-05-27;5.9;11.5;9.5;1.5;233.5;573.8
22;2006-05-28;8.6;11.9;9.8;16.3;238.3;583.6
22;2006-05-29;6.7;12.8;9.7;6.7;243;593.3
22;2006-05-30;8.2;14.9;10.7;0;248.6;603.9
22;2006-05-31;8.6;15.5;11.9;0.5;255.6;615.9
22;2006-06-01;7.1;14.5;10.6;1.2;261.1;626.4
22;2006-06-02;5.9;16.1;11.8;0.6;267.9;638.2
22;2006-06-03;10;14.6;11.4;0.3;274.3;649.6
22;2006-06-04;7.6;15;11.4;1.1;280.7;661
22;2006-06-05;7;17;11.7;0;287.4;672.7
22;2006-06-06;6.5;18;13.2;2.4;295.6;685.9
22;2006-06-07;6.3;16.9;12.3;1;302.9;698.2
22;2006-06-08;7.4;19;13;0;311;711.3
22;2006-06-09;8.4;17.9;13;0;319;724.3
22;2006-06-10;6.9;22.6;16.2;0;330.2;740.5
22;2006-06-11;9.3;23.6;18.4;0;343.5;758.8
22;2006-06-12;9.9;25.5;19.8;0;358.3;778.6
22;2006-06-13;15.1;26.5;21.4;0;374.7;800
22;2006-06-14;13.6;20.1;16.1;0;385.8;816.1
22;2006-06-15;10.1;20.5;15.1;0;396;831.3
22;2006-06-16;11.6;18;15.2;0;406.2;846.5
22;2006-06-17;13.4;17;14.5;0.4;415.7;860.9
22;2006-06-18;11.8;20.1;17.1;8.1;427.7;878
22;2006-06-19;14.3;24.2;19.4;0;442.1;897.4
22;2006-06-20;12.7;20.7;17.2;0.5;454.4;914.6
22;2006-06-21;13.8;19.1;16.1;0;465.5;930.8
22;2006-06-22;13.1;16.8;14.5;0.9;474.9;945.2
22;2006-06-23;12.3;18.5;15.1;0;485;960.3
22;2006-06-24;7.7;19.7;15.1;0;495.1;975.4
22;2006-06-25;12.1;23.1;18.5;0;508.6;993.9
22;2006-06-26;16.1;20.8;18;4.4;521.6;1011.9
22;2006-06-27;15.6;17.7;15.8;10.3;532.4;1027.7
22;2006-06-28;11.2;15.1;13.1;0;540.5;1040.8
22;2006-06-29;11.2;17.2;13.8;0;549.2;1054.5
22;2006-06-30;8.3;20.8;15.5;0;559.7;1070
22;2006-07-01;8.2;22.6;16.5;0;571.2;1086.5
22;2006-07-02;11;24.5;18.3;0;584.5;1104.8
22;2006-07-03;11.8;25.1;19;0;598.5;1123.8
22;2006-07-04;12.7;26.4;19.7;0;613.2;1143.5
22;2006-07-05;12.5;27.8;20.9;0;629.1;1164.4
22;2006-07-06;14.5;29.3;22.7;0;646.8;1187.1
22;2006-07-07;16.1;25.2;20.7;1.7;662.5;1207.8
22;2006-07-08;17.3;22.6;18.7;0;676.2;1226.5
22;2006-07-09;13.3;23.8;19.2;0;690.4;1245.7
22;2006-07-10;17.5;22.7;19.2;1.9;704.6;1264.9
22;2006-07-11;13.6;23.9;18.2;0;717.8;1283.1
22;2006-07-12;8.9;21.2;15.8;1.3;728.6;1298.9
22;2006-07-13;8;23.7;17.1;0;740.8;1316.1
22;2006-07-14;11.6;20.3;15.8;0;751.6;1331.9
22;2006-07-15;10.8;23.1;17.6;0;764.2;1349.5
22;2006-07-16;8.4;24.7;18.5;0;777.7;1368
22;2006-07-17;9.8;25.2;19.3;0;792;1387.3
22;2006-07-18;13.3;26.1;20.2;0;807.3;1407.6
22;2006-07-19;12.3;26.3;20.3;0;822.6;1427.9
22;2006-07-20;12.9;29.5;22.5;0;840.1;1450.4
22;2006-07-21;20;26.2;22.1;0.3;857.2;1472.5
22;2006-07-22;15.9;24.7;19.8;0;872;1492.3
22;2006-07-23;15.2;27.6;21.1;0;888.1;1513.4
22;2006-07-24;16.7;25.4;20.5;0;903.6;1533.9
22;2006-07-25;12.9;25.5;20.1;0;918.7;1554
22;2006-07-26;14.2;27.1;21.2;0;934.8;1575.1
22;2006-07-27;12.8;28.6;22.1;0;952;1597.2
22;2006-07-28;18.5;24.3;20.1;7.3;967;1617.3
22;2006-07-29;16.4;25.4;20.5;2.3;982.5;1637.8
22;2006-07-30;14.6;26.2;21;0;998.5;1658.8
22;2006-07-31;17.8;23.6;20.1;23;1013.6;1678.9
22;2006-08-01;13.1;24.5;19.7;0;1028.3;1698.6
22;2006-08-02;15.7;19;16.6;10;1039.9;1715.2
22;2006-08-03;12.4;21.7;17.1;1;1052;1732.3
22;2006-08-04;11.1;23.7;17.4;0;1064.3;1749.6
22;2006-08-05;14.4;25.1;19.5;11.7;1078.8;1769.1
22;2006-08-06;13.9;26.4;20.2;0;1094;1789.3
22;2006-08-07;14.7;24.6;19.7;0;1108.7;1809
22;2006-08-08;15;24.3;18.5;0;1122.2;1827.5
22;2006-08-09;13.6;20.7;17.4;0;1134.5;1844.8
22;2006-08-10;13.9;20.2;16.1;8.5;1145.7;1861
22;2006-08-11;10;20;14.9;1.2;1155.6;1875.9
22;2006-08-12;13.5;19.4;15.3;20.1;1165.9;1891.2
22;2006-08-13;12.4;18.3;15.5;4.9;1176.3;1906.6
22;2006-08-14;14.5;17.5;15.3;12.2;1186.6;1921.9
22;2006-08-15;14;19.2;15.9;15.1;1197.5;1937.8
22;2006-08-16;14.3;19.8;16.7;5;1209.2;1954.5
22;2006-08-17;12.8;21.8;17.1;0;1221.4;1971.7
22;2006-08-18;12.8;23.5;18.5;0;1234.8;1990.1
22;2006-08-19;16.3;22.8;18.9;3.2;1248.8;2009.1
22;2006-08-20;14.6;21.6;17.7;0.1;1261.5;2026.8
22;2006-08-21;14;19.6;16.6;0.3;1273.1;2043.4
22;2006-08-22;14.6;21;17.3;2;1285.4;2060.7
22;2006-08-23;15.6;19;17;0;1297.4;2077.7
22;2006-08-24;11.1;21.1;16;0;1308.4;2093.7
22;2006-08-25;10.6;20.8;15.4;0;1318.8;2109.1
22;2006-08-26;13.5;20;16.1;10.6;1329.9;2125.2
22;2006-08-27;12.6;19.2;15.5;2.6;1340.5;2140.7
22;2006-08-28;13.8;18.3;15.3;0.3;1350.8;2156.1
22;2006-08-29;12;16.5;13.8;1.3;1359.6;2169.9
22;2006-08-30;11.7;19.1;14.7;7.4;1369.2;2184.5
22;2006-08-31;12.5;19.4;16.1;1.7;1380.3;2200.6
22;2006-09-01;13.6;18;16.4;7.9;1391.7;2217
22;2006-09-02;14.4;21.3;17.4;9.2;1404;2234.3
22;2006-09-03;15.5;19;16.4;11.4;1415.5;2250.8
22;2006-09-04;13.9;18.4;15.4;5.4;1425.9;2266.2
22;2006-09-05;13.3;17.9;15;1;1435.9;2281.2
22;2006-09-06;12.3;20;16.2;1.1;1447.1;2297.3
22;2006-09-07;14.5;18.6;15.9;0.4;1458;2313.2
22;2006-09-08;12.5;17.1;14.6;0.6;1467.6;2327.8
22;2006-09-09;12.9;17.5;14.5;0;1477;2342.3
22;2006-09-10;7.1;17.1;12.1;0;1484.1;2354.4
22;2006-09-11;8.3;21.1;15;0;1494.2;2369.4
22;2006-09-12;12.4;22.3;17.1;0;1506.3;2386.6
22;2006-09-13;12.1;22.7;17.1;0;1518.4;2403.7
22;2006-09-14;10.7;23.4;16.7;0;1530.1;2420.4
22;2006-09-15;13.5;22.2;17.1;0;1542.2;2437.5
22;2006-09-16;14.7;20.8;17;0;1554.2;2454.5
22;2006-09-17;14.7;21;17;0;1566.2;2471.5
22;2006-09-18;14.7;20.5;16.7;0.4;1577.9;2488.2
22;2006-09-19;14.3;19.3;16.1;0;1589;2504.3
22;2006-09-20;12.5;18.6;14.8;0;1598.8;2519.1
22;2006-09-21;11.3;20.6;15.8;0;1609.6;2534.9
22;2006-09-22;13.5;22.3;17.7;0;1622.3;2552.6
22;2006-09-23;14;20.9;16.6;0;1633.9;2569.2
22;2006-09-24;11.9;21.7;16.2;0;1645.2;2585.5
22;2006-09-25;12.9;23.2;17.5;0;1657.6;2602.9
22;2006-09-26;13.2;22.2;17.2;0;1669.9;2620.2
22;2006-09-27;14.6;17.6;15.4;3.1;1680.3;2635.6
22;2006-09-28;12.9;17.3;15.2;5.6;1690.4;2650.7
22;2006-09-29;14.2;19.2;16.5;0;1701.9;2667.2
22;2006-09-30;12.9;18.9;15.9;0.2;1712.8;2683.1
22;2006-10-01;7.7;18.8;14;0;1721.8;2697.1
22;2006-10-02;11.4;16.5;14.4;8.2;1731.2;2711.5
22;2006-10-03;13.3;16.2;13.8;1.4;1740;2725.3
22;2006-10-04;10;16.5;12.8;1.3;1747.8;2738.1
22;2006-10-05;8.8;14.9;12.4;1;1755.2;2750.5
22;2006-10-06;11.7;16.7;14.1;6.9;1764.3;2764.6
22;2006-10-07;14;15.7;13.8;2;1773.1;2778.4
22;2006-10-08;11.3;14.8;13.6;5.7;1781.7;2792
22;2006-10-09;12.9;15.5;13.7;3;1790.4;2805.7
22;2006-10-10;8.9;15.3;12.4;0;1797.8;2818.1
22;2006-10-11;10;15;12.9;0;1805.7;2831
22;2006-10-12;11.4;15.6;13.8;0;1814.5;2844.7
22;2006-10-13;10.8;13.8;11.7;0;1821.2;2856.5
22;2006-10-14;8.1;13.5;10.4;0;1826.6;2866.9
22;2006-10-15;4;13.9;9.2;0;1830.8;2876.1
22;2006-10-16;7.9;12.6;10.7;0;1836.5;2886.8
22;2006-10-17;8.2;13.8;10.6;0;1842.1;2897.4
22;2006-10-18;4.5;12.9;10;0;1847.1;2907.4
22;2006-10-19;8.6;15.1;12.5;0;1854.6;2919.9
22;2006-10-20;10.4;14.3;12.2;2.2;1861.8;2932.1
22;2006-10-21;11;15.2;13.4;3.4;1870.2;2945.5
22;2006-10-22;12.1;14.8;13.2;0.3;1878.4;2958.7
22;2006-10-23;12.4;15.8;13.8;6.9;1887.2;2972.5
22;2006-10-24;10.6;14.6;12.2;11.7;1894.4;2984.7
22;2006-10-25;9;14;10.8;2.4;1900.3;2995.6
22;2006-10-26;8.5;16.7;13.3;0.4;1908.6;3008.9
22;2006-10-27;11.8;14.1;11.8;6.2;1915.4;3020.7
22;2006-10-28;6.8;12.2;10.3;0;1920.7;3031
22;2006-10-29;7.6;12.9;8.2;5.9;1923.8;3039.1
22;2006-10-30;2.5;11.4;8.4;0.3;1927.2;3047.5
22;2006-10-31;9.1;12.8;11.4;3.9;1933.6;3058.9
22;2006-11-01;1.8;7.5;3;6;1933.6;3061.8
22;2006-11-02;0.4;5.7;2.2;1.5;1933.6;3064
22;2006-11-03;-2.9;5.8;1.8;0;1933.6;3065.8
22;2006-11-04;1;10.2;8.3;0.5;1936.9;3074.1
22;2006-11-05;8.2;11.1;10.3;0.4;1942.1;3084.4
22;2006-11-06;9.9;12.5;11.3;1.2;1948.4;3095.7
22;2006-11-07;9.2;12;10.4;0;1953.8;3106.1
22;2006-11-08;8.8;11;9.3;3.1;1958.1;3115.4
22;2006-11-09;7.4;10.9;7.9;6.4;1961;3123.2
22;2006-11-10;2.2;9.7;6.1;0;1962.1;3129.3
22;2006-11-11;4.8;9.8;7;4.7;1964.1;3136.3
22;2006-11-12;4.4;8.2;6.4;10.1;1965.5;3142.7
22;2006-11-13;4;10;7.3;2.2;1967.8;3150.1
22;2006-11-14;6.4;10.8;9;8.4;1971.8;3159.1
22;2006-11-15;8.1;10.9;10.1;1.5;1976.9;3169.1
22;2006-11-16;8.7;12.6;10.7;0.9;1982.6;3179.8
22;2006-11-17;9.3;12.3;10.6;0;1988.1;3190.3
22;2006-11-18;8;11;8.5;2.9;1991.6;3198.9
22;2006-11-19;4.2;8;5.6;0;1992.2;3204.4
22;2006-11-20;2.3;7;5.6;5.3;1992.8;3210.1
22;2006-11-21;5.1;7.4;6.5;3.7;1994.3;3216.6
22;2006-11-22;3.6;6.6;5.3;4.3;1994.7;3221.9
22;2006-11-23;4.3;9.3;6.7;0;1996.4;3228.6
22;2006-11-24;5.1;9.3;8.5;5.4;1999.8;3237.1
22;2006-11-25;6.7;12.6;10.2;0.1;2005;3247.3
22;2006-11-26;8.2;12.6;9.2;1.6;2009.3;3256.5
22;2006-11-27;4.8;8.8;7.6;0;2011.9;3264.1
22;2006-11-28;5.9;10.4;8.3;0;2015.2;3272.4
22;2006-11-29;7;10.3;8.6;0.3;2018.8;3281
22;2006-11-30;7.2;8.3;7.6;0;2021.4;3288.6
22;2006-12-01;5;8;6.6;0;2023;3295.2
22;2006-12-02;6;8.6;7.8;0.1;2025.8;3303
22;2006-12-03;6.7;9.4;8;3.6;2028.9;3311.1
22;2006-12-04;6.9;8.7;7.8;1.5;2031.7;3318.9
22;2006-12-05;7.2;12.1;10.2;2.4;2036.9;3329.1
22;2006-12-06;9.2;10;9;0.7;2040.8;3338.1
22;2006-12-07;6.9;8.4;7.3;1.1;2043.1;3345.3
22;2006-12-08;6.6;10.2;8.5;4;2046.6;3353.8
22;2006-12-09;7.4;10.3;7.6;1.3;2049.2;3361.4
22;2006-12-10;3.4;7.3;5.2;0;2049.3;3366.6
22;2006-12-11;3.5;7.8;6;0;2050.3;3372.5
22;2006-12-12;4.8;7.4;6.5;4;2051.8;3379
22;2006-12-13;5.4;9.4;7.7;0.3;2054.5;3386.8
22;2006-12-14;6.6;10.3;9.6;2.3;2059.1;3396.4
22;2006-12-15;9.3;10.7;9;0.4;2063.2;3405.4
22;2006-12-16;6.7;7.6;6;1.3;2064.2;3411.5
22;2006-12-17;3.6;5.8;4.9;3;2064.2;3416.3
22;2006-12-18;0.4;4.8;2.7;1.2;2064.2;3419.1
22;2006-12-19;0.8;6.5;4.9;0;2064.2;3424
22;2006-12-20;3.4;8.3;6.6;0;2065.8;3430.6
22;2006-12-21;3.6;6.9;6.5;0;2067.2;3437
22;2006-12-22;5.4;7.3;6.3;0;2068.6;3443.4
22;2006-12-23;5.9;7;6.6;0;2070.2;3450
22;2006-12-24;5.8;7.7;6.8;0;2071.9;3456.7
22;2006-12-25;3.7;6.2;5.4;0.1;2072.3;3462.1
22;2006-12-26;4.8;6;5.3;0;2072.6;3467.4
22;2006-12-27;4.9;5.7;5.3;0;2073;3472.7
22;2006-12-28;3.4;4.8;3.9;0.7;2073;3476.6
22;2006-12-29;3.1;6;5.2;1.1;2073.1;3481.8
22;2006-12-30;3.7;8.2;6.1;0;2074.2;3487.9
22;2006-12-31;5.2;8;6.9;12.7;2076.2;3494.8
22;2007-01-01;null;8.4;7.1;10;2.1;7.1
22;2007-01-02;4.2;6;5.2;9;2.3;12.3
22;2007-01-03;4.4;7.1;5.6;0;2.9;17.9
22;2007-01-04;5.3;8.1;7.4;4.2;5.3;25.3
22;2007-01-05;5.9;8.1;6.8;2.3;7.1;32.1
22;2007-01-06;5;7.9;6.3;0.4;8.4;38.4
22;2007-01-07;4.1;7.6;6.1;0;9.5;44.5
22;2007-01-08;5.6;7.6;6.5;0.2;11;51
22;2007-01-09;5.6;10.4;8.8;3.2;14.8;59.8
22;2007-01-10;7.9;9.7;8.5;3;18.4;68.4
22;2007-01-11;4.5;7.5;5.8;4;19.1;74.1
22;2007-01-12;4.3;10.9;7.8;7.2;22;82
22;2007-01-13;6.6;10.6;8.7;1.2;25.7;90.7
22;2007-01-14;5.6;8.8;7.2;1.2;27.9;97.9
22;2007-01-15;5.1;7.5;7;0.7;29.8;104.8
22;2007-01-16;4.6;7.3;5.9;0;30.7;110.7
22;2007-01-17;4.4;8.8;6.9;5.4;32.6;117.6
22;2007-01-18;4.8;8.4;5.6;4.3;33.2;123.2
22;2007-01-19;3.2;7.5;5.5;7.3;33.7;128.7
22;2007-01-20;3.2;9.4;6.4;10.7;35.1;135.1
22;2007-01-21;4.2;6;4.4;10.1;35.1;139.5
22;2007-01-22;-0.6;3.4;-0.6;3.9;35.1;139.5
22;2007-01-23;-6.1;1.1;-1.7;0.7;35.1;139.5
22;2007-01-24;-6.1;-0.7;-3.5;0;35.1;139.5
22;2007-01-25;-5.7;-2.1;-4.1;0;35.1;139.5
22;2007-01-26;-5.9;4.8;1.7;0;35.1;141.3
22;2007-01-27;0.2;2.4;0.8;0.5;35.1;142
22;2007-01-28;-1.4;6.6;4.6;0.9;35.1;146.6
22;2007-01-29;0.9;4.5;2.5;2.1;35.1;149.1
22;2007-01-30;0.4;7.8;6.3;0.8;36.4;155.4
22;2007-01-31;4.9;8.2;6;0;37.3;161.4
22;2007-02-01;1.7;5.7;4.4;1.9;37.3;165.7
22;2007-02-02;3.1;7.2;6.2;0;38.6;172
22;2007-02-03;4.4;8.3;5.4;3;39;177.4
22;2007-02-04;3.5;6.4;5.3;0;39.3;182.7
22;2007-02-05;3;5.1;3.8;0;39.3;186.4
22;2007-02-06;0;3.3;1.5;0;39.3;187.9
22;2007-02-07;-0.3;3;1;0.8;39.3;188.9
22;2007-02-08;-1.8;2.8;0.5;0;39.3;189.4
22;2007-02-09;-2;0.8;-1.5;1.1;39.3;189.4
22;2007-02-10;-5.3;-0.6;-2.4;0.1;39.3;189.4
22;2007-02-11;-3;0.4;-1;0;39.3;189.4
22;2007-02-12;-1.9;2.8;0.8;0.5;39.3;190.2
22;2007-02-13;0;3.1;2.5;2;39.3;192.7
22;2007-02-14;1.3;4.2;3;0;39.3;195.6
22;2007-02-15;1.3;4.3;2.9;2.3;39.3;198.5
22;2007-02-16;1.4;4.1;3.1;0;39.3;201.7
22;2007-02-17;2.5;5.3;3.4;0;39.3;205
22;2007-02-18;-0.9;4.8;2.4;0;39.3;207.5
22;2007-02-19;0.2;3.2;2;0;39.3;209.5
22;2007-02-20;1.4;6.1;3.5;0;39.3;212.9
22;2007-02-21;0.9;3;1.1;3.9;39.3;214.1
22;2007-02-22;-0.7;-0.3;-1.1;8.7;39.3;214.1
22;2007-02-23;-2.1;-1.1;-1.5;0.2;39.3;214.1
22;2007-02-24;-2;0.7;-1;0.6;39.3;214.1
22;2007-02-25;-1.6;3.3;2.2;3.2;39.3;216.2
22;2007-02-26;2;3.8;3.1;6.2;39.3;219.4
22;2007-02-27;0.3;4.8;2.4;1.9;39.3;221.8
22;2007-02-28;0.2;7.9;4.6;4.4;39.3;226.4
22;2007-03-01;3.7;7.9;5.5;2.9;39.8;231.9
22;2007-03-02;3.5;4.4;3.8;0.4;39.8;235.7
22;2007-03-03;2.8;5.6;4.2;0.1;39.8;239.9
22;2007-03-04;0.6;5.5;3.1;0.1;39.8;243
22;2007-03-05;1.6;7.1;4.4;0;39.8;247.3
22;2007-03-06;3.1;7.8;5.7;3.6;40.5;253
22;2007-03-07;5.1;8.6;6.9;4;42.4;260
22;2007-03-08;5.6;8.1;6.2;5.4;43.6;266.1
22;2007-03-09;3.7;7.2;5.3;0;43.9;271.4
22;2007-03-10;2.5;8.3;5.6;1.2;44.5;277
22;2007-03-11;4.8;11.8;8.3;0;47.8;285.3
22;2007-03-12;2.6;13.3;7.4;0;50.2;292.7
22;2007-03-13;1.7;7.8;4.7;0;50.2;297.4
22;2007-03-14;3.2;11;6.7;0;52;304.2
22;2007-03-15;3.6;9.8;6.8;0;53.8;311
22;2007-03-16;5.9;9.5;6.9;0.1;55.7;317.9
22;2007-03-17;3.8;8.3;6.2;2.3;56.9;324.1
22;2007-03-18;6.1;8.2;6.4;3.2;58.3;330.5
22;2007-03-19;3.1;5.9;3.8;1.1;58.3;334.3
22;2007-03-20;0.2;7.4;3.5;2.3;58.3;337.8
22;2007-03-21;0.6;5.1;3.5;0;58.3;341.3
22;2007-03-22;2.6;7.3;5;2.2;58.3;346.3
22;2007-03-23;2.6;9.6;6.1;0.2;59.4;352.4
22;2007-03-24;5.1;11.9;8.3;1.2;62.7;360.7
22;2007-03-25;3.6;13.1;7.8;0;65.5;368.5
22;2007-03-26;3.4;13.2;7.7;0;68.2;376.2
22;2007-03-27;2.3;13.5;7.2;0;70.4;383.4
22;2007-03-28;2.3;14.6;7.9;0;73.3;391.3
22;2007-03-29;3.6;14.6;8.4;0;76.8;399.7
22;2007-03-30;3.3;14.3;8.3;0;80;408
22;2007-03-31;2.3;14.8;8;0;83.1;416
22;2007-04-01;2.7;14.8;7.9;0;85.9;423.9
22;2007-04-02;-0.6;14.3;7.2;0;88.1;431.1
22;2007-04-03;3.8;9.2;6.2;0;89.3;437.3
22;2007-04-04;-2.3;10.4;5.3;0;89.6;442.6
22;2007-04-05;6;13.8;8.8;0;93.4;451.4
22;2007-04-06;4.6;9.1;6.4;0;94.8;457.8
22;2007-04-07;2.8;9.5;6;0;95.9;463.8
22;2007-04-08;3.9;8.7;5.7;0;96.5;469.5
22;2007-04-09;4.1;12.2;8.8;2.6;100.3;478.3
22;2007-04-10;7.3;12.4;9.4;1.7;104.8;487.8
22;2007-04-11;7.8;16.2;11;0;110.8;498.8
22;2007-04-12;4.7;16.2;9.2;0;115;508
22;2007-04-13;2.6;17.6;10.2;0;120.2;518.2
22;2007-04-14;2.8;19.6;11.4;0;126.6;529.6
22;2007-04-15;4;18.5;10.9;0;132.5;540.5
22;2007-04-16;5.4;21;13.7;0;141.2;554.2
22;2007-04-17;7.2;13.7;9.8;0;146.1;564
22;2007-04-18;5.9;11.2;7.9;0;148.9;571.9
22;2007-04-19;5.3;10.2;7.4;0;151.3;579.3
22;2007-04-20;3.5;8.5;5.3;1.6;151.6;584.6
22;2007-04-21;0.1;10.4;5.7;0;152.3;590.3
22;2007-04-22;4.2;12.6;9;0;156.3;599.3
22;2007-04-23;6.4;18.1;12.2;0;163.5;611.5
22;2007-04-24;5.3;19.2;13.2;0;171.7;624.7
22;2007-04-25;8.6;17.9;12.1;0;178.8;636.8
22;2007-04-26;7.5;22.5;14.9;0;188.8;651.8
22;2007-04-27;7.5;22.9;15.3;0;199.1;667.1
22;2007-04-28;7.9;19.4;12.2;0;206.3;679.3
22;2007-04-29;5.1;13.6;9;0;210.3;688.3
22;2007-04-30;4.8;15.8;9.6;0;214.9;697.8
22;2007-05-01;1.3;15.8;9.8;0;219.7;707.7
22;2007-05-02;5.1;17.3;12.1;0;226.8;719.8
22;2007-05-03;5.2;14.9;9.8;0;231.6;729.6
22;2007-05-04;0.1;17.5;10.3;0;236.9;739.9
22;2007-05-05;2.2;18.5;11.5;0;243.4;751.4
22;2007-05-06;4.1;18.3;12.1;0;250.5;763.5
22;2007-05-07;8.8;15.4;11.3;4.8;256.8;774.8
22;2007-05-08;7.7;13.1;10.4;6.2;262.2;785.2
22;2007-05-09;8.4;12;9.5;3.6;266.8;794.7
22;2007-05-10;3.3;14.3;9.3;0.4;271;804
22;2007-05-11;8.2;13.2;10.6;0.5;276.7;814.6
22;2007-05-12;5.8;12.4;9.9;1.3;281.5;824.5
22;2007-05-13;9.6;16.9;13.5;4.9;290.1;838.1
22;2007-05-14;13;18.5;14.7;0;299.8;852.8
22;2007-05-15;6.5;14.3;10.2;0;305;863
22;2007-05-16;4.5;11.9;8.4;0.1;308.5;871.5
22;2007-05-17;6.6;10.3;8.7;22;312.2;880.2
22;2007-05-18;5.4;15.8;11.5;0;318.7;891.7
22;2007-05-19;10.8;17.1;13.8;1.6;327.5;905.5
22;2007-05-20;7;19.3;13.6;0.2;336.1;919.1
22;2007-05-21;11;22.5;15.6;0;346.7;934.7
22;2007-05-22;10.8;17.3;13.5;0;355.2;948.2
22;2007-05-23;8.2;16;11.9;0;362.1;960.1
22;2007-05-24;7.9;18.9;14.2;0;371.3;974.3
22;2007-05-25;12.1;21.7;17;0;383.3;991.3
22;2007-05-26;10.9;14.1;11.4;0.3;389.8;1002.8
22;2007-05-27;7.6;16.9;12.5;12;397.3;1015.2
22;2007-05-28;10.2;19.1;15.6;0.7;407.9;1030.9
22;2007-05-29;15.1;21.8;17;1.6;419.9;1047.9
22;2007-05-30;11.8;16.1;13.1;2.4;428.1;1061
22;2007-05-31;4.7;18.6;13.1;0;436.2;1074.1
22;2007-06-01;8.2;20.9;15.4;0;446.6;1089.5
22;2007-06-02;12.9;14.9;13.8;0;455.3;1103.3
22;2007-06-03;9.6;19.8;14.8;0;465.1;1118.1
22;2007-06-04;11.4;17.1;15.2;0;475.3;1133.3
22;2007-06-05;13.8;21.6;17.3;0;487.6;1150.6
22;2007-06-06;14.3;22.3;18.5;0;501.1;1169.1
22;2007-06-07;14.7;24.3;19.6;0;515.7;1188.7
22;2007-06-08;15.1;23.6;19.5;0;530.2;1208.2
22;2007-06-09;10.2;25.4;19.1;0;544.3;1227.3
22;2007-06-10;11;27.1;20.4;0;559.7;1247.7
22;2007-06-11;12.9;27.9;21.4;0;576.1;1269.1
22;2007-06-12;12.7;23.6;18.7;0;589.8;1287.8
22;2007-06-13;14.1;18.6;16.2;0;600.9;1303.9
22;2007-06-14;12.5;16.4;13.8;0.1;609.8;1317.8
22;2007-06-15;8.2;12.8;11.4;0.7;616.1;1329.1
22;2007-06-16;11.1;16.6;13.9;2.2;625;1343
22;2007-06-17;11.9;19.2;15.4;24;635.4;1358.4
22;2007-06-18;9.9;19.9;15.5;9.7;645.9;1373.9
22;2007-06-19;12;20.5;16.4;0;657.4;1390.3
22;2007-06-20;10.1;22.5;17.2;0;669.6;1407.6
22;2007-06-21;15.3;19.7;17.1;0.6;681.7;1424.7
22;2007-06-22;13.5;20.4;16.5;14.6;693.2;1441.1
22;2007-06-23;12.5;19.6;15.7;10.8;703.9;1456.9
22;2007-06-24;11.1;20;16.2;0;715.1;1473
22;2007-06-25;13.6;21.2;17.2;0.1;727.3;1490.3
22;2007-06-26;13.5;18.4;14.6;3.8;736.9;1504.9
22;2007-06-27;12;13.8;12.3;18.9;744.2;1517.2
22;2007-06-28;10.1;16.8;12.8;18.3;752;1529.9
22;2007-06-29;9;17.4;14.1;0;761.1;1544.1
22;2007-06-30;10.6;15.9;13.1;4.9;769.2;1557.2
22;2007-07-01;10.3;17.5;14.1;7.1;778.3;1571.3
22;2007-07-02;14.3;20.5;16.8;1.6;790.1;1588.1
22;2007-07-03;14.8;19.5;16.7;2.9;801.8;1604.8
22;2007-07-04;13.3;19.2;15.6;8.5;812.4;1620.4
22;2007-07-05;13.2;15.2;14.4;0;821.8;1634.8
22;2007-07-06;13.5;18.5;15;15.9;831.8;1649.8
22;2007-07-07;12.1;18.9;15.3;0.2;842.1;1665.1
22;2007-07-08;12.8;20;15.8;1.4;852.9;1680.9
22;2007-07-09;10.7;19.1;14.8;0;862.7;1695.7
22;2007-07-10;10;19.3;14;0;871.8;1709.7
22;2007-07-11;9.9;16;13.5;6.7;880.3;1723.2
22;2007-07-12;12.9;17.6;14.8;6.5;890.1;1738.1
22;2007-07-13;13.3;18.8;15.8;1;900.9;1753.9
22;2007-07-14;14.4;26.2;19.8;0.1;915.8;1773.8
22;2007-07-15;14.1;23;18.6;0.1;929.4;1792.4
22;2007-07-16;15.5;26.3;20.8;0;945.2;1813.1
22;2007-07-17;16.7;22.5;19.4;0;959.6;1832.6
22;2007-07-18;13.8;23;18.5;0;973.1;1851.1
22;2007-07-19;14.1;20.5;16.7;0;984.8;1867.8
22;2007-07-20;10.6;21.8;16.4;0;996.2;1884.2
22;2007-07-21;14.4;22.1;18.2;2.1;1009.5;1902.4
22;2007-07-22;13.8;16.5;14.9;0.7;1019.3;1917.3
22;2007-07-23;12.7;20.5;16.3;20.2;1030.7;1933.7
22;2007-07-24;13.4;16.5;14.7;3.8;1040.3;1948.3
22;2007-07-25;13.5;20.8;16.6;12.3;1051.9;1964.9
22;2007-07-26;14.1;20.3;17.5;0;1064.4;1982.4
22;2007-07-27;14.6;20.1;17;5.6;1076.4;1999.4
22;2007-07-28;13.5;19.8;16.4;4.3;1087.7;2015.7
22;2007-07-29;13.5;18;14.3;0.1;1097.1;2030.1
22;2007-07-30;10.3;17.6;13.6;2.5;1105.7;2043.6
22;2007-07-31;12.5;16.9;13.9;0.5;1114.6;2057.6
22;2007-08-01;10.8;21.4;15.9;0;1125.5;2073.5
22;2007-08-02;12.9;22.2;16.6;0;1137.1;2090
22;2007-08-03;12.3;19.6;15.8;1.8;1147.9;2105.9
22;2007-08-04;10.3;22;16.6;0;1159.4;2122.4
22;2007-08-05;11.4;25.9;19.6;0;1174.1;2142.1
22;2007-08-06;15.2;25.4;20.2;0;1189.3;2162.3
22;2007-08-07;15.7;26.2;20.4;0;1204.6;2182.6
22;2007-08-08;14.6;25.3;19.8;0;1219.5;2202.4
22;2007-08-09;16.2;27.2;20.9;0;1235.3;2223.3
22;2007-08-10;16.6;23.6;19.9;4.1;1250.3;2243.2
22;2007-08-11;18.9;23.5;20.3;1.7;1265.5;2263.5
22;2007-08-12;16.2;21.8;17.7;0.1;1278.2;2281.2
22;2007-08-13;10.4;23.5;17.6;0;1290.9;2298.8
22;2007-08-14;10.7;22;17.3;0;1303.2;2316.2
22;2007-08-15;16.8;21.7;18.9;1.3;1317.1;2335
22;2007-08-16;16.7;20.7;17.7;5.3;1329.8;2352.8
22;2007-08-17;13.9;18.4;15.2;0.6;1340;2368
22;2007-08-18;12.5;19.2;15.4;0.7;1350.4;2383.4
22;2007-08-19;12.5;22;17.2;0;1362.6;2400.6
22;2007-08-20;15.4;20.7;17.9;6.5;1375.5;2418.5
22;2007-08-21;16.8;20.3;18.9;4.1;1389.3;2437.3
22;2007-08-22;18.1;24.1;20.1;1;1404.5;2457.5
22;2007-08-23;17.8;23.1;19.2;6.9;1418.7;2476.7
22;2007-08-24;14.3;22.4;18.1;0;1431.8;2494.7
22;2007-08-25;15.2;20.1;17.2;0;1444;2512
22;2007-08-26;15.5;19.5;16.9;0.3;1455.9;2528.8
22;2007-08-27;13.1;17.6;14.2;0;1465;2543
22;2007-08-28;10.7;16.6;13.3;1.1;1473.3;2556.3
22;2007-08-29;9.3;16.2;12.5;0;1480.8;2568.8
22;2007-08-30;8.9;14.1;11.9;0;1487.7;2580.7
22;2007-08-31;9.2;16.5;13.1;5.5;1495.8;2593.8
22;2007-09-01;12;17.3;14.4;7.7;1505.2;2608.2
22;2007-09-02;12.8;17.8;15.2;0.9;1515.5;2623.5
22;2007-09-03;11;15.3;12.9;5.9;1523.4;2636.4
22;2007-09-04;9.2;12.7;10.7;0;1529.1;2647.1
22;2007-09-05;6.4;16.2;12.4;4.9;1536.5;2659.4
22;2007-09-06;13;17.9;14.7;0;1546.2;2674.2
22;2007-09-07;12.8;19.4;15.5;0;1556.7;2689.6
22;2007-09-08;13.8;18.4;14.9;0.2;1566.6;2704.6
22;2007-09-09;10.7;18.2;14.4;0;1576.1;2719
22;2007-09-10;11.3;15.1;12.9;11.3;1584;2732
22;2007-09-11;9.5;17.5;13.1;2.4;1592.1;2745.1
22;2007-09-12;11;17.8;13.5;0;1600.7;2758.7
22;2007-09-13;10.4;16;12.7;0;1608.3;2771.3
22;2007-09-14;7.6;14.5;12.2;0;1615.6;2783.5
22;2007-09-15;9.2;13.9;11.3;2.1;1621.8;2794.8
22;2007-09-16;10.5;18.2;14.6;0.5;1631.4;2809.3
22;2007-09-17;14.1;17.7;15;0;1641.4;2824.4
22;2007-09-18;11.6;14.5;11.8;0.4;1648.3;2836.2
22;2007-09-19;7.1;13.9;11.1;0;1654.4;2847.4
22;2007-09-20;11.4;14.8;13.6;5.2;1663;2861
22;2007-09-21;13.3;16.1;14.9;4.9;1672.9;2875.9
22;2007-09-22;12.8;17.4;14.4;0.1;1682.3;2890.3
22;2007-09-23;9;18.6;14.1;0;1691.4;2904.4
22;2007-09-24;13.3;21.4;17.1;0;1703.4;2921.4
22;2007-09-25;11.6;14.9;12.7;5.1;1711.1;2934.1
22;2007-09-26;10.2;15;11.5;0;1717.6;2945.5
22;2007-09-27;6.5;15.8;11.3;1.2;1723.9;2956.8
22;2007-09-28;10.1;12.9;12.1;0;1731;2968.9
22;2007-09-29;11.8;14.2;12.6;12.3;1738.6;2981.6
22;2007-09-30;11.5;15.3;13.2;10.6;1746.8;2994.7
22;2007-10-01;11.6;13.5;11.9;0.8;1753.6;3006.6
22;2007-10-02;7.7;13.8;10.6;0.1;1759.2;3017.2
22;2007-10-03;3.9;15.3;9.4;0;1763.6;3026.6
22;2007-10-04;6;14.2;11.1;0;1769.7;3037.7
22;2007-10-05;9.7;15.9;11.8;14.6;1776.5;3049.5
22;2007-10-06;5.2;16.2;10;0;1781.5;3059.5
22;2007-10-07;5.4;13.6;10.1;0.1;1786.6;3069.6
22;2007-10-08;9.5;12.1;10.1;0;1791.7;3079.7
22;2007-10-09;6;10.1;9.1;0;1795.8;3088.8
22;2007-10-10;8.2;11.4;9.7;0;1800.5;3098.5
22;2007-10-11;7.6;13;11;0;1806.5;3109.5
22;2007-10-12;10;13.1;10.2;2.6;1811.7;3119.7
22;2007-10-13;1.4;10.3;5.6;0;1812.3;3125.3
22;2007-10-14;2.8;12.6;8.3;0;1815.6;3133.6
22;2007-10-15;5.1;13.8;10.1;0;1820.8;3143.8
22;2007-10-16;9;13.9;12.9;0.2;1828.7;3156.6
22;2007-10-17;10.9;12.6;10.9;4.3;1834.6;3167.6
22;2007-10-18;8;10.7;8.2;1.8;1837.8;3175.8
22;2007-10-19;1.6;8.7;5.1;0;1837.9;3180.9
22;2007-10-20;0.4;8.8;5.2;0;1838.2;3186.1
22;2007-10-21;3.8;10.1;6.6;0;1839.7;3192.7
22;2007-10-22;3.2;8.4;5.1;0;1839.8;3197.8
22;2007-10-23;0.5;9.4;5.8;0;1840.6;3203.6
22;2007-10-24;4.6;9.1;6.6;0;1842.3;3210.2
22;2007-10-25;4.1;9.8;7.7;0;1844.9;3217.9
22;2007-10-26;5.6;10;8.7;0;1848.6;3226.6
22;2007-10-27;6.4;11.9;7.7;0;1851.4;3234.4
22;2007-10-28;4.3;9.8;8;0;1854.4;3242.4
22;2007-10-29;7.4;9.5;8.8;3.7;1858.2;3251.2
22;2007-10-30;6.1;10.8;8.3;9.7;1861.5;3259.5
22;2007-10-31;5.8;11.5;9.2;0;1865.7;3268.7
22;2007-11-01;8;13.5;12.1;0;1872.8;3280.8
22;2007-11-02;2.8;10.6;6.9;0;1874.7;3287.7
22;2007-11-03;3.9;11.8;9.9;0.3;1879.6;3297.6
22;2007-11-04;5.3;10.2;6.4;0;1881;3304
22;2007-11-05;-0.4;8.2;5.4;0;1881.3;3309.3
22;2007-11-06;6.1;8.4;6.7;12;1883;3316
22;2007-11-07;4.4;10;8.2;2.8;1886.2;3324.2
22;2007-11-08;6;9.9;8.3;0;1889.5;3332.5
22;2007-11-09;5;7.3;5.8;1.1;1890.4;3338.4
22;2007-11-10;2.7;5.6;4.1;3;1890.4;3342.4
22;2007-11-11;0.8;5.7;2.6;0;1890.4;3345
22;2007-11-12;-1;5.8;2.5;0;1890.4;3347.4
22;2007-11-13;1.8;3.9;2.1;0.4;1890.4;3349.5
22;2007-11-14;-1.2;2.9;0.8;0.8;1890.4;3350.3
22;2007-11-15;-3.2;3;0;0;1890.4;3350.3
22;2007-11-16;-1.6;7.4;4.8;0.1;1890.4;3355.2
22;2007-11-17;3.6;8.3;7.2;0;1892.6;3362.4
22;2007-11-18;2.9;6.7;5.4;0;1893.1;3367.9
22;2007-11-19;2.9;5.4;3.8;0;1893.1;3371.7
22;2007-11-20;2;4.3;3.6;0;1893.1;3375.3
22;2007-11-21;2.4;4.9;3.4;0;1893.1;3378.7
22;2007-11-22;2.9;7.3;5.9;0;1894;3384.7
22;2007-11-23;5;7.1;5.7;0;1894.7;3390.3
22;2007-11-24;0.4;4.6;3;1.1;1894.7;3393.3
22;2007-11-25;0.3;6.7;5.2;2.1;1894.8;3398.5
22;2007-11-26;0.8;4;2.7;1.1;1894.8;3401.2
22;2007-11-27;1.2;3.9;1.8;0;1894.8;3403
22;2007-11-28;-1.1;5.3;3.2;0;1894.8;3406.2
22;2007-11-29;2.3;6.5;5.4;0.8;1895.2;3411.6
22;2007-11-30;4.4;7;5.8;0.1;1896;3417.4
22;2007-12-01;4.8;8.9;7;6;1898;3424.4
22;2007-12-02;5.6;7.4;6.1;4.7;1899.1;3430.5
22;2007-12-03;5.1;8;5.7;13.3;1899.8;3436.2
22;2007-12-04;4;6.5;5.1;0.1;1899.9;3441.3
22;2007-12-05;4.2;9.6;7.8;0.8;1902.7;3449.1
22;2007-12-06;7.8;8.9;7.9;0.6;1905.7;3457.1
22;2007-12-07;6.7;9.6;7.9;9;1908.6;3465
22;2007-12-08;6.4;7.2;6;2.4;1909.6;3471
22;2007-12-09;2.9;6.7;4.7;3.8;1909.6;3475.6
22;2007-12-10;1.3;4.8;3.6;0.5;1909.6;3479.3
22;2007-12-11;3.4;5.9;4.7;0;1909.6;3484
22;2007-12-12;1.7;4.7;3.2;0;1909.6;3487.2
22;2007-12-13;2;3.3;2.7;0;1909.6;3489.9
22;2007-12-14;2;4.1;3.2;0;1909.6;3493.1
22;2007-12-15;2.8;5.3;2.5;0;1909.6;3495.6
22;2007-12-16;-2.4;0.9;-0.4;0;1909.6;3495.6
22;2007-12-17;-1.9;2.8;1.8;0;1909.6;3497.4
22;2007-12-18;1.3;2.2;0.8;0;1909.6;3498.2
22;2007-12-19;-1;2.6;0.5;0;1909.6;3498.7
22;2007-12-20;-0.6;3;2.2;0;1909.6;3500.9
22;2007-12-21;0;1.3;0.2;0;1909.6;3501.1
22;2007-12-22;-2.2;-1.1;-1.6;0;1909.6;3501.1
22;2007-12-23;-2.4;2.9;0.2;0;1909.6;3501.3
22;2007-12-24;-1.4;2.6;1.3;0;1909.6;3502.6
22;2007-12-25;0.9;3.3;2.4;0;1909.6;3505
22;2007-12-26;1.8;4.8;3.9;0.1;1909.6;3508.9
22;2007-12-27;3.3;5.3;3.9;0;1909.6;3512.8
22;2007-12-28;3.4;7.4;6.5;1.2;1911.1;3519.3
22;2007-12-29;3.9;6.3;5.2;0.3;1911.3;3524.5
22;2007-12-30;3.9;6.4;4.6;1.3;1911.3;3529.2
22;2007-12-31;0.4;4;2.2;0;1911.3;3531.3
22;2008-01-01;0.1;1.7;0.9;0.1;0;0.9
22;2008-01-02;0.1;1.4;0.7;0.4;0;1.6
22;2008-01-03;-2.2;0.2;-1.9;2.1;0;1.6
22;2008-01-04;-4;-1.7;-2.3;0.1;0;1.6
22;2008-01-05;-3;1.5;-0.9;0;0;1.6
22;2008-01-06;-1.7;3.4;2.4;4.2;0;4
22;2008-01-07;1.1;4.5;2.4;0;0;6.4
22;2008-01-08;0.3;5.3;4.6;2.7;0;11
22;2008-01-09;2.8;4.9;3.8;0;0;14.8
22;2008-01-10;3.4;6;4.6;1.2;0;19.4
22;2008-01-11;3.6;7.5;6.6;2;1.6;26
22;2008-01-12;5.2;7;5.8;0.8;2.4;31.8
22;2008-01-13;3.3;5.4;4;0;2.4;35.8
22;2008-01-14;1;3.6;2.4;0;2.4;38.3
22;2008-01-15;1.5;6.4;5.2;0;2.6;43.5
22;2008-01-16;4.5;7.6;6.5;5.7;4.2;50
22;2008-01-17;4.5;5.9;5;0;4.2;55.1
22;2008-01-18;4.3;6.8;5.8;4;5;60.8
22;2008-01-19;5.4;9.9;7.1;1.8;7.1;67.9
22;2008-01-20;3;5.6;4.5;0;7.1;72.4
22;2008-01-21;4;5.8;4.5;2.6;7.1;76.9
22;2008-01-22;1;3.1;1.7;0;7.1;78.6
22;2008-01-23;0.4;6.4;3;0;7.1;81.6
22;2008-01-24;2;7.9;6.6;8.1;8.7;88.2
22;2008-01-25;2.1;8.4;6;1.2;9.7;94.3
22;2008-01-26;5.2;8.4;6.6;0.1;11.3;100.9
22;2008-01-27;3.3;6.6;3.8;3.2;11.3;104.7
22;2008-01-28;-0.2;6.6;4.5;0;11.3;109.2
22;2008-01-29;4.2;5.8;5.3;0.1;11.6;114.5
22;2008-01-30;4.8;6.4;4.7;0.7;11.6;119.2
22;2008-01-31;2.2;3.4;2.8;0.1;11.6;122
22;2008-02-01;1.1;5.4;3.8;4.7;11.6;125.7
22;2008-02-02;2.2;4.1;2.1;5.2;11.6;127.9
22;2008-02-03;-0.4;3.9;2.5;0.1;11.6;130.4
22;2008-02-04;0.9;5;2.7;0;11.6;133.1
22;2008-02-05;1.3;5.1;4.1;0.4;11.6;137.2
22;2008-02-06;3.1;8.1;6.2;9;12.8;143.4
22;2008-02-07;4.4;6.8;5.2;0;12.9;148.6
22;2008-02-08;4.5;6.9;5.5;0;13.4;154.1
22;2008-02-09;2.8;8.5;5.3;0;13.8;159.4
22;2008-02-10;2.5;9.4;5.4;0;14.2;164.8
22;2008-02-11;3.2;5.3;4.1;0;14.2;168.9
22;2008-02-12;3;4.4;2.9;0;14.2;171.8
22;2008-02-13;0.5;4.5;3.2;0;14.2;175.1
22;2008-02-14;0.5;4.3;1.9;0;14.2;176.9
22;2008-02-15;-2.3;1.4;-0.5;0;14.2;176.9
22;2008-02-16;-4.9;2;-1;0;14.2;176.9
22;2008-02-17;-3.3;5.4;2.7;0;14.2;179.6
22;2008-02-18;1.9;8.4;6.5;0;15.6;186.1
22;2008-02-19;4.9;6.4;5.8;0;16.4;191.9
22;2008-02-20;4;6.9;4.2;0;16.4;196
22;2008-02-21;0.8;6.6;3.8;0;16.4;199.9
22;2008-02-22;2.4;9.2;7.4;0;18.8;207.3
22;2008-02-23;2.8;7.9;6.1;3;19.9;213.4
22;2008-02-24;5.3;8.6;7.2;1.2;22.2;220.7
22;2008-02-25;4.4;7.9;5.9;0.2;23.1;226.5
22;2008-02-26;3.8;8.3;6.3;0;24.4;232.8
22;2008-02-27;5.8;7.7;6.5;2.1;25.8;239.3
22;2008-02-28;3.6;8.4;5.5;0.4;26.3;244.7
22;2008-02-29;4;6.9;5.2;0;26.4;249.9
22;2008-03-01;3.8;7.9;5.8;5;27.3;255.7
22;2008-03-02;3.4;7.6;5.3;0.8;27.5;261
22;2008-03-03;3.4;5.9;3.7;0;27.5;264.7
22;2008-03-04;0.3;5;2;3.2;27.5;266.7
22;2008-03-05;-2;4.3;1.8;0.5;27.5;268.6
22;2008-03-06;1;9.1;6.3;2;28.8;274.9
22;2008-03-07;4.3;7.1;5.9;0.7;29.7;280.8
22;2008-03-08;2.6;8.8;5.6;0.1;30.3;286.4
22;2008-03-09;4.6;8.1;6.4;0.2;31.7;292.8
22;2008-03-10;5.4;10.2;7.6;1.5;34.4;300.4
22;2008-03-11;6.3;8.7;7.1;0.2;36.5;307.6
22;2008-03-12;4;7.2;5.3;4.4;36.8;312.8
22;2008-03-13;2.8;7.1;5.7;4.2;37.5;318.5
22;2008-03-14;3.5;6.9;4.4;3;37.5;322.9
22;2008-03-15;2.7;7;4.7;3;37.5;327.5
22;2008-03-16;-1;9.2;3.7;0;37.5;331.3
22;2008-03-17;-0.3;5.3;3.1;0;37.5;334.3
22;2008-03-18;0.2;4.4;1.9;0;37.5;336.3
22;2008-03-19;-2.4;4.3;1.3;0;37.5;337.6
22;2008-03-20;-1.3;4.4;2.1;0;37.5;339.7
22;2008-03-21;0.3;6;3;9.8;37.5;342.7
22;2008-03-22;-2.8;2;-0.9;2;37.5;342.7
22;2008-03-23;-4.7;1.4;-1;0.2;37.5;342.7
22;2008-03-24;-1.6;2.3;-0.2;2;37.5;342.7
22;2008-03-25;-9;3.5;-1.2;3;37.5;342.7
22;2008-03-26;-1.8;3.5;0.5;0.9;37.5;343.2
22;2008-03-27;-4;5.6;0.9;0;37.5;344.1
22;2008-03-28;0.2;9.3;4.8;0;37.5;348.9
22;2008-03-29;4.3;9.2;6.1;2;38.6;355
22;2008-03-30;3.2;12.4;8.4;1.2;41.9;363.4
22;2008-03-31;6.1;10.7;8.3;0;45.2;371.7
22;2008-04-01;2.8;11;7.5;0;47.7;379.2
22;2008-04-02;5.9;9.8;7.2;0.4;49.9;386.4
22;2008-04-03;4.5;8.9;6.6;0.1;51.4;392.9
22;2008-04-04;3.4;9.5;6.1;0;52.5;399
22;2008-04-05;4.6;8.1;5.9;0;53.4;404.9
22;2008-04-06;3;8.4;4.9;0;53.4;409.7
22;2008-04-07;-0.6;8.6;4.5;0;53.4;414.2
22;2008-04-08;4;6.4;4.2;0;53.4;418.4
22;2008-04-09;-0.2;7.9;4.2;7.5;53.4;422.7
22;2008-04-10;-0.6;9.2;4.6;0;53.4;427.3
22;2008-04-11;-1.2;8.4;3.7;0;53.4;431
22;2008-04-12;3.7;11.3;7;2.6;55.4;438
22;2008-04-13;2.7;11.6;7.3;0;57.7;445.3
22;2008-04-14;0.5;10.2;5.7;0;58.4;451
22;2008-04-15;3.2;10.3;6.7;0;60;457.6
22;2008-04-16;3.1;9.7;6.3;0;61.3;464
22;2008-04-17;5.5;11;7.4;8.4;63.7;471.3
22;2008-04-18;3.6;10.8;7;9.3;65.8;478.4
22;2008-04-19;1.1;11.7;6.5;0;67.3;484.9
22;2008-04-20;1.8;11.9;6.7;0;69;491.6
22;2008-04-21;2.3;12.1;7.6;0;71.6;499.2
22;2008-04-22;4.3;12.9;8.3;0;74.9;507.6
22;2008-04-23;2.2;13.1;7.7;0;77.6;515.2
22;2008-04-24;0.6;15.1;9;0;81.6;524.2
22;2008-04-25;6.7;12.5;9.9;0;86.5;534.1
22;2008-04-26;5.6;14.1;9.9;0;91.4;544
22;2008-04-27;6.7;18.9;14.2;0;100.6;558.2
22;2008-04-28;10.1;20;15.2;0;110.8;573.4
22;2008-04-29;10.2;15.8;12;2.2;117.8;585.5
22;2008-04-30;9.2;15.4;11.7;5.5;124.6;597.2
22;2008-05-01;8.8;15.2;11.1;0.1;130.7;608.3
22;2008-05-02;6.8;15.5;11.1;0.3;136.8;619.4
22;2008-05-03;6;15.6;10.4;0;142.2;629.8
22;2008-05-04;4.5;16.9;11.6;0;148.7;641.3
22;2008-05-05;4;18.3;12.3;0;156.1;653.7
22;2008-05-06;6.4;19.4;13.3;0;164.4;667
22;2008-05-07;5.7;19.6;13.5;0;172.9;680.6
22;2008-05-08;6.3;20.9;15.1;0;183;695.6
22;2008-05-09;7;21.8;15.5;0;193.5;711.1
22;2008-05-10;7.3;23.2;16.6;0;205.1;727.7
22;2008-05-11;8.9;23.6;17.5;0;217.6;745.2
22;2008-05-12;11.2;19.6;15;0;227.6;760.2
22;2008-05-13;8.1;13.5;10.1;0;232.7;770.3
22;2008-05-14;2.7;16.2;10.5;0;238.2;780.8
22;2008-05-15;3.4;17.9;12;0;245.2;792.8
22;2008-05-16;8.1;17.6;13;0;253.3;805.9
22;2008-05-17;9;12.8;11;0;259.2;816.8
22;2008-05-18;5.3;12.8;9.2;0;263.4;826
22;2008-05-19;4.5;11.8;8;4.4;266.5;834.1
22;2008-05-20;2.6;13.9;9.6;1.1;271.1;843.7
22;2008-05-21;6.1;14.5;10.7;0;276.8;854.4
22;2008-05-22;4.2;17.3;11.6;0;283.4;866
22;2008-05-23;5.5;18.2;13.2;0;291.6;879.2
22;2008-05-24;7;18.5;13.6;0;300.2;892.8
22;2008-05-25;7.1;16.9;12.3;0;307.5;905.1
22;2008-05-26;8.9;10.7;9.1;8.9;311.6;914.3
22;2008-05-27;5.5;16.9;12;5.1;318.6;926.2
22;2008-05-28;7.7;17;13.2;0;326.9;939.5
22;2008-05-29;9.1;19.2;14.4;0;336.3;953.9
22;2008-05-30;11;21.4;16.5;0;347.7;970.3
22;2008-05-31;12.1;23;17.2;0;359.9;987.5
22;2008-06-01;10.5;22.1;16.3;0;371.2;1003.8
22;2008-06-02;10.4;26.6;18.6;0;384.7;1022.4
22;2008-06-03;11.2;21.5;16.9;0;396.7;1039.3
22;2008-06-04;11.3;20.7;15.8;0;407.5;1055.1
22;2008-06-05;8.8;21.2;15.7;0;418.2;1070.8
22;2008-06-06;8.2;23.2;16.5;0;429.6;1087.3
22;2008-06-07;10.3;25.7;18.9;0;443.6;1106.2
22;2008-06-08;9.5;26.1;19.4;0;457.9;1125.5
22;2008-06-09;11.3;21.7;17.1;0;470.1;1142.7
22;2008-06-10;11.3;21;16;0;481;1158.6
22;2008-06-11;12;16.9;13.8;0;489.8;1172.4
22;2008-06-12;10;17.1;13.3;0.4;498.1;1185.7
22;2008-06-13;7.5;15.8;12;0;505.1;1197.7
22;2008-06-14;7.4;15.9;11.6;0.6;511.7;1209.3
22;2008-06-15;8.7;16.1;12.3;2;519;1221.6
22;2008-06-16;8.8;15;11.6;3.3;525.6;1233.2
22;2008-06-17;7.5;17.5;12.9;0.8;533.5;1246.1
22;2008-06-18;5.6;20.5;14.9;0;543.3;1261
22;2008-06-19;13.5;22;16.1;0;554.5;1277.1
22;2008-06-20;10.8;20.9;15;0.7;564.5;1292.1
22;2008-06-21;9.9;19.2;14.7;3.6;574.2;1306.8
22;2008-06-22;11.9;23.2;16.6;0.1;585.7;1323.3
22;2008-06-23;13.9;16.7;14.4;10.9;595.1;1337.7
22;2008-06-24;9.7;17.1;13.1;0.4;603.2;1350.8
22;2008-06-25;4.3;20.3;13.4;0;611.5;1364.1
22;2008-06-26;10.5;21.4;16.4;0;622.9;1380.5
22;2008-06-27;10.8;17.2;14.2;0.5;632.1;1394.7
22;2008-06-28;12.5;16.4;14.5;2;641.6;1409.2
22;2008-06-29;13.1;19.6;16.3;0.9;652.9;1425.5
22;2008-06-30;13.4;19.6;15.8;0.1;663.7;1441.3
22;2008-07-01;8.9;20.3;15.4;0;674.1;1456.7
22;2008-07-02;8.7;24.2;17.4;0;686.5;1474.1
22;2008-07-03;12.2;26.8;20;0;701.5;1494.1
22;2008-07-04;12.4;24.3;18.7;0;715.2;1512.8
22;2008-07-05;13;25.9;20.6;0;730.8;1533.4
22;2008-07-06;13.9;23.8;18.6;0;744.4;1552
22;2008-07-07;11.3;21.1;17;0.9;756.5;1569.1
22;2008-07-08;11.6;19.9;15.6;4.6;767.1;1584.7
22;2008-07-09;12.7;20.2;16.2;3.7;778.3;1600.9
22;2008-07-10;11.7;20.7;16.4;0.3;789.6;1617.3
22;2008-07-11;15.5;21;17.8;16.5;802.4;1635
22;2008-07-12;14;21.2;17;1;814.4;1652
22;2008-07-13;10.9;20.3;16;0;825.4;1668
22;2008-07-14;12.5;19.5;16.2;0;836.6;1684.2
22;2008-07-15;15.2;22.7;18.4;0.1;850;1702.6
22;2008-07-16;15.1;19.6;16;0;861;1718.6
22;2008-07-17;12.3;20;15.5;0.4;871.5;1734.1
22;2008-07-18;13;18.1;15.2;5.8;881.7;1749.3
22;2008-07-19;12;18.9;15.7;0;892.4;1765
22;2008-07-20;13.5;19;15.5;3.5;902.9;1780.5
22;2008-07-21;11.6;17.5;13.6;3.3;911.4;1794
22;2008-07-22;9.3;20.9;15.3;9.5;921.7;1809.3
22;2008-07-23;10.7;21.3;15.6;0;932.3;1825
22;2008-07-24;9.3;26.4;18.4;0;945.8;1843.4
22;2008-07-25;14.1;26.7;20.1;0;960.9;1863.5
22;2008-07-26;13.5;27.9;20.8;0;976.7;1884.3
22;2008-07-27;13.8;28.1;21.2;0;992.9;1905.5
22;2008-07-28;13.8;29.3;21.7;0;1009.6;1927.2
22;2008-07-29;13.7;29.2;21.8;0;1026.4;1949
22;2008-07-30;14.7;26;20.3;0;1041.7;1969.3
22;2008-07-31;12.1;27.6;20.5;0;1057.2;1989.8
22;2008-08-01;13.6;28.3;21.3;0;1073.5;2011.1
22;2008-08-02;16.1;23.4;19.4;1.1;1087.8;2030.5
22;2008-08-03;16.7;24.1;19;1.1;1101.9;2049.5
22;2008-08-04;14;19.9;16.6;33.4;1113.4;2066
22;2008-08-05;14.2;21.4;17.3;4.1;1125.7;2083.3
22;2008-08-06;12.1;18.1;16.2;1.5;1136.9;2099.5
22;2008-08-07;15.7;27;20.9;1.1;1152.8;2120.4
22;2008-08-08;16.3;21.4;18.2;4.5;1166;2138.6
22;2008-08-09;13.9;20.8;16.6;0.1;1177.6;2155.2
22;2008-08-10;13.1;18.6;16.1;8.1;1188.7;2171.3
22;2008-08-11;14.1;21.1;17.4;0.7;1201.1;2188.7
22;2008-08-12;12.8;19.4;16.8;0.1;1212.9;2205.5
22;2008-08-13;14.5;20.2;16.3;0.3;1224.2;2221.8
22;2008-08-14;13.8;19.6;16.5;2.9;1235.7;2238.3
22;2008-08-15;11.2;19.8;16.1;1.8;1246.8;2254.4
22;2008-08-16;11.4;20.6;15.9;0;1257.7;2270.3
22;2008-08-17;11.4;22.1;16.3;0.4;1269;2286.6
22;2008-08-18;9.5;18.8;14.6;0.1;1278.5;2301.1
22;2008-08-19;14.7;22.7;18;2.3;1291.6;2319.2
22;2008-08-20;15.4;20;17.1;0.1;1303.6;2336.2
22;2008-08-21;15.4;19.4;16.9;5.8;1315.5;2353.2
22;2008-08-22;15.4;20.5;16.9;3.4;1327.5;2370.1
22;2008-08-23;14.2;15;14.6;11.7;1337.1;2384.7
22;2008-08-24;13.9;20.1;16.1;23.2;1348.1;2400.8
22;2008-08-25;13.5;18.8;15.8;0.9;1358.9;2416.5
22;2008-08-26;13.9;21;17.2;0.5;1371.1;2433.8
22;2008-08-27;16.3;18;16.9;1.5;1383.1;2450.7
22;2008-08-28;15;19;16.6;1.5;1394.6;2467.2
22;2008-08-29;14.1;19.1;15.9;4.5;1405.5;2483.1
22;2008-08-30;9.1;21;15.4;0;1415.9;2498.5
22;2008-08-31;9.3;22.5;16.2;0;1427.1;2514.7
22;2008-09-01;14.9;20.5;17.1;0;1439.1;2531.7
22;2008-09-02;11.9;19;16.4;0.1;1450.5;2548.1
22;2008-09-03;14;18.4;14.9;2;1460.5;2563.1
22;2008-09-04;11.6;18.3;15.1;0.5;1470.6;2578.2
22;2008-09-05;13.7;18.9;16;0;1481.6;2594.2
22;2008-09-06;14;20.9;17.5;7.9;1494.1;2611.7
22;2008-09-07;13.6;21.1;16.8;0.8;1505.9;2628.6
22;2008-09-08;14.1;18.2;15.9;0;1516.8;2644.4
22;2008-09-09;14.2;18.8;15.8;0.5;1527.6;2660.2
22;2008-09-10;12.2;20.1;15.5;0;1538.1;2675.8
22;2008-09-11;9.1;20.5;13.9;2;1547.1;2689.7
22;2008-09-12;10.8;15.9;13;0;1555.1;2702.7
22;2008-09-13;8.3;16.5;11.9;0;1562;2714.6
22;2008-09-14;6.1;16.1;11;0;1568;2725.6
22;2008-09-15;8.6;15.8;12;0;1575;2737.6
22;2008-09-16;9.6;13.8;10.6;0;1580.6;2748.2
22;2008-09-17;6.3;15.4;10.8;0;1586.4;2759
22;2008-09-18;9;13.8;10.3;0;1591.7;2769.3
22;2008-09-19;6.5;15.9;10.7;0;1597.4;2780
22;2008-09-20;6.1;17.5;12.4;0;1604.8;2792.4
22;2008-09-21;10.1;16.8;13;0;1612.8;2805.4
22;2008-09-22;8.3;13.5;11.1;0;1618.9;2816.5
22;2008-09-23;10.8;17.4;13.1;0.5;1626.9;2829.5
22;2008-09-24;9.6;16.3;12.2;0;1634.1;2841.7
22;2008-09-25;7;18.2;11.3;0;1640.4;2853
22;2008-09-26;3.6;15.9;10;0.3;1645.3;2862.9
22;2008-09-27;9.1;17.4;13.2;0;1653.5;2876.1
22;2008-09-28;12.3;14.9;12.8;0.1;1661.3;2888.9
22;2008-09-29;8.7;14.9;11.4;0;1667.7;2900.3
22;2008-09-30;9.7;13.8;11.2;1.3;1673.9;2911.5
22;2008-10-01;9.2;11.8;10;5.4;1678.9;2921.5
22;2008-10-02;8.9;13.5;11;12.5;1684.9;2932.5
22;2008-10-03;8.8;13.2;10.4;0;1690.3;2942.9
22;2008-10-04;8.7;11.6;9.7;0.5;1695;2952.6
22;2008-10-05;7.3;11.3;9.2;10.9;1699.2;2961.8
22;2008-10-06;3.1;13.4;8.3;5.5;1702.5;2970.1
22;2008-10-07;1.8;13.6;8.9;0;1706.4;2979
22;2008-10-08;9.1;14.9;11.7;0;1713.1;2990.7
22;2008-10-09;9.9;14.6;11.9;0;1719.9;3002.5
22;2008-10-10;7.6;13.7;11.8;0;1726.8;3014.4
22;2008-10-11;11.6;14.7;12.9;0;1734.7;3027.3
22;2008-10-12;12;15.6;13;0.1;1742.7;3040.3
22;2008-10-13;9.8;14.5;13.1;0;1750.8;3053.4
22;2008-10-14;11.9;14.8;12.4;3.3;1758.2;3065.8
22;2008-10-15;7.9;13.2;11.5;1.7;1764.7;3077.3
22;2008-10-16;9.9;12.9;9.7;7.6;1769.4;3087
22;2008-10-17;7.1;11.5;8.6;2.2;1773;3095.6
22;2008-10-18;5.4;11.2;9.5;0;1777.5;3105.1
22;2008-10-19;9.5;13;11.3;2.8;1783.8;3116.4
22;2008-10-20;10.6;13;11.7;0.2;1790.5;3128.1
22;2008-10-21;10.3;13.5;11.2;0.3;1796.7;3139.3
22;2008-10-22;7.3;10.8;9;0.6;1800.7;3148.3
22;2008-10-23;4.7;11.5;9;0.4;1804.7;3157.3
22;2008-10-24;8.9;10.2;9.4;0.6;1809;3166.7
22;2008-10-25;5.1;11.9;9;6.1;1813.1;3175.7
22;2008-10-26;8.9;11.4;10.7;0.7;1818.7;3186.3
22;2008-10-27;8.4;10.2;8.5;3.5;1822.2;3194.8
22;2008-10-28;6.5;11.4;7.1;0;1824.3;3201.9
22;2008-10-29;3.4;8.4;4.9;0.3;1824.3;3206.9
22;2008-10-30;0.4;5.1;3.5;0;1824.3;3210.4
22;2008-10-31;0.8;7.5;3.5;0.5;1824.3;3213.9
22;2008-11-01;-0.9;6.1;3.5;0;1824.3;3217.4
22;2008-11-02;3;9.3;7.3;0;1826.7;3224.7
22;2008-11-03;6.6;10.2;8.6;0;1830.3;3233.4
22;2008-11-04;7.6;9.1;8.5;0;1833.8;3241.8
22;2008-11-05;7.7;9.1;8;0.1;1836.8;3249.9
22;2008-11-06;7.2;9.6;8.8;0;1840.7;3258.7
22;2008-11-07;8.2;9.7;8.7;0.6;1844.3;3267.4
22;2008-11-08;8;10.5;9.2;2.8;1848.5;3276.6
22;2008-11-09;7.3;9.9;8.1;0.2;1851.6;3284.7
22;2008-11-10;6.9;12.4;9.3;6.9;1855.9;3293.9
22;2008-11-11;7.9;12.4;9;13.5;1859.9;3302.9
22;2008-11-12;6.3;8.5;8;6.3;1862.9;3310.9
22;2008-11-13;5.4;9.2;7.3;1.1;1865.1;3318.2
22;2008-11-14;6.5;11.2;9.2;7.8;1869.4;3327.4
22;2008-11-15;7.6;11.3;10.1;0.6;1874.5;3337.5
22;2008-11-16;6.9;8.7;6.9;0.4;1876.4;3344.4
22;2008-11-17;0.3;6.9;3.6;1.6;1876.4;3348.1
22;2008-11-18;2.3;8.1;5.6;1.1;1876.9;3353.6
22;2008-11-19;4.2;9.7;7.3;5.5;1879.2;3361
22;2008-11-20;6.1;9.8;6.9;2.5;1881.1;3367.8
22;2008-11-21;1.3;4.1;1.9;0.1;1881.1;3369.8
22;2008-11-22;-2.1;2.7;0.9;0.8;1881.1;3370.7
22;2008-11-23;-2.3;3.7;0.4;1.9;1881.1;3371.1
22;2008-11-24;-5.7;2.9;-0.9;0;1881.1;3371.1
22;2008-11-25;-1.5;2.5;1.2;0.6;1881.1;3372.3
22;2008-11-26;-1;8.8;5.6;0.3;1881.8;3378
22;2008-11-27;4.3;8.3;7.6;0;1884.4;3385.6
22;2008-11-28;5.9;7.1;5.5;0.1;1884.9;3391.1
22;2008-11-29;2.3;4;2.7;0.5;1884.9;3393.7
22;2008-11-30;1.8;3.2;2.8;3.5;1884.9;3396.6
22;2008-12-01;1.6;4.3;3.2;0.1;1884.9;3399.7
22;2008-12-02;1.7;4.4;3.7;9;1884.9;3403.4
22;2008-12-03;2.6;4;1.9;2.7;1884.9;3405.4
22;2008-12-04;0.1;3.7;2;3.8;1884.9;3407.4
22;2008-12-05;1.7;5;4.3;2.9;1884.9;3411.7
22;2008-12-06;3.9;5.1;4.2;7;1884.9;3416
22;2008-12-07;3.3;5.3;4.1;0;1884.9;3420
22;2008-12-08;2.9;6;5.2;1.3;1885.1;3425.3
22;2008-12-09;4;5.9;3.8;3.1;1885.1;3429
22;2008-12-10;0.1;3.8;1.5;8.7;1885.1;3430.6
22;2008-12-11;-2.6;0.9;-0.3;0;1885.1;3430.6
22;2008-12-12;-2.5;2.6;1.1;1.3;1885.1;3431.7
22;2008-12-13;0;5.2;2.2;0;1885.1;3433.9
22;2008-12-14;0;4.3;3.7;0;1885.1;3437.6
22;2008-12-15;3.4;4.2;3.6;0;1885.1;3441.2
22;2008-12-16;3.2;3.6;3.3;0;1885.1;3444.5
22;2008-12-17;3.2;4.1;3.3;0;1885.1;3447.8
22;2008-12-18;2.4;4.5;3.4;0.4;1885.1;3451.2
22;2008-12-19;3.2;6.1;4.8;4.8;1885.1;3456
22;2008-12-20;3.2;7.5;6;1.3;1886.1;3462
22;2008-12-21;3.4;8.4;5.6;0;1886.7;3467.6
22;2008-12-22;3.2;8.6;6.8;0.3;1888.5;3474.4
22;2008-12-23;1;5;2.9;0;1888.5;3477.3
22;2008-12-24;0.5;6.2;5.4;1.1;1888.9;3482.6
22;2008-12-25;2;3.5;1.8;0;1888.9;3484.4
22;2008-12-26;-1.5;3.2;-0.2;0;1888.9;3484.4
22;2008-12-27;-1.4;2.2;1.2;0;1888.9;3485.6
22;2008-12-28;0.3;1.9;0.6;0;1888.9;3486.3
22;2008-12-29;-1.2;2.4;0;0;1888.9;3486.3
22;2008-12-30;-2.1;-0.7;-2;0;1888.9;3486.3
22;2008-12-31;-4.6;-0.8;-2.7;0;1888.9;3486.3
22;2009-01-01;-6.2;0.5;-0.9;0;0;0
22;2009-01-02;-5.4;0.6;-2.8;0;0;0
22;2009-01-03;-5.2;3.5;1.2;0;0;1.2
22;2009-01-04;-1.4;0.3;-1.9;0.5;0;1.2
22;2009-01-05;-7.2;-2.3;-5.9;0.2;0;1.2
22;2009-01-06;-8.5;1.2;-1;0;0;1.2
22;2009-01-07;-1;1.9;-0.6;0.7;0;1.2
22;2009-01-08;-7.2;2.1;-0.9;0;0;1.2
22;2009-01-09;-0.7;5.1;3.7;0;0;4.9
22;2009-01-10;1.7;3.6;2.1;0;0;7
22;2009-01-11;-1.5;3.6;0.8;0;0;7.9
22;2009-01-12;-1.5;4.5;3.5;0;0;11.4
22;2009-01-13;2.9;4.3;3.7;1.6;0;15.1
22;2009-01-14;2.8;3.6;3.1;1.6;0;18.2
22;2009-01-15;1.6;2.8;1.7;0;0;19.8
22;2009-01-16;-1.9;1.1;-0.4;0;0;19.8
22;2009-01-17;-1.1;0.1;-0.6;0;0;19.8
22;2009-01-18;-1.4;3.2;2.1;0.5;0;21.9
22;2009-01-19;1.8;3.4;2.2;5.9;0;24.1
22;2009-01-20;1.1;4.6;3.5;5.3;0;27.7
22;2009-01-21;1;4.5;1.8;0;0;29.5
22;2009-01-22;-0.8;2.2;0.6;0;0;30.1
22;2009-01-23;-0.2;2.3;1.2;2.2;0;31.3
22;2009-01-24;0;3.5;2;4.5;0;33.3
22;2009-01-25;1.2;3.4;2.4;0.7;0;35.7
22;2009-01-26;-0.4;2;1;0;0;36.7
22;2009-01-27;-0.5;3.3;1.1;0;0;37.8
22;2009-01-28;-0.3;1.1;-0.2;0;0;37.8
22;2009-01-29;-2.8;-1.8;-2.4;0;0;37.8
22;2009-01-30;-3.2;0.7;-0.6;0;0;37.8
22;2009-01-31;-1.5;1.8;0.6;0;0;38.3
22;2009-02-01;-2.9;0.1;-1.2;0;0;38.3
22;2009-02-02;-1.8;1.3;0.3;0.5;0;38.7
22;2009-02-03;0;1.3;0.8;0;0;39.5
22;2009-02-04;-0.1;1.2;0.5;0;0;40
22;2009-02-05;0;2.4;0.8;1.9;0;40.8
22;2009-02-06;0.3;4.4;2.9;1.9;0;43.7
22;2009-02-07;1;2.9;2;0;0;45.8
22;2009-02-08;0.5;3.1;1.3;1.9;0;47.1
22;2009-02-09;0.2;1.1;0.5;0.2;0;47.6
22;2009-02-10;-0.1;2;0.5;0.3;0;48.1
22;2009-02-11;-0.8;1.6;0;1.9;0;48.2
22;2009-02-12;-1.3;-0.1;-1.2;0;0;48.2
22;2009-02-13;-8.3;1;-2.9;0;0;48.2
22;2009-02-14;-4.9;1.3;-1.7;0;0;48.2
22;2009-02-15;-3.2;0.8;-0.2;0;0;48.2
22;2009-02-16;-0.7;0.1;-0.7;1.3;0;48.2
22;2009-02-17;-7.4;-1;-4.6;0.8;0;48.2
22;2009-02-18;-9.2;0.2;-3.3;0;0;48.2
22;2009-02-19;-4;0.4;0.1;3.2;0;48.3
22;2009-02-20;-0.5;1.1;0.2;1.2;0;48.5
22;2009-02-21;-0.7;0.9;0;0.1;0;48.5
22;2009-02-22;-0.2;6.4;3.8;3.1;0;52.3
22;2009-02-23;0.8;3.5;1;0;0;53.4
22;2009-02-24;-2;3.5;1;0;0;54.4
22;2009-02-25;-0.6;4.9;4.1;0.1;0;58.5
22;2009-02-26;3.4;6.9;4.5;0.2;0;63.1
22;2009-02-27;1.3;6.2;3.6;2.6;0;66.7
22;2009-02-28;-0.3;3.6;1.9;0;0;68.6
22;2009-03-01;0.5;4;2.8;0.4;0;71.4
22;2009-03-02;2.5;5.6;3.7;1.8;0;75.1
22;2009-03-03;2.9;6.5;4.6;1.3;0;79.7
22;2009-03-04;2.8;6.6;4.1;0;0;83.8
22;2009-03-05;3.3;6.4;4.5;0;0;88.3
22;2009-03-06;2.3;4.2;2.7;0;0;91
22;2009-03-07;1.1;3.8;2.5;2.4;0;93.5
22;2009-03-08;1.2;6.7;3.5;2.4;0;97
22;2009-03-09;0.8;5.2;2.8;2.8;0;99.7
22;2009-03-10;1.7;7.9;4.1;3.6;0;103.8
22;2009-03-11;1.4;6.7;3.4;0.5;0;107.2
22;2009-03-12;-1.9;5.4;1.8;0;0;109
22;2009-03-13;1.3;8.2;5.8;7.8;0.8;114.8
22;2009-03-14;0.7;8.2;4.5;0;0.8;119.3
22;2009-03-15;2.2;7.7;6;4.2;1.8;125.3
22;2009-03-16;3.7;7.2;5.2;0;2;130.5
22;2009-03-17;4.7;8.5;6;3.2;2.9;136.5
22;2009-03-18;2.4;9.2;5.5;0;3.5;142
22;2009-03-19;0.8;8;3.9;0;3.5;145.9
22;2009-03-20;-2.2;5.1;1.8;0;3.5;147.7
22;2009-03-21;0.6;4.3;2.8;0;3.5;150.5
22;2009-03-22;2.4;8.8;6.3;0;4.8;156.9
22;2009-03-23;4.1;4.9;3.5;0.4;4.8;160.4
22;2009-03-24;-0.3;2.3;0.4;18.8;4.8;160.8
22;2009-03-25;-3.3;1.8;-0.7;0;4.8;160.8
22;2009-03-26;-1.6;4.7;1.9;0;4.8;162.7
22;2009-03-27;1.9;6.8;5;6.5;4.8;167.7
22;2009-03-28;2.2;7.8;5.2;0.2;5;172.9
22;2009-03-29;1.2;9.1;5.1;0.1;5.1;178
22;2009-03-30;0;7.3;4.2;0;5.1;182.1
22;2009-03-31;3.7;8.5;6.2;0;6.2;188.3
22;2009-04-01;5;9.3;6.6;0;7.9;194.9
22;2009-04-02;-0.3;10.6;4.2;0;7.9;199.1
22;2009-04-03;-0.8;15;7.2;0;10.1;206.3
22;2009-04-04;1.5;17.5;9.2;0;14.3;215.6
22;2009-04-05;6;11.3;7.6;0;17;223.2
22;2009-04-06;-1;12.4;7.1;0;19;230.3
22;2009-04-07;6.2;15.8;10.2;0;24.3;240.5
22;2009-04-08;6.2;13.4;9.4;5;28.7;249.9
22;2009-04-09;4.2;13.7;9;0.9;32.7;258.9
22;2009-04-10;4.4;15.4;9.9;0;37.6;268.8
22;2009-04-11;5.9;14.4;9.6;0;42.2;278.4
22;2009-04-12;3.6;13.4;8;0;45.2;286.4
22;2009-04-13;3;16;9.1;0;49.3;295.5
22;2009-04-14;5;17.8;10.8;0;55;306.2
22;2009-04-15;6.6;13.6;9.4;0;59.4;315.6
22;2009-04-16;5.2;12.5;8.2;0;62.6;323.9
22;2009-04-17;2.2;14.3;7.9;0;65.6;331.8
22;2009-04-18;2.5;14.2;8.4;0;68.9;340.1
22;2009-04-19;0.4;10.5;5.5;0;69.4;345.7
22;2009-04-20;-1;14.8;8;0;72.5;353.7
22;2009-04-21;1.1;14.4;8;0;75.5;361.7
22;2009-04-22;2.5;10.8;7;0;77.6;368.8
22;2009-04-23;2.2;16.5;9.7;0;82.2;378.4
22;2009-04-24;1.5;16.9;9.9;0;87.1;388.3
22;2009-04-25;3.3;16.9;11.1;0;93.2;399.4
22;2009-04-26;8.4;22.9;14.7;0;102.9;414.1
22;2009-04-27;7.9;20.2;13.8;0;111.7;427.9
22;2009-04-28;9.7;19.6;13.5;0;120.3;441.5
22;2009-04-29;6.6;19.7;13.8;0;129.1;455.3
22;2009-04-30;7.9;20.2;13.4;0;137.5;468.7
22;2009-05-01;4.9;17;10.4;0;142.9;479.1
22;2009-05-02;0.7;18;10.5;0;148.4;489.6
22;2009-05-03;6.6;15.6;11;0;154.4;500.6
22;2009-05-04;6.5;13;9.4;2.6;158.8;510.1
22;2009-05-05;7.7;13.6;10.1;5.9;163.9;520.1
22;2009-05-06;8.7;12.5;10;5;168.9;530.1
22;2009-05-07;6.2;14;10.5;0.2;174.3;540.6
22;2009-05-08;7.8;17.4;12.2;0;181.6;552.8
22;2009-05-09;6.5;15.5;11.5;5.2;188.1;564.3
22;2009-05-10;5.3;16;11.1;0;194.2;575.4
22;2009-05-11;6.4;12.7;9.6;0;198.8;585
22;2009-05-12;5;15.9;10.9;0;204.7;595.9
22;2009-05-13;3.8;16.7;10.7;0;210.3;606.6
22;2009-05-14;3.1;15.5;9.5;0;214.9;616.1
22;2009-05-15;5.1;14.1;9.7;0;219.6;625.8
22;2009-05-16;7.5;9.2;8.3;2.1;222.9;634.2
22;2009-05-17;7.4;13.7;10.1;3.1;228.1;644.3
22;2009-05-18;7.8;18.5;13.3;3.8;236.3;657.5
22;2009-05-19;5.9;18.9;14;0;245.3;671.6
22;2009-05-20;8.8;17.7;13.8;3.7;254.2;685.4
22;2009-05-21;7.7;19.5;13.5;0;262.6;698.8
22;2009-05-22;9.9;15.7;11.8;2;269.5;710.7
22;2009-05-23;8.6;17.1;12.2;3.4;276.6;722.8
22;2009-05-24;7.2;18.8;13.5;0;285.1;736.3
22;2009-05-25;10;17.7;13.1;0.1;293.2;749.4
22;2009-05-26;7.4;22.9;15.8;0;304;765.2
22;2009-05-27;10.9;15.7;12.8;1.7;311.8;778.1
22;2009-05-28;10.5;14.6;12.3;3.1;319.2;790.4
22;2009-05-29;8.9;17.9;14;0;328.2;804.4
22;2009-05-30;8.9;21.9;16.1;0;339.3;820.5
22;2009-05-31;11.1;24.6;18;0;352.3;838.5
22;2009-06-01;10.6;24;18;0;365.3;856.5
22;2009-06-02;9.4;22;16;0;376.3;872.5
22;2009-06-03;9.2;15.5;11.8;0.6;383.1;884.3
22;2009-06-04;6.1;15.4;10;0;388.1;894.3
22;2009-06-05;5.2;14.3;9.8;0.8;392.9;904.1
22;2009-06-06;1.9;15.1;9.4;0.3;397.2;913.5
22;2009-06-07;6.3;14.7;10.5;0;402.7;923.9
22;2009-06-08;7.2;16.1;11;0;408.7;935
22;2009-06-09;2.7;15.4;10.4;0;414.1;945.4
22;2009-06-10;10.7;16.5;13.7;5.9;422.8;959
22;2009-06-11;7.4;11.9;10.2;0.1;428;969.2
22;2009-06-12;9;12;10.8;51.7;433.8;980
22;2009-06-13;9.8;16.6;12.7;14.5;441.5;992.7
22;2009-06-14;8.5;18;13.3;0;449.8;1006
22;2009-06-15;9.1;16.6;12.4;0;457.2;1018.5
22;2009-06-16;5.6;16.1;11.6;0;463.8;1030
22;2009-06-17;8.3;17.2;12.9;0;471.7;1042.9
22;2009-06-18;12.3;18.2;14.8;1.1;481.5;1057.8
22;2009-06-19;10;16.6;12.9;0;489.5;1070.7
22;2009-06-20;10.7;17.8;13.6;2.3;498.1;1084.3
22;2009-06-21;8.5;17.8;13.8;0.1;506.9;1098.2
22;2009-06-22;7.5;20.6;14.7;0;516.7;1112.9
22;2009-06-23;8.4;21.3;16.4;0;528.1;1129.3
22;2009-06-24;13.4;24.3;18.6;0;541.7;1147.9
22;2009-06-25;12;23.3;18.1;0;554.8;1166
22;2009-06-26;16;23.1;18.5;0;568.3;1184.5
22;2009-06-27;11.9;21.9;16.7;0;580;1201.3
22;2009-06-28;10.4;23;17.1;0;592.2;1218.4
22;2009-06-29;11.6;21.6;17.3;0;604.5;1235.7
22;2009-06-30;12.7;26.7;20.7;0;620.2;1256.4
22;2009-07-01;16.1;26.6;21.2;0;636.4;1277.6
22;2009-07-02;14.4;27.2;21.6;0;653;1299.2
22;2009-07-03;15.1;27.8;21.8;0;669.8;1321
22;2009-07-04;12.2;27.2;20.8;0;685.6;1341.8
22;2009-07-05;17.1;23.1;19.1;0;699.7;1360.9
22;2009-07-06;12;22.2;17.8;0.1;712.5;1378.7
22;2009-07-07;12.6;21.8;17.4;3.8;725;1396.2
22;2009-07-08;12.5;20.7;16.7;0;736.6;1412.9
22;2009-07-09;13.2;19.5;15.9;0.3;747.5;1428.8
22;2009-07-10;12.1;17.3;14.4;7.7;757;1443.2
22;2009-07-11;12.7;18.7;15.3;2.5;767.3;1458.5
22;2009-07-12;12.6;19.4;16.2;0;778.5;1474.7
22;2009-07-13;14.6;21.1;17.8;4.7;791.3;1492.5
22;2009-07-14;13.4;24.2;19.6;0;805.9;1512.1
22;2009-07-15;13.7;26.7;20.2;0;821.1;1532.3
22;2009-07-16;14.1;24.4;19.3;0;835.4;1551.6
22;2009-07-17;10.9;25.9;19;0;849.3;1570.5
22;2009-07-18;17.2;19.7;17.8;5.2;862.2;1588.4
22;2009-07-19;14.7;20.3;17;4;874.2;1605.4
22;2009-07-20;13.3;19.5;15.9;0;885.1;1621.3
22;2009-07-21;13.5;22.3;17.3;0.9;897.4;1638.7
22;2009-07-22;11.3;22.3;18.3;0.1;910.7;1656.9
22;2009-07-23;16.1;22.4;18.6;21.1;924.3;1675.5
22;2009-07-24;13.3;20.3;16.4;0.3;935.6;1691.8
22;2009-07-25;12.4;20.3;16.5;1.7;947.1;1708.3
22;2009-07-26;14.1;20;16.5;1.7;958.6;1724.8
22;2009-07-27;14;25.2;19.6;0;973.2;1744.4
22;2009-07-28;14;23;18.2;0.3;986.4;1762.6
22;2009-07-29;9.9;24.1;18.4;0;999.8;1781
22;2009-07-30;16.1;20.7;17.9;4.1;1012.7;1799
22;2009-07-31;13.2;21.4;16.9;0.7;1024.6;1815.8
22;2009-08-01;6.9;22.4;16.4;0;1036;1832.2
22;2009-08-02;15.6;27.2;20.6;0;1051.6;1852.9
22;2009-08-03;16.3;20.3;17.2;0.2;1063.9;1870.1
22;2009-08-04;14.7;21.4;17.5;1.9;1076.4;1887.6
22;2009-08-05;12.3;25.9;19.2;0;1090.6;1906.9
22;2009-08-06;12.1;25.9;19.5;0;1105.1;1926.3
22;2009-08-07;13.5;25.1;19.8;0;1119.9;1946.1
22;2009-08-08;15.8;28.6;21.6;0;1136.5;1967.7
22;2009-08-09;16.7;27.9;21.9;0;1153.4;1989.6
22;2009-08-10;17;25.1;20.7;0;1169.1;2010.3
22;2009-08-11;15.1;22.3;18.1;0;1182.2;2028.4
22;2009-08-12;15;21.2;17.4;0;1194.6;2045.8
22;2009-08-13;13.4;21.4;16.9;0.6;1206.5;2062.7
22;2009-08-14;12.8;20.1;16.3;0;1217.8;2079
22;2009-08-15;13.1;21.9;17.3;5.1;1230.1;2096.3
22;2009-08-16;15.1;22.5;19.1;1.3;1244.2;2115.4
22;2009-08-17;15.8;21.1;17.2;0;1256.4;2132.6
22;2009-08-18;13.2;19.9;16;1.1;1267.4;2148.6
22;2009-08-19;10.5;22.7;16.9;0;1279.4;2165.6
22;2009-08-20;16.1;28.9;22.6;0;1296.9;2188.1
22;2009-08-21;18.1;22.2;19.3;2.2;1311.2;2207.5
22;2009-08-22;12.8;20.5;16.4;0;1322.7;2223.9
22;2009-08-23;7.1;21.3;15.7;0;1333.4;2239.6
22;2009-08-24;14.3;23.5;18.8;0;1347.2;2258.4
22;2009-08-25;14.7;23.3;18.8;0;1361;2277.2
22;2009-08-26;14;21.1;17.5;0.2;1373.5;2294.8
22;2009-08-27;15.3;26;20.8;0;1389.3;2315.6
22;2009-08-28;17;22.6;18.1;0;1402.5;2333.7
22;2009-08-29;13.4;18;15.4;0.4;1412.8;2349.1
22;2009-08-30;12;17.5;14.6;0.6;1422.4;2363.6
22;2009-08-31;12.5;18.3;16.5;2.8;1433.9;2380.1
22;2009-09-01;15.8;27;20;0.3;1448.9;2400.1
22;2009-09-02;14.9;19.2;16.2;29.2;1460.1;2416.3
22;2009-09-03;12.8;18;15.8;2.1;1470.9;2432.1
22;2009-09-04;13.7;17.7;15.5;6.5;1481.4;2447.6
22;2009-09-05;13.5;17.3;14.7;2.6;1491.1;2462.3
22;2009-09-06;11.9;18.8;15.3;2;1501.4;2477.6
22;2009-09-07;14;18.7;16.1;0.2;1512.5;2493.8
22;2009-09-08;14;23.2;18.8;0;1526.4;2512.6
22;2009-09-09;15.3;22.6;17.9;0;1539.3;2530.5
22;2009-09-10;11.2;19.6;15.1;0;1549.4;2545.6
22;2009-09-11;9.2;19.4;14.3;0;1558.6;2559.9
22;2009-09-12;7.6;17.5;13.4;0;1567.1;2573.3
22;2009-09-13;11.7;17.5;14.9;1.1;1577;2588.2
22;2009-09-14;11.7;19.2;14.5;15.7;1586.5;2602.7
22;2009-09-15;10.3;19.1;13.7;0;1595.2;2616.4
22;2009-09-16;6.8;18.2;13;0;1603.2;2629.4
22;2009-09-17;5.3;18.3;12.1;0;1610.3;2641.6
22;2009-09-18;4.4;19;12.1;0;1617.5;2653.7
22;2009-09-19;8.5;21.1;14.6;0;1627;2668.3
22;2009-09-20;6.9;22.1;14.6;0;1636.7;2682.9
22;2009-09-21;8.6;17.8;13.8;0;1645.4;2696.6
22;2009-09-22;14;19;15.8;0.6;1656.2;2712.4
22;2009-09-23;14.1;18;15;0.1;1666.3;2727.5
22;2009-09-24;11.7;18.7;14;0;1675.3;2741.5
22;2009-09-25;10.4;18.9;14.5;0.1;1684.8;2756
22;2009-09-26;13.7;16.3;15;0;1694.8;2771
22;2009-09-27;14.3;16.6;15.2;0;1705;2786.2
22;2009-09-28;14.2;17.6;14.9;0.3;1714.9;2801.1
22;2009-09-29;10.2;12.8;11.2;1.7;1721.1;2812.3
22;2009-09-30;6.2;13;10.5;0;1726.6;2822.9
22;2009-10-01;9.1;13.1;10.5;1.2;1732.1;2833.3
22;2009-10-02;6.9;11.7;8.6;0.4;1735.7;2842
22;2009-10-03;6.8;13.5;11.4;10.4;1742.2;2853.4
22;2009-10-04;10.3;12.9;11.2;13.4;1748.4;2864.6
22;2009-10-05;7.7;13.2;10.1;0;1753.5;2874.7
22;2009-10-06;6;14.6;11.5;0;1760;2886.2
22;2009-10-07;11.4;15.4;12.1;4.2;1767.1;2898.3
22;2009-10-08;4.7;13.4;8.9;0;1771;2907.2
22;2009-10-09;7;11.2;8.1;0.9;1774.1;2915.3
22;2009-10-10;2.9;10.6;7.4;0;1776.5;2922.7
22;2009-10-11;7.2;10.6;8.4;4.1;1779.9;2931.1
22;2009-10-12;6.3;9.7;6.8;0;1781.7;2937.9
22;2009-10-13;3.1;8.1;5.4;0.4;1782.1;2943.3
22;2009-10-14;-0.9;7.3;3.5;0;1782.1;2946.9
22;2009-10-15;1.2;8.5;4.4;0;1782.1;2951.3
22;2009-10-16;-0.3;6.9;4.3;3.4;1782.1;2955.6
22;2009-10-17;3.7;9.5;6.9;2.6;1784;2962.5
22;2009-10-18;0.6;9.9;5.8;0.1;1784.8;2968.3
22;2009-10-19;3.9;10.7;8.4;0.1;1788.2;2976.7
22;2009-10-20;7.2;10.3;7.6;0;1790.8;2984.3
22;2009-10-21;2.5;9.8;6.5;0;1792.3;2990.8
22;2009-10-22;5.9;9.8;8.3;0.1;1795.6;2999.1
22;2009-10-23;7;8.5;7.6;0;1798.2;3006.7
22;2009-10-24;7;8.6;7.6;1.4;1800.8;3014.3
22;2009-10-25;6.6;13;10.1;1.7;1805.9;3024.4
22;2009-10-26;9.3;11.5;10.7;4.4;1811.6;3035.1
22;2009-10-27;8.7;10.2;8.9;8.8;1815.5;3044
22;2009-10-28;5.1;8.5;7.3;0;1817.8;3051.3
22;2009-10-29;6;7.7;5.8;7.3;1818.6;3057.1
22;2009-10-30;1.4;8.1;5;0;1818.6;3062.1
22;2009-10-31;3.8;7;5.7;0;1819.3;3067.7
22;2009-11-01;4.2;6.1;5;0;1819.3;3072.7
22;2009-11-02;4.3;7.8;6.2;15.7;1820.4;3078.9
22;2009-11-03;4.6;7.3;5.5;5.9;1820.9;3084.4
22;2009-11-04;2.3;3.9;2.6;1.3;1820.9;3086.9
22;2009-11-05;0.8;7.4;4.4;7;1820.9;3091.3
22;2009-11-06;3.1;8.4;7.7;1.1;1823.6;3099
22;2009-11-07;6.6;8.8;7.4;0.3;1826;3106.4
22;2009-11-08;5.1;7.3;6.5;0;1827.4;3112.8
22;2009-11-09;4.9;6.6;5.3;0;1827.7;3118.1
22;2009-11-10;4.5;6.9;5.7;5.6;1828.5;3123.9
22;2009-11-11;5;6.6;5.7;0.3;1829.1;3129.5
22;2009-11-12;4.4;5.7;5;2.5;1829.1;3134.5
22;2009-11-13;4.6;9.8;6.8;2.7;1830.9;3141.3
22;2009-11-14;5.9;11.8;10.3;12.9;1836.2;3151.6
22;2009-11-15;8.8;10.4;8.7;1.6;1839.9;3160.3
22;2009-11-16;6.1;9.1;8.3;3.8;1843.2;3168.6
22;2009-11-17;7.8;9.3;8.8;4.5;1847.1;3177.5
22;2009-11-18;8.2;9.4;8.7;0;1850.8;3186.2
22;2009-11-19;6.8;11.5;9.8;7.3;1855.6;3196
22;2009-11-20;7.1;12.1;9.8;0;1860.4;3205.8
22;2009-11-21;7.7;11;8.8;0;1864.2;3214.6
22;2009-11-22;6.8;10.7;9.4;0.8;1868.6;3224
22;2009-11-23;8.3;9.3;8.6;3.6;1872.2;3232.6
22;2009-11-24;7.6;10;8.6;1;1875.8;3241.2
22;2009-11-25;8.1;11.2;10.3;3.5;1881.1;3251.5
22;2009-11-26;8;8.9;8.2;0.3;1884.3;3259.7
22;2009-11-27;5.8;7.6;6.8;7.3;1886;3266.4
22;2009-11-28;5;7.8;6.9;2.3;1887.9;3273.3
22;2009-11-29;5.9;8.7;7.4;5.7;1890.3;3280.7
22;2009-11-30;5.9;8.2;6.4;0.1;1891.6;3287
22;2009-12-01;2;5.7;2.7;1.6;1891.6;3289.8
22;2009-12-02;-2.9;1;-0.5;0;1891.6;3289.8
22;2009-12-03;-2;4.6;3.2;0;1891.6;3292.9
22;2009-12-04;3.6;5.9;4.6;2.8;1891.6;3297.6
22;2009-12-05;2.3;4.8;4;1;1891.6;3301.5
22;2009-12-06;3.6;7;5.4;0.8;1892.1;3306.9
22;2009-12-07;4.6;7.8;6.3;6.8;1893.3;3313.2
22;2009-12-08;5.2;6.3;5.1;0;1893.5;3318.3
22;2009-12-09;1.5;5.9;4.5;0;1893.5;3322.8
22;2009-12-10;4;5.1;4.9;1;1893.5;3327.8
22;2009-12-11;2.7;4.9;3.5;4.8;1893.5;3331.2
22;2009-12-12;0.9;2.8;1.3;0;1893.5;3332.5
22;2009-12-13;-1.4;2;0.2;0;1893.5;3332.7
22;2009-12-14;-1.3;1.1;-0.1;0;1893.5;3332.7
22;2009-12-15;-1.3;2.4;1.1;0;1893.5;3333.8
22;2009-12-16;0.3;2.1;0.7;0;1893.5;3334.4
22;2009-12-17;-4.6;-1.3;-4.6;3.1;1893.5;3334.4
22;2009-12-18;-7.1;-2.8;-3.8;0.1;1893.5;3334.4
22;2009-12-19;-8.4;-3.7;-7.4;0;1893.5;3334.4
22;2009-12-20;-11.9;-3.7;-5;0.1;1893.5;3334.4
22;2009-12-21;-7.5;-2.5;-5.3;0.1;1893.5;3334.4
22;2009-12-22;-5.8;2.1;-0.8;0;1893.5;3334.4
22;2009-12-23;-2.3;1.9;1;1.4;1893.5;3335.4
22;2009-12-24;-2.2;1.8;0;0;1893.5;3335.4
22;2009-12-25;-1;3.4;2;1.1;1893.5;3337.4
22;2009-12-26;0.5;4.3;2.7;10.1;1893.5;3340.2
22;2009-12-27;1.9;4.3;3.6;0.6;1893.5;3343.8
22;2009-12-28;2.7;3.4;2.4;2.4;1893.5;3346.1
22;2009-12-29;-1.1;2.3;-0.5;0;1893.5;3346.1
22;2009-12-30;-4.2;-0.1;-1.3;0;1893.5;3346.1
22;2009-12-31;-4.5;-1.2;-3.2;0;1893.5;3346.1
22;2010-01-01;-13.6;-4.8;-6;0;0;0
22;2010-01-02;-7.6;-2.5;-5.3;0;0;0
22;2010-01-03;-10;-4.4;-6.9;0;0;0
22;2010-01-04;-8.5;0.5;-1.3;0;0;0
22;2010-01-05;-3.4;-0.1;-1.1;0.5;0;0
22;2010-01-06;-4.2;-2.1;-3.8;0.6;0;0
22;2010-01-07;-7.1;-4.9;-6.4;0;0;0
22;2010-01-08;-10;-7.2;-9.1;0;0;0
22;2010-01-09;-11.2;-0.8;-5.6;0;0;0
22;2010-01-10;-7;0.1;-0.8;0;0;0
22;2010-01-11;-2.6;-0.3;-1.3;0.1;0;0
22;2010-01-12;-2.1;-0.2;-1;1.2;0;0
22;2010-01-13;-1.2;1.4;0.6;0.8;0;0.6
22;2010-01-14;-2.2;0.4;-2;0;0;0.6
22;2010-01-15;-3.3;-1.2;-1.7;0;0;0.6
22;2010-01-16;-2.2;-1;-2.1;0;0;0.6
22;2010-01-17;-3.8;-2;-2.8;0;0;0.6
22;2010-01-18;-3.6;-1.3;-2.4;2.3;0;0.6
22;2010-01-19;-4.1;-0.5;-1.2;0.2;0;0.6
22;2010-01-20;-1.6;0.3;-0.7;0;0;0.6
22;2010-01-21;-2.9;-0.6;-1.9;0.2;0;0.6
22;2010-01-22;-5;-3.8;-4.6;0;0;0.6
22;2010-01-23;-7.2;-3.1;-4.7;0;0;0.6
22;2010-01-24;-6.8;-2.9;-4.9;0;0;0.6
22;2010-01-25;-6.2;-2.6;-5;0;0;0.6
22;2010-01-26;-11.2;-1.8;-7;0;0;0.6
22;2010-01-27;-9.9;2.6;-2.2;0.4;0;0.6
22;2010-01-28;-4;1.3;-0.3;3.1;0;0.6
22;2010-01-29;-5.1;-0.8;-2.7;0;0;0.6
22;2010-01-30;-7.9;-3.6;-7.5;2.4;0;0.6
22;2010-01-31;-13.8;0.1;-2;4.4;0;0.6
22;2010-02-01;-1.8;0.3;-2.4;0.3;0;0.6
22;2010-02-02;-10.1;0.7;-2.2;0.4;0;0.6
22;2010-02-03;-2.5;-0.7;-1.7;1.8;0;0.6
22;2010-02-04;-13.2;-0.1;-4.3;0;0;0.6
22;2010-02-05;-4.1;1.6;0.1;0;0;0.8
22;2010-02-06;-1.2;-0.3;-1.3;0;0;0.8
22;2010-02-07;-3.1;-1.8;-3.1;0;0;0.8
22;2010-02-08;-5.6;-3.5;-5.1;0;0;0.8
22;2010-02-09;-5.6;-3.1;-4.7;0;0;0.8
22;2010-02-10;-5.4;-1.5;-3.2;0;0;0.8
22;2010-02-11;-7;-2.7;-5.1;0.1;0;0.8
22;2010-02-12;-7.9;-2.1;-4.6;0;0;0.8
22;2010-02-13;-6.8;-2.3;-3;0.1;0;0.8
22;2010-02-14;-4.1;-1.5;-2.9;0;0;0.8
22;2010-02-15;-3.8;0.3;-1.9;0;0;0.8
22;2010-02-16;-3.4;-1;-2.8;0.2;0;0.8
22;2010-02-17;-4.4;-0.4;-1.2;0.1;0;0.8
22;2010-02-18;-1.2;0.5;-0.2;0;0;0.8
22;2010-02-19;-0.7;1.6;0.8;0.9;0;1.5
22;2010-02-20;0.1;1.5;0.5;3.7;0;2
22;2010-02-21;-6.4;-1.3;-6.2;0.3;0;2
22;2010-02-22;-11.7;0.6;-1.8;0.3;0;2
22;2010-02-23;-3;-0.5;-2.9;1.8;0;2
22;2010-02-24;-8.7;-0.1;-2.3;0;0;2
22;2010-02-25;-3.6;3.3;1.3;1.6;0;3.2
22;2010-02-26;0.5;4.7;2.9;2;0;6.1
22;2010-02-27;1.2;3.1;2;0.9;0;8.1
22;2010-02-28;1.4;5.5;2.6;0.5;0;10.7
22;2010-03-01;0.3;2.9;1.2;5.3;0;12
22;2010-03-02;0.5;4.2;0.2;0;0;12.2
22;2010-03-03;-3.9;2.6;0.2;0.9;0;12.3
22;2010-03-04;-2.2;-0.2;-1.6;0;0;12.3
22;2010-03-05;-5.3;-0.1;-2.7;0;0;12.3
22;2010-03-06;-5.5;1.6;-2.2;0;0;12.3
22;2010-03-07;-3.7;1.1;-1.2;0;0;12.3
22;2010-03-08;-6.3;2.1;-1.9;0;0;12.3
22;2010-03-09;-5;-1.5;-3;0;0;12.3
22;2010-03-10;-4.7;0.1;-1;0;0;12.3
22;2010-03-11;-1.7;2.4;1.1;0;0;13.4
22;2010-03-12;1;4.1;2.3;0;0;15.7
22;2010-03-13;-0.2;6.5;2.8;0;0;18.6
22;2010-03-14;1.1;4.2;1;0;0;19.6
22;2010-03-15;-4.3;3.9;0.4;0.7;0;20
22;2010-03-16;-1.9;3.7;1;0;0;21
22;2010-03-17;0.9;6.8;3.8;0;0;24.8
22;2010-03-18;2.5;10.4;6;0.6;1;30.9
22;2010-03-19;3.7;9.3;7.2;0;3.2;38
22;2010-03-20;3.9;9.1;6.8;1.5;4.9;44.8
22;2010-03-21;4.7;9;6.7;4.4;6.7;51.5
22;2010-03-22;3.7;7.9;5.3;0;7;56.8
22;2010-03-23;4.5;9.5;6.6;0.4;8.5;63.4
22;2010-03-24;-0.5;9.2;4.5;0;8.5;67.8
22;2010-03-25;2.8;14.8;7.8;0;11.4;75.7
22;2010-03-26;6;15.9;11;0;17.4;86.7
22;2010-03-27;3.9;9.2;6.3;12.9;18.7;93
22;2010-03-28;4.2;8.2;5.9;0;19.7;99
22;2010-03-29;3.8;6.7;5.1;0;19.8;104.1
22;2010-03-30;0.4;10.8;6;0;20.8;110.1
22;2010-03-31;6.1;9.5;7.5;2.9;23.3;117.6
22;2010-04-01;3.3;6.5;4.7;0;23.3;122.2
22;2010-04-02;2.3;10;5.7;0.1;24;127.9
22;2010-04-03;2.8;10.4;5.9;0;24.8;133.8
22;2010-04-04;3.5;6.2;4.4;5.5;24.8;138.2
22;2010-04-05;3.7;7.6;5.4;2.5;25.3;143.7
22;2010-04-06;2.4;11.3;7.1;0.1;27.4;150.8
22;2010-04-07;4.5;12.4;7.8;0;30.2;158.6
22;2010-04-08;4.1;11;7.8;0;32.9;166.3
22;2010-04-09;4.4;10.2;7.1;0.2;35.1;173.5
22;2010-04-10;3.1;10.9;6.9;0;37;180.4
22;2010-04-11;4.1;13.3;7.7;0;39.6;188
22;2010-04-12;2.3;12.9;7;0;41.6;195
22;2010-04-13;-0.4;12.6;6.9;0;43.5;201.9
22;2010-04-14;2.9;12.8;7.5;0;46;209.4
22;2010-04-15;-0.1;13.5;7.3;0;48.3;216.8
22;2010-04-16;4.8;10.8;7.1;0;50.4;223.9
22;2010-04-17;3.1;11.8;7.2;0;52.6;231
22;2010-04-18;4.5;13.5;8.3;0;55.9;239.3
22;2010-04-19;1.4;8.5;5.2;0;56.1;244.5
22;2010-04-20;0.6;6.8;3.7;0;56.1;248.2
22;2010-04-21;1.6;7.1;4.4;5.5;56.1;252.7
22;2010-04-22;1.5;10.1;5.5;0;56.6;258.1
22;2010-04-23;2.7;10.3;6;0;57.7;264.2
22;2010-04-24;3;9.6;6;0;58.6;270.1
22;2010-04-25;0.6;14.2;8.2;0;61.9;278.4
22;2010-04-26;5.4;17.2;10.9;0;67.8;289.3
22;2010-04-27;7.3;14.2;10.2;0;73;299.5
22;2010-04-28;5.6;15;10.9;0;78.8;310.4
22;2010-04-29;10.5;20.2;14.7;0;88.5;325
22;2010-04-30;9.5;13.4;10.7;5.9;94.2;335.8
22;2010-05-01;6.9;11.8;8.9;5;98.2;344.7
22;2010-05-02;4.1;12.7;8.5;0.6;101.6;353.2
22;2010-05-03;3.3;10.3;7.3;0;103.9;360.5
22;2010-05-04;2.5;8.6;4.5;0;103.9;365
22;2010-05-05;2;10.3;6.9;2.2;105.9;371.9
22;2010-05-06;1.3;9.1;6;0;106.9;377.9
22;2010-05-07;4.8;7.1;6.1;1.5;108;384
22;2010-05-08;4.7;7.6;6;11.4;108.9;390
22;2010-05-09;5.3;8.8;7.1;0;111;397.1
22;2010-05-10;3.4;9.2;6.8;0;112.8;403.9
22;2010-05-11;4.3;10.2;7.2;0;115.1;411.1
22;2010-05-12;5;7.2;6.2;6;116.3;417.4
22;2010-05-13;4.9;9.2;7.6;6.1;118.9;424.9
22;2010-05-14;6.6;10.9;8.8;0;122.7;433.8
22;2010-05-15;6.5;9.2;8;0.1;125.7;441.8
22;2010-05-16;7.5;9.4;8.5;12.9;129.2;450.3
22;2010-05-17;6;13.9;9.8;1.2;134;460.1
22;2010-05-18;6.8;15.2;10.8;0;139.8;470.8
22;2010-05-19;8.9;20.1;15.8;0;150.5;486.6
22;2010-05-20;10.9;18.4;14.4;6.4;159.9;500.9
22;2010-05-21;8.4;19;13.7;0;168.6;514.7
22;2010-05-22;11.2;19;14.7;1.6;178.3;529.4
22;2010-05-23;11.6;17.8;13.8;0;187.1;543.1
22;2010-05-24;9.2;13.8;10.6;4.4;192.7;553.8
22;2010-05-25;6.9;12.9;9.6;0;197.3;563.4
22;2010-05-26;5.9;13;9.5;0;201.8;572.9
22;2010-05-27;5.8;13.9;10.1;0;206.9;582.9
22;2010-05-28;4;14.5;9.5;2.6;211.4;592.4
22;2010-05-29;7.3;15.2;11.3;0.3;217.7;603.7
22;2010-05-30;8.9;11.6;10.3;0.3;222.9;614
22;2010-05-31;9.2;17.3;12.4;14.2;230.4;626.4
22;2010-06-01;7.3;16.2;11.9;0;237.2;638.3
22;2010-06-02;10.1;19.7;15.2;6.9;247.4;653.5
22;2010-06-03;8.6;18;13.8;0;256.3;667.3
22;2010-06-04;7.7;19.9;14.5;0;265.7;681.8
22;2010-06-05;8.4;18.7;14.5;0;275.3;696.3
22;2010-06-06;8.7;21.1;15.4;0;285.6;711.7
22;2010-06-07;10.6;14.9;12.5;10.7;293.2;724.2
22;2010-06-08;10.4;17.7;14.2;8.5;302.3;738.4
22;2010-06-09;12.2;20.1;15.3;1.5;312.6;753.7
22;2010-06-10;13.2;15.1;13.8;0;321.4;767.5
22;2010-06-11;11.3;19.6;14.2;15.4;330.6;781.7
22;2010-06-12;10.3;15.7;12.2;2.9;337.9;793.9
22;2010-06-13;10.3;14.7;11.9;1.2;344.7;805.8
22;2010-06-14;7.5;15.2;11.8;0;351.5;817.6
22;2010-06-15;7.5;17;11.7;0;358.2;829.2
22;2010-06-16;6.1;18.5;13.6;0;366.8;842.8
22;2010-06-17;6.9;16.9;12.6;0;374.4;855.5
22;2010-06-18;9.3;15.8;12.5;0;382;868
22;2010-06-19;8.7;14.4;10.8;0;387.8;878.8
22;2010-06-20;5.8;17.4;12.3;0.2;395.1;891.1
22;2010-06-21;7.2;18.6;13.5;0;403.5;904.6
22;2010-06-22;6.6;17.8;13.3;0;411.8;917.9
22;2010-06-23;8.9;20.2;15.2;0;422.1;933.1
22;2010-06-24;8.9;21.7;16.4;0;433.5;949.5
22;2010-06-25;11.6;19.3;15.7;0;444.2;965.3
22;2010-06-26;11.2;17.1;13.6;0;452.8;978.9
22;2010-06-27;6.1;20.9;15;0;462.8;993.8
22;2010-06-28;8.4;23.9;17.8;0;475.6;1011.6
22;2010-06-29;11.1;25.7;19.4;0;490;1031
22;2010-06-30;13.5;19.7;16;0;501;1047.1
22;2010-07-01;8.5;22;16;0;512;1063.1
22;2010-07-02;12.3;26.6;20.8;0;527.8;1083.9
22;2010-07-03;16.6;29.1;22.6;0;545.4;1106.5
22;2010-07-04;14.1;23.4;18.9;0.2;559.3;1125.3
22;2010-07-05;10.2;22.4;17.1;0;571.4;1142.4
22;2010-07-06;10.7;19.6;15.5;0;581.9;1158
22;2010-07-07;10.5;20.9;16.2;0;593.1;1174.2
22;2010-07-08;14.4;24.4;19.9;0;608;1194.1
22;2010-07-09;14.3;27.1;21.1;0.7;624.2;1215.2
22;2010-07-10;17.3;29.4;24.4;0;643.6;1239.7
22;2010-07-11;18.8;30.2;23;0;661.6;1262.6
22;2010-07-12;15.2;28.8;22;0;678.6;1284.6
22;2010-07-13;17.8;22.3;19.7;12.8;693.3;1304.4
22;2010-07-14;12.8;27.4;20.9;0;709.2;1325.3
22;2010-07-15;19.9;24;21;0;725.3;1346.3
22;2010-07-16;12.3;26.8;20.7;0;740.9;1367
22;2010-07-17;17.2;22.9;19;4;754.9;1386
22;2010-07-18;12.4;21.5;16.8;0;766.7;1402.8
22;2010-07-19;8.9;23.6;17.9;0;779.6;1420.7
22;2010-07-20;14.6;26.7;21;0;795.6;1441.7
22;2010-07-21;14.6;27.2;22;0;812.6;1463.7
22;2010-07-22;18.2;24.1;20.4;1.6;828;1484
22;2010-07-23;14.6;23.2;18.7;0;841.6;1502.7
22;2010-07-24;13.5;21.4;17.6;0;854.2;1520.2
22;2010-07-25;13.4;21.1;17;0;866.2;1537.2
22;2010-07-26;10.1;22;16.7;0;877.8;1553.9
22;2010-07-27;9.7;24.3;18.2;0;891;1572.1
22;2010-07-28;10.4;22.9;17.4;0;903.4;1589.4
22;2010-07-29;15.4;19.9;16.7;26.2;915.1;1606.1
22;2010-07-30;14.6;16.9;15.4;11.1;925.5;1621.5
22;2010-07-31;11.5;25;18.8;3.7;939.3;1640.4
22;2010-08-01;16.5;23.6;19.5;2.2;953.8;1659.8
22;2010-08-02;15.3;21.2;17.5;1.3;966.3;1677.3
22;2010-08-03;12;20.6;16.2;0.1;977.5;1693.6
22;2010-08-04;9.3;21.5;16;0;988.4;1709.5
22;2010-08-05;13.6;22.7;17.8;6.2;1001.3;1727.3
22;2010-08-06;15;21.7;17.4;0.2;1013.7;1744.7
22;2010-08-07;11.8;24.4;18.4;0;1027;1763.1
22;2010-08-08;14.5;18.9;16.5;0;1038.6;1779.6
22;2010-08-09;15.4;20.6;16.6;17.2;1050.2;1796.3
22;2010-08-10;8.4;23.1;17.2;0;1062.4;1813.5
22;2010-08-11;16.5;21.2;18.2;0.2;1075.6;1831.7
22;2010-08-12;9.6;18.7;15.1;0.9;1085.7;1846.8
22;2010-08-13;15.3;21.6;17.5;34.6;1098.2;1864.3
22;2010-08-14;14.2;19.2;16.8;0.2;1110;1881
22;2010-08-15;15.6;23.6;19.1;3.8;1124.1;1900.2
22;2010-08-16;18;23;19.6;0.5;1138.8;1919.8
22;2010-08-17;13.2;17.4;15.5;1.4;1149.2;1935.3
22;2010-08-18;15;18.1;16.2;16.2;1160.4;1951.5
22;2010-08-19;13.6;21.8;16.8;6;1172.3;1968.3
22;2010-08-20;11.6;21.4;17.6;0;1184.9;1986
22;2010-08-21;17.1;23.1;19.7;0.1;1199.6;2005.7
22;2010-08-22;18.2;20.8;18.5;1.1;1213.1;2024.2
22;2010-08-23;10.3;19.2;15.9;4;1224;2040.1
22;2010-08-24;15.2;18.9;16.2;9.1;1235.3;2056.3
22;2010-08-25;12.7;18.7;15.1;1;1245.4;2071.4
22;2010-08-26;10.4;18.4;13.7;0;1254.1;2085.2
22;2010-08-27;9;19.1;13.2;0;1262.3;2098.3
22;2010-08-28;7.8;17.6;13;0.3;1270.2;2111.3
22;2010-08-29;6.3;17.1;12.4;0;1277.6;2123.6
22;2010-08-30;10.9;18.1;13.5;0.7;1286.1;2137.1
22;2010-08-31;9.8;17.6;14.2;0;1295.2;2151.3
22;2010-09-01;12.8;18.2;15;0;1305.3;2166.3
22;2010-09-02;10.3;18.4;13.8;0;1314.1;2180.2
22;2010-09-03;6.8;17.1;12.2;0;1321.3;2192.4
22;2010-09-04;6.4;16.9;11.4;2.9;1327.8;2203.8
22;2010-09-05;4.3;18.6;11.3;0;1334.1;2215.1
22;2010-09-06;4.8;17.8;11.6;0;1340.7;2226.7
22;2010-09-07;8.8;17.6;13.3;0;1349;2240
22;2010-09-08;13.1;17.8;15.3;0;1359.2;2255.3
22;2010-09-09;14;17.2;14.4;0;1368.6;2269.7
22;2010-09-10;12.2;15;13.6;6.9;1377.2;2283.2
22;2010-09-11;10.5;18.3;15.2;0.5;1387.4;2298.4
22;2010-09-12;14.1;18.3;16.2;0.8;1398.6;2314.6
22;2010-09-13;12.9;17.7;14.5;2.4;1408.1;2329.1
22;2010-09-14;11.1;18.7;15.2;10.4;1418.2;2344.3
22;2010-09-15;9.4;14.6;12.7;8.8;1425.9;2357
22;2010-09-16;10.8;15.3;12.3;3.9;1433.2;2369.3
22;2010-09-17;11;13.8;12;0.4;1440.2;2381.3
22;2010-09-18;9.7;14.5;11.2;1.1;1446.4;2392.5
22;2010-09-19;9.2;14.5;11.7;0;1453.2;2404.2
22;2010-09-20;11.7;14.1;13.3;4.2;1461.4;2417.5
22;2010-09-21;11.1;15.4;12.4;13.7;1468.9;2429.9
22;2010-09-22;4.3;15.1;10.5;0;1474.4;2440.4
22;2010-09-23;10.6;20.2;15.1;0;1484.5;2455.6
22;2010-09-24;13.3;18.5;15.3;0;1494.8;2470.9
22;2010-09-25;11.2;15.5;12.9;1.6;1502.7;2483.8
22;2010-09-26;11.2;15.4;13.8;0.4;1511.5;2497.5
22;2010-09-27;12.3;14.1;12.6;0;1519.1;2510.1
22;2010-09-28;7.6;11.1;9.2;0;1523.3;2519.4
22;2010-09-29;3.9;13.2;8.4;0;1526.7;2527.7
22;2010-09-30;3.6;12.6;8.4;0;1530;2536.1
22;2010-10-01;5.9;12.1;9.4;0;1534.5;2545.5
22;2010-10-02;6.9;12.5;10.4;0;1539.9;2555.9
22;2010-10-03;9.2;13.4;11.9;0;1546.7;2567.8
22;2010-10-04;10.2;14.6;12.6;0.1;1554.3;2580.4
22;2010-10-05;10.6;13.2;11.9;0;1561.3;2592.3
22;2010-10-06;11.3;15.3;13.6;0;1569.8;2605.9
22;2010-10-07;12.3;15;13;11.1;1577.8;2618.9
22;2010-10-08;11.2;13.8;11.1;0;1583.9;2629.9
22;2010-10-09;7.2;13.9;9.9;0;1588.7;2639.8
22;2010-10-10;2.6;13.3;7.8;0;1591.5;2647.6
22;2010-10-11;3.6;12.3;7.4;0;1593.9;2655
22;2010-10-12;0.8;12.1;5.6;0;1594.5;2660.6
22;2010-10-13;1.4;11.9;7;0;1596.5;2667.6
22;2010-10-14;7.6;13.8;10.2;0;1601.7;2677.7
22;2010-10-15;3.2;10.3;6.5;0;1603.2;2684.3
22;2010-10-16;1.9;7.7;4.3;0;1603.2;2688.6
22;2010-10-17;-2.5;10;3.3;0;1603.2;2691.9
22;2010-10-18;1.6;9.1;6.1;0;1604.3;2698
22;2010-10-19;5.9;11;8.6;2.5;1607.9;2706.5
22;2010-10-20;5.3;9.2;6.5;0;1609.4;2713
22;2010-10-21;1.1;7.3;4.9;0;1609.4;2717.9
22;2010-10-22;3.8;9.6;7;3.1;1611.3;2724.8
22;2010-10-23;4.9;9.7;8.4;0;1614.7;2733.3
22;2010-10-24;5.9;8.9;7.1;2.3;1616.8;2740.3
22;2010-10-25;3.9;8.1;5.8;0;1617.6;2746.1
22;2010-10-26;1.7;8.6;5.6;1.1;1618.2;2751.7
22;2010-10-27;4.9;9.6;7.5;0;1620.6;2759.2
22;2010-10-28;6.1;10.2;9.2;2.8;1624.9;2768.4
22;2010-10-29;7.8;11.1;9.7;0;1629.6;2778.1
22;2010-10-30;8.7;12.9;10.3;0;1634.9;2788.4
22;2010-10-31;9.1;10.4;9.5;5.4;1639.4;2797.9
22;2010-11-01;8.5;10.4;8.6;1.5;1643;2806.5
22;2010-11-02;6.3;10.3;8.2;0;1646.2;2814.7
22;2010-11-03;8;11.9;9.9;4.3;1651.2;2824.7
22;2010-11-04;7.8;11;8.9;0.2;1655.1;2833.6
22;2010-11-05;8.6;11.7;9.9;6.7;1660;2843.5
22;2010-11-06;6.1;8.7;6.8;3;1661.8;2850.3
22;2010-11-07;-0.7;6.2;1.6;0;1661.8;2851.9
22;2010-11-08;-2.2;4.8;1.9;0;1661.8;2853.8
22;2010-11-09;1.6;4.4;2.9;0;1661.8;2856.7
22;2010-11-10;2.1;4.6;3.3;0.2;1661.8;2859.9
22;2010-11-11;1.2;6.4;4.1;0;1661.8;2864
22;2010-11-12;3.7;10.1;8.2;13.6;1665;2872.2
22;2010-11-13;7.1;9.6;7.9;1.7;1667.9;2880.2
22;2010-11-14;4.9;10;7.6;0.1;1670.6;2887.8
22;2010-11-15;6.4;10.8;7.3;4.8;1672.9;2895.1
22;2010-11-16;-1;5.6;2.1;0;1672.9;2897.2
22;2010-11-17;-0.4;5.8;4.1;0;1672.9;2901.3
22;2010-11-18;3.4;4.1;3.6;0.4;1672.9;2904.9
22;2010-11-19;0.7;2.9;1.3;11.8;1672.9;2906.2
22;2010-11-20;0.2;2.6;1.4;6.6;1672.9;2907.7
22;2010-11-21;0.7;5.1;3.5;0;1672.9;2911.2
22;2010-11-22;3.1;4.2;3.5;0;1672.9;2914.7
22;2010-11-23;0.6;2.8;1.4;4.9;1672.9;2916.1
22;2010-11-24;-1;-0.1;-0.7;3.2;1672.9;2916.1
22;2010-11-25;-2.1;0.2;-1.5;1.1;1672.9;2916.1
22;2010-11-26;-3.7;-2.6;-3.2;0.6;1672.9;2916.1
22;2010-11-27;-3.7;-1;-2.2;3.9;1672.9;2916.1
22;2010-11-28;-6.4;-0.5;-3.8;0;1672.9;2916.1
22;2010-11-29;-5;-0.6;-3.2;0;1672.9;2916.1
22;2010-11-30;-8.5;-5.6;-7;0.2;1672.9;2916.1
22;2010-12-01;-8.5;-2.2;-4.9;0;1672.9;2916.1
22;2010-12-02;-6.5;-2.5;-3.9;1.8;1672.9;2916.1
22;2010-12-03;-7;-2.6;-5;0.6;1672.9;2916.1
22;2010-12-04;-8.7;-0.6;-2.2;0.2;1672.9;2916.1
22;2010-12-05;-2.4;1.2;-0.5;1.9;1672.9;2916.1
22;2010-12-06;-1.3;1.3;-0.3;1.8;1672.9;2916.1
22;2010-12-07;-4.7;-0.1;-1.1;0;1672.9;2916.1
22;2010-12-08;-4.1;-2;-3.4;0;1672.9;2916.1
22;2010-12-09;-6.1;0.3;-1.5;0.2;1672.9;2916.1
22;2010-12-10;-10.1;3.5;-3.8;0;1672.9;2916.1
22;2010-12-11;-8.7;5.5;4;6.4;1672.9;2920
22;2010-12-12;-1.8;2.9;-1.9;0.5;1672.9;2920
22;2010-12-13;-4.9;-0.3;-2.6;0;1672.9;2920
22;2010-12-14;-6.6;-3.1;-4.7;0;1672.9;2920
22;2010-12-15;-8.5;-2.8;-4.7;0;1672.9;2920
22;2010-12-16;-7.8;0;-1.8;0.5;1672.9;2920
22;2010-12-17;-14.3;-3.8;-9.4;2.2;1672.9;2920
22;2010-12-18;-13.6;-3.4;-5;2.2;1672.9;2920
22;2010-12-19;-10;-3.1;-6;0.2;1672.9;2920
22;2010-12-20;-10.3;-3;-7.2;0;1672.9;2920
22;2010-12-21;-11.9;-1.9;-10.7;6.6;1672.9;2920
22;2010-12-22;-19.5;-2.7;-8.1;0;1672.9;2920
22;2010-12-23;-9.2;-2.9;-3.5;2.3;1672.9;2920
22;2010-12-24;-5.5;-3.5;-5.5;0.5;1672.9;2920
22;2010-12-25;-7.7;-5.8;-6.6;0;1672.9;2920
22;2010-12-26;-8.5;-4.8;-6.4;0.2;1672.9;2920
22;2010-12-27;-8.5;-3.6;-6;1.6;1672.9;2920
22;2010-12-28;-11.7;-2.8;-5.6;1.2;1672.9;2920
22;2010-12-29;-15.3;-7.4;-12.4;0;1672.9;2920
22;2010-12-30;-17.4;1;-6.3;0;1672.9;2920
22;2010-12-31;-6.6;2.5;-0.4;0.2;1672.9;2920
22;2011-01-01;-2.3;3.3;1.2;0.8;0;1.2
22;2011-01-02;-4.7;-0.7;-3.3;0;0;1.2
22;2011-01-03;-9.1;-1.7;-5.5;0;0;1.2
22;2011-01-04;-10.1;0.1;-0.8;0;0;1.2
22;2011-01-05;-2.3;-0.3;-2.2;1;0;1.2
22;2011-01-06;-5;1.2;-1.2;3.3;0;1.2
22;2011-01-07;-0.9;2;-0.4;1;0;1.2
22;2011-01-08;-4.5;4.9;2.4;0.8;0;3.6
22;2011-01-09;0.1;2.8;1.4;1;0;5
22;2011-01-10;0.1;1.1;0.4;0;0;5.4
22;2011-01-11;-1.7;0.3;-0.8;0;0;5.4
22;2011-01-12;-1.7;2.2;0.9;0.9;0;6.3
22;2011-01-13;0.2;0.8;0.4;0;0;6.7
22;2011-01-14;0.1;2.9;1.6;3.6;0;8.3
22;2011-01-15;1;4.9;2.9;2.8;0;11.2
22;2011-01-16;1.7;6.8;5.3;7.3;0.3;16.4
22;2011-01-17;4.1;6.3;4.3;0;0.3;20.7
22;2011-01-18;1.8;4.8;3;5;0.3;23.8
22;2011-01-19;1.5;2.8;1.5;0;0.3;25.3
22;2011-01-20;-2;1.2;-0.8;0;0.3;25.3
22;2011-01-21;-1.9;0.5;-1.1;0;0.3;25.3
22;2011-01-22;-2.1;0.7;-0.8;0.3;0.3;25.3
22;2011-01-23;-2.5;1.4;0.2;0;0.3;25.5
22;2011-01-24;-3.1;3;0.3;0;0.3;25.7
22;2011-01-25;-2.9;2.7;1.5;1.7;0.3;27.2
22;2011-01-26;-1.7;0.2;-3;1.3;0.3;27.2
22;2011-01-27;-8.5;-2.4;-6.3;0.2;0.3;27.2
22;2011-01-28;-9.7;-1.6;-5.8;0;0.3;27.2
22;2011-01-29;-6.4;0.8;-2.4;0;0.3;27.2
22;2011-01-30;-5.9;5.9;-2.2;0;0.3;27.2
22;2011-01-31;-4.7;-0.2;-2.4;0.1;0.3;27.2
22;2011-02-01;-4.2;0.8;-0.4;0;0.3;27.2
22;2011-02-02;-1.3;2.1;1.5;0.1;0.3;28.7
22;2011-02-03;1;5.4;3.1;0.3;0.3;31.8
22;2011-02-04;0.9;7.3;4.2;5.2;0.3;36
22;2011-02-05;2.3;7.7;6.2;1.4;1.5;42.2
22;2011-02-06;2.9;5.8;4;0;1.5;46.2
22;2011-02-07;3.3;7.1;5.5;8.2;2;51.8
22;2011-02-08;4;6.2;4.8;0;2;56.6
22;2011-02-09;2.1;5.3;3.3;0;2;59.9
22;2011-02-10;1.4;5.2;3.6;0.3;2;63.5
22;2011-02-11;2.9;4.7;2.3;3;2;65.8
22;2011-02-12;-6;1;-2.6;0;2;65.8
22;2011-02-13;-4.6;-0.3;-1;0;2;65.8
22;2011-02-14;-1.5;-0.5;-1.6;0;2;65.8
22;2011-02-15;-2.9;-1.5;-2.5;0;2;65.8
22;2011-02-16;-3.5;-1.7;-2.4;1.8;2;65.8
22;2011-02-17;-3.3;-0.5;-1.6;0;2;65.8
22;2011-02-18;-2.2;-1.5;-2.1;0;2;65.8
22;2011-02-19;-7.7;-2.1;-4.9;0;2;65.8
22;2011-02-20;-8.1;-3.2;-5.8;0;2;65.8
22;2011-02-21;-8.3;-2.8;-4.2;0;2;65.8
22;2011-02-22;-5;-3.6;-4.8;0.1;2;65.8
22;2011-02-23;-6.8;-4.4;-5.4;0.4;2;65.8
22;2011-02-24;-6;-1.5;-3.8;0;2;65.8
22;2011-02-25;-5.5;0.8;-1.3;0;2;65.8
22;2011-02-26;-2.5;3.1;-0.1;0;2;65.8
22;2011-02-27;-2.8;-1.3;-1.8;0;2;65.8
22;2011-02-28;-2.4;0;-0.9;0;2;65.8
22;2011-03-01;-1.6;0.7;-0.6;0;2;65.8
22;2011-03-02;-2.6;-0.8;-1.7;0;2;65.8
22;2011-03-03;-2.7;-1.6;-2.2;0;2;65.8
22;2011-03-04;-2.7;2;-0.3;0;2;65.8
22;2011-03-05;-0.9;6;2.5;13.4;2;68.3
22;2011-03-06;-2.2;2.9;-0.3;0;2;68.3
22;2011-03-07;-5.2;2.1;-1.1;0;2;68.3
22;2011-03-08;-1.7;3.8;0.8;0;2;69.1
22;2011-03-09;-0.1;3.9;1.7;0;2;70.7
22;2011-03-10;0.7;5;2.8;2.5;2;73.6
22;2011-03-11;1.6;6.2;3.3;2.8;2;76.9
22;2011-03-12;0.9;7.1;3.8;0;2;80.7
22;2011-03-13;2.2;8.7;5.2;0.1;2.2;85.9
22;2011-03-14;2.8;8.3;5.9;1;3.1;91.8
22;2011-03-15;0.7;3.7;1.5;5.3;3.1;93.3
22;2011-03-16;-1.4;3.7;0.6;0;3.1;93.9
22;2011-03-17;-0.2;2.6;0.9;0.1;3.1;94.9
22;2011-03-18;-0.1;4.4;1.7;0.7;3.1;96.6
22;2011-03-19;0.3;7.9;3.2;0;3.1;99.8
22;2011-03-20;0.5;5.1;1.9;0;3.1;101.6
22;2011-03-21;0.6;7.5;3.9;0;3.1;105.6
22;2011-03-22;3.1;13.6;7.5;0;5.6;113
22;2011-03-23;1;10.1;5.6;0;6.2;118.7
22;2011-03-24;4.6;12.5;8;0;9.2;126.7
22;2011-03-25;4.9;8;5.6;0;9.8;132.3
22;2011-03-26;-2.3;5.6;1;0.8;9.8;133.3
22;2011-03-27;-3.3;6.1;2;0;9.8;135.4
22;2011-03-28;1.8;7.4;4.2;0;9.8;139.6
22;2011-03-29;1;7.4;4.4;0;9.8;144
22;2011-03-30;3.9;8.9;5.8;0.2;10.7;149.9
22;2011-03-31;3.3;9.8;6.3;3.2;12;156.2
22;2011-04-01;4.4;13.8;9.2;5.3;16.1;165.3
22;2011-04-02;8;16.6;11.8;0;22.9;177.1
22;2011-04-03;9.1;13.5;10.3;0;28.2;187.5
22;2011-04-04;4.1;12.6;8.1;0.2;31.3;195.5
22;2011-04-05;4.6;8.7;7.1;0;33.4;202.6
22;2011-04-06;7;11.4;9.2;1.4;37.6;211.8
22;2011-04-07;7.9;10.7;8.7;0;41.3;220.5
22;2011-04-08;5.7;10.9;8;0;44.3;228.5
22;2011-04-09;3.2;12.3;7.9;0;47.2;236.4
22;2011-04-10;2.7;17.2;10;0;52.2;246.4
22;2011-04-11;4.4;15.5;9.7;0;56.9;256.1
22;2011-04-12;5.7;7.9;6.5;3.4;58.4;262.6
22;2011-04-13;4.1;7;5.3;12;58.7;267.9
22;2011-04-14;2.7;10.6;6.6;1.3;60.3;274.5
22;2011-04-15;0.5;12.4;7;0;62.3;281.5
22;2011-04-16;3;12.6;8.5;0.1;65.8;290
22;2011-04-17;6.1;13.2;8.8;0;69.7;298.9
22;2011-04-18;3.9;17.4;9.9;0;74.6;308.8
22;2011-04-19;3.7;16.8;10.9;0;80.5;319.7
22;2011-04-20;7.8;20;13.4;0;88.9;333.1
22;2011-04-21;7.1;20.5;14;0;97.9;347.1
22;2011-04-22;6.2;19.7;13.3;0;106.2;360.4
22;2011-04-23;8.4;19.1;13.1;0;114.3;373.5
22;2011-04-24;7;18.6;12.5;0;121.8;386
22;2011-04-25;5.1;20.9;13.6;0;130.4;399.6
22;2011-04-26;6.7;20.7;14.3;0;139.7;413.9
22;2011-04-27;8.4;19.3;13.8;0;148.5;427.7
22;2011-04-28;8.4;17.6;12.6;0;156.1;440.3
22;2011-04-29;7.5;16.6;11.4;0;162.5;451.7
22;2011-04-30;5.6;18.2;12.3;0;169.7;463.9
22;2011-05-01;3.7;12.6;7.8;0;172.6;471.8
22;2011-05-02;1.8;10;5.8;0.1;173.4;477.6
22;2011-05-03;-1.6;11;5.1;0.3;173.5;482.7
22;2011-05-04;0.7;10.7;6;1.1;174.5;488.7
22;2011-05-05;2.7;14.1;8.9;0;178.4;497.6
22;2011-05-06;0.5;17.5;10.7;0;184.1;508.3
22;2011-05-07;6.5;18.5;12.3;0;191.4;520.6
22;2011-05-08;5.8;17.9;12.2;0;198.6;532.8
22;2011-05-09;8.1;20.8;14.6;0;208.2;547.4
22;2011-05-10;8.1;22.4;15.6;0;218.8;563
22;2011-05-11;8.9;18.5;13.4;0;227.2;576.4
22;2011-05-12;6.7;17.9;12.9;0.9;235.1;589.3
22;2011-05-13;7.6;17;11.9;0;241.9;601.1
22;2011-05-14;3.9;16.5;9.9;0.2;246.8;611
22;2011-05-15;6.9;13.4;10.1;1.2;251.9;621.1
22;2011-05-16;7.9;12.4;10.5;0.8;257.4;631.6
22;2011-05-17;10.6;15.3;12.1;12.2;264.5;643.7
22;2011-05-18;7.6;17.2;12.8;0.2;272.3;656.5
22;2011-05-19;12;17.2;13.4;0;280.7;669.9
22;2011-05-20;5.2;16.5;12;0;287.7;681.9
22;2011-05-21;5.5;18.2;13.2;0;295.8;695
22;2011-05-22;11.8;21.8;15;0;305.8;710
22;2011-05-23;10.2;17.9;14.3;4.5;315.1;724.3
22;2011-05-24;10.2;15.2;12.2;0.6;322.3;736.5
22;2011-05-25;8.4;14.9;11.5;0.1;328.8;748
22;2011-05-26;5.1;19.9;13;0;336.8;761
22;2011-05-27;10;14.5;12;5;343.8;773
22;2011-05-28;8;15;11.4;0.2;350.2;784.4
22;2011-05-29;9.1;14.7;12.1;6;357.3;796.5
22;2011-05-30;11.9;21.6;16;1;368.3;812.5
22;2011-05-31;12.3;21.9;15.6;0;378.9;828.1
22;2011-06-01;8.8;16.8;12.4;0.4;386.3;840.5
22;2011-06-02;7.2;20.5;14.8;0;396.1;855.3
22;2011-06-03;9.5;22.1;16.6;0;407.7;871.9
22;2011-06-04;8.5;23;17.3;0;419.9;889.1
22;2011-06-05;8.8;24;17.8;0;432.8;907
22;2011-06-06;15.5;26.7;20.3;0;448;927.2
22;2011-06-07;16;18.9;17.2;14.5;460.3;944.5
22;2011-06-08;15;22.2;18.5;4.3;473.8;963
22;2011-06-09;11.3;19.1;15;5.8;483.8;978
22;2011-06-10;10;17.5;13.6;0;492.4;991.6
22;2011-06-11;6.2;19.9;13.7;0;501.2;1005.4
22;2011-06-12;6.2;18.1;13.2;0;509.4;1018.6
22;2011-06-13;5.9;21;15.6;0;520;1034.2
22;2011-06-14;15.2;17.6;15.4;2;530.4;1049.6
22;2011-06-15;9;18.6;14;0;539.3;1063.5
22;2011-06-16;8.3;20.8;15.3;0;549.7;1078.9
22;2011-06-17;13.4;18.7;15.2;12.1;559.9;1094.1
22;2011-06-18;9.6;17.7;13.6;0.9;568.5;1107.7
22;2011-06-19;11.2;16.7;13.7;5.2;577.2;1121.4
22;2011-06-20;10.9;17.9;14.6;0.6;586.9;1136.1
22;2011-06-21;11.5;19;15.4;0;597.2;1151.4
22;2011-06-22;14.6;21.2;16.4;0;608.7;1167.9
22;2011-06-23;11.9;19.1;15.5;15.9;619.2;1183.4
22;2011-06-24;11.1;16.3;13.3;1.5;627.5;1196.7
22;2011-06-25;9.8;17;13.4;0;635.9;1210.1
22;2011-06-26;11.1;19.8;15.3;0;646.2;1225.4
22;2011-06-27;9.8;23.4;18.1;0;659.3;1243.5
22;2011-06-28;13.6;23;18.4;0;672.7;1261.9
22;2011-06-29;13.6;24.4;19.4;0;687.1;1281.3
22;2011-06-30;14.1;16.9;14.3;6;696.4;1295.6
22;2011-07-01;10.9;16.5;13.7;1.6;705.1;1309.3
22;2011-07-02;12.5;18.8;15.2;3.6;715.3;1324.5
22;2011-07-03;13.4;24.3;20.2;4.7;730.5;1344.7
22;2011-07-04;15.7;19.3;17.5;0;743.1;1362.3
22;2011-07-05;15.5;21.9;17.7;0.1;755.8;1380
22;2011-07-06;10.4;22.2;17.2;0;768;1397.2
22;2011-07-07;15;22.8;18.4;0.6;781.4;1415.6
22;2011-07-08;14.6;20.7;16.8;7.2;793.2;1432.4
22;2011-07-09;10.9;24.6;18;6.4;806.2;1450.4
22;2011-07-10;11.3;21.7;17.1;1.4;818.4;1467.6
22;2011-07-11;13.1;21.6;17.5;0;830.8;1485
22;2011-07-12;11;21.1;16.1;0;841.9;1501.1
22;2011-07-13;13.2;16.7;15.1;3;852.1;1516.3
22;2011-07-14;14.4;16.7;15.6;13;862.6;1531.8
22;2011-07-15;13.6;19;15.2;9.2;872.8;1547
22;2011-07-16;12;21.7;16.9;1.6;884.7;1563.9
22;2011-07-17;15.6;20.6;17.2;1.8;897;1581.2
22;2011-07-18;13.8;21.1;17;3.5;908.9;1598.1
22;2011-07-19;13.6;21.2;17.4;0.8;921.3;1615.5
22;2011-07-20;10.3;23.2;17.1;0.8;933.4;1632.6
22;2011-07-21;12.7;19.3;16.2;0;944.7;1648.9
22;2011-07-22;14.4;16.3;15.4;21.5;955;1664.2
22;2011-07-23;14.1;15.3;14.4;20.3;964.4;1678.6
22;2011-07-24;11.8;14.1;12.8;4;972.3;1691.5
22;2011-07-25;12.2;17.9;15;12.2;982.3;1706.5
22;2011-07-26;10.9;21.5;15.6;0.5;992.9;1722.1
22;2011-07-27;11.2;23.2;17.6;0.1;1005.5;1739.7
22;2011-07-28;13.5;19.9;17;0;1017.6;1756.8
22;2011-07-29;14.6;23.5;18.3;0;1030.9;1775.1
22;2011-07-30;16.4;24.9;20.6;0.4;1046.5;1795.7
22;2011-07-31;17.3;26.8;20.6;0.1;1062.1;1816.3
22;2011-08-01;14.2;24.1;19;0;1076.1;1835.3
22;2011-08-02;15;24.8;19.7;2.2;1090.8;1855
22;2011-08-03;13.2;23.9;19;0;1104.8;1874
22;2011-08-04;15.1;25.6;20.2;0;1119.9;1894.1
22;2011-08-05;17.7;21.4;18.6;1.7;1133.6;1912.8
22;2011-08-06;12.3;22.4;17.8;0;1146.4;1930.6
22;2011-08-07;16.4;21.4;18;4;1159.4;1948.6
22;2011-08-08;12.9;20.4;15.1;0;1169.6;1963.8
22;2011-08-09;12.6;19;15.7;10.7;1180.2;1979.4
22;2011-08-10;13.2;17.4;13.8;1;1189.1;1993.3
22;2011-08-11;11;14.1;12.2;15.4;1196.3;2005.5
22;2011-08-12;11.6;17.4;14.3;11;1205.7;2019.9
22;2011-08-13;13.3;18.2;15.8;0.1;1216.4;2035.6
22;2011-08-14;14.8;20.2;16.7;0;1228.1;2052.3
22;2011-08-15;15.2;20.9;17;47.4;1240.1;2069.3
22;2011-08-16;12;19;15.4;0;1250.5;2084.7
22;2011-08-17;14.1;21.1;16.8;0;1262.3;2101.5
22;2011-08-18;10.9;21;16.1;0.2;1273.4;2117.6
22;2011-08-19;13.5;17.5;14.9;0.4;1283.3;2132.5
22;2011-08-20;12.4;20.8;16.2;1.1;1294.5;2148.7
22;2011-08-21;12.9;23.8;18.3;0;1307.8;2167
22;2011-08-22;16.1;21.1;17.3;13.1;1320.1;2184.3
22;2011-08-23;11.1;20.5;16.4;0;1331.5;2200.7
22;2011-08-24;15.5;21.7;18.2;0;1344.7;2218.9
22;2011-08-25;16.1;21.9;18.1;0.4;1357.9;2237.1
22;2011-08-26;14.7;23.7;19.9;0;1372.8;2257
22;2011-08-27;17.3;20.2;17;7.6;1384.8;2274
22;2011-08-28;12.5;17.6;14.7;5.1;1394.5;2288.7
22;2011-08-29;12.1;15.7;13.8;1.8;1403.3;2302.5
22;2011-08-30;11.8;16.3;13.7;0.7;1412.1;2316.3
22;2011-08-31;11.7;17.3;14;2.1;1421.1;2330.3
22;2011-09-01;10.6;17.2;13.5;0.2;1429.5;2343.7
22;2011-09-02;6.9;16.8;12.6;0;1437.2;2356.4
22;2011-09-03;10.3;21.8;16.4;0;1448.6;2372.8
22;2011-09-04;15.1;23.7;19.6;0;1463.2;2392.4
22;2011-09-05;16.5;19.5;17.2;9.8;1475.4;2409.6
22;2011-09-06;13.3;18.8;15.3;0.9;1485.7;2424.9
22;2011-09-07;12.1;16.8;14.1;23;1494.9;2439.1
22;2011-09-08;11.4;15.4;12.8;1.4;1502.6;2451.8
22;2011-09-09;9.8;17.3;13.5;2.8;1511.2;2465.4
22;2011-09-10;12.8;18.9;16.1;0;1522.3;2481.5
22;2011-09-11;15.9;21.3;18.2;0;1535.5;2499.7
22;2011-09-12;14.2;17.4;16;4.9;1546.4;2515.6
22;2011-09-13;15.5;17.6;15.6;2;1557.1;2531.3
22;2011-09-14;12.1;17;13.7;0.3;1565.8;2545
22;2011-09-15;11.2;16.6;13.1;1.7;1573.9;2558.1
22;2011-09-16;8.9;15.3;11.4;0;1580.3;2569.5
22;2011-09-17;6.8;13.8;11.9;0.1;1587.2;2581.4
22;2011-09-18;11.2;15.1;13.3;0.4;1595.6;2594.8
22;2011-09-19;10.4;16;13.2;5.1;1603.8;2608
22;2011-09-20;11.4;15.3;13.9;0;1612.7;2621.9
22;2011-09-21;13.5;15.5;14.8;0.3;1622.5;2636.7
22;2011-09-22;12.6;15.9;13.6;1.6;1631.1;2650.3
22;2011-09-23;11.4;16.5;13.4;0;1639.5;2663.7
22;2011-09-24;11.6;16.8;13.7;0;1648.2;2677.4
22;2011-09-25;9.4;19.6;14.3;0;1657.5;2691.7
22;2011-09-26;10.5;20.7;15.9;0;1668.4;2707.6
22;2011-09-27;9.3;15.9;12.5;0;1675.9;2720.1
22;2011-09-28;8.1;18.4;13.3;0;1684.2;2733.4
22;2011-09-29;10.5;22.2;15.2;0;1694.4;2748.6
22;2011-09-30;7.6;22.3;14.5;0;1703.8;2763
22;2011-10-01;7.9;24.3;15.2;0;1714;2778.2
22;2011-10-02;9.8;20.8;15.2;0;1724.2;2793.4
22;2011-10-03;13.3;20.5;17;0;1736.2;2810.4
22;2011-10-04;14.8;17;15.3;0;1746.5;2825.7
22;2011-10-05;12.6;16.6;14.5;0;1756;2840.2
22;2011-10-06;13.5;16;13.1;1.5;1764.1;2853.3
22;2011-10-07;8.3;13.6;10.5;6.9;1769.6;2863.8
22;2011-10-08;9.2;10.9;8.9;0.8;1773.6;2872.8
22;2011-10-09;2.3;11.8;8;6.4;1776.6;2880.8
22;2011-10-10;7.9;14.8;12;7.4;1783.6;2892.8
22;2011-10-11;10.1;13.3;10.9;6.5;1789.5;2903.7
22;2011-10-12;8.1;13;10.1;0.6;1794.6;2913.8
22;2011-10-13;4.8;11.3;7.4;0;1797;2921.2
22;2011-10-14;0;11.6;4.9;0;1797;2926.1
22;2011-10-15;-0.5;10.9;5.4;0;1797.4;2931.6
22;2011-10-16;3.9;12;8.4;0;1800.8;2939.9
22;2011-10-17;4.4;12.2;9.2;0;1805;2949.2
22;2011-10-18;8.8;11;9.6;2.8;1809.6;2958.7
22;2011-10-19;7.1;11.3;8.9;6;1813.5;2967.6
22;2011-10-20;4.7;9.9;7.1;1.7;1815.5;2974.7
22;2011-10-21;5.6;11.3;8.4;0.1;1818.9;2983.1
22;2011-10-22;7.6;11;8.8;0.1;1822.7;2991.8
22;2011-10-23;5.6;10.3;7.1;0;1824.8;2998.9
22;2011-10-24;4.3;8.4;6.9;0;1826.6;3005.8
22;2011-10-25;7.5;9.8;8.5;0;1830.2;3014.3
22;2011-10-26;8;10.3;9.2;0;1834.4;3023.5
22;2011-10-27;4.3;11.3;7.9;2.2;1837.3;3031.5
22;2011-10-28;7.3;11.5;9.3;0;1841.7;3040.8
22;2011-10-29;2.3;10.6;7;0.1;1843.6;3047.7
22;2011-10-30;6.3;12.4;11.4;0.2;1850;3059.1
22;2011-10-31;11;12.8;11.9;0.1;1856.9;3071
22;2011-11-01;11.4;12.5;11;0.2;1862.9;3082.1
22;2011-11-02;7.5;9.4;8.4;0;1866.3;3090.5
22;2011-11-03;7.2;9.5;8.5;0;1869.9;3099
22;2011-11-04;7.6;10.3;8.1;0;1872.9;3107.1
22;2011-11-05;5.5;12.4;8.3;0;1876.2;3115.4
22;2011-11-06;6.3;10;8.7;0;1879.9;3124.1
22;2011-11-07;8.4;9.5;8.4;0;1883.3;3132.4
22;2011-11-08;7;8.6;7.7;0;1886;3140.2
22;2011-11-09;7.4;8.3;8;0;1889;3148.1
22;2011-11-10;7;8.8;7;0;1890.9;3155.1
22;2011-11-11;3.2;5.1;3.9;0;1890.9;3159
22;2011-11-12;1.5;6.4;3.1;0;1890.9;3162.1
22;2011-11-13;-1.9;6.5;1.6;0;1890.9;3163.7
22;2011-11-14;-0.6;6.3;4.1;0;1890.9;3167.8
22;2011-11-15;2.5;4.3;3.1;0;1890.9;3170.9
22;2011-11-16;-2;6.2;3.9;0;1890.9;3174.8
22;2011-11-17;2.6;3.8;2.6;0;1890.9;3177.4
22;2011-11-18;1.3;6.6;5.2;0.7;1891.2;3182.6
22;2011-11-19;5.5;7.2;6.7;0;1892.9;3189.3
22;2011-11-20;4.4;6.5;4.7;0;1892.9;3194.1
22;2011-11-21;0.6;5.4;3.2;0;1892.9;3197.2
22;2011-11-22;-1.7;6.7;2.7;0;1892.9;3200
22;2011-11-23;2.3;6.1;4.2;0.2;1892.9;3204.2
22;2011-11-24;3.8;8.7;7.7;0;1895.6;3211.9
22;2011-11-25;6.8;8.6;7.3;0;1897.9;3219.2
22;2011-11-26;5;9.8;7.3;1.8;1900.2;3226.5
22;2011-11-27;6.4;11;9.6;0.9;1904.7;3236
22;2011-11-28;5.8;8.5;7;1.9;1906.7;3243
22;2011-11-29;4.1;6.4;5.6;0;1907.3;3248.6
22;2011-11-30;4.9;8.5;7.2;0;1909.5;3255.8
22;2011-12-01;5.6;8.9;6.9;0;1911.5;3262.7
22;2011-12-02;3.6;7;4.9;3.7;1911.5;3267.6
22;2011-12-03;3.6;7.2;5.8;0.3;1912.2;3273.4
22;2011-12-04;1.4;4.1;2.2;9.1;1912.2;3275.6
22;2011-12-05;0.2;5;3.4;0.1;1912.2;3279
22;2011-12-06;1.7;3.9;2.8;0;1912.2;3281.9
22;2011-12-07;2.5;3.9;3;0;1912.2;3284.9
22;2011-12-08;0.9;6.8;3.5;1.3;1912.2;3288.4
22;2011-12-09;0.9;7.3;6;12.6;1913.3;3294.4
22;2011-12-10;2;5.4;3.5;0;1913.3;3297.9
22;2011-12-11;2.3;5.5;4.3;0;1913.3;3302.3
22;2011-12-12;2.7;5.6;3.9;0;1913.3;3306.2
22;2011-12-13;2.7;6.9;5.1;4.4;1913.4;3311.4
22;2011-12-14;3.5;6.1;4.9;4.2;1913.4;3316.2
22;2011-12-15;2.8;5.3;4.5;5.8;1913.4;3320.8
22;2011-12-16;3.7;4.5;4;0.5;1913.4;3324.7
22;2011-12-17;2.7;4.3;3.5;0.1;1913.4;3328.2
22;2011-12-18;1.5;3.7;2.6;1.2;1913.4;3330.8
22;2011-12-19;1.7;5;3.4;0;1913.4;3334.2
22;2011-12-20;1.1;2.5;1.7;0.9;1913.4;3335.9
22;2011-12-21;0.5;4.2;2;0.7;1913.4;3337.9
22;2011-12-22;-0.5;5.7;2.8;0;1913.4;3340.7
22;2011-12-23;2.5;7.5;6.7;0.7;1915.1;3347.5
22;2011-12-24;3.7;7.2;4.8;3.5;1915.1;3352.3
22;2011-12-25;2.5;8.6;6.6;2.1;1916.7;3358.8
22;2011-12-26;6.3;9.7;9;0;1920.7;3367.8
22;2011-12-27;7.6;9.7;7;0;1922.7;3374.8
22;2011-12-28;1.7;6.5;5.4;0.6;1923.1;3380.2
22;2011-12-29;5.3;6.5;4.9;0.1;1923.1;3385.1
22;2011-12-30;1.5;4.8;3;0;1923.1;3388.1
22;2011-12-31;-1.8;3.3;0.8;1.2;1923.1;3388.9
22;2012-01-01;-2.6;8.1;6;5.2;1;6
22;2012-01-02;5;8.1;6.2;5.8;2.2;12.2
22;2012-01-03;3.5;6.9;4.7;0;2.2;16.9
22;2012-01-04;3.6;6.2;5.3;7.7;2.5;22.2
22;2012-01-05;2.8;6.3;4.5;8.8;2.5;26.7
22;2012-01-06;2.3;3.6;2.7;1;2.5;29.4
22;2012-01-07;1.1;6.6;5.1;0.7;2.5;34.5
22;2012-01-08;4.1;5.5;4.1;0.6;2.5;38.5
22;2012-01-09;0.5;6.9;3.2;0;2.5;41.8
22;2012-01-10;0.7;6;5;2.2;2.5;46.7
22;2012-01-11;3.1;8.2;6.1;0;3.7;52.9
22;2012-01-12;4.4;8.3;6.3;0;5;59.1
22;2012-01-13;2.7;5.1;3.8;0.5;5;62.9
22;2012-01-14;1.2;4;2.3;0.6;5;65.2
22;2012-01-15;-1;3.3;1;0;5;66.2
22;2012-01-16;-1.3;4.5;3.6;0;5;69.9
22;2012-01-17;1.8;4.3;2.8;0;5;72.7
22;2012-01-18;0.7;5.7;3.3;0;5;76
22;2012-01-19;2.2;5;3.4;4.6;5;79.4
22;2012-01-20;0.9;3.5;1.6;8.6;5;81.1
22;2012-01-21;-0.1;3.9;1.8;4.6;5;82.9
22;2012-01-22;0.8;3.7;1.7;5.5;5;84.6
22;2012-01-23;-1.5;2.5;-0.3;0;5;84.6
22;2012-01-24;-4.4;-0.4;-2.9;0;5;84.6
22;2012-01-25;-5.6;-0.2;-2.5;0;5;84.6
22;2012-01-26;-4.2;1.4;-0.3;0;5;84.6
22;2012-01-27;-1.8;-0.4;-1.2;0;5;84.6
22;2012-01-28;-4.4;-0.6;-2.5;0;5;84.6
22;2012-01-29;-4.1;0;-1.7;0;5;84.6
22;2012-01-30;-4.1;0.4;-1.8;0;5;84.6
22;2012-01-31;-4.2;-0.8;-2.6;0;5;84.6
22;2012-02-01;-4.7;-1.6;-3.5;0;5;84.6
22;2012-02-02;-9.9;-4.5;-7.3;0;5;84.6
22;2012-02-03;-11;-7.1;-9.7;0;5;84.6
22;2012-02-04;-13.5;-7.4;-11.4;0;5;84.6
22;2012-02-05;-14.5;-6.1;-9.9;0;5;84.6
22;2012-02-06;-11.8;-8;-9.9;0;5;84.6
22;2012-02-07;-12.9;-3.3;-7.2;0;5;84.6
22;2012-02-08;-8.8;-1.5;-4.4;0;5;84.6
22;2012-02-09;-5.6;-0.9;-3.4;0;5;84.6
22;2012-02-10;-7.1;-1.9;-5.5;0;5;84.6
22;2012-02-11;-12.6;-3.2;-7.5;0;5;84.6
22;2012-02-12;-10.8;1;-1.5;1.1;5;84.6
22;2012-02-13;-9.5;0.6;-3.2;0.4;5;84.6
22;2012-02-14;-7.5;3.5;0.2;0;5;84.8
22;2012-02-15;-0.4;3.4;1.7;0.3;5;86.5
22;2012-02-16;-4.2;3.6;0.1;0;5;86.6
22;2012-02-17;-2.3;5.6;3.5;7.5;5;90.1
22;2012-02-18;0.1;4.6;2.7;0.2;5;92.8
22;2012-02-19;1;4.3;2;0.4;5;94.8
22;2012-02-20;-0.6;3.6;1.5;0;5;96.3
22;2012-02-21;0.6;6.3;3.5;5;5;99.7
22;2012-02-22;3;5.8;4.4;0.2;5;104.1
22;2012-02-23;3.8;8;6.1;1;6;110.2
22;2012-02-24;5.3;7.5;6.3;0;7.4;116.5
22;2012-02-25;4.4;7.1;4.8;0.3;7.4;121.4
22;2012-02-26;-0.3;4.2;1.3;0;7.4;122.7
22;2012-02-27;-1.4;3.9;1.1;0;7.4;123.8
22;2012-02-28;0.2;11.7;7.3;3.4;9.7;131.1
22;2012-02-29;6.2;10.9;7.8;0;12.4;138.9
22;2012-03-01;5.7;9.7;6.9;0;14.3;145.7
22;2012-03-02;4.2;10.2;5.8;0;15.1;151.5
22;2012-03-03;0.2;6.4;2.5;0;15.1;154
22;2012-03-04;1.5;5.3;2.3;0;15.1;156.3
22;2012-03-05;1.1;3.7;1.7;0;15.1;158
22;2012-03-06;-0.7;2.2;0.5;0;15.1;158.4
22;2012-03-07;-0.5;3;1.2;0;15.1;159.7
22;2012-03-08;0.5;7.3;3.5;6.9;15.1;163.2
22;2012-03-09;0.5;6.9;4;0.1;15.1;167.2
22;2012-03-10;2.9;7.3;6.1;0.9;16.2;173.3
22;2012-03-11;2.5;10;6.2;0.7;17.4;179.5
22;2012-03-12;5.2;9.9;7.2;0;19.6;186.7
22;2012-03-13;5.1;11.1;7.2;0;21.8;193.9
22;2012-03-14;4.8;9.5;6.6;0;23.5;200.6
22;2012-03-15;4.6;5.9;4.8;0;23.5;205.3
22;2012-03-16;0.1;13;6;0;24.5;211.3
22;2012-03-17;4.7;10.2;6.7;0;26.1;218
22;2012-03-18;5.1;9.5;6.8;1.7;28;224.8
22;2012-03-19;2.8;8.5;5.1;0.1;28.1;229.9
22;2012-03-20;3.6;9;6.6;0.6;29.7;236.5
22;2012-03-21;5.8;14.1;8.8;0;33.4;245.3
22;2012-03-22;3.4;13.2;8.1;0;36.6;253.5
22;2012-03-23;3;12.1;7;0;38.6;260.5
22;2012-03-24;0.4;9.8;4.3;0.1;38.6;264.8
22;2012-03-25;2.4;15.4;8;0;41.6;272.7
22;2012-03-26;0.8;9.3;5.7;0;42.2;278.4
22;2012-03-27;5.5;15.4;10;0;47.2;288.4
22;2012-03-28;5.9;15.8;9.8;0;52;298.2
22;2012-03-29;5.5;10.3;7.3;0;54.3;305.5
22;2012-03-30;4.6;10.7;7.4;0;56.7;312.9
22;2012-03-31;1.4;7;4.4;1;56.7;317.4
22;2012-04-01;-1.3;7.4;3.9;0;56.7;321.3
22;2012-04-02;1.8;7;3.5;0.6;56.7;324.8
22;2012-04-03;-0.7;5.8;2.6;0;56.7;327.4
22;2012-04-04;0.9;7.3;2.9;0;56.7;330.3
22;2012-04-05;-5.1;8.8;2.4;0;56.7;332.7
22;2012-04-06;-2.1;4.6;2.6;0;56.7;335.3
22;2012-04-07;0.4;3.8;1.5;6.6;56.7;336.8
22;2012-04-08;-2.2;6.2;2.7;0;56.7;339.5
22;2012-04-09;2.5;6.2;4.8;0.2;56.7;344.2
22;2012-04-10;4.1;9.9;8;4.4;59.8;352.3
22;2012-04-11;5.8;10.9;7.7;1.6;62.5;360
22;2012-04-12;1.2;11.8;6.9;0;64.4;366.9
22;2012-04-13;2.4;8.5;5.5;0;65;372.5
22;2012-04-14;0.8;10.1;6;0;65.9;378.4
22;2012-04-15;4.3;10;6.6;0;67.5;385
22;2012-04-16;1.7;9.1;5.1;0.1;67.6;390.1
22;2012-04-17;1.6;7.9;4.7;0;67.6;394.9
22;2012-04-18;4.4;9.1;6.9;0;69.5;401.8
22;2012-04-19;4.9;13.8;9.3;0;73.8;411.1
22;2012-04-20;5.5;11.1;7.4;0;76.2;418.4
22;2012-04-21;4.9;13.3;8.3;0.1;79.5;426.7
22;2012-04-22;4.1;12;8.3;3.1;82.8;435.1
22;2012-04-23;4.3;11.8;8.2;0;86;443.2
22;2012-04-24;4.4;13.6;9;0;90;452.2
22;2012-04-25;7.3;12.4;9.2;5.7;94.1;461.4
22;2012-04-26;8.2;14.1;10.5;2.3;99.6;471.8
22;2012-04-27;8.3;15.1;11.4;0.2;106;483.3
22;2012-04-28;7.2;11.4;8.7;0;109.7;492
22;2012-04-29;7.5;16.1;11.7;0.1;116.5;503.7
22;2012-04-30;6.7;16.3;11.6;0;123.1;515.4
22;2012-05-01;5.9;18.3;12.6;0;130.7;528
22;2012-05-02;6;20.1;12.6;0;138.3;540.5
22;2012-05-03;4.4;20;13.4;0;146.7;554
22;2012-05-04;8.1;13.3;10.6;0;152.4;564.6
22;2012-05-05;5;11.3;7.6;0;155;572.3
22;2012-05-06;3.1;10;6.3;0;156.3;578.5
22;2012-05-07;2.4;11.3;7.2;0;158.5;585.8
22;2012-05-08;3.9;15.9;11.5;0;165;597.2
22;2012-05-09;11;17.7;14;0.4;174;611.2
22;2012-05-10;10.8;17.2;14.6;3.1;183.6;625.8
22;2012-05-11;13.8;17.4;14.1;3.9;192.7;639.9
22;2012-05-12;7.1;10.8;8.5;0.2;196.2;648.4
22;2012-05-13;6.1;12.9;9.3;0;200.5;657.7
22;2012-05-14;7;14;10.7;0;206.2;668.4
22;2012-05-15;6.8;15.8;11.1;0;212.3;679.5
22;2012-05-16;6.9;10.1;8.2;10.5;215.5;687.8
22;2012-05-17;5.6;11.6;8.2;0.1;218.7;695.9
22;2012-05-18;2.6;14;8.7;0.6;222.4;704.7
22;2012-05-19;7.7;14.4;11.1;0;228.5;715.8
22;2012-05-20;9.2;21.5;15.7;0.1;239.2;731.5
22;2012-05-21;12.3;24.7;18.4;0;252.6;749.9
22;2012-05-22;14.7;25.6;19.5;0;267.1;769.4
22;2012-05-23;15.8;23.6;18.4;0;280.5;787.8
22;2012-05-24;8.5;21.6;16.1;0;291.6;803.9
22;2012-05-25;10.3;20.4;16.1;0;302.7;819.9
22;2012-05-26;8.8;22.2;16.5;0;314.2;836.4
22;2012-05-27;11.2;20.8;16.4;0;325.6;852.8
22;2012-05-28;11.2;23.3;17.9;0;338.5;870.8
22;2012-05-29;9.7;13.7;10.6;0;344.2;881.4
22;2012-05-30;7.5;14.2;10.9;1.7;350;892.3
22;2012-05-31;7.6;14;10.6;0;355.6;902.9
22;2012-06-01;7.2;14.1;10.7;0;361.3;913.6
22;2012-06-02;6.5;13.4;9.8;0.6;366.1;923.3
22;2012-06-03;5.6;14;9.8;0;370.9;933.2
22;2012-06-04;7.7;13.9;10.8;0;376.7;943.9
22;2012-06-05;8.8;14.4;10.8;0;382.5;954.8
22;2012-06-06;5.3;15.5;10.9;0;388.4;965.7
22;2012-06-07;9.3;16.9;12.4;1.5;395.8;978.1
22;2012-06-08;9.8;18.6;13.6;0.1;404.4;991.7
22;2012-06-09;9.6;16.6;13.2;9.7;412.6;1004.9
22;2012-06-10;11.1;14.6;12.6;0.4;420.2;1017.5
22;2012-06-11;11;17.4;13.6;0;428.8;1031.1
22;2012-06-12;7.3;17.6;13.1;0;436.9;1044.2
22;2012-06-13;10.9;16.9;13.1;0;445;1057.2
22;2012-06-14;8.7;14.2;11.1;0;451.1;1068.4
22;2012-06-15;4;18.4;12.8;0;458.9;1081.1
22;2012-06-16;13.7;19.9;15.7;1.2;469.6;1096.8
22;2012-06-17;9.8;17.4;14;6.6;478.6;1110.8
22;2012-06-18;8.9;20.4;14.8;0.7;488.4;1125.7
22;2012-06-19;9.6;18.1;13.7;4.5;497.1;1139.3
22;2012-06-20;7.9;19.5;14.5;0;506.6;1153.8
22;2012-06-21;7.4;21.3;15.4;0;517;1169.3
22;2012-06-22;11.1;19.5;14.5;13.6;526.5;1183.8
22;2012-06-23;10.5;18.8;14.5;4.6;536.1;1198.3
22;2012-06-24;10.7;14.4;12.4;2.6;543.5;1210.8
22;2012-06-25;10.6;16.2;13.1;12.8;551.6;1223.9
22;2012-06-26;11.9;17;13.4;2.5;560.1;1237.3
22;2012-06-27;10.4;18.1;13.5;0;568.6;1250.8
22;2012-06-28;8.5;19.1;14.1;0;577.7;1264.9
22;2012-06-29;14;22.6;17.5;3.4;590.2;1282.4
22;2012-06-30;13.4;22.3;18.4;14.8;603.5;1300.8
22;2012-07-01;13.2;20.3;17;0;615.5;1317.8
22;2012-07-02;11.6;19.2;15.6;0;626.1;1333.4
22;2012-07-03;9.4;20.9;15.3;0;636.4;1348.7
22;2012-07-04;11.6;21.4;16.7;0;648.1;1365.4
22;2012-07-05;13;21;17.6;0;660.7;1382.9
22;2012-07-06;15.8;20.1;17.8;0;673.5;1400.8
22;2012-07-07;13.5;21.2;17.5;0;686;1418.3
22;2012-07-08;10.4;24.3;18.2;0;699.2;1436.5
22;2012-07-09;15.6;18.3;16.1;0.6;710.3;1452.6
22;2012-07-10;13.2;18.4;15;0;720.4;1467.6
22;2012-07-11;10.7;19.8;15;0;730.3;1482.6
22;2012-07-12;11.3;18.3;14.2;3;739.5;1496.8
22;2012-07-13;11.2;18.6;14.8;0.4;749.3;1511.6
22;2012-07-14;11.7;19.5;15.4;0;759.7;1527
22;2012-07-15;10.9;17.7;13.9;0.5;768.6;1540.9
22;2012-07-16;10.6;16.9;13.4;1.3;777;1554.3
22;2012-07-17;11;18.6;14.4;5.5;786.4;1568.7
22;2012-07-18;11.9;17.7;14.5;0;795.9;1583.2
22;2012-07-19;13.3;18.8;14.7;13.6;805.6;1597.9
22;2012-07-20;11.3;18;14.4;0;815;1612.3
22;2012-07-21;10.3;19.9;14;0;824;1626.3
22;2012-07-22;10.7;19.4;15.1;1.3;834.2;1641.4
22;2012-07-23;13.2;22.3;17.7;0;846.8;1659.1
22;2012-07-24;12.7;25.3;19.7;0;861.5;1678.8
22;2012-07-25;12.6;28.3;21;0;877.5;1699.7
22;2012-07-26;13.8;24.1;19.1;0;891.6;1718.8
22;2012-07-27;11.1;26.2;19.9;0;906.5;1738.7
22;2012-07-28;18.4;24.1;18.6;0.5;920.1;1757.3
22;2012-07-29;8.9;17.2;14.3;3.8;929.4;1771.6
22;2012-07-30;13.3;19.1;15;0;939.3;1786.6
22;2012-07-31;11;19.6;14.8;12.7;949.1;1801.4
22;2012-08-01;9.3;21.5;16.2;0;960.3;1817.6
22;2012-08-02;15.2;26.1;20.1;0;975.4;1837.7
22;2012-08-03;13.8;22.9;18;0;988.4;1855.6
22;2012-08-04;11.8;21.2;16.3;0;999.7;1871.9
22;2012-08-05;12.1;23.6;17.8;6.8;1012.5;1889.8
22;2012-08-06;14.9;22.2;17.7;0;1025.2;1907.4
22;2012-08-07;15.2;20.3;16.4;4.2;1036.6;1923.8
22;2012-08-08;12.6;19.8;15.8;0.6;1047.3;1939.6
22;2012-08-09;11.7;21.2;15.8;0;1058.1;1955.4
22;2012-08-10;11.3;20.1;15;0;1068.1;1970.4
22;2012-08-11;8.5;21.3;15.4;0;1078.6;1985.8
22;2012-08-12;7.6;22.2;14.9;0;1088.5;2000.7
22;2012-08-13;8.4;21.5;15.2;0;1098.7;2016
22;2012-08-14;9.3;21.3;15;0;1108.7;2031
22;2012-08-15;7.3;23.3;16.1;0;1119.8;2047
22;2012-08-16;12;22.1;16.4;0;1131.2;2063.5
22;2012-08-17;11;22.9;17;0;1143.2;2080.5
22;2012-08-18;15.1;28.6;22;0;1160.2;2102.4
22;2012-08-19;17.2;29.2;23.2;0;1178.3;2125.6
22;2012-08-20;18.9;28.9;23;0;1196.4;2148.6
22;2012-08-21;15.1;19.9;17.4;0;1208.7;2166
22;2012-08-22;13.8;21.5;17.3;5.5;1221;2183.2
22;2012-08-23;14.2;21;16.7;0;1232.7;2199.9
22;2012-08-24;11.6;19.1;15.5;0;1243.1;2215.4
22;2012-08-25;10.2;20.5;15.4;0;1253.5;2230.8
22;2012-08-26;13.6;18.8;16.3;0;1264.9;2247.1
22;2012-08-27;12.4;18.8;14.5;1.5;1274.3;2261.6
22;2012-08-28;10.5;20;15.8;0.1;1285.2;2277.4
22;2012-08-29;9.5;21.5;16.5;0.6;1296.6;2293.9
22;2012-08-30;15.8;20.9;17.7;0.2;1309.4;2311.6
22;2012-08-31;11.5;20.2;15.1;0;1319.4;2326.7
22;2012-09-01;10.3;17.4;14;0;1328.5;2340.7
22;2012-09-02;11.2;20.3;16.8;0;1340.3;2357.5
22;2012-09-03;13.1;19.8;16.4;0;1351.6;2373.9
22;2012-09-04;11.5;21.4;17;0;1363.6;2390.9
22;2012-09-05;11.9;18.7;14.8;0;1373.4;2405.7
22;2012-09-06;11.4;17.3;13.9;0;1382.4;2419.6
22;2012-09-07;13.3;18;15.3;1.3;1392.6;2434.9
22;2012-09-08;11.4;21.1;15.5;0;1403.2;2450.4
22;2012-09-09;12.9;19;16.1;0;1414.3;2466.6
22;2012-09-10;15.6;23.9;18.6;0;1427.9;2485.1
22;2012-09-11;13.6;19;15.6;0;1438.4;2500.7
22;2012-09-12;9.8;16.2;12.1;3.7;1445.5;2512.8
22;2012-09-13;7.3;15.8;12;4.6;1452.5;2524.8
22;2012-09-14;10.5;14.2;13.2;0;1460.7;2538
22;2012-09-15;11.5;16.3;13.9;1;1469.6;2551.8
22;2012-09-16;12.9;18;15.3;0;1479.9;2567.1
22;2012-09-17;14.3;18.8;15.6;0;1490.5;2582.7
22;2012-09-18;11.1;17.3;13.7;0.1;1499.2;2596.4
22;2012-09-19;9.8;14;11;1.8;1505.1;2607.4
22;2012-09-20;8.3;14.1;11.2;0.3;1511.3;2618.6
22;2012-09-21;11;14.4;12.6;2.4;1519;2631.2
22;2012-09-22;9.5;12.6;10.5;0.6;1524.5;2641.7
22;2012-09-23;7;13.9;9.3;0;1528.8;2651.1
22;2012-09-24;3;11.7;8.8;0;1532.6;2659.9
22;2012-09-25;9.5;14.9;12.2;8.4;1539.9;2672.1
22;2012-09-26;9.9;13;11.7;4;1546.6;2683.9
22;2012-09-27;9.9;14.4;12;11.6;1553.6;2695.8
22;2012-09-28;9.6;13.4;11.7;2.6;1560.3;2707.6
22;2012-09-29;10.5;13;11.7;0.1;1567;2719.3
22;2012-09-30;10.2;14.7;12.4;0.3;1574.4;2731.7
22;2012-10-01;11.1;14.2;12.6;0.6;1582;2744.3
22;2012-10-02;12.4;15.5;13.2;1.8;1590.3;2757.5
22;2012-10-03;10.8;15.4;12.6;0;1597.8;2770.1
22;2012-10-04;8.7;12;10.5;1.3;1603.3;2780.6
22;2012-10-05;8;10.7;9.5;0;1607.8;2790.1
22;2012-10-06;8.9;11.1;10.1;6.5;1612.9;2800.1
22;2012-10-07;7.5;12.1;9.9;1.3;1617.8;2810.1
22;2012-10-08;8.7;13;10.5;0;1623.3;2820.5
22;2012-10-09;7;11.3;8.6;0.7;1626.9;2829.1
22;2012-10-10;5.9;11.7;8.2;0.3;1630;2837.3
22;2012-10-11;3.4;12.7;7.8;7.6;1632.8;2845
22;2012-10-12;2.5;11.1;7.4;1.3;1635.2;2852.5
22;2012-10-13;8.1;12.1;9.6;9;1639.9;2862.1
22;2012-10-14;7.6;9.4;8.4;0.8;1643.3;2870.5
22;2012-10-15;4.9;9.2;7.8;6.5;1646.1;2878.3
22;2012-10-16;6.8;11.7;9.5;0.9;1650.6;2887.8
22;2012-10-17;8.6;12.7;10.6;2.6;1656.1;2898.4
22;2012-10-18;9.8;15.2;13;0;1664.2;2911.4
22;2012-10-19;11.4;16.7;13.4;0.1;1672.6;2924.9
22;2012-10-20;11.6;17.1;14.3;0;1681.9;2939.2
22;2012-10-21;10;12.6;11.4;0;1688.3;2950.6
22;2012-10-22;10.4;11.1;10.4;0.2;1693.7;2961
22;2012-10-23;9.4;9.9;9.1;0;1697.8;2970.1
22;2012-10-24;7.4;10;8.4;0.3;1701.2;2978.5
22;2012-10-25;6.1;9;5.9;0.6;1702.2;2984.4
22;2012-10-26;-0.7;5.1;1.5;0.1;1702.2;2985.9
22;2012-10-27;-3.1;6.1;0.5;0.5;1702.2;2986.4
22;2012-10-28;-2.9;6.9;1.7;0;1702.2;2988.2
22;2012-10-29;-0.4;6.5;5;6;1702.2;2993.2
22;2012-10-30;1.9;8.3;5.2;14.2;1702.3;2998.3
22;2012-10-31;2.1;7.6;5.8;0;1703.2;3004.2
22;2012-11-01;4.2;7.7;5.7;0;1703.9;3009.9
22;2012-11-02;5.1;8;7.2;1.4;1706.1;3017.1
22;2012-11-03;5.1;7.8;6.5;1.6;1707.5;3023.5
22;2012-11-04;5.4;8.8;6.6;3.9;1709.1;3030.1
22;2012-11-05;4.2;5.7;4.4;7.9;1709.1;3034.5
22;2012-11-06;2.1;8.7;5.8;2.1;1709.9;3040.3
22;2012-11-07;4.3;10.2;8.2;0.9;1713.1;3048.5
22;2012-11-08;6.9;10.1;8.8;1.3;1716.9;3057.3
22;2012-11-09;7.7;9.5;8.5;0.5;1720.4;3065.8
22;2012-11-10;6.9;8.4;7.6;0;1723;3073.5
22;2012-11-11;6.9;10.2;8.6;3.9;1726.7;3082.1
22;2012-11-12;5.7;9;6.5;0;1728.2;3088.6
22;2012-11-13;3.2;7.8;6.6;0.2;1729.8;3095.2
22;2012-11-14;5.6;8.6;8;0.5;1732.8;3103.2
22;2012-11-15;7.8;10;8.6;0;1736.4;3111.8
22;2012-11-16;7.1;7.9;5.1;0;1736.5;3116.9
22;2012-11-17;1.4;3.4;2.4;0;1736.5;3119.3
22;2012-11-18;1.4;8;5.3;0.2;1736.8;3124.7
22;2012-11-19;-1.8;7.2;3.6;0.1;1736.8;3128.2
22;2012-11-20;0.7;7.1;6.3;0;1738.1;3134.6
22;2012-11-21;5.1;7.2;6.1;0;1739.3;3140.7
22;2012-11-22;5.6;9.8;7.2;0;1741.4;3147.9
22;2012-11-23;5;6.9;5.9;0;1742.3;3153.7
22;2012-11-24;5.2;6.7;5.5;2.1;1742.8;3159.2
22;2012-11-25;3.7;8.3;6;0.4;1743.8;3165.3
22;2012-11-26;5.6;8.8;7.4;11.4;1746.3;3172.7
22;2012-11-27;4.8;6.7;5.8;1;1747.1;3178.6
22;2012-11-28;4.5;6.6;4.5;1.4;1747.1;3183
22;2012-11-29;1.6;2.8;2.1;0.2;1747.1;3185.1
22;2012-11-30;0.4;1.9;1;0;1747.1;3186.1
22;2012-12-01;-1.2;2.7;0.5;0.3;1747.1;3186.6
22;2012-12-02;-2.5;0.3;-3;3.9;1747.1;3186.6
22;2012-12-03;-10.1;1.5;-2.6;0.1;1747.1;3186.6
22;2012-12-04;-4;1.3;0;1.4;1747.1;3186.6
22;2012-12-05;-3.8;-1.2;-3.3;0;1747.1;3186.6
22;2012-12-06;-6.4;1;-3.1;0;1747.1;3186.6
22;2012-12-07;-5.8;1;-2.1;0.1;1747.1;3186.6
22;2012-12-08;-6.4;-0.1;-3.5;0;1747.1;3186.6
22;2012-12-09;-7.6;0.8;-0.7;2.5;1747.1;3186.6
22;2012-12-10;-1.4;0.9;-1.2;5.6;1747.1;3186.6
22;2012-12-11;-4.6;-1.5;-2.3;0.8;1747.1;3186.6
22;2012-12-12;-2.8;-1.5;-3.1;0;1747.1;3186.6
22;2012-12-13;-10.1;-1.8;-5.3;0;1747.1;3186.6
22;2012-12-14;-8.4;0.8;-0.9;0;1747.1;3186.6
22;2012-12-15;-1;3.9;2;17.4;1747.1;3188.6
22;2012-12-16;1.7;3.3;2.5;0.9;1747.1;3191.1
22;2012-12-17;1.8;2.8;2.3;1.4;1747.1;3193.4
22;2012-12-18;1.9;3.2;2.2;0;1747.1;3195.6
22;2012-12-19;0.5;1.2;0.7;0;1747.1;3196.3
22;2012-12-20;-0.3;1.7;0.5;0.1;1747.1;3196.8
22;2012-12-21;-0.4;1.5;0.5;0;1747.1;3197.3
22;2012-12-22;-0.1;0.5;-0.3;0;1747.1;3197.3
22;2012-12-23;-1.4;3.6;-0.2;0.1;1747.1;3197.3
22;2012-12-24;-1.5;4.9;3.3;3.3;1747.1;3200.6
22;2012-12-25;1.9;7.5;4.7;3.5;1747.1;3205.3
22;2012-12-26;3.7;6.2;5.1;4.9;1747.3;3210.4
22;2012-12-27;3.8;5.9;3;8.2;1747.3;3213.4
22;2012-12-28;-1.7;1.3;0;1.7;1747.3;3213.5
22;2012-12-29;-1.4;7.1;4.9;2.9;1747.3;3218.4
22;2012-12-30;4.9;7.2;5.2;0.3;1747.4;3223.5
22;2012-12-31;2.4;7.9;6.5;5;1748.9;3230
22;2013-01-01;3.6;7.1;5.6;2.2;0.6;5.6
22;2013-01-02;2.9;5.6;4.5;0.9;0.6;10.1
22;2013-01-03;3.7;9.4;6.8;3.4;2.5;17
22;2013-01-04;5.2;9;6.9;0.1;4.4;23.9
22;2013-01-05;4.3;7.2;4.9;0.1;4.4;28.8
22;2013-01-06;4.9;6.8;5.1;0.1;4.5;33.9
22;2013-01-07;2.9;4.5;3.6;0.2;4.5;37.4
22;2013-01-08;2.9;6.2;5.7;6.2;5.1;43.1
22;2013-01-09;4.6;6.2;5.3;0.3;5.4;48.4
22;2013-01-10;0.1;4.7;0.5;4.1;5.4;48.9
22;2013-01-11;-1.8;-0.2;-1.5;0.2;5.4;48.9
22;2013-01-12;-4.7;-1.1;-2.5;0;5.4;48.9
22;2013-01-13;-4.6;-0.3;-2.3;0;5.4;48.9
22;2013-01-14;-4.8;-1.4;-3.6;1.6;5.4;48.9
22;2013-01-15;-6.2;-2.4;-6;2.4;5.4;48.9
22;2013-01-16;-15.1;-5.5;-9.3;0.5;5.4;48.9
22;2013-01-17;-13.7;-2.9;-5.8;0;5.4;48.9
22;2013-01-18;-8.5;-2.3;-5;0;5.4;48.9
22;2013-01-19;-6.6;-3.5;-4.8;0;5.4;48.9
22;2013-01-20;-8.8;-3.2;-6.6;0.4;5.4;48.9
22;2013-01-21;-8.8;-2.2;-3.6;0;5.4;48.9
22;2013-01-22;-5.7;-1.5;-2.4;0.6;5.4;48.9
22;2013-01-23;-4.6;-2.8;-4.3;0;5.4;48.9
22;2013-01-24;-6.5;-2.1;-5.1;0;5.4;48.9
22;2013-01-25;-14;-1.9;-7;0;5.4;48.9
22;2013-01-26;-9.4;-2.6;-4.5;0;5.4;48.9
22;2013-01-27;-5.6;2.4;0.4;2;5.4;49.3
22;2013-01-28;-0.3;2.3;1.7;1.7;5.4;51
22;2013-01-29;0.1;5;2.7;4.1;5.4;53.7
22;2013-01-30;1.4;6.5;5;15;5.4;58.8
22;2013-01-31;4;6;4.4;2.7;5.4;63.2
22;2013-02-01;0.4;4.4;2.5;1.1;5.4;65.6
22;2013-02-02;-0.7;2.1;-0.1;3;5.4;65.6
22;2013-02-03;-1.9;2;0.2;0;5.4;65.8
22;2013-02-04;-0.5;5.4;2.4;2.9;5.4;68.2
22;2013-02-05;0.6;3.3;1.6;5.6;5.4;69.8
22;2013-02-06;0.1;2.4;0.9;1.7;5.4;70.7
22;2013-02-07;-0.9;0.6;-0.4;0.4;5.4;70.7
22;2013-02-08;-1.2;0.6;-0.4;0;5.4;70.7
22;2013-02-09;-2.7;-0.4;-2.5;0.4;5.4;70.7
22;2013-02-10;-4.9;-1.3;-3.2;1.2;5.4;70.7
22;2013-02-11;-8.2;-0.8;-3.6;0;5.4;70.7
22;2013-02-12;-5.9;-1.2;-2.9;0;5.4;70.7
22;2013-02-13;-9;3;-4.8;0.4;5.4;70.7
22;2013-02-14;-10.5;0.1;-4.2;0;5.4;70.7
22;2013-02-15;-6.7;1;0;0;5.4;70.7
22;2013-02-16;-0.6;1.5;0.4;0;5.4;71.1
22;2013-02-17;-0.6;1;0.1;0;5.4;71.1
22;2013-02-18;-0.9;2.1;0.7;0;5.4;71.8
22;2013-02-19;-0.1;1.8;0;4.3;5.4;71.8
22;2013-02-20;-1.7;0.3;-0.9;0;5.4;71.8
22;2013-02-21;-3.4;0;-2.2;0.1;5.4;71.8
22;2013-02-22;-6;-0.9;-3.2;0;5.4;71.8
22;2013-02-23;-4.1;-1;-1.8;0;5.4;71.8
22;2013-02-24;-2.2;1.1;-0.4;0;5.4;71.8
22;2013-02-25;-1.3;2.1;1.1;0.4;5.4;72.9
22;2013-02-26;0.3;1.5;0.2;0;5.4;73.1
22;2013-02-27;-4.2;2.5;-1;0;5.4;73.1
22;2013-02-28;-2.5;5.5;1.2;0;5.4;74.4
22;2013-03-01;-1.1;5.3;2;0;5.4;76.4
22;2013-03-02;-1.2;4;1.9;0;5.4;78.3
22;2013-03-03;0.7;5.4;2.2;0;5.4;80.5
22;2013-03-04;-1.6;5.5;1.3;0;5.4;81.8
22;2013-03-05;-1.2;7.2;2.8;0;5.4;84.6
22;2013-03-06;-1.5;12.5;4.7;0;5.4;89.2
22;2013-03-07;2.3;5.4;2.7;0;5.4;91.9
22;2013-03-08;0.1;2.4;0.7;0;5.4;92.7
22;2013-03-09;-1.3;2;-0.4;0;5.4;92.7
22;2013-03-10;-3;-1.8;-3.3;0;5.4;92.7
22;2013-03-11;-6.9;-1.4;-4.7;0.3;5.4;92.7
22;2013-03-12;-10.5;1;-3.8;0;5.4;92.7
22;2013-03-13;-4.3;-1.2;-2.4;1.6;5.4;92.7
22;2013-03-14;-5.6;-0.4;-2.9;0.5;5.4;92.7
22;2013-03-15;-8.4;1.9;-3.2;0;5.4;92.7
22;2013-03-16;-4;1.1;-0.9;0;5.4;92.7
22;2013-03-17;-1.6;2.7;0.3;0.2;5.4;93
22;2013-03-18;-0.5;0.7;-0.4;0;5.4;93
22;2013-03-19;-3.4;-0.9;-2.4;0.2;5.4;93
22;2013-03-20;-3.9;-1.2;-2.6;0.9;5.4;93
22;2013-03-21;-4.9;-1.4;-3.3;1.1;5.4;93
22;2013-03-22;-7.7;-1.1;-4.6;1.1;5.4;93
22;2013-03-23;-7.8;-1.1;-4.6;0;5.4;93
22;2013-03-24;-6.9;1.7;-2.3;0;5.4;93
22;2013-03-25;-4.1;1.2;-1.8;0.1;5.4;93
22;2013-03-26;-4.4;3.7;-0.7;0;5.4;93
22;2013-03-27;-3.4;2.9;-0.4;0;5.4;93
22;2013-03-28;-2.8;4;0.4;0;5.4;93.4
22;2013-03-29;-1.6;1.1;-0.4;1.5;5.4;93.4
22;2013-03-30;-2.7;1.4;-0.7;0.8;5.4;93.4
22;2013-03-31;-3;4.5;0.5;0.5;5.4;93.9
22;2013-04-01;-3.4;6.8;1.4;0;5.4;95.3
22;2013-04-02;-5.8;7.2;1;0;5.4;96.4
22;2013-04-03;-4.4;6;0.9;0;5.4;97.3
22;2013-04-04;-3.1;6.9;1.6;0;5.4;98.9
22;2013-04-05;-3.2;5.9;1.2;0;5.4;100
22;2013-04-06;-3.9;8.5;2.7;0;5.4;102.7
22;2013-04-07;0.4;5.5;2.1;0;5.4;104.8
22;2013-04-08;-0.8;7.3;1.8;2.4;5.4;106.6
22;2013-04-09;-2.7;6.5;1.8;0;5.4;108.4
22;2013-04-10;-0.5;6.1;2.3;0;5.4;110.7
22;2013-04-11;2.1;3.9;3;3.2;5.4;113.7
22;2013-04-12;2.6;5.5;4.1;0.4;5.4;117.8
22;2013-04-13;3.4;7.1;4.9;0.8;5.4;122.6
22;2013-04-14;2.3;13.1;8;0;8.5;130.7
22;2013-04-15;5;18.3;13.2;0;16.6;143.8
22;2013-04-16;4.5;16.2;10.2;0.2;21.8;154
22;2013-04-17;6.8;15.5;11;1;27.9;165
22;2013-04-18;8.9;14.5;11.5;2.5;34.4;176.5
22;2013-04-19;6.2;9.9;7.5;0;36.8;184
22;2013-04-20;2.1;12.6;7.3;0;39.1;191.3
22;2013-04-21;0.6;12.4;6.8;0;40.9;198.1
22;2013-04-22;5.4;13.1;8.2;0.8;44;206.2
22;2013-04-23;6.1;13.9;9.4;0.5;48.4;215.6
22;2013-04-24;4.9;15.2;10.1;0;53.5;225.7
22;2013-04-25;3.6;13.1;9;0.1;57.5;234.7
22;2013-04-26;7;12.5;8;0.5;60.5;242.7
22;2013-04-27;3.4;11.3;6.6;0.2;62.2;249.3
22;2013-04-28;2.8;10;6.4;0;63.6;255.8
22;2013-04-29;4.2;10.7;7.3;0;65.9;263.1
22;2013-04-30;5.3;12.6;8.1;0.7;69;271.2
22;2013-05-01;-0.2;11.4;6;0;70;277.2
22;2013-05-02;-1;13.3;6.8;0;71.8;284
22;2013-05-03;-0.5;14.2;8.2;0;75;292.2
22;2013-05-04;2.7;18.6;11.6;0;81.6;303.8
22;2013-05-05;6.8;16;10.5;0;87.1;314.3
22;2013-05-06;2;19.7;12.3;0;94.3;326.5
22;2013-05-07;5.9;23.1;15.7;0;105;342.2
22;2013-05-08;10.5;19.5;14.5;1.3;114.5;356.7
22;2013-05-09;11.5;18.2;14.2;0;123.7;370.9
22;2013-05-10;6.9;17.2;11.8;0;130.4;382.6
22;2013-05-11;9;16;12.4;0;137.9;395
22;2013-05-12;5.4;14;10.2;0.2;143.1;405.3
22;2013-05-13;5.9;13.1;9.7;0;147.8;415
22;2013-05-14;4.6;13.6;9.4;0.8;152.2;424.4
22;2013-05-15;8.5;21.9;15.2;0.2;162.4;439.6
22;2013-05-16;9.3;22;16.5;0;173.9;456.1
22;2013-05-17;14.6;23.8;18.7;0;187.6;474.8
22;2013-05-18;13.4;24.4;18.5;0;201.1;493.3
22;2013-05-19;11.7;16.2;14.1;0;210.2;507.4
22;2013-05-20;11.1;19.6;14.6;2.8;219.7;521.9
22;2013-05-21;12.2;16.2;13.8;0;228.5;535.7
22;2013-05-22;9.7;12.6;9.5;11.5;233;545.2
22;2013-05-23;5;11.7;8.3;21.7;236.3;553.5
22;2013-05-24;3.7;15.7;10.5;0.1;241.8;564
22;2013-05-25;8.2;17.9;13.3;2.5;250;577.2
22;2013-05-26;11.7;15.7;13.1;0.1;258.2;590.4
22;2013-05-27;9.5;18.1;13.8;6.3;267;604.2
22;2013-05-28;11.4;18.1;13.7;0;275.7;617.9
22;2013-05-29;9.7;15.5;12.2;2.9;282.9;630.1
22;2013-05-30;10.1;21.6;15.8;1.6;293.7;645.9
22;2013-05-31;11.4;22.5;17.2;0;305.9;663.1
22;2013-06-01;12.6;22.8;17.9;0;318.8;681
22;2013-06-02;10.9;15.2;12.5;0;326.3;693.5
22;2013-06-03;8.8;17.4;13;0;334.3;706.5
22;2013-06-04;11.7;18.1;14.1;0;343.4;720.6
22;2013-06-05;3.7;18.9;13.2;0;351.6;733.8
22;2013-06-06;7.1;19.8;14.4;0;361.1;748.3
22;2013-06-07;6.1;21;15.5;0;371.6;763.7
22;2013-06-08;10;16.3;13.2;0;379.7;776.9
22;2013-06-09;8.2;16.8;12.3;0;387;789.2
22;2013-06-10;7.7;20.1;15;0;397;804.2
22;2013-06-11;7.8;18.3;13.9;0;405.9;818.1
22;2013-06-12;5.1;21;15.1;0;416;833.2
22;2013-06-13;15.7;18.7;16.2;14.5;427.2;849.4
22;2013-06-14;11.7;17;14;8.8;436.2;863.4
22;2013-06-15;6.7;19.6;13.6;0.2;444.8;877
22;2013-06-16;9.7;15.9;13;8.8;452.8;890
22;2013-06-17;11.4;19.4;14.3;0.9;462.1;904.3
22;2013-06-18;11.3;21.2;17.1;0;474.2;921.4
22;2013-06-19;14.2;20.4;17.1;0;486.4;938.6
22;2013-06-20;16.2;26.2;20.4;10.9;501.7;958.9
22;2013-06-21;16.2;21.5;18;0.4;514.7;976.9
22;2013-06-22;14.5;19;16.3;2.6;526;993.2
22;2013-06-23;14.6;18.8;15.7;5;536.8;1009
22;2013-06-24;11.5;17.8;14.8;0.5;546.6;1023.8
22;2013-06-25;11.2;16.2;14.1;0.2;555.7;1037.9
22;2013-06-26;11.6;15.1;12.9;0;563.6;1050.8
22;2013-06-27;10.9;15.7;12.5;4.9;571.1;1063.3
22;2013-06-28;9.7;15.6;12.7;0.2;578.8;1076
22;2013-06-29;9.8;16;12.6;5.2;586.4;1088.6
22;2013-06-30;9.5;16.7;12.9;7.1;594.4;1101.5
22;2013-07-01;12.5;17.9;14.1;0;603.5;1115.7
22;2013-07-02;8.1;17.3;13.5;0.4;611.9;1129.1
22;2013-07-03;11.1;20.4;15.8;0;622.7;1144.9
22;2013-07-04;12.3;20.1;16.6;0.2;634.4;1161.6
22;2013-07-05;13.7;20.3;16.1;0.1;645.4;1177.6
22;2013-07-06;9.3;20.2;15.2;0;655.6;1192.8
22;2013-07-07;8.6;21.2;16.2;0;666.8;1209
22;2013-07-08;10.9;21.6;16.7;0;678.5;1225.7
22;2013-07-09;9;23.7;18.1;0;691.6;1243.8
22;2013-07-10;13.4;19.4;16.1;0;702.7;1259.9
22;2013-07-11;11.7;21.5;16.7;0;714.5;1276.6
22;2013-07-12;8.7;23;16.8;0.2;726.3;1293.4
22;2013-07-13;10.3;21.3;16.3;0.2;737.6;1309.8
22;2013-07-14;12.7;17.9;15;0;747.5;1324.7
22;2013-07-15;12.4;20.1;16.1;0;758.6;1340.8
22;2013-07-16;13.2;22.2;17.1;0;770.7;1357.9
22;2013-07-17;12.4;24.5;18.3;0;783.9;1376.1
22;2013-07-18;13.3;24.3;19;0;797.9;1395.1
22;2013-07-19;15.5;22.8;18.1;0;811;1413.2
22;2013-07-20;9.7;25.5;18.8;0;824.8;1432
22;2013-07-21;11.1;26.2;19.5;0;839.3;1451.5
22;2013-07-22;14;27.8;20.7;0;855.1;1472.2
22;2013-07-23;15;24.3;19.4;0;869.5;1491.7
22;2013-07-24;8.5;25.9;18.8;0;883.3;1510.5
22;2013-07-25;15.3;23.5;18.1;7.4;896.3;1528.5
22;2013-07-26;13.8;27.3;20.6;0;912;1549.1
22;2013-07-27;17.7;28;22;0;929;1571.2
22;2013-07-28;18.5;27.3;22;0.3;946;1593.2
22;2013-07-29;11.9;25.5;19.2;0.2;960.2;1612.4
22;2013-07-30;16.5;24.5;19.8;0;975.1;1632.2
22;2013-07-31;14;22.1;17.5;5.5;987.6;1649.8
22;2013-08-01;12;20.9;17.4;0.7;1000;1667.2
22;2013-08-02;14.5;30.3;22.8;0;1017.8;1690
22;2013-08-03;19.2;28.1;22.1;0;1034.9;1712.1
22;2013-08-04;11.2;24.4;18.4;0.3;1048.3;1730.5
22;2013-08-05;11.1;26.3;19.8;0;1063.1;1750.3
22;2013-08-06;18.3;25.7;20.9;1.1;1079;1771.2
22;2013-08-07;14;23.7;18.4;0;1092.4;1789.6
22;2013-08-08;15.7;22;17.7;2.2;1105.1;1807.3
22;2013-08-09;13.7;22.8;17.6;0.3;1117.7;1824.9
22;2013-08-10;9.9;22.4;16.3;0;1129;1841.2
22;2013-08-11;13.8;20.7;16.2;4.1;1140.2;1857.4
22;2013-08-12;13.6;19.9;15.6;0.2;1150.8;1873
22;2013-08-13;12;19.2;15.2;2.7;1161.1;1888.2
22;2013-08-14;11.6;19.9;15.8;0.6;1171.9;1904.1
22;2013-08-15;10.2;20.7;16.3;0;1183.2;1920.4
22;2013-08-16;16;24.2;19.3;0.6;1197.5;1939.7
22;2013-08-17;15.6;21.6;17.8;11;1210.3;1957.5
22;2013-08-18;15.4;20.4;18;0;1223.3;1975.5
22;2013-08-19;8.8;20.5;15.6;3;1233.9;1991.1
22;2013-08-20;11.2;20.3;16.4;0;1245.2;2007.4
22;2013-08-21;9.4;20.9;16.1;0;1256.3;2023.5
22;2013-08-22;11.6;22.1;17;0;1268.4;2040.5
22;2013-08-23;10.2;22.8;16.4;0;1279.8;2057
22;2013-08-24;11;20.8;16;0;1290.8;2072.9
22;2013-08-25;12.1;22;16.5;0;1302.2;2089.4
22;2013-08-26;11.2;21.4;15.7;0;1313;2105.2
22;2013-08-27;10.9;22.2;16.2;0;1324.1;2121.3
22;2013-08-28;9.2;22.8;16.3;0;1335.4;2137.6
22;2013-08-29;9.8;20.8;15.7;0;1346.1;2153.3
22;2013-08-30;11.7;20.1;17;0;1358.1;2170.3
22;2013-08-31;14.1;20.8;16.5;0;1369.7;2186.8
22;2013-09-01;11.5;16.9;13.9;8.2;1378.6;2200.7
22;2013-09-02;12.2;17.4;14.9;3.2;1388.5;2215.7
22;2013-09-03;14.7;17.6;15.8;3.2;1399.3;2231.5
22;2013-09-04;11.4;16.9;15;0;1409.3;2246.5
22;2013-09-05;14.5;21;17.1;0.1;1421.4;2263.6
22;2013-09-06;14.3;23.7;18.5;0;1434.9;2282.1
22;2013-09-07;14.7;24;18.5;0;1448.4;2300.6
22;2013-09-08;13.7;22.3;17.7;0;1461.1;2318.3
22;2013-09-09;13.5;15.3;13.3;8.7;1469.3;2331.5
22;2013-09-10;8.8;17.2;13.2;6.7;1477.6;2344.8
22;2013-09-11;10.4;16.9;13.1;7.9;1485.6;2357.8
22;2013-09-12;8.7;14.9;12.6;0.4;1493.2;2370.4
22;2013-09-13;8.2;19.6;13.4;0.1;1501.6;2383.8
22;2013-09-14;8.2;19.5;14.3;0;1511;2398.2
22;2013-09-15;13.4;15.6;14.2;7.1;1520.2;2412.4
22;2013-09-16;11.1;15.1;11.7;6.5;1526.9;2424.1
22;2013-09-17;7.7;13.9;10.5;1.4;1532.4;2434.6
22;2013-09-18;8.4;14.1;10.2;3.3;1537.6;2444.8
22;2013-09-19;3.6;15.2;10;1;1542.6;2454.7
22;2013-09-20;9.6;15.2;12;1.1;1549.6;2466.8
22;2013-09-21;6.7;15.9;12.5;0.2;1557.1;2479.3
22;2013-09-22;12.5;19;15.6;0;1567.7;2494.9
22;2013-09-23;13.5;15.7;14.2;0;1576.9;2509.1
22;2013-09-24;9.8;15.9;11.6;1.1;1583.5;2520.6
22;2013-09-25;4.3;13;8.7;0;1587.1;2529.3
22;2013-09-26;6.8;14;9.7;8.1;1591.8;2539
22;2013-09-27;6.8;13.6;9.5;2.3;1596.3;2548.5
22;2013-09-28;2;14.2;7.9;0.1;1599.2;2556.4
22;2013-09-29;4.3;13.8;9.1;0;1603.3;2565.5
22;2013-09-30;5.7;13.9;9.3;0;1607.6;2574.8
22;2013-10-01;6;13.4;9.1;0.1;1611.7;2583.9
22;2013-10-02;5.5;12.3;8.6;0.3;1615.3;2592.5
22;2013-10-03;4.7;11.5;8.2;0;1618.5;2600.6
22;2013-10-04;6.3;12;9.3;0;1622.7;2609.9
22;2013-10-05;7.8;14.9;12.2;2;1629.9;2622.1
22;2013-10-06;8.5;15.5;12.2;0;1637.1;2634.3
22;2013-10-07;9.4;15.8;12.5;0;1644.6;2646.8
22;2013-10-08;8;15.6;12.1;0;1651.7;2658.9
22;2013-10-09;11.9;15.7;13;0;1659.7;2671.9
22;2013-10-10;7;12.1;10.4;3.5;1665.1;2682.3
22;2013-10-11;8.8;14.4;12.4;0;1672.5;2694.7
22;2013-10-12;10.8;12.9;11.7;0;1679.2;2706.4
22;2013-10-13;10.8;13.4;11.4;1.8;1685.6;2717.8
22;2013-10-14;4;13.2;9.3;0.1;1689.9;2727.1
22;2013-10-15;7.2;13.8;10.5;0;1695.4;2737.6
22;2013-10-16;8.3;11.8;10;0.1;1700.5;2747.7
22;2013-10-17;8;12.8;10.5;3.8;1706;2758.2
22;2013-10-18;6.9;9.9;6.6;5.9;1707.7;2764.9
22;2013-10-19;-0.1;8.5;6.2;0;1708.9;2771.1
22;2013-10-20;6.8;14.2;11.2;9.8;1715.1;2782.3
22;2013-10-21;9.9;14.4;12.2;1.3;1722.3;2794.5
22;2013-10-22;11.6;16.2;14;8.9;1731.3;2808.5
22;2013-10-23;12.9;16.2;14.4;0.4;1740.7;2822.8
22;2013-10-24;10.7;13.8;11.7;5.6;1747.4;2834.6
22;2013-10-25;5.9;13.3;10.1;0;1752.4;2844.6
22;2013-10-26;8.6;16;14;0.7;1761.4;2858.6
22;2013-10-27;12.5;16;13.3;0.1;1769.7;2871.9
22;2013-10-28;11.3;16;12.2;4.7;1776.9;2884.1
22;2013-10-29;7.9;11.3;10;5.3;1781.9;2894.1
22;2013-10-30;6.3;11.3;8.3;1.4;1785.1;2902.3
22;2013-10-31;6.8;11.1;9.5;4.6;1789.6;2911.8
22;2013-11-01;9.1;11.5;10.3;4.9;1794.9;2922.1
22;2013-11-02;7.8;9.6;9;3.8;1798.9;2931.1
22;2013-11-03;8.1;10.8;9.3;5.9;1803.2;2940.4
22;2013-11-04;7;8.3;6.6;2;1804.8;2947
22;2013-11-05;4.7;10;7.9;3.5;1807.8;2954.9
22;2013-11-06;4.9;8.1;6;1.1;1808.8;2961
22;2013-11-07;4.8;9.5;7.4;1.3;1811.2;2968.4
22;2013-11-08;4.9;10.4;7.6;0.1;1813.7;2975.9
22;2013-11-09;6.2;9.6;7.7;5.9;1816.5;2983.7
22;2013-11-10;4.1;7.3;5.7;9.5;1817.1;2989.3
22;2013-11-11;3;8.5;6.3;4.3;1818.5;2995.7
22;2013-11-12;4.3;8.1;6.9;3.5;1820.4;3002.6
22;2013-11-13;5.5;9;6.7;8.3;1822.1;3009.3
22;2013-11-14;4.1;7.5;6.5;0;1823.6;3015.8
22;2013-11-15;4.8;8;7;0;1825.6;3022.8
22;2013-11-16;7;9.9;8.9;0;1829.6;3031.7
22;2013-11-17;7;9.6;6.6;0.4;1831.2;3038.4
22;2013-11-18;0;6.7;5.3;0.2;1831.5;3043.7
22;2013-11-19;5.5;6.5;5.7;0.4;1832.2;3049.4
22;2013-11-20;-0.4;3.1;1.2;0;1832.2;3050.6
22;2013-11-21;-0.6;4.8;2.7;0;1832.2;3053.3
22;2013-11-22;1.9;4.7;3.9;0;1832.2;3057.2
22;2013-11-23;1.5;5.9;4.3;0;1832.2;3061.5
22;2013-11-24;-0.2;5.9;1.7;0;1832.2;3063.2
22;2013-11-25;-3;4.9;1.4;0;1832.2;3064.6
22;2013-11-26;-4;4.7;0.6;0.6;1832.2;3065.2
22;2013-11-27;-3.1;8.8;7.9;2.6;1835.1;3073.1
22;2013-11-28;6.7;8.4;6.9;0;1836.9;3079.9
22;2013-11-29;1.9;5.9;4.5;6.6;1836.9;3084.4
22;2013-11-30;3.6;5.2;4.3;0;1836.9;3088.7
22;2013-12-01;3.4;8.6;6.5;0.2;1838.4;3095.2
22;2013-12-02;-2;5.3;2.4;0;1838.4;3097.6
22;2013-12-03;-1.9;5.6;4.6;0;1838.4;3102.3
22;2013-12-04;3.9;7.3;5.4;1.6;1838.9;3107.7
22;2013-12-05;2.9;6;4.1;8.6;1838.9;3111.8
22;2013-12-06;-0.7;4.2;2.5;3.8;1838.9;3114.3
22;2013-12-07;0.1;1.7;0.4;1.7;1838.9;3114.7
22;2013-12-08;-3.5;7.5;3.4;1.2;1838.9;3118.1
22;2013-12-09;0.9;7.6;6.8;9.4;1840.7;3124.9
22;2013-12-10;5.8;7.6;6.8;0;1842.4;3131.7
22;2013-12-11;5;6;5.4;0;1842.9;3137.1
22;2013-12-12;1.7;4.5;2.8;0;1842.9;3139.9
22;2013-12-13;2.2;4.9;4.3;4.7;1842.9;3144.3
22;2013-12-14;3.5;5.4;3.9;6.2;1842.9;3148.2
22;2013-12-15;1.6;8.1;6.1;2.1;1844;3154.3
22;2013-12-16;5;9.1;7;0.1;1846;3161.3
22;2013-12-17;4.1;8.6;4.4;3.2;1846;3165.7
22;2013-12-18;-0.9;5.8;4;0.7;1846;3169.7
22;2013-12-19;3.8;6.7;5.4;0.2;1846.4;3175.1
22;2013-12-20;1.6;5.3;4.1;2.5;1846.4;3179.2
22;2013-12-21;3.3;6.6;5.7;0.6;1847.1;3184.9
22;2013-12-22;4.5;7.6;6.3;0.7;1848.4;3191.2
22;2013-12-23;3.7;6.4;4.9;2.5;1848.4;3196.1
22;2013-12-24;3.8;10.1;8.5;1.4;1851.9;3204.6
22;2013-12-25;6.6;9;6.6;5.9;1853.6;3211.3
22;2013-12-26;-1.1;4.3;2.3;0;1853.6;3213.6
22;2013-12-27;-1;6.4;4.7;4.2;1853.6;3218.3
22;2013-12-28;3.2;7.3;6.1;3;1854.7;3224.4
22;2013-12-29;3.7;5.6;5;0;1854.7;3229.3
22;2013-12-30;4.2;5.6;4.4;0.2;1854.7;3233.7
22;2013-12-31;3.2;5.1;3.8;0.3;1854.7;3237.5
