station;date;minte;maxte;temp;prec;tsum5;tsum0
613500;01/01/2014;1,6;3,9;2,7;0,1;0;2,7
613500;02/01/2014;1,3;6,6;3,6;6,2;0;6,3
613500;03/01/2014;3,9;7,5;5,7;3;0,7;12
613500;04/01/2014;4;6,7;5,3;0,1;1;17,3
613500;05/01/2014;3;5,6;4,9;0,2;1;22,2
613500;06/01/2014;2,6;7,8;4,9;6,9;1;27,1
613500;07/01/2014;6,3;8,8;7,7;3,9;3,7;34,8
613500;08/01/2014;6,5;8,3;7,3;0,2;6;42,1
613500;09/01/2014;5,1;8,6;6,4;10,7;7,4;48,5
613500;10/01/2014;4,7;6,8;5,8;0,4;8,2;54,3
613500;11/01/2014;3,6;6,2;5,2;7,3;8,4;59,5
613500;12/01/2014;-1,1;5,6;3,4;0,6;8,4;62,9
613500;13/01/2014;-1,9;3,8;0,3;1,2;8,4;63,2
613500;14/01/2014;1,9;4,3;3,3;0;8,4;66,5
613500;15/01/2014;0,9;4,2;2,8;0;8,4;69,3
613500;16/01/2014;0,5;2,3;1,5;6,9;8,4;70,8
613500;17/01/2014;0;2,1;1,2;4,2;8,4;72
613500;18/01/2014;1,6;2,9;2,2;2,3;8,4;74,2
613500;19/01/2014;0,9;2,7;1,7;0;8,4;75,9
613500;20/01/2014;0,1;1,5;1,1;0;8,4;77
613500;21/01/2014;-0,6;0,9;0,1;0,4;8,4;77,1
613500;22/01/2014;-1,1;0,9;-0,1;0;8,4;77,1
613500;23/01/2014;-3,3;-0,8;-2,1;0;8,4;77,1
613500;24/01/2014;-5,1;-1,5;-3,1;0;8,4;77,1
613500;25/01/2014;-8,1;-3,7;-5,7;0;8,4;77,1
613500;26/01/2014;-8,7;-4,9;-6,8;0;8,4;77,1
613500;27/01/2014;-8,3;-2,3;-4,2;1,5;8,4;77,1
613500;28/01/2014;-2,8;-0,2;-1,6;0;8,4;77,1
613500;29/01/2014;-5,6;-2,7;-4,4;0,1;8,4;77,1
613500;30/01/2014;-5,3;-3,2;-4;0;8,4;77,1
613500;31/01/2014;-4;-2;-3;0,1;8,4;77,1
613500;01/02/2014;-2,8;2,5;0,3;3,5;8,4;77,4
613500;02/02/2014;0,4;3,7;1,6;0;8,4;79
613500;03/02/2014;-1,6;3;0,3;0;8,4;79,3
613500;04/02/2014;-0,4;1,7;0,6;0,1;8,4;79,9
613500;05/02/2014;-0,5;3,7;0,7;0;8,4;80,6
613500;06/02/2014;0,5;5,2;2,9;0,3;8,4;83,5
613500;07/02/2014;2,4;6,1;4;9,1;8,4;87,5
613500;08/02/2014;1,4;4,7;3,5;2,7;8,4;91
613500;09/02/2014;2,6;6,5;4;3,4;8,4;95
613500;10/02/2014;1,6;5,8;3,6;0;8,4;98,6
613500;11/02/2014;-0,1;3,9;1,8;2,7;8,4;100,4
613500;12/02/2014;0,9;5;3;0,2;8,4;103,4
613500;13/02/2014;1;6,4;3,6;1,8;8,4;107
613500;14/02/2014;0,2;5,1;2,9;0;8,4;109,9
613500;15/02/2014;3,2;9,3;6,1;1,1;9,5;116
613500;16/02/2014;3;6,8;4,9;2,9;9,5;120,9
613500;17/02/2014;1,8;7;3,7;0;9,5;124,6
613500;18/02/2014;0,6;6,9;3,7;0,8;9,5;128,3
613500;19/02/2014;3,2;5,5;4,3;5,6;9,5;132,6
613500;20/02/2014;3,9;7,3;5,5;2,6;10;138,1
613500;21/02/2014;3;8,2;5,7;8,1;10,7;143,8
613500;22/02/2014;2,6;5,2;4;0,1;10,7;147,8
613500;23/02/2014;2,8;7,8;5,2;0;10,9;153
613500;24/02/2014;2,9;8,6;5,7;0;11,6;158,7
613500;25/02/2014;2;8,8;5,3;0;11,9;164
613500;26/02/2014;4,3;8,9;6,4;0;13,3;170,4
613500;27/02/2014;0,8;8,1;4,8;0;13,3;175,2
613500;28/02/2014;1,5;6,4;4,6;1,4;13,3;179,8
613500;01/03/2014;1,1;5,1;3,4;0,8;13,3;183,2
613500;02/03/2014;1,3;6;3,3;1,3;13,3;186,5
613500;03/03/2014;1,3;5,1;3,3;0;13,3;189,8
613500;04/03/2014;0,8;6;3,4;0,2;13,3;193,2
613500;05/03/2014;3,3;4,8;3,9;2,1;13,3;197,1
613500;06/03/2014;0,7;6,2;3,6;0;13,3;200,7
613500;07/03/2014;3,2;8,5;5,9;0,2;14,2;206,6
613500;08/03/2014;1,6;7,9;5,1;0;14,3;211,7
613500;09/03/2014;3,7;12,2;7,7;0;17;219,4
613500;10/03/2014;3,5;15,2;8,5;0;20,5;227,9
613500;11/03/2014;0,5;11,2;5,6;0;21,1;233,5
613500;12/03/2014;-1,2;11,3;4,7;0;21,1;238,2
613500;13/03/2014;-1,3;12,3;5,6;0;21,7;243,8
613500;14/03/2014;2,1;9,5;5,9;1,3;22,6;249,7
613500;15/03/2014;5,5;8,7;6,7;0,8;24,3;256,4
613500;16/03/2014;5,5;11,1;8,1;0,2;27,4;264,5
613500;17/03/2014;6,9;10,5;8,6;0;31;273,1
613500;18/03/2014;6,1;8,9;7,1;0,3;33,1;280,2
613500;19/03/2014;4,6;8,7;7;0;35,1;287,2
613500;20/03/2014;6,5;13,9;9,9;0;40;297,1
613500;21/03/2014;3,6;12;7,3;5,2;42,3;304,4
613500;22/03/2014;3,4;8,2;5,7;0,5;43;310,1
613500;23/03/2014;2,4;8,5;5,3;0;43,3;315,4
613500;24/03/2014;-1,9;9;3,5;0;43,3;318,9
613500;25/03/2014;-1,4;9;3,7;1,9;43,3;322,6
613500;26/03/2014;0,5;6,8;3,7;1,9;43,3;326,3
613500;27/03/2014;-0,4;8,4;3,4;0;43,3;329,7
613500;28/03/2014;3,2;12,3;6,5;0;44,8;336,2
613500;29/03/2014;1,8;11,9;6,1;0;45,9;342,3
613500;30/03/2014;1,8;14,8;7,7;0;48,6;350
613500;31/03/2014;2,1;10;5,3;0;48,9;355,3
613500;01/04/2014;2,6;6,8;4,4;0;48,9;359,7
613500;02/04/2014;2,8;8,9;5,4;0;49,3;365,1
613500;03/04/2014;1;10,8;5,2;0;49,5;370,3
613500;04/04/2014;0,8;7,2;3,7;0;49,5;374
613500;05/04/2014;3,1;6,6;5,3;1,1;49,8;379,3
613500;06/04/2014;6,1;11;8,5;2,1;53,3;387,8
613500;07/04/2014;9,9;13,4;11,2;5,1;59,5;399
613500;08/04/2014;7,1;13,4;10;1,5;64,5;409
613500;09/04/2014;4,8;10;7,7;0;67,2;416,7
613500;10/04/2014;4,8;8,2;6,2;0;68,4;422,9
613500;11/04/2014;3,9;11,6;7,8;3,4;71,2;430,7
613500;12/04/2014;0,6;10,6;6,1;1,4;72,3;436,8
613500;13/04/2014;6,5;11,4;8,5;0,5;75,8;445,3
613500;14/04/2014;4,9;9;6,7;3,6;77,5;452
613500;15/04/2014;2,4;9,1;6,3;0;78,8;458,3
613500;16/04/2014;0,1;11,8;6,6;0;80,4;464,9
613500;17/04/2014;2,9;13,2;8,2;3,5;83,6;473,1
613500;18/04/2014;3,3;9,2;6,6;0,5;85,2;479,7
613500;19/04/2014;2,2;16,7;9,4;0;89,6;489,1
613500;20/04/2014;7,6;20,1;13,1;0;97,7;502,2
613500;21/04/2014;10;16,5;12,6;0;105,3;514,8
613500;22/04/2014;8,3;18,8;12,9;0;113,2;527,7
613500;23/04/2014;7,1;11,2;9,1;0,4;117,3;536,8
613500;24/04/2014;4,4;11,3;7,1;3;119,4;543,9
613500;25/04/2014;4,4;17,2;10,7;0;125,1;554,6
613500;26/04/2014;4,3;19;11,8;0;131,9;566,4
613500;27/04/2014;6,3;19,2;12,3;0;139,2;578,7
613500;28/04/2014;4,4;19,5;12,1;0;146,3;590,8
613500;29/04/2014;3;18,9;12;0;153,3;602,8
613500;30/04/2014;5;17,4;12,2;0;160,5;615
613500;01/05/2014;3,7;11,2;8,2;0;163,7;623,2
613500;02/05/2014;2,3;10,8;6,9;1,1;165,6;630,1
613500;03/05/2014;-1;12,5;6,4;0;167;636,5
613500;04/05/2014;4,3;11,5;8,1;0;170,1;644,6
613500;05/05/2014;2,5;9,4;7,1;0,1;172,2;651,7
613500;06/05/2014;7,7;14,6;11;0,5;178,2;662,7
613500;07/05/2014;7,3;13,9;10,8;16;184;673,5
613500;08/05/2014;9,1;13,7;10,7;8,8;189,7;684,2
613500;09/05/2014;8,8;13,7;10,6;1,8;195,3;694,8
613500;10/05/2014;8,4;13,6;10,7;3,2;201;705,5
613500;11/05/2014;9;13,3;11;1;207;716,5
613500;12/05/2014;8,8;14;10,5;7,3;212,5;727
613500;13/05/2014;7,7;13;10;0,4;217,5;737
613500;14/05/2014;6,1;13,4;9,4;0,2;221,9;746,4
613500;15/05/2014;5,6;15,3;10,5;0;227,4;756,9
613500;16/05/2014;6,8;14,8;10,4;0;232,8;767,3
613500;17/05/2014;6,1;18,1;12,9;0;240,7;780,2
613500;18/05/2014;7,8;17,5;12,4;4,6;248,1;792,6
613500;19/05/2014;9,6;17,3;13;0;256,1;805,6
613500;20/05/2014;7;20;14,3;0;265,4;819,9
613500;21/05/2014;10,1;25,1;17,9;0;278,3;837,8
613500;22/05/2014;15;24,9;20;0;293,3;857,8
613500;23/05/2014;13,2;20,4;16,3;1,7;304,6;874,1
613500;24/05/2014;11,2;18,7;15;0;314,6;889,1
613500;25/05/2014;9,3;20,8;15,5;0;325,1;904,6
613500;26/05/2014;8,4;21,1;15,5;0;335,6;920,1
613500;27/05/2014;8,7;18,1;13,5;0;344,1;933,6
613500;28/05/2014;5,1;13,7;9,6;0;348,7;943,2
613500;29/05/2014;3,4;16,2;9,9;0;353,6;953,1
613500;30/05/2014;5,5;20,1;13,7;0;362,3;966,8
613500;31/05/2014;10,1;17,6;13;0;370,3;979,8
613500;01/06/2014;8,7;16,8;13,1;0;378,4;992,9
613500;02/06/2014;6,5;19,8;14,2;0;387,6;1007,1
613500;03/06/2014;10,4;20,8;15,6;0;398,2;1022,7
613500;04/06/2014;11;19,9;15;0;408,2;1037,7
613500;05/06/2014;10,1;19;13,9;2,4;417,1;1051,6
613500;06/06/2014;9,7;17,2;13,8;0;425,9;1065,4
613500;07/06/2014;6,2;19,7;14,1;0;435;1079,5
613500;08/06/2014;9,7;22,9;16,8;2;446,8;1096,3
613500;09/06/2014;10,9;24,1;17,8;0;459,6;1114,1
613500;10/06/2014;11,1;26,2;19;0;473,6;1133,1
613500;11/06/2014;13,4;22,7;17,6;1,7;486,2;1150,7
613500;12/06/2014;12,3;20,4;16,2;0;497,4;1166,9
613500;13/06/2014;10,1;19,4;15;0;507,4;1181,9
613500;14/06/2014;9;18,8;14,7;0;517,1;1196,6
613500;15/06/2014;7,2;20,3;14,8;0;526,9;1211,4
613500;16/06/2014;8,5;19,4;14,6;0;536,5;1226
613500;17/06/2014;8,4;21,6;16;0;547,5;1242
613500;18/06/2014;8,4;22;15,6;0;558,1;1257,6
613500;19/06/2014;11,5;17,7;14;0,7;567,1;1271,6
613500;20/06/2014;11,2;19,1;14,1;1,1;576,2;1285,7
613500;21/06/2014;10;17,2;13,1;1,2;584,3;1298,8
613500;22/06/2014;9,4;18;13,3;0;592,6;1312,1
613500;23/06/2014;9,4;18,4;13,5;0;601,1;1325,6
613500;24/06/2014;8,1;17,1;12,5;10,1;608,6;1338,1
613500;25/06/2014;6,8;20,5;14,4;0;618;1352,5
613500;26/06/2014;6,9;20,2;14,2;0;627,2;1366,7
613500;27/06/2014;6,9;21,3;15,3;0,1;637,5;1382
613500;28/06/2014;12,8;19,5;15,8;1,7;648,3;1397,8
613500;29/06/2014;9;19,3;14,8;0;658,1;1412,6
613500;30/06/2014;6,4;19,6;13,4;1,2;666,5;1426
613500;01/07/2014;8,9;19,1;14;0;675,5;1440
613500;02/07/2014;6,5;18,8;13,6;1,1;684,1;1453,6
613500;03/07/2014;11,1;20,8;15,9;0,1;695;1469,5
613500;04/07/2014;13,2;26,9;20,6;0;710,6;1490,1
613500;05/07/2014;16;27,4;20,8;0,3;726,4;1510,9
613500;06/07/2014;15,6;26,2;21;0;742,4;1531,9
613500;07/07/2014;15,4;22,5;19,4;1,9;756,8;1551,3
613500;08/07/2014;14,4;26,4;20,4;0;772,2;1571,7
613500;09/07/2014;18,2;29;23,2;2,5;790,4;1594,9
613500;10/07/2014;17,4;29;23;0;808,4;1617,9
613500;11/07/2014;14,1;25,9;20,4;0;823,8;1638,3
613500;12/07/2014;10,8;21,9;16,9;1,1;835,7;1655,2
613500;13/07/2014;13,8;18,2;16;1,7;846,7;1671,2
613500;14/07/2014;13,4;20,1;16,8;23,7;858,5;1688
613500;15/07/2014;14,1;22,6;18,6;0;872,1;1706,6
613500;16/07/2014;13,7;21,6;18;0;885,1;1724,6
613500;17/07/2014;10;24,3;18,2;0;898,3;1742,8
613500;18/07/2014;11,8;26,7;20,2;0;913,5;1763
613500;19/07/2014;13,7;27,7;20,9;0;929,4;1783,9
613500;20/07/2014;13,2;27,4;20,8;0;945,2;1804,7
613500;21/07/2014;15,8;26,8;21,4;0;961,6;1826,1
613500;22/07/2014;14,3;29,3;22;0;978,6;1848,1
613500;23/07/2014;13,5;28,5;21,5;0;995,1;1869,6
613500;24/07/2014;15,1;29;21,9;0;1012;1891,5
613500;25/07/2014;14,6;30,3;22,7;0;1029,7;1914,2
613500;26/07/2014;18;28,1;22,4;0,5;1047,1;1936,6
613500;27/07/2014;16;29;22,5;0;1064,6;1959,1
613500;28/07/2014;16,4;28;22,5;0;1082,1;1981,6
613500;29/07/2014;17,6;29,5;23,3;0;1100,4;2004,9
613500;30/07/2014;17,5;25,5;21;0;1116,4;2025,9
613500;31/07/2014;14,5;24,8;19,7;0;1131,1;2045,6
613500;01/08/2014;14,7;26,8;21,1;0,1;1147,2;2066,7
613500;02/08/2014;17,8;27,5;21,6;0;1163,8;2088,3
613500;03/08/2014;18,9;23,9;21;8,8;1179,8;2109,3
613500;04/08/2014;17,4;23,5;20,1;17,6;1194,9;2129,4
613500;05/08/2014;16,7;24,6;20,1;0;1210;2149,5
613500;06/08/2014;13,5;24,3;19,1;0,1;1224,1;2168,6
613500;07/08/2014;12,1;23,8;18,1;0;1237,2;2186,7
613500;08/08/2014;12,1;24,4;18,7;0;1250,9;2205,4
613500;09/08/2014;12,9;24,2;18,5;9,2;1264,4;2223,9
613500;10/08/2014;10,9;23,8;18,4;0,8;1277,8;2242,3
613500;11/08/2014;13,1;21,2;18,1;3,1;1290,9;2260,4
613500;12/08/2014;12,6;19,6;16,1;6,9;1302;2276,5
613500;13/08/2014;11,9;21,4;16,6;0,1;1313,6;2293,1
613500;14/08/2014;11,6;21,4;16,5;5,2;1325,1;2309,6
613500;15/08/2014;12,1;19,5;16,2;0;1336,3;2325,8
613500;16/08/2014;12,2;18,4;15,3;0;1346,6;2341,1
613500;17/08/2014;12,7;15,3;14,2;21,4;1355,8;2355,3
613500;18/08/2014;11,9;16,5;14,3;1,5;1365,1;2369,6
613500;19/08/2014;12,4;17,2;14,4;0;1374,5;2384
613500;20/08/2014;12,4;18,2;14,6;0;1384,1;2398,6
613500;21/08/2014;11,3;16,9;13,5;0,6;1392,6;2412,1
613500;22/08/2014;11,4;16,8;13,8;5,1;1401,4;2425,9
613500;23/08/2014;11,9;16,2;13,7;3;1410,1;2439,6
613500;24/08/2014;10,9;17,1;13,6;0;1418,7;2453,2
613500;25/08/2014;10,5;16,3;13;0;1426,7;2466,2
613500;26/08/2014;9,6;18,2;13,6;3,2;1435,3;2479,8
613500;27/08/2014;9,4;20,2;14,7;0;1445;2494,5
613500;28/08/2014;9,9;19,2;14,8;0;1454,8;2509,3
613500;29/08/2014;9,5;18,5;14,7;8,5;1464,5;2524
613500;30/08/2014;11,5;17,3;15,1;4,8;1474,6;2539,1
613500;31/08/2014;11,8;17,2;14,6;18,8;1484,2;2553,7
613500;01/09/2014;12,1;18,6;15,7;0;1494,9;2569,4
613500;02/09/2014;10,2;19,5;14,4;0;1504,3;2583,8
613500;03/09/2014;8,4;20,5;14,1;0;1513,4;2597,9
613500;04/09/2014;9,6;20,3;14,8;0;1523,2;2612,7
613500;05/09/2014;11,6;23,1;17;0;1535,2;2629,7
613500;06/09/2014;14;24;18,4;0;1548,6;2648,1
613500;07/09/2014;14,2;20,6;17,2;4;1560,8;2665,3
613500;08/09/2014;10;17,5;14,7;0;1570,5;2680
613500;09/09/2014;12,8;19,7;15,5;0;1581;2695,5
613500;10/09/2014;10,8;18,6;15;4,1;1591;2710,5
613500;11/09/2014;11,1;20,1;14,9;0;1600,9;2725,4
613500;12/09/2014;10,3;20,5;15,1;0;1611;2740,5
613500;13/09/2014;12,2;16,8;14,4;25,6;1620,4;2754,9
613500;14/09/2014;13,7;16,7;15,3;15,4;1630,7;2770,2
613500;15/09/2014;14,1;19,8;16,5;0;1642,2;2786,7
613500;16/09/2014;13,6;20,3;16,1;0;1653,3;2802,8
613500;17/09/2014;12,9;20,7;15,9;0;1664,2;2818,7
613500;18/09/2014;13,3;20,9;16,3;0;1675,5;2835
613500;19/09/2014;12,3;21,9;16,3;0;1686,8;2851,3
613500;20/09/2014;11,8;20,1;14,9;0;1696,7;2866,2
613500;21/09/2014;13,1;16,9;14,7;5,5;1706,4;2880,9
613500;22/09/2014;8,5;14;10,7;6,8;1712,1;2891,6
613500;23/09/2014;3,7;14,4;10,1;0;1717,2;2901,7
613500;24/09/2014;12,1;15,4;13,6;5,2;1725,8;2915,3
613500;25/09/2014;10,8;15;12,6;0,3;1733,4;2927,9
613500;26/09/2014;11,7;17,7;14,9;1,1;1743,3;2942,8
613500;27/09/2014;10,4;16,9;13,3;0;1751,6;2956,1
613500;28/09/2014;8,9;17,4;13,5;0;1760,1;2969,6
613500;29/09/2014;8,7;17,9;13,2;0;1768,3;2982,8
613500;30/09/2014;12,1;13,9;13,2;7,1;1776,5;2996
613500;01/10/2014;12,3;17,3;14,2;1,1;1785,7;3010,2
613500;02/10/2014;9,8;16,4;14,4;0;1795,1;3024,6
613500;03/10/2014;8,5;18,2;14,2;0;1804,3;3038,8
613500;04/10/2014;11,7;17;14,3;0;1813,6;3053,1
613500;05/10/2014;9;17;12,5;0;1821,1;3065,6
613500;06/10/2014;8,9;15,3;11,9;0;1828;3077,5
613500;07/10/2014;10,8;13,8;12,2;5,2;1835,2;3089,7
613500;08/10/2014;10,4;14,1;12,4;0,1;1842,6;3102,1
613500;09/10/2014;13;16,7;14,8;0,3;1852,4;3116,9
613500;10/10/2014;10,3;15,9;13,5;0;1860,9;3130,4
613500;11/10/2014;8,6;17;12,7;0;1868,6;3143,1
613500;12/10/2014;7,2;15,2;12,5;4,1;1876,1;3155,6
613500;13/10/2014;7,4;12,5;10,7;11,7;1881,8;3166,3
613500;14/10/2014;9,6;11,2;10,4;13,7;1887,2;3176,7
613500;15/10/2014;11;13,9;12,4;1,3;1894,6;3189,1
613500;16/10/2014;10,8;14,6;12,3;3,6;1901,9;3201,4
613500;17/10/2014;11,3;15;12,6;1,9;1909,5;3214
613500;18/10/2014;11,3;14,6;13,1;0;1917,6;3227,1
613500;19/10/2014;14,1;15,6;14,8;28,8;1927,4;3241,9
613500;20/10/2014;11,5;14,7;13,1;2,1;1935,5;3255
613500;21/10/2014;8,3;12,9;11,3;13,4;1941,8;3266,3
613500;22/10/2014;7,5;13,7;11;1,2;1947,8;3277,3
613500;23/10/2014;10,3;11,8;11,1;2,7;1953,9;3288,4
613500;24/10/2014;10,6;12,7;11,5;0,2;1960,4;3299,9
613500;25/10/2014;8,6;12,2;10,4;5,5;1965,8;3310,3
613500;26/10/2014;8,7;13,1;11,6;0;1972,4;3321,9
613500;27/10/2014;11;13,9;12,6;0;1980;3334,5
613500;28/10/2014;7,9;13,7;10,8;0;1985,8;3345,3
613500;29/10/2014;3,4;11,8;8,5;0;1989,3;3353,8
613500;30/10/2014;0,8;11,4;5,6;0;1989,9;3359,4
613500;31/10/2014;7,2;11,6;10;0,9;1994,9;3369,4
613500;01/11/2014;10,8;15,6;12,3;0;2002,2;3381,7
613500;02/11/2014;10,5;14,4;12,1;0;2009,3;3393,8
613500;03/11/2014;11,7;13,1;12,3;1,3;2016,6;3406,1
613500;04/11/2014;8,4;13,4;11,2;1;2022,8;3417,3
613500;05/11/2014;7,3;8,9;8,1;17,6;2025,9;3425,4
613500;06/11/2014;4,7;8,9;7,9;0,3;2028,8;3433,3
613500;07/11/2014;4,2;9,7;7,3;0,2;2031,1;3440,6
613500;08/11/2014;7,1;10;8,7;0;2034,8;3449,3
613500;09/11/2014;6,5;11,3;8,4;0;2038,2;3457,7
613500;10/11/2014;7,7;9,6;8,7;0,9;2041,9;3466,4
613500;11/11/2014;5,2;10,1;7,9;0;2044,8;3474,3
613500;12/11/2014;9,6;11,8;10,8;0;2050,6;3485,1
613500;13/11/2014;9,8;11,3;10,4;1,9;2056;3495,5
613500;14/11/2014;8,9;10,6;9,8;0;2060,8;3505,3
613500;15/11/2014;8,7;9,8;9,2;0;2065;3514,5
613500;16/11/2014;7,2;9,8;8,2;3,6;2068,2;3522,7
613500;17/11/2014;7,4;9,7;8,5;0,5;2071,7;3531,2
613500;18/11/2014;5,8;8,5;7,3;0,2;2074;3538,5
613500;19/11/2014;4,5;6,1;5,2;0,2;2074,2;3543,7
613500;20/11/2014;4,2;5,9;5;0,4;2074,2;3548,7
613500;21/11/2014;0,9;7,2;3,9;0,1;2074,2;3552,6
613500;22/11/2014;3,5;6,4;5,2;4,2;2074,4;3557,8
613500;23/11/2014;5,2;7,5;6,1;1,4;2075,5;3563,9
613500;24/11/2014;5,5;9,2;7,8;4,2;2078,3;3571,7
613500;25/11/2014;0,7;8,9;5,2;0;2078,5;3576,9
613500;26/11/2014;3,9;7,1;5,3;0;2078,8;3582,2
613500;27/11/2014;2,4;5,6;3,8;0;2078,8;3586
613500;28/11/2014;1;5,2;3;0;2078,8;3589
613500;29/11/2014;0,5;3,1;1,9;0;2078,8;3590,9
613500;30/11/2014;-0,5;2,5;0,5;0;2078,8;3591,4
613500;01/12/2014;0,7;3,1;1,9;0;2078,8;3593,3
613500;02/12/2014;-0,7;1,1;0,2;0;2078,8;3593,5
613500;03/12/2014;0,6;1,7;1;0;2078,8;3594,5
613500;04/12/2014;0,9;6;3;0;2078,8;3597,5
613500;05/12/2014;2,6;5,8;3,6;2,4;2078,8;3601,1
613500;06/12/2014;0,2;6,3;3,8;1,4;2078,8;3604,9
613500;07/12/2014;0,5;5,6;4,2;6,7;2078,8;3609,1
613500;08/12/2014;2,3;5,4;3,9;0;2078,8;3613
613500;09/12/2014;0;3,6;2,6;0;2078,8;3615,6
613500;10/12/2014;2,7;6;4,2;4,9;2078,8;3619,8
613500;11/12/2014;2,2;5,2;3,8;6,6;2078,8;3623,6
613500;12/12/2014;1,4;7,9;4,3;13,6;2078,8;3627,9
613500;13/12/2014;2,6;6,6;4,5;0,2;2078,8;3632,4
613500;14/12/2014;2,1;4,4;3,4;0;2078,8;3635,8
613500;15/12/2014;3,3;5,5;4,3;2,2;2078,8;3640,1
613500;16/12/2014;2,8;5,2;4;0,6;2078,8;3644,1
613500;17/12/2014;3,4;5,2;4,1;0,2;2078,8;3648,2
613500;18/12/2014;3,7;10,2;7,5;1,9;2081,3;3655,7
613500;19/12/2014;4,3;10,1;7,3;0,1;2083,6;3663
613500;20/12/2014;1,3;5,9;4,3;7,6;2083,6;3667,3
613500;21/12/2014;4;7,5;5,5;4,5;2084,1;3672,8
613500;22/12/2014;6,8;9,4;8,2;6,9;2087,3;3681
613500;23/12/2014;6,1;8,1;7,2;1,4;2089,5;3688,2
613500;24/12/2014;3,7;8,4;5,9;11,4;2090,4;3694,1
613500;25/12/2014;-4,8;4,3;0,3;7,1;2090,4;3694,4
613500;26/12/2014;-6,5;0,9;-2,3;0;2090,4;3694,4
613500;27/12/2014;-4,1;1,1;-1,4;0;2090,4;3694,4
613500;28/12/2014;-6;0,1;-2,4;6,1;2090,4;3694,4
613500;29/12/2014;-11,2;0,8;-3,9;3,8;2090,4;3694,4
613500;30/12/2014;0,3;4;2,5;0;2090,4;3696,9
613500;31/12/2014;3,4;7,6;5,7;0,8;2091,1;3702,6
613500;01/01/2015;4;6,1;4,9;0;0;4,9
613500;02/01/2015;3,2;9,1;5,8;3,6;0,8;10,7
613500;03/01/2015;0,9;5,7;3,9;6,1;0,8;14,6
613500;04/01/2015;1,8;4,3;3,3;0,3;0,8;17,9
613500;05/01/2015;2,7;5,6;3,8;2;0,8;21,7
613500;06/01/2015;2;3,9;3,1;1,3;0,8;24,8
613500;07/01/2015;2;6,5;4;1,5;0,8;28,8
613500;08/01/2015;3,6;6,5;4,9;1,6;0,8;33,7
613500;09/01/2015;4,2;7,6;5,8;8,6;1,6;39,5
613500;10/01/2015;3;10,1;6,2;5,4;2,8;45,7
613500;11/01/2015;1,2;4,6;3,3;0,6;2,8;49
613500;12/01/2015;2,7;8;6;1,7;3,8;55
613500;13/01/2015;4,3;8,1;5,6;2,7;4,4;60,6
613500;14/01/2015;0;5;3;4,7;4,4;63,6
613500;15/01/2015;1,7;6,4;4,1;12,1;4,4;67,7
613500;16/01/2015;3,5;6,7;5,4;0;4,8;73,1
613500;17/01/2015;1,7;4,8;3,3;0,1;4,8;76,4
613500;18/01/2015;0,9;2,6;1,8;0,2;4,8;78,2
613500;19/01/2015;0;2,1;1;3;4,8;79,2
613500;20/01/2015;-1;1,2;0,5;4,9;4,8;79,7
613500;21/01/2015;-2,5;0,3;-0,9;0;4,8;79,7
613500;22/01/2015;-2,1;1,3;-0,5;0,2;4,8;79,7
613500;23/01/2015;-1,9;0,1;-0,9;0;4,8;79,7
613500;24/01/2015;-1,9;0,8;-0,8;2,9;4,8;79,7
613500;25/01/2015;-4,8;3,2;-0,5;0;4,8;79,7
613500;26/01/2015;0,2;3,9;2,1;8,9;4,8;81,8
613500;27/01/2015;-0,1;4,5;2,4;0;4,8;84,2
613500;28/01/2015;1,2;4,2;3,3;5,1;4,8;87,5
613500;29/01/2015;0,2;2,9;1,4;1,7;4,8;88,9
613500;30/01/2015;-0,3;2;0,9;1;4,8;89,8
613500;31/01/2015;0,7;2,3;1,4;0;4,8;91,2
613500;01/02/2015;-0,4;2,2;0,8;0,6;4,8;92
613500;02/02/2015;-2,2;0,2;-1,1;6;4,8;92
613500;03/02/2015;-5,6;-1,4;-2,7;1,5;4,8;92
613500;04/02/2015;-2,2;-0,8;-1,6;0;4,8;92
613500;05/02/2015;-10,4;1,2;-2,8;0;4,8;92
613500;06/02/2015;-12,1;1,7;-3,7;0;4,8;92
613500;07/02/2015;1,4;5,7;3,5;0;4,8;95,5
613500;08/02/2015;0,8;5;2,3;0;4,8;97,8
613500;09/02/2015;2,3;6,4;4,5;0;4,8;102,3
613500;10/02/2015;1,1;7,3;4;0;4,8;106,3
613500;11/02/2015;0,6;3,2;2,1;0;4,8;108,4
613500;12/02/2015;0,2;2,1;1,3;0;4,8;109,7
613500;13/02/2015;-1;0,6;-0,1;0,1;4,8;109,7
613500;14/02/2015;-1,3;4,6;1,1;0;4,8;110,8
613500;15/02/2015;1,4;3,4;2,4;0;4,8;113,2
613500;16/02/2015;-0,1;2,4;0,8;0;4,8;114
613500;17/02/2015;-0,3;2;0,7;0;4,8;114,7
613500;18/02/2015;1,3;6;3,9;1,3;4,8;118,6
613500;19/02/2015;1;4,4;2,8;0;4,8;121,4
613500;20/02/2015;0,3;4,1;2,4;3,1;4,8;123,8
613500;21/02/2015;0,1;4,4;2,8;15,3;4,8;126,6
613500;22/02/2015;0,8;4,8;2,5;0;4,8;129,1
613500;23/02/2015;0,2;4,2;2,2;2,1;4,8;131,3
613500;24/02/2015;1,7;4,9;3,5;0,7;4,8;134,8
613500;25/02/2015;-0,1;4,6;3;0;4,8;137,8
613500;26/02/2015;-0,8;6,7;3,4;0,1;4,8;141,2
613500;27/02/2015;0,5;3,8;2,5;3,2;4,8;143,7
613500;28/02/2015;-0,7;5,1;2,2;0;4,8;145,9
613500;01/03/2015;1,2;6,7;3,5;3,8;4,8;149,4
613500;02/03/2015;2,4;5,5;3,5;4,9;4,8;152,9
613500;03/03/2015;0;5,6;2,4;5,1;4,8;155,3
613500;04/03/2015;0,1;5;1,9;5,4;4,8;157,2
613500;05/03/2015;0,2;6,5;3,4;0;4,8;160,6
613500;06/03/2015;3,7;6,9;5,3;0;5,1;165,9
613500;07/03/2015;4,4;8,2;5,8;0;5,9;171,7
613500;08/03/2015;4,1;11,1;6,9;0;7,8;178,6
613500;09/03/2015;3,4;9,1;5,8;0;8,6;184,4
613500;10/03/2015;3,7;10,3;6,5;1,1;10,1;190,9
613500;11/03/2015;1,3;9,4;5,4;0;10,5;196,3
613500;12/03/2015;-0,9;8,4;3;0;10,5;199,3
613500;13/03/2015;-1;6,7;2,6;0;10,5;201,9
613500;14/03/2015;0,1;7,8;3,9;0;10,5;205,8
613500;15/03/2015;1,7;6,4;4,5;0;10,5;210,3
613500;16/03/2015;3,1;9,3;5,9;0;11,4;216,2
613500;17/03/2015;4,5;9,6;7,2;0;13,6;223,4
613500;18/03/2015;2,2;10,2;6,9;0;15,5;230,3
613500;19/03/2015;-0,2;12,1;5,3;0;15,8;235,6
613500;20/03/2015;-1,2;6,9;3,6;0;15,8;239,2
613500;21/03/2015;-0,9;5,3;3,1;2,5;15,8;242,3
613500;22/03/2015;-4;3,6;0,2;0;15,8;242,5
613500;23/03/2015;0,8;7,2;3,9;0;15,8;246,4
613500;24/03/2015;2,4;6,8;4,8;1,3;15,8;251,2
613500;25/03/2015;0,3;7,4;4,4;0;15,8;255,6
613500;26/03/2015;3;7,6;5;0,1;15,8;260,6
613500;27/03/2015;1,8;6,6;4,4;0,3;15,8;265
613500;28/03/2015;1;8,2;5;1;15,8;270
613500;29/03/2015;5,5;8,8;7,1;9;17,9;277,1
613500;30/03/2015;3,4;8,9;5,6;9,6;18,5;282,7
613500;31/03/2015;0,2;4,2;2,5;11,6;18,5;285,2
613500;01/04/2015;1,9;6,9;3,9;1,2;18,5;289,1
613500;02/04/2015;0,5;7,7;3,6;0;18,5;292,7
613500;03/04/2015;-0,1;7,8;4;0;18,5;296,7
613500;04/04/2015;-1,2;8,8;3,8;0;18,5;300,5
613500;05/04/2015;-0,5;8,6;4,1;0;18,5;304,6
613500;06/04/2015;0,3;8,5;4,1;0;18,5;308,7
613500;07/04/2015;1,8;9,4;5,8;0;19,3;314,5
613500;08/04/2015;3,8;12,7;8;0;22,3;322,5
613500;09/04/2015;0,9;10,8;6,4;0;23,7;328,9
613500;10/04/2015;0,1;14;8,2;0;26,9;337,1
613500;11/04/2015;5,5;16,7;10,5;1,6;32,4;347,6
613500;12/04/2015;5;11,3;7,5;4;34,9;355,1
613500;13/04/2015;3,9;9,2;6,1;3;36;361,2
613500;14/04/2015;2,7;9,5;6,1;4;37,1;367,3
613500;15/04/2015;5,6;14,6;9,5;0,6;41,6;376,8
613500;16/04/2015;4,6;10,6;7,1;0;43,7;383,9
613500;17/04/2015;3,7;10,1;6,8;0;45,5;390,7
613500;18/04/2015;1,6;11,1;6,8;0;47,3;397,5
613500;19/04/2015;0,7;13,2;7,6;0;49,9;405,1
613500;20/04/2015;2,8;15,7;9,7;0;54,6;414,8
613500;21/04/2015;5,5;14,8;9,8;0;59,4;424,6
613500;22/04/2015;4,9;13,4;8,7;0;63,1;433,3
613500;23/04/2015;5;13,6;8,7;0;66,8;442
613500;24/04/2015;7,1;12,2;9;0;70,8;451
613500;25/04/2015;5,9;12,9;10,2;1,7;76;461,2
613500;26/04/2015;2,8;9,9;7,1;4,3;78,1;468,3
613500;27/04/2015;1,8;11,2;6,6;0;79,7;474,9
613500;28/04/2015;0,2;10,3;6,1;0;80,8;481
613500;29/04/2015;3,5;12;8,1;0;83,9;489,1
613500;30/04/2015;5,7;10,9;8,2;2,3;87,1;497,3
613500;01/05/2015;3,1;10,5;6,9;5,1;89;504,2
613500;02/05/2015;0,8;11,5;6,8;0;90,8;511
613500;03/05/2015;-0,9;13,5;7,4;4,2;93,2;518,4
613500;04/05/2015;7,4;15,4;11,7;9,9;99,9;530,1
613500;05/05/2015;9,4;19,4;13,3;9,4;108,2;543,4
613500;06/05/2015;7,4;16,5;11,9;1;115,1;555,3
613500;07/05/2015;7;12,6;10,3;0,7;120,4;565,6
613500;08/05/2015;3,8;12,1;8,1;0;123,5;573,7
613500;09/05/2015;3,5;13,9;9;1,2;127,5;582,7
613500;10/05/2015;5,2;13,4;9,8;1,4;132,3;592,5
613500;11/05/2015;3,3;17,2;11,6;0;138,9;604,1
613500;12/05/2015;8,1;15,6;11,6;4,4;145,5;615,7
613500;13/05/2015;8;12,4;9,7;0,6;150,2;625,4
613500;14/05/2015;7,3;14,8;10,6;0;155,8;636
613500;15/05/2015;5,7;15;10,7;0;161,5;646,7
613500;16/05/2015;5,9;12;8,3;1,1;164,8;655
613500;17/05/2015;6,2;12,6;8,9;1;168,7;663,9
613500;18/05/2015;6,2;12,3;8,9;10,4;172,6;672,8
613500;19/05/2015;7,3;13,4;10,4;2,7;178;683,2
613500;20/05/2015;5,9;13,5;10;0;183;693,2
613500;21/05/2015;3,9;13,5;9,2;0,1;187,2;702,4
613500;22/05/2015;5;16;11;0;193,2;713,4
613500;23/05/2015;5,6;12,8;10,2;1,3;198,4;723,6
613500;24/05/2015;3,9;13,5;8,9;0;202,3;732,5
613500;25/05/2015;6,4;13,3;9,6;3;206,9;742,1
613500;26/05/2015;6,1;13,4;9,8;0,1;211,7;751,9
613500;27/05/2015;5,8;13,7;10;0;216,7;761,9
613500;28/05/2015;6;14,7;11,1;0,5;222,8;773
613500;29/05/2015;6,3;14,8;10,9;3,1;228,7;783,9
613500;30/05/2015;7,1;13,6;10,1;2,6;233,8;794
613500;31/05/2015;8,1;15,1;11,5;1,8;240,3;805,5
613500;01/06/2015;7;14,6;11,7;5,5;247;817,2
613500;02/06/2015;8,5;14,3;11,7;8,8;253,7;828,9
613500;03/06/2015;8,6;16;13,3;1,3;262;842,2
613500;04/06/2015;7;16,8;11,8;0;268,8;854
613500;05/06/2015;5,5;19,5;13,5;0;277,3;867,5
613500;06/06/2015;9,4;20,5;15,8;0,2;288,1;883,3
613500;07/06/2015;9;16,6;12,6;0;295,7;895,9
613500;08/06/2015;7,8;14,3;11;0;301,7;906,9
613500;09/06/2015;4,1;18,9;12,2;0;308,9;919,1
613500;10/06/2015;7,1;18,8;13,8;0;317,7;932,9
613500;11/06/2015;8,1;16,8;11,8;0;324,5;944,7
613500;12/06/2015;5,7;21,1;14,5;0;334;959,2
613500;13/06/2015;8,4;24;16,4;1,2;345,4;975,6
613500;14/06/2015;8,9;15,4;12,9;0;353,3;988,5
613500;15/06/2015;7,5;14,1;10,9;0;359,2;999,4
613500;16/06/2015;7,4;14,7;10,8;0;365;1010,2
613500;17/06/2015;4,5;14,3;10,7;8,6;370,7;1020,9
613500;18/06/2015;10;15,3;12,3;0,5;378;1033,2
613500;19/06/2015;8,9;14,4;11,4;0,4;384,4;1044,6
613500;20/06/2015;8,3;17,9;13,4;0,4;392,8;1058
613500;21/06/2015;9;15,2;12,1;0;399,9;1070,1
613500;22/06/2015;8,7;16,1;12,3;7,6;407,2;1082,4
613500;23/06/2015;6,3;17,4;12,5;0;414,7;1094,9
613500;24/06/2015;10,2;13,4;11,9;0;421,6;1106,8
613500;25/06/2015;8,3;16,3;12,4;0;429;1119,2
613500;26/06/2015;9;17,7;13,7;0,2;437,7;1132,9
613500;27/06/2015;12,6;19;15,8;1,1;448,5;1148,7
613500;28/06/2015;11,9;19,7;14,8;1,5;458,3;1163,5
613500;29/06/2015;13,1;20,9;16,4;3;469,7;1179,9
613500;30/06/2015;11;20,1;15,6;0;480,3;1195,5
613500;01/07/2015;8,8;23,5;17,2;0;492,5;1212,7
613500;02/07/2015;12,3;24,2;18,8;0;506,3;1231,5
613500;03/07/2015;13,3;27,4;21,2;0;522,5;1252,7
613500;04/07/2015;13,6;29,4;22,3;0;539,8;1275
613500;05/07/2015;15,2;29,8;22,9;3,3;557,7;1297,9
613500;06/07/2015;14;21,1;17,4;1,4;570,1;1315,3
613500;07/07/2015;12,6;22,7;17,3;3;582,4;1332,6
613500;08/07/2015;12,3;18,8;16,1;6,4;593,5;1348,7
613500;09/07/2015;10,3;13,7;11,9;5,3;600,4;1360,6
613500;10/07/2015;8,8;16,3;12,6;0;608;1373,2
613500;11/07/2015;8,1;18,9;13,3;0;616,3;1386,5
613500;12/07/2015;10,2;20,5;15,5;0,4;626,8;1402
613500;13/07/2015;12,7;19,4;15,8;0,5;637,6;1417,8
613500;14/07/2015;8,9;19,9;15,1;0;647,7;1432,9
613500;15/07/2015;10,9;19,4;15;0;657,7;1447,9
613500;16/07/2015;9,6;20,3;15,2;0;667,9;1463,1
613500;17/07/2015;6,5;21,6;15,1;0,2;678;1478,2
613500;18/07/2015;12,6;22,5;17,8;0;690,8;1496
613500;19/07/2015;10;18,1;14;7,3;699,8;1510
613500;20/07/2015;8,9;19,5;14,5;0;709,3;1524,5
613500;21/07/2015;10,3;22,5;17,4;1,2;721,7;1541,9
613500;22/07/2015;10,7;24,3;18,1;0;734,8;1560
613500;23/07/2015;12,1;19,5;15,5;0;745,3;1575,5
613500;24/07/2015;7,9;20,5;14,9;0;755,2;1590,4
613500;25/07/2015;13,5;23,3;16;19,1;766,2;1606,4
613500;26/07/2015;11,4;18;14,5;10,3;775,7;1620,9
613500;27/07/2015;11,4;16,4;14,1;2,5;784,8;1635
613500;28/07/2015;13,5;19,1;16;3,3;795,8;1651
613500;29/07/2015;12;17,8;14,6;0,9;805,4;1665,6
613500;30/07/2015;6,4;19,8;13,9;0,5;814,3;1679,5
613500;31/07/2015;9,8;17;13,6;0;822,9;1693,1
613500;01/08/2015;6;18,7;13,5;0;831,4;1706,6
613500;02/08/2015;8;22,8;16,2;0;842,6;1722,8
613500;03/08/2015;9;24,6;17,6;0;855,2;1740,4
613500;04/08/2015;15,4;28,3;20,9;8,6;871,1;1761,3
613500;05/08/2015;12,7;22,4;17,8;0,1;883,9;1779,1
613500;06/08/2015;10,9;26,5;19,1;0;898;1798,2
613500;07/08/2015;13,9;24,7;19,4;0,8;912,4;1817,6
613500;08/08/2015;11;21,1;16,7;0;924,1;1834,3
613500;09/08/2015;7,4;23,4;16,1;0;935,2;1850,4
613500;10/08/2015;11;25,5;18,1;1,8;948,3;1868,5
613500;11/08/2015;13,4;24,5;18,5;11,5;961,8;1887
613500;12/08/2015;11,7;21,1;17,3;0;974,1;1904,3
613500;13/08/2015;8,1;23,8;16,6;0;985,7;1920,9
613500;14/08/2015;15,7;25,3;19,6;0;1000,3;1940,5
613500;15/08/2015;16,9;22,1;18,8;2,3;1014,1;1959,3
613500;16/08/2015;14,9;23,9;19,2;2,8;1028,3;1978,5
613500;17/08/2015;15,9;26,1;20,3;0;1043,6;1998,8
613500;18/08/2015;15,7;24,7;19,2;0;1057,8;2018
613500;19/08/2015;14;25;18,9;0;1071,7;2036,9
613500;20/08/2015;11,9;25,2;17,9;0;1084,6;2054,8
613500;21/08/2015;10,6;25,7;18;0;1097,6;2072,8
613500;22/08/2015;10,6;23,9;17,6;0;1110,2;2090,4
613500;23/08/2015;13,4;24;18,4;0;1123,6;2108,8
613500;24/08/2015;14,1;21,4;17,4;3;1136;2126,2
613500;25/08/2015;13,5;20,7;17,7;3,6;1148,7;2143,9
613500;26/08/2015;12,9;21,2;17,6;0;1161,3;2161,5
613500;27/08/2015;14,5;20,6;17,7;13;1174;2179,2
613500;28/08/2015;12,6;20,3;16;3,7;1185;2195,2
613500;29/08/2015;11,3;20,6;16,5;0;1196,5;2211,7
613500;30/08/2015;14,2;20,8;17,3;0;1208,8;2229
613500;31/08/2015;15,5;19,3;17;6,9;1220,8;2246
613500;01/09/2015;14,8;20,6;17,2;0,1;1233;2263,2
613500;02/09/2015;13,4;19,8;15,7;0;1243,7;2278,9
613500;03/09/2015;10,2;18,2;14,6;0;1253,3;2293,5
613500;04/09/2015;9,6;17,7;13,7;4,7;1262;2307,2
613500;05/09/2015;11,4;15,6;13,5;8,9;1270,5;2320,7
613500;06/09/2015;10,6;16,9;13,6;9,6;1279,1;2334,3
613500;07/09/2015;8,5;16,7;13;0;1287,1;2347,3
613500;08/09/2015;7,6;17,3;13;0;1295,1;2360,3
613500;09/09/2015;5,9;18,7;12,4;0;1302,5;2372,7
613500;10/09/2015;7,2;18,4;13,1;0;1310,6;2385,8
613500;11/09/2015;11,8;18,5;14,6;14,1;1320,2;2400,4
613500;12/09/2015;12,9;17,8;14,8;0,8;1330;2415,2
613500;13/09/2015;14,2;16,2;15,2;6,2;1340,2;2430,4
613500;14/09/2015;15;19,7;16,4;5,8;1351,6;2446,8
613500;15/09/2015;11;15,7;13,7;7,2;1360,3;2460,5
613500;16/09/2015;12,1;16,7;14,5;3,5;1369,8;2475
613500;17/09/2015;13,9;19;16,6;0,4;1381,4;2491,6
613500;18/09/2015;12,1;17;14,7;3,1;1391,1;2506,3
613500;19/09/2015;11,6;17,1;13,9;0,1;1400;2520,2
613500;20/09/2015;9,1;16,4;12,8;0,6;1407,8;2533
613500;21/09/2015;8,4;15,2;11,8;0,9;1414,6;2544,8
613500;22/09/2015;12,3;14,9;13,5;2,4;1423,1;2558,3
613500;23/09/2015;10,4;14,9;13;0,3;1431,1;2571,3
613500;24/09/2015;10,9;16,3;13,5;0,6;1439,6;2584,8
613500;25/09/2015;9,6;15,6;12,7;1,1;1447,3;2597,5
613500;26/09/2015;7,1;15,4;11,4;0;1453,7;2608,9
613500;27/09/2015;6,5;16,8;11,5;0;1460,2;2620,4
613500;28/09/2015;4,6;17,3;10,7;0;1465,9;2631,1
613500;29/09/2015;5,9;17,7;11;0;1471,9;2642,1
613500;30/09/2015;4;16,2;10,1;0;1477;2652,2
613500;01/10/2015;6,9;15,4;11,2;0;1483,2;2663,4
613500;02/10/2015;8,6;18,1;12,6;0;1490,8;2676
613500;03/10/2015;5;16,2;10,3;0;1496,1;2686,3
613500;04/10/2015;6,5;14,7;9,9;0;1501;2696,2
613500;05/10/2015;6,6;16,6;11,6;0;1507,6;2707,8
613500;06/10/2015;11,8;15,6;13,2;0,1;1515,8;2721
613500;07/10/2015;10,4;13;11,9;0,4;1522,7;2732,9
613500;08/10/2015;7,9;10,5;8,8;5;1526,5;2741,7
613500;09/10/2015;6,8;11,7;9,4;0;1530,9;2751,1
613500;10/10/2015;5;11,1;7,6;0;1533,5;2758,7
613500;11/10/2015;6;9,8;7,9;0,1;1536,4;2766,6
613500;12/10/2015;5,6;9,7;7,1;0;1538,5;2773,7
613500;13/10/2015;5,8;8,5;6,9;0,8;1540,4;2780,6
613500;14/10/2015;6,7;8,7;7,7;0,1;1543,1;2788,3
613500;15/10/2015;7,6;11,6;9,4;2,1;1547,5;2797,7
613500;16/10/2015;8;9,9;8,7;3,6;1551,2;2806,4
613500;17/10/2015;8,4;10,3;9,5;1,5;1555,7;2815,9
613500;18/10/2015;6,6;10,4;9,6;2;1560,3;2825,5
613500;19/10/2015;3,4;12;7,9;0;1563,2;2833,4
613500;20/10/2015;5,5;9,9;8,2;0;1566,4;2841,6
613500;21/10/2015;7,3;11,6;9,6;0,6;1571;2851,2
613500;22/10/2015;9,9;12,9;10,9;0,1;1576,9;2862,1
613500;23/10/2015;7,3;13,2;11;0;1582,9;2873,1
613500;24/10/2015;5,7;11,7;9,6;0;1587,5;2882,7
613500;25/10/2015;5;12,5;9,8;0,1;1592,3;2892,5
613500;26/10/2015;0,8;11,7;6,4;0;1593,7;2898,9
613500;27/10/2015;2,3;11,4;6,9;0;1595,6;2905,8
613500;28/10/2015;6,3;12,5;9,3;0;1599,9;2915,1
613500;29/10/2015;3,9;10,8;7,9;0;1602,8;2923
613500;30/10/2015;6,8;10,4;8,2;0;1606;2931,2
613500;31/10/2015;5,4;12,9;9;0;1610;2940,2
613500;01/11/2015;4,2;10,7;8,9;0;1613,9;2949,1
613500;02/11/2015;7,7;10,7;9,3;0;1618,2;2958,4
613500;03/11/2015;4,7;8,2;6,3;0;1619,5;2964,7
613500;04/11/2015;4,2;6,7;5,5;0;1620;2970,2
613500;05/11/2015;5,8;11,1;8,8;0,3;1623,8;2979
613500;06/11/2015;8,1;12,2;10,8;7,3;1629,6;2989,8
613500;07/11/2015;11,6;14,8;12,9;10,1;1637,5;3002,7
613500;08/11/2015;7,9;12,8;10,8;0;1643,3;3013,5
613500;09/11/2015;10,3;12,8;11,2;2,1;1649,5;3024,7
613500;10/11/2015;11,6;15,2;13,5;1,2;1658;3038,2
613500;11/11/2015;11,5;14,1;12,9;1,1;1665,9;3051,1
613500;12/11/2015;7,5;13,1;11,1;0,7;1672;3062,2
613500;13/11/2015;6,3;12,2;9,6;2,6;1676,6;3071,8
613500;14/11/2015;5,5;9,7;7,3;5,6;1678,9;3079,1
613500;15/11/2015;0,9;8,9;6,2;0,6;1680,1;3085,3
613500;16/11/2015;0,8;12,1;8,7;9,2;1683,8;3094
613500;17/11/2015;6,4;10,6;8,8;10,5;1687,6;3102,8
613500;18/11/2015;8,3;12,6;10,1;11,3;1692,7;3112,9
613500;19/11/2015;7,1;10,7;9;5,3;1696,7;3121,9
613500;20/11/2015;2,1;8,2;5,7;2,7;1697,4;3127,6
613500;21/11/2015;-0,1;2,4;1,4;1,9;1697,4;3129
613500;22/11/2015;-0,1;2,1;0,8;17,4;1697,4;3129,8
613500;23/11/2015;-3,4;4,5;1,3;2,2;1697,4;3131,1
613500;24/11/2015;2,8;5,5;4,3;4,4;1697,4;3135,4
613500;25/11/2015;2,9;5,6;4,2;1,5;1697,4;3139,6
613500;26/11/2015;0,6;6,7;3,8;0,1;1697,4;3143,4
613500;27/11/2015;2,1;6,8;5,6;0;1698;3149
613500;28/11/2015;3,4;6,5;4,8;6,1;1698;3153,8
613500;29/11/2015;4,4;9,6;6,8;6,8;1699,8;3160,6
613500;30/11/2015;3;6,6;5,2;1,3;1700;3165,8
613500;01/12/2015;4;7;5,3;0;1700,3;3171,1
613500;02/12/2015;4,6;9,8;7,8;1,4;1703,1;3178,9
613500;03/12/2015;7,5;9,3;8,3;2;1706,4;3187,2
613500;04/12/2015;6,3;9,2;7,9;10;1709,3;3195,1
613500;05/12/2015;7,8;9;8,5;0;1712,8;3203,6
613500;06/12/2015;7,6;10,8;8,9;0,1;1716,7;3212,5
613500;07/12/2015;1,1;7,9;5,3;0;1717;3217,8
613500;08/12/2015;4,8;9,3;7,6;0,6;1719,6;3225,4
613500;09/12/2015;5,8;8,7;7,4;0,7;1722;3232,8
613500;10/12/2015;6,1;7,2;6,7;1,3;1723,7;3239,5
613500;11/12/2015;3,8;6,7;5,5;4;1724,2;3245
613500;12/12/2015;3,4;6,5;4,9;5,1;1724,2;3249,9
613500;13/12/2015;-0,4;5,5;3,1;3,8;1724,2;3253
613500;14/12/2015;-1,7;3,9;1,7;16;1724,2;3254,7
613500;15/12/2015;2,1;4,1;3,2;3;1724,2;3257,9
613500;16/12/2015;1,3;6,2;3,9;0,6;1724,2;3261,8
613500;17/12/2015;6;10,1;8,8;1,3;1728;3270,6
613500;18/12/2015;8,5;10,5;9,3;0,2;1732,3;3279,9
613500;19/12/2015;8,5;10,5;9,3;0;1736,6;3289,2
613500;20/12/2015;8,4;10,8;9,8;0;1741,4;3299
613500;21/12/2015;7,2;10,4;8,8;7;1745,2;3307,8
613500;22/12/2015;6,8;11,4;9,1;1,8;1749,3;3316,9
613500;23/12/2015;6,5;10,8;9;3,6;1753,3;3325,9
613500;24/12/2015;5,2;10,2;7;0;1755,3;3332,9
613500;25/12/2015;6,1;9,6;7;1,4;1757,3;3339,9
613500;26/12/2015;4;6,3;4,9;51;1757,3;3344,8
613500;27/12/2015;4,9;10,1;7,9;2,3;1760,2;3352,7
613500;28/12/2015;0;7;3,9;0;1760,2;3356,6
613500;29/12/2015;2,3;4,2;3,3;0;1760,2;3359,9
613500;30/12/2015;0,9;4,3;2,6;0;1760,2;3362,5
613500;31/12/2015;-0,1;4,3;1,6;1;1760,2;3364,1
613500;01/01/2016;1,7;4,7;3,5;0;0;3,5
613500;02/01/2016;-3,6;3,4;-0,8;0,2;0;3,5
613500;03/01/2016;-5,5;-3,1;-4;0;0;3,5
613500;04/01/2016;-5,7;-0,8;-2,9;0;0;3,5
613500;05/01/2016;-4,8;-1,4;-3;0,1;0;3,5
613500;06/01/2016;-5,4;-1,8;-3,5;0,1;0;3,5
613500;07/01/2016;-3,4;-1;-2;0,1;0;3,5
613500;08/01/2016;-1,9;1,6;0;2,5;0;3,5
613500;09/01/2016;-2;2,4;0,9;0,1;0;4,4
613500;10/01/2016;-0,3;2;0,6;6,8;0;5
613500;11/01/2016;-0,6;2;0,9;0,1;0;5,9
613500;12/01/2016;-0,1;1,9;1,1;7;0;7
613500;13/01/2016;-2,9;0,6;-1,1;6,6;0;7
613500;14/01/2016;-1,5;1,8;0,1;1,1;0;7,1
613500;15/01/2016;-6,9;0,5;-2;0;0;7,1
613500;16/01/2016;-6,1;-0,8;-2,9;0,4;0;7,1
613500;17/01/2016;-8,8;-2;-5;0;0;7,1
613500;18/01/2016;-10,2;0,5;-2,8;0,3;0;7,1
613500;19/01/2016;-4,8;0,6;-1,4;0;0;7,1
613500;20/01/2016;-7,5;-1,6;-3,1;0;0;7,1
613500;21/01/2016;-8,9;-1,1;-4,2;0;0;7,1
613500;22/01/2016;-4,4;-1,7;-2,8;0;0;7,1
613500;23/01/2016;-3,6;2,2;-1;2,2;0;7,1
613500;24/01/2016;0,9;3;1,9;5,1;0;9
613500;25/01/2016;2,4;5,8;4,3;0,2;0;13,3
613500;26/01/2016;3,9;6,6;5,4;0,2;0,4;18,7
613500;27/01/2016;5,8;8,8;7,5;1,6;2,9;26,2
613500;28/01/2016;4,1;8,4;5,5;0;3,4;31,7
613500;29/01/2016;3,3;8,4;5,6;0,5;4;37,3
613500;30/01/2016;1,7;7,3;5,4;7,5;4,4;42,7
613500;31/01/2016;1,2;4,4;2,6;3,5;4,4;45,3
613500;01/02/2016;0;8,9;3,1;2,2;4,4;48,4
613500;02/02/2016;4,9;7,7;6,2;0,3;5,6;54,6
613500;03/02/2016;2,2;6,5;4,5;0,4;5,6;59,1
613500;04/02/2016;0,8;4,8;2,5;0;5,6;61,6
613500;05/02/2016;0,6;6,1;2,9;2,5;5,6;64,5
613500;06/02/2016;5,4;7,5;6,6;0,5;7,2;71,1
613500;07/02/2016;4,7;8,8;6,1;0;8,3;77,2
613500;08/02/2016;4,1;7;5,4;5,4;8,7;82,6
613500;09/02/2016;3,3;6,2;4,9;4,5;8,7;87,5
613500;10/02/2016;1,5;4;3,1;9,8;8,7;90,6
613500;11/02/2016;-1,1;5;3;0,1;8,7;93,6
613500;12/02/2016;-1,2;2,3;0,3;0;8,7;93,9
613500;13/02/2016;-1,9;1,5;-0,6;0,5;8,7;93,9
613500;14/02/2016;0;3,4;1,2;0;8,7;95,1
613500;15/02/2016;-3,1;0,8;-0,5;0;8,7;95,1
613500;16/02/2016;-4,6;2,9;-0,9;0;8,7;95,1
613500;17/02/2016;-1,6;1,8;0;0;8,7;95,1
613500;18/02/2016;-0,6;2,2;0,3;0,3;8,7;95,4
613500;19/02/2016;-1;1,7;0,7;0;8,7;96,1
613500;20/02/2016;0,1;5,4;2,9;6;8,7;99
613500;21/02/2016;3,3;6,5;4,5;5,4;8,7;103,5
613500;22/02/2016;3;6,7;4,3;0,9;8,7;107,8
613500;23/02/2016;2,5;6,6;3,9;0,7;8,7;111,7
613500;24/02/2016;0,4;5,2;2,4;0;8,7;114,1
613500;25/02/2016;0;4,3;1,8;0;8,7;115,9
613500;26/02/2016;-0,1;5,3;2,1;0;8,7;118
613500;27/02/2016;-3,8;1,8;-0,6;0;8,7;118
613500;28/02/2016;-2;1,3;-0,4;0;8,7;118
613500;29/02/2016;-1,2;4,2;0,5;0;8,7;118,5
613500;01/03/2016;-0,3;2,2;0,9;0,2;8,7;119,4
613500;02/03/2016;-0,2;5;2,3;18;8,7;121,7
613500;03/03/2016;-0,3;6,3;2,5;0,9;8,7;124,2
613500;04/03/2016;0,9;3,2;1,8;0;8,7;126
613500;05/03/2016;1,5;3,9;2,8;9;8,7;128,8
613500;06/03/2016;-0,1;3;1,3;10,3;8,7;130,1
613500;07/03/2016;1,5;4,9;2,8;0;8,7;132,9
613500;08/03/2016;-0,1;3,7;2;0,2;8,7;134,9
613500;09/03/2016;-0,1;6,3;2,7;0;8,7;137,6
613500;10/03/2016;0,3;5,6;2,5;0;8,7;140,1
613500;11/03/2016;-1,5;5,4;1,6;0;8,7;141,7
613500;12/03/2016;-2;3,8;0,1;0,2;8,7;141,8
613500;13/03/2016;-2,9;3,3;-0,6;0;8,7;141,8
613500;14/03/2016;1,5;4,4;3,3;0;8,7;145,1
613500;15/03/2016;0,2;8,9;4,4;0;8,7;149,5
613500;16/03/2016;-1,1;7,7;2,6;0;8,7;152,1
613500;17/03/2016;-0,8;10;4,5;0;8,7;156,6
613500;18/03/2016;-1,3;10,1;3,9;0;8,7;160,5
613500;19/03/2016;-2;7,6;3;0;8,7;163,5
613500;20/03/2016;2,4;8,6;5,1;0;8,8;168,6
613500;21/03/2016;3,3;9,7;5,9;0,2;9,7;174,5
613500;22/03/2016;4,2;6,8;5,5;0,1;10,2;180
613500;23/03/2016;0,8;7,8;4,2;0;10,2;184,2
613500;24/03/2016;-1,9;7,5;3,7;0,5;10,2;187,9
613500;25/03/2016;3,6;7,2;5,5;0,6;10,7;193,4
613500;26/03/2016;1;8;4,6;0;10,7;198
613500;27/03/2016;4,7;9,4;6,6;2,8;12,3;204,6
613500;28/03/2016;4,5;10,9;7,4;1,6;14,7;212
613500;29/03/2016;3,6;10,4;6,4;1,4;16,1;218,4
613500;30/03/2016;2,4;8,6;5,2;3,5;16,3;223,6
613500;31/03/2016;2,5;9,8;5,7;0;17;229,3
613500;01/04/2016;0,1;8,6;4,3;0;17;233,6
613500;02/04/2016;3,9;12;7,7;0;19,7;241,3
613500;03/04/2016;3,6;14,4;8,4;0;23,1;249,7
613500;04/04/2016;3,4;15,9;9,3;0;27,4;259
613500;05/04/2016;5,1;10,1;7,8;6,9;30,2;266,8
613500;06/04/2016;6,3;11,3;7,9;3,3;33,1;274,7
613500;07/04/2016;5;8,7;6,6;1,1;34,7;281,3
613500;08/04/2016;3,3;10,1;6,7;0,6;36,4;288
613500;09/04/2016;1,4;11,3;6,2;0;37,6;294,2
613500;10/04/2016;1,3;11,2;5,8;0;38,4;300
613500;11/04/2016;1,2;12,8;6,9;0;40,3;306,9
613500;12/04/2016;3,9;8,7;6,4;6,3;41,7;313,3
613500;13/04/2016;3,8;11,9;7,8;0;44,5;321,1
613500;14/04/2016;3,7;10,9;7;0;46,5;328,1
613500;15/04/2016;4,8;11,2;7,7;2,4;49,2;335,8
613500;16/04/2016;5,6;12,5;8,7;0,1;52,9;344,5
613500;17/04/2016;4,7;10,7;7,2;0;55,1;351,7
613500;18/04/2016;3,6;9,5;6,6;0;56,7;358,3
613500;19/04/2016;5,8;11,1;7,9;0;59,6;366,2
613500;20/04/2016;4,4;11,5;7,5;0;62,1;373,7
613500;21/04/2016;2,9;10,2;6,9;0;64;380,6
613500;22/04/2016;4,3;11,5;7,5;0;66,5;388,1
613500;23/04/2016;0,6;9,2;4,7;0,1;66,5;392,8
613500;24/04/2016;0,5;6,1;2,6;7,9;66,5;395,4
613500;25/04/2016;-0,6;7,2;3,4;1,9;66,5;398,8
613500;26/04/2016;1,8;7,5;3,8;6,2;66,5;402,6
613500;27/04/2016;0,2;6,8;3,6;5,5;66,5;406,2
613500;28/04/2016;2,7;8,9;5,2;0,3;66,7;411,4
613500;29/04/2016;2,3;10,8;6,6;0;68,3;418
613500;30/04/2016;4,9;10,8;7,5;0,5;70,8;425,5
613500;01/05/2016;3,9;13,4;8,6;0;74,4;434,1
613500;02/05/2016;0,4;16,3;9,4;0;78,8;443,5
613500;03/05/2016;6,6;13,7;10,1;0,6;83,9;453,6
613500;04/05/2016;3,9;13,5;8,8;0;87,7;462,4
613500;05/05/2016;1,5;15,9;9,9;0;92,6;472,3
613500;06/05/2016;5,2;19,4;12,7;0;100,3;485
613500;07/05/2016;7,9;21,8;14,9;0;110,2;499,9
613500;08/05/2016;8,8;22,8;16,4;0;121,6;516,3
613500;09/05/2016;11,3;22,8;16,7;0;133,3;533
613500;10/05/2016;11;23,3;16,8;0;145,1;549,8
613500;11/05/2016;11;22,5;15,8;0;155,9;565,6
613500;12/05/2016;7,6;19,4;13,7;0;164,6;579,3
613500;13/05/2016;3,5;19,3;12,3;0;171,9;591,6
613500;14/05/2016;5,2;12,9;9,9;0,1;176,8;601,5
613500;15/05/2016;5;11,2;8,2;7;180;609,7
613500;16/05/2016;6,7;14,6;10;0,1;185;619,7
613500;17/05/2016;6,9;11,7;9,3;0;189,3;629
613500;18/05/2016;7,4;16;11,5;0;195,8;640,5
613500;19/05/2016;6,9;19,7;13,8;0;204,6;654,3
613500;20/05/2016;11,8;16,6;13,8;0,1;213,4;668,1
613500;21/05/2016;11,3;17,7;14,7;0,4;223,1;682,8
613500;22/05/2016;14,4;25;19,3;0;237,4;702,1
613500;23/05/2016;13,3;19,4;15,8;1,8;248,2;717,9
613500;24/05/2016;12,6;18,6;15;0;258,2;732,9
613500;25/05/2016;9;23,2;16,6;0;269,8;749,5
613500;26/05/2016;10,4;15;13;0;277,8;762,5
613500;27/05/2016;6,1;19,3;13,8;0;286,6;776,3
613500;28/05/2016;6,7;19,7;14,5;0;296,1;790,8
613500;29/05/2016;10,3;23,2;17,1;0,1;308,2;807,9
613500;30/05/2016;15,4;25,3;19,9;4,2;323,1;827,8
613500;31/05/2016;16,4;23,6;19,4;3,2;337,5;847,2
613500;01/06/2016;16,8;26,4;21,4;0;353,9;868,6
613500;02/06/2016;16,5;25,2;20,6;0;369,5;889,2
613500;03/06/2016;15,1;27;20,8;0;385,3;910
613500;04/06/2016;11,9;26,8;20,5;0;400,8;930,5
613500;05/06/2016;11,5;24,9;18;0;413,8;948,5
613500;06/06/2016;9,7;20,3;15,2;0;424;963,7
613500;07/06/2016;8;22,5;16,1;0;435,1;979,8
613500;08/06/2016;11,6;20,4;14,7;0;444,8;994,5
613500;09/06/2016;6,5;19,3;14,5;0;454,3;1009
613500;10/06/2016;8,1;17,1;13,4;0;462,7;1022,4
613500;11/06/2016;5,1;17,9;12,5;0;470,2;1034,9
613500;12/06/2016;4;18,3;12,6;0;477,8;1047,5
613500;13/06/2016;11,8;16,3;13,4;0,8;486,2;1060,9
613500;14/06/2016;12,4;15,1;13,9;1,7;495,1;1074,8
613500;15/06/2016;13,8;21,3;16,5;5,2;506,6;1091,3
613500;16/06/2016;12,5;20,7;15,9;0;517,5;1107,2
613500;17/06/2016;9,9;19,4;15,4;0;527,9;1122,6
613500;18/06/2016;11,8;19,9;15,8;0;538,7;1138,4
613500;19/06/2016;11,2;17,3;14,1;0;547,8;1152,5
613500;20/06/2016;8,6;19,7;15,3;3,2;558,1;1167,8
613500;21/06/2016;11,9;19,7;16,2;8,3;569,3;1184
613500;22/06/2016;10;23,2;17,4;0,3;581,7;1201,4
613500;23/06/2016;12;27,2;20,1;22;596,8;1221,5
613500;24/06/2016;18,2;24,9;21,3;4,4;613,1;1242,8
613500;25/06/2016;16,3;23,2;18,9;5,7;627;1261,7
613500;26/06/2016;12,6;20,2;16,7;0,2;638,7;1278,4
613500;27/06/2016;11,5;19,6;15,6;1,3;649,3;1294
613500;28/06/2016;11;19,5;15,3;0;659,6;1309,3
613500;29/06/2016;9,8;20;14,9;5,9;669,5;1324,2
613500;30/06/2016;13,4;18,6;16;0,6;680,5;1340,2
613500;01/07/2016;15,6;19,6;17;6,2;692,5;1357,2
613500;02/07/2016;10,4;18,6;15,9;16,7;703,4;1373,1
613500;03/07/2016;10,3;18,2;14,3;4,6;712,7;1387,4
613500;04/07/2016;11,1;19,7;15;0,2;722,7;1402,4
613500;05/07/2016;9,4;20,6;14,6;6,7;732,3;1417
613500;06/07/2016;11,7;18,2;14,2;2,9;741,5;1431,2
613500;07/07/2016;10,7;18,5;14,7;0;751,2;1445,9
613500;08/07/2016;14,4;20,7;16,5;8,8;762,7;1462,4
613500;09/07/2016;13,2;20,1;16;0,7;773,7;1478,4
613500;10/07/2016;14,9;21,8;17,6;10,9;786,3;1496
613500;11/07/2016;15,5;21,1;17,7;3,2;799;1513,7
613500;12/07/2016;14,3;20,4;17,4;4,6;811,4;1531,1
613500;13/07/2016;10,4;19,8;15,4;0;821,8;1546,5
613500;14/07/2016;9,5;19,1;14,6;0;831,4;1561,1
613500;15/07/2016;12,6;18,2;15,1;0;841,5;1576,2
613500;16/07/2016;10,8;19,6;15,1;0,5;851,6;1591,3
613500;17/07/2016;11,4;17,6;14,7;0,2;861,3;1606
613500;18/07/2016;12,3;18,3;15,7;0,1;872;1621,7
613500;19/07/2016;13,2;21,4;17,5;0;884,5;1639,2
613500;20/07/2016;13,4;25,6;20,2;0;899,7;1659,4
613500;21/07/2016;14,9;26;20;0;914,7;1679,4
613500;22/07/2016;13,1;27,1;20,9;0;930,6;1700,3
613500;23/07/2016;15,5;27;21,7;0;947,3;1722
613500;24/07/2016;14,4;27,1;20,9;0;963,2;1742,9
613500;25/07/2016;14,1;27;20,9;0;979,1;1763,8
613500;26/07/2016;13;22,7;18,8;0;992,9;1782,6
613500;27/07/2016;11;20,9;16,7;0;1004,6;1799,3
613500;28/07/2016;12,6;22,2;17,8;1,7;1017,4;1817,1
613500;29/07/2016;11,7;23,4;18,1;0,1;1030,5;1835,2
613500;30/07/2016;13,2;22,4;18;0,8;1043,5;1853,2
613500;31/07/2016;10;19,7;15,7;0;1054,2;1868,9
613500;01/08/2016;10,6;20;15,2;2,3;1064,4;1884,1
613500;02/08/2016;10,8;21,1;15,9;0,4;1075,3;1900
613500;03/08/2016;8,5;19,5;15,2;5,8;1085,5;1915,2
613500;04/08/2016;14,6;22,4;17,9;0,7;1098,4;1933,1
613500;05/08/2016;14,3;22,8;18,3;0;1111,7;1951,4
613500;06/08/2016;13,4;20,3;16,1;2,8;1122,8;1967,5
613500;07/08/2016;11,7;21,2;16,6;0;1134,4;1984,1
613500;08/08/2016;12,4;21,4;17,3;3,6;1146,7;2001,4
613500;09/08/2016;10,8;17,6;13,8;0,2;1155,5;2015,2
613500;10/08/2016;9,9;17,2;13;0,7;1163,5;2028,2
613500;11/08/2016;9,4;17,9;13;0;1171,5;2041,2
613500;12/08/2016;10,8;18,6;15,3;0;1181,8;2056,5
613500;13/08/2016;14;19,6;16,8;1,1;1193,6;2073,3
613500;14/08/2016;12,2;19,7;15,4;5,7;1204;2088,7
613500;15/08/2016;10,7;19,5;15,1;0;1214,1;2103,8
613500;16/08/2016;9,8;20,3;15,2;0;1224,3;2119
613500;17/08/2016;8,3;22;16;0;1235,3;2135
613500;18/08/2016;12,3;18,8;15,6;0,1;1245,9;2150,6
613500;19/08/2016;11,6;22,1;16,8;0;1257,7;2167,4
613500;20/08/2016;13,6;21,7;17,3;0,3;1270;2184,7
613500;21/08/2016;11,5;21,9;17,2;0,8;1282,2;2201,9
613500;22/08/2016;14;20,7;17,2;7,3;1294,4;2219,1
613500;23/08/2016;13,6;20,2;17,8;0,9;1307,2;2236,9
613500;24/08/2016;10,9;24;18,1;0;1320,3;2255
613500;25/08/2016;16,2;27,5;21,7;0;1337;2276,7
613500;26/08/2016;17,2;29,5;22,7;0;1354,7;2299,4
613500;27/08/2016;14;22,4;18;0;1367,7;2317,4
613500;28/08/2016;13,2;21,9;17,8;13,7;1380,5;2335,2
613500;29/08/2016;13,8;19,7;17;0,4;1392,5;2352,2
613500;30/08/2016;12,6;21,2;16,7;0;1404,2;2368,9
613500;31/08/2016;11,3;22,4;17,4;0;1416,6;2386,3
613500;01/09/2016;10,1;20,4;16;0;1427,6;2402,3
613500;02/09/2016;11,4;19,9;16,2;1,1;1438,8;2418,5
613500;03/09/2016;13,6;20,4;17;1,6;1450,8;2435,5
613500;04/09/2016;12,1;15,8;14,2;18,6;1460;2449,7
613500;05/09/2016;10,2;21,3;16;9,9;1471;2465,7
613500;06/09/2016;8,3;20,7;15;0;1481;2480,7
613500;07/09/2016;14,6;23,1;18,2;0;1494,2;2498,9
613500;08/09/2016;11,2;24,7;18,4;0;1507,6;2517,3
613500;09/09/2016;12,5;22,5;17,7;0;1520,3;2535
613500;10/09/2016;9,7;23,1;17,2;0;1532,5;2552,2
613500;11/09/2016;11,9;22,6;18,5;0;1546;2570,7
613500;12/09/2016;11;24,5;18,1;0;1559,1;2588,8
613500;13/09/2016;16,5;26,3;20,6;0;1574,7;2609,4
613500;14/09/2016;15,1;26,1;20,1;0;1589,8;2629,5
613500;15/09/2016;13,1;25,3;18,7;0;1603,5;2648,2
613500;16/09/2016;13,4;23,3;17,8;0;1616,3;2666
613500;17/09/2016;11,3;18,9;16,2;0;1627,5;2682,2
613500;18/09/2016;10,1;18,9;14,1;0;1636,6;2696,3
613500;19/09/2016;8,9;17,4;14,4;0;1646;2710,7
613500;20/09/2016;8,3;19;14,5;0;1655,5;2725,2
613500;21/09/2016;9,1;18,9;14,5;3,5;1665;2739,7
613500;22/09/2016;7,2;18,5;13,1;0;1673,1;2752,8
613500;23/09/2016;9;19,4;14,4;0;1682,5;2767,2
613500;24/09/2016;8,3;18;13,6;0;1691,1;2780,8
613500;25/09/2016;12,4;20,6;16;0;1702,1;2796,8
613500;26/09/2016;11,4;18,1;15,3;0,1;1712,4;2812,1
613500;27/09/2016;11,4;19,9;15,6;11,2;1723;2827,7
613500;28/09/2016;15,6;19,6;17,1;0;1735,1;2844,8
613500;29/09/2016;14,3;18;16,3;3,8;1746,4;2861,1
613500;30/09/2016;10,7;16,4;13,3;2,3;1754,7;2874,4
613500;01/10/2016;9,9;16,6;13,2;0;1762,9;2887,6
613500;02/10/2016;10,7;16,3;12,4;3;1770,3;2900
613500;03/10/2016;10;14,8;12;13,8;1777,3;2912
613500;04/10/2016;6,2;13,6;9,6;0;1781,9;2921,6
613500;05/10/2016;3,9;11,4;7,6;0;1784,5;2929,2
613500;06/10/2016;6,8;10,6;8,7;0;1788,2;2937,9
613500;07/10/2016;5,9;11,7;8,7;0;1791,9;2946,6
613500;08/10/2016;6,5;11,8;8,8;0;1795,7;2955,4
613500;09/10/2016;5,5;9,4;7,5;1;1798,2;2962,9
613500;10/10/2016;6,6;10;8,2;4,4;1801,4;2971,1
613500;11/10/2016;6,8;8,4;7,8;0;1804,2;2978,9
613500;12/10/2016;6,3;10,2;7,8;0;1807;2986,7
613500;13/10/2016;7,3;10,7;8,6;0,6;1810,6;2995,3
613500;14/10/2016;6,2;10,2;9;0;1814,6;3004,3
613500;15/10/2016;8,3;10,8;9,6;1,1;1819,2;3013,9
613500;16/10/2016;7,7;9,1;8,4;0,7;1822,6;3022,3
613500;17/10/2016;7,5;8,9;8,2;0;1825,8;3030,5
613500;18/10/2016;7,8;10,8;9,5;0,2;1830,3;3040
613500;19/10/2016;9,1;11,5;10,1;7,9;1835,4;3050,1
613500;20/10/2016;7,4;11;9,1;1,3;1839,5;3059,2
613500;21/10/2016;7,4;8,6;8;6,7;1842,5;3067,2
613500;22/10/2016;4,2;8;5,9;2,6;1843,4;3073,1
613500;23/10/2016;3,6;9,6;7;0;1845,4;3080,1
613500;24/10/2016;4,3;10;6,7;0;1847,1;3086,8
613500;25/10/2016;2,3;10,6;6,6;0;1848,7;3093,4
613500;26/10/2016;1,6;8,7;6;0;1849,7;3099,4
613500;27/10/2016;8;13,8;10,9;1,5;1855,6;3110,3
613500;28/10/2016;8,4;12,5;11;0,3;1861,6;3121,3
613500;29/10/2016;8;10,8;9,2;0;1865,8;3130,5
613500;30/10/2016;4,4;9,9;7,5;0;1868,3;3138
613500;31/10/2016;4,1;11,3;9;0;1872,3;3147
613500;01/11/2016;6,6;11,3;9,4;0,4;1876,7;3156,4
613500;02/11/2016;1,1;7,3;4,7;3,9;1876,7;3161,1
613500;03/11/2016;0,8;6,6;4;0,8;1876,7;3165,1
613500;04/11/2016;6;8,2;7,2;9,6;1878,9;3172,3
613500;05/11/2016;3,5;7,9;5,8;6,7;1879,7;3178,1
613500;06/11/2016;0,4;5,4;3,5;0,4;1879,7;3181,6
613500;07/11/2016;-1,3;2,4;0;0;1879,7;3181,6
613500;08/11/2016;-3,3;-0,7;-1,9;3,6;1879,7;3181,6
613500;09/11/2016;-2,7;1,5;0;4,3;1879,7;3181,6
613500;10/11/2016;-2,3;1,2;-0,3;0;1879,7;3181,6
613500;11/11/2016;-4,5;2,7;-0,2;0;1879,7;3181,6
613500;12/11/2016;-6;3,1;-1,5;0;1879,7;3181,6
613500;13/11/2016;-1,2;2,3;0,5;0;1879,7;3182,1
613500;14/11/2016;-1;3,5;1,7;3,5;1879,7;3183,8
613500;15/11/2016;3,2;9,7;5,9;6,7;1880,6;3189,7
613500;16/11/2016;1,7;8,6;5,9;1;1881,5;3195,6
613500;17/11/2016;3,3;7,3;6;1,8;1882,5;3201,6
613500;18/11/2016;4,5;8,1;6,5;0,1;1884;3208,1
613500;19/11/2016;3,1;6,7;5;1,9;1884;3213,1
613500;20/11/2016;2,8;10,4;6;2;1885;3219,1
613500;21/11/2016;7,2;10,8;8,5;0,2;1888,5;3227,6
613500;22/11/2016;3,9;9,8;7,9;0;1891,4;3235,5
613500;23/11/2016;4,3;10,1;6,8;0;1893,2;3242,3
613500;24/11/2016;1;7;3,9;0;1893,2;3246,2
613500;25/11/2016;2,3;7,2;4,7;0;1893,2;3250,9
613500;26/11/2016;3,9;9,4;6,5;0;1894,7;3257,4
613500;27/11/2016;0,9;6,3;4,1;0;1894,7;3261,5
613500;28/11/2016;-2,9;2,3;0,1;0;1894,7;3261,6
613500;29/11/2016;-0,4;5,9;3,7;0,1;1894,7;3265,3
613500;30/11/2016;5,2;7,1;6,2;4,3;1895,9;3271,5
613500;01/12/2016;5,8;8,4;7,5;3,1;1898,4;3279
613500;02/12/2016;-1,2;6;3,3;0;1898,4;3282,3
613500;03/12/2016;-3,9;3,6;0,4;0;1898,4;3282,7
613500;04/12/2016;2,1;6,5;4;0;1898,4;3286,7
613500;05/12/2016;3,6;5,8;4,8;0;1898,4;3291,5
613500;06/12/2016;-1,6;5,8;2,9;0;1898,4;3294,4
613500;07/12/2016;2,1;7,3;4,5;4,6;1898,4;3298,9
613500;08/12/2016;7,1;10,4;8,9;0;1902,3;3307,8
613500;09/12/2016;7,3;8,9;8,3;5;1905,6;3316,1
613500;10/12/2016;7,3;10;8,8;2,4;1909,4;3324,9
613500;11/12/2016;5,9;8;6,9;2,7;1911,3;3331,8
613500;12/12/2016;0,8;6,3;2,6;0,1;1911,3;3334,4
613500;13/12/2016;3,1;6,1;4,6;0,1;1911,3;3339
613500;14/12/2016;-1,9;5,2;2,3;0,1;1911,3;3341,3
613500;15/12/2016;-2,3;1,8;0,4;0;1911,3;3341,7
613500;16/12/2016;0,4;2;1,4;0;1911,3;3343,1
613500;17/12/2016;-0,7;5,1;2;0;1911,3;3345,1
613500;18/12/2016;4;6,3;5,3;1,7;1911,6;3350,4
613500;19/12/2016;3,3;4,5;3,9;0;1911,6;3354,3
613500;20/12/2016;0,4;3,9;2,3;0;1911,6;3356,6
613500;21/12/2016;-0,1;5,4;2,4;0;1911,6;3359
613500;22/12/2016;4,3;5,5;4,9;0;1911,6;3363,9
613500;23/12/2016;3,7;6,7;5,4;1,3;1912;3369,3
613500;24/12/2016;2,4;6,5;5,3;1,9;1912,3;3374,6
613500;25/12/2016;2,3;10;6,8;0,1;1914,1;3381,4
613500;26/12/2016;1,3;9,6;6,4;2;1915,5;3387,8
613500;27/12/2016;5,2;7,3;6,2;0,1;1916,7;3394
613500;28/12/2016;4,7;6,6;5,7;0,6;1917,4;3399,7
613500;29/12/2016;1,5;5,3;3,5;0;1917,4;3403,2
613500;30/12/2016;0,4;5,3;3,1;0;1917,4;3406,3
613500;31/12/2016;5;7,4;6,2;0;1918,6;3412,5
613500;01/01/2017;2,9;6,7;5,5;2,5;0,5;5,5
613500;02/01/2017;0;3,4;1,3;0;0,5;6,8
613500;03/01/2017;0,2;7,2;4;3,7;0,5;10,8
613500;04/01/2017;-2,2;4,8;1,9;0,2;0,5;12,7
613500;05/01/2017;-8,7;-2,1;-5,7;0;0,5;12,7
613500;06/01/2017;-10,4;-2,9;-6,5;0;0,5;12,7
613500;07/01/2017;-3;3,3;0,2;3;0,5;12,9
613500;08/01/2017;-0,5;1,7;0,2;0;0,5;13,1
613500;09/01/2017;0,3;2,8;1,7;0;0,5;14,8
613500;10/01/2017;0,1;1,6;0,9;0,1;0,5;15,7
613500;11/01/2017;1,2;5,1;2,9;4,3;0,5;18,6
613500;12/01/2017;0,8;4,3;2,7;0,2;0,5;21,3
613500;13/01/2017;-0,9;2,1;0,7;0;0,5;22
613500;14/01/2017;-2;2,2;0,7;1,3;0,5;22,7
613500;15/01/2017;-3;1,4;-0,3;0,2;0,5;22,7
613500;16/01/2017;-4,1;1,7;-1,4;0;0,5;22,7
613500;17/01/2017;-3,1;1;-1,3;0;0,5;22,7
613500;18/01/2017;0,8;2;1,4;0,1;0,5;24,1
613500;19/01/2017;1,4;4,7;3;0;0,5;27,1
613500;20/01/2017;2,6;6,6;4,5;0;0,5;31,6
613500;21/01/2017;1,8;3,9;3,3;0;0,5;34,9
613500;22/01/2017;0,3;3,3;2,1;0;0,5;37
613500;23/01/2017;0;2,7;1;0;0,5;38
613500;24/01/2017;0,4;4,2;2,4;0;0,5;40,4
613500;25/01/2017;-0,8;2,3;0,3;0;0,5;40,7
613500;26/01/2017;-1,7;1,3;-0,4;0;0,5;40,7
613500;27/01/2017;-1,6;2;-0,1;0;0,5;40,7
613500;28/01/2017;-2,6;3,1;-0,4;0;0,5;40,7
613500;29/01/2017;-2,8;3;0,9;0,8;0,5;41,6
613500;30/01/2017;0,9;3;2,1;0,4;0,5;43,7
613500;31/01/2017;1,2;3,1;2,4;0;0,5;46,1
613500;01/02/2017;-0,9;1,3;0,6;0;0,5;46,7
613500;02/02/2017;-0,6;1,9;0,4;0;0,5;47,1
613500;03/02/2017;-0,3;2,2;1,2;0;0,5;48,3
613500;04/02/2017;1,4;3,1;2,1;0,2;0,5;50,4
613500;05/02/2017;0,7;2,6;1,7;0,4;0,5;52,1
613500;06/02/2017;-1,2;2,6;1,2;0,2;0,5;53,3
613500;07/02/2017;-2,8;-0,9;-1,7;1,3;0,5;53,3
613500;08/02/2017;-3,1;-1,9;-2,6;0,8;0,5;53,3
613500;09/02/2017;-5,4;-2,8;-3,4;0,1;0,5;53,3
613500;10/02/2017;-3,5;0,6;-1,4;0;0,5;53,3
613500;11/02/2017;-1,9;0,9;-0,5;0;0,5;53,3
613500;12/02/2017;-1,5;0,2;-0,7;0;0,5;53,3
613500;13/02/2017;-5,8;0,2;-2;0;0,5;53,3
613500;14/02/2017;-6,4;4,1;-1,9;0;0,5;53,3
613500;15/02/2017;-2,6;4,2;0,6;0;0,5;53,9
613500;16/02/2017;-2,3;4,5;2,4;0;0,5;56,3
613500;17/02/2017;2,2;5,7;3,9;0,2;0,5;60,2
613500;18/02/2017;1,7;5;3,3;0;0,5;63,5
613500;19/02/2017;2,4;5,6;4,2;1,5;0,5;67,7
613500;20/02/2017;3,9;7,5;5,7;0,9;1,2;73,4
613500;21/02/2017;3,4;7,4;5,7;0;1,9;79,1
613500;22/02/2017;2,9;8;5,8;7;2,7;84,9
613500;23/02/2017;0,4;5,9;4;10,8;2,7;88,9
613500;24/02/2017;-0,8;4,8;1,6;0,3;2,7;90,5
613500;25/02/2017;-0,5;4,2;1,9;3,3;2,7;92,4
613500;26/02/2017;4;6,5;5,6;0,3;3,3;98
613500;27/02/2017;6,2;9;7,6;0,8;5,9;105,6
613500;28/02/2017;2,9;7,7;5;0,3;5,9;110,6
613500;01/03/2017;2,2;5,7;3,7;0,2;5,9;114,3
613500;02/03/2017;1,6;6,1;3,6;3,3;5,9;117,9
613500;03/03/2017;1,1;6,6;4,4;0;5,9;122,3
613500;04/03/2017;0,9;7,4;4,4;0,7;5,9;126,7
613500;05/03/2017;3,3;6,1;4,6;3,3;5,9;131,3
613500;06/03/2017;-0,1;3,5;1,9;0;5,9;133,2
613500;07/03/2017;-1,4;0,9;-0,5;0;5,9;133,2
613500;08/03/2017;-1,3;4,7;2,1;2;5,9;135,3
613500;09/03/2017;3,1;5,5;4,1;1,3;5,9;139,4
613500;10/03/2017;2,4;7,9;5,3;0;6,2;144,7
613500;11/03/2017;1,4;8,7;4,2;0;6,2;148,9
613500;12/03/2017;0,1;5;1,9;0;6,2;150,8
613500;13/03/2017;-0,5;6,2;2,5;0;6,2;153,3
613500;14/03/2017;2,5;9,5;6;0;7,2;159,3
613500;15/03/2017;3,7;9,8;6,3;0;8,5;165,6
613500;16/03/2017;3,1;11,6;7,3;0;10,8;172,9
613500;17/03/2017;2,7;8,2;5,3;2,5;11,1;178,2
613500;18/03/2017;1,8;6,7;4,1;7,3;11,1;182,3
613500;19/03/2017;-0,7;6,1;2;8,3;11,1;184,3
613500;20/03/2017;4,7;8,6;6,3;8,1;12,4;190,6
613500;21/03/2017;2,1;8,6;5,7;2,7;13,1;196,3
613500;22/03/2017;-0,2;9,8;5,3;0;13,4;201,6
613500;23/03/2017;-1,2;10,8;4,7;0;13,4;206,3
613500;24/03/2017;-1,1;8,6;4,1;0;13,4;210,4
613500;25/03/2017;1,3;10,7;6;0;14,4;216,4
613500;26/03/2017;1,1;9,5;4,4;0;14,4;220,8
613500;27/03/2017;3;11,9;6,4;0;15,8;227,2
613500;28/03/2017;3,2;12,8;6,6;0;17,4;233,8
613500;29/03/2017;3,3;7,6;5,6;1,2;18;239,4
613500;30/03/2017;5,9;12,1;8,4;4,6;21,4;247,8
613500;31/03/2017;7,2;17,3;12,1;0;28,5;259,9
613500;01/04/2017;7,8;15,3;11,1;0,3;34,6;271
613500;02/04/2017;7,9;14;10,2;0,6;39,8;281,2
613500;03/04/2017;3;10,6;7,4;0;42,2;288,6
613500;04/04/2017;-0,4;12,2;6,4;0;43,6;295
613500;05/04/2017;3,7;10,6;7;0,5;45,6;302
613500;06/04/2017;2,3;10;6,8;0,3;47,4;308,8
613500;07/04/2017;7,3;13,6;9,4;0;51,8;318,2
613500;08/04/2017;6,6;10,3;8,5;0;55,3;326,7
613500;09/04/2017;3,1;13,8;8,4;0;58,7;335,1
613500;10/04/2017;5,7;11;9;0,1;62,7;344,1
613500;11/04/2017;4;10,2;6,5;2,9;64,2;350,6
613500;12/04/2017;5,6;10,1;7,6;5,4;66,8;358,2
613500;13/04/2017;5,4;10,1;7,3;0,4;69,1;365,5
613500;14/04/2017;4,7;8,7;6,7;3,1;70,8;372,2
613500;15/04/2017;1,6;8,9;5,5;6,2;71,3;377,7
613500;16/04/2017;0;7,1;3,4;0;71,3;381,1
613500;17/04/2017;1;4,9;3,5;8,2;71,3;384,6
613500;18/04/2017;-2;5,6;1,7;0;71,3;386,3
613500;19/04/2017;-3,6;7,2;2,2;0;71,3;388,5
613500;20/04/2017;0;7,6;5,3;0;71,6;393,8
613500;21/04/2017;4,8;11,2;8,4;1,6;75;402,2
613500;22/04/2017;3,5;10,1;6,3;0;76,3;408,5
613500;23/04/2017;3,6;9,1;6;0;77,3;414,5
613500;24/04/2017;2,3;9,9;5,8;4,2;78,1;420,3
613500;25/04/2017;0,9;6,5;3,4;1,5;78,1;423,7
613500;26/04/2017;-0,4;9;4,1;0;78,1;427,8
613500;27/04/2017;-0,5;8,6;4,8;0;78,1;432,6
613500;28/04/2017;3,8;9,3;6,4;5,7;79,5;439
613500;29/04/2017;-0,2;9,1;5,3;1,4;79,8;444,3
613500;30/04/2017;0,1;10,6;6,1;0;80,9;450,4
613500;01/05/2017;4,6;11,9;7,8;0;83,7;458,2
613500;02/05/2017;3,8;13,3;8,6;0;87,3;466,8
613500;03/05/2017;6,4;12,9;8,1;0;90,4;474,9
613500;04/05/2017;8,5;14,4;11,4;0;96,8;486,3
613500;05/05/2017;6,6;13,2;9,3;0,5;101,1;495,6
613500;06/05/2017;6,9;15,5;10,2;0;106,3;505,8
613500;07/05/2017;3,6;15,5;10,7;0;112;516,5
613500;08/05/2017;1,8;10,8;7,8;0;114,8;524,3
613500;09/05/2017;0,7;9,9;6,1;0,1;115,9;530,4
613500;10/05/2017;4,9;8,4;6,4;9,4;117,3;536,8
613500;11/05/2017;5,5;13,1;8,5;0,4;120,8;545,3
613500;12/05/2017;5,2;13;9,2;0;125;554,5
613500;13/05/2017;7,2;18,2;12,1;0;132,1;566,6
613500;14/05/2017;8;18,3;13,2;0,3;140,3;579,8
613500;15/05/2017;7,7;18,6;12,5;0;147,8;592,3
613500;16/05/2017;10;13;11,5;8,9;154,3;603,8
613500;17/05/2017;12,4;21,2;16,6;0;165,9;620,4
613500;18/05/2017;14,7;24,2;18,7;0,8;179,6;639,1
613500;19/05/2017;12,8;24,1;17,4;1;192;656,5
613500;20/05/2017;8,9;15,8;12,9;0;199,9;669,4
613500;21/05/2017;6;18,3;13,2;0;208,1;682,6
613500;22/05/2017;6,9;17,5;12,9;0;216;695,5
613500;23/05/2017;7,2;21,5;14,3;1,6;225,3;709,8
613500;24/05/2017;10,7;17,5;13;0;233,3;722,8
613500;25/05/2017;9,3;19,6;14,1;0;242,4;736,9
613500;26/05/2017;11,5;21,5;16,3;0;253,7;753,2
613500;27/05/2017;8,4;23,2;17,4;0;266,1;770,6
613500;28/05/2017;15;22,9;18,5;0;279,6;789,1
613500;29/05/2017;12,8;15,8;14,4;0;289;803,5
613500;30/05/2017;11,5;21,1;15,6;2,4;299,6;819,1
613500;31/05/2017;10,7;16,3;13,9;0;308,5;833
613500;01/06/2017;8,9;18;13,3;0;316,8;846,3
613500;02/06/2017;7,2;21,1;14,6;0;326,4;860,9
613500;03/06/2017;9,1;20,2;15,1;0;336,5;876
613500;04/06/2017;10,5;17,6;14,1;1,3;345,6;890,1
613500;05/06/2017;9,5;19,2;14,4;0;355;904,5
613500;06/06/2017;10,9;21,7;16,1;7,9;366,1;920,6
613500;07/06/2017;10,7;15,6;12,4;8,9;373,5;933
613500;08/06/2017;10,6;16,8;13,5;3,2;382;946,5
613500;09/06/2017;12,2;22,6;16,6;4,4;393,6;963,1
613500;10/06/2017;11,6;19,4;15,1;0;403,7;978,2
613500;11/06/2017;14,4;22,7;18,6;2,3;417,3;996,8
613500;12/06/2017;12,7;18;15,1;2,9;427,4;1011,9
613500;13/06/2017;12,6;17,7;14,5;0;436,9;1026,4
613500;14/06/2017;10,9;19,9;15,2;0;447,1;1041,6
613500;15/06/2017;9,2;20,8;16,4;0,1;458,5;1058
613500;16/06/2017;12,5;18,7;15,8;3,3;469,3;1073,8
613500;17/06/2017;12,4;20,8;16;0;480,3;1089,8
613500;18/06/2017;11,8;25,1;18,5;0;493,8;1108,3
613500;19/06/2017;15;24,9;19,9;0;508,7;1128,2
613500;20/06/2017;13;18,7;16,4;0;520,1;1144,6
613500;21/06/2017;11,4;17,6;14,3;0;529,4;1158,9
613500;22/06/2017;9,4;20,3;15,6;6,2;540;1174,5
613500;23/06/2017;14,4;18,2;16,3;0,4;551,3;1190,8
613500;24/06/2017;12,2;18,9;15,6;2,1;561,9;1206,4
613500;25/06/2017;11,9;18,6;15,1;0;572;1221,5
613500;26/06/2017;11,2;18,6;14,4;0;581,4;1235,9
613500;27/06/2017;8,7;17,7;13,2;0;589,6;1249,1
613500;28/06/2017;9,5;20,2;14,7;1,2;599,3;1263,8
613500;29/06/2017;13,1;17,1;15,4;12,4;609,7;1279,2
613500;30/06/2017;14;15,4;14,6;34,3;619,3;1293,8
613500;01/07/2017;13,2;20,5;15,5;1,8;629,8;1309,3
613500;02/07/2017;12,6;18,3;15;0,4;639,8;1324,3
613500;03/07/2017;11,7;17,6;14,1;14,3;648,9;1338,4
613500;04/07/2017;11,3;18,5;14,3;0;658,2;1352,7
613500;05/07/2017;10,5;19,9;14,7;0;667,9;1367,4
613500;06/07/2017;6,3;19,4;14;0;676,9;1381,4
613500;07/07/2017;10,2;20;16,1;0,1;688;1397,5
613500;08/07/2017;12,2;22,1;16,4;0,1;699,4;1413,9
613500;09/07/2017;9,4;19,2;14,8;0;709,2;1428,7
613500;10/07/2017;7,3;19,4;13,9;3,7;718,1;1442,6
613500;11/07/2017;8,2;20,8;15,3;0,1;728,4;1457,9
613500;12/07/2017;13;17,2;14,3;2,8;737,7;1472,2
613500;13/07/2017;10,1;18,4;14,5;0;747,2;1486,7
613500;14/07/2017;8,8;19,6;14,5;0;756,7;1501,2
613500;15/07/2017;6,1;21,9;15,2;0;766,9;1516,4
613500;16/07/2017;11,2;18,9;14,9;7,2;776,8;1531,3
613500;17/07/2017;9,8;20,5;15,4;0;787,2;1546,7
613500;18/07/2017;11,3;18,9;15,2;0;797,4;1561,9
613500;19/07/2017;8,6;21,8;16,2;0;808,6;1578,1
613500;20/07/2017;13,2;22;16,8;1,9;820,4;1594,9
613500;21/07/2017;14,9;21,2;17,5;0;832,9;1612,4
613500;22/07/2017;14,8;20,3;16,8;0,4;844,7;1629,2
613500;23/07/2017;12,3;19,2;16,2;11,6;855,9;1645,4
613500;24/07/2017;8,9;22,3;15,7;11,1;866,6;1661,1
613500;25/07/2017;13,9;16,8;15,4;2,7;877;1676,5
613500;26/07/2017;12,9;22,7;17,8;0;889,8;1694,3
613500;27/07/2017;10,4;20,3;15,9;1,4;900,7;1710,2
613500;28/07/2017;9;20,5;15,8;0;911,5;1726
613500;29/07/2017;11,9;22;16,1;1,8;922,6;1742,1
613500;30/07/2017;11,9;25;18,3;12,7;935,9;1760,4
613500;31/07/2017;10,7;23,1;17,6;0,1;948,5;1778
613500;01/08/2017;12,2;23,5;17,8;0,1;961,3;1795,8
613500;02/08/2017;13,8;22,9;18,1;0;974,4;1813,9
613500;03/08/2017;12,8;19,2;16,7;10,5;986,1;1830,6
613500;04/08/2017;15;20,6;17,2;3,7;998,3;1847,8
613500;05/08/2017;14,1;21,3;17,2;0,1;1010,5;1865
613500;06/08/2017;12,6;21;16,2;0;1021,7;1881,2
613500;07/08/2017;9,8;22,5;16,9;0;1033,6;1898,1
613500;08/08/2017;11,1;25,1;18;0,1;1046,6;1916,1
613500;09/08/2017;15,3;22,5;18,5;0,3;1060,1;1934,6
613500;10/08/2017;11,7;21,3;16,8;0;1071,9;1951,4
613500;11/08/2017;10,1;18,6;14,8;0,1;1081,7;1966,2
613500;12/08/2017;14;17,3;15,3;2,1;1092;1981,5
613500;13/08/2017;10,9;19,9;15,5;0;1102,5;1997
613500;14/08/2017;6,4;20,2;14;0;1111,5;2011
613500;15/08/2017;10,3;25,1;18,8;6,5;1125,3;2029,8
613500;16/08/2017;13,5;21,7;17,8;0,5;1138,1;2047,6
613500;17/08/2017;10,1;22,9;17;6,2;1150,1;2064,6
613500;18/08/2017;15,5;20;17,9;4,6;1163;2082,5
613500;19/08/2017;13,7;19;16;1,9;1174;2098,5
613500;20/08/2017;13,2;18,6;15,6;0,4;1184,6;2114,1
613500;21/08/2017;13,3;19,6;15,8;1;1195,4;2129,9
613500;22/08/2017;10,9;19,2;15,3;0;1205,7;2145,2
613500;23/08/2017;9,1;20,5;15;0;1215,7;2160,2
613500;24/08/2017;7,8;20,2;14,9;0,1;1225,6;2175,1
613500;25/08/2017;13,4;21,4;16,8;0;1237,4;2191,9
613500;26/08/2017;10,5;20,6;15,9;0;1248,3;2207,8
613500;27/08/2017;11,9;19,4;15,8;0,1;1259,1;2223,6
613500;28/08/2017;10,3;20,5;16;0;1270,1;2239,6
613500;29/08/2017;14,6;23,9;19,1;0;1284,2;2258,7
613500;30/08/2017;14,9;18,8;17,2;8,7;1296,4;2275,9
613500;31/08/2017;12,8;16,8;15;6,2;1306,4;2290,9
613500;01/09/2017;8,3;18,7;13,9;0;1315,3;2304,8
613500;02/09/2017;8,3;17,9;13,3;0;1323,6;2318,1
613500;03/09/2017;6;19,3;12,7;0;1331,3;2330,8
613500;04/09/2017;7;17,7;13;0;1339,3;2343,8
613500;05/09/2017;7,8;19,8;14,8;0;1349,1;2358,6
613500;06/09/2017;13,9;16,7;15,6;16,8;1359,7;2374,2
613500;07/09/2017;12,3;14,6;13,3;8,6;1368;2387,5
613500;08/09/2017;12,9;15,9;14,2;6,6;1377,2;2401,7
613500;09/09/2017;10,7;15,5;13,7;20,2;1385,9;2415,4
613500;10/09/2017;9,4;17,4;13,8;0;1394,7;2429,2
613500;11/09/2017;12,7;18,2;14,8;3,2;1404,5;2444
613500;12/09/2017;12,8;17,1;14,7;0,2;1414,2;2458,7
613500;13/09/2017;11,1;14,6;12,7;20,1;1421,9;2471,4
613500;14/09/2017;10,5;14;12,3;9,4;1429,2;2483,7
613500;15/09/2017;10,9;16,1;12,8;0,2;1437;2496,5
613500;16/09/2017;7,4;14,5;11,8;1,4;1443,8;2508,3
613500;17/09/2017;6,6;16,7;11,1;0;1449,9;2519,4
613500;18/09/2017;4,7;16,2;10,4;0;1455,3;2529,8
613500;19/09/2017;8;16,9;12,5;2,9;1462,8;2542,3
613500;20/09/2017;11,4;16,2;13,3;1,7;1471,1;2555,6
613500;21/09/2017;9,4;17;13,2;0,5;1479,3;2568,8
613500;22/09/2017;6,5;15,8;10,7;0;1485;2579,5
613500;23/09/2017;5,9;16,3;11,8;0;1491,8;2591,3
613500;24/09/2017;13,4;19,5;15,2;0;1502;2606,5
613500;25/09/2017;12,6;18,6;14,6;3,7;1511,6;2621,1
613500;26/09/2017;12,8;17,5;14,6;0;1521,2;2635,7
613500;27/09/2017;12,8;16,9;14,5;7,2;1530,7;2650,2
613500;28/09/2017;12,9;15;13,8;0;1539,5;2664
613500;29/09/2017;12,6;17,1;14,1;0;1548,6;2678,1
613500;30/09/2017;11,3;15,4;13,3;0;1556,9;2691,4
613500;01/10/2017;11,1;16,3;13,2;6,1;1565,1;2704,6
613500;02/10/2017;11,3;16,1;13;13,2;1573,1;2717,6
613500;03/10/2017;11;15,3;12,8;1,4;1580,9;2730,4
613500;04/10/2017;7,7;12,3;11;5,3;1586,9;2741,4
613500;05/10/2017;8,8;12;10,4;2,5;1592,3;2751,8
613500;06/10/2017;9,4;14,4;11,2;1,9;1598,5;2763
613500;07/10/2017;8,4;12,2;10,4;2;1603,9;2773,4
613500;08/10/2017;5,7;11,4;9,1;0;1608;2782,5
613500;09/10/2017;4,4;12,6;8,7;0;1611,7;2791,2
613500;10/10/2017;2,4;12,9;8,4;0,4;1615,1;2799,6
613500;11/10/2017;11,2;14,3;12,8;0;1622,9;2812,4
613500;12/10/2017;10,3;13,8;12,2;2,3;1630,1;2824,6
613500;13/10/2017;9;14,5;11,9;0;1637;2836,5
613500;14/10/2017;13,9;15,8;14,9;0;1646,9;2851,4
613500;15/10/2017;12,8;15;14,1;0;1656;2865,5
613500;16/10/2017;10,7;16,9;13,8;0,1;1664,8;2879,3
613500;17/10/2017;11,6;14,8;13,6;0;1673,4;2892,9
613500;18/10/2017;11,3;13,6;12,3;3;1680,7;2905,2
613500;19/10/2017;11,2;13,1;11,8;0,7;1687,5;2917
613500;20/10/2017;11,1;12,3;11,8;3;1694,3;2928,8
613500;21/10/2017;9,6;13,9;11,7;1;1701;2940,5
613500;22/10/2017;9,5;13,1;11,3;7,5;1707,3;2951,8
613500;23/10/2017;8,5;12,1;9,9;5,6;1712,2;2961,7
613500;24/10/2017;8,2;13,1;10,3;7,6;1717,5;2972
613500;25/10/2017;10,9;14,4;13,1;2;1725,6;2985,1
613500;26/10/2017;10,5;13,5;11,6;2,6;1732,2;2996,7
613500;27/10/2017;9,2;11;10,2;1;1737,4;3006,9
613500;28/10/2017;9,5;11,9;10,6;0,7;1743;3017,5
613500;29/10/2017;4,2;10,4;8;8,9;1746;3025,5
613500;30/10/2017;2;8,7;5,8;0,4;1746,8;3031,3
613500;31/10/2017;1,6;9,7;7,2;0;1749;3038,5
613500;01/11/2017;9,5;13,1;11,6;0,5;1755,6;3050,1
613500;02/11/2017;9,3;11,5;10,4;1,9;1761;3060,5
613500;03/11/2017;6,6;10,3;9,1;0,2;1765,1;3069,6
613500;04/11/2017;8,5;11,4;9,5;0;1769,6;3079,1
613500;05/11/2017;6;11,2;9,5;0,1;1774,1;3088,6
613500;06/11/2017;0,3;9,4;5,4;0;1774,5;3094
613500;07/11/2017;-0,8;9,2;3,5;0;1774,5;3097,5
613500;08/11/2017;0,9;9,4;5,8;0;1775,3;3103,3
613500;09/11/2017;5,9;8,9;7,5;0,9;1777,8;3110,8
613500;10/11/2017;4,9;9;6,7;3,1;1779,5;3117,5
613500;11/11/2017;4,1;6,6;5;0;1779,5;3122,5
613500;12/11/2017;2,1;7,2;5,4;0;1779,9;3127,9
613500;13/11/2017;-0,5;6,6;3,4;0;1779,9;3131,3
613500;14/11/2017;-0,7;8,4;5,4;2,9;1780,3;3136,7
613500;15/11/2017;1,6;8,9;6,3;0,1;1781,6;3143
613500;16/11/2017;0,3;9,1;5,9;2;1782,5;3148,9
613500;17/11/2017;4,6;8,5;6,4;0;1783,9;3155,3
613500;18/11/2017;4,4;7;5,7;3,4;1784,6;3161
613500;19/11/2017;0,4;6,3;4,4;1,4;1784,6;3165,4
613500;20/11/2017;0,1;5,7;3,2;0,2;1784,6;3168,6
613500;21/11/2017;1,1;4,6;3,3;0,3;1784,6;3171,9
613500;22/11/2017;3,8;10,1;7,6;9,9;1787,2;3179,5
613500;23/11/2017;7,1;10,9;8,7;0,3;1790,9;3188,2
613500;24/11/2017;3,3;7,8;6,4;1,2;1792,3;3194,6
613500;25/11/2017;-0,1;6;3;0;1792,3;3197,6
613500;26/11/2017;2,8;6,1;4,7;1,9;1792,3;3202,3
613500;27/11/2017;3,5;6,2;5;8,8;1792,3;3207,3
613500;28/11/2017;3,7;5,9;4,7;6,7;1792,3;3212
613500;29/11/2017;-0,1;5;2,7;1,1;1792,3;3214,7
613500;30/11/2017;-1,2;5;1,1;0;1792,3;3215,8
613500;01/12/2017;-0,1;3,4;1,9;0;1792,3;3217,7
613500;02/12/2017;-0,6;3,9;2;0,1;1792,3;3219,7
613500;03/12/2017;2,6;6,8;4,5;4,2;1792,3;3224,2
613500;04/12/2017;2,4;5,1;3,6;0;1792,3;3227,8
613500;05/12/2017;2,8;8,4;7,2;0,3;1794,5;3235
613500;06/12/2017;6,8;8,7;7,9;0;1797,4;3242,9
613500;07/12/2017;4,9;8,7;6,2;3,5;1798,6;3249,1
613500;08/12/2017;2,3;6,3;4,1;0;1798,6;3253,2
613500;09/12/2017;1,2;4,9;3;0;1798,6;3256,2
613500;10/12/2017;-1,1;2;1;0,9;1798,6;3257,2
613500;11/12/2017;-1;0,5;0;2,9;1798,6;3257,2
613500;12/12/2017;-0,2;2,8;1;1,9;1798,6;3258,2
613500;13/12/2017;1,4;2,8;2;5,9;1798,6;3260,2
613500;14/12/2017;0,6;5;2,8;3,6;1798,6;3263
613500;15/12/2017;0,9;4;3;0,1;1798,6;3266
613500;16/12/2017;-1,7;2,7;1;0;1798,6;3267
613500;17/12/2017;-0,8;2,3;0,6;0;1798,6;3267,6
613500;18/12/2017;0,3;3,3;1,6;0;1798,6;3269,2
613500;19/12/2017;2,1;4,1;3;0;1798,6;3272,2
613500;20/12/2017;2,3;6,5;4,5;0;1798,6;3276,7
613500;21/12/2017;3,4;6,9;5,2;0;1798,8;3281,9
613500;22/12/2017;4;5,6;4,8;0;1798,8;3286,7
613500;23/12/2017;5;9,5;7,5;0;1801,3;3294,2
613500;24/12/2017;7,2;9,4;8,2;1,4;1804,5;3302,4
613500;25/12/2017;5,9;8,2;7,3;0,2;1806,8;3309,7
613500;26/12/2017;3,4;6,1;5;0,3;1806,8;3314,7
613500;27/12/2017;2,1;4,6;3,8;5,2;1806,8;3318,5
613500;28/12/2017;2,9;4,4;3,7;0;1806,8;3322,2
613500;29/12/2017;0,4;4,2;2,9;0;1806,8;3325,1
613500;30/12/2017;0,5;4,2;2,2;5;1806,8;3327,3
613500;31/12/2017;1;7,9;4,3;3;1806,8;3331,6
613500;01/01/2018;4,3;7,4;5,7;5,8;0,7;5,7
613500;02/01/2018;2,8;5,7;4,4;0;0,7;10,1
613500;03/01/2018;0,8;6;3,3;17,7;0,7;13,4
613500;04/01/2018;0,1;4,4;3;4,6;0,7;16,4
613500;05/01/2018;0,3;3,5;2,4;4,3;0,7;18,8
613500;06/01/2018;-1,5;2,7;0,4;2,7;0,7;19,2
613500;07/01/2018;-4,5;1,5;-1,8;0;0,7;19,2
613500;08/01/2018;-4,9;3;-1,7;0;0,7;19,2
613500;09/01/2018;0,1;4,3;2,3;0;0,7;21,5
613500;10/01/2018;1,2;3,4;2;14,7;0,7;23,5
613500;11/01/2018;1,7;3,4;2,6;1,8;0,7;26,1
613500;12/01/2018;0,7;2,3;1,7;0,4;0,7;27,8
613500;13/01/2018;-1;1,9;0,6;0;0,7;28,4
613500;14/01/2018;-2,2;0,1;-0,9;0;0,7;28,4
613500;15/01/2018;-1,7;2,4;0,3;3,3;0,7;28,7
613500;16/01/2018;0,8;3,7;2,3;5,8;0,7;31
613500;17/01/2018;0,9;2,1;1,3;0,1;0,7;32,3
613500;18/01/2018;0,2;2,1;1,1;3;0,7;33,4
613500;19/01/2018;0,1;2,7;1,5;0,4;0,7;34,9
613500;20/01/2018;0,3;2;1,4;0;0,7;36,3
613500;21/01/2018;-2,6;2,4;-0,2;0;0,7;36,3
613500;22/01/2018;-1,1;0,3;-0,2;0,6;0,7;36,3
613500;23/01/2018;-0,3;5;1,5;2,1;0,7;37,8
613500;24/01/2018;4,9;10,5;7,7;2,9;3,4;45,5
613500;25/01/2018;4,4;6,3;5,5;0,2;3,9;51
613500;26/01/2018;2,4;4,9;3,5;0,1;3,9;54,5
613500;27/01/2018;3;5,9;4,5;0,2;3,9;59
613500;28/01/2018;3,5;6,9;5,4;0,2;4,3;64,4
613500;29/01/2018;4,1;7,9;6,4;0,3;5,7;70,8
613500;30/01/2018;3,2;5,8;4,4;0;5,7;75,2
613500;31/01/2018;2,2;6,1;3,7;5,1;5,7;78,9
613500;01/02/2018;1,6;3,5;2,7;1,9;5,7;81,6
613500;02/02/2018;-2,3;3,1;1,9;6,5;5,7;83,5
613500;03/02/2018;-3,4;-0,9;-2;0;5,7;83,5
613500;04/02/2018;-3,2;0,9;-0,8;0;5,7;83,5
613500;05/02/2018;-5,3;-1,2;-3,2;0;5,7;83,5
613500;06/02/2018;-6,8;-1,9;-3,9;0;5,7;83,5
613500;07/02/2018;-5,5;-0,5;-2,4;0;5,7;83,5
613500;08/02/2018;-3,9;1,4;-1,5;0;5,7;83,5
613500;09/02/2018;-3,5;0;-1,8;0;5,7;83,5
613500;10/02/2018;-4,6;0,8;-1,7;0;5,7;83,5
613500;11/02/2018;-0,5;2,8;0,9;2,2;5,7;84,4
613500;12/02/2018;0,9;3,1;2;0,5;5,7;86,4
613500;13/02/2018;-0,6;1,4;0,6;0;5,7;87
613500;14/02/2018;-1,9;3,4;0,4;0;5,7;87,4
613500;15/02/2018;-1,3;0,8;-0,4;0,6;5,7;87,4
613500;16/02/2018;0,4;4,8;2,4;1;5,7;89,8
613500;17/02/2018;1;4,2;2,3;0,8;5,7;92,1
613500;18/02/2018;0,2;3,3;1,7;0;5,7;93,8
613500;19/02/2018;-0,2;3,5;1;2,9;5,7;94,8
613500;20/02/2018;-0,7;3,5;1;0;5,7;95,8
613500;21/02/2018;-0,5;3,1;0,8;0,9;5,7;96,6
613500;22/02/2018;-2,3;2,1;-0,2;1;5,7;96,6
613500;23/02/2018;-4,1;1,9;-1,2;0;5,7;96,6
613500;24/02/2018;-3,8;-0,5;-1,8;0;5,7;96,6
613500;25/02/2018;-6,2;-2;-4;0;5,7;96,6
613500;26/02/2018;-7,7;-0,8;-4,4;0;5,7;96,6
613500;27/02/2018;-8,3;-4,1;-6,2;0,1;5,7;96,6
613500;28/02/2018;-9,4;-5,5;-7,6;0,2;5,7;96,6
613500;01/03/2018;-7,9;-3,4;-5,6;0,1;5,7;96,6
613500;02/03/2018;-6,2;-2,6;-4,4;0,3;5,7;96,6
613500;03/03/2018;-4,7;-0,5;-2,9;0,2;5,7;96,6
613500;04/03/2018;-4,8;-0,7;-2,7;0;5,7;96,6
613500;05/03/2018;-2,5;2,5;-0,5;1,4;5,7;96,6
613500;06/03/2018;-3,2;6,4;1,7;0;5,7;98,3
613500;07/03/2018;-0,3;2;0,4;3,2;5,7;98,7
613500;08/03/2018;-1,1;2;0,2;7,8;5,7;98,9
613500;09/03/2018;-0,9;1,9;0,6;0,2;5,7;99,5
613500;10/03/2018;-1,6;1,9;0;4,5;5,7;99,5
613500;11/03/2018;0,8;4,7;2,8;4;5,7;102,3
613500;12/03/2018;2,5;5,4;4;11,1;5,7;106,3
613500;13/03/2018;1,1;3,4;2,1;5,5;5,7;108,4
613500;14/03/2018;0,6;3,6;1,8;0;5,7;110,2
613500;15/03/2018;-0,6;1,3;0,3;0;5,7;110,5
613500;16/03/2018;-4,5;-0,2;-1,9;0,1;5,7;110,5
613500;17/03/2018;-5,4;-1;-3,5;0,1;5,7;110,5
613500;18/03/2018;-4,9;0,9;-2,1;0,6;5,7;110,5
613500;19/03/2018;-6,4;2,7;-1,2;0;5,7;110,5
613500;20/03/2018;-2,5;4,2;1;0,3;5,7;111,5
613500;21/03/2018;-2,6;5,7;1,3;0,9;5,7;112,8
613500;22/03/2018;-0,2;2,8;1,1;5,1;5,7;113,9
613500;23/03/2018;-0,2;1,9;0,8;0;5,7;114,7
613500;24/03/2018;1,1;4,8;2,8;0;5,7;117,5
613500;25/03/2018;2,7;5,7;4;0,4;5,7;121,5
613500;26/03/2018;0,7;6,4;3,5;0;5,7;125
613500;27/03/2018;0,9;5,6;3,1;0;5,7;128,1
613500;28/03/2018;-1,7;0,9;-0,2;1;5,7;128,1
613500;29/03/2018;-0,6;0,7;0,2;0,9;5,7;128,3
613500;30/03/2018;-3,3;4,3;0,6;0;5,7;128,9
613500;31/03/2018;-0,9;2,1;0,5;0,3;5,7;129,4
613500;01/04/2018;0,1;2,3;1;0,1;5,7;130,4
613500;02/04/2018;-1,2;6,4;2,3;0;5,7;132,7
613500;03/04/2018;0,4;8,6;4,1;4,5;5,7;136,8
613500;04/04/2018;7,3;11,7;9,2;1,3;9,9;146
613500;05/04/2018;2,8;9,9;6,3;1,2;11,2;152,3
613500;06/04/2018;1,9;9,9;5,3;0;11,5;157,6
613500;07/04/2018;3,7;13,4;7,9;0;14,4;165,5
613500;08/04/2018;5,1;17,7;11,5;0;20,9;177
613500;09/04/2018;7,4;17,5;11,9;0;27,8;188,9
613500;10/04/2018;4,8;11,8;7,9;0;30,7;196,8
613500;11/04/2018;2,9;11,3;6,3;0;32;203,1
613500;12/04/2018;4,1;13,8;8,3;0;35,3;211,4
613500;13/04/2018;7,6;14,8;10,7;0,5;41;222,1
613500;14/04/2018;6,4;11,2;8,3;0,2;44,3;230,4
613500;15/04/2018;4,6;8,8;7;0,7;46,3;237,4
613500;16/04/2018;2,8;14,5;8,7;0;50;246,1
613500;17/04/2018;5,7;14,7;9,4;0;54,4;255,5
613500;18/04/2018;6,5;19,7;12,9;0;62,3;268,4
613500;19/04/2018;6,2;21,3;14,6;0;71,9;283
613500;20/04/2018;10,5;23,9;16,4;0;83,3;299,4
613500;21/04/2018;7,2;17;11,7;0;90;311,1
613500;22/04/2018;3,2;16,4;10,5;0;95,5;321,6
613500;23/04/2018;7,9;15,9;11,9;0;102,4;333,5
613500;24/04/2018;7,4;13,3;9,7;0,1;107,1;343,2
613500;25/04/2018;5,7;12,1;8;11;110,1;351,2
613500;26/04/2018;6;11,6;8,3;14,1;113,4;359,5
613500;27/04/2018;6,7;12,9;9,4;1,1;117,8;368,9
613500;28/04/2018;7,1;16;10,9;2,1;123,7;379,8
613500;29/04/2018;7,2;15,4;10,6;0;129,3;390,4
613500;30/04/2018;7,9;16,7;10,7;10,4;135;401,1
613500;01/05/2018;6,1;10,4;8,2;2,5;138,2;409,3
613500;02/05/2018;4,4;13,4;9,3;0;142,5;418,6
613500;03/05/2018;5,4;13,1;9;0;146,5;427,6
613500;04/05/2018;1,9;12,9;8,1;0;149,6;435,7
613500;05/05/2018;2,9;17,5;10,9;5,3;155,5;446,6
613500;06/05/2018;4,7;19,4;13,4;0;163,9;460
613500;07/05/2018;7,4;21,8;15,4;0;174,3;475,4
613500;08/05/2018;7,6;22,9;15,9;0;185,2;491,3
613500;09/05/2018;9,2;22,9;16,1;0;196,3;507,4
613500;10/05/2018;10,5;23,5;16,2;7,1;207,5;523,6
613500;11/05/2018;8,7;16,6;12,1;0,2;214,6;535,7
613500;12/05/2018;6,4;18,6;12,8;0;222,4;548,5
613500;13/05/2018;8;23,2;15,4;0;232,8;563,9
613500;14/05/2018;11,2;25,1;18,1;0;245,9;582
613500;15/05/2018;10,4;23,2;17,2;0;258,1;599,2
613500;16/05/2018;10,3;24;17,8;0;270,9;617
613500;17/05/2018;9,9;19,4;14,2;0;280,1;631,2
613500;18/05/2018;8,5;18,8;14,2;0;289,3;645,4
613500;19/05/2018;9,5;19,2;14,5;0;298,8;659,9
613500;20/05/2018;6,5;20,4;14,2;0;308;674,1
613500;21/05/2018;6,6;19,5;13,8;0;316,8;687,9
613500;22/05/2018;9,3;22,7;15,6;0;327,4;703,5
613500;23/05/2018;7,3;24,7;16,7;0;339,1;720,2
613500;24/05/2018;9,7;22,7;16,8;0;350,9;737
613500;25/05/2018;11,1;22,5;16,8;0;362,7;753,8
613500;26/05/2018;11,9;24,7;17,6;0,2;375,3;771,4
613500;27/05/2018;12,1;21,7;16,3;0,7;386,6;787,7
613500;28/05/2018;13,3;21,4;16,6;5,3;398,2;804,3
613500;29/05/2018;14,7;25,9;20,4;0;413,6;824,7
613500;30/05/2018;14,4;26,8;20,7;0;429,3;845,4
613500;31/05/2018;15,4;23,1;19;0;443,3;864,4
613500;01/06/2018;13,6;26,6;19,9;0;458,2;884,3
613500;02/06/2018;11,8;26,9;20,4;0;473,6;904,7
613500;03/06/2018;13,1;24,3;18,6;0;487,2;923,3
613500;04/06/2018;14,4;23,3;18,7;0;500,9;942
613500;05/06/2018;13,2;24,1;18,5;0;514,4;960,5
613500;06/06/2018;9,8;21,4;16,2;0;525,6;976,7
613500;07/06/2018;9,5;23,6;17,2;0;537,8;993,9
613500;08/06/2018;10;27,5;19,6;0;552,4;1013,5
613500;09/06/2018;12,1;27,2;20,3;0;567,7;1033,8
613500;10/06/2018;15,7;24,9;18,9;0,1;581,6;1052,7
613500;11/06/2018;11,2;19,1;15,2;0;591,8;1067,9
613500;12/06/2018;12,9;18,7;15,1;0,1;601,9;1083
613500;13/06/2018;12;19;15;0;611,9;1098
613500;14/06/2018;10,9;21,1;15,9;1,1;622,8;1113,9
613500;15/06/2018;11;20,4;15,9;0;633,7;1129,8
613500;16/06/2018;9;20,8;15,5;0,5;644,2;1145,3
613500;17/06/2018;12,5;19,9;16,1;7;655,3;1161,4
613500;18/06/2018;10,5;18,8;15,5;0;665,8;1176,9
613500;19/06/2018;12;20,3;16,6;0;677,4;1193,5
613500;20/06/2018;10,7;23,6;17,2;0;689,6;1210,7
613500;21/06/2018;10,5;17;13,5;0,2;698,1;1224,2
613500;22/06/2018;9,5;18,4;13,3;0;706,4;1237,5
613500;23/06/2018;9,8;17,8;13,8;0;715,2;1251,3
613500;24/06/2018;11,4;19,3;14,6;0;724,8;1265,9
613500;25/06/2018;9,8;23,3;16,6;0;736,4;1282,5
613500;26/06/2018;12,6;25,7;19,4;0;750,8;1301,9
613500;27/06/2018;11,9;23,9;18,6;0;764,4;1320,5
613500;28/06/2018;8,5;26,6;19;0;778,4;1339,5
613500;29/06/2018;11;23,6;18,5;0;791,9;1358
613500;30/06/2018;8,3;23,4;16,9;0;803,8;1374,9
613500;01/07/2018;10,2;22,8;16,7;0;815,5;1391,6
613500;02/07/2018;9,1;23,2;17,6;0;828,1;1409,2
613500;03/07/2018;10,3;24,5;18,1;0;841,2;1427,3
613500;04/07/2018;9,7;21,2;16,6;0;852,8;1443,9
613500;05/07/2018;14,6;19,6;16,4;0,1;864,2;1460,3
613500;06/07/2018;13;21,8;17,1;0;876,3;1477,4
613500;07/07/2018;12,2;24,3;17,7;0;889;1495,1
613500;08/07/2018;14,5;24,2;18,9;0;902,9;1514
613500;09/07/2018;12,6;19,8;16,1;0;914;1530,1
613500;10/07/2018;10,6;20;15,7;0,3;924,7;1545,8
613500;11/07/2018;15,3;26;19,6;0;939,3;1565,4
613500;12/07/2018;14,4;28,2;21,9;0;956,2;1587,3
613500;13/07/2018;15,3;26,7;20,5;0;971,7;1607,8
613500;14/07/2018;13,6;20,4;16;0;982,7;1623,8
613500;15/07/2018;11,6;24,6;18,5;0;996,2;1642,3
613500;16/07/2018;10,9;28,4;21;0;1012,2;1663,3
613500;17/07/2018;13,7;29,1;21,7;1;1028,9;1685
613500;18/07/2018;17,3;25,2;20,5;0;1044,4;1705,5
613500;19/07/2018;13,9;23,2;18,8;0;1058,2;1724,3
613500;20/07/2018;11,7;24,2;18,3;0;1071,5;1742,6
613500;21/07/2018;10;26,2;19,4;0;1085,9;1762
613500;22/07/2018;15,6;27;21,3;0;1102,2;1783,3
613500;23/07/2018;14,4;26,7;20,7;0;1117,9;1804
613500;24/07/2018;16,8;29,4;23,2;0;1136,1;1827,2
613500;25/07/2018;15,5;32;24,8;0;1155,9;1852
613500;26/07/2018;19,3;31,1;25,3;0;1176,2;1877,3
613500;27/07/2018;17,2;30,2;24,1;0;1195,3;1901,4
613500;28/07/2018;18,3;29,4;23,4;14,2;1213,7;1924,8
613500;29/07/2018;0;24,4;19,8;0;1228,5;1944,6
613500;30/07/2018;19,6;29,6;24,4;0;1247,9;1969
613500;31/07/2018;20,2;31,7;25,5;0;1268,4;1994,5
613500;01/08/2018;16,4;25,8;21,4;1,1;1284,8;2015,9
613500;02/08/2018;12,7;26,3;20,7;0;1300,5;2036,6
613500;03/08/2018;14,3;28,4;22,2;0;1317,7;2058,8
613500;04/08/2018;17,4;25,6;21,4;0;1334,1;2080,2
613500;05/08/2018;17,1;23;19,4;0;1348,5;2099,6
613500;06/08/2018;15,6;25,1;19,8;0;1363,3;2119,4
613500;07/08/2018;13,8;31,1;23,3;0;1381,6;2142,7
613500;08/08/2018;19,6;30,1;25;0;1401,6;2167,7
613500;09/08/2018;14,9;26,5;21,1;3,7;1417,7;2188,8
613500;10/08/2018;13,8;21,8;19,1;0;1431,8;2207,9
613500;11/08/2018;13,1;19;15,8;11;1442,6;2223,7
613500;12/08/2018;13,2;17,9;14,5;12,5;1452,1;2238,2
613500;13/08/2018;15,4;20,9;18;6,2;1465,1;2256,2
613500;14/08/2018;15,5;21,2;18,5;4;1478,6;2274,7
613500;15/08/2018;15,5;21,9;18,6;1,7;1492,2;2293,3
613500;16/08/2018;16;25,6;20,7;0;1507,9;2314
613500;17/08/2018;14;20,9;17,7;2,1;1520,6;2331,7
613500;18/08/2018;9,7;21,8;17;0;1532,6;2348,7
613500;19/08/2018;17,3;21;19,1;0;1546,7;2367,8
613500;20/08/2018;15;20,6;18,2;0,6;1559,9;2386
613500;21/08/2018;12,7;20,4;16,4;0;1571,3;2402,4
613500;22/08/2018;12,7;25,1;19,7;0;1586;2422,1
613500;23/08/2018;14;22,7;18,5;0;1599,5;2440,6
613500;24/08/2018;13,6;18,9;16,4;7,3;1610,9;2457
613500;25/08/2018;10,8;17,2;13,6;4,4;1619,5;2470,6
613500;26/08/2018;11,6;18,7;14,4;0,5;1628,9;2485
613500;27/08/2018;13;19,1;15,2;5,8;1639,1;2500,2
613500;28/08/2018;12,8;18,9;16;0;1650,1;2516,2
613500;29/08/2018;12,6;21,5;16,7;0;1661,8;2532,9
613500;30/08/2018;14,4;16,9;15,8;22,9;1672,6;2548,7
613500;31/08/2018;13,7;18,5;15,6;5,6;1683,2;2564,3
613500;01/09/2018;11,8;18,5;15,1;0;1693,3;2579,4
613500;02/09/2018;12;20,7;16,3;0;1704,6;2595,7
613500;03/09/2018;13,6;21,5;17,4;0;1717;2613,1
613500;04/09/2018;12,3;22,1;16,7;0;1728,7;2629,8
613500;05/09/2018;10,7;22;16,6;0;1740,3;2646,4
613500;06/09/2018;11,7;21,2;16,6;0;1751,9;2663
613500;07/09/2018;12,2;19,3;16,5;5,7;1763,4;2679,5
613500;08/09/2018;10,9;17,9;14;3,6;1772,4;2693,5
613500;09/09/2018;13,5;18,9;16,2;0;1783,6;2709,7
613500;10/09/2018;13,4;19,8;16,8;0;1795,4;2726,5
613500;11/09/2018;13,1;17,6;15,1;6,6;1805,5;2741,6
613500;12/09/2018;12,2;15,7;14;0,6;1814,5;2755,6
613500;13/09/2018;8;17,3;13,4;0;1822,9;2769
613500;14/09/2018;10,9;17,3;14,7;0;1832,6;2783,7
613500;15/09/2018;9,5;16,4;14,1;0,9;1841,7;2797,8
613500;16/09/2018;4,9;18;13;0;1849,7;2810,8
613500;17/09/2018;13,6;19,6;16,8;0;1861,5;2827,6
613500;18/09/2018;11,8;25,6;18,7;0;1875,2;2846,3
613500;19/09/2018;14,3;22,1;17,6;0;1887,8;2863,9
613500;20/09/2018;16;19,9;17,8;0,3;1900,6;2881,7
613500;21/09/2018;11,1;21,8;15,9;2,5;1911,5;2897,6
613500;22/09/2018;10,3;15,5;12,2;0,9;1918,7;2909,8
613500;23/09/2018;9,7;13,7;11,3;0;1925;2921,1
613500;24/09/2018;8,6;13,1;10,5;0,1;1930,5;2931,6
613500;25/09/2018;7,5;13,7;10,6;0;1936,1;2942,2
613500;26/09/2018;10,9;15,3;13,2;0;1944,3;2955,4
613500;27/09/2018;12,6;18,1;15,5;0;1954,8;2970,9
613500;28/09/2018;9;13,6;11,2;0;1961;2982,1
613500;29/09/2018;5,8;13,8;10,4;0,1;1966,4;2992,5
613500;30/09/2018;10,3;14,5;12,4;0;1973,8;3004,9
613500;01/10/2018;5,3;12,8;9,4;0,6;1978,2;3014,3
613500;02/10/2018;6,9;9,6;8,4;1;1981,6;3022,7
613500;03/10/2018;7,9;13,7;10,5;0;1987,1;3033,2
613500;04/10/2018;5,7;15,3;11;0;1993,1;3044,2
613500;05/10/2018;10,4;15,5;13,4;0;2001,5;3057,6
613500;06/10/2018;5,9;15,6;10,9;0,3;2007,4;3068,5
613500;07/10/2018;6,1;11,9;9;4;2011,4;3077,5
613500;08/10/2018;6;12,8;10,6;0;2017;3088,1
613500;09/10/2018;9,8;15,1;12,6;0;2024,6;3100,7
613500;10/10/2018;6;18,5;12,4;0;2032;3113,1
613500;11/10/2018;12,3;18,4;14,5;0;2041,5;3127,6
613500;12/10/2018;12,2;19,5;15,2;0;2051,7;3142,8
613500;13/10/2018;13,2;21,8;17,4;0;2064,1;3160,2
613500;14/10/2018;12,3;17,9;15,3;0;2074,4;3175,5
613500;15/10/2018;9,7;19;14;0;2083,4;3189,5
613500;16/10/2018;8,1;19,1;13;0;2091,4;3202,5
613500;17/10/2018;8,5;18,4;12,9;0;2099,3;3215,4
613500;18/10/2018;6,7;13,8;11,3;0,1;2105,6;3226,7
613500;19/10/2018;1,5;12,3;7,4;0;2108;3234,1
613500;20/10/2018;6,9;13,1;10,4;0;2113,4;3244,5
613500;21/10/2018;4,6;13,4;10,7;0;2119,1;3255,2
613500;22/10/2018;8,2;12,9;10,2;0,7;2124,3;3265,4
613500;23/10/2018;9,2;12,7;10,9;4,3;2130,2;3276,3
613500;24/10/2018;7;10,2;8,8;0,8;2134;3285,1
613500;25/10/2018;8,1;11,5;10,2;0,2;2139,2;3295,3
613500;26/10/2018;4,3;10,7;8,4;4,6;2142,6;3303,7
613500;27/10/2018;0,1;8;4,5;1,8;2142,6;3308,2
613500;28/10/2018;-1,7;4,6;1,4;0;2142,6;3309,6
613500;29/10/2018;2;6,5;4,5;0,3;2142,6;3314,1
613500;30/10/2018;4,9;15,4;9,4;4,3;2147;3323,5
613500;31/10/2018;5,6;9,9;7,8;1,6;2149,8;3331,3
613500;01/11/2018;5,9;12,5;9;0;2153,8;3340,3
613500;02/11/2018;4,4;11,4;8,4;0;2157,2;3348,7
613500;03/11/2018;2,9;10,2;6,2;0;2158,4;3354,9
613500;04/11/2018;2,5;9,7;6,7;0;2160,1;3361,6
613500;05/11/2018;7,9;10,1;9,3;0;2164,4;3370,9
613500;06/11/2018;4,9;10,1;8;0;2167,4;3378,9
613500;07/11/2018;5,1;11,5;7,7;0;2170,1;3386,6
613500;08/11/2018;2;11,8;6,7;0;2171,8;3393,3
613500;09/11/2018;2,1;10;7,4;1;2174,2;3400,7
613500;10/11/2018;7,6;10,2;8,9;0,9;2178,1;3409,6
613500;11/11/2018;9,4;11,3;10,3;4,5;2183,4;3419,9
613500;12/11/2018;8,5;10,4;9,7;6,8;2188,1;3429,6
613500;13/11/2018;7;10,4;9,1;0;2192,2;3438,7
613500;14/11/2018;8,4;9,9;9,1;0,1;2196,3;3447,8
613500;15/11/2018;6,5;11,1;8,7;0,1;2200;3456,5
613500;16/11/2018;3,4;9,2;6,3;0;2201,3;3462,8
613500;17/11/2018;0;6,4;3,4;0;2201,3;3466,2
613500;18/11/2018;0,3;7,3;4,1;0;2201,3;3470,3
613500;19/11/2018;3,2;5,7;4,4;0,6;2201,3;3474,7
613500;20/11/2018;3,1;5,5;4,3;2,2;2201,3;3479
613500;21/11/2018;3,6;6,1;4,8;0;2201,3;3483,8
613500;22/11/2018;1,4;4,9;3,6;0;2201,3;3487,4
613500;23/11/2018;0,1;1,5;0,9;0;2201,3;3488,3
613500;24/11/2018;1,2;3,2;2,1;0,1;2201,3;3490,4
613500;25/11/2018;-0,2;3,4;2,1;0;2201,3;3492,5
613500;26/11/2018;-4,5;2,9;-0,9;0;2201,3;3492,5
613500;27/11/2018;-3,7;0,5;-1,7;0;2201,3;3492,5
613500;28/11/2018;-1,1;3,4;1,2;0;2201,3;3493,7
613500;29/11/2018;1,1;4,1;2,4;7,5;2201,3;3496,1
613500;30/11/2018;3,5;5,8;4,5;0,1;2201,3;3500,6
613500;01/12/2018;3,4;6,9;5,6;0,4;2201,9;3506,2
613500;02/12/2018;4,7;8,7;6,1;5,5;2203;3512,3
613500;03/12/2018;6,5;10,3;8,7;2;2206,7;3521
613500;04/12/2018;2,6;7,3;4,9;0;2206,7;3525,9
613500;05/12/2018;0,5;6,3;3,2;1,2;2206,7;3529,1
613500;06/12/2018;2,7;8,5;4,8;8,4;2206,7;3533,9
613500;07/12/2018;6,6;10,2;8,7;6,2;2210,4;3542,6
613500;08/12/2018;4,2;8,1;6,6;10,7;2212;3549,2
613500;09/12/2018;3,4;7,3;6;0,4;2213;3555,2
613500;10/12/2018;4,1;5,8;5;0;2213;3560,2
613500;11/12/2018;3,2;5,6;4,4;0,1;2213;3564,6
613500;12/12/2018;0,4;4,1;2,7;0;2213;3567,3
613500;13/12/2018;-0,6;2,3;0,9;0;2213;3568,2
613500;14/12/2018;-1,3;2,4;0,6;0,3;2213;3568,8
613500;15/12/2018;-0,5;0,9;0,2;0,2;2213;3569
613500;16/12/2018;-1,1;0,8;-0,3;0;2213;3569
613500;17/12/2018;-1;0,2;-0,3;0;2213;3569
613500;18/12/2018;0;4,1;2,3;0,4;2213;3571,3
613500;19/12/2018;1,8;3,6;2,6;0,5;2213;3573,9
613500;20/12/2018;2,7;4;3,3;1,3;2213;3577,2
613500;21/12/2018;3,2;4,9;4,4;10,3;2213;3581,6
613500;22/12/2018;-0,1;3,9;1,1;1,5;2213;3582,7
613500;23/12/2018;-1,9;3,2;0,8;5,5;2213;3583,5
613500;24/12/2018;-3,5;3,7;0,3;0;2213;3583,8
613500;25/12/2018;3,3;5,7;4,5;0;2213;3588,3
613500;26/12/2018;3,4;5,4;4,4;0;2213;3592,7
613500;27/12/2018;-6,3;4,4;2,7;0;2213;3595,4
613500;28/12/2018;5,5;7,2;6,4;0;2214,4;3601,8
613500;29/12/2018;6,1;7,4;6,6;6,1;2216;3608,4
613500;30/12/2018;2,8;7,7;5;0,6;2216;3613,4
613500;31/12/2018;3,4;7,1;5,4;0,2;2216,4;3618,8
613500;01/01/2019;4,7;8,2;6,2;0,5;1,2;6,2
613500;02/01/2019;0,9;5,4;2,9;0;1,2;9,1
613500;03/01/2019;0,1;3,2;1,7;0;1,2;10,8
613500;04/01/2019;1,8;7,1;4,8;0,1;1,2;15,6
613500;05/01/2019;-1,8;7,3;4,2;0;1,2;19,8
613500;06/01/2019;-2,9;4,7;1,3;0;1,2;21,1
613500;07/01/2019;4;6,9;5;2,1;1,2;26,1
613500;08/01/2019;1,6;6,7;4,1;5,5;1,2;30,2
613500;09/01/2019;0;2,5;1,4;0,2;1,2;31,6
613500;10/01/2019;-2,1;2,7;0,4;0,1;1,2;32
613500;11/01/2019;2,1;7,1;4,9;0;1,2;36,9
613500;12/01/2019;1;6,2;4,4;2,6;1,2;41,3
613500;13/01/2019;3,1;8;5,8;3,1;2;47,1
613500;14/01/2019;0,8;3,7;2;0;2;49,1
613500;15/01/2019;0,9;7;4,7;2,4;2;53,8
613500;16/01/2019;4,8;6,8;6;2,3;3;59,8
613500;17/01/2019;-1,4;5,2;2,6;3,6;3;62,4
613500;18/01/2019;-3,6;1,9;-0,5;0;3;62,4
613500;19/01/2019;-3,4;1,1;-0,5;0;3;62,4
613500;20/01/2019;-5,1;2;-1,4;0,1;3;62,4
613500;21/01/2019;-1,1;3,8;1,2;0,7;3;63,6
613500;22/01/2019;-1,6;1,4;-0,5;0;3;63,6
613500;23/01/2019;-3,3;-0,4;-2,1;0;3;63,6
613500;24/01/2019;-4,3;-2,5;-3,4;0;3;63,6
613500;25/01/2019;-3,4;-2,3;-2,9;0,2;3;63,6
613500;26/01/2019;-3,3;1,5;-0,7;2,4;3;63,6
613500;27/01/2019;1,2;3,5;2,6;17,1;3;66,2
613500;28/01/2019;-0,2;3,3;1,8;0,8;3;68
613500;29/01/2019;-3,3;2,6;0,1;0;3;68,1
613500;30/01/2019;-1,4;2,5;0,4;0;3;68,5
613500;31/01/2019;-0,7;0,8;0,1;0;3;68,6
613500;01/02/2019;-1,6;1,8;0,2;0;3;68,8
613500;02/02/2019;0,3;1,5;0,8;0,3;3;69,6
613500;03/02/2019;-2,2;2,3;0,5;0;3;70,1
613500;04/02/2019;-1,5;2,3;0,8;0,9;3;70,9
613500;05/02/2019;1,8;6;3,6;0;3;74,5
613500;06/02/2019;1,7;4,1;2,7;3,7;3;77,2
613500;07/02/2019;2,6;5,5;3,8;3,9;3;81
613500;08/02/2019;4,3;5,7;5;1,7;3;86
613500;09/02/2019;4,9;7,3;5,7;4,8;3,7;91,7
613500;10/02/2019;3,2;5,8;4,4;7,7;3,7;96,1
613500;11/02/2019;1,5;5,1;3,3;0;3,7;99,4
613500;12/02/2019;-0,7;4,4;2,2;0,1;3,7;101,6
613500;13/02/2019;4,1;7,7;6,2;0;4,9;107,8
613500;14/02/2019;4;6,2;5,1;0;5;112,9
613500;15/02/2019;0,8;8,6;3,9;0;5;116,8
613500;16/02/2019;1,6;8,9;5,1;0;5,1;121,9
613500;17/02/2019;4,8;9,8;6,6;0;6,7;128,5
613500;18/02/2019;2;9,7;5,5;0;7,2;134
613500;19/02/2019;3;7,9;5,5;1,5;7,7;139,5
613500;20/02/2019;3,6;7,4;5,6;4,1;8,3;145,1
613500;21/02/2019;4,4;7,9;6,5;5,2;9,8;151,6
613500;22/02/2019;-0,4;4,6;1,7;0;9,8;153,3
613500;23/02/2019;-0,9;4;1,2;0;9,8;154,5
613500;24/02/2019;-0,4;9,9;3,9;0;9,8;158,4
613500;25/02/2019;0,6;10,2;4,8;0;9,8;163,2
613500;26/02/2019;2,7;8,3;5,2;0;10;168,4
613500;27/02/2019;0,6;12,7;6;0;11;174,4
613500;28/02/2019;-1,3;8,5;4,5;0;11;178,9
613500;01/03/2019;-0,8;6,1;2,7;0;11;181,6
613500;02/03/2019;0,6;5,1;3;0;11;184,6
613500;03/03/2019;4,3;9,5;6,7;4;12,7;191,3
613500;04/03/2019;4,6;9,8;6,9;10,2;14,6;198,2
613500;05/03/2019;3,7;6,9;5,4;7,5;15;203,6
613500;06/03/2019;0,7;7;4,7;11,7;15;208,3
613500;07/03/2019;4,7;9,6;7,1;2,3;17,1;215,4
613500;08/03/2019;3,2;7,4;5,5;1,6;17,6;220,9
613500;09/03/2019;2,9;8,1;4,8;6,5;17,6;225,7
613500;10/03/2019;-0,8;7,3;4,1;0;17,6;229,8
613500;11/03/2019;-1,7;5,7;1,2;0;17,6;231
613500;12/03/2019;-0,9;5,6;3,2;12;17,6;234,2
613500;13/03/2019;3,3;6;4,7;4,8;17,6;238,9
613500;14/03/2019;3,5;6,5;4,9;7,1;17,6;243,8
613500;15/03/2019;3,9;8;5,3;6,1;17,9;249,1
613500;16/03/2019;3;7,3;5,3;11,2;18,2;254,4
613500;17/03/2019;3,9;8,1;6,5;2,1;19,7;260,9
613500;18/03/2019;2,3;7,1;4,8;1,6;19,7;265,7
613500;19/03/2019;-0,2;7,4;3,6;0;19,7;269,3
613500;20/03/2019;0,3;8,6;5,5;0,3;20,2;274,8
613500;21/03/2019;6;9,7;7,5;0;22,7;282,3
613500;22/03/2019;3,7;7,8;6,6;0;24,3;288,9
613500;23/03/2019;2;10,5;7;0;26,3;295,9
613500;24/03/2019;1,7;8,6;5,1;0;26,4;301
613500;25/03/2019;0,8;7,5;4,4;2;26,4;305,4
613500;26/03/2019;1,8;8,3;5;0;26,4;310,4
613500;27/03/2019;5,6;11;7,9;0;29,3;318,3
613500;28/03/2019;6,2;12,4;8,6;0;32,9;326,9
613500;29/03/2019;4,9;12,8;8,4;0;36,3;335,3
613500;30/03/2019;2,4;14;8,2;0;39,5;343,5
613500;31/03/2019;-0,2;7,4;5;0;39,5;348,5
613500;01/04/2019;-3,1;8;2,8;0;39,5;351,3
613500;02/04/2019;1,7;9,7;5,9;0;40,4;357,2
613500;03/04/2019;6,9;14,7;9,5;0;44,9;366,7
613500;04/04/2019;5,8;14,2;9,5;0;49,4;376,2
613500;05/04/2019;6,5;16,6;10,2;0;54,6;386,4
613500;06/04/2019;5,7;16,7;10,3;0;59,9;396,7
613500;07/04/2019;4,3;18,6;10,6;0;65,5;407,3
613500;08/04/2019;2,6;11,2;7,4;0,1;67,9;414,7
613500;09/04/2019;-1,7;6,6;2,9;0;67,9;417,6
613500;10/04/2019;-2,8;6,8;2,5;0;67,9;420,1
613500;11/04/2019;-0,9;6,3;2,8;0;67,9;422,9
613500;12/04/2019;-2,9;5,2;1,4;0;67,9;424,3
613500;13/04/2019;-2,3;5,2;2;0;67,9;426,3
613500;14/04/2019;-1,4;8,6;3,7;0;67,9;430
613500;15/04/2019;-1,3;10;3,9;0;67,9;433,9
613500;16/04/2019;-0,9;10,1;4,8;0;67,9;438,7
613500;17/04/2019;2,2;14,8;8,3;0;71,2;447
613500;18/04/2019;3,5;16,5;9,7;0;75,9;456,7
613500;19/04/2019;4;17,6;10,3;0;81,2;467
613500;20/04/2019;-0,6;17,7;9,5;0;85,7;476,5
613500;21/04/2019;1,4;18,4;10,7;0;91,4;487,2
613500;22/04/2019;3,7;15,2;10,1;0;96,5;497,3
613500;23/04/2019;7,1;17;12,2;1,2;103,7;509,5
613500;24/04/2019;9,5;16,2;12,4;2,3;111,1;521,9
613500;25/04/2019;9;18,6;13,7;0;119,8;535,6
613500;26/04/2019;9,6;19,3;13,1;0,4;127,9;548,7
613500;27/04/2019;8,4;15,9;11,5;8,4;134,4;560,2
613500;28/04/2019;8,5;16,1;11,9;0;141,3;572,1
613500;29/04/2019;6;17,6;12,7;1;149;584,8
613500;30/04/2019;4,2;19,1;11,9;0;155,9;596,7
613500;01/05/2019;7,8;14,1;10,2;0;161,1;606,9
613500;02/05/2019;3,6;11,4;8,8;2;164,9;615,7
613500;03/05/2019;2,8;9,6;5,7;1,1;165,6;621,4
613500;04/05/2019;0,4;9,3;4,6;1,8;165,6;626
613500;05/05/2019;-1,6;12,3;6,2;0;166,8;632,2
613500;06/05/2019;4,8;10;7;0,1;168,8;639,2
613500;07/05/2019;2,7;10,6;6,3;0,4;170,1;645,5
613500;08/05/2019;3;13;8,6;0,8;173,7;654,1
613500;09/05/2019;8,3;15,4;11,3;8,7;180;665,4
613500;10/05/2019;5,5;12,7;9,6;0,2;184,6;675
613500;11/05/2019;1,1;12,9;8;0;187,6;683
613500;12/05/2019;4,4;13,8;8,8;0;191,4;691,8
613500;13/05/2019;2,9;13,3;8,3;0;194,7;700,1
613500;14/05/2019;-0,4;13;8;0;197,7;708,1
613500;15/05/2019;1,6;16;9,6;0;202,3;717,7
613500;16/05/2019;3,5;19,4;12,3;0;209,6;730
613500;17/05/2019;9;12,1;10,6;5,1;215,2;740,6
613500;18/05/2019;8,6;19,2;13,4;0;223,6;754
613500;19/05/2019;11,7;21;15,3;0;233,9;769,3
613500;20/05/2019;10,1;22,4;17,4;0;246,3;786,7
613500;21/05/2019;12,8;18;15;11,5;256,3;801,7
613500;22/05/2019;7;15,2;11,9;4,9;263,2;813,6
613500;23/05/2019;5,2;17,7;12,1;0;270,3;825,7
613500;24/05/2019;8,5;17,9;12,5;0;277,8;838,2
613500;25/05/2019;9,7;16,9;12,2;0;285;850,4
613500;26/05/2019;9,4;14,3;11,6;7,7;291,6;862
613500;27/05/2019;10,2;15,8;13,1;0,6;299,7;875,1
613500;28/05/2019;7,1;14;10,7;0,1;305,4;885,8
613500;29/05/2019;5,6;13,5;9,5;0;309,9;895,3
613500;30/05/2019;6,5;14,5;11,9;0,5;316,8;907,2
613500;31/05/2019;11,9;17,9;14,4;3,2;326,2;921,6
613500;01/06/2019;11,4;18,7;14,7;0,1;335,9;936,3
613500;02/06/2019;8;22,7;15,4;0;346,3;951,7
613500;03/06/2019;13,4;22,4;18;5;359,3;969,7
613500;04/06/2019;10,4;17,7;14,9;0,1;369,2;984,6
613500;05/06/2019;13,4;26,9;20,7;0;384,9;1005,3
613500;06/06/2019;14,6;25,7;19,4;6,2;399,3;1024,7
613500;07/06/2019;12;19;14,5;0,1;408,8;1039,2
613500;08/06/2019;12,2;18,1;15,2;7,8;419;1054,4
613500;09/06/2019;11;18,2;15;0;429;1069,4
613500;10/06/2019;10,1;18,3;14,5;0,1;438,5;1083,9
613500;11/06/2019;13,3;21,7;17,2;0,1;450,7;1101,1
613500;12/06/2019;14,4;18,9;16,7;14,5;462,4;1117,8
613500;13/06/2019;11,8;21,8;17,1;0,4;474,5;1134,9
613500;14/06/2019;13,1;24;17,7;6,4;487,2;1152,6
613500;15/06/2019;13,5;20,4;16,2;7,1;498,4;1168,8
613500;16/06/2019;12,6;20,3;16,7;0;510,1;1185,5
613500;17/06/2019;11,7;22,1;17,5;0;522,6;1203
613500;18/06/2019;13,7;26,1;19,4;1,8;537;1222,4
613500;19/06/2019;14,3;27;20,8;9,2;552,8;1243,2
613500;20/06/2019;12,9;21,2;17,7;0;565,5;1260,9
613500;21/06/2019;11,2;20;15,5;0,2;576;1276,4
613500;22/06/2019;8,4;18,5;14,2;0;585,2;1290,6
613500;23/06/2019;7,3;21,6;15,2;0;595,4;1305,8
613500;24/06/2019;8,2;22,8;16,4;0;606,8;1322,2
613500;25/06/2019;13,4;27,8;20,8;0;622,6;1343
613500;26/06/2019;13,8;28,1;20,8;0;638,4;1363,8
613500;27/06/2019;11,6;19,4;15,4;0;648,8;1379,2
613500;28/06/2019;11,6;22,1;17;0;660,8;1396,2
613500;29/06/2019;11;25,6;18;0;673,8;1414,2
613500;30/06/2019;10,8;30,4;21,1;0;689,9;1435,3
613500;01/07/2019;14,5;22;17,2;2,5;702,1;1452,5
613500;02/07/2019;11,5;17,2;14,2;0;711,3;1466,7
613500;03/07/2019;10,4;18;13,6;0;719,9;1480,3
613500;04/07/2019;9,9;16,6;13,1;7,4;728;1493,4
613500;05/07/2019;12;19,8;15,2;0,3;738,2;1508,6
613500;06/07/2019;11,8;18,8;14;6,3;747,2;1522,6
613500;07/07/2019;10,8;16,9;13,8;0;756;1536,4
613500;08/07/2019;11,2;18,8;14,1;0,6;765,1;1550,5
613500;09/07/2019;10,5;20,2;15;0;775,1;1565,5
613500;10/07/2019;11,6;20,9;15,9;0;786;1581,4
613500;11/07/2019;8,9;20,9;15,8;0;796,8;1597,2
613500;12/07/2019;14,3;23;17,7;2,7;809,5;1614,9
613500;13/07/2019;9,9;22,8;17,4;0;821,9;1632,3
613500;14/07/2019;11,7;17;14,7;0;831,6;1647
613500;15/07/2019;11,6;18;15;0;841,6;1662
613500;16/07/2019;10,9;20,2;15,6;0;852,2;1677,6
613500;17/07/2019;9;22,2;16,4;0;863,6;1694
613500;18/07/2019;7,8;23,7;17,2;0;875,8;1711,2
613500;19/07/2019;14,8;23,7;19;0;889,8;1730,2
613500;20/07/2019;9,1;25,5;18,4;4,5;903,2;1748,6
613500;21/07/2019;14,7;20,2;17,7;1,1;915,9;1766,3
613500;22/07/2019;13,3;18,2;15,6;5,6;926,5;1781,9
613500;23/07/2019;16,4;26,9;20,8;0,1;942,3;1802,7
613500;24/07/2019;11,9;29,4;21,5;0;958,8;1824,2
613500;25/07/2019;15,2;29,3;22,4;0;976,2;1846,6
613500;26/07/2019;14;31,1;22,4;0;993,6;1869
613500;27/07/2019;14,8;27,4;21,1;0;1009,7;1890,1
613500;28/07/2019;16,8;26,8;20,9;0;1025,6;1911
613500;29/07/2019;16,5;31;23,6;0;1044,2;1934,6
613500;30/07/2019;16,3;25,9;20,3;15,8;1059,5;1954,9
613500;31/07/2019;16;19,5;17,6;4,4;1072,1;1972,5
613500;01/08/2019;13,4;17,2;15,5;2,4;1082,6;1988
613500;02/08/2019;10,3;22,2;16,9;0;1094,5;2004,9
613500;03/08/2019;9,9;25;18,5;0,1;1108;2023,4
613500;04/08/2019;13;20,7;17,4;0;1120,4;2040,8
613500;05/08/2019;11,1;23,3;17,4;0;1132,8;2058,2
613500;06/08/2019;15,2;23,5;19;9,3;1146,8;2077,2
613500;07/08/2019;10,9;23;17,4;5,8;1159,2;2094,6
613500;08/08/2019;14;21,3;17,7;0,2;1171,9;2112,3
613500;09/08/2019;14;21,8;18,1;0;1185;2130,4
613500;10/08/2019;17,6;24;20,2;2,2;1200,2;2150,6
613500;11/08/2019;16,6;22,3;19,3;0;1214,5;2169,9
613500;12/08/2019;13,7;21,6;18,1;0;1227,6;2188
613500;13/08/2019;11;17,7;14,5;5;1237,1;2202,5
613500;14/08/2019;9,9;18,8;15,1;0;1247,2;2217,6
613500;15/08/2019;14,3;18,3;16;10,4;1258,2;2233,6
613500;16/08/2019;14,1;19,6;16,8;1,1;1270;2250,4
613500;17/08/2019;15;19;17;3,9;1282;2267,4
613500;18/08/2019;13,4;18,8;16,3;6,5;1293,3;2283,7
613500;19/08/2019;14;19,8;16,8;0,1;1305,1;2300,5
613500;20/08/2019;11,7;20,3;16,3;0;1316,4;2316,8
613500;21/08/2019;10,8;20,3;15,5;0;1326,9;2332,3
613500;22/08/2019;8,9;23,4;17;0;1338,9;2349,3
613500;23/08/2019;13,1;24;18,6;0;1352,5;2367,9
613500;24/08/2019;10,7;26,3;18,6;0;1366,1;2386,5
613500;25/08/2019;14,3;27,8;20,9;0;1382;2407,4
613500;26/08/2019;17,6;29;22,5;0;1399,5;2429,9
613500;27/08/2019;15,8;26,9;20,8;7,5;1415,3;2450,7
613500;28/08/2019;18,3;28,9;23,2;0,2;1433,5;2473,9
613500;29/08/2019;16,9;23,8;21;0,1;1449,5;2494,9
613500;30/08/2019;11,8;22,7;17,8;0;1462,3;2512,7
613500;31/08/2019;11,9;28,1;20,6;0,1;1477,9;2533,3
613500;01/09/2019;14,3;23,2;18,6;0,6;1491,5;2551,9
613500;02/09/2019;10,6;19,1;15,1;0;1501,6;2567
613500;03/09/2019;12,2;19,9;16,1;6;1512,7;2583,1
613500;04/09/2019;13,4;19,8;16,3;8,6;1524;2599,4
613500;05/09/2019;11,5;16,3;14;4,5;1533;2613,4
613500;06/09/2019;10,9;16;13,3;5,9;1541,3;2626,7
613500;07/09/2019;10,1;17,6;14,5;0,2;1550,8;2641,2
613500;08/09/2019;9,1;17,5;12,8;4,7;1558,6;2654
613500;09/09/2019;9,5;15,7;13,2;9;1566,8;2667,2
613500;10/09/2019;14;15,4;14,6;20;1576,4;2681,8
613500;11/09/2019;12,2;17,5;14,8;3,9;1586,2;2696,6
613500;12/09/2019;12,9;18,6;15,8;0;1597;2712,4
613500;13/09/2019;12,2;17,2;15,1;0,4;1607,1;2727,5
613500;14/09/2019;9,8;17;13,5;0;1615,6;2741
613500;15/09/2019;11,7;16,9;14,3;0,4;1624,9;2755,3
613500;16/09/2019;10,8;15,9;12,8;0;1632,7;2768,1
613500;17/09/2019;7,6;13,3;11,3;0,4;1639;2779,4
613500;18/09/2019;8,6;14,4;11,3;0,1;1645,3;2790,7
613500;19/09/2019;7,5;15,4;11,1;0;1651,4;2801,8
613500;20/09/2019;8,2;16,4;12,8;0;1659,2;2814,6
613500;21/09/2019;7,7;17,6;13;0;1667,2;2827,6
613500;22/09/2019;5,6;21,4;13,4;0;1675,6;2841
613500;23/09/2019;12,3;16,7;14,3;0;1684,9;2855,3
613500;24/09/2019;12,8;16,5;14,2;0;1694,1;2869,5
613500;25/09/2019;11,1;16;14;0,1;1703,1;2883,5
613500;26/09/2019;12,4;18,1;14,5;0;1712,6;2898
613500;27/09/2019;12,4;17;15;10,9;1722,6;2913
613500;28/09/2019;13;16,7;14,5;3,1;1732,1;2927,5
613500;29/09/2019;12,6;14,9;13,5;3,3;1740,6;2941
613500;30/09/2019;9,6;15;12,6;10,1;1748,2;2953,6
613500;01/10/2019;8,1;10,8;9,5;0;1752,7;2963,1
613500;02/10/2019;5,7;13,5;8,9;7,4;1756,6;2972
613500;03/10/2019;4,5;10,1;7,5;0;1759,1;2979,5
613500;04/10/2019;3,1;11,1;7,3;0;1761,4;2986,8
613500;05/10/2019;1,6;10;6,3;0;1762,7;2993,1
613500;06/10/2019;1,6;9,6;5,6;0;1763,3;2998,7
613500;07/10/2019;-0,1;8,9;4,7;0;1763,3;3003,4
613500;08/10/2019;4,7;15,7;10,5;8,9;1768,8;3013,9
613500;09/10/2019;9,2;13,1;11,3;4,4;1775,1;3025,2
613500;10/10/2019;9;13,7;11;1,8;1781,1;3036,2
613500;11/10/2019;10,9;14,4;12,7;32,7;1788,8;3048,9
613500;12/10/2019;11,7;14,5;12,6;8,9;1796,4;3061,5
613500;13/10/2019;11,1;17,8;12,3;4,7;1803,7;3073,8
613500;14/10/2019;9,9;17,1;12,9;0,7;1811,6;3086,7
613500;15/10/2019;9,6;16,7;12,4;23,4;1819;3099,1
613500;16/10/2019;9,6;12,7;11,7;3,6;1825,7;3110,8
613500;17/10/2019;9,1;13,9;11,8;5,4;1832,5;3122,6
613500;18/10/2019;8,8;15,3;12,5;9,7;1840;3135,1
613500;19/10/2019;9,8;14;11,7;2,5;1846,7;3146,8
613500;20/10/2019;9;13;11,2;0,1;1852,9;3158
613500;21/10/2019;9,7;12,6;11,2;0,4;1859,1;3169,2
613500;22/10/2019;9,5;12,8;11,4;0;1865,5;3180,6
613500;23/10/2019;9,6;13,3;11,2;0;1871,7;3191,8
613500;24/10/2019;10,6;12,8;11,6;0;1878,3;3203,4
613500;25/10/2019;11,2;13,8;12,4;0;1885,7;3215,8
613500;26/10/2019;12;14,8;13,8;0,1;1894,5;3229,6
613500;27/10/2019;8,5;14,8;10,5;1,5;1900;3240,1
613500;28/10/2019;4,1;10,9;8,2;0,4;1903,2;3248,3
613500;29/10/2019;0;9,8;4,6;0;1903,2;3252,9
613500;30/10/2019;-1,6;8,3;2,9;0;1903,2;3255,8
613500;31/10/2019;2,6;9,2;6,2;0;1904,4;3262
613500;01/11/2019;0,5;7,1;4,2;4,3;1904,4;3266,2
613500;02/11/2019;5,1;10,7;8,1;5,9;1907,5;3274,3
613500;03/11/2019;8,1;11,4;9,5;0,2;1912;3283,8
613500;04/11/2019;7,3;10,3;8,7;3,9;1915,7;3292,5
613500;05/11/2019;3,3;7,5;5,3;3;1916;3297,8
613500;06/11/2019;2,4;5,5;3,9;0;1916;3301,7
613500;07/11/2019;3;7,7;4,8;0;1916;3306,5
613500;08/11/2019;3;8,4;6,2;2,3;1917,2;3312,7
613500;09/11/2019;2,7;7,9;5;0;1917,2;3317,7
613500;10/11/2019;1,2;8,4;5,1;0,3;1917,3;3322,8
613500;11/11/2019;3,5;7,2;5,5;0,1;1917,8;3328,3
613500;12/11/2019;4,5;6,8;5,7;0,5;1918,5;3334
613500;13/11/2019;2,3;6,9;5,2;0;1918,7;3339,2
613500;14/11/2019;2,6;7,1;5,3;0,1;1919;3344,5
613500;15/11/2019;2,9;9,4;6,9;0,4;1920,9;3351,4
613500;16/11/2019;6,4;9,1;8,3;10,6;1924,2;3359,7
613500;17/11/2019;3,6;6,8;5,6;0,4;1924,8;3365,3
613500;18/11/2019;6,4;10;8,7;1,8;1928,5;3374
613500;19/11/2019;4,9;8,3;6,8;0,5;1930,3;3380,8
613500;20/11/2019;4,3;7,6;6,2;7;1931,5;3387
613500;21/11/2019;5,1;9,1;6,9;0,4;1933,4;3393,9
613500;22/11/2019;7,7;9;8,3;2,7;1936,7;3402,2
613500;23/11/2019;6,5;8,7;7,2;0;1938,9;3409,4
613500;24/11/2019;5,6;7;6,1;0;1940;3415,5
613500;25/11/2019;4,2;7;5,3;0;1940,3;3420,8
613500;26/11/2019;5;6,8;5,8;0,7;1941,1;3426,6
613500;27/11/2019;6,6;7,8;7,2;3,5;1943,3;3433,8
613500;28/11/2019;5,9;8,9;7,9;5,5;1946,2;3441,7
613500;29/11/2019;0,6;6,2;3,4;3,2;1946,2;3445,1
613500;30/11/2019;0,5;5,1;2,2;0;1946,2;3447,3
613500;01/12/2019;0,6;4,4;2,7;0;1946,2;3450
613500;02/12/2019;-0,1;5,2;3;0;1946,2;3453
613500;03/12/2019;-1,7;7,5;3,6;2,5;1946,2;3456,6
613500;04/12/2019;5,9;7,6;6,8;0;1948;3463,4
613500;05/12/2019;5,1;8,2;5,9;0,1;1948,9;3469,3
613500;06/12/2019;5;7,9;6,7;2,5;1950,6;3476
613500;07/12/2019;5,4;8,6;7,2;0,2;1952,8;3483,2
613500;08/12/2019;5,6;9,2;7,6;5,6;1955,4;3490,8
613500;09/12/2019;4;7,2;6;0,1;1956,4;3496,8
613500;10/12/2019;-0,6;6;3,4;0;1956,4;3500,2
613500;11/12/2019;3,9;6;5,1;2,1;1956,5;3505,3
613500;12/12/2019;3,4;5,3;4,7;1,9;1956,5;3510
613500;13/12/2019;2,1;4,3;3,3;0;1956,5;3513,3
613500;14/12/2019;1,6;5,7;3,6;8,4;1956,5;3516,9
613500;15/12/2019;2,4;6,5;4,9;6,4;1956,5;3521,8
613500;16/12/2019;4,4;6,8;5,8;0;1957,3;3527,6
613500;17/12/2019;4,4;10;6,8;2,5;1959,1;3534,4
613500;18/12/2019;3,3;9,6;6,3;0,4;1960,4;3540,7
613500;19/12/2019;3;7,1;5,3;0;1960,7;3546
613500;20/12/2019;4,1;6,7;5;0;1960,7;3551
613500;21/12/2019;4,7;7,5;6,3;1,7;1962;3557,3
613500;22/12/2019;1,9;4,8;3,8;0,1;1962;3561,1
613500;23/12/2019;4,4;7,2;5,8;0,9;1962,8;3566,9
613500;24/12/2019;1;6,7;5,1;0,9;1962,9;3572
613500;25/12/2019;1,6;5,9;4,2;0,8;1962,9;3576,2
613500;26/12/2019;1,3;5,7;4,2;0;1962,9;3580,4
613500;27/12/2019;-1;3,1;1,2;0;1962,9;3581,6
613500;28/12/2019;-1,1;1,3;0,1;0;1962,9;3581,7
613500;29/12/2019;0,2;4,6;2,6;0;1962,9;3584,3
613500;30/12/2019;4,1;7,7;5,9;0;1963,8;3590,2
613500;31/12/2019;2;7,8;5,2;0;1964;3595,4
613500;01/01/2020;0,3;5,3;3,5;0;0;3,5
613500;02/01/2020;0,9;3,4;1,7;0;0;5,2
613500;03/01/2020;3,2;7;5,1;0,5;0,1;10,3
613500;04/01/2020;0,2;5,9;4,4;4,4;0,1;14,7
613500;05/01/2020;-0,8;5,4;2,9;0,5;0,1;17,6
613500;06/01/2020;4,9;6,3;5,5;1,2;0,6;23,1
613500;07/01/2020;3,6;7,7;5,4;0,2;1;28,5
613500;08/01/2020;4,5;8,9;6,8;0,9;2,8;35,3
613500;09/01/2020;2;9;5,8;8,8;3,6;41,1
613500;10/01/2020;4,2;7,9;5,8;12,1;4,4;46,9
613500;11/01/2020;2,4;6,1;4,6;0;4,4;51,5
613500;12/01/2020;4,5;6,2;5,6;14,4;5;57,1
613500;13/01/2020;4,2;6,3;5,3;0;5,3;62,4
613500;14/01/2020;4,7;9,3;6,6;5,1;6,9;69
613500;15/01/2020;5,4;10,3;8,9;1,1;10,8;77,9
613500;16/01/2020;4,3;7,7;6,1;0;11,9;84
613500;17/01/2020;4,8;7,9;6,1;0,3;13;90,1
613500;18/01/2020;4;7,2;5,6;0,1;13,6;95,7
613500;19/01/2020;0,5;6,3;3,3;0;13,6;99
613500;20/01/2020;1,5;6,8;4,9;0;13,6;103,9
613500;21/01/2020;5,7;7,2;6,4;0;15;110,3
613500;22/01/2020;-0,5;7,4;4,6;0;15;114,9
613500;23/01/2020;-0,5;5,6;4,2;0;15;119,1
613500;24/01/2020;4,8;6,6;5,7;0,6;15,7;124,8
613500;25/01/2020;4,1;6,7;5,6;0,1;16,3;130,4
613500;26/01/2020;2,9;4,5;3,7;0;16,3;134,1
613500;27/01/2020;3,2;6,3;4,8;1,6;16,3;138,9
613500;28/01/2020;3,9;6,2;5,2;3,5;16,5;144,1
613500;29/01/2020;3,1;6,4;4,5;0;16,5;148,6
613500;30/01/2020;4,2;7,9;6,1;4,1;17,6;154,7
613500;31/01/2020;6,4;8,2;7,5;2,1;20,1;162,2
613500;01/02/2020;6,4;9;8,1;2;23,2;170,3
613500;02/02/2020;2;7,2;4,9;0;23,2;175,2
613500;03/02/2020;1,9;7;4,6;2,5;23,2;179,8
613500;04/02/2020;2,7;5;3,7;0,5;23,2;183,5
613500;05/02/2020;-1,8;6,3;3,1;0;23,2;186,6
613500;06/02/2020;4,1;7,7;6,1;0;24,3;192,7
613500;07/02/2020;4,1;5,9;4,9;0;24,3;197,6
613500;08/02/2020;2,8;6,4;4,7;0,2;24,3;202,3
613500;09/02/2020;5;9,2;6,9;8,1;26,2;209,2
613500;10/02/2020;2,5;7,9;5,8;9,9;27;215
613500;11/02/2020;1,4;6,2;3,7;5,8;27;218,7
613500;12/02/2020;1,8;4,8;3,8;4,9;27;222,5
613500;13/02/2020;2,4;5;3,5;0,7;27;226
613500;14/02/2020;2,6;6,7;4;0;27;230
613500;15/02/2020;3,9;7,9;5,8;1,8;27,8;235,8
613500;16/02/2020;5,5;10,4;8,5;15,9;31,3;244,3
613500;17/02/2020;4,8;8,4;6,8;1;33,1;251,1
613500;18/02/2020;4,1;7;5,5;1,1;33,6;256,6
613500;19/02/2020;3;6;4,9;7,3;33,6;261,5
613500;20/02/2020;2,2;6,6;4,8;5,4;33,6;266,3
613500;21/02/2020;3,5;8;5,6;0;34,2;271,9
613500;22/02/2020;4,2;7,9;6,3;6,3;35,5;278,2
613500;23/02/2020;3,4;6,2;4,6;1,5;35,5;282,8
613500;24/02/2020;2,4;5,7;4,3;2;35,5;287,1
613500;25/02/2020;2,3;6,3;4,6;2,9;35,5;291,7
613500;26/02/2020;0,3;3,7;2;0,8;35,5;293,7
613500;27/02/2020;-2,1;4,9;0,8;1;35,5;294,5
613500;28/02/2020;-0,7;8,2;3,9;0,7;35,5;298,4
613500;29/02/2020;2,6;8,1;4,9;5,8;35,5;303,3
613500;01/03/2020;3,3;6,8;5;1,4;35,5;308,3
613500;02/03/2020;2,1;8;4,8;0;35,5;313,1
613500;03/03/2020;2,9;6,3;4,4;0,8;35,5;317,5
613500;04/03/2020;1;7,4;3,9;0;35,5;321,4
613500;05/03/2020;1;4,9;2,9;0;35,5;324,3
613500;06/03/2020;2,6;6,8;4,4;0,1;35,5;328,7
613500;07/03/2020;1,1;7,2;3,8;0;35,5;332,5
613500;08/03/2020;3,2;9,4;6,5;0,3;37;339
613500;09/03/2020;2,9;9,1;6,6;3,6;38,6;345,6
613500;10/03/2020;3,2;8;6;6,6;39,6;351,6
613500;11/03/2020;5;9,5;7;1,2;41,6;358,6
613500;12/03/2020;3,1;8,1;6,1;2,4;42,7;364,7
613500;13/03/2020;0,8;7,9;4,3;2,3;42,7;369
613500;14/03/2020;-2,2;5,7;2,4;0;42,7;371,4
613500;15/03/2020;3,2;9,8;6,4;0;44,1;377,8
613500;16/03/2020;4,4;9,1;7,6;0;46,7;385,4
613500;17/03/2020;3,2;9,3;6,9;0;48,6;392,3
613500;18/03/2020;6;8,7;7,5;0,7;51,1;399,8
613500;19/03/2020;3,5;9,4;6,2;0;52,3;406
613500;20/03/2020;1,1;8,3;4,8;0;52,3;410,8
613500;21/03/2020;-1,4;7,6;2,8;0;52,3;413,6
613500;22/03/2020;-1,9;5;1,5;0;52,3;415,1
613500;23/03/2020;-1,7;5,9;1,6;0;52,3;416,7
613500;24/03/2020;-0,2;6,4;3,3;0;52,3;420
613500;25/03/2020;0;7,8;4;0;52,3;424
613500;26/03/2020;-1;9,7;3,9;0;52,3;427,9
613500;27/03/2020;-1,1;12,7;5,4;0;52,7;433,3
613500;28/03/2020;-0,4;7,9;4,1;0;52,7;437,4
613500;29/03/2020;-2,1;4,9;1,9;0,5;52,7;439,3
613500;30/03/2020;-0,7;7,5;3,5;0;52,7;442,8
613500;31/03/2020;-4,3;7,6;2,6;0,1;52,7;445,4
613500;01/04/2020;3,6;9;6;0,6;53,7;451,4
613500;02/04/2020;3,3;9,1;6,4;1,9;55,1;457,8
613500;03/04/2020;1,9;8,5;4,9;0;55,1;462,7
613500;04/04/2020;0;8,9;4,6;0;55,1;467,3
613500;05/04/2020;1,4;13,6;7,9;0;58;475,2
613500;06/04/2020;5,4;17;11,1;0;64,1;486,3
613500;07/04/2020;4,3;15,1;10,6;0;69,7;496,9
613500;08/04/2020;2,7;15,9;9,8;0;74,5;506,7
613500;09/04/2020;4,8;12;8,4;0;77,9;515,1
613500;10/04/2020;-0,3;10,3;5,4;0;78,3;520,5
613500;11/04/2020;-0,5;9,2;5,9;0,1;79,2;526,4
613500;12/04/2020;5,6;17,7;11,3;0;85,5;537,7
613500;13/04/2020;1,4;8,8;5,6;0;86,1;543,3
613500;14/04/2020;1,8;9,7;5,7;0;86,8;549
613500;15/04/2020;5,7;14,2;8,9;0;90,7;557,9
613500;16/04/2020;4,6;13;8,9;0;94,6;566,8
613500;17/04/2020;0,5;12,8;7,1;0;96,7;573,9
613500;18/04/2020;0,1;13,9;7,4;0;99,1;581,3
613500;19/04/2020;3,1;13,3;7,8;0;101,9;589,1
613500;20/04/2020;-0,2;16,1;8,6;0;105,5;597,7
613500;21/04/2020;2,6;16;9,6;0;110,1;607,3
613500;22/04/2020;2,7;17,7;10,4;0;115,5;617,7
613500;23/04/2020;2,6;18,2;11,2;0;121,7;628,9
613500;24/04/2020;4,8;14,3;9,8;0;126,5;638,7
613500;25/04/2020;3,1;14,1;9,3;0;130,8;648
613500;26/04/2020;2,5;10,8;7,4;0;133,2;655,4
613500;27/04/2020;3,8;14,8;9,7;0;137,9;665,1
613500;28/04/2020;7;12,6;9,7;0;142,6;674,8
613500;29/04/2020;5,1;9,3;7,1;4,9;144,7;681,9
613500;30/04/2020;4,7;11,1;8,1;10,6;147,8;690
613500;01/05/2020;5,4;12,4;8,9;0,9;151,7;698,9
613500;02/05/2020;5,7;11,9;8,9;0,9;155,6;707,8
613500;03/05/2020;5,1;13,6;9,4;0;160;717,2
613500;04/05/2020;3,8;12,3;8,2;0,1;163,2;725,4
613500;05/05/2020;3,8;12,5;8;1,2;166,2;733,4
613500;06/05/2020;1,9;13,4;8,4;0;169,6;741,8
613500;07/05/2020;6,6;15,7;10,8;0;175,4;752,6
613500;08/05/2020;3,9;17,9;11;0;181,4;763,6
613500;09/05/2020;8,3;17,9;12,8;0;189,2;776,4
613500;10/05/2020;7,4;19,2;12,7;0;196,9;789,1
613500;11/05/2020;0,2;9,6;7,1;0,1;199;796,2
613500;12/05/2020;0,1;11,2;6;0,6;200;802,2
613500;13/05/2020;0,2;11,6;6,7;0,1;201,7;808,9
613500;14/05/2020;-0,3;12,1;6,9;0;203,6;815,8
613500;15/05/2020;4,8;12;8,8;1,9;207,4;824,6
613500;16/05/2020;6,8;14,6;10,3;0;212,7;834,9
613500;17/05/2020;7,7;15,9;10,9;0;218,6;845,8
613500;18/05/2020;9,4;13,1;11;1,6;224,6;856,8
613500;19/05/2020;6,3;15,5;12,1;0,1;231,7;868,9
613500;20/05/2020;3,2;17,2;10,8;0;237,5;879,7
613500;21/05/2020;4,6;18,5;12,6;0;245,1;892,3
613500;22/05/2020;7,8;19,6;13,5;4,8;253,6;905,8
613500;23/05/2020;9,2;16,6;13,2;1,1;261,8;919
613500;24/05/2020;9;14;11,6;0,8;268,4;930,6
613500;25/05/2020;7,2;16,7;12,1;0,5;275,5;942,7
613500;26/05/2020;5,3;19,3;13,4;0;283,9;956,1
613500;27/05/2020;6,3;16,8;12,1;0;291;968,2
613500;28/05/2020;5,9;17,2;12,5;0;298,5;980,7
613500;29/05/2020;3,7;18,3;12,6;0;306,1;993,3
613500;30/05/2020;5,9;20,4;13,7;0;314,8;1007
613500;31/05/2020;7,3;21,8;15,3;0;325,1;1022,3
613500;01/06/2020;5,8;23,2;16,1;0;336,2;1038,4
613500;02/06/2020;7,8;24;17,4;0;348,6;1055,8
613500;03/06/2020;8,9;20,9;14,9;0;358,5;1070,7
613500;04/06/2020;8,7;17,3;12,8;7,7;366,3;1083,5
613500;05/06/2020;10;15,3;12,6;4,9;373,9;1096,1
613500;06/06/2020;7,9;15,1;11,1;10,4;380;1107,2
613500;07/06/2020;7,3;18,3;13,6;0;388,6;1120,8
613500;08/06/2020;7,9;18,3;13,6;0;397,2;1134,4
613500;09/06/2020;8;17,5;13,5;0;405,7;1147,9
613500;10/06/2020;7,4;20,9;15,1;0;415,8;1163
613500;11/06/2020;14,5;22,1;17,2;0,3;428;1180,2
613500;12/06/2020;15,1;17,4;16,2;0;439,2;1196,4
613500;13/06/2020;15,6;23,8;18,3;0,1;452,5;1214,7
613500;14/06/2020;9,8;21,9;17,4;0;464,9;1232,1
613500;15/06/2020;8,7;23,5;17;0;476,9;1249,1
613500;16/06/2020;8,3;25;17,8;0;489,7;1266,9
613500;17/06/2020;11,7;24,2;18,5;0,4;503,2;1285,4
613500;18/06/2020;12,9;23,6;18,2;1,5;516,4;1303,6
613500;19/06/2020;15,2;19,2;16,8;9,8;528,2;1320,4
613500;20/06/2020;15,2;17,3;16,4;2,7;539,6;1336,8
613500;21/06/2020;13,1;21;17,1;0;551,7;1353,9
613500;22/06/2020;10,4;21,3;16,3;1,6;563;1370,2
613500;23/06/2020;9,5;21,7;16,3;0;574,3;1386,5
613500;24/06/2020;9,6;24,9;18,8;0;588,1;1405,3
613500;25/06/2020;11,8;27,4;20,7;0;603,8;1426
613500;26/06/2020;16;26,8;21,7;0;620,5;1447,7
613500;27/06/2020;15,9;26,9;21,4;0;636,9;1469,1
613500;28/06/2020;13,1;22,4;18,3;0,9;650,2;1487,4
613500;29/06/2020;10,4;21,6;17,2;0;662,4;1504,6
613500;30/06/2020;13,1;19,2;15,5;8,2;672,9;1520,1
613500;01/07/2020;13,2;20,2;16,5;2,1;684,4;1536,6
613500;02/07/2020;13,2;19,7;16,3;1,5;695,7;1552,9
613500;03/07/2020;11,8;17,8;14,4;3,5;705,1;1567,3
613500;04/07/2020;14,2;16,5;15,4;16,2;715,5;1582,7
613500;05/07/2020;13,7;19,7;16,9;2,1;727,4;1599,6
613500;06/07/2020;11,5;18,1;14,1;6,7;736,5;1613,7
613500;07/07/2020;10,3;17,4;12,9;4,9;744,4;1626,6
613500;08/07/2020;9,7;17,9;13,1;0;752,5;1639,7
613500;09/07/2020;8,1;16,8;12,9;0;760,4;1652,6
613500;10/07/2020;6,5;15;11,1;3,5;766,5;1663,7
613500;11/07/2020;10,1;18,7;13,9;0;775,4;1677,6
613500;12/07/2020;9,7;17,4;13,7;0;784,1;1691,3
613500;13/07/2020;10,3;19,8;14,7;0;793,8;1706
613500;14/07/2020;10,5;19,6;15,5;4,1;804,3;1721,5
613500;15/07/2020;12,8;19,5;15,1;2,6;814,4;1736,6
613500;16/07/2020;10,6;20,6;15,8;0;825,2;1752,4
613500;17/07/2020;10,4;22,8;17,3;0;837,5;1769,7
613500;18/07/2020;9,9;24,6;18,4;0;850,9;1788,1
613500;19/07/2020;15,2;26,5;20,8;0;866,7;1808,9
613500;20/07/2020;12,4;19,9;16,4;0;878,1;1825,3
613500;21/07/2020;11;20,1;15;0;888,1;1840,3
613500;22/07/2020;9,9;19,3;14,9;0;898;1855,2
613500;23/07/2020;7,7;20;14,9;6,5;907,9;1870,1
613500;24/07/2020;13,6;21;16,7;2,6;919,6;1886,8
613500;25/07/2020;9,9;22,1;16,9;0;931,5;1903,7
613500;26/07/2020;13,8;21,3;17,9;3,7;944,4;1921,6
613500;27/07/2020;11,3;21,4;17,1;0;956,5;1938,7
613500;28/07/2020;13,9;21,8;18,1;0,3;969,6;1956,8
613500;29/07/2020;12,8;19,9;15,3;0,3;979,9;1972,1
613500;30/07/2020;12,2;19,7;15,7;0;990,6;1987,8
613500;31/07/2020;11,7;22,8;16,1;0;1001,7;2003,9
613500;01/08/2020;10,1;24,6;18,3;0;1015;2022,2
613500;02/08/2020;15,7;22,8;19;0,2;1029;2041,2
613500;03/08/2020;10,7;20,6;16,3;0;1040,3;2057,5
613500;04/08/2020;10,2;20,4;15,4;0;1050,7;2072,9
613500;05/08/2020;10,9;25,7;18,4;0;1064,1;2091,3
613500;06/08/2020;12,5;29,6;22,2;0;1081,3;2113,5
613500;07/08/2020;15,3;30,4;22,9;0;1099,2;2136,4
613500;08/08/2020;14,8;31,1;23;0;1117,2;2159,4
613500;09/08/2020;14,1;31,8;22,9;0;1135,1;2182,3
613500;10/08/2020;18,1;31;23,6;0,3;1153,7;2205,9
613500;11/08/2020;16,2;25,9;20,7;0;1169,4;2226,6
613500;12/08/2020;15;25,2;19,8;0;1184,2;2246,4
613500;13/08/2020;12,5;26,6;19,6;0;1198,8;2266
613500;14/08/2020;9,5;28,3;19,2;0;1213;2285,2
613500;15/08/2020;12,4;29,8;21,8;0;1229,8;2307
613500;16/08/2020;13,2;30,1;22,7;0;1247,5;2329,7
613500;17/08/2020;15,7;29,1;22,5;0;1265;2352,2
613500;18/08/2020;16,5;24,1;20,3;0;1280,3;2372,5
613500;19/08/2020;13,8;24,8;19,8;0;1295,1;2392,3
613500;20/08/2020;14,2;23,8;19,6;3,3;1309,7;2411,9
613500;21/08/2020;16,2;24,1;20;2,8;1324,7;2431,9
613500;22/08/2020;17,7;24,3;20,4;0;1340,1;2452,3
613500;23/08/2020;16,1;20,8;18;0,2;1353,1;2470,3
613500;24/08/2020;13,2;19,5;15,6;5,8;1363,7;2485,9
613500;25/08/2020;8,5;18,8;14,8;2,7;1373,5;2500,7
613500;26/08/2020;14,7;19,9;17,1;4,9;1385,6;2517,8
613500;27/08/2020;11,7;16,7;14,8;31,7;1395,4;2532,6
613500;28/08/2020;11,7;18,6;14,7;0;1405,1;2547,3
613500;29/08/2020;12,3;19,6;15,3;3,4;1415,4;2562,6
613500;30/08/2020;9,8;21,5;15,4;0;1425,8;2578
613500;31/08/2020;11,4;19,7;15,1;0;1435,9;2593,1
613500;01/09/2020;8,2;20,1;14,4;0;1445,3;2607,5
613500;02/09/2020;10,6;20,4;15,1;0;1455,4;2622,6
613500;03/09/2020;7,9;19,6;14,5;5;1464,9;2637,1
613500;04/09/2020;14,6;20,2;17;0;1476,9;2654,1
613500;05/09/2020;11,8;18,1;15,3;3;1487,2;2669,4
613500;06/09/2020;11,4;17,3;13,7;0;1495,9;2683,1
613500;07/09/2020;10,9;18,1;14,2;0;1505,1;2697,3
613500;08/09/2020;14,6;20,1;16,8;1,4;1516,9;2714,1
613500;09/09/2020;13;18,6;16,3;1,3;1528,2;2730,4
613500;10/09/2020;7,4;17,6;13,5;0;1536,7;2743,9
613500;11/09/2020;6,1;11,7;8,2;0;1539,9;2752,1
613500;12/09/2020;11,2;18,8;14,8;1,8;1549,7;2766,9
613500;13/09/2020;13,3;18,4;15,9;0;1560,6;2782,8
613500;14/09/2020;11,9;23,5;17,4;0;1573;2800,2
613500;15/09/2020;10,9;27,6;18,4;0;1586,4;2818,6
613500;16/09/2020;11,7;20;15,5;1,3;1596,9;2834,1
613500;17/09/2020;5,5;16,5;11,4;0;1603,3;2845,5
613500;18/09/2020;2;17,7;9,8;0;1608,1;2855,3
613500;19/09/2020;4,1;19,3;11,5;0;1614,6;2866,8
613500;20/09/2020;5,2;18,6;12,2;0;1621,8;2879
613500;21/09/2020;6,5;19,5;12,8;0;1629,6;2891,8
613500;22/09/2020;5,4;22,6;13,5;0;1638,1;2905,3
613500;23/09/2020;7,3;21,8;14,9;0;1648;2920,2
613500;24/09/2020;9,2;18,6;15,9;0,8;1658,9;2936,1
613500;25/09/2020;9,4;14,2;12,8;21,7;1666,7;2948,9
613500;26/09/2020;9,5;16,5;13,2;0,5;1674,9;2962,1
613500;27/09/2020;15;21,9;17,8;0;1687,7;2979,9
613500;28/09/2020;10,1;16;14,1;0,1;1696,8;2994
613500;29/09/2020;8,4;17,6;13,1;0;1704,9;3007,1
613500;30/09/2020;10,7;18,1;13,9;0;1713,8;3021
613500;01/10/2020;8,9;17;13,6;0;1722,4;3034,6
613500;02/10/2020;13,6;16,5;14,7;1,2;1732,1;3049,3
613500;03/10/2020;13,7;16,4;15,3;0;1742,4;3064,6
613500;04/10/2020;11,1;16,9;14,7;0,9;1752,1;3079,3
613500;05/10/2020;8,1;16,7;13,2;0,7;1760,3;3092,5
613500;06/10/2020;8,9;14,2;11,9;0,3;1767,2;3104,4
613500;07/10/2020;11;15,4;12,8;2,6;1775;3117,2
613500;08/10/2020;10,3;14,7;12,2;6,4;1782,2;3129,4
613500;09/10/2020;9,2;14,4;11,6;0;1788,8;3141
613500;10/10/2020;7,3;12;10;3,3;1793,8;3151
613500;11/10/2020;5;11,9;9,1;0;1797,9;3160,1
613500;12/10/2020;2;13,4;7,3;1,7;1800,2;3167,4
613500;13/10/2020;3,4;13,6;8,4;0;1803,6;3175,8
613500;14/10/2020;5,9;11,1;8,3;0;1806,9;3184,1
613500;15/10/2020;1,6;10;7,3;0;1809,2;3191,4
613500;16/10/2020;1,3;12,5;7,2;0;1811,4;3198,6
613500;17/10/2020;3,4;11,1;7,9;0;1814,3;3206,5
613500;18/10/2020;5,5;11,4;9,1;0,1;1818,4;3215,6
613500;19/10/2020;5,6;11,6;8,4;0,3;1821,8;3224
613500;20/10/2020;8,8;10,5;9,7;0;1826,5;3233,7
613500;21/10/2020;10,5;15;12,1;4,2;1833,6;3245,8
613500;22/10/2020;12,1;15,7;13,9;1,4;1842,5;3259,7
613500;23/10/2020;9,1;13,7;11,4;0,1;1848,9;3271,1
613500;24/10/2020;9,8;13,4;11,9;3,8;1855,8;3283
613500;25/10/2020;10,4;13,8;12,2;12,6;1863;3295,2
613500;26/10/2020;9,2;11,9;10,7;1,2;1868,7;3305,9
613500;27/10/2020;8,3;10,9;9,6;0,5;1873,3;3315,5
613500;28/10/2020;8,8;12,2;10,5;4,7;1878,8;3326
613500;29/10/2020;8,3;11,6;9,6;6,3;1883,4;3335,6
613500;30/10/2020;8;12,3;9,9;5,2;1888,3;3345,5
613500;31/10/2020;10,8;13,3;11,9;0,3;1895,2;3357,4
613500;01/11/2020;11,1;13,6;12,1;2,2;1902,3;3369,5
613500;02/11/2020;11,2;16,7;14,8;4,2;1912,1;3384,3
613500;03/11/2020;7,1;12,7;10,4;0,1;1917,5;3394,7
613500;04/11/2020;7,6;11,8;9,2;0;1921,7;3403,9
613500;05/11/2020;7,5;11,5;10;0,2;1926,7;3413,9
613500;06/11/2020;5,9;11,9;10,2;0;1931,9;3424,1
613500;07/11/2020;4,5;10,5;8,9;0;1935,8;3433
613500;08/11/2020;1;11,3;6,2;0;1937;3439,2
613500;09/11/2020;6,7;9,1;7,7;0;1939,7;3446,9
613500;10/11/2020;5,6;7,9;6,8;0;1941,5;3453,7
613500;11/11/2020;5;6,5;5,8;0;1942,3;3459,5
613500;12/11/2020;5,7;8,8;7,1;2,8;1944,4;3466,6
613500;13/11/2020;5,5;10,1;8,3;0,6;1947,7;3474,9
613500;14/11/2020;7,9;11,2;9,5;0,6;1952,2;3484,4
613500;15/11/2020;9,8;12,5;11,1;0,1;1958,3;3495,5
613500;16/11/2020;8,8;11,8;10;1,5;1963,3;3505,5
613500;17/11/2020;8,9;12;10,3;1,8;1968,6;3515,8
613500;18/11/2020;9,2;12;10,9;0,1;1974,5;3526,7
613500;19/11/2020;3,6;11,7;7,8;4,8;1977,3;3534,5
613500;20/11/2020;2,1;6,2;4,4;0;1977,3;3538,9
613500;21/11/2020;5,1;10;7,2;2,5;1979,5;3546,1
613500;22/11/2020;6,9;9,9;8,5;0;1983;3554,6
613500;23/11/2020;5,5;8,8;7,3;0;1985,3;3561,9
613500;24/11/2020;6,9;8,8;7,8;0,2;1988,1;3569,7
613500;25/11/2020;4,9;7,6;6,2;0;1989,3;3575,9
613500;26/11/2020;3,2;9,4;6,9;0;1991,2;3582,8
613500;27/11/2020;-1,2;7,4;3;0;1991,2;3585,8
613500;28/11/2020;-2,6;2,9;0;0;1991,2;3585,8
613500;29/11/2020;-1;2;0,6;0,1;1991,2;3586,4
613500;30/11/2020;-1,5;3,7;1,5;1,4;1991,2;3587,9
613500;01/12/2020;2,6;5,1;3,9;0,7;1991,2;3591,8
613500;02/12/2020;1,4;4,2;3,2;0;1991,2;3595
613500;03/12/2020;-0,3;2,2;1,1;0;1991,2;3596,1
613500;04/12/2020;0,5;3;2;0;1991,2;3598,1
613500;05/12/2020;1,9;6,1;4,1;0;1991,2;3602,2
613500;06/12/2020;2,6;8,1;5,5;0;1991,7;3607,7
613500;07/12/2020;5,7;7,9;6,6;0;1993,3;3614,3
613500;08/12/2020;3,1;6,1;4,7;0;1993,3;3619
613500;09/12/2020;2,5;4,9;3,4;0,5;1993,3;3622,4
613500;10/12/2020;1,9;3,3;2,8;0,1;1993,3;3625,2
613500;11/12/2020;0,4;2,3;1,4;0;1993,3;3626,6
613500;12/12/2020;1,8;4,3;3,1;0;1993,3;3629,7
613500;13/12/2020;1,8;4,7;3,1;0;1993,3;3632,8
613500;14/12/2020;2,6;6,7;4,7;2,3;1993,3;3637,5
613500;15/12/2020;5,8;7,4;6,7;8,7;1995;3644,2
613500;16/12/2020;4,9;8,2;6,6;0,2;1996,6;3650,8
613500;17/12/2020;5,7;7,8;6,7;5,6;1998,3;3657,5
613500;18/12/2020;4,9;7,7;6,7;0;2000;3664,2
613500;19/12/2020;4;6,7;4,9;0;2000;3669,1
613500;20/12/2020;5,2;7,3;6,2;0;2001,2;3675,3
613500;21/12/2020;4,8;6,8;6;0,1;2002,2;3681,3
613500;22/12/2020;4,7;8,9;6,4;2,9;2003,6;3687,7
613500;23/12/2020;1,2;5,8;3,4;0;2003,6;3691,1
613500;24/12/2020;0,9;5;2,9;0;2003,6;3694
613500;25/12/2020;-2,4;3,6;1,4;0;2003,6;3695,4
613500;26/12/2020;-0,5;4,5;2,8;2,4;2003,6;3698,2
613500;27/12/2020;1,5;4,8;3;7,5;2003,6;3701,2
613500;28/12/2020;1,4;3,4;2,5;1,9;2003,6;3703,7
613500;29/12/2020;1,6;3,6;2,6;4,7;2003,6;3706,3
613500;30/12/2020;2,9;4,8;3,9;11,7;2003,6;3710,2
613500;31/12/2020;1,8;5;3,8;1,3;2003,6;3714
613500;01/01/2021;-0,6;2,9;1,7;3,6;0;1,7
613500;02/01/2021;-2,1;0,8;-0,4;0;0;1,7
613500;03/01/2021;-2;2,9;0,7;0;0;2,4
613500;04/01/2021;-1,8;1,1;-0,2;0;0;2,4
613500;05/01/2021;0;1,9;0,9;0;0;3,3
613500;06/01/2021;-0,1;1,4;0,7;1,4;0;4
613500;07/01/2021;-0,3;1,5;0,6;0,4;0;4,6
613500;08/01/2021;-0,4;1,8;0,8;0,6;0;5,4
613500;09/01/2021;-0,6;2,6;1;0;0;6,4
613500;10/01/2021;-0,5;2,6;1,1;4,4;0;7,5
613500;11/01/2021;0,7;4,8;3,6;3,3;0;11,1
613500;12/01/2021;0,3;5,3;2;1,6;0;13,1
613500;13/01/2021;-0,3;2,7;1,3;2,9;0;14,4
613500;14/01/2021;-1,8;1,3;0;0,2;0;14,4
613500;15/01/2021;-4,8;-0,7;-2;0;0;14,4
613500;16/01/2021;-6,9;-0,5;-3,5;0;0;14,4
613500;17/01/2021;-5,3;0,4;-2,4;0;0;14,4
613500;18/01/2021;-1,6;3;0,5;3,7;0;14,9
613500;19/01/2021;1,1;3,4;2,1;5,9;0;17
613500;20/01/2021;3,2;6,8;5,4;10,2;0,4;22,4
613500;21/01/2021;4,4;7,8;5,9;0,1;1,3;28,3
613500;22/01/2021;2,7;6,3;4,4;6,6;1,3;32,7
613500;23/01/2021;0,7;3,9;2,3;0;1,3;35
613500;24/01/2021;0,8;3,5;2,1;0;1,3;37,1
613500;25/01/2021;-0,5;3,8;1,2;0,9;1,3;38,3
613500;26/01/2021;-1,5;2,5;0,2;0;1,3;38,5
613500;27/01/2021;-0,9;2,2;1,1;4,1;1,3;39,6
613500;28/01/2021;-4,2;1;-1;0,6;1,3;39,6
613500;29/01/2021;-5,4;-1,4;-2,9;0;1,3;39,6
613500;30/01/2021;-5,8;0,4;-1,5;0,2;1,3;39,6
613500;31/01/2021;-1,2;3,1;0,7;0;1,3;40,3
613500;01/02/2021;-2,5;1,2;-0,5;0;1,3;40,3
613500;02/02/2021;-6,5;1,5;-2,4;0;1,3;40,3
613500;03/02/2021;-2,7;0;-1,3;2;1,3;40,3
613500;04/02/2021;-4,4;-2;-3,3;0;1,3;40,3
613500;05/02/2021;-7,1;-1,5;-3,6;0;1,3;40,3
613500;06/02/2021;-7,4;-2,8;-5,4;0;1,3;40,3
613500;07/02/2021;-6;-2,3;-3,8;0,3;1,3;40,3
613500;08/02/2021;-4,3;-2,5;-3,5;0,7;1,3;40,3
613500;09/02/2021;-5,5;-2,2;-4;0,1;1,3;40,3
613500;10/02/2021;-6,6;-3;-5,1;0;1,3;40,3
613500;11/02/2021;-7,7;-3,7;-6,1;0;1,3;40,3
613500;12/02/2021;-10,6;-1,8;-6,5;0;1,3;40,3
613500;13/02/2021;-11,3;0,9;-5,3;0;1,3;40,3
613500;14/02/2021;-11,7;0,2;-5;0;1,3;40,3
613500;15/02/2021;-3,3;1,3;-1,3;1,4;1,3;40,3
613500;16/02/2021;-1,9;1,3;-0,4;1,6;1,3;40,3
613500;17/02/2021;0,8;2,8;1,8;7,3;1,3;42,1
613500;18/02/2021;1,2;4,6;2,4;2,5;1,3;44,5
613500;19/02/2021;0,7;5,9;3,3;3,9;1,3;47,8
613500;20/02/2021;2,6;7,8;4,8;0;1,3;52,6
613500;21/02/2021;2;10,6;6,3;0;2,6;58,9
613500;22/02/2021;1;10,4;6,1;0;3,7;65
613500;23/02/2021;3,2;9,3;6,7;0;5,4;71,7
613500;24/02/2021;5;12,5;9,2;0;9,6;80,9
613500;25/02/2021;3,6;12,1;7,9;0;12,5;88,8
613500;26/02/2021;2,8;9;5,2;0;12,7;94
613500;27/02/2021;2,1;8,2;4,4;0;12,7;98,4
613500;28/02/2021;-0,1;6,3;4;0;12,7;102,4
613500;01/03/2021;-0,9;8,9;2,6;0;12,7;105
613500;02/03/2021;-1,2;2,3;0,8;0;12,7;105,8
613500;03/03/2021;-3,2;2,7;-0,3;0;12,7;105,8
613500;04/03/2021;-2;4,5;2;0;12,7;107,8
613500;05/03/2021;-3,6;5,1;0,4;0;12,7;108,2
613500;06/03/2021;-2,8;5,8;2,1;0;12,7;110,3
613500;07/03/2021;-3;6,7;2,5;0;12,7;112,8
613500;08/03/2021;-4;5,1;-0,1;0;12,7;112,8
613500;09/03/2021;-5,1;5,9;0,2;0;12,7;113
613500;10/03/2021;-4;5,3;1,4;0;12,7;114,4
613500;11/03/2021;0,8;7,6;4,6;16,7;12,7;119
613500;12/03/2021;3,1;7,1;4,9;2,1;12,7;123,9
613500;13/03/2021;1;6,3;3,6;12,8;12,7;127,5
613500;14/03/2021;1,8;7,7;4,3;2,6;12,7;131,8
613500;15/03/2021;1,7;6,5;4,2;0,2;12,7;136
613500;16/03/2021;-1,2;6,3;2,5;0;12,7;138,5
613500;17/03/2021;-1,5;8,2;2,9;0;12,7;141,4
613500;18/03/2021;-1,8;6,4;2,2;0;12,7;143,6
613500;19/03/2021;-3,1;3,8;0,8;0,1;12,7;144,4
613500;20/03/2021;-3,7;5,3;2,2;0,2;12,7;146,6
613500;21/03/2021;-0,1;8,2;5,2;0;12,9;151,8
613500;22/03/2021;-1,1;7,2;3,8;0,3;12,9;155,6
613500;23/03/2021;4,2;7,4;5,4;0;13,3;161
613500;24/03/2021;4,1;9,9;7;0;15,3;168
613500;25/03/2021;2;10,8;6,6;0;16,9;174,6
613500;26/03/2021;2,9;12,9;8,4;0,6;20,3;183
613500;27/03/2021;3,6;9,1;6,2;5;21,5;189,2
613500;28/03/2021;3,2;7,9;5,7;1,1;22,2;194,9
613500;29/03/2021;7,1;9,9;8,3;0;25,5;203,2
613500;30/03/2021;6,6;15,5;10,1;0;30,6;213,3
613500;31/03/2021;2,1;16,6;9,4;0;35;222,7
613500;01/04/2021;1,2;8,4;6,4;0;36,4;229,1
613500;02/04/2021;0,3;9,6;5;0;36,4;234,1
613500;03/04/2021;-1;7,7;4;0;36,4;238,1
613500;04/04/2021;-1,2;8,6;4,3;0;36,4;242,4
613500;05/04/2021;-0,1;6,5;3;5;36,4;245,4
613500;06/04/2021;1,2;6,4;3,6;0,1;36,4;249
613500;07/04/2021;1,4;8,7;3,8;0,5;36,4;252,8
613500;08/04/2021;2,4;6,4;4,5;0,4;36,4;257,3
613500;09/04/2021;2,4;9,2;5,9;1,1;37,3;263,2
613500;10/04/2021;0,3;8,3;4;0;37,3;267,2
613500;11/04/2021;0,5;8,2;3,7;4,7;37,3;270,9
613500;12/04/2021;2,1;8,2;4,4;0,3;37,3;275,3
613500;13/04/2021;1,5;7,5;4,6;0,2;37,3;279,9
613500;14/04/2021;-1,2;9,5;4,3;0,1;37,3;284,2
613500;15/04/2021;0,2;10,1;5,4;0;37,7;289,6
613500;16/04/2021;0,7;10,2;6;0;38,7;295,6
613500;17/04/2021;4,3;15,2;9,3;0,1;43;304,9
613500;18/04/2021;4,2;16,5;10,1;0;48,1;315
613500;19/04/2021;4,4;17,4;10,6;0;53,7;325,6
613500;20/04/2021;1,5;15,9;9,8;0;58,5;335,4
613500;21/04/2021;4,3;10,9;7,4;0;60,9;342,8
613500;22/04/2021;4,6;10,7;7,2;0;63,1;350
613500;23/04/2021;3,4;11;7;0;65,1;357
613500;24/04/2021;2,3;9,8;6,5;0;66,6;363,5
613500;25/04/2021;0,1;8,5;4,7;0,1;66,6;368,2
613500;26/04/2021;-2,6;8,4;3,8;0;66,6;372
613500;27/04/2021;-3,4;10,7;4,5;0;66,6;376,5
613500;28/04/2021;-0,4;12,4;6,7;0;68,3;383,2
613500;29/04/2021;5,7;12,1;8,2;2,8;71,5;391,4
613500;30/04/2021;4,9;12,4;8,1;1,9;74,6;399,5
613500;01/05/2021;3,1;12,5;8;0;77,6;407,5
613500;02/05/2021;3,8;11,9;7,4;1,3;80;414,9
613500;03/05/2021;5;10,3;7;4;82;421,9
613500;04/05/2021;6;10,1;7,3;10,1;84,3;429,2
613500;05/05/2021;5,4;9,3;6,8;13,9;86,1;436
613500;06/05/2021;3,9;8,2;5,6;7;86,7;441,6
613500;07/05/2021;2,9;9,6;5,4;3,7;87,1;447
613500;08/05/2021;3,6;11,1;7,8;0,4;89,9;454,8
613500;09/05/2021;7,3;20,2;14;4,3;98,9;468,8
613500;10/05/2021;12,3;22,2;16,5;0,4;110,4;485,3
613500;11/05/2021;10,6;14,6;12,1;9,8;117,5;497,4
613500;12/05/2021;9,8;13,9;11,5;8,3;124;508,9
613500;13/05/2021;10;13,1;11,3;0,1;130,3;520,2
613500;14/05/2021;9,5;14,9;11,7;0,3;137;531,9
613500;15/05/2021;6,6;11,3;9,1;0;141,1;541
613500;16/05/2021;6,5;16;11,1;0,7;147,2;552,1
613500;17/05/2021;5,4;15,4;11,1;0;153,3;563,2
613500;18/05/2021;8;13,4;10,8;0;159,1;574
613500;19/05/2021;7,2;14,1;10,5;0,7;164,6;584,5
613500;20/05/2021;6,5;13,9;9,8;0;169,4;594,3
613500;21/05/2021;6,3;15,2;10,5;3,1;174,9;604,8
613500;22/05/2021;8,3;13,6;10,8;1,7;180,7;615,6
613500;23/05/2021;6;13,2;10;0,3;185,7;625,6
613500;24/05/2021;6,5;19;13,1;0;193,8;638,7
613500;25/05/2021;8,9;13,8;11,3;5;200,1;650
613500;26/05/2021;8,1;11,2;9,3;9,9;204,4;659,3
613500;27/05/2021;8,8;13;10,7;8,8;210,1;670
613500;28/05/2021;6,2;16,3;11,6;0;216,7;681,6
613500;29/05/2021;7,9;17,7;12;0;223,7;693,6
613500;30/05/2021;6,1;20,5;14,4;0;233,1;708
613500;31/05/2021;7,2;21,1;15,3;0;243,4;723,3
613500;01/06/2021;9,1;18,4;13,8;0;252,2;737,1
613500;02/06/2021;9,3;17,6;13,7;0;260,9;750,8
613500;03/06/2021;10,9;21,9;16,8;1,2;272,7;767,6
613500;04/06/2021;12,1;20,1;15,7;3,5;283,4;783,3
613500;05/06/2021;10,9;22;16,6;0;295;799,9
613500;06/06/2021;11;24,1;17,6;0;307,6;817,5
613500;07/06/2021;14,1;21;17,5;0;320,1;835
613500;08/06/2021;11,6;21;15,7;0;330,8;850,7
613500;09/06/2021;10,9;21,9;17,1;0;342,9;867,8
613500;10/06/2021;9,8;22,4;17,1;0;355;884,9
613500;11/06/2021;10,7;21,7;17,7;0;367,7;902,6
613500;12/06/2021;12,1;17,7;15,4;0;378,1;918
613500;13/06/2021;11,6;18,4;14,6;0;387,7;932,6
613500;14/06/2021;9,9;21,9;16,7;0;399,4;949,3
613500;15/06/2021;11;19;14,8;0;409,2;964,1
613500;16/06/2021;6,7;21,5;15,5;0;419,7;979,6
613500;17/06/2021;13,4;27,3;21,3;0;436;1000,9
613500;18/06/2021;17,9;30,2;24;0;455;1024,9
613500;19/06/2021;16,9;26,6;22,1;0;472,1;1047
613500;20/06/2021;13,1;24,9;18,9;1,4;486;1065,9
613500;21/06/2021;12,1;17;14,4;1,9;495,4;1080,3
613500;22/06/2021;12,7;17,1;14,5;0;504,9;1094,8
613500;23/06/2021;11,5;19,4;15,9;0;515,8;1110,7
613500;24/06/2021;10,5;20,4;16;0;526,8;1126,7
613500;25/06/2021;14;19,4;16,3;0;538,1;1143
613500;26/06/2021;12,4;21,2;17,3;0;550,4;1160,3
613500;27/06/2021;12,1;20,3;16,7;0;562,1;1177
613500;28/06/2021;9,3;25,1;18,1;0;575,2;1195,1
613500;29/06/2021;11,6;26,6;19,7;0,2;589,9;1214,8
613500;30/06/2021;16,1;20,1;18;3,8;602,9;1232,8
613500;01/07/2021;15,2;22,2;18,1;0;616;1250,9
613500;02/07/2021;15,9;18,8;17,1;10;628,1;1268
613500;03/07/2021;13,9;19,3;17;3,6;640,1;1285
613500;04/07/2021;14,7;23,3;18,8;0;653,9;1303,8
613500;05/07/2021;13,6;23,6;18,5;0,3;667,4;1322,3
613500;06/07/2021;10,9;23,6;17,8;0,5;680,2;1340,1
613500;07/07/2021;14,4;22,9;18,6;1,8;693,8;1358,7
613500;08/07/2021;14;23,5;19,4;0,5;708,2;1378,1
613500;09/07/2021;12,8;23,8;18,9;1,5;722,1;1397
613500;10/07/2021;14,8;21,5;16,9;6,4;734;1413,9
613500;11/07/2021;10,3;24,7;18;0;747;1431,9
613500;12/07/2021;14,9;25,1;20,1;0;762,1;1452
613500;13/07/2021;17,1;25,5;20,9;0;778;1472,9
613500;14/07/2021;16,5;28,7;22,9;0;795,9;1495,8
613500;15/07/2021;18,1;29,7;24,2;0,1;815,1;1520
613500;16/07/2021;18,5;29,2;23,8;0;833,9;1543,8
613500;17/07/2021;16,1;25,8;20,9;0;849,8;1564,7
613500;18/07/2021;15,7;22,2;18,7;0;863,5;1583,4
613500;19/07/2021;12,9;22,8;17,7;0;876,2;1601,1
613500;20/07/2021;12,4;20,3;16,8;0;888;1617,9
613500;21/07/2021;14,1;18,9;16,5;0,1;899,5;1634,4
613500;22/07/2021;13,6;21;16,9;0;911,4;1651,3
613500;23/07/2021;14,2;22,4;17,8;0;924,2;1669,1
613500;24/07/2021;12,5;26,4;20,1;0;939,3;1689,2
613500;25/07/2021;17,9;25,4;20,5;4,9;954,8;1709,7
613500;26/07/2021;18,8;27,3;22;7,1;971,8;1731,7
613500;27/07/2021;15,6;26;20,3;0,8;987,1;1752
613500;28/07/2021;14,8;24,2;19,7;0,8;1001,8;1771,7
613500;29/07/2021;12,9;19,5;16,2;7,1;1013;1787,9
613500;30/07/2021;13,9;22,5;18,2;0,1;1026,2;1806,1
613500;31/07/2021;12,7;19,8;16,5;2,1;1037,7;1822,6
613500;01/08/2021;14;22,1;17,1;0;1049,8;1839,7
613500;02/08/2021;13,1;22,9;16,8;0;1061,6;1856,5
613500;03/08/2021;11;20,4;16;0;1072,6;1872,5
613500;04/08/2021;9,7;21,6;15,9;0;1083,5;1888,4
613500;05/08/2021;9,9;23,7;16,9;0;1095,4;1905,3
613500;06/08/2021;11,8;24,2;17,9;0,4;1108,3;1923,2
613500;07/08/2021;13,5;23,2;18;1,4;1121,3;1941,2
613500;08/08/2021;12,3;21,6;16,7;4;1133;1957,9
613500;09/08/2021;12,9;21,1;16,4;0;1144,4;1974,3
613500;10/08/2021;12,4;20,8;16,2;5,4;1155,6;1990,5
613500;11/08/2021;11,7;23;17,3;0;1167,9;2007,8
613500;12/08/2021;10,7;25,5;18,9;0;1181,8;2026,7
613500;13/08/2021;14,1;25,5;19,3;0;1196,1;2046
613500;14/08/2021;14,7;19,6;17,1;6,9;1208,2;2063,1
613500;15/08/2021;15,2;21,5;17,7;0,1;1220,9;2080,8
613500;16/08/2021;11,4;18,3;15,4;10,8;1231,3;2096,2
613500;17/08/2021;8,6;20,6;15,4;7,5;1241,7;2111,6
613500;18/08/2021;13,4;17,9;15,2;1,3;1251,9;2126,8
613500;19/08/2021;13,6;19,3;15,8;0,4;1262,7;2142,6
613500;20/08/2021;11,5;18,4;14,8;0,1;1272,5;2157,4
613500;21/08/2021;8,2;19,8;14,2;0;1281,7;2171,6
613500;22/08/2021;8,1;21,3;15,3;0;1292;2186,9
613500;23/08/2021;9,4;23,2;16,2;0;1303,2;2203,1
613500;24/08/2021;7,2;22,1;14,9;0;1313,1;2218
613500;25/08/2021;13,2;19,9;15,8;0,1;1323,9;2233,8
613500;26/08/2021;10;15,6;13,9;0,6;1332,8;2247,7
613500;27/08/2021;13,1;20,3;15,4;4,7;1343,2;2263,1
613500;28/08/2021;13,7;15,5;14,5;3,4;1352,7;2277,6
613500;29/08/2021;13,9;19,4;16,4;0,1;1364,1;2294
613500;30/08/2021;13,9;21,6;17,4;0;1376,5;2311,4
613500;31/08/2021;11,9;22,3;16,9;0;1388,4;2328,3
613500;01/09/2021;12,6;22,5;17,5;0;1400,9;2345,8
613500;02/09/2021;13,3;22,7;17,5;0;1413,4;2363,3
613500;03/09/2021;12,3;20,3;15,6;0;1424;2378,9
613500;04/09/2021;9;20,9;14,7;0;1433,7;2393,6
613500;05/09/2021;7,3;18,6;13,1;0;1441,8;2406,7
613500;06/09/2021;8,8;20,3;15;0;1451,8;2421,7
613500;07/09/2021;8,8;20,6;15,6;0;1462,4;2437,3
613500;08/09/2021;13,4;22,8;18,2;0;1475,6;2455,5
613500;09/09/2021;11,2;25,6;18,2;0;1488,8;2473,7
613500;10/09/2021;11,4;23,6;17,2;0;1501;2490,9
613500;11/09/2021;13,7;21,4;18;0,5;1514;2508,9
613500;12/09/2021;14,9;21,2;17,9;0,1;1526,9;2526,8
613500;13/09/2021;12,1;18,1;15;0;1536,9;2541,8
613500;14/09/2021;11,5;18,1;15,1;0;1547;2556,9
613500;15/09/2021;12,2;17,9;15,3;8;1557,3;2572,2
613500;16/09/2021;14,2;19;16,5;0,7;1568,8;2588,7
613500;17/09/2021;12,2;17,2;14,2;0,6;1578;2602,9
613500;18/09/2021;11,4;16,2;13,7;0;1586,7;2616,6
613500;19/09/2021;7,8;15,2;11,5;0;1593,2;2628,1
613500;20/09/2021;5,7;14,3;10,2;0;1598,4;2638,3
613500;21/09/2021;5,2;15,4;11,4;1,2;1604,8;2649,7
613500;22/09/2021;9,6;18,8;14,6;0;1614,4;2664,3
613500;23/09/2021;12,3;16,3;14,6;5,2;1624;2678,9
613500;24/09/2021;11,5;16,3;14,1;0;1633,1;2693
613500;25/09/2021;9,1;18,2;15;0,2;1643,1;2708
613500;26/09/2021;7,5;19,6;13,4;0;1651,5;2721,4
613500;27/09/2021;14,9;17,3;16,1;1,3;1662,6;2737,5
613500;28/09/2021;7,9;18,6;14,1;4,3;1671,7;2751,6
613500;29/09/2021;6,6;15,5;11,3;3,3;1678;2762,9
613500;30/09/2021;10,5;14;12;2,9;1685;2774,9
613500;01/10/2021;10,6;15,4;13;1,3;1693;2787,9
613500;02/10/2021;11,5;14,8;13,2;2;1701,2;2801,1
613500;03/10/2021;12,9;17,7;16,2;1,2;1712,4;2817,3
613500;04/10/2021;10,7;14,7;12,6;0;1720;2829,9
613500;05/10/2021;9,5;13;11,3;7,8;1726,3;2841,2
613500;06/10/2021;6,6;14,5;11,8;0,6;1733,1;2853
613500;07/10/2021;4,6;16,4;10,2;0;1738,3;2863,2
613500;08/10/2021;6,5;15,3;10,6;0;1743,9;2873,8
613500;09/10/2021;5,6;14,5;10,8;0;1749,7;2884,6
613500;10/10/2021;4;13;8,5;0;1753,2;2893,1
613500;11/10/2021;8,6;13,8;10,7;0,2;1758,9;2903,8
613500;12/10/2021;6,3;11,8;8,7;0;1762,6;2912,5
613500;13/10/2021;2,3;12;8,3;0,5;1765,9;2920,8
613500;14/10/2021;8,5;13,4;11,5;1,4;1772,4;2932,3
613500;15/10/2021;8,7;13,2;11,1;6,1;1778,5;2943,4
613500;16/10/2021;6,7;11,6;9,1;0,1;1782,6;2952,5
613500;17/10/2021;7,8;12;9,5;2;1787,1;2962
613500;18/10/2021;8,5;11,1;10;4,8;1792,1;2972
613500;19/10/2021;9,6;14,7;11,6;7,5;1798,7;2983,6
613500;20/10/2021;11,8;14,9;14,1;10,3;1807,8;2997,7
613500;21/10/2021;6,6;13;9,8;16,4;1812,6;3007,5
613500;22/10/2021;6,5;9,2;7,8;5,9;1815,4;3015,3
613500;23/10/2021;4,3;10,5;8,1;0;1818,5;3023,4
613500;24/10/2021;5,5;11,5;8,8;0;1822,3;3032,2
613500;25/10/2021;3,2;10,5;7,8;2,1;1825,1;3040
613500;26/10/2021;9;12,5;10,5;0,6;1830,6;3050,5
613500;27/10/2021;10,5;14;12,7;1,1;1838,3;3063,2
613500;28/10/2021;10,3;13,9;12,2;0;1845,5;3075,4
613500;29/10/2021;7,8;12,6;10,5;0;1851;3085,9
613500;30/10/2021;8,4;14,4;10,7;0;1856,7;3096,6
613500;31/10/2021;10,5;13,2;11,4;2,2;1863,1;3108
613500;01/11/2021;8,8;13,3;10,8;1,9;1868,9;3118,8
613500;02/11/2021;1,8;11,3;7,8;0;1871,7;3126,6
613500;03/11/2021;0,1;10,1;4,6;0,3;1871,7;3131,2
613500;04/11/2021;5,5;8,9;7,4;2,2;1874,1;3138,6
613500;05/11/2021;5,7;10,9;8,7;0,8;1877,8;3147,3
613500;06/11/2021;8,8;11,3;9,8;4,1;1882,6;3157,1
613500;07/11/2021;6,3;10,2;8,9;4,8;1886,5;3166
613500;08/11/2021;5,7;8,6;7,1;0,7;1888,6;3173,1
613500;09/11/2021;5,9;10,1;8,9;1,3;1892,5;3182
613500;10/11/2021;8,9;10,5;9,8;0;1897,3;3191,8
613500;11/11/2021;6,3;11,1;9,6;1;1901,9;3201,4
613500;12/11/2021;3,2;9,8;7,6;0;1904,5;3209
613500;13/11/2021;6,2;8,3;7;0,3;1906,5;3216
613500;14/11/2021;6,9;8,1;7,4;0;1908,9;3223,4
613500;15/11/2021;5,5;8,1;6,9;0,1;1910,8;3230,3
613500;16/11/2021;4,6;6,3;5,5;0;1911,3;3235,8
613500;17/11/2021;3,7;8,1;5,8;2,1;1912,1;3241,6
613500;18/11/2021;6,1;11,9;9,3;0,7;1916,4;3250,9
613500;19/11/2021;10;13;11,7;0;1923,1;3262,6
613500;20/11/2021;8,8;12;10,3;0;1928,4;3272,9
613500;21/11/2021;1,1;9,4;5,9;0,8;1929,3;3278,8
613500;22/11/2021;-2;7,6;3,1;0;1929,3;3281,9
613500;23/11/2021;6,2;8,6;7,6;0;1931,9;3289,5
613500;24/11/2021;6,2;8,7;7,3;0,1;1934,2;3296,8
613500;25/11/2021;4;7,4;6,1;2,5;1935,3;3302,9
613500;26/11/2021;1,2;5;3,6;2,7;1935,3;3306,5
613500;27/11/2021;0,8;4,5;3;3,8;1935,3;3309,5
613500;28/11/2021;0,7;4,2;2,1;0,3;1935,3;3311,6
613500;29/11/2021;-1,9;2,6;0,8;0,5;1935,3;3312,4
613500;30/11/2021;-2,5;5,7;2;2,8;1935,3;3314,4
613500;01/12/2021;-2,4;7,5;3,3;24,4;1935,3;3317,7
613500;02/12/2021;-1,6;2,6;0,5;3,4;1935,3;3318,2
613500;03/12/2021;1,6;5,3;2,7;4;1935,3;3320,9
613500;04/12/2021;3,3;5,3;4,3;0,8;1935,3;3325,2
613500;05/12/2021;-1,5;3,9;1,6;2,2;1935,3;3326,8
613500;06/12/2021;-2;1,5;-0,3;0;1935,3;3326,8
613500;07/12/2021;-0,4;1,4;0,7;0;1935,3;3327,5
613500;08/12/2021;0;0,9;0,5;1;1935,3;3328
613500;09/12/2021;-0,9;0,8;0,1;0,3;1935,3;3328,1
613500;10/12/2021;-0,3;1,9;0,6;3,7;1935,3;3328,7
613500;11/12/2021;-0,5;2,7;0,9;7;1935,3;3329,6
613500;12/12/2021;-1,2;6,9;3,1;5,9;1935,3;3332,7
613500;13/12/2021;4,7;8,1;6,6;0,1;1936,9;3339,3
613500;14/12/2021;2,7;7,8;5,7;0,5;1937,6;3345
613500;15/12/2021;6,1;9,4;8;0;1940,6;3353
613500;16/12/2021;2,7;8,4;6,6;0;1942,2;3359,6
613500;17/12/2021;3,1;6,5;5;0;1942,2;3364,6
613500;18/12/2021;5;7,4;6,1;0;1943,3;3370,7
613500;19/12/2021;1,3;7,5;5;0;1943,3;3375,7
613500;20/12/2021;-0,6;4,2;1,7;0;1943,3;3377,4
613500;21/12/2021;-3,9;1,8;-0,6;0;1943,3;3377,4
613500;22/12/2021;0,9;2,7;2;0;1943,3;3379,4
613500;23/12/2021;-1,1;1,4;-0,2;3,7;1943,3;3379,4
613500;24/12/2021;-8,9;0,7;-2,7;0,4;1943,3;3379,4
613500;25/12/2021;-7,4;-0,1;-3,7;0;1943,3;3379,4
613500;26/12/2021;-7,7;-0,5;-3,9;0;1943,3;3379,4
613500;27/12/2021;-7,2;-0,9;-3,2;0;1943,3;3379,4
613500;28/12/2021;-1,6;0,5;-0,8;0;1943,3;3379,4
613500;29/12/2021;-0,9;1,8;0,5;0,5;1943,3;3379,9
613500;30/12/2021;1,2;8;4,8;0;1943,3;3384,7
613500;31/12/2021;6,3;9,2;8;12,8;1946,3;3392,7
613500;01/01/2022;6,7;9,2;8;1,6;3;8
613500;02/01/2022;7,3;9;8,2;9,6;6,2;16,2
613500;03/01/2022;6,3;7,8;6,9;2,6;8,1;23,1
613500;04/01/2022;2,4;7;3,8;2;8,1;26,9
613500;05/01/2022;0;4,8;2,7;2,3;8,1;29,6
613500;06/01/2022;-1,6;2,6;0,4;0;8,1;30
613500;07/01/2022;0,8;3,5;2,1;3,3;8,1;32,1
613500;08/01/2022;1,4;4,3;2,6;4,8;8,1;34,7
613500;09/01/2022;0;1,8;0,8;2,5;8,1;35,5
613500;10/01/2022;-0,5;3,7;1,7;0;8,1;37,2
613500;11/01/2022;-0,7;2,8;1,5;1,3;8,1;38,7
613500;12/01/2022;1,1;6,4;3,7;0,2;8,1;42,4
613500;13/01/2022;6;7,7;6,7;0;9,8;49,1
613500;14/01/2022;0,4;7,7;5,2;0;10;54,3
613500;15/01/2022;-0,3;4,5;1,9;0;10;56,2
613500;16/01/2022;1,5;6,5;4;0,1;10;60,2
613500;17/01/2022;0,7;7;4,2;0,1;10;64,4
613500;18/01/2022;0,5;5,9;3,6;0;10;68
613500;19/01/2022;2,4;5,5;3,4;0,7;10;71,4
613500;20/01/2022;0,4;2,7;1,4;0;10;72,8
613500;21/01/2022;-0,7;4,5;1,9;0,8;10;74,7
613500;22/01/2022;-1,2;4,9;2,1;0,2;10;76,8
613500;23/01/2022;4,3;7,2;5,7;0;10,7;82,5
613500;24/01/2022;4,4;5,8;5;0;10,7;87,5
613500;25/01/2022;4,4;7,3;5,8;0,3;11,5;93,3
613500;26/01/2022;4,1;6,1;5,1;0,2;11,6;98,4
613500;27/01/2022;4,5;7,8;6;1;12,6;104,4
613500;28/01/2022;1,2;6,1;4;0;12,6;108,4
613500;29/01/2022;3,6;8,9;6,3;4,7;13,9;114,7
613500;30/01/2022;1,1;6;4,6;0;13,9;119,3
613500;31/01/2022;0,6;3,4;1,9;0;13,9;121,2
613500;01/02/2022;0,5;6,6;3,7;4,4;13,9;124,9
613500;02/02/2022;0,7;5,4;3,6;1,1;13,9;128,5
613500;03/02/2022;3;6,3;5;10,1;13,9;133,5
613500;04/02/2022;1,5;6,2;4,7;6,3;13,9;138,2
613500;05/02/2022;2;5,5;3,7;2,1;13,9;141,9
613500;06/02/2022;0,6;6;4,1;3,8;13,9;146
613500;07/02/2022;1,1;6,2;3,7;0;13,9;149,7
613500;08/02/2022;3,3;8,9;6,1;0,2;15;155,8
613500;09/02/2022;3,4;8,1;6,1;0,2;16,1;161,9
613500;10/02/2022;1,9;6,4;3,9;0,2;16,1;165,8
613500;11/02/2022;-0,7;4,3;2,1;0,7;16,1;167,9
613500;12/02/2022;-0,2;3,8;2;0;16,1;169,9
613500;13/02/2022;1,5;4,3;2,9;0;16,1;172,8
613500;14/02/2022;4,1;8,5;6;0;17,1;178,8
613500;15/02/2022;4,1;6,8;5,3;2,9;17,4;184,1
613500;16/02/2022;3,8;8,5;5,9;15,9;18,3;190
613500;17/02/2022;3,5;9;5,6;1,2;18,9;195,6
613500;18/02/2022;1,5;6,6;4;19,5;18,9;199,6
613500;19/02/2022;1,1;6,7;4,1;2;18,9;203,7
613500;20/02/2022;0,9;7,5;3,8;8,7;18,9;207,5
613500;21/02/2022;3,1;7,7;5,3;1,6;19,2;212,8
613500;22/02/2022;1,3;5,8;3,7;2,3;19,2;216,5
613500;23/02/2022;4,1;7,9;5,6;0,1;19,8;222,1
613500;24/02/2022;0,8;7,5;5,3;4,3;20,1;227,4
613500;25/02/2022;1,6;5,6;3,7;1;20,1;231,1
613500;26/02/2022;-0,1;7,5;3,2;0;20,1;234,3
613500;27/02/2022;-1,1;5,4;1,7;0;20,1;236
613500;28/02/2022;-0,3;6,4;2,6;0;20,1;238,6
613500;01/03/2022;0,7;3,3;2,1;0;20,1;240,7
613500;02/03/2022;-2,3;4,1;1,3;0;20,1;242
613500;03/03/2022;-2,7;8,5;1,4;0;20,1;243,4
613500;04/03/2022;-2,4;5,8;1;0;20,1;244,4
613500;05/03/2022;-2,6;2,8;0,2;0;20,1;244,6
613500;06/03/2022;-3,1;6;1;0;20,1;245,6
613500;07/03/2022;-1,8;6,8;1,9;0;20,1;247,5
613500;08/03/2022;-3,5;7,2;0,9;0;20,1;248,4
613500;09/03/2022;-4,7;7,2;0;0;20,1;248,4
613500;10/03/2022;-1,1;8,3;3,2;0;20,1;251,6
613500;11/03/2022;-0,4;6,3;2,9;0;20,1;254,5
613500;12/03/2022;0,6;8,3;3,8;0;20,1;258,3
613500;13/03/2022;0,7;9,3;4,6;0;20,1;262,9
613500;14/03/2022;0;10,3;4,7;0;20,1;267,6
613500;15/03/2022;-0,5;6;3,3;0;20,1;270,9
613500;16/03/2022;1,4;7,2;3,2;0;20,1;274,1
613500;17/03/2022;2,2;7,3;4,6;0,8;20,1;278,7
613500;18/03/2022;-0,4;10,5;5,1;0;20,2;283,8
613500;19/03/2022;-1,5;11;4,8;0;20,2;288,6
613500;20/03/2022;1,3;8,5;4,4;0;20,2;293
613500;21/03/2022;1,1;10,5;5,6;0;20,8;298,6
613500;22/03/2022;-1,6;13,7;6,3;0;22,1;304,9
613500;23/03/2022;-0,1;13,6;6,4;0;23,5;311,3
613500;24/03/2022;-1,3;14;6,1;0;24,6;317,4
613500;25/03/2022;1,8;15,6;8,9;0;28,5;326,3
613500;26/03/2022;0,6;13,1;8,4;0;31,9;334,7
613500;27/03/2022;-1,9;14;6,4;0;33,3;341,1
613500;28/03/2022;4,3;11,5;6,9;0;35,2;348
613500;29/03/2022;1,1;7,4;4,5;0;35,2;352,5
613500;30/03/2022;0,2;5,5;1,7;0,6;35,2;354,2
613500;31/03/2022;-1,5;5,5;1,6;0;35,2;355,8
613500;01/04/2022;-1,9;5,4;1,5;0;35,2;357,3
613500;02/04/2022;-3,9;5,2;0,4;0;35,2;357,7
613500;03/04/2022;-5,4;7,7;2,5;0,5;35,2;360,2
613500;04/04/2022;3,2;8,7;4,8;3,9;35,2;365
613500;05/04/2022;1,9;7,2;4,1;0,6;35,2;369,1
613500;06/04/2022;0,9;8;5,1;6,2;35,3;374,2
613500;07/04/2022;4,2;8,5;6,2;11,2;36,5;380,4
613500;08/04/2022;1,3;7,2;4;0,8;36,5;384,4
613500;09/04/2022;2;8,1;4,7;0;36,5;389,1
613500;10/04/2022;2,7;7,7;4,8;0;36,5;393,9
613500;11/04/2022;0,4;9,2;4,6;0;36,5;398,5
613500;12/04/2022;-1,6;10,2;4,9;0;36,5;403,4
613500;13/04/2022;5;14,8;9,9;0,1;41,4;413,3
613500;14/04/2022;7,2;13,8;9,6;0,1;46;422,9
613500;15/04/2022;1;7,7;6,2;0,3;47,2;429,1
613500;16/04/2022;-0,8;12,5;6;0;48,2;435,1
613500;17/04/2022;-0,5;13,7;6,6;0;49,8;441,7
613500;18/04/2022;-0,7;15,2;8,1;0;52,9;449,8
613500;19/04/2022;2,2;14,5;8,9;0;56,8;458,7
613500;20/04/2022;1,9;16,3;9,3;0;61,1;468
613500;21/04/2022;2,4;17,5;10,2;0;66,3;478,2
613500;22/04/2022;5,1;17,4;10,5;0;71,8;488,7
613500;23/04/2022;5,4;15,5;9,8;0;76,6;498,5
613500;24/04/2022;3,9;11,5;8,1;0,4;79,7;506,6
613500;25/04/2022;1,4;12,2;7,1;0;81,8;513,7
613500;26/04/2022;-1;14,1;7,4;0;84,2;521,1
613500;27/04/2022;2;14,5;8,7;0;87,9;529,8
613500;28/04/2022;4,4;14,3;8,9;0;91,8;538,7
613500;29/04/2022;2,8;12,4;8;0;94,8;546,7
613500;30/04/2022;3,6;12,5;8,1;0;97,9;554,8
613500;01/05/2022;4,3;13,3;8,9;0;101,8;563,7
613500;02/05/2022;1,2;14,5;8,7;0;105,5;572,4
613500;03/05/2022;6,1;14,7;10,1;0;110,6;582,5
613500;04/05/2022;4;14,3;9,6;0;115,2;592,1
613500;05/05/2022;5,5;14,9;10,4;0;120,6;602,5
613500;06/05/2022;4,6;15,3;11,3;0;126,9;613,8
613500;07/05/2022;6,6;16,8;12,5;0,1;134,4;626,3
613500;08/05/2022;4,1;16,1;10,4;0;139,8;636,7
613500;09/05/2022;2,9;16,7;11;0;145,8;647,7
613500;10/05/2022;9,7;19,2;14,3;2,7;155,1;662
613500;11/05/2022;8,5;16,2;12;3,6;162,1;674
613500;12/05/2022;9,3;15,6;11,8;6,8;168,9;685,8
613500;13/05/2022;8,2;14,1;11,2;1,6;175,1;697
613500;14/05/2022;9,7;15,5;12,7;0;182,8;709,7
613500;15/05/2022;7,5;16,7;12,1;0;189,9;721,8
613500;16/05/2022;5,2;18,6;12,7;0;197,6;734,5
613500;17/05/2022;9,1;18,3;13,4;0;206;747,9
613500;18/05/2022;8,2;20;14,1;0;215,1;762
613500;19/05/2022;13,3;23;17,9;0,1;228;779,9
613500;20/05/2022;12,5;17;14,3;0;237,3;794,2
613500;21/05/2022;9,5;15,7;12,5;4,9;244,8;806,7
613500;22/05/2022;9,3;17,2;12,9;0;252,7;819,6
613500;23/05/2022;7,6;18,7;13,7;0;261,4;833,3
613500;24/05/2022;10,9;15,9;13,5;11,4;269,9;846,8
613500;25/05/2022;10;16,4;12,8;3,2;277,7;859,6
613500;26/05/2022;11,3;15,8;13,2;1,4;285,9;872,8
613500;27/05/2022;7,9;13,8;10,9;2,8;291,8;883,7
613500;28/05/2022;7,8;15,9;11,7;0,3;298,5;895,4
613500;29/05/2022;8,6;16,8;12,5;0;306;907,9
613500;30/05/2022;8,3;13,8;10,6;2,4;311,6;918,5
613500;31/05/2022;8,9;15;11,5;0,5;318,1;930
613500;01/06/2022;6,1;16,3;11,5;0;324,6;941,5
613500;02/06/2022;7,4;12,7;10,8;0,1;330,4;952,3
613500;03/06/2022;9,3;17,3;12,6;0;338;964,9
613500;04/06/2022;5,1;17,7;12,3;0;345,3;977,2
613500;05/06/2022;4,6;21,3;14,4;0;354,7;991,6
613500;06/06/2022;11,8;19,4;15,7;2;365,4;1007,3
613500;07/06/2022;11,2;16,7;14;0,2;374,4;1021,3
613500;08/06/2022;11,9;19;14,6;0;384;1035,9
613500;09/06/2022;12,2;20,7;15,8;0;394,8;1051,7
613500;10/06/2022;12;20,8;15,9;0;405,7;1067,6
613500;11/06/2022;12;21,6;17,1;0,2;417,8;1084,7
613500;12/06/2022;8,1;19,6;15;6,7;427,8;1099,7
613500;13/06/2022;10,1;17,3;13,7;0;436,5;1113,4
613500;14/06/2022;11,3;18,7;14,3;0;445,8;1127,7
613500;15/06/2022;10,8;18,3;14,5;0;455,3;1142,2
613500;16/06/2022;10,2;20,4;15,5;0;465,8;1157,7
613500;17/06/2022;8,7;19,6;16;0,1;476,8;1173,7
613500;18/06/2022;13,9;21,9;18,3;0;490,1;1192
613500;19/06/2022;9,9;16,1;12,7;9,1;497,8;1204,7
613500;20/06/2022;8;16,8;12,1;3,4;504,9;1216,8
613500;21/06/2022;10,2;20,2;15,2;0;515,1;1232
613500;22/06/2022;10,9;18,4;14,6;0;524,7;1246,6
613500;23/06/2022;7,6;22,6;16,1;0;535,8;1262,7
613500;24/06/2022;12,4;26,5;20,1;0;550,9;1282,8
613500;25/06/2022;15,3;25,1;20,3;0,1;566,2;1303,1
613500;26/06/2022;17,5;28,2;21,8;0;583;1324,9
613500;27/06/2022;15,3;27,4;19,7;3,2;597,7;1344,6
613500;28/06/2022;12,8;22,1;17,7;0;610,4;1362,3
613500;29/06/2022;9,6;23,9;17,7;0;623,1;1380
613500;30/06/2022;9,7;25,9;18,5;0;636,6;1398,5
613500;01/07/2022;13,5;20,8;16,8;8;648,4;1415,3
613500;02/07/2022;13,4;21,8;17,6;0,3;661;1432,9
613500;03/07/2022;13,6;24,8;19,2;2,2;675,2;1452,1
613500;04/07/2022;12,8;20,1;16,4;2,2;686,6;1468,5
613500;05/07/2022;12,8;19,4;15,6;0,6;697,2;1484,1
613500;06/07/2022;11,4;19,2;14,9;1,7;707,1;1499
613500;07/07/2022;12,1;19,8;16,2;6,9;718,3;1515,2
613500;08/07/2022;11,8;19,9;15,7;0;729;1530,9
613500;09/07/2022;12,6;18,1;15,2;0;739,2;1546,1
613500;10/07/2022;11,8;20;15,5;0;749,7;1561,6
613500;11/07/2022;10,4;21,9;16,6;0;761,3;1578,2
613500;12/07/2022;10,8;25;18,3;0;774,6;1596,5
613500;13/07/2022;14,1;26,3;19,9;0;789,5;1616,4
613500;14/07/2022;12,3;19,1;15,4;0;799,9;1631,8
613500;15/07/2022;12,3;18,9;15;0;809,9;1646,8
613500;16/07/2022;11,3;20,1;15,4;0,5;820,3;1662,2
613500;17/07/2022;11,5;21,5;16,5;0;831,8;1678,7
613500;18/07/2022;13;24;18,8;0;845,6;1697,5
613500;19/07/2022;12,6;29,8;21,6;0;862,2;1719,1
613500;20/07/2022;13,7;33,9;25,1;0;882,3;1744,2
613500;21/07/2022;15,4;27,1;21,1;0;898,4;1765,3
613500;22/07/2022;14,4;20,6;16,7;0;910,1;1782
613500;23/07/2022;13,1;15,1;13,9;1,3;919;1795,9
613500;24/07/2022;9,6;24;17,5;0,2;931,5;1813,4
613500;25/07/2022;15,3;31,2;21,5;5,7;948;1834,9
613500;26/07/2022;11,7;19;16,3;0,1;959,3;1851,2
613500;27/07/2022;11,7;19,3;14,6;0;968,9;1865,8
613500;28/07/2022;9;19,7;14,9;0;978,8;1880,7
613500;29/07/2022;6,4;23,5;15,8;0;989,6;1896,5
613500;30/07/2022;12,7;25,1;18,6;0;1003,2;1915,1
613500;31/07/2022;14;24,6;18,9;2,4;1017,1;1934
613500;01/08/2022;11;20,6;17,1;5,4;1029,2;1951,1
613500;02/08/2022;7,5;21,5;15,6;0,3;1039,8;1966,7
613500;03/08/2022;17,6;28,6;22,7;0;1057,5;1989,4
613500;04/08/2022;14,8;33,2;24;0;1076,5;2013,4
613500;05/08/2022;13,3;19,4;16,7;1,6;1088,2;2030,1
613500;06/08/2022;11,5;20,2;15,5;0;1098,7;2045,6
613500;07/08/2022;8,9;19,8;14,7;0,6;1108,4;2060,3
613500;08/08/2022;11,8;21,8;16,8;0;1120,2;2077,1
613500;09/08/2022;10,5;22,6;17,1;0;1132,3;2094,2
613500;10/08/2022;9,5;25,2;17,9;0;1145,2;2112,1
613500;11/08/2022;10,4;27;19,5;0;1159,7;2131,6
613500;12/08/2022;11,3;28,8;20,8;0;1175,5;2152,4
613500;13/08/2022;13,3;30,4;21,9;0;1192,4;2174,3
613500;14/08/2022;14,6;28,7;21,9;0;1209,3;2196,2
613500;15/08/2022;15,4;28,8;22,7;8,6;1227;2218,9
613500;16/08/2022;18,7;26,5;21,4;7,1;1243,4;2240,3
613500;17/08/2022;14,4;26,7;20,6;0;1259;2260,9
613500;18/08/2022;17,9;28,2;21,9;7,7;1275,9;2282,8
613500;19/08/2022;16,5;21,2;19,4;0,2;1290,3;2302,2
613500;20/08/2022;15,6;24,2;19,6;0;1304,9;2321,8
613500;21/08/2022;13,2;24;18,6;0;1318,5;2340,4
613500;22/08/2022;9,2;24,1;17,7;0;1331,2;2358,1
613500;23/08/2022;14,1;25,5;19,7;0;1345,9;2377,8
613500;24/08/2022;13,2;25,7;19,7;0;1360,6;2397,5
613500;25/08/2022;14,2;25,2;19,5;0;1375,1;2417
613500;26/08/2022;16,2;25,7;20,8;0;1390,9;2437,8
613500;27/08/2022;15,6;20,6;18,6;26;1404,5;2456,4
613500;28/08/2022;15,4;20,1;17,7;1,1;1417,2;2474,1
613500;29/08/2022;14,1;18,8;16;1,8;1428,2;2490,1
613500;30/08/2022;11,5;20,1;15,6;0;1438,8;2505,7
613500;31/08/2022;9,4;21,6;15,5;0;1449,3;2521,2
613500;01/09/2022;9;21,3;14,8;0;1459,1;2536
613500;02/09/2022;6,7;21,4;14,4;0;1468,5;2550,4
613500;03/09/2022;10,5;21,5;15,6;0;1479,1;2566
613500;04/09/2022;9,6;21,6;15,3;0;1489,4;2581,3
613500;05/09/2022;12,3;21,1;16,5;0;1500,9;2597,8
613500;06/09/2022;12,3;19,6;15,8;0;1511,7;2613,6
613500;07/09/2022;11,6;21;15,6;1,6;1522,3;2629,2
613500;08/09/2022;13;19;16,2;13,2;1533,5;2645,4
613500;09/09/2022;12,6;19,2;15,3;12,7;1543,8;2660,7
613500;10/09/2022;12;20,3;15,2;20,4;1554;2675,9
613500;11/09/2022;9,5;18,7;14,2;0;1563,2;2690,1
613500;12/09/2022;6,8;18,6;13,8;0;1572;2703,9
613500;13/09/2022;14,2;18,5;15,8;4,9;1582,8;2719,7
613500;14/09/2022;12,9;16,8;14,6;0,2;1592,4;2734,3
613500;15/09/2022;11,1;16,8;13,4;0;1600,8;2747,7
613500;16/09/2022;9,4;16;12,4;0,6;1608,2;2760,1
613500;17/09/2022;9,5;16,6;13;4,1;1616,2;2773,1
613500;18/09/2022;8,2;13,1;11,2;0,3;1622,4;2784,3
613500;19/09/2022;7,8;16,1;12,2;0,1;1629,6;2796,5
613500;20/09/2022;6,6;15,8;11,3;0,4;1635,9;2807,8
613500;21/09/2022;4,3;16,8;10,6;0;1641,5;2818,4
613500;22/09/2022;6,5;17;12,2;0,1;1648,7;2830,6
613500;23/09/2022;9,2;16,9;13;0;1656,7;2843,6
613500;24/09/2022;9,9;17,7;13,3;0;1665;2856,9
613500;25/09/2022;10;15,9;12,4;0,9;1672,4;2869,3
613500;26/09/2022;9,9;12,8;11,4;5;1678,8;2880,7
613500;27/09/2022;8,9;13;11;8,2;1684,8;2891,7
613500;28/09/2022;4,7;13,3;9,8;1,9;1689,6;2901,5
613500;29/09/2022;9,1;13;10,3;22;1694,9;2911,8
613500;30/09/2022;9,3;13,8;11,6;1;1701,5;2923,4
613500;01/10/2022;10,2;12,4;11,3;5,1;1707,8;2934,7
613500;02/10/2022;10,6;16,1;12,7;0,1;1715,5;2947,4
613500;03/10/2022;11,2;15,3;12,8;0,2;1723,3;2960,2
613500;04/10/2022;10,1;15,7;12,7;0;1731;2972,9
613500;05/10/2022;13,5;15,7;14,4;0;1740,4;2987,3
613500;06/10/2022;12;16,4;13,8;1,5;1749,2;3001,1
613500;07/10/2022;10,5;15,7;13;0;1757,2;3014,1
613500;08/10/2022;9,2;14,5;12,1;0,8;1764,3;3026,2
613500;09/10/2022;6,1;14,7;10,7;0;1770;3036,9
613500;10/10/2022;9,2;14,7;11,6;2,5;1776,6;3048,5
613500;11/10/2022;6,7;14;10,4;0;1782;3058,9
613500;12/10/2022;4,7;14,3;10;0;1787;3068,9
613500;13/10/2022;8,8;13;10,7;1;1792,7;3079,6
613500;14/10/2022;9,3;14,2;11,7;0;1799,4;3091,3
613500;15/10/2022;11,4;14,6;12,9;14,3;1807,3;3104,2
613500;16/10/2022;11,1;15,8;13,2;0;1815,5;3117,4
613500;17/10/2022;6;16;12,3;1,3;1822,8;3129,7
613500;18/10/2022;9,7;14,7;12,7;0;1830,5;3142,4
613500;19/10/2022;1,5;12;8,2;0,2;1833,7;3150,6
613500;20/10/2022;0,5;10,9;6,5;0;1835,2;3157,1
613500;21/10/2022;8,1;12;10;4,7;1840,2;3167,1
613500;22/10/2022;11,3;13,6;12,3;1,6;1847,5;3179,4
613500;23/10/2022;9,4;13,5;11,6;0;1854,1;3191
613500;24/10/2022;11,9;16,8;13,7;6,1;1862,8;3204,7
613500;25/10/2022;11,2;14,2;12,9;1,9;1870,7;3217,6
613500;26/10/2022;9,5;14,5;12,3;0;1878;3229,9
613500;27/10/2022;10,9;14,9;13,4;1;1886,4;3243,3
613500;28/10/2022;10,5;17,8;14,2;0;1895,6;3257,5
613500;29/10/2022;10,8;15,5;12,8;0,5;1903,4;3270,3
613500;30/10/2022;9,6;16,4;12,6;0;1911;3282,9
613500;31/10/2022;10,3;14,7;11,8;0;1917,8;3294,7
613500;01/11/2022;11,2;15,8;12,7;0;1925,5;3307,4
613500;02/11/2022;8,7;12,7;10,9;3,2;1931,4;3318,3
613500;03/11/2022;8,5;12,2;10,1;0;1936,5;3328,4
613500;04/11/2022;7,2;12;9,8;1,7;1941,3;3338,2
613500;05/11/2022;6,6;12;9,6;0;1945,9;3347,8
613500;06/11/2022;8,3;10,7;9,7;3,2;1950,6;3357,5
613500;07/11/2022;8,5;12,2;10,8;2,4;1956,4;3368,3
613500;08/11/2022;11,3;13,2;12,1;0;1963,5;3380,4
613500;09/11/2022;9,6;13,9;11,7;2,6;1970,2;3392,1
613500;10/11/2022;9,3;12,4;11;0,8;1976,2;3403,1
613500;11/11/2022;11,7;12,8;12,3;0;1983,5;3415,4
613500;12/11/2022;11,3;12,8;12;0;1990,5;3427,4
613500;13/11/2022;8,2;11,7;10;0;1995,5;3437,4
613500;14/11/2022;7,9;10,6;9,1;0;1999,6;3446,5
613500;15/11/2022;7,1;10;8,3;0;2002,9;3454,8
613500;16/11/2022;6,6;10,1;8,4;0;2006,3;3463,2
613500;17/11/2022;4,7;7;5,5;0;2006,8;3468,7
613500;18/11/2022;-0,1;5,6;3,4;1,4;2006,8;3472,1
613500;19/11/2022;-1,4;3,1;0,7;0;2006,8;3472,8
613500;20/11/2022;-3,9;0,9;-1,2;0,2;2006,8;3472,8
613500;21/11/2022;-3;1,9;0;4,2;2006,8;3472,8
613500;22/11/2022;-1,4;2,5;0,9;0,2;2006,8;3473,7
613500;23/11/2022;1,1;5,5;3,8;0;2006,8;3477,5
613500;24/11/2022;4,5;6,3;5,4;0,2;2007,2;3482,9
613500;25/11/2022;5,2;6,3;5,8;1,9;2008;3488,7
613500;26/11/2022;5,6;7,3;6,3;0;2009,3;3495
613500;27/11/2022;5,4;7;6,2;0;2010,5;3501,2
613500;28/11/2022;4,5;6,7;5,6;0;2011,1;3506,8
613500;29/11/2022;3,6;6;4,8;0;2011,1;3511,6
613500;30/11/2022;3,2;4,6;3,8;1,4;2011,1;3515,4
613500;01/12/2022;2,7;4,6;3,5;0;2011,1;3518,9
613500;02/12/2022;2,4;4,2;3,4;0;2011,1;3522,3
613500;03/12/2022;0,3;2,5;1,5;0,4;2011,1;3523,8
613500;04/12/2022;1;3,3;2;0;2011,1;3525,8
613500;05/12/2022;2,3;3,9;3,2;0;2011,1;3529
613500;06/12/2022;1,1;3,1;2,3;0;2011,1;3531,3
613500;07/12/2022;-4,2;2,8;0,5;0,3;2011,1;3531,8
613500;08/12/2022;-7,2;2,6;-3,1;0;2011,1;3531,8
613500;09/12/2022;-1,8;1,2;0,2;0,4;2011,1;3532
613500;10/12/2022;-2,1;0,9;-0,2;0;2011,1;3532
613500;11/12/2022;-5,3;-0,4;-2;0;2011,1;3532
613500;12/12/2022;-6,9;-1,7;-4,1;0;2011,1;3532
613500;13/12/2022;-5,9;0,5;-1,7;0;2011,1;3532
613500;14/12/2022;-1,7;1,3;0,1;0;2011,1;3532,1
613500;15/12/2022;-10;0,4;-2,8;0,5;2011,1;3532,1
613500;16/12/2022;-10,6;-2,7;-6,5;0;2011,1;3532,1
613500;17/12/2022;-10,6;-0,4;-3,4;0;2011,1;3532,1
613500;18/12/2022;-3,4;0,1;-1,3;0;2011,1;3532,1
613500;19/12/2022;-3,3;5,5;0,6;6,9;2011,1;3532,7
613500;20/12/2022;3,9;7,3;5,9;6,2;2012;3538,6
613500;21/12/2022;3,6;6,7;4,6;0,2;2012;3543,2
613500;22/12/2022;4,4;6,2;5,3;0;2012,3;3548,5
613500;23/12/2022;-2,4;6;2,8;0;2012,3;3551,3
613500;24/12/2022;-2,7;2,4;0;0,2;2012,3;3551,3
613500;25/12/2022;2,1;4,9;4;4,3;2012,3;3555,3
613500;26/12/2022;3,3;7,1;4,8;0,9;2012,3;3560,1
613500;27/12/2022;2,2;4,4;3,3;1,1;2012,3;3563,4
613500;28/12/2022;3,7;7;5,4;9,9;2012,7;3568,8
613500;29/12/2022;6,2;8,9;7,3;3,1;2015;3576,1
613500;30/12/2022;5;7,3;5,9;0,8;2015,9;3582
613500;31/12/2022;7,3;10,3;8,7;5,5;2019,6;3590,7
613500;01/01/2023;7,3;10,6;9,3;5,1;4,3;9,3
613500;02/01/2023;5,1;9,6;7,4;4;6,7;16,7
613500;03/01/2023;0,8;6,1;4,4;0;6,7;21,1
613500;04/01/2023;4,1;9,4;7;19,9;8,7;28,1
613500;05/01/2023;2,6;8,2;4,4;1,3;8,7;32,5
613500;06/01/2023;2,4;8,3;4,9;14,6;8,7;37,4
613500;07/01/2023;4,7;8,6;6,7;2,4;10,4;44,1
613500;08/01/2023;4,8;7,7;6,6;2,7;12;50,7
613500;09/01/2023;3,9;6,1;5,1;3,5;12,1;55,8
613500;10/01/2023;3,5;6;5,1;0,1;12,2;60,9
613500;11/01/2023;4,7;8,4;6,3;4,2;13,5;67,2
613500;12/01/2023;5,4;8,4;6,4;7,7;14,9;73,6
613500;13/01/2023;5,5;8,7;6,8;2,1;16,7;80,4
613500;14/01/2023;4,9;7,9;6,1;7,6;17,8;86,5
613500;15/01/2023;4,1;7,5;5,4;2,4;18,2;91,9
613500;16/01/2023;3,2;5,4;4,3;0,3;18,2;96,2
613500;17/01/2023;1,4;3,8;2,7;4,5;18,2;98,9
613500;18/01/2023;0,4;3,3;1,7;0;18,2;100,6
613500;19/01/2023;0,7;3,6;2;1,7;18,2;102,6
613500;20/01/2023;-1,6;2,6;0,7;0,2;18,2;103,3
613500;21/01/2023;-2,4;1;-0,7;0;18,2;103,3
613500;22/01/2023;-3,4;1,4;-0,7;0;18,2;103,3
613500;23/01/2023;-0,1;2,2;0,9;0;18,2;104,2
613500;24/01/2023;-0,4;2,4;1,1;0;18,2;105,3
613500;25/01/2023;-0,3;0,7;0,2;0;18,2;105,5
613500;26/01/2023;0,3;5,7;2,9;0,4;18,2;108,4
613500;27/01/2023;-4,2;3,4;-0,1;0;18,2;108,4
613500;28/01/2023;-4,2;3,6;0,5;0;18,2;108,9
613500;29/01/2023;2,9;5,4;4,3;0;18,2;113,2
613500;30/01/2023;2,8;5,9;4,4;4,4;18,2;117,6
613500;31/01/2023;1,3;6,6;3,4;6,1;18,2;121
613500;01/02/2023;3;5,7;4,3;2,5;18,2;125,3
613500;02/02/2023;-0,9;4,4;1,8;0,1;18,2;127,1
613500;03/02/2023;0,1;7,1;4,1;10,6;18,2;131,2
613500;04/02/2023;-2,4;0,7;-1;0;18,2;131,2
613500;05/02/2023;-2,2;2,4;0,4;0;18,2;131,6
613500;06/02/2023;-2,1;1,2;-0,6;0;18,2;131,6
613500;07/02/2023;-0,7;3,4;0,6;0;18,2;132,2
613500;08/02/2023;-1;2,9;0,8;0;18,2;133
613500;09/02/2023;-0,5;3,9;1,4;0;18,2;134,4
613500;10/02/2023;2,4;5,9;4,5;0;18,2;138,9
613500;11/02/2023;3,6;9,3;6,7;0;19,9;145,6
613500;12/02/2023;2,4;8,4;6,4;0;21,3;152
613500;13/02/2023;4,8;8,1;6,2;0;22,5;158,2
613500;14/02/2023;0,6;4,9;3,5;0;22,5;161,7
613500;15/02/2023;-1,1;2,5;1,2;0;22,5;162,9
613500;16/02/2023;1,4;5,2;3,9;2,3;22,5;166,8
613500;17/02/2023;4,7;9,7;6,9;6,5;24,4;173,7
613500;18/02/2023;2,3;6,1;4,8;0;24,4;178,5
613500;19/02/2023;1,6;6,2;3,5;0,7;24,4;182
613500;20/02/2023;3,6;8,9;6,7;1,7;26,1;188,7
613500;21/02/2023;5;8,1;6,1;0;27,2;194,8
613500;22/02/2023;1,1;6,9;3,9;0;27,2;198,7
613500;23/02/2023;2;6,3;4,4;0,3;27,2;203,1
613500;24/02/2023;1,9;6,9;3,7;4,8;27,2;206,8
613500;25/02/2023;-1;2,3;1;0;27,2;207,8
613500;26/02/2023;-2,8;4,1;0,4;0;27,2;208,2
613500;27/02/2023;-2,8;6,8;1,9;0;27,2;210,1
613500;28/02/2023;-2,4;8,1;1,6;0;27,2;211,7
613500;01/03/2023;-2,4;6,6;0,7;0;27,2;212,4
613500;02/03/2023;-1,7;7,7;2,4;0;27,2;214,8
613500;03/03/2023;-1,9;6,7;2,5;0;27,2;217,3
613500;04/03/2023;-0,1;5,3;2,9;0;27,2;220,2
613500;05/03/2023;-4,9;2,6;0;0;27,2;220,2
613500;06/03/2023;-6,2;3,1;-1;0;27,2;220,2
613500;07/03/2023;-1,1;3,2;1,1;1,9;27,2;221,3
613500;08/03/2023;-3,7;3,9;-0,2;0;27,2;221,3
613500;09/03/2023;-5,1;3;-0,6;0;27,2;221,3
613500;10/03/2023;-2,4;3,2;0,4;0;27,2;221,7
613500;11/03/2023;-1,3;4,4;0,9;0,8;27,2;222,6
613500;12/03/2023;-1,9;3,7;0,9;1,3;27,2;223,5
613500;13/03/2023;2,5;11,5;7,7;8,1;29,9;231,2
613500;14/03/2023;1,1;9,2;5,1;1,3;30;236,3
613500;15/03/2023;0,9;5,3;2,8;0,2;30;239,1
613500;16/03/2023;-1,5;6,2;3,3;0;30;242,4
613500;17/03/2023;4;8,9;6,4;0,1;31,4;248,8
613500;18/03/2023;3,4;10,9;7,6;0,1;34;256,4
613500;19/03/2023;1,9;13,6;8;0;37;264,4
613500;20/03/2023;5,2;7,7;6,3;3,4;38,3;270,7
613500;21/03/2023;2,8;8,3;6,6;3,5;39,9;277,3
613500;22/03/2023;7;10;8,2;3,4;43,1;285,5
613500;23/03/2023;6,1;11,6;8,6;2;46,7;294,1
613500;24/03/2023;5,4;10,4;8,5;5,1;50,2;302,6
613500;25/03/2023;5,5;9,3;7,2;4,9;52,4;309,8
613500;26/03/2023;-0,1;6,7;4;0;52,4;313,8
613500;27/03/2023;-1,9;4,7;0,9;1,8;52,4;314,7
613500;28/03/2023;-1,5;5,4;2,1;0,1;52,4;316,8
613500;29/03/2023;2,6;7,2;4,7;0,7;52,4;321,5
613500;30/03/2023;5,7;12,2;7,9;8,7;55,3;329,4
613500;31/03/2023;4,1;11;8,1;3,3;58,4;337,5
613500;01/04/2023;0,5;6,8;3,5;0,1;58,4;341
613500;02/04/2023;-0,8;7,7;3,1;0;58,4;344,1
613500;03/04/2023;-1,9;6,9;2,3;0;58,4;346,4
613500;04/04/2023;-1,4;7,6;3;0;58,4;349,4
613500;05/04/2023;-0,9;8,7;3,7;0;58,4;353,1
613500;06/04/2023;0,7;9,5;4,8;0;58,4;357,9
613500;07/04/2023;-0,2;7,2;4,1;0;58,4;362
613500;08/04/2023;3,5;14,8;8;0;61,4;370
613500;09/04/2023;2,4;13,1;7;0;63,4;377
613500;10/04/2023;2,9;13,1;7,8;0;66,2;384,8
613500;11/04/2023;4,6;10,9;8,3;10,8;69,5;393,1
613500;12/04/2023;1,9;11,1;6,9;0,8;71,4;400
613500;13/04/2023;4,3;11,5;8;5,3;74,4;408
613500;14/04/2023;1,9;10,3;6,4;7,9;75,8;414,4
613500;15/04/2023;7,1;14,3;9,9;0,4;80,7;424,3
613500;16/04/2023;7,1;13,1;9,7;0;85,4;434
613500;17/04/2023;2,1;13,3;8;0;88,4;442
613500;18/04/2023;1,7;14,4;8,3;0;91,7;450,3
613500;19/04/2023;3,6;13,7;8,9;0;95,6;459,2
613500;20/04/2023;4,3;16,6;10,3;0;100,9;469,5
613500;21/04/2023;4,6;16,6;10,5;0;106,4;480
613500;22/04/2023;3,7;18,5;11;0;112,4;491
613500;23/04/2023;8,3;13,9;10,4;2,8;117,8;501,4
613500;24/04/2023;7,9;14,4;10,9;4,5;123,7;512,3
613500;25/04/2023;5,3;8,9;6,6;1;125,3;518,9
613500;26/04/2023;3,7;9,6;6,2;0,6;126,5;525,1
613500;27/04/2023;2,6;10,4;6,1;0;127,6;531,2
613500;28/04/2023;-1;11,6;6,3;0;128,9;537,5
613500;29/04/2023;3,2;12,8;8,1;0;132;545,6
613500;30/04/2023;3,9;10,8;7;0;134;552,6
613500;01/05/2023;3,4;14,4;9,6;0;138,6;562,2
613500;02/05/2023;5,2;12;8,7;0;142,3;570,9
613500;03/05/2023;3,6;11,6;7,9;0;145,2;578,8
613500;04/05/2023;2,3;13,2;8,3;0;148,5;587,1
613500;05/05/2023;4,4;8,4;6,3;0;149,8;593,4
613500;06/05/2023;4,5;10,5;6,6;0,3;151,4;600
613500;07/05/2023;4,6;14,7;9,3;0;155,7;609,3
613500;08/05/2023;4;16,2;10,4;0;161,1;619,7
613500;09/05/2023;7,7;17,7;12,4;0;168,5;632,1
613500;10/05/2023;9,2;18,5;13,8;0;177,3;645,9
613500;11/05/2023;8,8;21,1;14,5;0;186,8;660,4
613500;12/05/2023;8,4;20,4;14,7;0;196,5;675,1
613500;13/05/2023;7,2;20,8;14,5;0;206;689,6
613500;14/05/2023;6,3;22;14,7;0;215,7;704,3
613500;15/05/2023;8,3;21,5;14,3;7,8;225;718,6
613500;16/05/2023;8,6;12,2;9,9;2,4;229,9;728,5
613500;17/05/2023;5,6;12,2;8,6;0;233,5;737,1
613500;18/05/2023;2,3;13,9;8,4;0;236,9;745,5
613500;19/05/2023;2,2;16,9;10,4;0;242,3;755,9
613500;20/05/2023;4,5;17,3;12,1;0;249,4;768
613500;21/05/2023;8,7;21,6;15,7;0;260,1;783,7
613500;22/05/2023;13;22,5;17,2;0;272,3;800,9
613500;23/05/2023;10,7;14,1;11,9;2,2;279,2;812,8
613500;24/05/2023;6,2;17,7;13;0;287,2;825,8
613500;25/05/2023;9,3;16,4;12,7;0;294,9;838,5
613500;26/05/2023;7,6;15,9;11,5;0;301,4;850
613500;27/05/2023;5,1;16,9;11,7;0;308,1;861,7
613500;28/05/2023;5,8;17,9;12,6;0;315,7;874,3
613500;29/05/2023;5,1;17,4;12,2;0;322,9;886,5
613500;30/05/2023;8,3;19,2;13,8;0;331,7;900,3
613500;31/05/2023;6,1;20,6;14,6;0;341,3;914,9
613500;01/06/2023;9,9;18,7;13,4;0;349,7;928,3
613500;02/06/2023;6,2;18,1;12,9;0;357,6;941,2
613500;03/06/2023;3;18,9;12,3;0;364,9;953,5
613500;04/06/2023;6,2;17,4;12,3;0;372,2;965,8
613500;05/06/2023;4,2;20,3;14;0;381,2;979,8
613500;06/06/2023;6,3;21,3;15,2;0;391,4;995
613500;07/06/2023;6,2;20,8;14,2;0;400,6;1009,2
613500;08/06/2023;7,6;23;15,4;0;411;1024,6
613500;09/06/2023;6,8;21;14,9;0;420,9;1039,5
613500;10/06/2023;10;23;16;0;431,9;1055,5
613500;11/06/2023;9,8;21,3;15,9;0;442,8;1071,4
613500;12/06/2023;10,2;23,9;16,8;0;454,6;1088,2
613500;13/06/2023;7,4;23,5;16,4;0;466;1104,6
613500;14/06/2023;8,5;23,7;17,1;0;478,1;1121,7
613500;15/06/2023;10,4;25,7;18;0;491,1;1139,7
613500;16/06/2023;11,8;24,5;17,3;17,6;503,4;1157
613500;17/06/2023;10,4;24,4;17,2;6,5;515,6;1174,2
613500;18/06/2023;13,6;22,8;18,5;0,4;529,1;1192,7
613500;19/06/2023;11,4;22,9;18,3;0,5;542,4;1211
613500;20/06/2023;11,8;24;18,9;0;556,3;1229,9
613500;21/06/2023;15,7;24,3;19,4;0;570,7;1249,3
613500;22/06/2023;13;24,8;19;0;584,7;1268,3
613500;23/06/2023;15,7;22,1;18,8;0;598,5;1287,1
613500;24/06/2023;8,9;23,4;18,2;0;611,7;1305,3
613500;25/06/2023;13;25,5;19,8;0;626,5;1325,1
613500;26/06/2023;14,7;28,1;19,7;8,9;641,2;1344,8
613500;27/06/2023;14,3;20,5;17,1;0;653,3;1361,9
613500;28/06/2023;14,2;22,7;17,8;0;666,1;1379,7
613500;29/06/2023;15,8;23,2;19;0,6;680,1;1398,7
613500;30/06/2023;13,2;21,4;17,3;0,3;692,4;1416
613500;01/07/2023;12,6;17,4;15,4;5,6;702,8;1431,4
613500;02/07/2023;12,9;18,4;15,7;2,5;713,5;1447,1
613500;03/07/2023;12,6;18,9;15,1;0,2;723,6;1462,2
613500;04/07/2023;9,5;18,2;14,4;9,9;733;1476,6
613500;05/07/2023;8,8;19,9;14;6;742;1490,6
613500;06/07/2023;11,7;20,4;15,8;0,1;752,8;1506,4
613500;07/07/2023;11;22,6;17;0;764,8;1523,4
613500;08/07/2023;9,3;24,9;18,6;0;778,4;1542
613500;09/07/2023;11;28,1;20,2;0;793,6;1562,2
613500;10/07/2023;15,4;21,4;18;26,1;806,6;1580,2
613500;11/07/2023;11,4;25,3;19,2;0;820,8;1599,4
613500;12/07/2023;15,7;21,8;18,6;15,9;834,4;1618
613500;13/07/2023;14,5;20,5;17,1;0,9;846,5;1635,1
613500;14/07/2023;12,9;22,1;17,6;0;859,1;1652,7
613500;15/07/2023;16,4;30,2;22,7;0;876,8;1675,4
613500;16/07/2023;15,9;22,9;19,1;3,4;890,9;1694,5
613500;17/07/2023;13,8;21,2;16,7;4;902,6;1711,2
613500;18/07/2023;12,4;21,7;16,6;0;914,2;1727,8
613500;19/07/2023;12;18,8;15;0,1;924,2;1742,8
613500;20/07/2023;10,7;19,5;15;0,4;934,2;1757,8
613500;21/07/2023;11,4;19,8;15,4;3,8;944,6;1773,2
613500;22/07/2023;11,5;19,8;14,8;1,7;954,4;1788
613500;23/07/2023;12,6;17;15;15,5;964,4;1803
613500;24/07/2023;15,8;22,6;18,3;0;977,7;1821,3
613500;25/07/2023;13,5;22,3;16,1;1;988,8;1837,4
613500;26/07/2023;11,9;18,9;14,6;1,2;998,4;1852
613500;27/07/2023;12,4;21,4;16,3;0,2;1009,7;1868,3
613500;28/07/2023;10,8;22,9;17,2;0;1021,9;1885,5
613500;29/07/2023;14;23,7;18,6;5;1035,5;1904,1
613500;30/07/2023;12,8;22,7;17,4;0,3;1047,9;1921,5
613500;31/07/2023;13,4;19,7;16;4,6;1058,9;1937,5
613500;01/08/2023;14,3;20,7;16,3;12,3;1070,2;1953,8
613500;02/08/2023;12,1;21,1;16,6;2,2;1081,8;1970,4
613500;03/08/2023;15,4;22,4;18;0,4;1094,8;1988,4
613500;04/08/2023;13,8;21,2;17,4;0;1107,2;2005,8
613500;05/08/2023;12,9;21;16,8;0;1119;2022,6
613500;06/08/2023;11,6;19,2;15,5;2;1129,5;2038,1
613500;07/08/2023;13,1;15,9;14,7;15,3;1139,2;2052,8
613500;08/08/2023;13;19,3;15,1;0;1149,3;2067,9
613500;09/08/2023;12,1;16,8;13,9;1,1;1158,2;2081,8
613500;10/08/2023;12;19,2;15;0,1;1168,2;2096,8
613500;11/08/2023;10,4;20,8;16,7;0;1179,9;2113,5
613500;12/08/2023;15,7;21,1;18,1;11,3;1193;2131,6
613500;13/08/2023;13;22;17,7;0;1205,7;2149,3
613500;14/08/2023;14,6;25,6;20,2;0;1220,9;2169,5
613500;15/08/2023;15,1;25;20;1,9;1235,9;2189,5
613500;16/08/2023;12,8;21,8;17,4;0;1248,3;2206,9
613500;17/08/2023;10,9;19,5;16;3,4;1259,3;2222,9
613500;18/08/2023;14,4;23,5;18,3;5,2;1272,6;2241,2
613500;19/08/2023;16,1;23,3;18,7;16,4;1286,3;2259,9
613500;20/08/2023;15,9;22,9;19,1;0,4;1300,4;2279
613500;21/08/2023;13,8;22,4;18,1;0;1313,5;2297,1
613500;22/08/2023;14,9;23,3;18,9;0;1327,4;2316
613500;23/08/2023;13,7;21,2;17,6;0,5;1340;2333,6
613500;24/08/2023;12,6;21,4;16,9;0,9;1351,9;2350,5
613500;25/08/2023;15,3;22,9;18,9;6,8;1365,8;2369,4
613500;26/08/2023;13,5;20,3;17,5;9,1;1378,3;2386,9
613500;27/08/2023;10;20,4;15,8;0,2;1389,1;2402,7
613500;28/08/2023;12;19,6;15,7;0;1399,8;2418,4
613500;29/08/2023;8,7;18,6;14,1;0;1408,9;2432,5
613500;30/08/2023;9,4;19,7;15;0;1418,9;2447,5
613500;31/08/2023;13,1;17,2;14,8;7,2;1428,7;2462,3
613500;01/09/2023;12,2;20,7;16,4;0,3;1440,1;2478,7
613500;02/09/2023;13,1;21,4;16,6;0;1451,7;2495,3
613500;03/09/2023;13,5;19,8;16,6;0;1463,3;2511,9
613500;04/09/2023;12,7;23,3;18,2;0;1476,5;2530,1
613500;05/09/2023;9,5;24,9;17,5;0;1489;2547,6
613500;06/09/2023;10;25,8;17,8;0;1501,8;2565,4
613500;07/09/2023;14,8;24,1;18,5;0;1515,3;2583,9
613500;08/09/2023;14,5;26,3;19,7;0;1530;2603,6
613500;09/09/2023;13,6;27,1;20,1;0;1545,1;2623,7
613500;10/09/2023;12,7;18,7;16,1;0;1556,2;2639,8
613500;11/09/2023;15,1;23,1;18,5;0;1569,7;2658,3
613500;12/09/2023;15,5;22,2;18,7;1,1;1583,4;2677
613500;13/09/2023;11,5;19,2;15,5;1;1593,9;2692,5
613500;14/09/2023;8,2;17,3;13,1;0;1602;2705,6
613500;15/09/2023;10,3;19,5;14,9;0;1611,9;2720,5
613500;16/09/2023;11,8;22,4;16,8;0;1623,7;2737,3
613500;17/09/2023;14,4;24,1;18,6;0;1637,3;2755,9
613500;18/09/2023;16,8;23,5;19,4;3,3;1651,7;2775,3
613500;19/09/2023;13,6;19;16,4;2,3;1663,1;2791,7
613500;20/09/2023;16,1;20,2;17,9;0,9;1676;2809,6
613500;21/09/2023;16,6;24,9;19,9;2;1690,9;2829,5
613500;22/09/2023;11,8;20,1;16,1;4,9;1702;2845,6
613500;23/09/2023;10,3;17,4;13,9;1,3;1710,9;2859,5
613500;24/09/2023;9,6;17,6;13,8;0;1719,7;2873,3
613500;25/09/2023;13;18,3;15,6;0;1730,3;2888,9
613500;26/09/2023;8,9;20,2;14,6;0;1739,9;2903,5
613500;27/09/2023;11,9;21,5;16,7;0;1751,6;2920,2
613500;28/09/2023;13,5;20,9;17,5;0;1764,1;2937,7
613500;29/09/2023;12,9;19,5;16,2;5;1775,3;2953,9
613500;30/09/2023;12,9;17,8;14,9;0;1785,2;2968,8
613500;01/10/2023;12,4;16,6;14,5;2;1794,7;2983,3
613500;02/10/2023;15,6;18,7;16,9;1,1;1806,6;3000,2
613500;03/10/2023;12,2;19,2;15,6;2,9;1817,2;3015,8
613500;04/10/2023;11,8;16,8;14,1;0;1826,3;3029,9
613500;05/10/2023;10,3;16,2;13,4;3,6;1834,7;3043,3
613500;06/10/2023;10,2;16,9;14,5;5,5;1844,2;3057,8
613500;07/10/2023;8,3;16,6;12,4;0;1851,6;3070,2
613500;08/10/2023;3,5;12,7;8;0;1854,6;3078,2
613500;09/10/2023;6,3;11,9;9,9;0,5;1859,5;3088,1
613500;10/10/2023;7,5;15,8;12,3;0,7;1866,8;3100,4
613500;11/10/2023;11,9;17,5;15,2;1;1877;3115,6
613500;12/10/2023;5,1;14,1;11,3;0;1883,3;3126,9
613500;13/10/2023;3,7;18;12,5;17,8;1890,8;3139,4
613500;14/10/2023;8,6;14,9;11,1;6,1;1896,9;3150,5
613500;15/10/2023;7,4;11,7;9;0;1900,9;3159,5
613500;16/10/2023;3,1;10,5;7,1;0;1903;3166,6
613500;17/10/2023;4,3;12,7;9;0;1907;3175,6
613500;18/10/2023;5,5;14,2;9,2;0;1911,2;3184,8
613500;19/10/2023;5,1;9;7,2;4,4;1913,4;3192
613500;20/10/2023;4,4;6,9;5,4;10,9;1913,8;3197,4
613500;21/10/2023;6,2;10;8,5;6,3;1917,3;3205,9
613500;22/10/2023;8;14,4;10,9;2,2;1923,2;3216,8
613500;23/10/2023;4,5;13;9,7;0;1927,9;3226,5
613500;24/10/2023;4,1;11,3;8,4;9,3;1931,3;3234,9
613500;25/10/2023;8,6;11,9;10;7,7;1936,3;3244,9
613500;26/10/2023;6,4;8,9;7,6;1,8;1938,9;3252,5
613500;27/10/2023;5,4;7,8;6,4;0,1;1940,3;3258,9
613500;28/10/2023;5,2;8,2;6,6;0;1941,9;3265,5
613500;29/10/2023;7,5;14,2;10,1;19,5;1947;3275,6
613500;30/10/2023;9,1;13,1;10,9;1;1952,9;3286,5
613500;31/10/2023;4,4;10,6;7,2;15;1955,1;3293,7
613500;01/11/2023;-0,4;10,5;5,7;1,7;1955,8;3299,4
613500;02/11/2023;8,7;12,1;10,5;0,4;1961,3;3309,9
613500;03/11/2023;7,2;10,8;9,5;0;1965,8;3319,4
613500;04/11/2023;6,9;9,2;8,2;0,2;1969;3327,6
613500;05/11/2023;7,1;10,4;8,7;1,6;1972,7;3336,3
613500;06/11/2023;8,5;11,5;9,8;3,9;1977,5;3346,1
613500;07/11/2023;8,4;10,8;9,4;0,1;1981,9;3355,5
613500;08/11/2023;8,3;11;9,2;3,3;1986,1;3364,7
613500;09/11/2023;6,4;10,1;8,5;4,2;1989,6;3373,2
613500;10/11/2023;6,1;8,5;7,5;8;1992,1;3380,7
613500;11/11/2023;3,7;9,2;7,2;3,4;1994,3;3387,9
613500;12/11/2023;4,1;8,4;6,2;1,1;1995,5;3394,1
613500;13/11/2023;2,9;8,2;5,6;9,1;1996,1;3399,7
613500;14/11/2023;4,9;10,1;7,2;9,4;1998,3;3406,9
613500;15/11/2023;3,1;6,4;4,9;9,2;1998,3;3411,8
613500;16/11/2023;1,9;8,4;4,3;12,3;1998,3;3416,1
613500;17/11/2023;1,5;5,4;4,2;0,1;1998,3;3420,3
613500;18/11/2023;-1,8;5,1;2,1;0;1998,3;3422,4
613500;19/11/2023;3,4;6,4;4,9;19,5;1998,3;3427,3
613500;20/11/2023;4,1;6,4;5,6;4,7;1998,9;3432,9
613500;21/11/2023;-1,1;4,9;3;0;1998,9;3435,9
613500;22/11/2023;-2,5;6,8;2,2;0;1998,9;3438,1
613500;23/11/2023;5,4;12;8,8;7,6;2002,7;3446,9
613500;24/11/2023;1,7;5,8;3,7;1,9;2002,7;3450,6
613500;25/11/2023;-2,4;3,8;0,9;0;2002,7;3451,5
613500;26/11/2023;-3,9;2,3;0;0;2002,7;3451,5
613500;27/11/2023;-3;0,3;-1,1;0;2002,7;3451,5
613500;28/11/2023;-7,8;-1,5;-4,8;0,1;2002,7;3451,5
613500;29/11/2023;-8;-1,4;-3,6;0,5;2002,7;3451,5
613500;30/11/2023;-4,8;0;-2,2;4,8;2002,7;3451,5
613500;01/12/2023;-11,6;-1,1;-4,4;0,1;2002,7;3451,5
613500;02/12/2023;-5,9;-1;-2,8;0;2002,7;3451,5
613500;03/12/2023;-6,3;-0,4;-1,8;3,5;2002,7;3451,5
613500;04/12/2023;-2,1;0;-1;1,3;2002,7;3451,5
613500;05/12/2023;-1,6;2;0,2;0,8;2002,7;3451,7
613500;06/12/2023;-0,3;1,2;0,4;5,8;2002,7;3452,1
613500;07/12/2023;0,2;1,1;0,6;0;2002,7;3452,7
613500;08/12/2023;0,1;1,7;0,8;0,2;2002,7;3453,5
613500;09/12/2023;0,4;3,2;1,9;0,4;2002,7;3455,4
613500;10/12/2023;2,3;4,6;3,1;6,1;2002,7;3458,5
613500;11/12/2023;2,7;5,3;4,3;2,9;2002,7;3462,8
613500;12/12/2023;1,2;3;1,8;0;2002,7;3464,6
613500;13/12/2023;-0,3;1,7;0,5;0;2002,7;3465,1
613500;14/12/2023;-0,7;2,6;0,4;0;2002,7;3465,5
613500;15/12/2023;2,4;6,5;4,8;0,1;2002,7;3470,3
613500;16/12/2023;5,4;9;7;0;2004,7;3477,3
613500;17/12/2023;6,7;8,7;7,8;0;2007,5;3485,1
613500;18/12/2023;6,7;8,4;7,6;0;2010,1;3492,7
613500;19/12/2023;3,5;9,2;6,9;2,3;2012;3499,6
613500;20/12/2023;3,1;5,4;4,3;4,3;2012;3503,9
613500;21/12/2023;3,4;8,3;5,4;9,1;2012,4;3509,3
613500;22/12/2023;1,2;4,5;3,2;0;2012,4;3512,5
613500;23/12/2023;0,6;3,3;2,1;0;2012,4;3514,6
613500;24/12/2023;0,5;9,5;5,2;5,6;2012,6;3519,8
613500;25/12/2023;4,2;8,6;6,2;0,1;2013,8;3526
613500;26/12/2023;3,2;7,6;5,2;3,3;2014;3531,2
613500;27/12/2023;1,3;4,5;3;1,7;2014;3534,2
613500;28/12/2023;3,4;9,3;7,1;10,7;2016,1;3541,3
613500;29/12/2023;5,2;8,4;7,1;3,2;2018,2;3548,4
613500;30/12/2023;2,5;6,6;4,9;0,8;2018,2;3553,3
613500;31/12/2023;2,6;5,9;5,1;10,5;2018,3;3558,4
