0;2024.10.01 00:00;4;22;22.1875;22;570;202;0;
1;2024.10.01 00:15;4;22;22.125;22;570;202;0;
2;2024.10.01 00:30;4;22;22.125;22;570;202;0;
3;2024.10.01 00:45;4;21.9375;22.125;22;570;202;0;
4;2024.10.01 01:00;4;21.9375;22.125;22;570;202;0;
5;2024.10.01 01:15;4;21.9375;22.125;22;570;202;0;
6;2024.10.01 01:30;4;21.9375;22.125;22;570;202;0;
7;2024.10.01 01:45;4;21.9375;22.125;22;570;202;0;
8;2024.10.01 02:00;4;21.875;22.125;22;570;202;0;
9;2024.10.01 02:15;4;21.875;22.125;22;570;202;0;
10;2024.10.01 02:30;4;21.875;22.125;22;570;202;0;
11;2024.10.01 02:45;4;21.875;22.125;22;569;202;0;
12;2024.10.01 03:00;4;21.875;22.125;22;570;202;0;
13;2024.10.01 03:15;4;21.875;22.125;21.9375;569;202;0;
14;2024.10.01 03:30;4;21.875;22.0625;21.9375;569;202;0;
15;2024.10.01 03:45;4;21.875;22.125;21.9375;569;202;0;
16;2024.10.01 04:00;4;21.875;22.0625;21.9375;569;202;0;
17;2024.10.01 04:15;4;21.875;22.0625;21.9375;569;202;0;
18;2024.10.01 04:30;4;21.875;22.125;22;569;202;0;
19;2024.10.01 04:45;4;21.875;22.125;22;569;202;0;
20;2024.10.01 05:00;4;21.875;22.125;22;569;202;0;
21;2024.10.01 05:15;4;21.875;22.125;22;570;202;0;
22;2024.10.01 05:30;4;21.9375;22.125;22;570;202;0;
23;2024.10.01 05:45;4;21.9375;22.125;22;570;202;0;
24;2024.10.01 06:00;4;21.9375;22.125;22;570;202;0;
25;2024.10.01 06:15;4;21.9375;22.125;22;570;202;0;
26;2024.10.01 06:30;4;22;22.125;22;570;202;0;
27;2024.10.01 06:45;4;22;22.1875;22.0625;570;202;0;
28;2024.10.01 07:00;4;22;22.25;22.125;570;202;0;
29;2024.10.01 07:15;4;22.0625;22.25;22.125;570;202;0;
30;2024.10.01 07:30;4;22.125;22.25;22.125;570;202;0;
31;2024.10.01 07:45;4;22.125;22.3125;22.25;570;202;0;
32;2024.10.01 08:00;4;22.1875;22.375;22.25;571;202;0;
33;2024.10.01 08:15;4;22.1875;22.375;22.25;571;202;0;
34;2024.10.01 08:30;4;22.125;22.375;22.25;571;202;0;
35;2024.10.01 08:45;4;22.125;22.375;22.25;571;202;0;
36;2024.10.01 09:00;4;22.1875;22.375;22.25;571;202;0;
37;2024.10.01 09:15;4;22.1875;22.375;22.25;571;202;0;
38;2024.10.01 09:30;4;22.25;22.375;22.25;571;202;0;
39;2024.10.01 09:45;4;22.25;22.4375;22.375;571;202;0;
40;2024.10.01 10:00;4;22.25;22.5;22.375;571;202;0;
41;2024.10.01 10:15;4;22.3125;22.5;22.375;571;202;0;
42;2024.10.01 10:30;4;22.25;22.5;22.375;571;202;0;
43;2024.10.01 10:45;4;22.25;22.5;22.375;571;202;0;
44;2024.10.01 11:00;4;22.25;22.5;22.375;571;202;0;
45;2024.10.01 11:15;4;22.25;22.5;22.375;571;202;0;
46;2024.10.01 11:30;4;22.25;22.5;22.375;571;202;0;
47;2024.10.01 11:45;4;22.25;22.5;22.375;571;202;0;
48;2024.10.01 12:00;4;22.25;22.5;22.375;571;202;0;
49;2024.10.01 12:15;4;22.25;22.5;22.3125;571;202;0;
50;2024.10.01 12:30;4;22.25;22.4375;22.3125;571;202;0;
51;2024.10.01 12:45;4;22.25;22.4375;22.25;571;202;0;
52;2024.10.01 13:00;4;22.25;22.4375;22.375;571;202;0;
53;2024.10.01 13:15;4;22.3125;22.5;22.375;571;202;0;
54;2024.10.01 13:30;4;22.3125;22.5;22.375;571;202;0;
55;2024.10.01 13:45;4;22.375;22.5;22.375;571;202;0;
56;2024.10.01 14:00;4;22.375;22.5;22.4375;571;202;0;
57;2024.10.01 14:15;4;22.375;22.5;22.4375;571;202;0;
58;2024.10.01 14:30;4;22.375;22.5625;22.5;571;202;0;
59;2024.10.01 14:45;4;22.375;22.5625;22.5;571;202;0;
60;2024.10.01 15:00;4;22.375;22.5625;22.5;571;202;0;
61;2024.10.01 15:15;4;22.4375;22.625;22.5;571;202;0;
62;2024.10.01 15:30;4;22.4375;22.625;22.5;572;202;0;
63;2024.10.01 15:45;4;22.4375;22.625;22.5;572;202;0;
64;2024.10.01 16:00;4;22.4375;22.625;22.5;572;202;0;
65;2024.10.01 16:15;4;22.4375;22.625;22.5;572;202;0;
66;2024.10.01 16:30;4;22.375;22.625;22.5;571;202;0;
67;2024.10.01 16:45;4;22.3125;22.5625;22.375;571;202;0;
68;2024.10.01 17:00;4;22.3125;22.5;22.375;571;202;0;
69;2024.10.01 17:15;4;22.25;22.5;22.375;571;202;0;
70;2024.10.01 17:30;4;22.25;22.5;22.375;571;202;0;
71;2024.10.01 17:45;4;22.25;22.5;22.3125;571;202;0;
72;2024.10.01 18:00;4;22.25;22.4375;22.3125;571;202;0;
73;2024.10.01 18:15;4;22.25;22.375;22.25;570;202;0;
74;2024.10.01 18:30;4;22.1875;22.375;22.25;570;202;0;
75;2024.10.01 18:45;4;22.1875;22.375;22.25;570;202;0;
76;2024.10.01 19:00;4;22.1875;22.375;22.25;570;202;0;
77;2024.10.01 19:15;4;22.125;22.375;22.25;570;202;0;
78;2024.10.01 19:30;4;22.125;22.375;22.25;570;202;0;
79;2024.10.01 19:45;4;22.125;22.375;22.1875;570;202;0;
80;2024.10.01 20:00;4;22.125;22.3125;22.1875;570;202;0;
81;2024.10.01 20:15;4;22.125;22.3125;22.1875;570;202;0;
82;2024.10.01 20:30;4;22.125;22.25;22.125;570;202;0;
83;2024.10.01 20:45;4;22.0625;22.25;22.125;570;202;0;
84;2024.10.01 21:00;4;22.0625;22.25;22.125;570;202;0;
85;2024.10.01 21:15;4;22.0625;22.25;22.125;570;202;0;
86;2024.10.01 21:30;4;22;22.25;22.125;570;202;0;
87;2024.10.01 21:45;4;22;22.25;22.125;570;202;0;
88;2024.10.01 22:00;4;22;22.25;22.125;570;202;0;
89;2024.10.01 22:15;4;22;22.1875;22.0625;569;202;0;
90;2024.10.01 22:30;4;22;22.1875;22.0625;569;202;0;
91;2024.10.01 22:45;4;22;22.1875;22;569;202;0;
92;2024.10.01 23:00;4;22;22.125;22;569;202;0;
93;2024.10.01 23:15;4;22;22.125;22;569;202;0;
94;2024.10.01 23:30;4;21.9375;22.125;22;569;202;0;
95;2024.10.01 23:45;4;21.9375;22.125;22;569;202;0;
96;2024.10.02 00:00;4;21.9375;22.125;22;569;202;0;
97;2024.10.02 00:15;4;21.875;22.125;22;569;202;0;
98;2024.10.02 00:30;4;21.875;22.125;22;569;202;0;
99;2024.10.02 00:45;4;21.875;22.125;21.9375;569;202;0;
100;2024.10.02 01:00;4;21.875;22.125;21.9375;569;202;0;
101;2024.10.02 01:15;4;21.875;22.0625;21.9375;569;202;0;
102;2024.10.02 01:30;4;21.875;22.0625;21.9375;569;202;0;
103;2024.10.02 01:45;4;21.875;22.0625;21.875;569;202;0;
104;2024.10.02 02:00;4;21.875;22;21.875;569;202;0;
105;2024.10.02 02:15;4;21.875;22;21.875;569;202;0;
106;2024.10.02 02:30;4;21.875;22;21.875;568;202;0;
107;2024.10.02 02:45;4;21.8125;22;21.875;568;202;0;
108;2024.10.02 03:00;4;21.8125;22;21.875;568;202;0;
109;2024.10.02 03:15;4;21.8125;22;21.875;568;202;0;
110;2024.10.02 03:30;4;21.8125;22;21.875;568;202;0;
111;2024.10.02 03:45;4;21.75;22;21.875;568;202;0;
112;2024.10.02 04:00;4;21.75;22;21.8125;568;202;0;
113;2024.10.02 04:15;4;21.75;22;21.8125;568;202;0;
114;2024.10.02 04:30;4;21.75;22;21.875;568;202;0;
115;2024.10.02 04:45;4;21.75;22;21.8125;568;202;0;
116;2024.10.02 05:00;4;21.75;21.9375;21.8125;568;202;0;
117;2024.10.02 05:15;4;21.75;21.9375;21.8125;568;202;0;
118;2024.10.02 05:30;4;21.75;22;21.8125;568;202;0;
119;2024.10.02 05:45;4;21.8125;22;21.875;568;202;0;
120;2024.10.02 06:00;4;21.875;22;21.875;568;202;0;
121;2024.10.02 06:15;4;21.875;22;21.875;568;202;0;
122;2024.10.02 06:30;4;21.875;22;21.9375;569;202;0;
123;2024.10.02 06:45;4;21.875;22.0625;22;569;202;0;
124;2024.10.02 07:00;4;22;22.125;22;569;202;0;
125;2024.10.02 07:15;4;22;22.125;22.125;569;202;0;
126;2024.10.02 07:30;4;22.0625;22.25;22.125;569;202;0;
127;2024.10.02 07:45;4;22.125;22.25;22.1875;570;202;0;
128;2024.10.02 08:00;4;22.125;22.25;22.25;570;202;0;
129;2024.10.02 08:15;4;22.125;22.375;22.25;570;202;0;
130;2024.10.02 08:30;4;22.25;22.375;22.25;570;202;0;
131;2024.10.02 08:45;4;22.25;22.375;22.3125;570;202;0;
132;2024.10.02 09:00;4;22.25;22.375;22.375;570;202;0;
133;2024.10.02 09:15;4;22.25;22.4375;22.375;570;202;0;
134;2024.10.02 09:30;4;22.3125;22.5;22.375;571;202;0;
135;2024.10.02 09:45;4;22.375;22.5;22.4375;571;202;0;
136;2024.10.02 10:00;4;22.375;22.5;22.5;571;202;0;
137;2024.10.02 10:15;4;22.375;22.5625;22.5;571;202;0;
138;2024.10.02 10:30;4;22.375;22.5625;22.5;571;202;0;
139;2024.10.02 10:45;4;22.375;22.5625;22.5;571;202;0;
140;2024.10.02 11:00;4;22.375;22.5625;22.5;571;202;0;
141;2024.10.02 11:15;4;22.375;22.625;22.5;571;202;0;
142;2024.10.02 11:30;4;22.375;22.625;22.5;571;202;0;
143;2024.10.02 11:45;4;22.4375;22.625;22.5;571;202;0;
144;2024.10.02 12:00;4;22.4375;22.625;22.5;571;202;0;
145;2024.10.02 12:15;4;22.5;22.625;22.5;571;202;0;
146;2024.10.02 12:30;4;22.5;22.625;22.5;571;202;0;
147;2024.10.02 12:45;4;22.5;22.625;22.5625;571;202;0;
148;2024.10.02 13:00;4;22.5;22.6875;22.5625;571;202;0;
149;2024.10.02 13:15;4;22.5;22.6875;22.625;571;202;0;
150;2024.10.02 13:30;4;22.5;22.75;22.625;571;202;0;
151;2024.10.02 13:45;4;22.5;22.75;22.625;571;202;0;
152;2024.10.02 14:00;4;22.5625;22.75;22.625;571;202;0;
153;2024.10.02 14:15;4;22.5625;22.75;22.625;572;202;0;
154;2024.10.02 14:30;4;22.625;22.75;22.625;572;202;0;
155;2024.10.02 14:45;4;22.5625;22.75;22.625;571;202;0;
156;2024.10.02 15:00;4;22.5;22.75;22.625;571;202;0;
157;2024.10.02 15:15;4;22.5;22.6875;22.5625;571;202;0;
158;2024.10.02 15:30;4;22.4375;22.625;22.5;571;202;0;
159;2024.10.02 15:45;4;22.4375;22.625;22.5;571;202;0;
160;2024.10.02 16:00;4;22.375;22.625;22.5;571;202;0;
161;2024.10.02 16:15;4;22.375;22.625;22.4375;571;202;0;
162;2024.10.02 16:30;4;22.375;22.5625;22.4375;571;202;0;
163;2024.10.02 16:45;4;22.3125;22.5;22.375;570;202;0;
164;2024.10.02 17:00;4;22.3125;22.5;22.375;570;202;0;
165;2024.10.02 17:15;4;22.25;22.5;22.375;570;202;0;
166;2024.10.02 17:30;4;22.25;22.5;22.375;570;202;0;
167;2024.10.02 17:45;4;22.25;22.5;22.375;570;202;0;
168;2024.10.02 18:00;4;22.25;22.5;22.375;570;202;0;
169;2024.10.02 18:15;4;22.25;22.4375;22.3125;570;202;0;
170;2024.10.02 18:30;4;22.25;22.4375;22.3125;570;202;0;
171;2024.10.02 18:45;4;22.25;22.4375;22.25;570;202;0;
172;2024.10.02 19:00;4;22.1875;22.375;22.25;570;202;0;
173;2024.10.02 19:15;4;22.1875;22.375;22.25;570;202;0;
174;2024.10.02 19:30;4;22.1875;22.375;22.25;570;202;0;
175;2024.10.02 19:45;4;22.1875;22.375;22.25;570;202;0;
176;2024.10.02 20:00;4;22.125;22.375;22.25;570;202;0;
177;2024.10.02 20:15;4;22.125;22.375;22.25;570;202;0;
178;2024.10.02 20:30;4;22.125;22.375;22.25;570;202;0;
179;2024.10.02 20:45;4;22.125;22.375;22.25;570;202;0;
180;2024.10.02 21:00;4;22.125;22.375;22.25;570;202;0;
181;2024.10.02 21:15;4;22.125;22.375;22.25;570;202;0;
182;2024.10.02 21:30;4;22.125;22.375;22.25;570;202;0;
183;2024.10.02 21:45;4;22.125;22.375;22.25;569;202;0;
184;2024.10.02 22:00;4;22.125;22.3125;22.1875;569;202;0;
185;2024.10.02 22:15;4;22.125;22.3125;22.1875;569;202;0;
186;2024.10.02 22:30;4;22.125;22.3125;22.1875;569;202;0;
187;2024.10.02 22:45;4;22.125;22.25;22.125;569;202;0;
188;2024.10.02 23:00;4;22.125;22.25;22.125;569;202;0;
189;2024.10.02 23:15;4;22.0625;22.25;22.125;569;202;0;
190;2024.10.02 23:30;4;22.0625;22.25;22.125;569;202;0;
191;2024.10.02 23:45;4;22.0625;22.25;22.125;569;202;0;
192;2024.10.03 00:00;4;22.0625;22.25;22.125;569;202;0;
193;2024.10.03 00:15;4;22;22.25;22.125;569;202;0;
194;2024.10.03 00:30;4;22;22.25;22.125;569;202;0;
195;2024.10.03 00:45;4;22;22.25;22.125;569;202;0;
196;2024.10.03 01:00;4;22;22.25;22.0625;569;202;0;
197;2024.10.03 01:15;4;22;22.25;22.0625;569;202;0;
198;2024.10.03 01:30;4;22;22.1875;22.0625;569;202;0;
199;2024.10.03 01:45;4;22;22.1875;22.0625;569;202;0;
200;2024.10.03 02:00;4;22;22.1875;22;569;202;0;
201;2024.10.03 02:15;4;22;22.1875;22;569;202;0;
202;2024.10.03 02:30;4;22;22.1875;22;569;202;0;
203;2024.10.03 02:45;4;22;22.125;22;569;202;0;
204;2024.10.03 03:00;4;21.9375;22.125;22;569;202;0;
205;2024.10.03 03:15;4;21.9375;22.125;22;569;202;0;
206;2024.10.03 03:30;4;21.9375;22.125;22;568;202;0;
207;2024.10.03 03:45;4;21.9375;22.125;22;568;202;0;
208;2024.10.03 04:00;4;21.9375;22.125;22;568;202;0;
209;2024.10.03 04:15;4;21.875;22.125;22;568;202;0;
210;2024.10.03 04:30;4;21.875;22.125;22;568;202;0;
211;2024.10.03 04:45;4;21.875;22.125;22;568;202;0;
212;2024.10.03 05:00;4;21.9375;22.125;22;568;202;0;
213;2024.10.03 05:15;4;21.9375;22.125;22;568;202;0;
214;2024.10.03 05:30;4;21.9375;22.125;22;569;202;0;
215;2024.10.03 05:45;4;22;22.125;22;569;202;0;
216;2024.10.03 06:00;4;22;22.125;22;569;202;0;
217;2024.10.03 06:15;4;22;22.125;22;569;202;0;
218;2024.10.03 06:30;4;22;22.125;22.0625;569;202;0;
219;2024.10.03 06:45;4;22;22.1875;22.125;569;202;0;
220;2024.10.03 07:00;4;22.125;22.25;22.125;569;202;0;
221;2024.10.03 07:15;4;22.125;22.25;22.1875;569;202;0;
222;2024.10.03 07:30;4;22.125;22.3125;22.25;569;202;0;
223;2024.10.03 07:45;4;22.25;22.375;22.25;570;202;0;
224;2024.10.03 08:00;4;22.25;22.375;22.3125;570;202;0;
225;2024.10.03 08:15;4;22.25;22.4375;22.375;570;202;0;
226;2024.10.03 08:30;4;22.25;22.4375;22.375;570;202;0;
227;2024.10.03 08:45;4;22.25;22.4375;22.3125;570;202;0;
228;2024.10.03 09:00;4;22.25;22.4375;22.3125;570;202;0;
229;2024.10.03 09:15;4;22.25;22.5;22.375;570;202;0;
230;2024.10.03 09:30;4;22.3125;22.5;22.375;570;202;0;
231;2024.10.03 09:45;4;22.3125;22.5;22.375;570;202;0;
232;2024.10.03 10:00;4;22.3125;22.5;22.375;570;202;0;
233;2024.10.03 10:15;4;22.3125;22.5;22.375;570;202;0;
234;2024.10.03 10:30;4;22.3125;22.5;22.375;570;202;0;
235;2024.10.03 10:45;4;22.3125;22.5;22.375;570;202;0;
236;2024.10.03 11:00;4;22.3125;22.5;22.375;570;202;0;
237;2024.10.03 11:15;4;22.375;22.5;22.375;570;202;0;
238;2024.10.03 11:30;4;22.375;22.5;22.375;570;202;0;
239;2024.10.03 11:45;4;22.375;22.5625;22.4375;570;202;0;
240;2024.10.03 12:00;4;22.375;22.625;22.5;570;202;0;
241;2024.10.03 12:15;4;22.5;22.625;22.5;571;202;0;
242;2024.10.03 12:30;4;22.5;22.625;22.5625;571;202;0;
243;2024.10.03 12:45;4;22.5;22.6875;22.625;571;202;0;
244;2024.10.03 13:00;4;22.5;22.625;22.5625;571;202;0;
245;2024.10.03 13:15;4;22.5;22.625;22.5625;571;202;0;
246;2024.10.03 13:30;4;22.5;22.6875;22.5625;571;202;0;
247;2024.10.03 13:45;4;22.5;22.6875;22.5625;571;202;0;
248;2024.10.03 14:00;4;22.4375;22.625;22.5;571;202;0;
249;2024.10.03 14:15;4;22.375;22.625;22.5;570;202;0;
250;2024.10.03 14:30;4;22.375;22.625;22.5;570;202;0;
251;2024.10.03 14:45;4;22.375;22.5625;22.4375;570;202;0;
252;2024.10.03 15:00;4;22.375;22.5625;22.375;570;202;0;
253;2024.10.03 15:15;4;22.3125;22.5;22.375;570;202;0;
254;2024.10.03 15:30;4;22.25;22.5;22.375;570;202;0;
255;2024.10.03 15:45;4;22.25;22.5;22.375;570;202;0;
256;2024.10.03 16:00;4;22.25;22.5;22.375;570;202;0;
257;2024.10.03 16:15;4;22.25;22.5;22.375;570;202;0;
258;2024.10.03 16:30;4;22.25;22.5;22.375;570;202;0;
259;2024.10.03 16:45;4;22.25;22.4375;22.3125;570;202;0;
260;2024.10.03 17:00;4;22.25;22.4375;22.3125;570;202;0;
261;2024.10.03 17:15;4;22.25;22.4375;22.25;570;202;0;
262;2024.10.03 17:30;4;22.25;22.375;22.25;569;202;0;
263;2024.10.03 17:45;4;22.1875;22.375;22.25;569;202;0;
264;2024.10.03 18:00;4;22.1875;22.375;22.25;569;202;0;
265;2024.10.03 18:15;4;22.1875;22.375;22.25;569;202;0;
266;2024.10.03 18:30;4;22.1875;22.375;22.25;569;202;0;
267;2024.10.03 18:45;4;22.1875;22.375;22.25;569;202;0;
268;2024.10.03 19:00;4;22.125;22.375;22.25;569;202;0;
269;2024.10.03 19:15;4;22.125;22.375;22.25;569;202;0;
270;2024.10.03 19:30;4;22.125;22.375;22.25;569;202;0;
271;2024.10.03 19:45;4;22.125;22.375;22.25;569;202;0;
272;2024.10.03 20:00;4;22.125;22.375;22.1875;569;202;0;
273;2024.10.03 20:15;4;22.125;22.375;22.1875;569;202;0;
274;2024.10.03 20:30;4;22.125;22.3125;22.125;569;202;0;
275;2024.10.03 20:45;4;22.125;22.3125;22.125;569;202;0;
276;2024.10.03 21:00;4;22.125;22.25;22.125;569;202;0;
277;2024.10.03 21:15;4;22.0625;22.25;22.125;569;202;0;
278;2024.10.03 21:30;4;22.0625;22.25;22.125;569;202;0;
279;2024.10.03 21:45;4;22.0625;22.25;22.125;569;202;0;
280;2024.10.03 22:00;4;22;22.25;22.125;569;202;0;
281;2024.10.03 22:15;4;22;22.25;22.125;569;202;0;
282;2024.10.03 22:30;4;22;22.25;22.0625;569;202;0;
283;2024.10.03 22:45;4;22;22.1875;22.0625;569;202;0;
284;2024.10.03 23:00;4;22;22.1875;22;569;202;0;
285;2024.10.03 23:15;4;22;22.125;22;569;202;0;
286;2024.10.03 23:30;4;22;22.125;22;568;202;0;
287;2024.10.03 23:45;4;21.9375;22.125;22;568;202;0;
288;2024.10.04 00:00;4;21.9375;22.125;22;568;202;0;
289;2024.10.04 00:15;4;21.875;22.125;22;568;202;0;
290;2024.10.04 00:30;4;21.875;22.125;22;568;202;0;
291;2024.10.04 00:45;4;21.875;22.125;22;568;202;0;
292;2024.10.04 01:00;4;21.875;22.0625;21.9375;568;202;0;
293;2024.10.04 01:15;4;21.875;22.0625;21.9375;568;202;0;
294;2024.10.04 01:30;4;21.875;22;21.875;568;202;0;
295;2024.10.04 01:45;4;21.875;22;21.875;568;202;0;
296;2024.10.04 02:00;4;21.8125;22;21.875;568;202;0;
297;2024.10.04 02:15;4;21.8125;22;21.875;568;202;0;
298;2024.10.04 02:30;4;21.75;22;21.875;568;202;0;
299;2024.10.04 02:45;4;21.75;22;21.8125;568;202;0;
300;2024.10.04 03:00;4;21.75;21.9375;21.8125;567;202;0;
301;2024.10.04 03:15;4;21.75;21.9375;21.8125;567;202;0;
302;2024.10.04 03:30;4;21.75;21.875;21.8125;567;202;0;
303;2024.10.04 03:45;4;21.75;21.875;21.75;567;202;0;
304;2024.10.04 04:00;4;21.75;21.875;21.75;567;202;0;
305;2024.10.04 04:15;4;21.75;21.875;21.75;567;202;0;
306;2024.10.04 04:30;4;21.75;21.875;21.75;567;202;0;
307;2024.10.04 04:45;4;21.875;22;21.875;568;202;0;
308;2024.10.04 05:00;4;21.75;21.9375;21.8125;567;202;0;
309;2024.10.04 05:15;4;21.625;21.875;21.75;567;202;0;
310;2024.10.04 05:30;4;21.6875;21.875;21.75;567;202;0;
311;2024.10.04 05:45;4;21.6875;21.875;21.75;567;202;0;
312;2024.10.04 06:00;4;21.6875;21.875;21.75;567;202;0;
313;2024.10.04 06:15;4;21.6875;21.875;21.75;567;202;0;
314;2024.10.04 06:30;4;21.75;21.875;21.75;567;202;0;
315;2024.10.04 06:45;4;21.75;21.875;21.75;567;202;0;
316;2024.10.04 07:00;4;21.75;21.9375;21.8125;567;202;0;
317;2024.10.04 07:15;4;21.8125;22;21.875;568;202;0;
318;2024.10.04 07:30;4;21.875;22;21.875;568;202;0;
319;2024.10.04 07:45;4;21.875;22.0625;22;568;202;0;
320;2024.10.04 08:00;4;22;22.125;22;568;202;0;
321;2024.10.04 08:15;4;22;22.125;22.0625;569;202;0;
322;2024.10.04 08:30;4;22.0625;22.25;22.125;569;202;0;
323;2024.10.04 08:45;4;22.125;22.25;22.1875;569;202;0;
324;2024.10.04 09:00;4;22.125;22.3125;22.25;569;202;0;
325;2024.10.04 09:15;4;22.1875;22.375;22.25;569;202;0;
326;2024.10.04 09:30;4;22.125;22.375;22.25;569;202;0;
327;2024.10.04 09:45;4;22.125;22.375;22.25;569;202;0;
328;2024.10.04 10:00;4;22.1875;22.375;22.25;569;202;0;
329;2024.10.04 10:15;4;22.1875;22.375;22.25;570;202;0;
330;2024.10.04 10:30;4;22.125;22.375;22.25;569;202;0;
331;2024.10.04 10:45;4;22.125;22.375;22.25;569;202;0;
332;2024.10.04 11:00;4;22.125;22.375;22.25;569;202;0;
333;2024.10.04 11:15;4;22.25;22.375;22.25;569;202;0;
334;2024.10.04 11:30;4;22.25;22.4375;22.375;570;202;0;
335;2024.10.04 11:45;4;22.375;22.5;22.375;570;202;0;
336;2024.10.04 12:00;4;22.4375;22.5625;22.5;570;202;0;
337;2024.10.04 12:15;4;22.5;22.625;22.5;571;202;0;
338;2024.10.04 12:30;4;22.5;22.625;22.5625;571;202;0;
339;2024.10.04 12:45;4;22.5;22.75;22.625;571;202;0;
340;2024.10.04 13:00;4;22.5625;22.75;22.625;571;202;0;
341;2024.10.04 13:15;4;22.625;22.75;22.625;571;202;0;
342;2024.10.04 13:30;4;22.625;22.75;22.6875;571;202;0;
343;2024.10.04 13:45;4;22.625;22.8125;22.75;571;202;0;
344;2024.10.04 14:00;4;22.625;22.875;22.75;571;202;0;
345;2024.10.04 14:15;4;22.6875;22.875;22.75;572;202;0;
346;2024.10.04 14:30;4;22.6875;22.875;22.75;572;202;0;
347;2024.10.04 14:45;4;22.75;22.875;22.8125;572;202;0;
348;2024.10.04 15:00;4;22.75;22.875;22.8125;572;202;0;
349;2024.10.04 15:15;4;22.75;22.9375;22.875;572;202;0;
350;2024.10.04 15:30;4;22.75;22.9375;22.875;572;202;0;
351;2024.10.04 15:45;4;22.75;22.9375;22.8125;572;202;0;
352;2024.10.04 16:00;4;22.6875;22.9375;22.8125;572;202;0;
353;2024.10.04 16:15;4;22.6875;22.875;22.75;572;202;0;
354;2024.10.04 16:30;4;22.625;22.875;22.75;572;202;0;
355;2024.10.04 16:45;4;22.625;22.875;22.75;572;202;0;
356;2024.10.04 17:00;4;22.625;22.875;22.75;572;202;0;
357;2024.10.04 17:15;4;22.625;22.875;22.75;572;202;0;
358;2024.10.04 17:30;4;22.625;22.875;22.75;571;202;0;
359;2024.10.04 17:45;4;22.625;22.875;22.75;571;202;0;
360;2024.10.04 18:00;4;22.625;22.875;22.75;571;202;0;
361;2024.10.04 18:15;4;22.625;22.875;22.75;571;202;0;
362;2024.10.04 18:30;4;22.625;22.875;22.75;571;202;0;
363;2024.10.04 18:45;4;22.625;22.875;22.75;571;202;0;
364;2024.10.04 19:00;4;22.625;22.875;22.75;571;202;0;
365;2024.10.04 19:15;4;22.625;22.8125;22.75;571;202;0;
366;2024.10.04 19:30;4;22.625;22.8125;22.6875;571;202;0;
367;2024.10.04 19:45;4;22.625;22.8125;22.6875;571;202;0;
368;2024.10.04 20:00;4;22.625;22.8125;22.6875;571;202;0;
369;2024.10.04 20:15;4;22.625;22.75;22.625;571;202;0;
370;2024.10.04 20:30;4;22.5625;22.75;22.625;571;202;0;
371;2024.10.04 20:45;4;22.5625;22.75;22.625;571;202;0;
372;2024.10.04 21:00;4;22.5625;22.75;22.625;571;202;0;
373;2024.10.04 21:15;4;22.5;22.75;22.625;571;202;0;
374;2024.10.04 21:30;4;22.5;22.75;22.625;571;202;0;
375;2024.10.04 21:45;4;22.5;22.75;22.625;571;202;0;
376;2024.10.04 22:00;4;22.5;22.6875;22.5625;571;202;0;
377;2024.10.04 22:15;4;22.5;22.6875;22.5625;571;202;0;
378;2024.10.04 22:30;4;22.5;22.6875;22.5625;571;202;0;
379;2024.10.04 22:45;4;22.5;22.625;22.5;571;202;0;
380;2024.10.04 23:00;4;22.5;22.625;22.5;571;202;0;
381;2024.10.04 23:15;4;22.5;22.625;22.5;571;202;0;
382;2024.10.04 23:30;4;22.5;22.625;22.5;571;202;0;
383;2024.10.04 23:45;4;22.5;22.625;22.5;570;202;0;
384;2024.10.05 00:00;4;22.4375;22.625;22.5;570;202;0;
385;2024.10.05 00:15;4;22.4375;22.625;22.5;570;202;0;
386;2024.10.05 00:30;4;22.4375;22.625;22.5;570;202;0;
387;2024.10.05 00:45;4;22.375;22.625;22.5;570;202;0;
388;2024.10.05 01:00;4;22.375;22.5625;22.4375;570;202;0;
389;2024.10.05 01:15;4;22.375;22.625;22.4375;570;202;0;
390;2024.10.05 01:30;4;22.375;22.5625;22.4375;570;202;0;
391;2024.10.05 01:45;4;22.375;22.5625;22.375;570;202;0;
392;2024.10.05 02:00;4;22.375;22.5625;22.375;570;202;0;
393;2024.10.05 02:15;4;22.375;22.5;22.375;570;202;0;
394;2024.10.05 02:30;4;22.375;22.5;22.375;570;202;0;
395;2024.10.05 02:45;4;22.375;22.5;22.375;570;202;0;
396;2024.10.05 03:00;4;22.375;22.5;22.375;570;202;0;
397;2024.10.05 03:15;4;22.375;22.5;22.375;570;202;0;
398;2024.10.05 03:30;4;22.375;22.5;22.375;570;202;0;
399;2024.10.05 03:45;4;22.375;22.5;22.375;570;202;0;
400;2024.10.05 04:00;4;22.3125;22.5;22.375;570;202;0;
401;2024.10.05 04:15;4;22.3125;22.5;22.375;570;202;0;
402;2024.10.05 04:30;4;22.3125;22.5;22.375;570;202;0;
403;2024.10.05 04:45;4;22.3125;22.5;22.3125;569;202;0;
404;2024.10.05 05:00;4;22.3125;22.4375;22.3125;569;202;0;
405;2024.10.05 05:15;4;22.3125;22.4375;22.3125;569;202;0;
406;2024.10.05 05:30;4;22.3125;22.4375;22.3125;569;202;0;
407;2024.10.05 05:45;4;22.25;22.375;22.25;569;202;0;
408;2024.10.05 06:00;4;22.25;22.375;22.25;569;202;0;
409;2024.10.05 06:15;4;22.3125;22.4375;22.3125;569;202;0;
410;2024.10.05 06:30;4;22.3125;22.4375;22.3125;569;202;0;
411;2024.10.05 06:45;4;22.375;22.5;22.375;570;202;0;
412;2024.10.05 07:00;4;22.375;22.5;22.375;570;202;0;
413;2024.10.05 07:15;4;22.4375;22.5625;22.5;570;202;0;
414;2024.10.05 07:30;4;22.5;22.625;22.5;570;202;0;
415;2024.10.05 07:45;4;22.5;22.625;22.5;570;202;0;
416;2024.10.05 08:00;4;22.5625;22.6875;22.5625;571;202;0;
417;2024.10.05 08:15;4;22.625;22.75;22.625;571;202;0;
418;2024.10.05 08:30;4;22.625;22.75;22.625;571;202;0;
419;2024.10.05 08:45;4;22.625;22.75;22.6875;571;202;0;
420;2024.10.05 09:00;4;22.625;22.8125;22.75;571;202;0;
421;2024.10.05 09:15;4;22.6875;22.875;22.75;571;202;0;
422;2024.10.05 09:30;4;22.75;22.875;22.75;571;202;0;
423;2024.10.05 09:45;4;22.75;22.875;22.75;571;202;0;
424;2024.10.05 10:00;4;22.75;22.9375;22.875;572;202;0;
425;2024.10.05 10:15;4;22.75;22.9375;22.875;572;202;0;
426;2024.10.05 10:30;4;22.8125;23;22.875;572;202;0;
427;2024.10.05 10:45;4;22.875;23;22.875;572;202;0;
428;2024.10.05 11:00;4;22.875;23;22.9375;572;202;0;
429;2024.10.05 11:15;4;22.875;23;22.9375;572;202;0;
430;2024.10.05 11:30;4;22.875;23.0625;23;572;202;0;
431;2024.10.05 11:45;4;22.9375;23.125;23;572;202;0;
432;2024.10.05 12:00;4;22.9375;23.125;23;572;202;0;
433;2024.10.05 12:15;4;23;23.125;23;573;202;0;
434;2024.10.05 12:30;4;23;23.125;23;573;202;0;
435;2024.10.05 12:45;4;23;23.125;23;573;202;0;
436;2024.10.05 13:00;4;23;23.125;23.0625;573;202;0;
437;2024.10.05 13:15;4;23;23.1875;23.125;573;202;0;
438;2024.10.05 13:30;4;23;23.1875;23.125;573;202;0;
439;2024.10.05 13:45;4;23.0625;23.25;23.125;573;202;0;
440;2024.10.05 14:00;4;23.125;23.25;23.125;573;202;0;
441;2024.10.05 14:15;4;23.125;23.25;23.125;573;202;0;
442;2024.10.05 14:30;4;23.125;23.25;23.1875;573;202;0;
443;2024.10.05 14:45;4;23.125;23.25;23.1875;573;202;0;
444;2024.10.05 15:00;4;23.125;23.3125;23.1875;573;202;0;
445;2024.10.05 15:15;4;23.125;23.3125;23.25;573;202;0;
446;2024.10.05 15:30;4;23.125;23.3125;23.1875;573;202;0;
447;2024.10.05 15:45;4;23.125;23.3125;23.25;573;202;0;
448;2024.10.05 16:00;4;23.125;23.375;23.25;573;202;0;
449;2024.10.05 16:15;4;23.125;23.375;23.25;573;202;0;
450;2024.10.05 16:30;4;23.125;23.375;23.25;573;202;0;
451;2024.10.05 16:45;4;23.125;23.375;23.25;574;202;0;
452;2024.10.05 17:00;4;23.125;23.375;23.25;573;202;0;
453;2024.10.05 17:15;4;23.1875;23.375;23.25;574;202;0;
454;2024.10.05 17:30;4;23.1875;23.375;23.25;574;202;0;
455;2024.10.05 17:45;4;23.125;23.375;23.25;574;202;0;
456;2024.10.05 18:00;4;23.1875;23.375;23.25;574;202;0;
457;2024.10.05 18:15;4;23.1875;23.375;23.25;574;202;0;
458;2024.10.05 18:30;4;23.125;23.375;23.25;574;202;0;
459;2024.10.05 18:45;4;23.125;23.375;23.25;573;202;0;
460;2024.10.05 19:00;4;23.125;23.375;23.25;573;202;0;
461;2024.10.05 19:15;4;23.125;23.3125;23.1875;573;202;0;
462;2024.10.05 19:30;4;23.125;23.3125;23.1875;573;202;0;
463;2024.10.05 19:45;4;23.125;23.25;23.125;573;202;0;
464;2024.10.05 20:00;4;23.125;23.25;23.125;573;202;0;
465;2024.10.05 20:15;4;23.125;23.25;23.125;573;202;0;
466;2024.10.05 20:30;4;23.0625;23.25;23.125;573;202;0;
467;2024.10.05 20:45;4;23.0625;23.25;23.125;573;202;0;
468;2024.10.05 21:00;4;23;23.25;23.125;573;202;0;
469;2024.10.05 21:15;4;23;23.1875;23.0625;573;202;0;
470;2024.10.05 21:30;4;23;23.1875;23.0625;573;202;0;
471;2024.10.05 21:45;4;23;23.125;23.0625;573;202;0;
472;2024.10.05 22:00;4;23;23.125;23;573;202;0;
473;2024.10.05 22:15;4;23;23.125;23;572;202;0;
474;2024.10.05 22:30;4;23;23.125;23;572;202;0;
475;2024.10.05 22:45;4;23;23.125;23;572;202;0;
476;2024.10.05 23:00;4;22.9375;23.125;23;572;202;0;
477;2024.10.05 23:15;4;22.9375;23.125;23;572;202;0;
478;2024.10.05 23:30;4;22.9375;23.125;23;572;202;0;
479;2024.10.05 23:45;4;22.9375;23.0625;22.9375;572;202;0;
480;2024.10.06 00:00;4;22.875;23.0625;22.9375;572;202;0;
481;2024.10.06 00:15;4;22.875;23;22.875;572;202;0;
482;2024.10.06 00:30;4;22.875;23;22.875;572;202;0;
483;2024.10.06 00:45;4;22.875;23;22.875;572;202;0;
484;2024.10.06 01:00;4;22.875;23;22.875;572;202;0;
485;2024.10.06 01:15;4;22.875;23;22.875;572;202;0;
486;2024.10.06 01:30;4;22.875;23;22.875;572;202;0;
487;2024.10.06 01:45;4;22.875;23;22.875;572;202;0;
488;2024.10.06 02:00;4;22.875;23;22.875;572;202;0;
489;2024.10.06 02:15;4;22.875;23;22.875;572;202;0;
490;2024.10.06 02:30;4;22.875;22.9375;22.8125;571;202;0;
491;2024.10.06 02:45;4;22.8125;22.9375;22.8125;571;202;0;
492;2024.10.06 03:00;4;22.75;22.9375;22.8125;571;202;0;
493;2024.10.06 03:15;4;22.75;22.9375;22.8125;571;202;0;
494;2024.10.06 03:30;4;22.75;22.9375;22.8125;571;202;0;
495;2024.10.06 03:45;4;22.75;22.9375;22.8125;571;202;0;
496;2024.10.06 04:00;4;22.75;22.875;22.75;571;202;0;
497;2024.10.06 04:15;4;22.75;22.875;22.75;571;202;0;
498;2024.10.06 04:30;4;22.75;22.875;22.75;571;202;0;
499;2024.10.06 04:45;4;22.75;22.875;22.75;571;202;0;
500;2024.10.06 05:00;4;22.75;22.875;22.75;571;202;0;
501;2024.10.06 05:15;4;22.75;22.875;22.75;571;202;0;
502;2024.10.06 05:30;4;22.75;22.875;22.75;571;202;0;
503;2024.10.06 05:45;4;22.75;22.875;22.75;571;202;0;
504;2024.10.06 06:00;4;22.75;22.875;22.75;571;202;0;
505;2024.10.06 06:15;4;22.75;22.875;22.75;571;202;0;
506;2024.10.06 06:30;4;22.75;22.875;22.75;571;202;0;
507;2024.10.06 06:45;4;22.8125;22.875;22.75;571;202;0;
508;2024.10.06 07:00;4;22.875;22.9375;22.875;571;202;0;
509;2024.10.06 07:15;4;22.875;23;22.875;572;202;0;
510;2024.10.06 07:30;4;22.875;23;22.9375;572;202;0;
511;2024.10.06 07:45;4;23;23.0625;23;572;202;0;
512;2024.10.06 08:00;4;23;23.125;23;572;202;0;
513;2024.10.06 08:15;4;23;23.125;23.0625;572;202;0;
514;2024.10.06 08:30;4;23.0625;23.1875;23.125;572;202;0;
515;2024.10.06 08:45;4;23.125;23.25;23.125;573;202;0;
516;2024.10.06 09:00;4;23.125;23.25;23.125;573;202;0;
517;2024.10.06 09:15;4;23.125;23.25;23.1875;573;202;0;
518;2024.10.06 09:30;4;23.1875;23.3125;23.25;573;202;0;
519;2024.10.06 09:45;4;23.1875;23.375;23.25;573;202;0;
520;2024.10.06 10:00;4;23.25;23.375;23.25;573;202;0;
521;2024.10.06 10:15;4;23.25;23.375;23.3125;573;202;0;
522;2024.10.06 10:30;4;23.25;23.4375;23.375;574;202;0;
523;2024.10.06 10:45;4;23.25;23.4375;23.375;574;202;0;
524;2024.10.06 11:00;4;23.3125;23.5;23.375;574;202;0;
525;2024.10.06 11:15;4;23.375;23.5;23.375;574;202;0;
526;2024.10.06 11:30;4;23.375;23.5;23.4375;574;202;0;
527;2024.10.06 11:45;4;23.375;23.5;23.4375;574;202;0;
528;2024.10.06 12:00;4;23.375;23.5625;23.5;574;202;0;
529;2024.10.06 12:15;4;23.375;23.5625;23.5;574;202;0;
530;2024.10.06 12:30;4;23.375;23.625;23.5;574;202;0;
531;2024.10.06 12:45;4;23.4375;23.625;23.5;574;202;0;
532;2024.10.06 13:00;4;23.4375;23.625;23.5;574;202;0;
533;2024.10.06 13:15;4;23.5;23.625;23.5;574;202;0;
534;2024.10.06 13:30;4;23.5;23.625;23.5625;575;202;0;
535;2024.10.06 13:45;4;23.5;23.625;23.5625;575;202;0;
536;2024.10.06 14:00;4;23.5;23.6875;23.625;575;202;0;
537;2024.10.06 14:15;4;23.5;23.6875;23.625;575;202;0;
538;2024.10.06 14:30;4;23.5;23.75;23.625;575;202;0;
539;2024.10.06 14:45;4;23.5;23.75;23.625;575;202;0;
540;2024.10.06 15:00;4;23.5625;23.75;23.625;575;202;0;
541;2024.10.06 15:15;4;23.5625;23.75;23.625;575;202;0;
542;2024.10.06 15:30;4;23.5625;23.75;23.625;575;202;0;
543;2024.10.06 15:45;4;23.5625;23.75;23.625;575;202;0;
544;2024.10.06 16:00;4;23.5625;23.75;23.625;575;202;0;
545;2024.10.06 16:15;4;23.5625;23.75;23.625;575;202;0;
546;2024.10.06 16:30;4;23.5625;23.75;23.625;575;202;0;
547;2024.10.06 16:45;4;23.5;23.75;23.625;575;202;0;
548;2024.10.06 17:00;4;23.5625;23.75;23.625;575;202;0;
549;2024.10.06 17:15;4;23.5;23.75;23.625;575;202;0;
550;2024.10.06 17:30;4;23.5;23.75;23.625;575;202;0;
551;2024.10.06 17:45;4;23.5;23.75;23.625;575;202;0;
552;2024.10.06 18:00;4;23.5;23.75;23.625;575;202;0;
553;2024.10.06 18:15;4;23.5;23.75;23.625;575;202;0;
554;2024.10.06 18:30;4;23.5;23.6875;23.625;575;202;0;
555;2024.10.06 18:45;4;23.5;23.6875;23.5625;575;202;0;
556;2024.10.06 19:00;4;23.5;23.6875;23.5625;575;202;0;
557;2024.10.06 19:15;4;23.5;23.625;23.5625;575;202;0;
558;2024.10.06 19:30;4;23.5;23.625;23.5;575;202;0;
559;2024.10.06 19:45;4;23.5;23.625;23.5;575;202;0;
560;2024.10.06 20:00;4;23.5;23.625;23.5;575;202;0;
561;2024.10.06 20:15;4;23.5;23.625;23.5;574;202;0;
562;2024.10.06 20:30;4;23.5;23.625;23.5;574;202;0;
563;2024.10.06 20:45;4;23.5;23.625;23.5;574;202;0;
564;2024.10.06 21:00;4;23.4375;23.625;23.5;574;202;0;
565;2024.10.06 21:15;4;23.4375;23.625;23.5;574;202;0;
566;2024.10.06 21:30;4;23.4375;23.625;23.5;574;202;0;
567;2024.10.06 21:45;4;23.4375;23.625;23.5;574;202;0;
568;2024.10.06 22:00;4;23.4375;23.625;23.5;574;202;0;
569;2024.10.06 22:15;4;23.4375;23.5625;23.5;574;202;0;
570;2024.10.06 22:30;4;23.375;23.625;23.4375;574;202;0;
571;2024.10.06 22:45;4;23.375;23.5625;23.4375;574;202;0;
572;2024.10.06 23:00;4;23.375;23.5625;23.4375;574;202;0;
573;2024.10.06 23:15;4;23.375;23.5625;23.4375;574;202;0;
574;2024.10.06 23:30;4;23.375;23.5;23.375;574;202;0;
575;2024.10.06 23:45;4;23.375;23.5;23.375;574;202;0;
576;2024.10.07 00:00;4;23.375;23.5;23.375;574;202;0;
577;2024.10.07 00:15;4;23.375;23.5;23.375;574;202;0;
578;2024.10.07 00:30;4;23.375;23.5;23.375;574;202;0;
579;2024.10.07 00:45;4;23.375;23.5;23.375;574;202;0;
580;2024.10.07 01:00;4;23.375;23.5;23.375;574;202;0;
581;2024.10.07 01:15;4;23.375;23.5;23.375;574;202;0;
582;2024.10.07 01:30;4;23.375;23.5;23.375;574;202;0;
583;2024.10.07 01:45;4;23.375;23.5;23.375;574;202;0;
584;2024.10.07 02:00;4;23.375;23.5;23.375;574;202;0;
585;2024.10.07 02:15;4;23.375;23.5;23.375;574;202;0;
586;2024.10.07 02:30;4;23.375;23.5;23.375;574;202;0;
587;2024.10.07 02:45;4;23.375;23.5;23.375;574;202;0;
588;2024.10.07 03:00;4;23.375;23.5;23.375;574;202;0;
589;2024.10.07 03:15;4;23.375;23.5;23.375;574;202;0;
590;2024.10.07 03:30;4;23.375;23.5;23.375;574;202;0;
591;2024.10.07 03:45;4;23.375;23.5;23.375;574;202;0;
592;2024.10.07 04:00;4;23.3125;23.5;23.375;574;202;0;
593;2024.10.07 04:15;4;23.375;23.5;23.375;574;202;0;
594;2024.10.07 04:30;4;23.375;23.5;23.375;574;202;0;
595;2024.10.07 04:45;4;23.375;23.5;23.375;574;202;0;
596;2024.10.07 05:00;4;23.375;23.5;23.375;574;202;0;
597;2024.10.07 05:15;4;23.375;23.5;23.375;574;202;0;
598;2024.10.07 05:30;4;23.3125;23.5;23.3125;574;202;0;
599;2024.10.07 05:45;4;23.375;23.5;23.375;574;202;0;
600;2024.10.07 06:00;4;23.4375;23.5625;23.5;574;202;0;
601;2024.10.07 06:15;4;23.5;23.625;23.5;574;202;0;
602;2024.10.07 06:30;4;23.4375;23.625;23.5;574;202;0;
603;2024.10.07 06:45;4;23.5;23.625;23.5625;574;202;0;
604;2024.10.07 07:00;4;23.5625;23.6875;23.625;575;202;0;
605;2024.10.07 07:15;4;23.625;23.75;23.6875;575;202;0;
606;2024.10.07 07:30;4;23.625;23.75;23.6875;575;202;0;
607;2024.10.07 07:45;4;23.75;23.875;23.75;575;202;0;
608;2024.10.07 08:00;4;23.6875;23.875;23.75;575;202;0;
609;2024.10.07 08:15;4;23.75;23.875;23.75;575;202;0;
610;2024.10.07 08:30;4;23.75;23.875;23.8125;576;202;0;
611;2024.10.07 08:45;4;23.8125;23.9375;23.875;576;202;0;
612;2024.10.07 09:00;4;23.8125;24;23.875;576;202;0;
613;2024.10.07 09:15;4;23.875;24;23.9375;576;202;0;
614;2024.10.07 09:30;4;23.875;24;24;576;202;0;
615;2024.10.07 09:45;4;23.9375;24.125;24;576;202;0;
616;2024.10.07 10:00;4;24;24.125;24;577;202;0;
617;2024.10.07 10:15;4;24;24.125;24.0625;577;202;0;
618;2024.10.07 10:30;4;24;24.125;24.125;577;202;0;
619;2024.10.07 10:45;4;24;24.1875;24.125;577;202;0;
620;2024.10.07 11:00;4;24;24.1875;24.125;577;202;0;
621;2024.10.07 11:15;4;24;24.1875;24.125;577;202;0;
622;2024.10.07 11:30;4;24.0625;24.25;24.125;577;202;0;
623;2024.10.07 11:45;4;24.0625;24.25;24.125;577;202;0;
624;2024.10.07 12:00;4;24.0625;24.25;24.125;577;202;0;
625;2024.10.07 12:15;4;24.0625;24.25;24.125;577;202;0;
626;2024.10.07 12:30;4;24.0625;24.25;24.125;577;202;0;
627;2024.10.07 12:45;4;24.0625;24.25;24.125;577;202;0;
628;2024.10.07 13:00;4;24.0625;24.25;24.125;577;202;0;
629;2024.10.07 13:15;4;24.125;24.25;24.125;577;202;0;
630;2024.10.07 13:30;4;24.125;24.25;24.125;577;202;0;
631;2024.10.07 13:45;4;24.0625;24.25;24.125;577;202;0;
632;2024.10.07 14:00;4;24;24.25;24.125;577;202;0;
633;2024.10.07 14:15;4;24;24.1875;24.0625;577;202;0;
634;2024.10.07 14:30;4;24;24.1875;24.0625;577;202;0;
635;2024.10.07 14:45;4;24;24.125;24;577;202;0;
636;2024.10.07 15:00;4;23.9375;24.125;24;577;202;0;
637;2024.10.07 15:15;4;23.9375;24.125;24;577;202;0;
638;2024.10.07 15:30;4;23.9375;24.125;24;577;202;0;
639;2024.10.07 15:45;4;23.9375;24.125;24;577;202;0;
640;2024.10.07 16:00;4;23.9375;24.125;24;577;202;0;
641;2024.10.07 16:15;4;24;24.125;24;577;202;0;
642;2024.10.07 16:30;4;24;24.125;24;577;202;0;
643;2024.10.07 16:45;4;23.9375;24.125;24;577;202;0;
644;2024.10.07 17:00;4;23.875;24.125;24;577;202;0;
645;2024.10.07 17:15;4;23.875;24.0625;23.875;577;202;0;
646;2024.10.07 17:30;4;23.875;24;23.875;577;202;0;
647;2024.10.07 17:45;4;23.8125;24;23.875;576;202;0;
648;2024.10.07 18:00;4;23.8125;24;23.875;576;202;0;
649;2024.10.07 18:15;4;23.75;24;23.875;576;202;0;
650;2024.10.07 18:30;4;23.75;23.9375;23.8125;576;202;0;
651;2024.10.07 18:45;4;23.75;23.9375;23.75;576;202;0;
652;2024.10.07 19:00;4;23.75;23.875;23.75;576;202;0;
653;2024.10.07 19:15;4;23.75;23.875;23.75;576;202;0;
654;2024.10.07 19:30;4;23.75;23.875;23.75;576;202;0;
655;2024.10.07 19:45;4;23.75;23.875;23.75;576;202;0;
656;2024.10.07 20:00;4;23.75;23.875;23.75;576;202;0;
657;2024.10.07 20:15;4;23.6875;23.875;23.75;576;202;0;
658;2024.10.07 20:30;4;23.625;23.875;23.75;576;202;0;
659;2024.10.07 20:45;4;23.625;23.875;23.6875;576;202;0;
660;2024.10.07 21:00;4;23.625;23.875;23.6875;576;202;0;
661;2024.10.07 21:15;4;23.625;23.8125;23.625;576;202;0;
662;2024.10.07 21:30;4;23.625;23.8125;23.625;576;202;0;
663;2024.10.07 21:45;4;23.625;23.8125;23.625;576;202;0;
664;2024.10.07 22:00;4;23.625;23.75;23.625;576;202;0;
665;2024.10.07 22:15;4;23.625;23.75;23.625;575;202;0;
666;2024.10.07 22:30;4;23.5625;23.75;23.625;575;202;0;
667;2024.10.07 22:45;4;23.5625;23.75;23.5625;575;202;0;
668;2024.10.07 23:00;4;23.5;23.75;23.5625;575;202;0;
669;2024.10.07 23:15;4;23.5;23.6875;23.5;575;202;0;
670;2024.10.07 23:30;4;23.5;23.6875;23.5;575;202;0;
671;2024.10.07 23:45;4;23.5;23.625;23.5;575;202;0;
672;2024.10.08 00:00;4;23.5;23.625;23.5;575;202;0;
673;2024.10.08 00:15;4;23.5;23.625;23.5;575;202;0;
674;2024.10.08 00:30;4;23.4375;23.625;23.5;575;202;0;
675;2024.10.08 00:45;4;23.4375;23.625;23.5;575;202;0;
676;2024.10.08 01:00;4;23.4375;23.625;23.5;575;202;0;
677;2024.10.08 01:15;4;23.4375;23.625;23.4375;575;202;0;
678;2024.10.08 01:30;4;23.4375;23.625;23.4375;575;202;0;
679;2024.10.08 01:45;4;23.375;23.625;23.4375;575;202;0;
680;2024.10.08 02:00;4;23.375;23.5625;23.4375;575;202;0;
681;2024.10.08 02:15;4;23.375;23.5625;23.375;575;202;0;
682;2024.10.08 02:30;4;23.375;23.5625;23.375;574;202;0;
683;2024.10.08 02:45;4;23.375;23.5625;23.4375;574;202;0;
684;2024.10.08 03:00;4;23.375;23.5625;23.375;575;202;0;
685;2024.10.08 03:15;4;23.375;23.5625;23.375;574;202;0;
686;2024.10.08 03:30;4;23.375;23.5;23.375;574;202;0;
687;2024.10.08 03:45;4;23.375;23.5;23.375;574;202;0;
688;2024.10.08 04:00;4;23.375;23.5625;23.375;574;202;0;
689;2024.10.08 04:15;4;23.375;23.5625;23.4375;575;202;0;
690;2024.10.08 04:30;4;23.375;23.5625;23.4375;575;202;0;
691;2024.10.08 04:45;4;23.5;23.625;23.5;575;202;0;
692;2024.10.08 05:00;4;23.5;23.625;23.5;575;202;0;
693;2024.10.08 05:15;4;23.4375;23.625;23.5;575;202;0;
694;2024.10.08 05:30;4;23.375;23.625;23.4375;575;202;0;
695;2024.10.08 05:45;4;23.4375;23.625;23.5;575;202;0;
696;2024.10.08 06:00;4;23.4375;23.625;23.5;575;202;0;
697;2024.10.08 06:15;4;23.5;23.625;23.5;575;202;0;
698;2024.10.08 06:30;4;23.5;23.625;23.5625;575;202;0;
699;2024.10.08 06:45;4;23.5;23.6875;23.625;575;202;0;
700;2024.10.08 07:00;4;23.5625;23.75;23.625;575;202;0;
701;2024.10.08 07:15;4;23.625;23.75;23.625;576;202;0;
702;2024.10.08 07:30;4;23.625;23.75;23.6875;576;202;0;
703;2024.10.08 07:45;4;23.625;23.8125;23.75;576;202;0;
704;2024.10.08 08:00;4;23.6875;23.875;23.75;576;202;0;
705;2024.10.08 08:15;4;23.75;23.875;23.8125;576;202;0;
706;2024.10.08 08:30;4;23.75;23.875;23.8125;576;202;0;
707;2024.10.08 08:45;4;23.6875;23.875;23.75;576;202;0;
708;2024.10.08 09:00;4;23.6875;23.875;23.75;576;202;0;
709;2024.10.08 09:15;4;23.6875;23.875;23.75;576;202;0;
710;2024.10.08 09:30;4;23.5;23.75;23.625;576;202;0;
711;2024.10.08 09:45;4;23.625;23.75;23.625;576;202;0;
712;2024.10.08 10:00;4;23.625;23.75;23.625;576;202;0;
713;2024.10.08 10:15;4;23.5625;23.75;23.625;576;202;0;
714;2024.10.08 10:30;4;23.625;23.75;23.625;576;202;0;
715;2024.10.08 10:45;4;23.625;23.75;23.625;576;202;0;
716;2024.10.08 11:00;4;23.625;23.75;23.625;576;202;0;
717;2024.10.08 11:15;4;23.625;23.75;23.625;576;202;0;
718;2024.10.08 11:30;4;23.625;23.75;23.625;576;202;0;
719;2024.10.08 11:45;4;23.625;23.75;23.625;576;202;0;
720;2024.10.08 12:00;4;23.6875;23.8125;23.75;576;202;0;
721;2024.10.08 12:15;4;23.6875;23.875;23.75;576;202;0;
722;2024.10.08 12:30;4;23.625;23.875;23.6875;576;202;0;
723;2024.10.08 12:45;4;23.625;23.8125;23.6875;576;202;0;
724;2024.10.08 13:00;4;23.625;23.8125;23.75;576;202;0;
725;2024.10.08 13:15;4;23.625;23.8125;23.75;576;202;0;
726;2024.10.08 13:30;4;23.625;23.8125;23.75;577;202;0;
727;2024.10.08 13:45;4;23.625;23.875;23.75;577;202;0;
728;2024.10.08 14:00;4;23.625;23.875;23.75;577;202;0;
729;2024.10.08 14:15;4;23.625;23.875;23.75;577;202;0;
730;2024.10.08 14:30;4;23.6875;23.875;23.75;577;202;0;
731;2024.10.08 14:45;4;23.625;23.8125;23.6875;576;202;0;
732;2024.10.08 15:00;4;23.625;23.75;23.625;576;202;0;
733;2024.10.08 15:15;4;23.5625;23.75;23.625;576;202;0;
734;2024.10.08 15:30;4;23.5;23.75;23.625;576;202;0;
735;2024.10.08 15:45;4;23.5;23.6875;23.5625;576;202;0;
736;2024.10.08 16:00;4;23.5;23.625;23.5;576;202;0;
737;2024.10.08 16:15;4;23.5;23.625;23.5;576;202;0;
738;2024.10.08 16:30;4;23.5;23.625;23.5;576;202;0;
739;2024.10.08 16:45;4;23.4375;23.625;23.5;576;202;0;
740;2024.10.08 17:00;4;23.375;23.625;23.4375;576;202;0;
741;2024.10.08 17:15;4;23.375;23.5625;23.4375;576;202;0;
742;2024.10.08 17:30;4;23.375;23.5;23.375;575;202;0;
743;2024.10.08 17:45;4;23.375;23.5;23.375;575;202;0;
744;2024.10.08 18:00;4;23.3125;23.5;23.375;575;202;0;
745;2024.10.08 18:15;4;23.3125;23.5;23.375;575;202;0;
746;2024.10.08 18:30;4;23.25;23.4375;23.3125;575;202;0;
747;2024.10.08 18:45;4;23.25;23.4375;23.3125;575;202;0;
748;2024.10.08 19:00;4;23.25;23.375;23.25;575;202;0;
749;2024.10.08 19:15;4;23.25;23.375;23.25;575;202;0;
750;2024.10.08 19:30;4;23.1875;23.375;23.25;575;202;0;
751;2024.10.08 19:45;4;23.1875;23.375;23.1875;575;202;0;
752;2024.10.08 20:00;4;23.125;23.3125;23.125;575;202;0;
753;2024.10.08 20:15;4;23.125;23.25;23.125;575;202;0;
754;2024.10.08 20:30;4;23.125;23.25;23.125;574;202;0;
755;2024.10.08 20:45;4;23.125;23.25;23.125;574;202;0;
756;2024.10.08 21:00;4;23.125;23.25;23.125;574;202;0;
757;2024.10.08 21:15;4;23.125;23.25;23.125;574;202;0;
758;2024.10.08 21:30;4;23.0625;23.25;23.0625;574;202;0;
759;2024.10.08 21:45;4;23;23.1875;23.0625;574;202;0;
760;2024.10.08 22:00;4;23;23.125;23;574;202;0;
761;2024.10.08 22:15;4;23;23.125;23;574;202;0;
762;2024.10.08 22:30;4;23;23.125;23;574;202;0;
763;2024.10.08 22:45;4;23;23.125;23;574;202;0;
764;2024.10.08 23:00;4;23;23.125;23;574;202;0;
765;2024.10.08 23:15;4;22.9375;23.125;22.9375;574;202;0;
766;2024.10.08 23:30;4;22.9375;23.0625;22.9375;574;202;0;
767;2024.10.08 23:45;4;22.875;23;22.875;574;202;0;
768;2024.10.09 00:00;4;22.875;23;22.875;574;202;0;
769;2024.10.09 00:15;4;22.875;23;22.875;573;202;0;
770;2024.10.09 00:30;4;22.875;23;22.875;573;202;0;
771;2024.10.09 00:45;4;22.875;23;22.875;573;202;0;
772;2024.10.09 01:00;4;22.875;23;22.875;573;202;0;
773;2024.10.09 01:15;4;22.8125;23;22.8125;573;202;0;
774;2024.10.09 01:30;4;22.8125;22.9375;22.8125;573;202;0;
775;2024.10.09 01:45;4;22.8125;22.9375;22.8125;573;202;0;
776;2024.10.09 02:00;4;22.75;22.875;22.75;573;202;0;
777;2024.10.09 02:15;4;22.75;22.875;22.75;573;202;0;
778;2024.10.09 02:30;4;22.75;22.875;22.75;573;202;0;
779;2024.10.09 02:45;4;22.75;22.875;22.75;573;202;0;
780;2024.10.09 03:00;4;22.6875;22.875;22.75;573;202;0;
781;2024.10.09 03:15;4;22.6875;22.875;22.6875;573;202;0;
782;2024.10.09 03:30;4;22.625;22.8125;22.6875;572;202;0;
783;2024.10.09 03:45;4;22.625;22.75;22.625;572;202;0;
784;2024.10.09 04:00;4;22.625;22.75;22.625;572;202;0;
785;2024.10.09 04:15;4;22.625;22.75;22.625;572;202;0;
786;2024.10.09 04:30;4;22.625;22.8125;22.6875;572;202;0;
787;2024.10.09 04:45;4;22.625;22.8125;22.6875;572;202;0;
788;2024.10.09 05:00;4;22.6875;22.8125;22.75;573;202;0;
789;2024.10.09 05:15;4;22.625;22.8125;22.6875;572;202;0;
790;2024.10.09 05:30;4;22.625;22.8125;22.625;572;202;0;
791;2024.10.09 05:45;4;22.625;22.75;22.625;572;202;0;
792;2024.10.09 06:00;4;22.625;22.8125;22.625;572;202;0;
793;2024.10.09 06:15;4;22.625;22.8125;22.6875;573;202;0;
794;2024.10.09 06:30;4;22.6875;22.875;22.75;573;202;0;
795;2024.10.09 06:45;4;22.75;22.875;22.75;573;202;0;
796;2024.10.09 07:00;4;22.75;22.875;22.8125;573;202;0;
797;2024.10.09 07:15;4;22.75;22.9375;22.875;573;202;0;
798;2024.10.09 07:30;4;22.875;23;22.875;573;202;0;
799;2024.10.09 07:45;4;22.875;23;23;574;202;0;
800;2024.10.09 08:00;4;22.9375;23.125;23;574;202;0;
801;2024.10.09 08:15;4;23;23.125;23.125;574;202;0;
802;2024.10.09 08:30;4;23.0625;23.1875;23.125;574;202;0;
803;2024.10.09 08:45;4;23.125;23.25;23.1875;575;202;0;
804;2024.10.09 09:00;4;23.125;23.25;23.25;575;202;0;
805;2024.10.09 09:15;4;23.125;23.3125;23.25;575;202;0;
806;2024.10.09 09:30;4;22.75;23;22.875;574;202;0;
807;2024.10.09 09:45;4;22.625;22.875;22.625;573;202;0;
808;2024.10.09 10:00;4;22.5;22.6875;22.5;572;202;0;
809;2024.10.09 10:15;4;22.375;22.5;22.25;572;202;0;
810;2024.10.09 10:30;4;22.25;22.375;22.125;571;202;0;
811;2024.10.09 10:45;4;22.25;22.375;22.125;571;202;0;
812;2024.10.09 11:00;4;22.1875;22.3125;22.125;571;202;0;
813;2024.10.09 11:15;4;22.125;22.25;22;571;202;0;
814;2024.10.09 11:30;4;22.125;22.25;22;571;202;0;
815;2024.10.09 11:45;4;22.0625;22.125;22;570;202;0;
816;2024.10.09 12:00;4;21.875;22;21.8125;570;202;0;
817;2024.10.09 12:15;4;21.875;22;21.75;569;202;0;
818;2024.10.09 12:30;4;21.875;21.9375;21.75;569;202;0;
819;2024.10.09 12:45;4;21.875;22;21.75;570;202;0;
820;2024.10.09 13:00;4;22;22;21.875;570;202;0;
821;2024.10.09 13:15;4;22.125;22.125;22;570;202;0;
822;2024.10.09 13:30;4;22.0625;22.125;22;570;202;0;
823;2024.10.09 13:45;4;22;22.125;21.875;570;202;0;
824;2024.10.09 14:00;4;22;22.0625;21.875;570;202;0;
825;2024.10.09 14:15;4;21.875;22;21.75;570;202;0;
826;2024.10.09 14:30;4;21.875;22;21.75;570;202;0;
827;2024.10.09 14:45;4;22.125;22;21.875;570;202;0;
828;2024.10.09 15:00;4;22.375;22.3125;22.25;571;202;0;
829;2024.10.09 15:15;4;22.5;22.5;22.5;572;202;0;
830;2024.10.09 15:30;4;22.625;22.6875;22.625;573;202;0;
831;2024.10.09 15:45;4;22.75;22.8125;22.75;573;202;0;
832;2024.10.09 16:00;4;22.75;22.875;22.875;574;202;0;
833;2024.10.09 16:15;4;22.75;22.875;22.875;574;202;0;
834;2024.10.09 16:30;4;22.75;22.9375;22.875;574;202;0;
835;2024.10.09 16:45;4;22.75;22.9375;22.8125;574;202;0;
836;2024.10.09 17:00;4;22.75;22.9375;22.8125;574;202;0;
837;2024.10.09 17:15;4;22.75;22.875;22.8125;574;202;0;
838;2024.10.09 17:30;4;22.6875;22.875;22.75;574;202;0;
839;2024.10.09 17:45;4;22.6875;22.875;22.75;574;202;0;
840;2024.10.09 18:00;4;22.6875;22.875;22.75;573;202;0;
841;2024.10.09 18:15;4;22.625;22.875;22.75;573;202;0;
842;2024.10.09 18:30;4;22.625;22.875;22.75;573;202;0;
843;2024.10.09 18:45;4;22.625;22.8125;22.6875;573;202;0;
844;2024.10.09 19:00;4;22.625;22.8125;22.6875;573;202;0;
845;2024.10.09 19:15;4;22.625;22.8125;22.625;573;202;0;
846;2024.10.09 19:30;4;22.625;22.75;22.625;573;202;0;
847;2024.10.09 19:45;4;22.5625;22.75;22.625;573;202;0;
848;2024.10.09 20:00;4;22.5625;22.75;22.625;573;202;0;
849;2024.10.09 20:15;4;22.5625;22.75;22.625;573;202;0;
850;2024.10.09 20:30;4;22.5625;22.75;22.625;573;202;0;
851;2024.10.09 20:45;4;22.5625;22.75;22.625;573;202;0;
852;2024.10.09 21:00;4;22.5;22.75;22.625;573;202;0;
853;2024.10.09 21:15;4;22.5;22.75;22.625;573;202;0;
854;2024.10.09 21:30;4;22.5;22.75;22.625;573;202;0;
855;2024.10.09 21:45;4;22.5;22.6875;22.625;573;202;0;
856;2024.10.09 22:00;4;22.5;22.75;22.5625;573;202;0;
857;2024.10.09 22:15;4;22.5;22.6875;22.5625;573;202;0;
858;2024.10.09 22:30;4;22.5;22.6875;22.5625;573;202;0;
859;2024.10.09 22:45;4;22.5;22.6875;22.5625;573;202;0;
860;2024.10.09 23:00;4;22.5;22.6875;22.5625;573;202;0;
861;2024.10.09 23:15;4;22.5;22.625;22.5;573;202;0;
862;2024.10.09 23:30;4;22.5;22.625;22.5;572;202;0;
863;2024.10.09 23:45;4;22.5;22.625;22.5;572;202;0;
864;2024.10.10 00:00;4;22.5;22.625;22.5;572;202;0;
865;2024.10.10 00:15;4;22.5;22.625;22.5;572;202;0;
866;2024.10.10 00:30;4;22.4375;22.625;22.5;572;202;0;
867;2024.10.10 00:45;4;22.4375;22.625;22.5;572;202;0;
868;2024.10.10 01:00;4;22.4375;22.625;22.5;572;202;0;
869;2024.10.10 01:15;4;22.375;22.625;22.5;572;202;0;
870;2024.10.10 01:30;4;22.375;22.625;22.5;572;202;0;
871;2024.10.10 01:45;4;22.375;22.625;22.5;572;202;0;
872;2024.10.10 02:00;4;22.375;22.5625;22.4375;572;202;0;
873;2024.10.10 02:15;4;22.375;22.5625;22.4375;572;202;0;
874;2024.10.10 02:30;4;22.375;22.5625;22.4375;572;202;0;
875;2024.10.10 02:45;4;22.375;22.5625;22.375;572;202;0;
876;2024.10.10 03:00;4;22.375;22.5625;22.375;572;202;0;
877;2024.10.10 03:15;4;22.375;22.5;22.375;572;202;0;
878;2024.10.10 03:30;4;22.375;22.5;22.375;572;202;0;
879;2024.10.10 03:45;4;22.375;22.5;22.375;572;202;0;
880;2024.10.10 04:00;4;22.375;22.5;22.375;572;202;0;
881;2024.10.10 04:15;4;22.375;22.5;22.375;572;202;0;
882;2024.10.10 04:30;4;22.375;22.5;22.375;572;202;0;
883;2024.10.10 04:45;4;22.375;22.5;22.375;572;202;0;
884;2024.10.10 05:00;4;22.375;22.5625;22.4375;572;202;0;
885;2024.10.10 05:15;4;22.375;22.5625;22.4375;572;202;0;
886;2024.10.10 05:30;4;22.375;22.5625;22.4375;572;202;0;
887;2024.10.10 05:45;4;22.375;22.5625;22.4375;572;202;0;
888;2024.10.10 06:00;4;22.375;22.5625;22.4375;572;202;0;
889;2024.10.10 06:15;4;22.375;22.5625;22.4375;572;202;0;
890;2024.10.10 06:30;4;22.375;22.625;22.5;572;202;0;
891;2024.10.10 06:45;4;22.375;22.625;22.5;572;202;0;
892;2024.10.10 07:00;4;22.4375;22.625;22.5;572;202;0;
893;2024.10.10 07:15;4;22.5;22.625;22.5625;573;202;0;
894;2024.10.10 07:30;4;22.5;22.625;22.5625;573;202;0;
895;2024.10.10 07:45;4;22.5;22.6875;22.625;573;202;0;
896;2024.10.10 08:00;4;22.5;22.75;22.625;573;202;0;
897;2024.10.10 08:15;4;22.5;22.75;22.625;573;202;0;
898;2024.10.10 08:30;4;22.5625;22.75;22.625;573;202;0;
899;2024.10.10 08:45;4;22.625;22.75;22.6875;573;202;0;
900;2024.10.10 09:00;4;22.625;22.8125;22.75;573;202;0;
901;2024.10.10 09:15;4;22.625;22.875;22.75;574;202;0;
902;2024.10.10 09:30;4;22.625;22.875;22.75;574;202;0;
903;2024.10.10 09:45;4;22.6875;22.875;22.75;574;202;0;
904;2024.10.10 10:00;4;22.6875;22.875;22.75;574;202;0;
905;2024.10.10 10:15;4;22.75;22.875;22.875;574;202;0;
906;2024.10.10 10:30;4;22.75;22.9375;22.875;574;202;0;
907;2024.10.10 10:45;4;22.75;23;22.875;574;202;0;
908;2024.10.10 11:00;4;22.75;23;22.875;574;202;0;
909;2024.10.10 11:15;4;22.75;23;22.875;574;202;0;
910;2024.10.10 11:30;4;22.75;23;22.875;574;202;0;
911;2024.10.10 11:45;4;22.8125;23;22.875;574;202;0;
912;2024.10.10 12:00;4;22.75;23;22.875;574;202;0;
913;2024.10.10 12:15;4;22.75;23;22.875;574;202;0;
914;2024.10.10 12:30;4;22.75;23;22.875;574;202;0;
915;2024.10.10 12:45;4;22.8125;23;22.875;574;202;0;
916;2024.10.10 13:00;4;22.8125;23;22.875;574;202;0;
917;2024.10.10 13:15;4;22.8125;23;22.875;574;202;0;
918;2024.10.10 13:30;4;22.8125;23;22.875;574;202;0;
919;2024.10.10 13:45;4;22.8125;23;22.9375;574;202;0;
920;2024.10.10 14:00;4;22.8125;23;22.875;574;202;0;
921;2024.10.10 14:15;4;22.75;23;22.875;574;202;0;
922;2024.10.10 14:30;4;22.75;23;22.875;574;202;0;
923;2024.10.10 14:45;4;22.75;23;22.875;574;202;0;
924;2024.10.10 15:00;4;22.6875;22.9375;22.75;574;202;0;
925;2024.10.10 15:15;4;22.625;22.875;22.75;573;202;0;
926;2024.10.10 15:30;4;22.625;22.875;22.6875;573;202;0;
927;2024.10.10 15:45;4;22.625;22.875;22.75;573;202;0;
928;2024.10.10 16:00;4;22.625;22.875;22.75;573;202;0;
929;2024.10.10 16:15;4;22.625;22.875;22.75;573;202;0;
930;2024.10.10 16:30;4;22.625;22.875;22.75;573;202;0;
931;2024.10.10 16:45;4;22.5625;22.8125;22.625;573;202;0;
932;2024.10.10 17:00;4;22.5;22.75;22.625;573;202;0;
933;2024.10.10 17:15;4;22.5;22.75;22.625;572;202;0;
934;2024.10.10 17:30;4;22.5;22.6875;22.5625;572;202;0;
935;2024.10.10 17:45;4;22.4375;22.625;22.5;572;202;0;
936;2024.10.10 18:00;4;22.375;22.625;22.5;572;202;0;
937;2024.10.10 18:15;4;22.375;22.625;22.4375;572;202;0;
938;2024.10.10 18:30;4;22.375;22.5625;22.375;571;202;0;
939;2024.10.10 18:45;4;22.375;22.5;22.375;571;202;0;
940;2024.10.10 19:00;4;22.25;22.5;22.375;571;202;0;
941;2024.10.10 19:15;4;22.25;22.5;22.3125;571;202;0;
942;2024.10.10 19:30;4;22.25;22.4375;22.25;571;202;0;
943;2024.10.10 19:45;4;22.25;22.4375;22.25;571;202;0;
944;2024.10.10 20:00;4;22.25;22.375;22.25;571;202;0;
945;2024.10.10 20:15;4;22.1875;22.375;22.25;570;202;0;
946;2024.10.10 20:30;4;22.1875;22.375;22.25;570;202;0;
947;2024.10.10 20:45;4;22.125;22.375;22.1875;570;202;0;
948;2024.10.10 21:00;4;22.125;22.3125;22.125;570;202;0;
949;2024.10.10 21:15;4;22.125;22.3125;22.125;570;202;0;
950;2024.10.10 21:30;4;22.125;22.25;22.125;570;202;0;
951;2024.10.10 21:45;4;22.125;22.25;22.125;570;202;0;
952;2024.10.10 22:00;4;22.0625;22.25;22.125;570;202;0;
953;2024.10.10 22:15;4;22;22.25;22.0625;570;202;0;
954;2024.10.10 22:30;4;22;22.25;22.0625;570;202;0;
955;2024.10.10 22:45;4;22;22.1875;22;569;202;0;
956;2024.10.10 23:00;4;22;22.125;22;569;202;0;
957;2024.10.10 23:15;4;22;22.125;22;569;202;0;
958;2024.10.10 23:30;4;21.9375;22.125;22;569;202;0;
959;2024.10.10 23:45;4;21.9375;22.125;22;569;202;0;
960;2024.10.11 00:00;4;21.9375;22.125;22;569;202;0;
961;2024.10.11 00:15;4;21.875;22.125;21.9375;569;202;0;
962;2024.10.11 00:30;4;21.875;22.0625;21.9375;569;202;0;
963;2024.10.11 00:45;4;21.875;22.0625;21.875;569;202;0;
964;2024.10.11 01:00;4;21.875;22;21.875;569;202;0;
965;2024.10.11 01:15;4;21.875;22;21.875;568;202;0;
966;2024.10.11 01:30;4;21.875;22;21.875;568;202;0;
967;2024.10.11 01:45;4;21.875;22;21.875;568;202;0;
968;2024.10.11 02:00;4;21.8125;22;21.875;568;202;0;
969;2024.10.11 02:15;4;21.8125;22;21.8125;568;202;0;
970;2024.10.11 02:30;4;21.75;21.9375;21.8125;568;202;0;
971;2024.10.11 02:45;4;21.75;21.9375;21.75;568;202;0;
972;2024.10.11 03:00;4;21.75;21.875;21.75;568;202;0;
973;2024.10.11 03:15;4;21.75;21.875;21.75;568;202;0;
974;2024.10.11 03:30;4;21.75;21.875;21.75;568;202;0;
975;2024.10.11 03:45;4;21.75;21.875;21.75;568;202;0;
976;2024.10.11 04:00;4;21.75;21.875;21.75;568;202;0;
977;2024.10.11 04:15;4;21.75;21.875;21.75;568;202;0;
978;2024.10.11 04:30;4;21.75;21.875;21.75;568;202;0;
979;2024.10.11 04:45;4;21.875;22;21.875;568;202;0;
980;2024.10.11 05:00;4;21.75;21.9375;21.875;568;202;0;
981;2024.10.11 05:15;4;21.75;21.9375;21.75;568;202;0;
982;2024.10.11 05:30;4;21.75;21.875;21.75;568;202;0;
983;2024.10.11 05:45;4;21.75;21.875;21.75;568;202;0;
984;2024.10.11 06:00;4;21.75;21.875;21.75;568;202;0;
985;2024.10.11 06:15;4;21.75;21.875;21.75;568;202;0;
986;2024.10.11 06:30;4;21.75;21.875;21.8125;568;202;0;
987;2024.10.11 06:45;4;21.8125;21.9375;21.875;568;202;0;
988;2024.10.11 07:00;4;21.875;22;21.875;568;202;0;
989;2024.10.11 07:15;4;21.875;22;22;569;202;0;
990;2024.10.11 07:30;4;22;22.125;22;569;202;0;
991;2024.10.11 07:45;4;22;22.125;22.0625;569;202;0;
992;2024.10.11 08:00;4;22;22.1875;22.125;569;202;0;
993;2024.10.11 08:15;4;22.125;22.25;22.125;569;202;0;
994;2024.10.11 08:30;4;22.125;22.25;22.1875;570;202;0;
995;2024.10.11 08:45;4;22.125;22.3125;22.25;570;202;0;
996;2024.10.11 09:00;4;22.1875;22.375;22.25;570;202;0;
997;2024.10.11 09:15;4;22.25;22.375;22.3125;570;202;0;
998;2024.10.11 09:30;4;22.25;22.4375;22.375;570;202;0;
999;2024.10.11 09:45;4;22.25;22.5;22.375;570;202;0;
1000;2024.10.11 10:00;4;22.3125;22.5;22.375;570;202;0;
1001;2024.10.11 10:15;4;22.3125;22.5;22.375;571;202;0;
1002;2024.10.11 10:30;4;22.25;22.5;22.375;570;202;0;
1003;2024.10.11 10:45;4;22.25;22.5;22.375;570;202;0;
1004;2024.10.11 11:00;4;22.25;22.5;22.375;570;202;0;
1005;2024.10.11 11:15;4;22.3125;22.5;22.375;570;202;0;
1006;2024.10.11 11:30;4;22.375;22.5;22.4375;570;202;0;
1007;2024.10.11 11:45;4;22.375;22.5625;22.5;571;202;0;
1008;2024.10.11 12:00;4;22.4375;22.625;22.5;571;202;0;
1009;2024.10.11 12:15;4;22.4375;22.625;22.5;571;202;0;
1010;2024.10.11 12:30;4;22.5;22.625;22.5625;571;202;0;
1011;2024.10.11 12:45;4;22.5;22.6875;22.625;571;202;0;
1012;2024.10.11 13:00;4;22.5;22.75;22.625;571;202;0;
1013;2024.10.11 13:15;4;22.5;22.75;22.625;571;202;0;
1014;2024.10.11 13:30;4;22.5625;22.75;22.625;571;202;0;
1015;2024.10.11 13:45;4;22.625;22.75;22.625;571;202;0;
1016;2024.10.11 14:00;4;22.625;22.75;22.625;571;202;0;
1017;2024.10.11 14:15;4;22.625;22.75;22.6875;571;202;0;
1018;2024.10.11 14:30;4;22.625;22.75;22.6875;571;202;0;
1019;2024.10.11 14:45;4;22.625;22.75;22.6875;571;202;0;
1020;2024.10.11 15:00;4;22.625;22.75;22.6875;571;202;0;
1021;2024.10.11 15:15;4;22.625;22.75;22.6875;571;202;0;
1022;2024.10.11 15:30;4;22.5625;22.75;22.6875;571;202;0;
1023;2024.10.11 15:45;4;22.5;22.75;22.625;571;202;0;
1024;2024.10.11 16:00;4;22.5;22.75;22.625;571;202;0;
1025;2024.10.11 16:15;4;22.5;22.6875;22.5625;571;202;0;
1026;2024.10.11 16:30;4;22.4375;22.625;22.5;571;202;0;
1027;2024.10.11 16:45;4;22.375;22.625;22.5;571;202;0;
1028;2024.10.11 17:00;4;22.375;22.625;22.5;571;202;0;
1029;2024.10.11 17:15;4;22.375;22.625;22.5;571;202;0;
1030;2024.10.11 17:30;4;22.375;22.625;22.5;570;202;0;
1031;2024.10.11 17:45;4;22.375;22.5625;22.4375;570;202;0;
1032;2024.10.11 18:00;4;22.375;22.5625;22.4375;570;202;0;
1033;2024.10.11 18:15;4;22.3125;22.5;22.375;570;202;0;
1034;2024.10.11 18:30;4;22.25;22.5;22.375;570;202;0;
1035;2024.10.11 18:45;4;22.25;22.5;22.375;570;202;0;
1036;2024.10.11 19:00;4;22.25;22.4375;22.25;570;202;0;
1037;2024.10.11 19:15;4;22.1875;22.375;22.25;570;202;0;
1038;2024.10.11 19:30;4;22.1875;22.375;22.25;570;202;0;
1039;2024.10.11 19:45;4;22.125;22.375;22.25;570;202;0;
1040;2024.10.11 20:00;4;22.125;22.3125;22.1875;569;202;0;
1041;2024.10.11 20:15;4;22.125;22.25;22.125;569;202;0;
1042;2024.10.11 20:30;4;22.0625;22.25;22.125;569;202;0;
1043;2024.10.11 20:45;4;22.0625;22.25;22.125;569;202;0;
1044;2024.10.11 21:00;4;22;22.25;22.0625;569;202;0;
1045;2024.10.11 21:15;4;22;22.1875;22.0625;569;202;0;
1046;2024.10.11 21:30;4;22;22.1875;22;569;202;0;
1047;2024.10.11 21:45;4;22;22.125;22;569;202;0;
1048;2024.10.11 22:00;4;22;22.125;22;569;202;0;
1049;2024.10.11 22:15;4;21.9375;22.125;22;568;202;0;
1050;2024.10.11 22:30;4;21.9375;22.125;21.9375;568;202;0;
1051;2024.10.11 22:45;4;21.875;22.0625;21.9375;568;202;0;
1052;2024.10.11 23:00;4;21.875;22.0625;21.875;568;202;0;
1053;2024.10.11 23:15;4;21.875;22.0625;21.875;568;202;0;
1054;2024.10.11 23:30;4;21.875;22;21.875;568;202;0;
1055;2024.10.11 23:45;4;21.875;22;21.875;568;202;0;
1056;2024.10.12 00:00;4;21.875;22;21.875;568;202;0;
1057;2024.10.12 00:15;4;21.8125;22;21.875;568;202;0;
1058;2024.10.12 00:30;4;21.8125;22;21.8125;568;202;0;
1059;2024.10.12 00:45;4;21.75;22;21.8125;568;202;0;
1060;2024.10.12 01:00;4;21.75;21.9375;21.8125;568;202;0;
1061;2024.10.12 01:15;4;21.75;21.9375;21.75;568;202;0;
1062;2024.10.12 01:30;4;21.75;21.875;21.75;568;202;0;
1063;2024.10.12 01:45;4;21.75;21.875;21.75;568;202;0;
1064;2024.10.12 02:00;4;21.75;21.875;21.75;567;202;0;
1065;2024.10.12 02:15;4;21.75;21.875;21.75;567;202;0;
1066;2024.10.12 02:30;4;21.75;21.875;21.75;567;202;0;
1067;2024.10.12 02:45;4;21.6875;21.875;21.75;567;202;0;
1068;2024.10.12 03:00;4;21.625;21.875;21.6875;567;202;0;
1069;2024.10.12 03:15;4;21.625;21.8125;21.6875;567;202;0;
1070;2024.10.12 03:30;4;21.625;21.8125;21.625;567;202;0;
1071;2024.10.12 03:45;4;21.625;21.75;21.625;567;202;0;
1072;2024.10.12 04:00;4;21.625;21.75;21.625;567;202;0;
1073;2024.10.12 04:15;4;21.625;21.75;21.625;567;202;0;
1074;2024.10.12 04:30;4;21.625;21.75;21.625;567;202;0;
1075;2024.10.12 04:45;4;21.625;21.75;21.625;567;202;0;
1076;2024.10.12 05:00;4;21.5625;21.75;21.625;567;202;0;
1077;2024.10.12 05:15;4;21.5625;21.75;21.5625;567;202;0;
1078;2024.10.12 05:30;4;21.5;21.75;21.5625;567;202;0;
1079;2024.10.12 05:45;4;21.5;21.6875;21.5625;567;202;0;
1080;2024.10.12 06:00;4;21.5;21.6875;21.5625;567;202;0;
1081;2024.10.12 06:15;4;21.5;21.6875;21.5;567;202;0;
1082;2024.10.12 06:30;4;21.5;21.625;21.5;566;202;0;
1083;2024.10.12 06:45;4;21.5;21.625;21.5;567;202;0;
1084;2024.10.12 07:00;4;21.5625;21.6875;21.5625;567;202;0;
1085;2024.10.12 07:15;4;21.625;21.75;21.625;567;202;0;
1086;2024.10.12 07:30;4;21.625;21.75;21.6875;567;202;0;
1087;2024.10.12 07:45;4;21.6875;21.8125;21.75;567;202;0;
1088;2024.10.12 08:00;4;21.6875;21.875;21.75;567;202;0;
1089;2024.10.12 08:15;4;21.75;21.875;21.75;567;202;0;
1090;2024.10.12 08:30;4;21.75;21.875;21.75;568;202;0;
1091;2024.10.12 08:45;4;21.75;21.875;21.75;568;202;0;
1092;2024.10.12 09:00;4;21.75;21.875;21.75;568;202;0;
1093;2024.10.12 09:15;4;21.75;21.9375;21.75;568;202;0;
1094;2024.10.12 09:30;4;21.75;21.9375;21.8125;568;202;0;
1095;2024.10.12 09:45;4;21.75;21.9375;21.875;568;202;0;
1096;2024.10.12 10:00;4;21.75;22;21.875;568;202;0;
1097;2024.10.12 10:15;4;21.75;22;21.875;568;202;0;
1098;2024.10.12 10:30;4;21.75;22;21.875;568;202;0;
1099;2024.10.12 10:45;4;21.75;22;21.875;568;202;0;
1100;2024.10.12 11:00;4;21.75;22;21.8125;568;202;0;
1101;2024.10.12 11:15;4;21.75;22;21.875;568;202;0;
1102;2024.10.12 11:30;4;21.75;22;21.875;568;202;0;
1103;2024.10.12 11:45;4;21.75;22;21.875;568;202;0;
1104;2024.10.12 12:00;4;21.75;22;21.875;568;202;0;
1105;2024.10.12 12:15;4;21.75;22;21.875;568;202;0;
1106;2024.10.12 12:30;4;21.75;22;21.875;568;202;0;
1107;2024.10.12 12:45;4;21.75;22;21.875;568;202;0;
1108;2024.10.12 13:00;4;21.75;22;21.875;568;202;0;
1109;2024.10.12 13:15;4;21.75;22;21.875;568;202;0;
1110;2024.10.12 13:30;4;21.75;22;21.875;568;202;0;
1111;2024.10.12 13:45;4;21.75;22;21.875;568;202;0;
1112;2024.10.12 14:00;4;21.75;22;21.875;568;202;0;
1113;2024.10.12 14:15;4;21.75;22;21.875;568;202;0;
1114;2024.10.12 14:30;4;21.75;22;21.8125;568;202;0;
1115;2024.10.12 14:45;4;21.75;22;21.8125;568;202;0;
1116;2024.10.12 15:00;4;21.75;21.9375;21.8125;568;202;0;
1117;2024.10.12 15:15;4;21.75;21.9375;21.8125;568;202;0;
1118;2024.10.12 15:30;4;21.75;21.9375;21.8125;568;202;0;
1119;2024.10.12 15:45;4;21.75;21.9375;21.75;568;202;0;
1120;2024.10.12 16:00;4;21.75;21.9375;21.75;568;202;0;
1121;2024.10.12 16:15;4;21.75;21.875;21.75;567;202;0;
1122;2024.10.12 16:30;4;21.75;21.875;21.75;567;202;0;
1123;2024.10.12 16:45;4;21.75;21.875;21.75;567;202;0;
1124;2024.10.12 17:00;4;21.75;21.875;21.75;567;202;0;
1125;2024.10.12 17:15;4;21.6875;21.875;21.75;567;202;0;
1126;2024.10.12 17:30;4;21.6875;21.875;21.75;567;202;0;
1127;2024.10.12 17:45;4;21.6875;21.875;21.75;567;202;0;
1128;2024.10.12 18:00;4;21.6875;21.875;21.75;567;202;0;
1129;2024.10.12 18:15;4;21.6875;21.875;21.75;567;202;0;
1130;2024.10.12 18:30;4;21.625;21.875;21.75;567;202;0;
1131;2024.10.12 18:45;4;21.625;21.875;21.75;567;202;0;
1132;2024.10.12 19:00;4;21.625;21.8125;21.6875;567;202;0;
1133;2024.10.12 19:15;4;21.625;21.8125;21.625;567;202;0;
1134;2024.10.12 19:30;4;21.625;21.75;21.625;567;202;0;
1135;2024.10.12 19:45;4;21.625;21.75;21.625;567;202;0;
1136;2024.10.12 20:00;4;21.5625;21.75;21.625;567;202;0;
1137;2024.10.12 20:15;4;21.5625;21.75;21.625;567;202;0;
1138;2024.10.12 20:30;4;21.5;21.75;21.625;567;202;0;
1139;2024.10.12 20:45;4;21.5;21.75;21.5625;566;202;0;
1140;2024.10.12 21:00;4;21.5;21.6875;21.5;566;202;0;
1141;2024.10.12 21:15;4;21.5;21.6875;21.5;566;202;0;
1142;2024.10.12 21:30;4;21.5;21.625;21.5;566;202;0;
1143;2024.10.12 21:45;4;21.5;21.625;21.5;566;202;0;
1144;2024.10.12 22:00;4;21.5;21.625;21.5;566;202;0;
1145;2024.10.12 22:15;4;21.5;21.625;21.5;566;202;0;
1146;2024.10.12 22:30;4;21.4375;21.625;21.5;566;202;0;
1147;2024.10.12 22:45;4;21.4375;21.625;21.5;566;202;0;
1148;2024.10.12 23:00;4;21.4375;21.625;21.4375;566;202;0;
1149;2024.10.12 23:15;4;21.375;21.5625;21.4375;566;202;0;
1150;2024.10.12 23:30;4;21.375;21.5625;21.4375;566;202;0;
1151;2024.10.12 23:45;4;21.375;21.5625;21.375;566;202;0;
1152;2024.10.13 00:00;4;21.375;21.5;21.375;566;202;0;
1153;2024.10.13 00:15;4;21.375;21.5;21.375;566;202;0;
1154;2024.10.13 00:30;4;21.375;21.5;21.375;566;202;0;
1155;2024.10.13 00:45;4;21.375;21.5;21.375;566;202;0;
1156;2024.10.13 01:00;4;21.375;21.5;21.375;566;202;0;
1157;2024.10.13 01:15;4;21.375;21.5;21.375;566;202;0;
1158;2024.10.13 01:30;4;21.375;21.5;21.375;565;202;0;
1159;2024.10.13 01:45;4;21.375;21.5;21.375;565;202;0;
1160;2024.10.13 02:00;4;21.3125;21.5;21.375;565;202;0;
1161;2024.10.13 02:15;4;21.3125;21.5;21.375;565;202;0;
1162;2024.10.13 02:30;4;21.3125;21.5;21.375;565;202;0;
1163;2024.10.13 02:45;4;21.3125;21.5;21.3125;565;202;0;
1164;2024.10.13 03:00;4;21.3125;21.5;21.3125;565;202;0;
1165;2024.10.13 03:15;4;21.3125;21.5;21.3125;565;202;0;
1166;2024.10.13 03:30;4;21.3125;21.4375;21.3125;565;202;0;
1167;2024.10.13 03:45;4;21.3125;21.5;21.3125;565;202;0;
1168;2024.10.13 04:00;4;21.25;21.4375;21.3125;565;202;0;
1169;2024.10.13 04:15;4;21.25;21.4375;21.3125;565;202;0;
1170;2024.10.13 04:30;4;21.25;21.4375;21.25;565;202;0;
1171;2024.10.13 04:45;4;21.25;21.4375;21.25;565;202;0;
1172;2024.10.13 05:00;4;21.25;21.375;21.25;565;202;0;
1173;2024.10.13 05:15;4;21.25;21.375;21.25;565;202;0;
1174;2024.10.13 05:30;4;21.25;21.375;21.25;565;202;0;
1175;2024.10.13 05:45;4;21.25;21.375;21.25;565;202;0;
1176;2024.10.13 06:00;4;21.25;21.375;21.25;565;202;0;
1177;2024.10.13 06:15;4;21.25;21.375;21.25;565;202;0;
1178;2024.10.13 06:30;4;21.25;21.375;21.25;565;202;0;
1179;2024.10.13 06:45;4;21.25;21.375;21.25;565;202;0;
1180;2024.10.13 07:00;4;21.25;21.375;21.25;565;202;0;
1181;2024.10.13 07:15;4;21.25;21.375;21.25;565;202;0;
1182;2024.10.13 07:30;4;21.25;21.375;21.25;565;202;0;
1183;2024.10.13 07:45;4;21.25;21.375;21.25;565;202;0;
1184;2024.10.13 08:00;4;21.25;21.375;21.25;565;202;0;
1185;2024.10.13 08:15;4;21.25;21.375;21.25;565;202;0;
1186;2024.10.13 08:30;4;21.25;21.375;21.25;565;202;0;
1187;2024.10.13 08:45;4;21.25;21.375;21.25;565;202;0;
1188;2024.10.13 09:00;4;21.25;21.375;21.25;565;202;0;
1189;2024.10.13 09:15;4;21.25;21.375;21.25;565;202;0;
1190;2024.10.13 09:30;4;21.25;21.375;21.25;565;202;0;
1191;2024.10.13 09:45;4;21.25;21.375;21.25;565;202;0;
1192;2024.10.13 10:00;4;21.25;21.375;21.25;565;202;0;
1193;2024.10.13 10:15;4;21.25;21.375;21.25;565;202;0;
1194;2024.10.13 10:30;4;21.25;21.375;21.25;565;202;0;
1195;2024.10.13 10:45;4;21.25;21.375;21.25;565;202;0;
1196;2024.10.13 11:00;4;21.3125;21.4375;21.375;566;202;0;
1197;2024.10.13 11:15;4;21.375;21.5;21.375;566;202;0;
1198;2024.10.13 11:30;4;21.375;21.5;21.375;566;202;0;
1199;2024.10.13 11:45;4;21.375;21.5;21.4375;566;202;0;
1200;2024.10.13 12:00;4;21.375;21.5625;21.4375;566;202;0;
1201;2024.10.13 12:15;4;21.375;21.5625;21.4375;566;202;0;
1202;2024.10.13 12:30;4;21.375;21.5625;21.4375;566;202;0;
1203;2024.10.13 12:45;4;21.375;21.625;21.4375;566;202;0;
1204;2024.10.13 13:00;4;21.375;21.625;21.5;566;202;0;
1205;2024.10.13 13:15;4;21.375;21.625;21.5;566;202;0;
1206;2024.10.13 13:30;4;21.375;21.625;21.5;566;202;0;
1207;2024.10.13 13:45;4;21.375;21.625;21.5;566;202;0;
1208;2024.10.13 14:00;4;21.375;21.625;21.5;566;202;0;
1209;2024.10.13 14:15;4;21.375;21.625;21.5;566;202;0;
1210;2024.10.13 14:30;4;21.375;21.625;21.5;566;202;0;
1211;2024.10.13 14:45;4;21.375;21.625;21.5;566;202;0;
1212;2024.10.13 15:00;4;21.375;21.625;21.5;566;202;0;
1213;2024.10.13 15:15;4;21.375;21.625;21.5;566;202;0;
1214;2024.10.13 15:30;4;21.375;21.625;21.5;566;202;0;
1215;2024.10.13 15:45;4;21.375;21.625;21.5;566;202;0;
1216;2024.10.13 16:00;4;21.375;21.625;21.5;566;202;0;
1217;2024.10.13 16:15;4;21.375;21.625;21.5;566;202;0;
1218;2024.10.13 16:30;4;21.375;21.625;21.5;566;202;0;
1219;2024.10.13 16:45;4;21.375;21.625;21.5;566;202;0;
1220;2024.10.13 17:00;4;21.375;21.625;21.4375;566;202;0;
1221;2024.10.13 17:15;4;21.375;21.625;21.4375;566;202;0;
1222;2024.10.13 17:30;4;21.375;21.625;21.4375;566;202;0;
1223;2024.10.13 17:45;4;21.375;21.5625;21.4375;566;202;0;
1224;2024.10.13 18:00;4;21.375;21.5625;21.4375;566;202;0;
1225;2024.10.13 18:15;4;21.375;21.5625;21.4375;566;202;0;
1226;2024.10.13 18:30;4;21.375;21.5625;21.4375;566;202;0;
1227;2024.10.13 18:45;4;21.375;21.5625;21.375;566;202;0;
1228;2024.10.13 19:00;4;21.375;21.5625;21.375;566;202;0;
1229;2024.10.13 19:15;4;21.375;21.5625;21.375;566;202;0;
1230;2024.10.13 19:30;4;21.375;21.5;21.375;566;202;0;
1231;2024.10.13 19:45;4;21.375;21.5;21.375;566;202;0;
1232;2024.10.13 20:00;4;21.3125;21.5;21.375;566;202;0;
1233;2024.10.13 20:15;4;21.3125;21.5;21.375;566;202;0;
1234;2024.10.13 20:30;4;21.3125;21.5;21.375;566;202;0;
1235;2024.10.13 20:45;4;21.25;21.5;21.375;566;202;0;
1236;2024.10.13 21:00;4;21.25;21.5;21.3125;566;202;0;
1237;2024.10.13 21:15;4;21.25;21.5;21.3125;566;202;0;
1238;2024.10.13 21:30;4;21.25;21.4375;21.3125;566;202;0;
1239;2024.10.13 21:45;4;21.25;21.4375;21.3125;566;202;0;
1240;2024.10.13 22:00;4;21.25;21.4375;21.3125;566;202;0;
1241;2024.10.13 22:15;4;21.25;21.4375;21.25;566;202;0;
1242;2024.10.13 22:30;4;21.25;21.4375;21.25;566;202;0;
1243;2024.10.13 22:45;4;21.25;21.4375;21.25;566;202;0;
1244;2024.10.13 23:00;4;21.25;21.375;21.25;566;202;0;
1245;2024.10.13 23:15;4;21.25;21.375;21.25;566;202;0;
1246;2024.10.13 23:30;4;21.25;21.375;21.25;566;202;0;
1247;2024.10.13 23:45;4;21.25;21.375;21.25;566;202;0;
1248;2024.10.14 00:00;4;21.25;21.375;21.25;566;202;0;
1249;2024.10.14 00:15;4;21.25;21.375;21.25;566;202;0;
1250;2024.10.14 00:30;4;21.25;21.375;21.25;565;202;0;
1251;2024.10.14 00:45;4;21.1875;21.375;21.25;565;202;0;
1252;2024.10.14 01:00;4;21.1875;21.375;21.25;565;202;0;
1253;2024.10.14 01:15;4;21.1875;21.375;21.25;565;202;0;
1254;2024.10.14 01:30;4;21.1875;21.375;21.25;565;202;0;
1255;2024.10.14 01:45;4;21.125;21.375;21.1875;565;202;0;
1256;2024.10.14 02:00;4;21.125;21.3125;21.1875;565;202;0;
1257;2024.10.14 02:15;4;21.125;21.3125;21.1875;565;202;0;
1258;2024.10.14 02:30;4;21.125;21.3125;21.1875;565;202;0;
1259;2024.10.14 02:45;4;21.125;21.3125;21.1875;565;202;0;
1260;2024.10.14 03:00;4;21.125;21.3125;21.1875;565;202;0;
1261;2024.10.14 03:15;4;21.125;21.3125;21.125;565;202;0;
1262;2024.10.14 03:30;4;21.125;21.3125;21.125;565;202;0;
1263;2024.10.14 03:45;4;21.125;21.25;21.125;565;202;0;
1264;2024.10.14 04:00;4;21.125;21.25;21.125;565;202;0;
1265;2024.10.14 04:15;4;21.125;21.3125;21.1875;565;202;0;
1266;2024.10.14 04:30;4;21.125;21.3125;21.1875;565;202;0;
1267;2024.10.14 04:45;4;21.125;21.3125;21.1875;565;202;0;
1268;2024.10.14 05:00;4;21.125;21.3125;21.1875;565;202;0;
1269;2024.10.14 05:15;4;21.125;21.375;21.1875;565;202;0;
1270;2024.10.14 05:30;4;21.1875;21.375;21.25;565;202;0;
1271;2024.10.14 05:45;4;21.1875;21.375;21.25;565;202;0;
1272;2024.10.14 06:00;4;21.1875;21.375;21.25;565;202;0;
1273;2024.10.14 06:15;4;21.25;21.375;21.25;566;202;0;
1274;2024.10.14 06:30;4;21.25;21.375;21.25;566;202;0;
1275;2024.10.14 06:45;4;21.25;21.4375;21.3125;566;202;0;
1276;2024.10.14 07:00;4;21.25;21.4375;21.375;566;202;0;
1277;2024.10.14 07:15;4;21.3125;21.5;21.375;566;202;0;
1278;2024.10.14 07:30;4;21.375;21.5;21.375;566;202;0;
1279;2024.10.14 07:45;4;21.375;21.5;21.4375;566;202;0;
1280;2024.10.14 08:00;4;21.375;21.5625;21.5;566;202;0;
1281;2024.10.14 08:15;4;21.375;21.5625;21.5;567;202;0;
1282;2024.10.14 08:30;4;21.5;21.625;21.5;567;202;0;
1283;2024.10.14 08:45;4;21.5;21.6875;21.625;567;202;0;
1284;2024.10.14 09:00;4;21.5625;21.75;21.625;567;202;0;
1285;2024.10.14 09:15;4;21.625;21.75;21.6875;567;202;0;
1286;2024.10.14 09:30;4;21.625;21.8125;21.75;568;202;0;
1287;2024.10.14 09:45;4;21.6875;21.875;21.75;568;202;0;
1288;2024.10.14 10:00;4;21.6875;21.875;21.75;568;202;0;
1289;2024.10.14 10:15;4;21.75;21.875;21.8125;568;202;0;
1290;2024.10.14 10:30;4;21.75;21.875;21.8125;568;202;0;
1291;2024.10.14 10:45;4;21.75;21.9375;21.8125;568;202;0;
1292;2024.10.14 11:00;4;21.75;21.9375;21.875;568;202;0;
1293;2024.10.14 11:15;4;21.75;22;21.875;568;202;0;
1294;2024.10.14 11:30;4;21.8125;22;21.875;568;202;0;
1295;2024.10.14 11:45;4;21.8125;22;21.875;568;202;0;
1296;2024.10.14 12:00;4;21.8125;22;21.875;568;202;0;
1297;2024.10.14 12:15;4;21.875;22;21.875;568;202;0;
1298;2024.10.14 12:30;4;21.875;22;21.875;568;202;0;
1299;2024.10.14 12:45;4;21.875;22;21.9375;568;202;0;
1300;2024.10.14 13:00;4;21.875;22;21.9375;568;202;0;
1301;2024.10.14 13:15;4;21.875;22;21.875;568;202;0;
1302;2024.10.14 13:30;4;21.875;22;21.9375;568;202;0;
1303;2024.10.14 13:45;4;21.875;22.0625;22;568;202;0;
1304;2024.10.14 14:00;4;21.875;22.125;22;568;202;0;
1305;2024.10.14 14:15;4;21.875;22.125;22;568;202;0;
1306;2024.10.14 14:30;4;21.875;22.125;22;568;202;0;
1307;2024.10.14 14:45;4;21.875;22.125;22;569;202;0;
1308;2024.10.14 15:00;4;21.875;22.125;22;568;202;0;
1309;2024.10.14 15:15;4;21.875;22.125;22;568;202;0;
1310;2024.10.14 15:30;4;21.875;22.125;22;568;202;0;
1311;2024.10.14 15:45;4;21.875;22.125;22;568;202;0;
1312;2024.10.14 16:00;4;21.875;22.125;21.9375;568;202;0;
1313;2024.10.14 16:15;4;21.8125;22.0625;21.875;568;202;0;
1314;2024.10.14 16:30;4;21.8125;22;21.875;568;202;0;
1315;2024.10.14 16:45;4;21.75;22;21.875;568;202;0;
1316;2024.10.14 17:00;4;21.75;22;21.875;568;202;0;
1317;2024.10.14 17:15;4;21.75;22;21.875;568;202;0;
1318;2024.10.14 17:30;4;21.75;22;21.875;568;202;0;
1319;2024.10.14 17:45;4;21.75;21.9375;21.8125;568;202;0;
1320;2024.10.14 18:00;4;21.75;21.9375;21.75;567;202;0;
1321;2024.10.14 18:15;4;21.6875;21.875;21.75;567;202;0;
1322;2024.10.14 18:30;4;21.625;21.875;21.75;567;202;0;
1323;2024.10.14 18:45;4;21.625;21.875;21.75;567;202;0;
1324;2024.10.14 19:00;4;21.625;21.8125;21.6875;567;202;0;
1325;2024.10.14 19:15;4;21.625;21.8125;21.625;567;202;0;
1326;2024.10.14 19:30;4;21.5625;21.75;21.625;567;202;0;
1327;2024.10.14 19:45;4;21.5;21.75;21.625;567;202;0;
1328;2024.10.14 20:00;4;21.5;21.75;21.625;567;202;0;
1329;2024.10.14 20:15;4;21.5;21.6875;21.5625;566;202;0;
1330;2024.10.14 20:30;4;21.5;21.6875;21.5;566;202;0;
1331;2024.10.14 20:45;4;21.5;21.625;21.5;566;202;0;
1332;2024.10.14 21:00;4;21.4375;21.625;21.5;566;202;0;
1333;2024.10.14 21:15;4;21.4375;21.625;21.5;566;202;0;
1334;2024.10.14 21:30;4;21.375;21.625;21.5;566;202;0;
1335;2024.10.14 21:45;4;21.375;21.5625;21.4375;566;202;0;
1336;2024.10.14 22:00;4;21.375;21.5625;21.375;566;202;0;
1337;2024.10.14 22:15;4;21.375;21.5;21.375;566;202;0;
1338;2024.10.14 22:30;4;21.375;21.5;21.375;565;202;0;
1339;2024.10.14 22:45;4;21.3125;21.5;21.375;565;202;0;
1340;2024.10.14 23:00;4;21.3125;21.5;21.3125;565;202;0;
1341;2024.10.14 23:15;4;21.25;21.5;21.3125;565;202;0;
1342;2024.10.14 23:30;4;21.25;21.5;21.3125;565;202;0;
1343;2024.10.14 23:45;4;21.25;21.4375;21.3125;565;202;0;
1344;2024.10.15 00:00;4;21.25;21.4375;21.25;565;202;0;
1345;2024.10.15 00:15;4;21.25;21.375;21.25;565;202;0;
1346;2024.10.15 00:30;4;21.25;21.375;21.25;565;202;0;
1347;2024.10.15 00:45;4;21.25;21.375;21.25;565;202;0;
1348;2024.10.15 01:00;4;21.25;21.375;21.25;565;202;0;
1349;2024.10.15 01:15;4;21.25;21.375;21.25;565;202;0;
1350;2024.10.15 01:30;4;21.1875;21.375;21.25;565;202;0;
1351;2024.10.15 01:45;4;21.1875;21.375;21.1875;565;202;0;
1352;2024.10.15 02:00;4;21.125;21.375;21.1875;565;202;0;
1353;2024.10.15 02:15;4;21.125;21.3125;21.1875;565;202;0;
1354;2024.10.15 02:30;4;21.125;21.3125;21.1875;564;202;0;
1355;2024.10.15 02:45;4;21.125;21.3125;21.1875;564;202;0;
1356;2024.10.15 03:00;4;21.125;21.3125;21.125;564;202;0;
1357;2024.10.15 03:15;4;21.125;21.3125;21.125;564;202;0;
1358;2024.10.15 03:30;4;21.125;21.25;21.125;564;202;0;
1359;2024.10.15 03:45;4;21.125;21.25;21.125;564;202;0;
1360;2024.10.15 04:00;4;21.125;21.25;21.125;564;202;0;
1361;2024.10.15 04:15;4;21.125;21.25;21.125;564;202;0;
1362;2024.10.15 04:30;4;21.125;21.25;21.125;564;202;0;
1363;2024.10.15 04:45;4;21.125;21.25;21.125;564;202;0;
1364;2024.10.15 05:00;4;21.125;21.25;21.1875;564;202;0;
1365;2024.10.15 05:15;4;21.125;21.25;21.125;564;202;0;
1366;2024.10.15 05:30;4;21.125;21.25;21.125;564;202;0;
1367;2024.10.15 05:45;4;21.125;21.25;21.125;564;202;0;
1368;2024.10.15 06:00;4;21.125;21.25;21.125;564;202;0;
1369;2024.10.15 06:15;4;21.125;21.25;21.125;564;202;0;
1370;2024.10.15 06:30;4;21.125;21.25;21.125;564;202;0;
1371;2024.10.15 06:45;4;21.1875;21.3125;21.1875;564;202;0;
1372;2024.10.15 07:00;4;21.25;21.375;21.25;565;202;0;
1373;2024.10.15 07:15;4;21.375;21.4375;21.375;565;202;0;
1374;2024.10.15 07:30;4;21.375;21.5;21.4375;565;202;0;
1375;2024.10.15 07:45;4;21.5;21.625;21.5;566;202;0;
1376;2024.10.15 08:00;4;21.5;21.625;21.5;566;202;0;
1377;2024.10.15 08:15;4;21.5;21.625;21.5;566;202;0;
1378;2024.10.15 08:30;4;21.5;21.6875;21.625;566;202;0;
1379;2024.10.15 08:45;4;21.625;21.75;21.625;566;202;0;
1380;2024.10.15 09:00;4;21.625;21.75;21.75;567;202;0;
1381;2024.10.15 09:15;4;21.6875;21.875;21.75;567;202;0;
1382;2024.10.15 09:30;4;21.75;21.875;21.8125;567;202;0;
1383;2024.10.15 09:45;4;21.75;21.875;21.875;567;202;0;
1384;2024.10.15 10:00;4;21.75;22;21.875;567;202;0;
1385;2024.10.15 10:15;4;21.75;22;21.875;567;202;0;
1386;2024.10.15 10:30;4;21.75;22;21.875;567;202;0;
1387;2024.10.15 10:45;4;21.8125;22;21.875;568;202;0;
1388;2024.10.15 11:00;4;21.875;22;21.875;568;202;0;
1389;2024.10.15 11:15;4;21.9375;22.0625;22;569;202;0;
1390;2024.10.15 11:30;4;21.875;22.125;22;569;202;0;
1391;2024.10.15 11:45;4;22;22.125;22;600;202;0;
1392;2024.10.15 12:00;4;22;22.125;22.0625;600;202;0;
1393;2024.10.15 12:15;4;21.9375;22.125;22;600;202;0;
1394;2024.10.15 12:30;4;21.9375;22.125;22;600;202;0;
1395;2024.10.15 12:45;4;21.9375;22.125;22;600;202;0;
1396;2024.10.15 13:00;4;21.875;22.125;22;600;202;0;
1397;2024.10.15 13:15;4;21.875;22.125;22;600;202;0;
1398;2024.10.15 13:30;4;21.875;22.125;22;600;202;0;
1399;2024.10.15 13:45;4;21.875;22.125;22;599;202;0;
1400;2024.10.15 14:00;4;21.8125;22.0625;21.9375;599;202;0;
1401;2024.10.15 14:15;4;21.75;22;21.875;599;202;0;
1402;2024.10.15 14:30;4;21.75;22;21.8125;599;202;0;
1403;2024.10.15 14:45;4;21.6875;21.9375;21.8125;599;202;0;
1404;2024.10.15 15:00;4;21.6875;21.875;21.8125;599;202;0;
1405;2024.10.15 15:15;4;21.75;21.9375;21.875;599;202;0;
1406;2024.10.15 15:30;4;21.6875;21.9375;21.875;599;202;0;
1407;2024.10.15 15:45;4;21.625;21.875;21.75;599;202;0;
1408;2024.10.15 16:00;4;21.625;21.875;21.75;598;202;0;
1409;2024.10.15 16:15;4;21.625;21.875;21.75;621;202;0;
1410;2024.10.15 16:30;4;21.625;21.875;21.75;621;202;0;
1411;2024.10.15 16:45;4;21.5;21.8125;21.6875;621;202;0;
1412;2024.10.15 17:00;4;21.5;21.75;21.625;621;202;0;
1413;2024.10.15 17:15;4;21.5;21.75;21.625;620;202;0;
1414;2024.10.15 17:30;4;21.4375;21.6875;21.625;620;202;0;
1415;2024.10.15 17:45;4;21.5;21.6875;21.5625;620;202;0;
1416;2024.10.15 18:00;4;21.5;21.75;21.625;621;202;0;
1417;2024.10.15 18:15;4;21.5;21.75;21.625;621;202;0;
1418;2024.10.15 18:30;4;21.5;21.75;21.625;621;202;0;
1419;2024.10.15 18:45;4;21.625;21.75;21.6875;619;202;0;
1420;2024.10.15 19:00;4;21.625;21.8125;21.75;619;202;0;
1421;2024.10.15 19:15;4;21.625;21.875;21.75;625;202;0;
1422;2024.10.15 19:30;4;21.625;21.875;21.75;624;202;0;
1423;2024.10.15 19:45;4;21.5;21.75;21.625;624;202;0;
1424;2024.10.15 20:00;4;21.4375;21.6875;21.5;624;202;0;
1425;2024.10.15 20:15;4;21.375;21.625;21.4375;623;202;0;
1426;2024.10.15 20:30;4;21.375;21.625;21.375;623;202;0;
1427;2024.10.15 20:45;4;21.25;21.5;21.375;623;202;0;
1428;2024.10.15 21:00;4;21.25;21.5;21.375;623;202;0;
1429;2024.10.15 21:15;4;21.25;21.5;21.3125;622;202;0;
1430;2024.10.15 21:30;4;21.25;21.4375;21.25;622;202;0;
1431;2024.10.15 21:45;4;21.1875;21.375;21.25;622;202;0;
1432;2024.10.15 22:00;4;21.125;21.375;21.25;622;202;0;
1433;2024.10.15 22:15;4;21.125;21.375;21.25;622;202;0;
1434;2024.10.15 22:30;4;21.125;21.375;21.1875;622;202;0;
1435;2024.10.15 22:45;4;21.125;21.375;21.125;622;202;0;
1436;2024.10.15 23:00;4;21.125;21.3125;21.125;622;202;0;
1437;2024.10.15 23:15;4;21.125;21.3125;21.125;622;202;0;
1438;2024.10.15 23:30;4;21.0625;21.25;21.125;622;202;0;
1439;2024.10.15 23:45;4;21.0625;21.25;21.125;621;202;0;
1440;2024.10.16 00:00;4;21;21.25;21.125;621;202;0;
1441;2024.10.16 00:15;4;21;21.25;21.0625;621;202;0;
1442;2024.10.16 00:30;4;21;21.25;21.0625;621;202;0;
1443;2024.10.16 00:45;4;21;21.25;21;621;202;0;
1444;2024.10.16 01:00;4;21;21.1875;21;621;202;0;
1445;2024.10.16 01:15;4;21;21.1875;21;621;202;0;
1446;2024.10.16 01:30;4;21;21.125;21;621;202;0;
1447;2024.10.16 01:45;4;20.9375;21.125;21;621;202;0;
1448;2024.10.16 02:00;4;20.9375;21.125;21;621;202;0;
1449;2024.10.16 02:15;4;20.9375;21.125;21;621;202;0;
1450;2024.10.16 02:30;4;20.875;21.125;20.9375;621;202;0;
1451;2024.10.16 02:45;4;20.875;21.125;20.9375;621;202;0;
1452;2024.10.16 03:00;4;20.875;21.125;20.9375;621;202;0;
1453;2024.10.16 03:15;4;20.875;21.125;20.875;621;202;0;
1454;2024.10.16 03:30;4;20.875;21.125;20.875;621;202;0;
1455;2024.10.16 03:45;4;20.875;21.0625;20.875;621;202;0;
1456;2024.10.16 04:00;4;20.875;21.0625;20.875;621;202;0;
1457;2024.10.16 04:15;4;20.875;21.0625;20.875;620;202;0;
1458;2024.10.16 04:30;4;20.875;21.0625;20.875;620;202;0;
1459;2024.10.16 04:45;4;20.875;21.0625;20.875;620;202;0;
1460;2024.10.16 05:00;4;20.875;21;20.875;620;202;0;
1461;2024.10.16 05:15;4;20.875;21.0625;20.875;620;202;0;
1462;2024.10.16 05:30;4;20.875;21;20.875;620;202;0;
1463;2024.10.16 05:45;4;20.875;21.0625;20.875;620;202;0;
1464;2024.10.16 06:00;4;20.875;21.0625;20.875;620;202;0;
1465;2024.10.16 06:15;4;20.875;21.0625;20.875;620;202;0;
1466;2024.10.16 06:30;4;20.875;21.0625;20.875;621;202;0;
1467;2024.10.16 06:45;4;20.875;21.125;20.9375;621;202;0;
1468;2024.10.16 07:00;4;20.9375;21.125;21;621;202;0;
1469;2024.10.16 07:15;4;21;21.125;21.0625;621;202;0;
1470;2024.10.16 07:30;4;21.125;21.25;21.125;621;202;0;
1471;2024.10.16 07:45;4;21.25;21.375;21.25;622;202;0;
1472;2024.10.16 08:00;4;21.3125;21.5;21.375;622;202;0;
1473;2024.10.16 08:15;4;21.375;21.5;21.5;623;202;0;
1474;2024.10.16 08:30;4;21.375;21.625;21.5;623;202;0;
1475;2024.10.16 08:45;4;21.5;21.625;21.5;623;202;0;
1476;2024.10.16 09:00;4;21.5;21.6875;21.625;624;202;0;
1477;2024.10.16 09:15;4;21.5;21.75;21.625;624;202;0;
1478;2024.10.16 09:30;4;21.5625;21.75;21.625;624;202;0;
1479;2024.10.16 09:45;4;21.625;21.8125;21.75;624;202;0;
1480;2024.10.16 10:00;4;21.625;21.875;21.75;624;202;0;
1481;2024.10.16 10:15;4;21.625;21.875;21.75;624;202;0;
1482;2024.10.16 10:30;4;21.625;21.875;21.75;624;202;0;
1483;2024.10.16 10:45;4;21.625;21.875;21.75;624;202;0;
1484;2024.10.16 11:00;4;21.625;21.875;21.6875;624;202;0;
1485;2024.10.16 11:15;4;21.625;21.875;21.6875;624;202;0;
1486;2024.10.16 11:30;4;21.625;21.875;21.75;624;202;0;
1487;2024.10.16 11:45;4;21.625;21.875;21.75;624;202;0;
1488;2024.10.16 12:00;4;21.75;21.875;21.8125;624;202;0;
1489;2024.10.16 12:15;4;21.6875;21.875;21.8125;624;202;0;
1490;2024.10.16 12:30;4;21.6875;21.875;21.8125;624;202;0;
1491;2024.10.16 12:45;4;21.6875;21.875;21.8125;624;202;0;
1492;2024.10.16 13:00;4;21.6875;21.875;21.8125;624;202;0;
1493;2024.10.16 13:15;4;21.75;22;21.875;625;202;0;
1494;2024.10.16 13:30;4;21.8125;22;21.9375;616;202;0;
1495;2024.10.16 13:45;4;21.875;22;22;616;202;0;
1496;2024.10.16 14:00;4;21.875;22.0625;22;616;202;0;
1497;2024.10.16 14:15;4;21.875;22.125;22;616;202;0;
1498;2024.10.16 14:30;4;21.875;22.125;22;616;202;0;
1499;2024.10.16 14:45;4;21.875;22.125;22;616;202;0;
1500;2024.10.16 15:00;4;21.875;22.125;22;616;202;0;
1501;2024.10.16 15:15;4;21.875;22.125;22;616;202;0;
1502;2024.10.16 15:30;4;21.8125;22.125;22;616;202;0;
1503;2024.10.16 15:45;4;21.875;22.125;22;616;202;0;
1504;2024.10.16 16:00;4;21.875;22.125;22;616;202;0;
1505;2024.10.16 16:15;4;21.875;22.125;22;616;202;0;
1506;2024.10.16 16:30;4;21.8125;22.0625;22;616;202;0;
1507;2024.10.16 16:45;4;21.75;22;21.875;616;202;0;
1508;2024.10.16 17:00;4;21.6875;22;21.875;616;202;0;
1509;2024.10.16 17:15;4;21.25;21.75;21.5;554;202;0;
1510;2024.10.16 17:30;4;20.9375;21.4375;21.125;553;202;0;
1511;2024.10.16 17:45;4;20.8125;21.25;21;552;202;0;
1512;2024.10.16 18:00;4;20.75;21.125;20.875;552;202;0;
1513;2024.10.16 18:15;4;20.75;21;20.8125;552;202;0;
1514;2024.10.16 18:30;4;20.6875;21;20.75;551;202;0;
1515;2024.10.16 18:45;4;20.625;20.9375;20.75;551;202;0;
1516;2024.10.16 19:00;4;20.625;20.875;20.75;551;202;0;
1517;2024.10.16 19:15;4;20.625;20.875;20.6875;551;202;0;
1518;2024.10.16 19:30;4;20.625;20.875;20.6875;551;202;0;
1519;2024.10.16 19:45;4;20.625;20.875;20.625;551;202;0;
1520;2024.10.16 20:00;4;20.625;20.8125;20.625;551;202;0;
1521;2024.10.16 20:15;4;20.5625;20.8125;20.625;551;202;0;
1522;2024.10.16 20:30;4;20.5625;20.75;20.625;551;202;0;
1523;2024.10.16 20:45;4;20.5625;20.75;20.625;551;202;0;
1524;2024.10.16 21:00;4;20.5;20.75;20.625;550;202;0;
1525;2024.10.16 21:15;4;20.5;20.75;20.625;550;202;0;
1526;2024.10.16 21:30;4;20.5;20.75;20.625;550;202;0;
1527;2024.10.16 21:45;4;20.5;20.75;20.5625;550;202;0;
1528;2024.10.16 22:00;4;20.5;20.75;20.5625;550;202;0;
1529;2024.10.16 22:15;4;20.5;20.6875;20.5625;550;202;0;
1530;2024.10.16 22:30;4;20.5;20.6875;20.5;550;202;0;
1531;2024.10.16 22:45;4;20.5;20.6875;20.5;550;202;0;
1532;2024.10.16 23:00;4;20.5;20.6875;20.5;550;202;0;
1533;2024.10.16 23:15;4;20.5;20.6875;20.5;550;202;0;
1534;2024.10.16 23:30;4;20.5;20.625;20.5;550;202;0;
1535;2024.10.16 23:45;4;20.5;20.625;20.5;550;202;0;
1536;2024.10.17 00:00;4;20.5;20.625;20.5;550;202;0;
1537;2024.10.17 00:15;4;20.4375;20.625;20.5;550;202;0;
1538;2024.10.17 00:30;4;20.5;20.625;20.5;550;202;0;
1539;2024.10.17 00:45;4;20.4375;20.625;20.5;550;202;0;
1540;2024.10.17 01:00;4;20.4375;20.625;20.5;550;202;0;
1541;2024.10.17 01:15;4;20.4375;20.625;20.5;550;202;0;
1542;2024.10.17 01:30;4;20.4375;20.625;20.5;550;202;0;
1543;2024.10.17 01:45;4;20.4375;20.625;20.5;550;202;0;
1544;2024.10.17 02:00;4;20.4375;20.625;20.5;550;202;0;
1545;2024.10.17 02:15;4;20.375;20.625;20.5;550;202;0;
1546;2024.10.17 02:30;4;20.375;20.625;20.5;550;202;0;
1547;2024.10.17 02:45;4;20.375;20.625;20.5;550;202;0;
1548;2024.10.17 03:00;4;20.375;20.625;20.4375;550;202;0;
1549;2024.10.17 03:15;4;20.375;20.625;20.4375;550;202;0;
1550;2024.10.17 03:30;4;20.375;20.625;20.4375;550;202;0;
1551;2024.10.17 03:45;4;20.375;20.625;20.4375;550;202;0;
1552;2024.10.17 04:00;4;20.375;20.5625;20.4375;550;202;0;
1553;2024.10.17 04:15;4;20.375;20.5625;20.375;550;202;0;
1554;2024.10.17 04:30;4;20.375;20.5625;20.375;550;202;0;
1555;2024.10.17 04:45;4;20.375;20.5625;20.375;550;202;0;
1556;2024.10.17 05:00;4;20.375;20.5625;20.375;549;202;0;
1557;2024.10.17 05:15;4;20.375;20.5625;20.375;549;202;0;
1558;2024.10.17 05:30;4;20.375;20.5625;20.375;549;202;0;
1559;2024.10.17 05:45;4;20.375;20.5625;20.375;550;202;0;
1560;2024.10.17 06:00;4;20.375;20.5625;20.4375;550;202;0;
1561;2024.10.17 06:15;4;20.375;20.5625;20.4375;550;202;0;
1562;2024.10.17 06:30;4;20.375;20.5625;20.4375;550;202;0;
1563;2024.10.17 06:45;4;20.375;20.625;20.5;550;202;0;
1564;2024.10.17 07:00;4;20.4375;20.625;20.5;550;202;0;
1565;2024.10.17 07:15;4;20.5;20.625;20.5;550;202;0;
1566;2024.10.17 07:30;4;20.5;20.625;20.5;550;202;0;
1567;2024.10.17 07:45;4;20.5;20.6875;20.5625;550;202;0;
1568;2024.10.17 08:00;4;20.5625;20.75;20.625;550;202;0;
1569;2024.10.17 08:15;4;20.625;20.75;20.625;550;202;0;
1570;2024.10.17 08:30;4;20.625;20.75;20.6875;551;202;0;
1571;2024.10.17 08:45;4;20.625;20.8125;20.75;551;202;0;
1572;2024.10.17 09:00;4;20.75;20.875;20.75;551;202;0;
1573;2024.10.17 09:15;4;20.75;20.875;20.8125;551;202;0;
1574;2024.10.17 09:30;4;20.75;20.875;20.875;551;202;0;
1575;2024.10.17 09:45;4;20.8125;21;20.875;551;202;0;
1576;2024.10.17 10:00;4;20.875;21;20.875;552;202;0;
1577;2024.10.17 10:15;4;20.875;21;20.9375;552;202;0;
1578;2024.10.17 10:30;4;20.875;21;20.9375;552;202;0;
1579;2024.10.17 10:45;4;20.875;21.0625;21;552;202;0;
1580;2024.10.17 11:00;4;20.9375;21.125;21;552;202;0;
1581;2024.10.17 11:15;4;20.9375;21.125;21;552;202;0;
1582;2024.10.17 11:30;4;21;21.125;21.0625;552;202;0;
1583;2024.10.17 11:45;4;21;21.125;21.0625;552;202;0;
1584;2024.10.17 12:00;4;21;21.1875;21.125;553;202;0;
1585;2024.10.17 12:15;4;21.0625;21.1875;21.125;553;202;0;
1586;2024.10.17 12:30;4;21.0625;21.25;21.125;553;202;0;
1587;2024.10.17 12:45;4;21.125;21.25;21.125;553;202;0;
1588;2024.10.17 13:00;4;21.125;21.25;21.1875;553;202;0;
1589;2024.10.17 13:15;4;21.125;21.25;21.1875;553;202;0;
1590;2024.10.17 13:30;4;21.125;21.3125;21.25;553;202;0;
1591;2024.10.17 13:45;4;21.125;21.3125;21.25;553;202;0;
1592;2024.10.17 14:00;4;21.125;21.3125;21.25;553;202;0;
1593;2024.10.17 14:15;4;21.125;21.375;21.25;553;202;0;
1594;2024.10.17 14:30;4;21.125;21.375;21.25;553;202;0;
1595;2024.10.17 14:45;4;21.125;21.375;21.25;553;202;0;
1596;2024.10.17 15:00;4;21.125;21.3125;21.25;553;202;0;
1597;2024.10.17 15:15;4;21.125;21.375;21.25;553;202;0;
1598;2024.10.17 15:30;4;21.125;21.3125;21.1875;553;202;0;
1599;2024.10.17 15:45;4;21.125;21.3125;21.1875;553;202;0;
1600;2024.10.17 16:00;4;21.125;21.3125;21.1875;553;202;0;
1601;2024.10.17 16:15;4;21.0625;21.25;21.125;553;202;0;
1602;2024.10.17 16:30;4;21.0625;21.25;21.125;553;202;0;
1603;2024.10.17 16:45;4;21.0625;21.25;21.125;553;202;0;
1604;2024.10.17 17:00;4;21;21.25;21.125;553;202;0;
1605;2024.10.17 17:15;4;21;21.25;21.125;553;202;0;
1606;2024.10.17 17:30;4;21;21.25;21.125;553;202;0;
1607;2024.10.17 17:45;4;21;21.25;21.125;553;202;0;
1608;2024.10.17 18:00;4;21;21.25;21.125;553;202;0;
1609;2024.10.17 18:15;4;21;21.1875;21.0625;553;202;0;
1610;2024.10.17 18:30;4;21;21.1875;21.0625;553;202;0;
1611;2024.10.17 18:45;4;21;21.1875;21.0625;553;202;0;
1612;2024.10.17 19:00;4;21;21.1875;21.0625;553;202;0;
1613;2024.10.17 19:15;4;21;21.1875;21.0625;553;202;0;
1614;2024.10.17 19:30;4;21;21.1875;21.0625;553;202;0;
1615;2024.10.17 19:45;4;21;21.1875;21;553;202;0;
1616;2024.10.17 20:00;4;21;21.1875;21;553;202;0;
1617;2024.10.17 20:15;4;21;21.1875;21;553;202;0;
1618;2024.10.17 20:30;4;21;21.1875;21;553;202;0;
1619;2024.10.17 20:45;4;21;21.125;21;553;202;0;
1620;2024.10.17 21:00;4;21;21.125;21;553;202;0;
1621;2024.10.17 21:15;4;21;21.125;21;553;202;0;
1622;2024.10.17 21:30;4;21;21.125;21;553;202;0;
1623;2024.10.17 21:45;4;21;21.125;21;553;202;0;
1624;2024.10.17 22:00;4;21;21.1875;21.0625;553;202;0;
1625;2024.10.17 22:15;4;21;21.125;21;553;202;0;
1626;2024.10.17 22:30;4;21;21.125;21;553;202;0;
1627;2024.10.17 22:45;4;21;21.1875;21;553;202;0;
1628;2024.10.17 23:00;4;21;21.125;21;553;202;0;
1629;2024.10.17 23:15;4;21;21.125;21;553;202;0;
1630;2024.10.17 23:30;4;21;21.125;21;553;202;0;
1631;2024.10.17 23:45;4;20.9375;21.125;21;553;202;0;
1632;2024.10.18 00:00;4;20.9375;21.125;21;553;202;0;
1633;2024.10.18 00:15;4;20.9375;21.125;21;553;202;0;
1634;2024.10.18 00:30;4;20.9375;21.125;21;553;202;0;
1635;2024.10.18 00:45;4;20.9375;21.125;21;553;202;0;
1636;2024.10.18 01:00;4;20.9375;21.125;21;553;202;0;
1637;2024.10.18 01:15;4;20.9375;21.125;21;553;202;0;
1638;2024.10.18 01:30;4;20.9375;21.125;21;553;202;0;
1639;2024.10.18 01:45;4;20.9375;21.125;21;553;202;0;
1640;2024.10.18 02:00;4;20.9375;21.125;21;553;202;0;
1641;2024.10.18 02:15;4;20.9375;21.125;21;553;202;0;
1642;2024.10.18 02:30;4;20.875;21.125;21;553;202;0;
1643;2024.10.18 02:45;4;20.875;21.125;21;553;202;0;
1644;2024.10.18 03:00;4;20.875;21.125;21;553;202;0;
1645;2024.10.18 03:15;4;20.875;21.125;21;553;202;0;
1646;2024.10.18 03:30;4;20.875;21.125;21;553;202;0;
1647;2024.10.18 03:45;4;20.875;21.125;21;553;202;0;
1648;2024.10.18 04:00;4;20.875;21.125;21;553;202;0;
1649;2024.10.18 04:15;4;20.875;21.125;21;553;202;0;
1650;2024.10.18 04:30;4;20.875;21.125;20.9375;553;202;0;
1651;2024.10.18 04:45;4;20.875;21.125;20.9375;553;202;0;
1652;2024.10.18 05:00;4;20.875;21.125;20.9375;553;202;0;
1653;2024.10.18 05:15;4;20.875;21.125;20.9375;553;202;0;
1654;2024.10.18 05:30;4;20.875;21.125;21;553;202;0;
1655;2024.10.18 05:45;4;20.875;21.125;21;553;202;0;
1656;2024.10.18 06:00;4;20.875;21.125;21;553;202;0;
1657;2024.10.18 06:15;4;20.875;21.125;21;553;202;0;
1658;2024.10.18 06:30;4;20.875;21.125;21;553;202;0;
1659;2024.10.18 06:45;4;20.875;21.125;21;553;202;0;
1660;2024.10.18 07:00;4;20.9375;21.125;21;553;202;0;
1661;2024.10.18 07:15;4;20.9375;21.125;21;553;202;0;
1662;2024.10.18 07:30;4;20.9375;21.125;21;553;202;0;
1663;2024.10.18 07:45;4;21;21.125;21;553;202;0;
1664;2024.10.18 08:00;4;21;21.125;21;553;202;0;
1665;2024.10.18 08:15;4;21;21.125;21;553;202;0;
1666;2024.10.18 08:30;4;21;21.125;21;553;202;0;
1667;2024.10.18 08:45;4;21;21.1875;21.0625;553;202;0;
1668;2024.10.18 09:00;4;21;21.1875;21.0625;553;202;0;
1669;2024.10.18 09:15;4;21;21.25;21.125;553;202;0;
1670;2024.10.18 09:30;4;21;21.25;21.125;554;202;0;
1671;2024.10.18 09:45;4;21.0625;21.25;21.125;554;202;0;
1672;2024.10.18 10:00;4;21.125;21.25;21.125;554;202;0;
1673;2024.10.18 10:15;4;21.125;21.25;21.125;554;202;0;
1674;2024.10.18 10:30;4;21.125;21.3125;21.25;554;202;0;
1675;2024.10.18 10:45;4;21.125;21.3125;21.25;554;202;0;
1676;2024.10.18 11:00;4;21.1875;21.375;21.25;554;202;0;
1677;2024.10.18 11:15;4;21.25;21.375;21.25;554;202;0;
1678;2024.10.18 11:30;4;21.25;21.375;21.3125;555;202;0;
1679;2024.10.18 11:45;4;21.25;21.4375;21.375;555;202;0;
1680;2024.10.18 12:00;4;21.25;21.5;21.375;555;202;0;
1681;2024.10.18 12:15;4;21.3125;21.5;21.375;555;202;0;
1682;2024.10.18 12:30;4;21.25;21.5;21.375;555;202;0;
1683;2024.10.18 12:45;4;21.3125;21.5;21.375;555;202;0;
1684;2024.10.18 13:00;4;21.375;21.5;21.375;555;202;0;
1685;2024.10.18 13:15;4;21.375;21.5;21.4375;555;202;0;
1686;2024.10.18 13:30;4;21.375;21.5;21.4375;555;202;0;
1687;2024.10.18 13:45;4;21.375;21.5;21.375;555;202;0;
1688;2024.10.18 14:00;4;21.375;21.5;21.375;555;202;0;
1689;2024.10.18 14:15;4;21.3125;21.5;21.375;555;202;0;
1690;2024.10.18 14:30;4;21.3125;21.5;21.375;555;202;0;
1691;2024.10.18 14:45;4;21.3125;21.5;21.375;555;202;0;
1692;2024.10.18 15:00;4;21.3125;21.5;21.375;555;202;0;
1693;2024.10.18 15:15;4;21.25;21.5;21.375;555;202;0;
1694;2024.10.18 15:30;4;21.25;21.5;21.375;555;202;0;
1695;2024.10.18 15:45;4;21.25;21.5;21.375;555;202;0;
1696;2024.10.18 16:00;4;21.25;21.5;21.375;555;202;0;
1697;2024.10.18 16:15;4;21.25;21.5;21.375;555;202;0;
1698;2024.10.18 16:30;4;21.25;21.5;21.3125;555;202;0;
1699;2024.10.18 16:45;4;21.25;21.4375;21.3125;555;202;0;
1700;2024.10.18 17:00;4;21.25;21.4375;21.25;555;202;0;
1701;2024.10.18 17:15;4;21.1875;21.375;21.25;555;202;0;
1702;2024.10.18 17:30;4;21.1875;21.375;21.25;555;202;0;
1703;2024.10.18 17:45;4;21.125;21.375;21.25;555;202;0;
1704;2024.10.18 18:00;4;21.125;21.375;21.25;555;202;0;
1705;2024.10.18 18:15;4;21.125;21.375;21.25;555;202;0;
1706;2024.10.18 18:30;4;21.125;21.375;21.1875;554;202;0;
1707;2024.10.18 18:45;4;21.125;21.375;21.1875;554;202;0;
1708;2024.10.18 19:00;4;21.125;21.3125;21.125;554;202;0;
1709;2024.10.18 19:15;4;21.125;21.3125;21.125;554;202;0;
1710;2024.10.18 19:30;4;21.0625;21.25;21.125;554;202;0;
1711;2024.10.18 19:45;4;21.0625;21.25;21.125;554;202;0;
1712;2024.10.18 20:00;4;21.0625;21.25;21.125;554;202;0;
1713;2024.10.18 20:15;4;21.0625;21.25;21.125;554;202;0;
1714;2024.10.18 20:30;4;21;21.25;21.125;554;202;0;
1715;2024.10.18 20:45;4;21;21.25;21.125;554;202;0;
1716;2024.10.18 21:00;4;21;21.25;21.0625;554;202;0;
1717;2024.10.18 21:15;4;21;21.25;21.0625;554;202;0;
1718;2024.10.18 21:30;4;21;21.25;21.0625;554;202;0;
1719;2024.10.18 21:45;4;21;21.1875;21;554;202;0;
1720;2024.10.18 22:00;4;21;21.1875;21;554;202;0;
1721;2024.10.18 22:15;4;21;21.125;21;554;202;0;
1722;2024.10.18 22:30;4;21;21.125;21;554;202;0;
1723;2024.10.18 22:45;4;20.9375;21.125;21;553;202;0;
1724;2024.10.18 23:00;4;20.875;21.125;21;553;202;0;
1725;2024.10.18 23:15;4;20.875;21.125;21;553;202;0;
1726;2024.10.18 23:30;4;20.875;21.125;21;553;202;0;
1727;2024.10.18 23:45;4;20.875;21.125;20.9375;553;202;0;
1728;2024.10.19 00:00;4;20.875;21.125;20.9375;553;202;0;
1729;2024.10.19 00:15;4;20.875;21.125;20.9375;553;202;0;
1730;2024.10.19 00:30;4;20.875;21.125;20.875;553;202;0;
1731;2024.10.19 00:45;4;20.875;21.0625;20.875;553;202;0;
1732;2024.10.19 01:00;4;20.875;21.0625;20.875;553;202;0;
1733;2024.10.19 01:15;4;20.875;21.0625;20.875;553;202;0;
1734;2024.10.19 01:30;4;20.875;21.0625;20.875;553;202;0;
1735;2024.10.19 01:45;4;20.875;21;20.875;553;202;0;
1736;2024.10.19 02:00;4;20.875;21;20.875;553;202;0;
1737;2024.10.19 02:15;4;20.8125;21;20.875;553;202;0;
1738;2024.10.19 02:30;4;20.8125;21;20.875;553;202;0;
1739;2024.10.19 02:45;4;20.8125;21;20.875;553;202;0;
1740;2024.10.19 03:00;4;20.8125;21;20.875;553;202;0;
1741;2024.10.19 03:15;4;20.75;21;20.875;553;202;0;
1742;2024.10.19 03:30;4;20.75;21;20.875;553;202;0;
1743;2024.10.19 03:45;4;20.75;21;20.875;553;202;0;
1744;2024.10.19 04:00;4;20.75;21;20.8125;553;202;0;
1745;2024.10.19 04:15;4;20.75;21;20.8125;553;202;0;
1746;2024.10.19 04:30;4;20.75;21;20.75;552;202;0;
1747;2024.10.19 04:45;4;20.75;20.9375;20.75;552;202;0;
1748;2024.10.19 05:00;4;20.75;20.9375;20.75;552;202;0;
1749;2024.10.19 05:15;4;20.75;20.9375;20.75;552;202;0;
1750;2024.10.19 05:30;4;20.6875;20.875;20.75;552;202;0;
1751;2024.10.19 05:45;4;20.6875;20.875;20.75;552;202;0;
1752;2024.10.19 06:00;4;20.6875;20.875;20.75;552;202;0;
1753;2024.10.19 06:15;4;20.625;20.875;20.75;552;202;0;
1754;2024.10.19 06:30;4;20.625;20.875;20.75;552;202;0;
1755;2024.10.19 06:45;4;20.625;20.875;20.75;552;202;0;
1756;2024.10.19 07:00;4;20.6875;20.875;20.75;552;202;0;
1757;2024.10.19 07:15;4;20.6875;20.875;20.75;552;202;0;
1758;2024.10.19 07:30;4;20.6875;20.875;20.75;552;202;0;
1759;2024.10.19 07:45;4;20.6875;20.875;20.75;552;202;0;
1760;2024.10.19 08:00;4;20.75;20.875;20.75;552;202;0;
1761;2024.10.19 08:15;4;20.75;20.875;20.75;552;202;0;
1762;2024.10.19 08:30;4;20.75;20.875;20.75;552;202;0;
1763;2024.10.19 08:45;4;20.75;20.9375;20.8125;552;202;0;
1764;2024.10.19 09:00;4;20.75;20.9375;20.875;553;202;0;
1765;2024.10.19 09:15;4;20.8125;21;20.875;553;202;0;
1766;2024.10.19 09:30;4;20.875;21;20.875;553;202;0;
1767;2024.10.19 09:45;4;20.875;21;20.9375;553;202;0;
1768;2024.10.19 10:00;4;20.875;21;20.9375;553;202;0;
1769;2024.10.19 10:15;4;20.875;21.0625;20.9375;553;202;0;
1770;2024.10.19 10:30;4;20.875;21.0625;21;553;202;0;
1771;2024.10.19 10:45;4;20.875;21.125;21;553;202;0;
1772;2024.10.19 11:00;4;20.9375;21.125;21;553;202;0;
1773;2024.10.19 11:15;4;20.9375;21.125;21;553;202;0;
1774;2024.10.19 11:30;4;20.9375;21.125;21;553;202;0;
1775;2024.10.19 11:45;4;21;21.125;21;554;202;0;
1776;2024.10.19 12:00;4;21;21.125;21.0625;554;202;0;
1777;2024.10.19 12:15;4;21;21.1875;21.125;554;202;0;
1778;2024.10.19 12:30;4;21;21.1875;21.125;554;202;0;
1779;2024.10.19 12:45;4;21;21.1875;21.0625;554;202;0;
1780;2024.10.19 13:00;4;21;21.1875;21.0625;554;202;0;
1781;2024.10.19 13:15;4;21;21.125;21;554;202;0;
1782;2024.10.19 13:30;4;21;21.125;21;554;202;0;
1783;2024.10.19 13:45;4;21;21.1875;21.0625;554;202;0;
1784;2024.10.19 14:00;4;21;21.1875;21.0625;554;202;0;
1785;2024.10.19 14:15;4;21;21.1875;21.0625;554;202;0;
1786;2024.10.19 14:30;4;21;21.125;21;554;202;0;
1787;2024.10.19 14:45;4;21;21.125;21;554;202;0;
1788;2024.10.19 15:00;4;21;21.125;21;554;202;0;
1789;2024.10.19 15:15;4;20.9375;21.125;21;554;202;0;
1790;2024.10.19 15:30;4;20.9375;21.125;21;554;202;0;
1791;2024.10.19 15:45;4;20.9375;21.125;21;554;202;0;
1792;2024.10.19 16:00;4;20.9375;21.125;21;554;202;0;
1793;2024.10.19 16:15;4;21;21.125;21;554;202;0;
1794;2024.10.19 16:30;4;21;21.125;21;554;202;0;
1795;2024.10.19 16:45;4;21;21.125;21;554;202;0;
1796;2024.10.19 17:00;4;21;21.125;21;554;202;0;
1797;2024.10.19 17:15;4;21;21.1875;21;554;202;0;
1798;2024.10.19 17:30;4;21;21.1875;21;554;202;0;
1799;2024.10.19 17:45;4;21;21.1875;21;554;202;0;
1800;2024.10.19 18:00;4;21;21.1875;21;554;202;0;
1801;2024.10.19 18:15;4;21;21.1875;21.0625;554;202;0;
1802;2024.10.19 18:30;4;21;21.1875;21.0625;554;202;0;
1803;2024.10.19 18:45;4;21;21.1875;21.0625;554;202;0;
1804;2024.10.19 19:00;4;21;21.1875;21.0625;554;202;0;
1805;2024.10.19 19:15;4;21;21.1875;21.0625;554;202;0;
1806;2024.10.19 19:30;4;21;21.1875;21.0625;554;202;0;
1807;2024.10.19 19:45;4;21;21.1875;21.0625;554;202;0;
1808;2024.10.19 20:00;4;21;21.25;21.0625;554;202;0;
1809;2024.10.19 20:15;4;21;21.1875;21.0625;554;202;0;
1810;2024.10.19 20:30;4;21;21.25;21.125;554;202;0;
1811;2024.10.19 20:45;4;21;21.25;21.125;554;202;0;
1812;2024.10.19 21:00;4;21;21.25;21.125;554;202;0;
1813;2024.10.19 21:15;4;21;21.25;21.125;554;202;0;
1814;2024.10.19 21:30;4;21;21.25;21.125;554;202;0;
1815;2024.10.19 21:45;4;21;21.25;21.125;554;202;0;
1816;2024.10.19 22:00;4;21;21.25;21.125;554;202;0;
1817;2024.10.19 22:15;4;21;21.25;21.125;554;202;0;
1818;2024.10.19 22:30;4;21;21.25;21.125;554;202;0;
1819;2024.10.19 22:45;4;21;21.25;21.125;554;202;0;
1820;2024.10.19 23:00;4;21;21.25;21.125;554;202;0;
1821;2024.10.19 23:15;4;21;21.25;21.125;555;202;0;
1822;2024.10.19 23:30;4;21;21.25;21.125;555;202;0;
1823;2024.10.19 23:45;4;21;21.25;21.125;555;202;0;
1824;2024.10.20 00:00;4;21.0625;21.25;21.125;555;202;0;
1825;2024.10.20 00:15;4;21.0625;21.25;21.125;555;202;0;
1826;2024.10.20 00:30;4;21;21.25;21.125;555;202;0;
1827;2024.10.20 00:45;4;21;21.25;21.125;555;202;0;
1828;2024.10.20 01:00;4;21.0625;21.25;21.125;555;202;0;
1829;2024.10.20 01:15;4;21;21.25;21.125;555;202;0;
1830;2024.10.20 01:30;4;21;21.25;21.125;555;202;0;
1831;2024.10.20 01:45;4;21;21.25;21.125;555;202;0;
1832;2024.10.20 02:00;4;21;21.25;21.125;555;202;0;
1833;2024.10.20 02:15;4;21;21.25;21.125;555;202;0;
1834;2024.10.20 02:30;4;21;21.25;21.125;555;202;0;
1835;2024.10.20 02:45;4;21;21.25;21.0625;555;202;0;
1836;2024.10.20 03:00;4;21;21.25;21.0625;555;202;0;
1837;2024.10.20 03:15;4;21;21.1875;21.0625;555;202;0;
1838;2024.10.20 03:30;4;21;21.1875;21;555;202;0;
1839;2024.10.20 03:45;4;21;21.1875;21;554;202;0;
1840;2024.10.20 04:00;4;21;21.1875;21;554;202;0;
1841;2024.10.20 04:15;4;20.9375;21.125;21;554;202;0;
1842;2024.10.20 04:30;4;20.9375;21.125;21;554;202;0;
1843;2024.10.20 04:45;4;20.9375;21.125;21;554;202;0;
1844;2024.10.20 05:00;4;20.9375;21.125;21;554;202;0;
1845;2024.10.20 05:15;4;20.9375;21.125;21;554;202;0;
1846;2024.10.20 05:30;4;20.9375;21.125;21;554;202;0;
1847;2024.10.20 05:45;4;20.9375;21.125;21;554;202;0;
1848;2024.10.20 06:00;4;20.9375;21.125;21;554;202;0;
1849;2024.10.20 06:15;4;20.9375;21.125;21;554;202;0;
1850;2024.10.20 06:30;4;20.9375;21.125;21;554;202;0;
1851;2024.10.20 06:45;4;20.9375;21.125;21;554;202;0;
1852;2024.10.20 07:00;4;20.9375;21.125;21;554;202;0;
1853;2024.10.20 07:15;4;20.9375;21.125;21;554;202;0;
1854;2024.10.20 07:30;4;21;21.125;21;554;202;0;
1855;2024.10.20 07:45;4;21;21.125;21;554;202;0;
1856;2024.10.20 08:00;4;21;21.125;21;555;202;0;
1857;2024.10.20 08:15;4;21;21.1875;21.0625;555;202;0;
1858;2024.10.20 08:30;4;21;21.1875;21.125;555;202;0;
1859;2024.10.20 08:45;4;21.0625;21.25;21.125;555;202;0;
1860;2024.10.20 09:00;4;21.125;21.25;21.125;555;202;0;
1861;2024.10.20 09:15;4;21.125;21.25;21.1875;555;202;0;
1862;2024.10.20 09:30;4;21.125;21.3125;21.25;555;202;0;
1863;2024.10.20 09:45;4;21.125;21.375;21.25;555;202;0;
1864;2024.10.20 10:00;4;21.1875;21.375;21.25;556;202;0;
1865;2024.10.20 10:15;4;21.25;21.375;21.25;556;202;0;
1866;2024.10.20 10:30;4;21.25;21.375;21.3125;556;202;0;
1867;2024.10.20 10:45;4;21.3125;21.4375;21.375;556;202;0;
1868;2024.10.20 11:00;4;21.3125;21.5;21.375;556;202;0;
1869;2024.10.20 11:15;4;21.375;21.5;21.375;556;202;0;
1870;2024.10.20 11:30;4;21.375;21.5;21.4375;557;202;0;
1871;2024.10.20 11:45;4;21.375;21.5;21.4375;557;202;0;
1872;2024.10.20 12:00;4;21.375;21.5625;21.5;557;202;0;
1873;2024.10.20 12:15;4;21.375;21.5625;21.5;557;202;0;
1874;2024.10.20 12:30;4;21.375;21.5625;21.5;557;202;0;
1875;2024.10.20 12:45;4;21.375;21.5625;21.5;557;202;0;
1876;2024.10.20 13:00;4;21.375;21.5625;21.4375;557;202;0;
1877;2024.10.20 13:15;4;21.375;21.5625;21.4375;557;202;0;
1878;2024.10.20 13:30;4;21.375;21.5;21.4375;557;202;0;
1879;2024.10.20 13:45;4;21.3125;21.5;21.375;557;202;0;
1880;2024.10.20 14:00;4;21.3125;21.5;21.375;557;202;0;
1881;2024.10.20 14:15;4;21.25;21.5;21.375;556;202;0;
1882;2024.10.20 14:30;4;21.25;21.5;21.375;556;202;0;
1883;2024.10.20 14:45;4;21.25;21.5;21.3125;556;202;0;
1884;2024.10.20 15:00;4;21.25;21.4375;21.3125;556;202;0;
1885;2024.10.20 15:15;4;21.1875;21.375;21.25;556;202;0;
1886;2024.10.20 15:30;4;21.125;21.375;21.25;556;202;0;
1887;2024.10.20 15:45;4;21.125;21.375;21.25;556;202;0;
1888;2024.10.20 16:00;4;21.125;21.375;21.25;556;202;0;
1889;2024.10.20 16:15;4;21.125;21.375;21.1875;556;202;0;
1890;2024.10.20 16:30;4;21.125;21.3125;21.125;556;202;0;
1891;2024.10.20 16:45;4;21.0625;21.25;21.125;555;202;0;
1892;2024.10.20 17:00;4;21.0625;21.25;21.125;555;202;0;
1893;2024.10.20 17:15;4;21.0625;21.25;21.125;555;202;0;
1894;2024.10.20 17:30;4;21;21.25;21.125;555;202;0;
1895;2024.10.20 17:45;4;21;21.25;21.125;555;202;0;
1896;2024.10.20 18:00;4;21;21.25;21.125;555;202;0;
1897;2024.10.20 18:15;4;21;21.25;21.125;555;202;0;
1898;2024.10.20 18:30;4;21;21.25;21.125;555;202;0;
1899;2024.10.20 18:45;4;21;21.25;21.0625;555;202;0;
1900;2024.10.20 19:00;4;21;21.25;21.0625;555;202;0;
1901;2024.10.20 19:15;4;21;21.25;21.0625;555;202;0;
1902;2024.10.20 19:30;4;21;21.25;21.0625;555;202;0;
1903;2024.10.20 19:45;4;21;21.1875;21.0625;555;202;0;
1904;2024.10.20 20:00;4;21;21.1875;21.0625;555;202;0;
1905;2024.10.20 20:15;4;21;21.1875;21;555;202;0;
1906;2024.10.20 20:30;4;21;21.1875;21.0625;555;202;0;
1907;2024.10.20 20:45;4;21;21.1875;21;555;202;0;
1908;2024.10.20 21:00;4;21;21.1875;21;555;202;0;
1909;2024.10.20 21:15;4;21;21.1875;21;555;202;0;
1910;2024.10.20 21:30;4;21;21.1875;21;555;202;0;
1911;2024.10.20 21:45;4;21;21.125;21;555;202;0;
1912;2024.10.20 22:00;4;21;21.125;21;555;202;0;
1913;2024.10.20 22:15;4;20.9375;21.125;21;555;202;0;
1914;2024.10.20 22:30;4;20.9375;21.125;21;555;202;0;
1915;2024.10.20 22:45;4;20.9375;21.125;21;555;202;0;
1916;2024.10.20 23:00;4;20.9375;21.125;21;555;202;0;
1917;2024.10.20 23:15;4;20.875;21.125;21;555;202;0;
1918;2024.10.20 23:30;4;20.875;21.125;21;555;202;0;
1919;2024.10.20 23:45;4;20.875;21.125;21;555;202;0;
1920;2024.10.21 00:00;4;20.875;21.125;21;555;202;0;
1921;2024.10.21 00:15;4;20.875;21.125;21;555;202;0;
1922;2024.10.21 00:30;4;20.875;21.125;21;555;202;0;
1923;2024.10.21 00:45;4;20.875;21.125;20.9375;555;202;0;
1924;2024.10.21 01:00;4;20.875;21.125;20.9375;555;202;0;
1925;2024.10.21 01:15;4;20.875;21.125;20.9375;555;202;0;
1926;2024.10.21 01:30;4;20.875;21.0625;20.875;554;202;0;
1927;2024.10.21 01:45;4;20.875;21.0625;20.875;554;202;0;
1928;2024.10.21 02:00;4;20.875;21.0625;20.875;554;202;0;
1929;2024.10.21 02:15;4;20.875;21;20.875;554;202;0;
1930;2024.10.21 02:30;4;20.875;21;20.875;554;202;0;
1931;2024.10.21 02:45;4;20.8125;21;20.875;554;202;0;
1932;2024.10.21 03:00;4;20.8125;21;20.875;554;202;0;
1933;2024.10.21 03:15;4;20.8125;21;20.875;554;202;0;
1934;2024.10.21 03:30;4;20.8125;21;20.875;554;202;0;
1935;2024.10.21 03:45;4;20.8125;21;20.875;554;202;0;
1936;2024.10.21 04:00;4;20.8125;21;20.875;554;202;0;
1937;2024.10.21 04:15;4;20.8125;21;20.875;554;202;0;
1938;2024.10.21 04:30;4;20.8125;21;20.875;554;202;0;
1939;2024.10.21 04:45;4;20.875;21;20.875;554;202;0;
1940;2024.10.21 05:00;4;20.875;21.0625;20.875;555;202;0;
1941;2024.10.21 05:15;4;20.875;21.0625;20.9375;555;202;0;
1942;2024.10.21 05:30;4;20.875;21.0625;20.9375;555;202;0;
1943;2024.10.21 05:45;4;20.875;21.0625;20.9375;566;202;0;
1944;2024.10.21 06:00;4;21;21.125;21;567;202;0;
1945;2024.10.21 06:15;4;21;21.125;21.0625;567;202;0;
1946;2024.10.21 06:30;4;21.0625;21.25;21.125;567;202;0;
1947;2024.10.21 06:45;4;21.0625;21.25;21.125;567;202;0;
1948;2024.10.21 07:00;4;21.125;21.25;21.1875;568;202;0;
1949;2024.10.21 07:15;4;21.125;21.375;21.25;568;202;0;
1950;2024.10.21 07:30;4;21.125;21.375;21.25;568;202;0;
1951;2024.10.21 07:45;4;21.125;21.375;21.25;568;202;0;
1952;2024.10.21 08:00;4;21.125;21.375;21.25;568;202;0;
1953;2024.10.21 08:15;4;21.125;21.375;21.25;568;202;0;
1954;2024.10.21 08:30;4;21.1875;21.375;21.25;568;202;0;
1955;2024.10.21 08:45;4;21.1875;21.375;21.25;568;202;0;
1956;2024.10.21 09:00;4;21.25;21.4375;21.3125;568;202;0;
1957;2024.10.21 09:15;4;21.25;21.4375;21.375;568;202;0;
1958;2024.10.21 09:30;4;21.25;21.5;21.375;568;202;0;
1959;2024.10.21 09:45;4;21.25;21.5;21.375;568;202;0;
1960;2024.10.21 10:00;4;21.25;21.5;21.375;569;202;0;
1961;2024.10.21 10:15;4;21.3125;21.5;21.375;569;202;0;
1962;2024.10.21 10:30;4;21.375;21.5;21.375;569;202;0;
1963;2024.10.21 10:45;4;21.375;21.5;21.4375;569;202;0;
1964;2024.10.21 11:00;4;21.375;21.5625;21.5;569;202;0;
1965;2024.10.21 11:15;4;21.375;21.625;21.5;569;202;0;
1966;2024.10.21 11:30;4;21.4375;21.625;21.5;569;202;0;
1967;2024.10.21 11:45;4;21.5;21.625;21.5;569;202;0;
1968;2024.10.21 12:00;4;21.4375;21.625;21.5;569;202;0;
1969;2024.10.21 12:15;4;21.4375;21.625;21.5625;569;202;0;
1970;2024.10.21 12:30;4;21.5;21.625;21.5625;569;202;0;
1971;2024.10.21 12:45;4;21.5;21.6875;21.5625;569;202;0;
1972;2024.10.21 13:00;4;21.5;21.6875;21.5625;569;202;0;
1973;2024.10.21 13:15;4;21.5;21.6875;21.5625;569;202;0;
1974;2024.10.21 13:30;4;21.5;21.6875;21.5625;569;202;0;
1975;2024.10.21 13:45;4;21.5;21.6875;21.5625;569;202;0;
1976;2024.10.21 14:00;4;21.5;21.6875;21.5625;569;202;0;
1977;2024.10.21 14:15;4;21.5;21.6875;21.5625;569;202;0;
1978;2024.10.21 14:30;4;21.4375;21.6875;21.5;569;202;0;
1979;2024.10.21 14:45;4;21.4375;21.625;21.5;569;202;0;
1980;2024.10.21 15:00;4;21.4375;21.625;21.5;569;202;0;
1981;2024.10.21 15:15;4;21.4375;21.625;21.5;569;202;0;
1982;2024.10.21 15:30;4;21.375;21.625;21.5;569;202;0;
1983;2024.10.21 15:45;4;21.375;21.625;21.5;569;202;0;
1984;2024.10.21 16:00;4;21.375;21.625;21.5;569;202;0;
1985;2024.10.21 16:15;4;21.375;21.625;21.5;569;202;0;
1986;2024.10.21 16:30;4;21.375;21.625;21.5;569;202;0;
1987;2024.10.21 16:45;4;21.375;21.625;21.5;569;202;0;
1988;2024.10.21 17:00;4;21.375;21.625;21.4375;569;202;0;
1989;2024.10.21 17:15;4;21.375;21.5625;21.4375;569;202;0;
1990;2024.10.21 17:30;4;21.375;21.5625;21.4375;569;202;0;
1991;2024.10.21 17:45;4;21.375;21.5625;21.4375;569;202;0;
1992;2024.10.21 18:00;4;21.375;21.5625;21.375;569;202;0;
1993;2024.10.21 18:15;4;21.3125;21.5625;21.375;569;202;0;
1994;2024.10.21 18:30;4;21.3125;21.5;21.375;569;202;0;
1995;2024.10.21 18:45;4;21.3125;21.5;21.375;569;202;0;
1996;2024.10.21 19:00;4;21.3125;21.5;21.375;569;202;0;
1997;2024.10.21 19:15;4;21.3125;21.5;21.375;568;202;0;
1998;2024.10.21 19:30;4;21.25;21.5;21.375;568;202;0;
1999;2024.10.21 19:45;4;21.25;21.5;21.375;568;202;0;
2000;2024.10.21 20:00;4;21.25;21.5;21.375;568;202;0;
2001;2024.10.21 20:15;4;21.25;21.5;21.375;568;202;0;
2002;2024.10.21 20:30;4;21.25;21.5;21.375;568;202;0;
2003;2024.10.21 20:45;4;21.25;21.5;21.375;568;202;0;
2004;2024.10.21 21:00;4;21.25;21.5;21.375;568;202;0;
2005;2024.10.21 21:15;4;21.25;21.5;21.3125;568;202;0;
2006;2024.10.21 21:30;4;21.25;21.4375;21.375;568;202;0;
2007;2024.10.21 21:45;4;21.25;21.4375;21.3125;568;202;0;
2008;2024.10.21 22:00;4;21.25;21.4375;21.3125;568;202;0;
2009;2024.10.21 22:15;4;21.25;21.4375;21.3125;568;202;0;
2010;2024.10.21 22:30;4;21.25;21.4375;21.3125;568;202;0;
2011;2024.10.21 22:45;4;21.25;21.4375;21.3125;568;202;0;
2012;2024.10.21 23:00;4;21.25;21.375;21.25;568;202;0;
2013;2024.10.21 23:15;4;21.25;21.375;21.25;568;202;0;
2014;2024.10.21 23:30;4;21.25;21.375;21.25;568;202;0;
2015;2024.10.21 23:45;4;21.1875;21.375;21.25;568;202;0;
2016;2024.10.22 00:00;4;21.1875;21.375;21.25;568;202;0;
2017;2024.10.22 00:15;4;21.1875;21.375;21.25;568;202;0;
2018;2024.10.22 00:30;4;21.1875;21.375;21.25;568;202;0;
2019;2024.10.22 00:45;4;21.1875;21.375;21.25;568;202;0;
2020;2024.10.22 01:00;4;21.1875;21.375;21.25;568;202;0;
2021;2024.10.22 01:15;4;21.1875;21.375;21.25;568;202;0;
2022;2024.10.22 01:30;4;21.125;21.375;21.25;568;202;0;
2023;2024.10.22 01:45;4;21.125;21.375;21.25;568;202;0;
2024;2024.10.22 02:00;4;21.125;21.375;21.25;568;202;0;
2025;2024.10.22 02:15;4;21.125;21.375;21.25;568;202;0;
2026;2024.10.22 02:30;4;21.125;21.375;21.25;568;202;0;
2027;2024.10.22 02:45;4;21.125;21.375;21.25;568;202;0;
2028;2024.10.22 03:00;4;21.125;21.375;21.25;568;202;0;
2029;2024.10.22 03:15;4;21.125;21.375;21.25;568;202;0;
2030;2024.10.22 03:30;4;21.125;21.375;21.25;568;202;0;
2031;2024.10.22 03:45;4;21.125;21.375;21.25;568;202;0;
2032;2024.10.22 04:00;4;21.125;21.375;21.25;568;202;0;
2033;2024.10.22 04:15;4;21.125;21.375;21.25;568;202;0;
2034;2024.10.22 04:30;4;21.125;21.3125;21.1875;567;202;0;
2035;2024.10.22 04:45;4;21.125;21.3125;21.1875;567;202;0;
2036;2024.10.22 05:00;4;21.125;21.3125;21.1875;567;202;0;
2037;2024.10.22 05:15;4;21.125;21.3125;21.1875;567;202;0;
2038;2024.10.22 05:30;4;21.125;21.3125;21.1875;567;202;0;
2039;2024.10.22 05:45;4;21.125;21.3125;21.1875;567;202;0;
2040;2024.10.22 06:00;4;21.125;21.3125;21.125;567;202;0;
2041;2024.10.22 06:15;4;21.125;21.25;21.125;567;202;0;
2042;2024.10.22 06:30;4;21.125;21.25;21.125;567;202;0;
2043;2024.10.22 06:45;4;21.125;21.25;21.125;567;202;0;
2044;2024.10.22 07:00;4;21.125;21.25;21.1875;567;202;0;
2045;2024.10.22 07:15;4;21.125;21.3125;21.1875;567;202;0;
2046;2024.10.22 07:30;4;21.125;21.3125;21.1875;567;202;0;
2047;2024.10.22 07:45;4;21.125;21.3125;21.1875;567;202;0;
2048;2024.10.22 08:00;4;21.125;21.375;21.25;567;202;0;
2049;2024.10.22 08:15;4;21.1875;21.375;21.25;568;202;0;
2050;2024.10.22 08:30;4;21.25;21.375;21.25;568;202;0;
2051;2024.10.22 08:45;4;21.25;21.375;21.3125;568;202;0;
2052;2024.10.22 09:00;4;21.25;21.4375;21.375;568;202;0;
2053;2024.10.22 09:15;4;21.375;21.5;21.375;568;202;0;
2054;2024.10.22 09:30;4;21.375;21.5;21.4375;568;202;0;
2055;2024.10.22 09:45;4;21.375;21.625;21.5;569;202;0;
2056;2024.10.22 10:00;4;21.4375;21.625;21.5;569;202;0;
2057;2024.10.22 10:15;4;21.4375;21.625;21.5;569;202;0;
2058;2024.10.22 10:30;4;21.5;21.625;21.5625;569;202;0;
2059;2024.10.22 10:45;4;21.5;21.6875;21.5625;569;202;0;
2060;2024.10.22 11:00;4;21.5;21.75;21.625;569;202;0;
2061;2024.10.22 11:15;4;21.5;21.75;21.625;569;202;0;
2062;2024.10.22 11:30;4;21.5625;21.75;21.625;569;202;0;
2063;2024.10.22 11:45;4;21.625;21.75;21.6875;569;202;0;
2064;2024.10.22 12:00;4;21.625;21.8125;21.6875;570;202;0;
2065;2024.10.22 12:15;4;21.625;21.8125;21.75;570;202;0;
2066;2024.10.22 12:30;4;21.625;21.875;21.75;570;202;0;
2067;2024.10.22 12:45;4;21.625;21.875;21.75;570;202;0;
2068;2024.10.22 13:00;4;21.6875;21.875;21.75;570;202;0;
2069;2024.10.22 13:15;4;21.75;21.875;21.8125;570;202;0;
2070;2024.10.22 13:30;4;21.75;21.9375;21.8125;570;202;0;
2071;2024.10.22 13:45;4;21.75;21.9375;21.875;570;202;0;
2072;2024.10.22 14:00;4;21.75;21.9375;21.875;570;202;0;
2073;2024.10.22 14:15;4;21.75;21.9375;21.875;570;202;0;
2074;2024.10.22 14:30;4;21.75;21.9375;21.875;570;202;0;
2075;2024.10.22 14:45;4;21.75;21.9375;21.875;570;202;0;
2076;2024.10.22 15:00;4;21.75;21.9375;21.8125;570;202;0;
2077;2024.10.22 15:15;4;21.75;21.9375;21.8125;570;202;0;
2078;2024.10.22 15:30;4;21.75;21.9375;21.8125;570;202;0;
2079;2024.10.22 15:45;4;21.6875;21.875;21.75;570;202;0;
2080;2024.10.22 16:00;4;21.6875;21.875;21.75;570;202;0;
2081;2024.10.22 16:15;4;21.625;21.875;21.75;570;202;0;
2082;2024.10.22 16:30;4;21.625;21.875;21.75;570;202;0;
2083;2024.10.22 16:45;4;21.625;21.875;21.75;570;202;0;
2084;2024.10.22 17:00;4;21.625;21.8125;21.6875;569;202;0;
2085;2024.10.22 17:15;4;21.625;21.8125;21.625;569;202;0;
2086;2024.10.22 17:30;4;21.5625;21.75;21.625;569;202;0;
2087;2024.10.22 17:45;4;21.5625;21.75;21.625;569;202;0;
2088;2024.10.22 18:00;4;21.5;21.75;21.625;569;202;0;
2089;2024.10.22 18:15;4;21.5;21.75;21.625;569;202;0;
2090;2024.10.22 18:30;4;21.5;21.75;21.625;569;202;0;
2091;2024.10.22 18:45;4;21.5;21.75;21.5625;569;202;0;
2092;2024.10.22 19:00;4;21.5;21.75;21.5625;569;202;0;
2093;2024.10.22 19:15;4;21.5;21.6875;21.5625;569;202;0;
2094;2024.10.22 19:30;4;21.5;21.6875;21.5625;569;202;0;
2095;2024.10.22 19:45;4;21.5;21.6875;21.5625;569;202;0;
2096;2024.10.22 20:00;4;21.5;21.6875;21.5625;569;202;0;
2097;2024.10.22 20:15;4;21.5;21.6875;21.5;569;202;0;
2098;2024.10.22 20:30;4;21.5;21.625;21.5;569;202;0;
2099;2024.10.22 20:45;4;21.5;21.625;21.5;569;202;0;
2100;2024.10.22 21:00;4;21.5;21.625;21.5;569;202;0;
2101;2024.10.22 21:15;4;21.4375;21.625;21.5;569;202;0;
2102;2024.10.22 21:30;4;21.4375;21.625;21.5;569;202;0;
2103;2024.10.22 21:45;4;21.4375;21.625;21.5;568;202;0;
2104;2024.10.22 22:00;4;21.4375;21.625;21.5;568;202;0;
2105;2024.10.22 22:15;4;21.375;21.625;21.5;568;202;0;
2106;2024.10.22 22:30;4;21.375;21.625;21.5;568;202;0;
2107;2024.10.22 22:45;4;21.375;21.625;21.5;568;202;0;
2108;2024.10.22 23:00;4;21.375;21.625;21.5;568;202;0;
2109;2024.10.22 23:15;4;21.375;21.625;21.4375;568;202;0;
2110;2024.10.22 23:30;4;21.375;21.5625;21.4375;568;202;0;
2111;2024.10.22 23:45;4;21.375;21.5625;21.375;568;202;0;
2112;2024.10.23 00:00;4;21.375;21.5;21.375;568;202;0;
2113;2024.10.23 00:15;4;21.3125;21.5;21.375;568;202;0;
2114;2024.10.23 00:30;4;21.25;21.5;21.375;568;202;0;
2115;2024.10.23 00:45;4;21.25;21.5;21.375;568;202;0;
2116;2024.10.23 01:00;4;21.25;21.5;21.375;568;202;0;
2117;2024.10.23 01:15;4;21.25;21.5;21.3125;568;202;0;
2118;2024.10.23 01:30;4;21.25;21.4375;21.3125;567;202;0;
2119;2024.10.23 01:45;4;21.25;21.4375;21.25;567;202;0;
2120;2024.10.23 02:00;4;21.1875;21.375;21.25;567;202;0;
2121;2024.10.23 02:15;4;21.1875;21.375;21.25;567;202;0;
2122;2024.10.23 02:30;4;21.125;21.375;21.25;567;202;0;
2123;2024.10.23 02:45;4;21.125;21.375;21.25;567;202;0;
2124;2024.10.23 03:00;4;21.125;21.375;21.25;567;202;0;
2125;2024.10.23 03:15;4;21.125;21.375;21.25;567;202;0;
2126;2024.10.23 03:30;4;21.125;21.375;21.25;567;202;0;
2127;2024.10.23 03:45;4;21.125;21.375;21.1875;567;202;0;
2128;2024.10.23 04:00;4;21.125;21.3125;21.1875;567;202;0;
2129;2024.10.23 04:15;4;21.125;21.3125;21.1875;567;202;0;
2130;2024.10.23 04:30;4;21.125;21.3125;21.1875;567;202;0;
2131;2024.10.23 04:45;4;21.125;21.25;21.1875;567;202;0;
2132;2024.10.23 05:00;4;21.125;21.25;21.125;566;202;0;
2133;2024.10.23 05:15;4;21.125;21.25;21.125;566;202;0;
2134;2024.10.23 05:30;4;21.125;21.25;21.125;566;202;0;
2135;2024.10.23 05:45;4;21.0625;21.25;21.125;566;202;0;
2136;2024.10.23 06:00;4;21.125;21.25;21.125;566;202;0;
2137;2024.10.23 06:15;4;21.125;21.25;21.125;567;202;0;
2138;2024.10.23 06:30;4;21.125;21.3125;21.125;567;202;0;
2139;2024.10.23 06:45;4;21.125;21.3125;21.1875;567;202;0;
2140;2024.10.23 07:00;4;21.125;21.3125;21.25;567;202;0;
2141;2024.10.23 07:15;4;21.125;21.375;21.25;567;202;0;
2142;2024.10.23 07:30;4;21.125;21.375;21.25;567;202;0;
2143;2024.10.23 07:45;4;21.1875;21.375;21.25;567;202;0;
2144;2024.10.23 08:00;4;21.25;21.375;21.25;567;202;0;
2145;2024.10.23 08:15;4;21.3125;21.5;21.375;567;202;0;
2146;2024.10.23 08:30;4;21.5;21.5625;21.5;568;202;0;
2147;2024.10.23 08:45;4;21.625;21.6875;21.625;569;202;0;
2148;2024.10.23 09:00;4;21.625;21.75;21.6875;569;202;0;
2149;2024.10.23 09:15;4;21.75;21.875;21.75;569;202;0;
2150;2024.10.23 09:30;4;21.75;21.875;21.8125;570;202;0;
2151;2024.10.23 09:45;4;21.875;22;21.875;570;202;0;
2152;2024.10.23 10:00;4;21.875;22;21.9375;570;202;0;
2153;2024.10.23 10:15;4;21.9375;22.0625;22;570;202;0;
2154;2024.10.23 10:30;4;21.9375;22.125;22;571;202;0;
2155;2024.10.23 10:45;4;22;22.125;22;571;202;0;
2156;2024.10.23 11:00;4;22.125;22.25;22.125;571;202;0;
2157;2024.10.23 11:15;4;22.1875;22.3125;22.25;572;202;0;
2158;2024.10.23 11:30;4;22.25;22.375;22.25;572;202;0;
2159;2024.10.23 11:45;4;22.25;22.375;22.3125;572;202;0;
2160;2024.10.23 12:00;4;22.3125;22.5;22.375;572;202;0;
2161;2024.10.23 12:15;4;22.375;22.5;22.4375;573;202;0;
2162;2024.10.23 12:30;4;22.375;22.5625;22.5;573;202;0;
2163;2024.10.23 12:45;4;22.375;22.5625;22.5;573;202;0;
2164;2024.10.23 13:00;4;22.375;22.625;22.5;573;202;0;
2165;2024.10.23 13:15;4;22.375;22.625;22.5;573;202;0;
2166;2024.10.23 13:30;4;22.375;22.625;22.5;573;202;0;
2167;2024.10.23 13:45;4;22.4375;22.625;22.5;629;202;0;
2168;2024.10.23 14:00;4;22.625;22.75;22.625;753;202;0;
2169;2024.10.23 14:15;4;22.5;22.75;22.625;753;202;0;
2170;2024.10.23 14:30;4;22.375;22.625;22.5;753;202;0;
2171;2024.10.23 14:45;4;22.25;22.625;22.375;752;202;0;
2172;2024.10.23 15:00;4;22.125;22.5;22.3125;752;202;0;
2173;2024.10.23 15:15;4;22;22.375;22.25;752;202;0;
2174;2024.10.23 15:30;4;22;22.375;22.125;751;202;0;
2175;2024.10.23 15:45;4;21.9375;22.25;22.125;751;202;0;
2176;2024.10.23 16:00;4;21.875;22.25;22.0625;751;202;0;
2177;2024.10.23 16:15;4;21.875;22.125;22;751;202;0;
2178;2024.10.23 16:30;4;21.8125;22.125;22;750;202;0;
2179;2024.10.23 16:45;4;21.75;22.125;21.9375;750;202;0;
2180;2024.10.23 17:00;4;21.75;22.0625;21.875;750;202;0;
2181;2024.10.23 17:15;4;21.75;22;21.875;750;202;0;
2182;2024.10.23 17:30;4;21.6875;22;21.875;750;202;0;
2183;2024.10.23 17:45;4;21.625;22;21.8125;750;202;0;
2184;2024.10.23 18:00;4;21.625;21.9375;21.75;750;202;0;
2185;2024.10.23 18:15;4;21.625;21.875;21.75;750;202;0;
2186;2024.10.23 18:30;4;21.625;21.875;21.75;749;202;0;
2187;2024.10.23 18:45;4;21.5625;21.875;21.75;749;202;0;
2188;2024.10.23 19:00;4;21.5625;21.875;21.6875;749;202;0;
2189;2024.10.23 19:15;4;21.5;21.8125;21.625;749;202;0;
2190;2024.10.23 19:30;4;21.5;21.75;21.625;749;202;0;
2191;2024.10.23 19:45;4;21.5;21.75;21.625;749;202;0;
2192;2024.10.23 20:00;4;21.5;21.75;21.625;749;202;0;
2193;2024.10.23 20:15;4;21.5;21.75;21.5625;749;202;0;
2194;2024.10.23 20:30;4;21.4375;21.6875;21.5625;749;202;0;
2195;2024.10.23 20:45;4;21.375;21.625;21.5;748;202;0;
2196;2024.10.23 21:00;4;21.375;21.625;21.5;748;202;0;
2197;2024.10.23 21:15;4;21.375;21.625;21.5;748;202;0;
2198;2024.10.23 21:30;4;21.3125;21.625;21.4375;748;202;0;
2199;2024.10.23 21:45;4;21.25;21.5625;21.375;748;202;0;
2200;2024.10.23 22:00;4;21.25;21.5;21.375;748;202;0;
2201;2024.10.23 22:15;4;21.25;21.5;21.375;748;202;0;
2202;2024.10.23 22:30;4;21.1875;21.5;21.3125;748;202;0;
2203;2024.10.23 22:45;4;21.1875;21.4375;21.25;747;202;0;
2204;2024.10.23 23:00;4;21.125;21.4375;21.25;747;202;0;
2205;2024.10.23 23:15;4;21.125;21.4375;21.25;747;202;0;
2206;2024.10.23 23:30;4;21.125;21.375;21.25;747;202;0;
2207;2024.10.23 23:45;4;21.125;21.375;21.25;747;202;0;
2208;2024.10.24 00:00;4;21.125;21.375;21.25;747;202;0;
2209;2024.10.24 00:15;4;21.125;21.375;21.25;747;202;0;
2210;2024.10.24 00:30;4;21.0625;21.375;21.1875;747;202;0;
2211;2024.10.24 00:45;4;21;21.3125;21.125;747;202;0;
2212;2024.10.24 01:00;4;21;21.3125;21.125;747;202;0;
2213;2024.10.24 01:15;4;21;21.25;21.125;747;202;0;
2214;2024.10.24 01:30;4;21;21.25;21.125;746;202;0;
2215;2024.10.24 01:45;4;21;21.25;21.125;746;202;0;
2216;2024.10.24 02:00;4;20.9375;21.25;21.0625;746;202;0;
2217;2024.10.24 02:15;4;20.9375;21.25;21.0625;746;202;0;
2218;2024.10.24 02:30;4;20.875;21.1875;21;746;202;0;
2219;2024.10.24 02:45;4;20.875;21.1875;21;746;202;0;
2220;2024.10.24 03:00;4;20.875;21.125;21;746;202;0;
2221;2024.10.24 03:15;4;20.875;21.125;21;746;202;0;
2222;2024.10.24 03:30;4;20.875;21.125;21;746;202;0;
2223;2024.10.24 03:45;4;20.875;21.125;21;746;202;0;
2224;2024.10.24 04:00;4;20.875;21.125;21;746;202;0;
2225;2024.10.24 04:15;4;20.875;21.125;20.9375;746;202;0;
2226;2024.10.24 04:30;4;20.875;21.125;20.9375;746;202;0;
2227;2024.10.24 04:45;4;20.875;21.125;20.9375;746;202;0;
2228;2024.10.24 05:00;4;20.875;21.125;20.9375;746;202;0;
2229;2024.10.24 05:15;4;20.875;21.125;20.9375;746;202;0;
2230;2024.10.24 05:30;4;20.875;21.125;21;746;202;0;
2231;2024.10.24 05:45;4;20.875;21.125;21;746;202;0;
2232;2024.10.24 06:00;4;21;21.125;21;746;202;0;
2233;2024.10.24 06:15;4;21;21.125;21;746;202;0;
2234;2024.10.24 06:30;4;21;21.125;21;746;202;0;
2235;2024.10.24 06:45;4;21;21.125;21;746;202;0;
2236;2024.10.24 07:00;4;21;21.1875;21;746;202;0;
2237;2024.10.24 07:15;4;21.125;21.25;21.125;746;202;0;
2238;2024.10.24 07:30;4;21.1875;21.3125;21.1875;747;202;0;
2239;2024.10.24 07:45;4;21.25;21.375;21.25;747;202;0;
2240;2024.10.24 08:00;4;21.375;21.4375;21.375;747;202;0;
2241;2024.10.24 08:15;4;21.375;21.5;21.375;748;202;0;
2242;2024.10.24 08:30;4;21.4375;21.5;21.375;748;202;0;
2243;2024.10.24 08:45;4;21.5;21.625;21.5;748;202;0;
2244;2024.10.24 09:00;4;21.5625;21.625;21.5;748;202;0;
2245;2024.10.24 09:15;4;21.625;21.6875;21.625;749;202;0;
2246;2024.10.24 09:30;4;21.625;21.75;21.625;749;202;0;
2247;2024.10.24 09:45;4;21.6875;21.75;21.6875;749;202;0;
2248;2024.10.24 10:00;4;21.75;21.875;21.75;749;202;0;
2249;2024.10.24 10:15;4;21.75;21.875;21.75;749;202;0;
2250;2024.10.24 10:30;4;21.75;21.875;21.75;749;202;0;
2251;2024.10.24 10:45;4;21.75;21.875;21.75;749;202;0;
2252;2024.10.24 11:00;4;21.75;21.9375;21.75;750;202;0;
2253;2024.10.24 11:15;4;21.8125;21.9375;21.8125;750;202;0;
2254;2024.10.24 11:30;4;21.875;22;21.875;750;202;0;
2255;2024.10.24 11:45;4;21.875;22;21.875;750;202;0;
2256;2024.10.24 12:00;4;21.875;22;21.875;750;202;0;
2257;2024.10.24 12:15;4;21.9375;22.0625;21.9375;750;202;0;
2258;2024.10.24 12:30;4;22;22.125;22;750;202;0;
2259;2024.10.24 12:45;4;22.0625;22.125;22.0625;751;202;0;
2260;2024.10.24 13:00;4;22.125;22.1875;22.125;751;202;0;
2261;2024.10.24 13:15;4;22.125;22.25;22.125;751;202;0;
2262;2024.10.24 13:30;4;22.125;22.25;22.125;751;202;0;
2263;2024.10.24 13:45;4;22.125;22.25;22.1875;751;202;0;
2264;2024.10.24 14:00;4;22.125;22.25;22.125;751;202;0;
2265;2024.10.24 14:15;4;22.0625;22.25;22.125;751;202;0;
2266;2024.10.24 14:30;4;22;22.25;22.0625;751;202;0;
2267;2024.10.24 14:45;4;22;22.1875;22;751;202;0;
2268;2024.10.24 15:00;4;21.9375;22.125;22;750;202;0;
2269;2024.10.24 15:15;4;21.875;22.125;21.9375;750;202;0;
2270;2024.10.24 15:30;4;21.8125;22.0625;21.875;750;202;0;
2271;2024.10.24 15:45;4;21.75;22;21.875;750;202;0;
2272;2024.10.24 16:00;4;21.6875;22;21.75;749;202;0;
2273;2024.10.24 16:15;4;21.625;21.875;21.75;749;202;0;
2274;2024.10.24 16:30;4;21.5625;21.875;21.6875;749;202;0;
2275;2024.10.24 16:45;4;21.5;21.8125;21.625;749;202;0;
2276;2024.10.24 17:00;4;21.5;21.75;21.625;748;202;0;
2277;2024.10.24 17:15;4;21.375;21.75;21.5625;748;202;0;
2278;2024.10.24 17:30;4;21.375;21.6875;21.5;748;202;0;
2279;2024.10.24 17:45;4;21.375;21.625;21.5;748;202;0;
2280;2024.10.24 18:00;4;21.3125;21.625;21.4375;748;202;0;
2281;2024.10.24 18:15;4;21.25;21.625;21.375;748;202;0;
2282;2024.10.24 18:30;4;21.25;21.5625;21.375;748;202;0;
2283;2024.10.24 18:45;4;21.25;21.5;21.375;747;202;0;
2284;2024.10.24 19:00;4;21.25;21.5;21.375;747;202;0;
2285;2024.10.24 19:15;4;21.25;21.5;21.3125;747;202;0;
2286;2024.10.24 19:30;4;21.25;21.5;21.3125;747;202;0;
2287;2024.10.24 19:45;4;21.1875;21.4375;21.25;747;202;0;
2288;2024.10.24 20:00;4;21.1875;21.4375;21.25;747;202;0;
2289;2024.10.24 20:15;4;21.125;21.375;21.25;747;202;0;
2290;2024.10.24 20:30;4;21.125;21.375;21.25;747;202;0;
2291;2024.10.24 20:45;4;21.125;21.375;21.25;747;202;0;
2292;2024.10.24 21:00;4;21.125;21.375;21.25;747;202;0;
2293;2024.10.24 21:15;4;21.125;21.375;21.1875;747;202;0;
2294;2024.10.24 21:30;4;21.125;21.375;21.1875;747;202;0;
2295;2024.10.24 21:45;4;21.0625;21.3125;21.125;746;202;0;
2296;2024.10.24 22:00;4;21.0625;21.3125;21.125;746;202;0;
2297;2024.10.24 22:15;4;21;21.25;21.125;746;202;0;
2298;2024.10.24 22:30;4;21;21.25;21.125;746;202;0;
2299;2024.10.24 22:45;4;21;21.25;21.125;746;202;0;
2300;2024.10.24 23:00;4;21;21.25;21.125;746;202;0;
2301;2024.10.24 23:15;4;21;21.25;21.125;746;202;0;
2302;2024.10.24 23:30;4;21;21.25;21.125;746;202;0;
2303;2024.10.24 23:45;4;21;21.25;21.0625;746;202;0;
2304;2024.10.25 00:00;4;21;21.1875;21.0625;746;202;0;
2305;2024.10.25 00:15;4;20.9375;21.1875;21;746;202;0;
2306;2024.10.25 00:30;4;20.9375;21.125;21;746;202;0;
2307;2024.10.25 00:45;4;20.875;21.125;21;746;202;0;
2308;2024.10.25 01:00;4;20.875;21.125;21;746;202;0;
2309;2024.10.25 01:15;4;20.875;21.125;21;746;202;0;
2310;2024.10.25 01:30;4;20.875;21.125;21;746;202;0;
2311;2024.10.25 01:45;4;20.875;21.125;21;746;202;0;
2312;2024.10.25 02:00;4;20.875;21.125;20.9375;746;202;0;
2313;2024.10.25 02:15;4;20.875;21.125;20.9375;745;202;0;
2314;2024.10.25 02:30;4;20.875;21.0625;20.9375;745;202;0;
2315;2024.10.25 02:45;4;20.875;21.0625;20.875;745;202;0;
2316;2024.10.25 03:00;4;20.8125;21.0625;20.875;745;202;0;
2317;2024.10.25 03:15;4;20.8125;21;20.875;745;202;0;
2318;2024.10.25 03:30;4;20.8125;21;20.875;745;202;0;
2319;2024.10.25 03:45;4;20.75;21;20.875;745;202;0;
2320;2024.10.25 04:00;4;20.8125;21;20.875;745;202;0;
2321;2024.10.25 04:15;4;20.75;21;20.875;745;202;0;
2322;2024.10.25 04:30;4;20.75;21;20.875;745;202;0;
2323;2024.10.25 04:45;4;20.75;21;20.875;745;202;0;
2324;2024.10.25 05:00;4;20.75;21;20.875;745;202;0;
2325;2024.10.25 05:15;4;20.8125;21;20.875;745;202;0;
2326;2024.10.25 05:30;4;20.8125;21;20.875;745;202;0;
2327;2024.10.25 05:45;4;20.875;21;20.875;745;202;0;
2328;2024.10.25 06:00;4;20.875;21;20.875;745;202;0;
2329;2024.10.25 06:15;4;20.875;21.0625;20.9375;745;202;0;
2330;2024.10.25 06:30;4;20.9375;21.125;20.9375;746;202;0;
2331;2024.10.25 06:45;4;20.9375;21.125;21;746;202;0;
2332;2024.10.25 07:00;4;21;21.125;21;746;202;0;
2333;2024.10.25 07:15;4;21;21.125;21;746;202;0;
2334;2024.10.25 07:30;4;21;21.125;21;746;202;0;
2335;2024.10.25 07:45;4;21;21.125;21;746;202;0;
2336;2024.10.25 08:00;4;21.0625;21.1875;21.0625;746;202;0;
2337;2024.10.25 08:15;4;21.0625;21.25;21.0625;746;202;0;
2338;2024.10.25 08:30;4;21.125;21.25;21.125;746;202;0;
2339;2024.10.25 08:45;4;21.125;21.25;21.125;746;202;0;
2340;2024.10.25 09:00;4;21.125;21.25;21.125;746;202;0;
2341;2024.10.25 09:15;4;21.25;21.3125;21.1875;747;202;0;
2342;2024.10.25 09:30;4;21.25;21.375;21.25;747;202;0;
2343;2024.10.25 09:45;4;21.25;21.375;21.25;747;202;0;
2344;2024.10.25 10:00;4;21.3125;21.375;21.25;747;202;0;
2345;2024.10.25 10:15;4;21.375;21.4375;21.3125;747;202;0;
2346;2024.10.25 10:30;4;21.375;21.5;21.375;747;202;0;
2347;2024.10.25 10:45;4;21.5;21.5;21.375;748;202;0;
2348;2024.10.25 11:00;4;21.5;21.5625;21.4375;748;202;0;
2349;2024.10.25 11:15;4;21.5;21.625;21.5;748;202;0;
2350;2024.10.25 11:30;4;21.625;21.625;21.5;748;202;0;
2351;2024.10.25 11:45;4;21.625;21.6875;21.5;748;202;0;
2352;2024.10.25 12:00;4;21.625;21.75;21.5625;748;202;0;
2353;2024.10.25 12:15;4;21.625;21.75;21.5625;749;202;0;
2354;2024.10.25 12:30;4;21.625;21.75;21.625;749;202;0;
2355;2024.10.25 12:45;4;21.625;21.75;21.625;749;202;0;
2356;2024.10.25 13:00;4;21.625;21.75;21.625;749;202;0;
2357;2024.10.25 13:15;4;21.625;21.75;21.625;749;202;0;
2358;2024.10.25 13:30;4;21.5625;21.75;21.625;748;202;0;
2359;2024.10.25 13:45;4;21.5;21.75;21.5625;748;202;0;
2360;2024.10.25 14:00;4;21.5;21.75;21.5;748;202;0;
2361;2024.10.25 14:15;4;21.4375;21.6875;21.5;748;202;0;
2362;2024.10.25 14:30;4;21.375;21.625;21.5;748;202;0;
2363;2024.10.25 14:45;4;21.375;21.625;21.5;748;202;0;
2364;2024.10.25 15:00;4;21.375;21.625;21.5;748;202;0;
2365;2024.10.25 15:15;4;21.375;21.625;21.5;748;202;0;
2366;2024.10.25 15:30;4;21.375;21.5625;21.4375;748;202;0;
2367;2024.10.25 15:45;4;21.3125;21.5;21.375;748;202;0;
2368;2024.10.25 16:00;4;21.25;21.5;21.375;747;202;0;
2369;2024.10.25 16:15;4;21.25;21.5;21.375;747;202;0;
2370;2024.10.25 16:30;4;21.25;21.5;21.375;747;202;0;
2371;2024.10.25 16:45;4;21.25;21.5;21.375;747;202;0;
2372;2024.10.25 17:00;4;21.25;21.5;21.375;747;202;0;
2373;2024.10.25 17:15;4;21.25;21.5;21.3125;747;202;0;
2374;2024.10.25 17:30;4;21.25;21.5;21.3125;747;202;0;
2375;2024.10.25 17:45;4;21.25;21.4375;21.3125;747;202;0;
2376;2024.10.25 18:00;4;21.25;21.4375;21.25;747;202;0;
2377;2024.10.25 18:15;4;21.1875;21.4375;21.25;747;202;0;
2378;2024.10.25 18:30;4;21.125;21.375;21.25;747;202;0;
2379;2024.10.25 18:45;4;21.125;21.375;21.25;747;202;0;
2380;2024.10.25 19:00;4;21.125;21.375;21.25;747;202;0;
2381;2024.10.25 19:15;4;21.125;21.375;21.25;747;202;0;
2382;2024.10.25 19:30;4;21.125;21.375;21.25;747;202;0;
2383;2024.10.25 19:45;4;21.125;21.375;21.25;747;202;0;
2384;2024.10.25 20:00;4;21.125;21.375;21.25;747;202;0;
2385;2024.10.25 20:15;4;21.125;21.375;21.25;747;202;0;
2386;2024.10.25 20:30;4;21.125;21.375;21.25;747;202;0;
2387;2024.10.25 20:45;4;21.125;21.375;21.1875;747;202;0;
2388;2024.10.25 21:00;4;21.125;21.375;21.1875;747;202;0;
2389;2024.10.25 21:15;4;21.125;21.3125;21.1875;747;202;0;
2390;2024.10.25 21:30;4;21.125;21.3125;21.1875;747;202;0;
2391;2024.10.25 21:45;4;21.125;21.3125;21.125;746;202;0;
2392;2024.10.25 22:00;4;21.125;21.3125;21.125;746;202;0;
2393;2024.10.25 22:15;4;21.0625;21.25;21.125;746;202;0;
2394;2024.10.25 22:30;4;21.0625;21.25;21.125;746;202;0;
2395;2024.10.25 22:45;4;21.0625;21.25;21.125;746;202;0;
2396;2024.10.25 23:00;4;21.0625;21.25;21.125;746;202;0;
2397;2024.10.25 23:15;4;21;21.25;21.125;746;202;0;
2398;2024.10.25 23:30;4;21;21.25;21.125;746;202;0;
2399;2024.10.25 23:45;4;21;21.25;21.125;746;202;0;
2400;2024.10.26 00:00;4;21;21.25;21.125;746;202;0;
2401;2024.10.26 00:15;4;21;21.25;21.125;746;202;0;
2402;2024.10.26 00:30;4;21;21.25;21.125;746;202;0;
2403;2024.10.26 00:45;4;21;21.25;21.125;746;202;0;
2404;2024.10.26 01:00;4;21;21.25;21.0625;746;202;0;
2405;2024.10.26 01:15;4;21;21.25;21.0625;746;202;0;
2406;2024.10.26 01:30;4;21;21.25;21.0625;746;202;0;
2407;2024.10.26 01:45;4;21;21.1875;21.0625;746;202;0;
2408;2024.10.26 02:00;4;21;21.1875;21.0625;746;202;0;
2409;2024.10.26 02:15;4;21;21.1875;21;746;202;0;
2410;2024.10.26 02:30;4;21;21.1875;21;746;202;0;
2411;2024.10.26 02:45;4;20.9375;21.125;21;746;202;0;
2412;2024.10.26 03:00;4;20.9375;21.125;21;746;202;0;
2413;2024.10.26 03:15;4;20.875;21.125;21;746;202;0;
2414;2024.10.26 03:30;4;20.875;21.125;21;746;202;0;
2415;2024.10.26 03:45;4;20.875;21.125;21;746;202;0;
2416;2024.10.26 04:00;4;20.875;21.125;21;746;202;0;
2417;2024.10.26 04:15;4;20.875;21.125;20.9375;746;202;0;
2418;2024.10.26 04:30;4;20.875;21.125;20.875;746;202;0;
2419;2024.10.26 04:45;4;20.8125;21.0625;20.875;746;202;0;
2420;2024.10.26 05:00;4;20.8125;21;20.875;745;202;0;
2421;2024.10.26 05:15;4;20.75;21;20.875;745;202;0;
2422;2024.10.26 05:30;4;20.75;21;20.875;745;202;0;
2423;2024.10.26 05:45;4;20.75;21;20.875;745;202;0;
2424;2024.10.26 06:00;4;20.75;21;20.8125;745;202;0;
2425;2024.10.26 06:15;4;20.75;21;20.8125;745;202;0;
2426;2024.10.26 06:30;4;20.75;20.9375;20.8125;745;202;0;
2427;2024.10.26 06:45;4;20.75;21;20.75;745;202;0;
2428;2024.10.26 07:00;4;20.75;20.9375;20.8125;745;202;0;
2429;2024.10.26 07:15;4;20.75;21;20.8125;745;202;0;
2430;2024.10.26 07:30;4;20.75;21;20.8125;745;202;0;
2431;2024.10.26 07:45;4;20.75;21;20.875;745;202;0;
2432;2024.10.26 08:00;4;20.8125;21;20.875;745;202;0;
2433;2024.10.26 08:15;4;20.875;21;20.875;746;202;0;
2434;2024.10.26 08:30;4;20.875;21;20.9375;746;202;0;
2435;2024.10.26 08:45;4;20.9375;21.0625;21;746;202;0;
2436;2024.10.26 09:00;4;21;21.125;21;746;202;0;
2437;2024.10.26 09:15;4;21;21.125;21;746;202;0;
2438;2024.10.26 09:30;4;21;21.125;21;746;202;0;
2439;2024.10.26 09:45;4;21.0625;21.1875;21.0625;746;202;0;
2440;2024.10.26 10:00;4;21.0625;21.1875;21.0625;746;202;0;
2441;2024.10.26 10:15;4;21.125;21.25;21.0625;746;202;0;
2442;2024.10.26 10:30;4;21.125;21.25;21.125;746;202;0;
2443;2024.10.26 10:45;4;21.125;21.25;21.125;747;202;0;
2444;2024.10.26 11:00;4;21.125;21.25;21.125;747;202;0;
2445;2024.10.26 11:15;4;21.125;21.25;21.125;747;202;0;
2446;2024.10.26 11:30;4;21.125;21.25;21.125;747;202;0;
2447;2024.10.26 11:45;4;21.1875;21.3125;21.1875;747;202;0;
2448;2024.10.26 12:00;4;21.25;21.375;21.1875;747;202;0;
2449;2024.10.26 12:15;4;21.25;21.375;21.25;747;202;0;
2450;2024.10.26 12:30;4;21.25;21.375;21.25;747;202;0;
2451;2024.10.26 12:45;4;21.25;21.375;21.25;747;202;0;
2452;2024.10.26 13:00;4;21.1875;21.375;21.25;747;202;0;
2453;2024.10.26 13:15;4;21.125;21.375;21.25;747;202;0;
2454;2024.10.26 13:30;4;21.125;21.375;21.1875;747;202;0;
2455;2024.10.26 13:45;4;21.125;21.375;21.1875;747;202;0;
2456;2024.10.26 14:00;4;21.125;21.3125;21.125;747;202;0;
2457;2024.10.26 14:15;4;21.0625;21.25;21.125;747;202;0;
2458;2024.10.26 14:30;4;21;21.25;21.125;747;202;0;
2459;2024.10.26 14:45;4;21;21.25;21.125;747;202;0;
2460;2024.10.26 15:00;4;21;21.25;21.125;746;202;0;
2461;2024.10.26 15:15;4;20.875;21.1875;21.0625;746;202;0;
2462;2024.10.26 15:30;4;20.875;21.1875;21;746;202;0;
2463;2024.10.26 15:45;4;20.875;21.125;21;746;202;0;
2464;2024.10.26 16:00;4;20.875;21.125;21;746;202;0;
2465;2024.10.26 16:15;4;20.9375;21.125;21;746;202;0;
2466;2024.10.26 16:30;4;20.9375;21.125;21;746;202;0;
2467;2024.10.26 16:45;4;21;21.125;21;746;202;0;
2468;2024.10.26 17:00;4;21;21.1875;21;746;202;0;
2469;2024.10.26 17:15;4;21;21.1875;21.0625;746;202;0;
2470;2024.10.26 17:30;4;21;21.1875;21;746;202;0;
2471;2024.10.26 17:45;4;21;21.1875;21.0625;746;202;0;
2472;2024.10.26 18:00;4;21;21.25;21;746;202;0;
2473;2024.10.26 18:15;4;21;21.1875;21;746;202;0;
2474;2024.10.26 18:30;4;21;21.1875;21;746;202;0;
2475;2024.10.26 18:45;4;21;21.1875;21;746;202;0;
2476;2024.10.26 19:00;4;21;21.1875;21.0625;746;202;0;
2477;2024.10.26 19:15;4;21;21.25;21.0625;746;202;0;
2478;2024.10.26 19:30;4;21;21.25;21.0625;746;202;0;
2479;2024.10.26 19:45;4;21;21.25;21.0625;746;202;0;
2480;2024.10.26 20:00;4;21;21.25;21.0625;746;202;0;
2481;2024.10.26 20:15;4;21;21.25;21.0625;746;202;0;
2482;2024.10.26 20:30;4;21;21.25;21.0625;746;202;0;
2483;2024.10.26 20:45;4;21;21.25;21.0625;746;202;0;
2484;2024.10.26 21:00;4;21;21.25;21.0625;746;202;0;
2485;2024.10.26 21:15;4;21;21.25;21.0625;746;202;0;
2486;2024.10.26 21:30;4;21;21.25;21.0625;746;202;0;
2487;2024.10.26 21:45;4;21;21.25;21.0625;746;202;0;
2488;2024.10.26 22:00;4;21;21.25;21.0625;746;202;0;
2489;2024.10.26 22:15;4;21;21.25;21.0625;746;202;0;
2490;2024.10.26 22:30;4;21;21.25;21.0625;746;202;0;
2491;2024.10.26 22:45;4;21;21.25;21.125;746;202;0;
2492;2024.10.26 23:00;4;21;21.25;21.0625;746;202;0;
2493;2024.10.26 23:15;4;21;21.25;21.125;746;202;0;
2494;2024.10.26 23:30;4;21;21.25;21.125;746;202;0;
2495;2024.10.26 23:45;4;21;21.25;21.125;746;202;0;
2496;2024.10.27 00:00;4;21;21.25;21.125;746;202;0;
2497;2024.10.27 00:15;4;21;21.25;21.125;746;202;0;
2498;2024.10.27 00:30;4;21;21.25;21.125;746;202;0;
2499;2024.10.27 00:45;4;21;21.25;21.125;746;202;0;
2500;2024.10.27 01:00;4;21;21.25;21.125;746;202;0;
2501;2024.10.27 01:15;4;21;21.25;21.125;746;202;0;
2502;2024.10.27 01:30;4;21;21.25;21.125;747;202;0;
2503;2024.10.27 01:45;4;21;21.25;21.125;746;202;0;
2504;2024.10.27 02:00;4;21;21.25;21.125;747;202;0;
2505;2024.10.27 02:15;4;21;21.25;21.125;747;202;0;
2506;2024.10.27 02:30;4;21;21.25;21.125;746;202;0;
2507;2024.10.27 02:45;4;21;21.25;21.0625;746;202;0;
2508;2024.10.27 03:00;4;21;21.25;21.0625;747;202;0;
2509;2024.10.27 03:15;4;21;21.25;21.0625;746;202;0;
2510;2024.10.27 03:30;4;21;21.25;21.0625;746;202;0;
2511;2024.10.27 03:45;4;21;21.25;21.0625;746;202;0;
2512;2024.10.27 04:00;4;21;21.25;21.0625;746;202;0;
2513;2024.10.27 04:15;4;21;21.25;21.0625;746;202;0;
2514;2024.10.27 04:30;4;21;21.1875;21;746;202;0;
2515;2024.10.27 04:45;4;21;21.1875;21;746;202;0;
2516;2024.10.27 05:00;4;21;21.1875;21;746;202;0;
2517;2024.10.27 05:15;4;21;21.1875;21;746;202;0;
2518;2024.10.27 05:30;4;21;21.1875;21;746;202;0;
2519;2024.10.27 05:45;4;20.9375;21.1875;21;746;202;0;
2520;2024.10.27 06:00;4;20.9375;21.125;21;746;202;0;
2521;2024.10.27 06:15;4;20.9375;21.1875;21;746;202;0;
2522;2024.10.27 06:30;4;20.9375;21.125;21;746;202;0;
2523;2024.10.27 06:45;4;20.9375;21.125;21;746;202;0;
2524;2024.10.27 07:00;4;21;21.125;21;746;202;0;
2525;2024.10.27 07:15;4;21;21.1875;21;746;202;0;
2526;2024.10.27 07:30;4;21;21.1875;21;746;202;0;
2527;2024.10.27 07:45;4;21;21.1875;21;746;202;0;
2528;2024.10.27 08:00;4;21;21.1875;21;746;202;0;
2529;2024.10.27 08:15;4;21;21.1875;21;746;202;0;
2530;2024.10.27 08:30;4;21;21.1875;21.0625;746;202;0;
2531;2024.10.27 08:45;4;21;21.1875;21;746;202;0;
2532;2024.10.27 09:00;4;21;21.1875;21;746;202;0;
2533;2024.10.27 09:15;4;21;21.1875;21;746;202;0;
2534;2024.10.27 09:30;4;21;21.1875;21;746;202;0;
2535;2024.10.27 09:45;4;21;21.1875;21;746;202;0;
2536;2024.10.27 10:00;4;21;21.1875;21;746;202;0;
2537;2024.10.27 10:15;4;21;21.1875;21;746;202;0;
2538;2024.10.27 10:30;4;21;21.1875;21;746;202;0;
2539;2024.10.27 10:45;4;21;21.1875;21;746;202;0;
2540;2024.10.27 11:00;4;21;21.125;21;746;202;0;
2541;2024.10.27 11:15;4;20.9375;21.125;21;746;202;0;
2542;2024.10.27 11:30;4;20.9375;21.125;21;746;202;0;
2543;2024.10.27 11:45;4;20.9375;21.125;21;746;202;0;
2544;2024.10.27 12:00;4;20.9375;21.125;21;746;202;0;
2545;2024.10.27 12:15;4;21;21.125;21;746;202;0;
2546;2024.10.27 12:30;4;21;21.125;21;747;202;0;
2547;2024.10.27 12:45;4;21;21.1875;21;747;202;0;
2548;2024.10.27 13:00;4;21.0625;21.25;21.0625;747;202;0;
2549;2024.10.27 13:15;4;21.0625;21.25;21.0625;747;202;0;
2550;2024.10.27 13:30;4;21.0625;21.25;21.0625;747;202;0;
2551;2024.10.27 13:45;4;21.0625;21.25;21.0625;747;202;0;
2552;2024.10.27 14:00;4;21.0625;21.25;21.125;747;202;0;
2553;2024.10.27 14:15;4;21.0625;21.25;21.125;747;202;0;
2554;2024.10.27 14:30;4;21;21.25;21.125;747;202;0;
2555;2024.10.27 14:45;4;21;21.25;21.0625;747;202;0;
2556;2024.10.27 15:00;4;21;21.25;21.0625;747;202;0;
2557;2024.10.27 15:15;4;21;21.25;21;747;202;0;
2558;2024.10.27 15:30;4;21;21.1875;21;747;202;0;
2559;2024.10.27 15:45;4;21;21.1875;21;747;202;0;
2560;2024.10.27 16:00;4;20.875;21.125;21;746;202;0;
2561;2024.10.27 16:15;4;20.875;21.125;20.9375;746;202;0;
2562;2024.10.27 16:30;4;20.875;21.125;20.875;746;202;0;
2563;2024.10.27 16:45;4;20.8125;21.0625;20.875;746;202;0;
2564;2024.10.27 17:00;4;20.75;21;20.875;746;202;0;
2565;2024.10.27 17:15;4;20.75;21;20.8125;746;202;0;
2566;2024.10.27 17:30;4;20.75;21;20.8125;746;202;0;
2567;2024.10.27 17:45;4;20.75;21;20.75;746;202;0;
2568;2024.10.27 18:00;4;20.6875;21;20.75;746;202;0;
2569;2024.10.27 18:15;4;20.625;20.9375;20.75;745;202;0;
2570;2024.10.27 18:30;4;20.625;20.9375;20.75;745;202;0;
2571;2024.10.27 18:45;4;20.625;20.875;20.75;745;202;0;
2572;2024.10.27 19:00;4;20.625;20.875;20.6875;745;202;0;
2573;2024.10.27 19:15;4;20.625;20.875;20.6875;745;202;0;
2574;2024.10.27 19:30;4;20.625;20.875;20.625;745;202;0;
2575;2024.10.27 19:45;4;20.625;20.875;20.625;745;202;0;
2576;2024.10.27 20:00;4;20.5625;20.875;20.625;745;202;0;
2577;2024.10.27 20:15;4;20.5625;20.8125;20.625;745;202;0;
2578;2024.10.27 20:30;4;20.5625;20.8125;20.625;745;202;0;
2579;2024.10.27 20:45;4;20.5625;20.8125;20.625;745;202;0;
2580;2024.10.27 21:00;4;20.5625;20.75;20.625;745;202;0;
2581;2024.10.27 21:15;4;20.5625;20.75;20.625;745;202;0;
2582;2024.10.27 21:30;4;20.5625;20.75;20.625;744;202;0;
2583;2024.10.27 21:45;4;20.5625;20.75;20.625;744;202;0;
2584;2024.10.27 22:00;4;20.5;20.75;20.625;744;202;0;
2585;2024.10.27 22:15;4;20.5;20.75;20.625;744;202;0;
2586;2024.10.27 22:30;4;20.5;20.75;20.625;744;202;0;
2587;2024.10.27 22:45;4;20.5;20.75;20.625;744;202;0;
2588;2024.10.27 23:00;4;20.5;20.75;20.5625;744;202;0;
2589;2024.10.27 23:15;4;20.5;20.75;20.5625;744;202;0;
2590;2024.10.27 23:30;4;20.5;20.75;20.5625;744;202;0;
2591;2024.10.27 23:45;4;20.5;20.75;20.5625;744;202;0;
2592;2024.10.28 00:00;4;20.5;20.75;20.5;744;202;0;
2593;2024.10.28 00:15;4;20.5;20.75;20.5;744;202;0;
2594;2024.10.28 00:30;4;20.5;20.6875;20.5;744;202;0;
2595;2024.10.28 00:45;4;20.5;20.6875;20.5;744;202;0;
2596;2024.10.28 01:00;4;20.5;20.6875;20.5;744;202;0;
2597;2024.10.28 01:15;4;20.5;20.6875;20.5;744;202;0;
2598;2024.10.28 01:30;4;20.5;20.6875;20.5;744;202;0;
2599;2024.10.28 01:45;4;20.5;20.6875;20.5;744;202;0;
2600;2024.10.28 02:00;4;20.5;20.6875;20.5;744;202;0;
2601;2024.10.28 02:15;4;20.5;20.6875;20.5;744;202;0;
2602;2024.10.28 02:30;4;20.5;20.6875;20.5;744;202;0;
2603;2024.10.28 02:45;4;20.5;20.6875;20.5;744;202;0;
2604;2024.10.28 03:00;4;20.5;20.6875;20.5;744;202;0;
2605;2024.10.28 03:15;4;20.4375;20.6875;20.5;743;202;0;
2606;2024.10.28 03:30;4;20.4375;20.6875;20.5;744;202;0;
2607;2024.10.28 03:45;4;20.4375;20.6875;20.5;743;202;0;
2608;2024.10.28 04:00;4;20.4375;20.625;20.5;743;202;0;
2609;2024.10.28 04:15;4;20.5;20.625;20.5;743;202;0;
2610;2024.10.28 04:30;4;20.5;20.625;20.5;743;202;0;
2611;2024.10.28 04:45;4;20.5;20.625;20.5;743;202;0;
2612;2024.10.28 05:00;4;20.5;20.6875;20.5;743;202;0;
2613;2024.10.28 05:15;4;20.5;20.6875;20.5;743;202;0;
2614;2024.10.28 05:30;4;20.5;20.6875;20.5625;744;202;0;
2615;2024.10.28 05:45;4;20.5625;20.75;20.625;744;202;0;
2616;2024.10.28 06:00;4;20.625;20.75;20.625;744;202;0;
2617;2024.10.28 06:15;4;20.6875;20.8125;20.625;744;202;0;
2618;2024.10.28 06:30;4;20.75;20.875;20.6875;744;202;0;
2619;2024.10.28 06:45;4;20.75;20.875;20.75;744;202;0;
2620;2024.10.28 07:00;4;20.75;20.875;20.75;744;202;0;
2621;2024.10.28 07:15;4;20.75;20.875;20.75;744;202;0;
2622;2024.10.28 07:30;4;20.6875;20.875;20.625;744;202;0;
2623;2024.10.28 07:45;4;20.625;20.75;20.5;744;202;0;
2624;2024.10.28 08:00;4;20.625;20.75;20.5;743;202;0;
2625;2024.10.28 08:15;4;20.5625;20.75;20.5;743;202;0;
2626;2024.10.28 08:30;4;20.5625;20.6875;20.4375;743;202;0;
2627;2024.10.28 08:45;4;20.5625;20.625;20.4375;743;202;0;
2628;2024.10.28 09:00;4;20.5;20.625;20.375;743;202;0;
2629;2024.10.28 09:15;4;20.5;20.625;20.375;743;202;0;
2630;2024.10.28 09:30;4;20.5;20.625;20.375;743;202;0;
2631;2024.10.28 09:45;4;20.5;20.625;20.375;743;202;0;
2632;2024.10.28 10:00;4;20.5;20.625;20.375;743;202;0;
2633;2024.10.28 10:15;4;20.5;20.625;20.375;743;202;0;
2634;2024.10.28 10:30;4;20.5;20.625;20.375;743;202;0;
2635;2024.10.28 10:45;4;20.5;20.625;20.375;743;202;0;
2636;2024.10.28 11:00;4;20.5;20.625;20.4375;743;202;0;
2637;2024.10.28 11:15;4;20.5625;20.625;20.4375;743;202;0;
2638;2024.10.28 11:30;4;20.5625;20.625;20.4375;743;202;0;
2639;2024.10.28 11:45;4;20.5625;20.625;20.4375;743;202;0;
2640;2024.10.28 12:00;4;20.5625;20.625;20.4375;743;202;0;
2641;2024.10.28 12:15;4;20.5625;20.625;20.5;743;202;0;
2642;2024.10.28 12:30;4;20.5;20.625;20.5;743;202;0;
2643;2024.10.28 12:45;4;20.5;20.625;20.5;743;202;0;
2644;2024.10.28 13:00;4;20.5;20.625;20.5;743;202;0;
2645;2024.10.28 13:15;4;20.5;20.625;20.5;743;202;0;
2646;2024.10.28 13:30;4;20.5;20.625;20.4375;743;202;0;
2647;2024.10.28 13:45;4;20.5;20.625;20.4375;743;202;0;
2648;2024.10.28 14:00;4;20.5;20.625;20.4375;743;202;0;
2649;2024.10.28 14:15;4;20.5;20.625;20.4375;743;202;0;
2650;2024.10.28 14:30;4;20.4375;20.625;20.4375;743;202;0;
2651;2024.10.28 14:45;4;20.4375;20.625;20.375;743;202;0;
2652;2024.10.28 15:00;4;20.375;20.625;20.375;743;202;0;
2653;2024.10.28 15:15;4;20.375;20.625;20.375;743;202;0;
2654;2024.10.28 15:30;4;20.375;20.5625;20.375;743;202;0;
2655;2024.10.28 15:45;4;20.375;20.5;20.375;742;202;0;
2656;2024.10.28 16:00;4;20.375;20.5;20.375;742;202;0;
2657;2024.10.28 16:15;4;20.3125;20.5;20.375;742;202;0;
2658;2024.10.28 16:30;4;20.25;20.5;20.3125;742;202;0;
2659;2024.10.28 16:45;4;20.25;20.5;20.3125;742;202;0;
2660;2024.10.28 17:00;4;20.25;20.5;20.3125;742;202;0;
2661;2024.10.28 17:15;4;20.25;20.4375;20.25;742;202;0;
2662;2024.10.28 17:30;4;20.25;20.4375;20.25;742;202;0;
2663;2024.10.28 17:45;4;20.25;20.4375;20.25;742;202;0;
2664;2024.10.28 18:00;4;20.25;20.375;20.25;742;202;0;
2665;2024.10.28 18:15;4;20.25;20.375;20.25;742;202;0;
2666;2024.10.28 18:30;4;20.1875;20.375;20.25;742;202;0;
2667;2024.10.28 18:45;4;20.1875;20.375;20.25;742;202;0;
2668;2024.10.28 19:00;4;20.1875;20.375;20.25;742;202;0;
2669;2024.10.28 19:15;4;20.1875;20.375;20.25;742;202;0;
2670;2024.10.28 19:30;4;20.125;20.375;20.25;742;202;0;
2671;2024.10.28 19:45;4;20.125;20.375;20.25;742;202;0;
2672;2024.10.28 20:00;4;20.125;20.375;20.1875;742;202;0;
2673;2024.10.28 20:15;4;20.125;20.375;20.1875;742;202;0;
2674;2024.10.28 20:30;4;20.125;20.375;20.1875;742;202;0;
2675;2024.10.28 20:45;4;20.125;20.375;20.1875;742;202;0;
2676;2024.10.28 21:00;4;20.125;20.375;20.1875;742;202;0;
2677;2024.10.28 21:15;4;20.125;20.375;20.1875;742;202;0;
2678;2024.10.28 21:30;4;20.125;20.375;20.1875;742;202;0;
2679;2024.10.28 21:45;4;20.125;20.3125;20.125;741;202;0;
2680;2024.10.28 22:00;4;20.125;20.3125;20.125;741;202;0;
2681;2024.10.28 22:15;4;20.125;20.3125;20.125;741;202;0;
2682;2024.10.28 22:30;4;20.125;20.3125;20.125;741;202;0;
2683;2024.10.28 22:45;4;20.125;20.3125;20.125;741;202;0;
2684;2024.10.28 23:00;4;20.125;20.3125;20.125;741;202;0;
2685;2024.10.28 23:15;4;20.125;20.25;20.125;741;202;0;
2686;2024.10.28 23:30;4;20.125;20.25;20.125;741;202;0;
2687;2024.10.28 23:45;4;20.125;20.25;20.125;741;202;0;
2688;2024.10.29 00:00;4;20.125;20.25;20.125;741;202;0;
2689;2024.10.29 00:15;4;20.125;20.25;20.125;741;202;0;
2690;2024.10.29 00:30;4;20.125;20.25;20.125;741;202;0;
2691;2024.10.29 00:45;4;20.125;20.25;20.125;741;202;0;
2692;2024.10.29 01:00;4;20.125;20.25;20.125;741;202;0;
2693;2024.10.29 01:15;4;20.125;20.25;20.125;741;202;0;
2694;2024.10.29 01:30;4;20.0625;20.25;20.125;741;202;0;
2695;2024.10.29 01:45;4;20.125;20.25;20.125;741;202;0;
2696;2024.10.29 02:00;4;20.0625;20.25;20.125;741;202;0;
2697;2024.10.29 02:15;4;20.0625;20.25;20.125;741;202;0;
2698;2024.10.29 02:30;4;20.0625;20.25;20.125;741;202;0;
2699;2024.10.29 02:45;4;20.0625;20.25;20.125;741;202;0;
2700;2024.10.29 03:00;4;20.0625;20.25;20.125;741;202;0;
2701;2024.10.29 03:15;4;20.0625;20.25;20.125;741;202;0;
2702;2024.10.29 03:30;4;20.0625;20.25;20.125;741;202;0;
2703;2024.10.29 03:45;4;20.0625;20.25;20.125;741;202;0;
2704;2024.10.29 04:00;4;20.0625;20.25;20.125;741;202;0;
2705;2024.10.29 04:15;4;20;20.25;20.125;741;202;0;
2706;2024.10.29 04:30;4;20.0625;20.25;20.0625;741;202;0;
2707;2024.10.29 04:45;4;20;20.25;20.0625;741;202;0;
2708;2024.10.29 05:00;4;20;20.25;20.0625;741;202;0;
2709;2024.10.29 05:15;4;20;20.25;20.0625;741;202;0;
2710;2024.10.29 05:30;4;20;20.25;20.0625;741;202;0;
2711;2024.10.29 05:45;4;20;20.25;20.0625;741;202;0;
2712;2024.10.29 06:00;4;20;20.25;20.0625;741;202;0;
2713;2024.10.29 06:15;4;20;20.25;20.0625;741;202;0;
2714;2024.10.29 06:30;4;20.0625;20.25;20.0625;741;202;0;
2715;2024.10.29 06:45;4;20.125;20.25;20.0625;741;202;0;
2716;2024.10.29 07:00;4;20.125;20.25;20.125;741;202;0;
2717;2024.10.29 07:15;4;20.125;20.25;20.125;741;202;0;
2718;2024.10.29 07:30;4;20.125;20.25;20.125;741;202;0;
2719;2024.10.29 07:45;4;20.125;20.25;20.125;741;202;0;
2720;2024.10.29 08:00;4;20.125;20.3125;20.125;742;202;0;
2721;2024.10.29 08:15;4;20.125;20.3125;20.125;742;202;0;
2722;2024.10.29 08:30;4;20.1875;20.3125;20.125;742;202;0;
2723;2024.10.29 08:45;4;20.1875;20.3125;20.125;742;202;0;
2724;2024.10.29 09:00;4;20.25;20.375;20.125;742;202;0;
2725;2024.10.29 09:15;4;20.25;20.375;20.125;742;202;0;
2726;2024.10.29 09:30;4;20.25;20.375;20.1875;742;202;0;
2727;2024.10.29 09:45;4;20.25;20.375;20.25;742;202;0;
2728;2024.10.29 10:00;4;20.3125;20.375;20.25;742;202;0;
2729;2024.10.29 10:15;4;20.3125;20.375;20.25;742;202;0;
2730;2024.10.29 10:30;4;20.375;20.4375;20.25;742;202;0;
2731;2024.10.29 10:45;4;20.375;20.5;20.25;742;202;0;
2732;2024.10.29 11:00;4;20.375;20.5;20.3125;743;202;0;
2733;2024.10.29 11:15;4;20.4375;20.5;20.3125;743;202;0;
2734;2024.10.29 11:30;4;20.5;20.5;20.375;743;202;0;
2735;2024.10.29 11:45;4;20.5;20.5625;20.375;743;202;0;
2736;2024.10.29 12:00;4;20.5;20.5625;20.375;743;202;0;
2737;2024.10.29 12:15;4;20.5;20.625;20.375;743;202;0;
2738;2024.10.29 12:30;4;20.5;20.625;20.4375;743;202;0;
2739;2024.10.29 12:45;4;20.5;20.625;20.4375;743;202;0;
2740;2024.10.29 13:00;4;20.5625;20.625;20.5;743;202;0;
2741;2024.10.29 13:15;4;20.5625;20.625;20.5;743;202;0;
2742;2024.10.29 13:30;4;20.5625;20.625;20.5;743;202;0;
2743;2024.10.29 13:45;4;20.5625;20.625;20.5;743;202;0;
2744;2024.10.29 14:00;4;20.5;20.625;20.5;743;202;0;
2745;2024.10.29 14:15;4;20.5;20.625;20.5;743;202;0;
2746;2024.10.29 14:30;4;20.5;20.625;20.5;743;202;0;
2747;2024.10.29 14:45;4;20.5;20.625;20.5;743;202;0;
2748;2024.10.29 15:00;4;20.5;20.625;20.5;743;202;0;
2749;2024.10.29 15:15;4;20.5;20.625;20.5;743;202;0;
2750;2024.10.29 15:30;4;20.5;20.625;20.5;743;202;0;
2751;2024.10.29 15:45;4;20.5;20.625;20.5;743;202;0;
2752;2024.10.29 16:00;4;20.5;20.625;20.4375;743;202;0;
2753;2024.10.29 16:15;4;20.4375;20.625;20.4375;743;202;0;
2754;2024.10.29 16:30;4;20.375;20.625;20.4375;743;202;0;
2755;2024.10.29 16:45;4;20.375;20.625;20.375;743;202;0;
2756;2024.10.29 17:00;4;20.375;20.5625;20.375;743;202;0;
2757;2024.10.29 17:15;4;20.375;20.5625;20.375;743;202;0;
2758;2024.10.29 17:30;4;20.375;20.5625;20.375;743;202;0;
2759;2024.10.29 17:45;4;20.375;20.5;20.375;742;202;0;
2760;2024.10.29 18:00;4;20.375;20.5;20.375;743;202;0;
2761;2024.10.29 18:15;4;20.375;20.5;20.375;742;202;0;
2762;2024.10.29 18:30;4;20.375;20.5;20.375;742;202;0;
2763;2024.10.29 18:45;4;20.375;20.5;20.375;742;202;0;
2764;2024.10.29 19:00;4;20.3125;20.5;20.375;742;202;0;
2765;2024.10.29 19:15;4;20.3125;20.5;20.375;742;202;0;
2766;2024.10.29 19:30;4;20.3125;20.5;20.375;742;202;0;
2767;2024.10.29 19:45;4;20.3125;20.5;20.375;742;202;0;
2768;2024.10.29 20:00;4;20.3125;20.5;20.375;742;202;0;
2769;2024.10.29 20:15;4;20.3125;20.5;20.3125;742;202;0;
2770;2024.10.29 20:30;4;20.3125;20.5;20.3125;742;202;0;
2771;2024.10.29 20:45;4;20.25;20.5;20.3125;742;202;0;
2772;2024.10.29 21:00;4;20.25;20.5;20.3125;742;202;0;
2773;2024.10.29 21:15;4;20.25;20.5;20.3125;742;202;0;
2774;2024.10.29 21:30;4;20.25;20.4375;20.25;742;202;0;
2775;2024.10.29 21:45;4;20.25;20.4375;20.25;742;202;0;
2776;2024.10.29 22:00;4;20.25;20.4375;20.25;742;202;0;
2777;2024.10.29 22:15;4;20.25;20.4375;20.25;742;202;0;
2778;2024.10.29 22:30;4;20.25;20.4375;20.25;742;202;0;
2779;2024.10.29 22:45;4;20.25;20.4375;20.25;742;202;0;
2780;2024.10.29 23:00;4;20.25;20.4375;20.25;742;202;0;
2781;2024.10.29 23:15;4;20.25;20.4375;20.25;742;202;0;
2782;2024.10.29 23:30;4;20.25;20.375;20.25;742;202;0;
2783;2024.10.29 23:45;4;20.25;20.375;20.25;742;202;0;
2784;2024.10.30 00:00;4;20.25;20.375;20.25;742;202;0;
2785;2024.10.30 00:15;4;20.1875;20.375;20.25;742;202;0;
2786;2024.10.30 00:30;4;20.1875;20.375;20.25;742;202;0;
2787;2024.10.30 00:45;4;20.1875;20.375;20.25;742;202;0;
2788;2024.10.30 01:00;4;20.1875;20.375;20.25;742;202;0;
2789;2024.10.30 01:15;4;20.125;20.375;20.1875;742;202;0;
2790;2024.10.30 01:30;4;20.125;20.375;20.1875;742;202;0;
2791;2024.10.30 01:45;4;20.125;20.375;20.1875;742;202;0;
2792;2024.10.30 02:00;4;20.125;20.375;20.1875;742;202;0;
2793;2024.10.30 02:15;4;20.125;20.375;20.125;742;202;0;
2794;2024.10.30 02:30;4;20.125;20.3125;20.125;742;202;0;
2795;2024.10.30 02:45;4;20.125;20.3125;20.125;742;202;0;
2796;2024.10.30 03:00;4;20.125;20.3125;20.125;742;202;0;
2797;2024.10.30 03:15;4;20.125;20.25;20.125;742;202;0;
2798;2024.10.30 03:30;4;20.125;20.25;20.125;742;202;0;
2799;2024.10.30 03:45;4;20.125;20.25;20.125;741;202;0;
2800;2024.10.30 04:00;4;20.0625;20.25;20.125;741;202;0;
2801;2024.10.30 04:15;4;20.0625;20.25;20.125;741;202;0;
2802;2024.10.30 04:30;4;20;20.25;20.0625;741;202;0;
2803;2024.10.30 04:45;4;20;20.25;20.0625;741;202;0;
2804;2024.10.30 05:00;4;20;20.25;20;741;202;0;
2805;2024.10.30 05:15;4;20;20.25;20;741;202;0;
2806;2024.10.30 05:30;4;20;20.1875;20;741;202;0;
2807;2024.10.30 05:45;4;20;20.1875;20;741;202;0;
2808;2024.10.30 06:00;4;20;20.1875;20;741;202;0;
2809;2024.10.30 06:15;4;20;20.125;20;741;202;0;
2810;2024.10.30 06:30;4;20;20.125;20;741;202;0;
2811;2024.10.30 06:45;4;20;20.125;20;741;202;0;
2812;2024.10.30 07:00;4;20;20.1875;20;741;202;0;
2813;2024.10.30 07:15;4;20;20.1875;20;741;202;0;
2814;2024.10.30 07:30;4;20;20.1875;20;741;202;0;
2815;2024.10.30 07:45;4;20;20.1875;20;741;202;0;
2816;2024.10.30 08:00;4;20.0625;20.1875;20;741;202;0;
2817;2024.10.30 08:15;4;20.0625;20.25;20;741;202;0;
2818;2024.10.30 08:30;4;20.25;20.375;20.3125;742;202;0;
2819;2024.10.30 08:45;4;20.625;20.5625;20.625;743;202;0;
2820;2024.10.30 09:00;4;21;20.75;20.875;745;202;0;
2821;2024.10.30 09:15;4;21.25;21;21.0625;746;202;0;
2822;2024.10.30 09:30;4;21.5;21.25;21.25;747;202;0;
2823;2024.10.30 09:45;4;21.75;21.4375;21.375;748;202;0;
2824;2024.10.30 10:00;4;21.9375;21.625;21.625;749;202;0;
2825;2024.10.30 10:15;4;22.125;21.8125;21.75;750;202;0;
2826;2024.10.30 10:30;4;22.25;22;21.875;750;202;0;
2827;2024.10.30 10:45;4;22.375;22.125;22.0625;751;202;0;
2828;2024.10.30 11:00;4;22.5;22.25;22.125;752;202;0;
2829;2024.10.30 11:15;4;22.625;22.375;22.25;752;202;0;
2830;2024.10.30 11:30;4;22.625;22.4375;22.3125;753;202;0;
2831;2024.10.30 11:45;4;22.75;22.5;22.375;753;202;0;
2832;2024.10.30 12:00;4;22.75;22.625;22.4375;753;202;0;
2833;2024.10.30 12:15;4;22.875;22.6875;22.5;753;202;0;
2834;2024.10.30 12:30;4;22.875;22.75;22.625;758;202;0;
2835;2024.10.30 12:45;4;23;22.8125;22.625;759;202;0;
2836;2024.10.30 13:00;4;23;22.875;22.625;760;202;0;
2837;2024.10.30 13:15;4;23;22.875;22.75;760;202;0;
2838;2024.10.30 13:30;4;23.0625;22.9375;22.75;760;202;0;
2839;2024.10.30 13:45;4;23.125;23;22.75;760;202;0;
2840;2024.10.30 14:00;4;23.125;23;22.8125;761;202;0;
2841;2024.10.30 14:15;4;23.125;23.125;22.875;761;202;0;
2842;2024.10.30 14:30;4;23.125;23.125;22.875;761;202;0;
2843;2024.10.30 14:45;4;23.1875;23.125;22.9375;761;202;0;
2844;2024.10.30 15:00;4;23.25;23.1875;23;761;202;0;
2845;2024.10.30 15:15;4;23.25;23.25;23;761;202;0;
2846;2024.10.30 15:30;4;23.25;23.25;23;761;202;0;
2847;2024.10.30 15:45;4;23.125;23.25;23;761;202;0;
2848;2024.10.30 16:00;4;23;23.1875;23;761;202;0;
2849;2024.10.30 16:15;4;22.875;23.125;22.875;760;202;0;
2850;2024.10.30 16:30;4;22.75;23;22.875;760;202;0;
2851;2024.10.30 16:45;4;22.625;22.9375;22.75;760;202;0;
2852;2024.10.30 17:00;4;22.5;22.875;22.75;759;202;0;
2853;2024.10.30 17:15;4;22.5;22.8125;22.625;759;202;0;
2854;2024.10.30 17:30;4;22.375;22.75;22.625;759;202;0;
2855;2024.10.30 17:45;4;22.375;22.6875;22.5625;758;202;0;
2856;2024.10.30 18:00;4;22.3125;22.625;22.5;758;202;0;
2857;2024.10.30 18:15;4;22.25;22.625;22.5;758;202;0;
2858;2024.10.30 18:30;4;22.25;22.5625;22.5;758;202;0;
2859;2024.10.30 18:45;4;22.25;22.5;22.4375;758;202;0;
2860;2024.10.30 19:00;4;22.1875;22.5;22.375;758;202;0;
2861;2024.10.30 19:15;4;22.1875;22.5;22.375;758;202;0;
2862;2024.10.30 19:30;4;22.125;22.4375;22.375;758;202;0;
2863;2024.10.30 19:45;4;22.125;22.4375;22.375;757;202;0;
2864;2024.10.30 20:00;4;22.125;22.375;22.3125;757;202;0;
2865;2024.10.30 20:15;4;22.125;22.375;22.3125;757;202;0;
2866;2024.10.30 20:30;4;22.0625;22.375;22.25;757;202;0;
2867;2024.10.30 20:45;4;22.0625;22.375;22.25;757;202;0;
2868;2024.10.30 21:00;4;22.0625;22.3125;22.25;757;202;0;
2869;2024.10.30 21:15;4;22;22.3125;22.25;757;202;0;
2870;2024.10.30 21:30;4;22;22.25;22.25;757;202;0;
2871;2024.10.30 21:45;4;22;22.25;22.25;757;202;0;
2872;2024.10.30 22:00;4;22;22.25;22.1875;757;202;0;
2873;2024.10.30 22:15;4;22;22.25;22.1875;757;202;0;
2874;2024.10.30 22:30;4;22;22.25;22.1875;757;202;0;
2875;2024.10.30 22:45;4;22;22.25;22.125;757;202;0;
2876;2024.10.30 23:00;4;22;22.25;22.125;757;202;0;
2877;2024.10.30 23:15;4;22;22.25;22.125;757;202;0;
2878;2024.10.30 23:30;4;22;22.25;22.125;757;202;0;
2879;2024.10.30 23:45;4;22;22.25;22.125;757;202;0;
2880;2024.10.31 00:00;4;22;22.1875;22.125;757;202;0;
2881;2024.10.31 00:15;4;21.9375;22.1875;22.125;756;202;0;
2882;2024.10.31 00:30;4;21.9375;22.1875;22.125;756;202;0;
2883;2024.10.31 00:45;4;21.9375;22.1875;22.125;756;202;0;
2884;2024.10.31 01:00;4;21.9375;22.125;22.125;756;202;0;
2885;2024.10.31 01:15;4;21.9375;22.125;22.125;756;202;0;
2886;2024.10.31 01:30;4;21.875;22.125;22.0625;756;202;0;
2887;2024.10.31 01:45;4;21.875;22.125;22.0625;756;202;0;
2888;2024.10.31 02:00;4;21.875;22.125;22.0625;756;202;0;
2889;2024.10.31 02:15;4;21.875;22.125;22.0625;756;202;0;
2890;2024.10.31 02:30;4;21.875;22.125;22.0625;756;202;0;
2891;2024.10.31 02:45;4;21.875;22.125;22;756;202;0;
2892;2024.10.31 03:00;4;21.875;22.125;22;756;202;0;
2893;2024.10.31 03:15;4;21.875;22.125;22;756;202;0;
2894;2024.10.31 03:30;4;21.875;22.125;22;756;202;0;
2895;2024.10.31 03:45;4;21.875;22.125;22;756;202;0;
2896;2024.10.31 04:00;4;21.875;22.125;22;756;202;0;
2897;2024.10.31 04:15;4;21.875;22.125;22;756;202;0;
2898;2024.10.31 04:30;4;21.875;22.125;22;756;202;0;
2899;2024.10.31 04:45;4;21.875;22.125;22;756;202;0;
2900;2024.10.31 05:00;4;21.875;22.125;22;756;202;0;
2901;2024.10.31 05:15;4;21.875;22.125;22;756;202;0;
2902;2024.10.31 05:30;4;21.875;22.125;22;756;202;0;
2903;2024.10.31 05:45;4;21.875;22.125;22;756;202;0;
2904;2024.10.31 06:00;4;21.875;22.125;22;756;202;0;
2905;2024.10.31 06:15;4;22;22.125;22;756;202;0;
2906;2024.10.31 06:30;4;22.0625;22.1875;22.0625;757;202;0;
2907;2024.10.31 06:45;4;22.125;22.25;22.125;757;202;0;
2908;2024.10.31 07:00;4;22.25;22.25;22.125;757;202;0;
2909;2024.10.31 07:15;4;22.375;22.375;22.25;758;202;0;
2910;2024.10.31 07:30;4;22.375;22.375;22.25;758;202;0;
2911;2024.10.31 07:45;4;22.5;22.5;22.3125;758;202;0;
2912;2024.10.31 08:00;4;22.5;22.5;22.375;758;202;0;
2913;2024.10.31 08:15;4;22.625;22.625;22.4375;759;202;0;
2914;2024.10.31 08:30;4;22.75;22.6875;22.5;759;202;0;
2915;2024.10.31 08:45;4;22.8125;22.75;22.625;759;202;0;
2916;2024.10.31 09:00;4;22.875;22.8125;22.6875;760;202;0;
2917;2024.10.31 09:15;4;23;22.875;22.75;760;202;0;
2918;2024.10.31 09:30;4;23.0625;23;22.875;761;202;0;
2919;2024.10.31 09:45;4;23.125;23.0625;22.875;761;202;0;
2920;2024.10.31 10:00;4;23.125;23.125;23;761;202;0;
2921;2024.10.31 10:15;4;23.1875;23.1875;23;762;202;0;
2922;2024.10.31 10:30;4;23.25;23.25;23.0625;762;202;0;
2923;2024.10.31 10:45;4;23.25;23.25;23.125;762;202;0;
2924;2024.10.31 11:00;4;23.3125;23.3125;23.125;762;202;0;
2925;2024.10.31 11:15;4;23.3125;23.375;23.125;762;202;0;
2926;2024.10.31 11:30;4;23.375;23.375;23.125;762;202;0;
2927;2024.10.31 11:45;4;23.375;23.375;23.1875;762;202;0;
2928;2024.10.31 12:00;4;23.375;23.375;23.25;762;202;0;
2929;2024.10.31 12:15;4;23.375;23.4375;23.25;762;202;0;
2930;2024.10.31 12:30;4;23.4375;23.5;23.25;763;202;0;
2931;2024.10.31 12:45;4;23.5;23.5;23.3125;763;202;0;
2932;2024.10.31 13:00;4;23.5;23.5;23.3125;763;202;0;
2933;2024.10.31 13:15;4;23.5;23.5;23.375;763;202;0;
2934;2024.10.31 13:30;4;23.5;23.5625;23.375;763;202;0;
2935;2024.10.31 13:45;4;23.5625;23.625;23.375;763;202;0;
2936;2024.10.31 14:00;4;23.5625;23.625;23.375;763;202;0;
2937;2024.10.31 14:15;4;23.5625;23.625;23.4375;763;202;0;
2938;2024.10.31 14:30;4;23.5;23.625;23.4375;763;202;0;
2939;2024.10.31 14:45;4;23.5;23.625;23.4375;763;202;0;
2940;2024.10.31 15:00;4;23.5;23.625;23.4375;763;202;0;
2941;2024.10.31 15:15;4;23.4375;23.625;23.375;763;202;0;
2942;2024.10.31 15:30;4;23.375;23.5625;23.375;763;202;0;
2943;2024.10.31 15:45;4;23.3125;23.5;23.375;762;202;0;
2944;2024.10.31 16:00;4;23.1875;23.5;23.25;762;202;0;
2945;2024.10.31 16:15;4;23.125;23.375;23.25;762;202;0;
2946;2024.10.31 16:30;4;23;23.375;23.125;761;202;0;
2947;2024.10.31 16:45;4;22.9375;23.25;23.125;761;202;0;
2948;2024.10.31 17:00;4;22.875;23.25;23.0625;761;202;0;
2949;2024.10.31 17:15;4;22.8125;23.125;23;761;202;0;
2950;2024.10.31 17:30;4;22.75;23.125;23;760;202;0;
2951;2024.10.31 17:45;4;22.75;23.0625;22.875;760;202;0;
2952;2024.10.31 18:00;4;22.6875;23;22.875;760;202;0;
2953;2024.10.31 18:15;4;22.625;23;22.875;760;202;0;
2954;2024.10.31 18:30;4;22.625;22.9375;22.8125;759;202;0;
2955;2024.10.31 18:45;4;22.625;22.875;22.75;759;202;0;
2956;2024.10.31 19:00;4;22.5625;22.875;22.75;759;202;0;
2957;2024.10.31 19:15;4;22.5;22.875;22.75;759;202;0;
2958;2024.10.31 19:30;4;22.5;22.8125;22.6875;759;202;0;
2959;2024.10.31 19:45;4;22.5;22.75;22.6875;759;202;0;
2960;2024.10.31 20:00;4;22.5;22.75;22.625;759;202;0;
2961;2024.10.31 20:15;4;22.4375;22.75;22.625;758;202;0;
2962;2024.10.31 20:30;4;22.375;22.75;22.625;758;202;0;
2963;2024.10.31 20:45;4;22.375;22.6875;22.5625;758;202;0;
2964;2024.10.31 21:00;4;22.375;22.625;22.5625;758;202;0;
2965;2024.10.31 21:15;4;22.375;22.625;22.5;758;202;0;
2966;2024.10.31 21:30;4;22.3125;22.625;22.5;758;202;0;
2967;2024.10.31 21:45;4;22.3125;22.625;22.5;758;202;0;
2968;2024.10.31 22:00;4;22.25;22.5625;22.5;758;202;0;
2969;2024.10.31 22:15;4;22.25;22.5625;22.4375;758;202;0;
2970;2024.10.31 22:30;4;22.25;22.5;22.375;757;202;0;
2971;2024.10.31 22:45;4;22.25;22.5;22.375;757;202;0;
2972;2024.10.31 23:00;4;22.25;22.5;22.375;757;202;0;
2973;2024.10.31 23:15;4;22.1875;22.5;22.375;757;202;0;
2974;2024.10.31 23:30;4;22.1875;22.5;22.375;757;202;0;
2975;2024.10.31 23:45;4;22.125;22.4375;22.3125;757;202;0;
2976;2024.11.01 00:00;4;22.125;22.4375;22.3125;757;202;0;
2977;2024.11.01 00:15;4;22.125;22.375;22.25;757;202;0;
2978;2024.11.01 00:30;4;22.125;22.375;22.25;757;202;0;
2979;2024.11.01 00:45;4;22.125;22.375;22.25;757;202;0;
2980;2024.11.01 01:00;4;22.125;22.375;22.25;757;202;0;
2981;2024.11.01 01:15;4;22.125;22.375;22.25;757;202;0;
2982;2024.11.01 01:30;4;22.125;22.375;22.25;757;202;0;
2983;2024.11.01 01:45;4;22.0625;22.375;22.25;757;202;0;
2984;2024.11.01 02:00;4;22.0625;22.3125;22.25;756;202;0;
2985;2024.11.01 02:15;4;22.0625;22.3125;22.25;756;202;0;
2986;2024.11.01 02:30;4;22;22.3125;22.1875;756;202;0;
2987;2024.11.01 02:45;4;22;22.3125;22.1875;756;202;0;
2988;2024.11.01 03:00;4;22;22.25;22.1875;756;202;0;
2989;2024.11.01 03:15;4;22;22.25;22.1875;756;202;0;
2990;2024.11.01 03:30;4;22;22.25;22.125;756;202;0;
2991;2024.11.01 03:45;4;22;22.25;22.125;756;202;0;
2992;2024.11.01 04:00;4;22;22.25;22.125;756;202;0;
2993;2024.11.01 04:15;4;22;22.25;22.125;756;202;0;
2994;2024.11.01 04:30;4;22;22.25;22.125;756;202;0;
2995;2024.11.01 04:45;4;22;22.25;22.125;756;202;0;
2996;2024.11.01 05:00;4;22;22.25;22.125;756;202;0;
2997;2024.11.01 05:15;4;22;22.25;22.125;756;202;0;
2998;2024.11.01 05:30;4;22;22.25;22.125;756;202;0;
2999;2024.11.01 05:45;4;22;22.25;22.125;756;202;0;
3000;2024.11.01 06:00;4;22;22.25;22.125;756;202;0;
3001;2024.11.01 06:15;4;22.0625;22.25;22.125;756;202;0;
3002;2024.11.01 06:30;4;22.125;22.25;22.1875;757;202;0;
3003;2024.11.01 06:45;4;22.25;22.375;22.25;757;202;0;
3004;2024.11.01 07:00;4;22.3125;22.375;22.25;757;202;0;
3005;2024.11.01 07:15;4;22.375;22.4375;22.3125;757;202;0;
3006;2024.11.01 07:30;4;22.4375;22.5;22.375;758;202;0;
3007;2024.11.01 07:45;4;22.5;22.5625;22.375;758;202;0;
3008;2024.11.01 08:00;4;22.625;22.625;22.5;758;202;0;
3009;2024.11.01 08:15;4;22.6875;22.6875;22.5625;759;202;0;
3010;2024.11.01 08:30;4;22.875;22.8125;22.6875;760;202;0;
3011;2024.11.01 08:45;4;23.125;22.9375;22.875;760;202;0;
3012;2024.11.01 09:00;4;23.1875;23;22.9375;761;202;0;
3013;2024.11.01 09:15;4;23.25;23.125;23;761;202;0;
3014;2024.11.01 09:30;4;23.25;23.1875;23;761;202;0;
3015;2024.11.01 09:45;4;23.25;23.25;23.0625;761;202;0;
3016;2024.11.01 10:00;4;23.25;23.25;23.125;762;202;0;
3017;2024.11.01 10:15;4;23.25;23.3125;23.125;762;202;0;
3018;2024.11.01 10:30;4;23.3125;23.375;23.125;762;202;0;
3019;2024.11.01 10:45;4;23.3125;23.375;23.1875;762;202;0;
3020;2024.11.01 11:00;4;23.3125;23.375;23.25;762;202;0;
3021;2024.11.01 11:15;4;23.375;23.375;23.25;762;202;0;
3022;2024.11.01 11:30;4;23.375;23.375;23.25;762;202;0;
3023;2024.11.01 11:45;4;23.375;23.4375;23.25;762;202;0;
3024;2024.11.01 12:00;4;23.375;23.4375;23.25;762;202;0;
3025;2024.11.01 12:15;4;23.4375;23.5;23.375;762;202;0;
3026;2024.11.01 12:30;4;23.5;23.5;23.375;763;202;0;
3027;2024.11.01 12:45;4;23.5;23.5;23.375;763;202;0;
3028;2024.11.01 13:00;4;23.5;23.5;23.375;763;202;0;
3029;2024.11.01 13:15;4;23.5;23.5;23.375;763;202;0;
3030;2024.11.01 13:30;4;23.5;23.5;23.375;763;202;0;
3031;2024.11.01 13:45;4;23.4375;23.5;23.375;763;202;0;
3032;2024.11.01 14:00;4;23.4375;23.5;23.375;763;202;0;
3033;2024.11.01 14:15;4;23.4375;23.5625;23.375;763;202;0;
3034;2024.11.01 14:30;4;23.5;23.5625;23.375;763;202;0;
3035;2024.11.01 14:45;4;23.5;23.5625;23.375;763;202;0;
3036;2024.11.01 15:00;4;23.4375;23.5625;23.375;763;202;0;
3037;2024.11.01 15:15;4;23.375;23.5;23.375;762;202;0;
3038;2024.11.01 15:30;4;23.25;23.5;23.375;762;202;0;
3039;2024.11.01 15:45;4;23.125;23.4375;23.25;762;202;0;
3040;2024.11.01 16:00;4;23.0625;23.375;23.25;761;202;0;
3041;2024.11.01 16:15;4;23;23.3125;23.125;761;202;0;
3042;2024.11.01 16:30;4;22.875;23.25;23.125;761;202;0;
3043;2024.11.01 16:45;4;22.8125;23.125;23;760;202;0;
3044;2024.11.01 17:00;4;22.75;23.125;22.9375;760;202;0;
3045;2024.11.01 17:15;4;22.625;23;22.875;760;202;0;
3046;2024.11.01 17:30;4;22.625;22.9375;22.8125;759;202;0;
3047;2024.11.01 17:45;4;22.5;22.875;22.75;759;202;0;
3048;2024.11.01 18:00;4;22.5;22.8125;22.6875;759;202;0;
3049;2024.11.01 18:15;4;22.375;22.75;22.625;759;202;0;
3050;2024.11.01 18:30;4;22.375;22.75;22.5625;758;202;0;
3051;2024.11.01 18:45;4;22.3125;22.625;22.5;758;202;0;
3052;2024.11.01 19:00;4;22.25;22.625;22.5;758;202;0;
3053;2024.11.01 19:15;4;22.25;22.5;22.375;758;202;0;
3054;2024.11.01 19:30;4;22.1875;22.5;22.375;757;202;0;
3055;2024.11.01 19:45;4;22.125;22.4375;22.3125;757;202;0;
3056;2024.11.01 20:00;4;22.125;22.375;22.25;757;202;0;
3057;2024.11.01 20:15;4;22.125;22.375;22.25;757;202;0;
3058;2024.11.01 20:30;4;22.0625;22.375;22.25;757;202;0;
3059;2024.11.01 20:45;4;22;22.3125;22.1875;757;202;0;
3060;2024.11.01 21:00;4;22;22.25;22.125;757;202;0;
3061;2024.11.01 21:15;4;22;22.25;22.125;756;202;0;
3062;2024.11.01 21:30;4;21.9375;22.25;22.125;756;202;0;
3063;2024.11.01 21:45;4;21.9375;22.25;22.125;756;202;0;
3064;2024.11.01 22:00;4;21.875;22.1875;22.125;756;202;0;
3065;2024.11.01 22:15;4;21.875;22.1875;22.0625;756;202;0;
3066;2024.11.01 22:30;4;21.875;22.125;22.0625;756;202;0;
3067;2024.11.01 22:45;4;21.875;22.125;22;756;202;0;
3068;2024.11.01 23:00;4;21.875;22.125;22;756;202;0;
3069;2024.11.01 23:15;4;21.875;22.125;22;756;202;0;
3070;2024.11.01 23:30;4;21.8125;22.125;22;756;202;0;
3071;2024.11.01 23:45;4;21.75;22.0625;21.9375;756;202;0;
3072;2024.11.02 00:00;4;21.75;22;21.9375;755;202;0;
3073;2024.11.02 00:15;4;21.75;22;21.875;755;202;0;
3074;2024.11.02 00:30;4;21.75;22;21.875;755;202;0;
3075;2024.11.02 00:45;4;21.75;22;21.875;755;202;0;
3076;2024.11.02 01:00;4;21.75;22;21.875;755;202;0;
3077;2024.11.02 01:15;4;21.75;22;21.875;755;202;0;
3078;2024.11.02 01:30;4;21.75;21.9375;21.875;755;202;0;
3079;2024.11.02 01:45;4;21.75;21.9375;21.875;755;202;0;
3080;2024.11.02 02:00;4;21.75;21.9375;21.875;755;202;0;
3081;2024.11.02 02:15;4;21.75;21.9375;21.875;755;202;0;
3082;2024.11.02 02:30;4;21.75;21.9375;21.875;755;202;0;
3083;2024.11.02 02:45;4;21.75;21.9375;21.8125;755;202;0;
3084;2024.11.02 03:00;4;21.75;21.875;21.8125;755;202;0;
3085;2024.11.02 03:15;4;21.6875;21.875;21.8125;755;202;0;
3086;2024.11.02 03:30;4;21.6875;21.875;21.8125;755;202;0;
3087;2024.11.02 03:45;4;21.6875;21.875;21.75;755;202;0;
3088;2024.11.02 04:00;4;21.6875;21.875;21.75;755;202;0;
3089;2024.11.02 04:15;4;21.6875;21.875;21.75;755;202;0;
3090;2024.11.02 04:30;4;21.625;21.875;21.75;755;202;0;
3091;2024.11.02 04:45;4;21.625;21.875;21.75;755;202;0;
3092;2024.11.02 05:00;4;21.625;21.875;21.75;755;202;0;
3093;2024.11.02 05:15;4;21.625;21.875;21.75;755;202;0;
3094;2024.11.02 05:30;4;21.625;21.875;21.75;755;202;0;
3095;2024.11.02 05:45;4;21.625;21.875;21.75;755;202;0;
3096;2024.11.02 06:00;4;21.625;21.8125;21.75;756;202;0;
3097;2024.11.02 06:15;4;21.625;21.8125;21.75;756;202;0;
3098;2024.11.02 06:30;4;21.625;21.8125;21.75;756;202;0;
3099;2024.11.02 06:45;4;21.625;21.8125;21.6875;755;202;0;
3100;2024.11.02 07:00;4;21.625;21.8125;21.6875;756;202;0;
3101;2024.11.02 07:15;4;21.625;21.8125;21.6875;756;202;0;
3102;2024.11.02 07:30;4;21.625;21.8125;21.6875;756;202;0;
3103;2024.11.02 07:45;4;21.625;21.8125;21.6875;756;202;0;
3104;2024.11.02 08:00;4;21.6875;21.875;21.6875;756;202;0;
3105;2024.11.02 08:15;4;21.75;21.875;21.75;756;202;0;
3106;2024.11.02 08:30;4;21.75;21.875;21.75;756;202;0;
3107;2024.11.02 08:45;4;21.75;21.875;21.75;756;202;0;
3108;2024.11.02 09:00;4;21.75;21.875;21.75;756;202;0;
3109;2024.11.02 09:15;4;21.8125;21.875;21.75;756;202;0;
3110;2024.11.02 09:30;4;21.8125;21.9375;21.75;757;202;0;
3111;2024.11.02 09:45;4;21.875;21.9375;21.75;757;202;0;
3112;2024.11.02 10:00;4;21.875;21.9375;21.75;757;202;0;
3113;2024.11.02 10:15;4;21.8125;21.9375;21.75;757;202;0;
3114;2024.11.02 10:30;4;21.8125;21.9375;21.8125;757;202;0;
3115;2024.11.02 10:45;4;21.8125;21.9375;21.75;757;202;0;
3116;2024.11.02 11:00;4;21.8125;21.9375;21.8125;757;202;0;
3117;2024.11.02 11:15;4;21.875;22;21.8125;757;202;0;
3118;2024.11.02 11:30;4;21.875;22;21.8125;757;202;0;
3119;2024.11.02 11:45;4;21.875;22;21.8125;757;202;0;
3120;2024.11.02 12:00;4;21.875;22;21.8125;757;202;0;
3121;2024.11.02 12:15;4;21.875;22;21.8125;757;202;0;
3122;2024.11.02 12:30;4;21.875;22;21.8125;757;202;0;
3123;2024.11.02 12:45;4;21.8125;22;21.8125;757;202;0;
3124;2024.11.02 13:00;4;21.75;22;21.8125;757;202;0;
3125;2024.11.02 13:15;4;21.75;21.9375;21.8125;757;202;0;
3126;2024.11.02 13:30;4;21.75;21.9375;21.8125;757;202;0;
3127;2024.11.02 13:45;4;21.75;21.9375;21.8125;757;202;0;
3128;2024.11.02 14:00;4;21.75;21.9375;21.8125;757;202;0;
3129;2024.11.02 14:15;4;21.75;21.9375;21.75;757;202;0;
3130;2024.11.02 14:30;4;21.75;21.9375;21.8125;757;202;0;
3131;2024.11.02 14:45;4;21.75;21.9375;21.8125;757;202;0;
3132;2024.11.02 15:00;4;21.75;21.9375;21.8125;758;202;0;
3133;2024.11.02 15:15;4;21.75;21.875;21.75;758;202;0;
3134;2024.11.02 15:30;4;21.6875;21.875;21.75;758;202;0;
3135;2024.11.02 15:45;4;21.6875;21.875;21.75;758;202;0;
3136;2024.11.02 16:00;4;21.625;21.875;21.75;758;202;0;
3137;2024.11.02 16:15;4;21.625;21.875;21.75;758;202;0;
3138;2024.11.02 16:30;4;21.625;21.875;21.75;758;202;0;
3139;2024.11.02 16:45;4;21.625;21.875;21.75;758;202;0;
3140;2024.11.02 17:00;4;21.625;21.875;21.75;758;202;0;
3141;2024.11.02 17:15;4;21.625;21.875;21.75;758;202;0;
3142;2024.11.02 17:30;4;21.625;21.875;21.75;758;202;0;
3143;2024.11.02 17:45;4;21.625;21.875;21.75;758;202;0;
3144;2024.11.02 18:00;4;21.625;21.875;21.75;758;202;0;
3145;2024.11.02 18:15;4;21.625;21.875;21.75;758;202;0;
3146;2024.11.02 18:30;4;21.625;21.875;21.75;758;202;0;
3147;2024.11.02 18:45;4;21.625;21.875;21.75;758;202;0;
3148;2024.11.02 19:00;4;21.6875;21.875;21.75;758;202;0;
3149;2024.11.02 19:15;4;21.6875;21.875;21.75;758;202;0;
3150;2024.11.02 19:30;4;21.6875;21.875;21.75;759;202;0;
3151;2024.11.02 19:45;4;21.6875;21.875;21.75;759;202;0;
3152;2024.11.02 20:00;4;21.6875;21.875;21.75;759;202;0;
3153;2024.11.02 20:15;4;21.6875;21.875;21.75;759;202;0;
3154;2024.11.02 20:30;4;21.625;21.875;21.75;759;202;0;
3155;2024.11.02 20:45;4;21.625;21.875;21.75;759;202;0;
3156;2024.11.02 21:00;4;21.625;21.875;21.75;759;202;0;
3157;2024.11.02 21:15;4;21.625;21.875;21.75;759;202;0;
3158;2024.11.02 21:30;4;21.625;21.875;21.75;759;202;0;
3159;2024.11.02 21:45;4;21.625;21.875;21.75;759;202;0;
3160;2024.11.02 22:00;4;21.625;21.875;21.75;759;202;0;
3161;2024.11.02 22:15;4;21.625;21.875;21.75;759;202;0;
3162;2024.11.02 22:30;4;21.625;21.875;21.75;759;202;0;
3163;2024.11.02 22:45;4;21.625;21.875;21.75;759;202;0;
3164;2024.11.02 23:00;4;21.625;21.875;21.75;758;202;0;
3165;2024.11.02 23:15;4;21.625;21.8125;21.75;759;202;0;
3166;2024.11.02 23:30;4;21.625;21.8125;21.75;758;202;0;
3167;2024.11.02 23:45;4;21.625;21.8125;21.75;758;202;0;
3168;2024.11.03 00:00;4;21.625;21.8125;21.75;758;202;0;
3169;2024.11.03 00:15;4;21.5625;21.75;21.75;758;202;0;
3170;2024.11.03 00:30;4;21.5625;21.75;21.75;758;202;0;
3171;2024.11.03 00:45;4;21.5625;21.75;21.6875;758;202;0;
3172;2024.11.03 01:00;4;21.5625;21.75;21.6875;758;202;0;
3173;2024.11.03 01:15;4;21.5;21.75;21.6875;758;202;0;
3174;2024.11.03 01:30;4;21.5625;21.75;21.6875;758;202;0;
3175;2024.11.03 01:45;4;21.5625;21.75;21.6875;758;202;0;
3176;2024.11.03 02:00;4;21.5625;21.75;21.6875;758;202;0;
3177;2024.11.03 02:15;4;21.5625;21.75;21.6875;758;202;0;
3178;2024.11.03 02:30;4;21.5;21.75;21.6875;758;202;0;
3179;2024.11.03 02:45;4;21.5;21.75;21.6875;758;202;0;
3180;2024.11.03 03:00;4;21.5;21.75;21.625;758;202;0;
3181;2024.11.03 03:15;4;21.5;21.75;21.625;758;202;0;
3182;2024.11.03 03:30;4;21.5;21.75;21.625;758;202;0;
3183;2024.11.03 03:45;4;21.5;21.75;21.625;758;202;0;
3184;2024.11.03 04:00;4;21.5;21.75;21.625;758;202;0;
3185;2024.11.03 04:15;4;21.5;21.75;21.625;758;202;0;
3186;2024.11.03 04:30;4;21.5;21.75;21.625;758;202;0;
3187;2024.11.03 04:45;4;21.5;21.75;21.625;758;202;0;
3188;2024.11.03 05:00;4;21.5;21.6875;21.625;758;202;0;
3189;2024.11.03 05:15;4;21.5;21.6875;21.625;758;202;0;
3190;2024.11.03 05:30;4;21.5;21.6875;21.625;758;202;0;
3191;2024.11.03 05:45;4;21.4375;21.6875;21.625;758;202;0;
3192;2024.11.03 06:00;4;21.4375;21.6875;21.625;758;202;0;
3193;2024.11.03 06:15;4;21.4375;21.6875;21.625;758;202;0;
3194;2024.11.03 06:30;4;21.4375;21.6875;21.625;758;202;0;
3195;2024.11.03 06:45;4;21.4375;21.625;21.625;758;202;0;
3196;2024.11.03 07:00;4;21.4375;21.625;21.625;758;202;0;
3197;2024.11.03 07:15;4;21.4375;21.625;21.625;758;202;0;
3198;2024.11.03 07:30;4;21.4375;21.625;21.625;758;202;0;
3199;2024.11.03 07:45;4;21.5;21.6875;21.625;758;202;0;
3200;2024.11.03 08:00;4;21.5;21.6875;21.625;758;202;0;
3201;2024.11.03 08:15;4;21.5;21.6875;21.625;758;202;0;
3202;2024.11.03 08:30;4;21.5;21.6875;21.625;758;202;0;
3203;2024.11.03 08:45;4;21.5;21.6875;21.625;758;202;0;
3204;2024.11.03 09:00;4;21.5;21.75;21.625;758;202;0;
3205;2024.11.03 09:15;4;21.5;21.75;21.625;758;202;0;
3206;2024.11.03 09:30;4;21.5;21.75;21.625;758;202;0;
3207;2024.11.03 09:45;4;21.5;21.75;21.625;758;202;0;
3208;2024.11.03 10:00;4;21.5;21.75;21.625;758;202;0;
3209;2024.11.03 10:15;4;21.5625;21.75;21.625;758;202;0;
3210;2024.11.03 10:30;4;21.625;21.75;21.625;758;202;0;
3211;2024.11.03 10:45;4;21.625;21.75;21.625;758;202;0;
3212;2024.11.03 11:00;4;21.625;21.75;21.625;758;202;0;
3213;2024.11.03 11:15;4;21.625;21.75;21.6875;758;202;0;
3214;2024.11.03 11:30;4;21.625;21.75;21.6875;758;202;0;
3215;2024.11.03 11:45;4;21.625;21.75;21.6875;758;202;0;
3216;2024.11.03 12:00;4;21.625;21.8125;21.6875;758;202;0;
3217;2024.11.03 12:15;4;21.625;21.8125;21.6875;758;202;0;
3218;2024.11.03 12:30;4;21.625;21.8125;21.75;758;202;0;
3219;2024.11.03 12:45;4;21.625;21.875;21.75;758;202;0;
3220;2024.11.03 13:00;4;21.625;21.875;21.75;758;202;0;
3221;2024.11.03 13:15;4;21.625;21.875;21.75;758;202;0;
3222;2024.11.03 13:30;4;21.6875;21.875;21.75;758;202;0;
3223;2024.11.03 13:45;4;21.6875;21.875;21.75;758;202;0;
3224;2024.11.03 14:00;4;21.625;21.875;21.75;758;202;0;
3225;2024.11.03 14:15;4;21.625;21.875;21.75;758;202;0;
3226;2024.11.03 14:30;4;21.625;21.875;21.75;758;202;0;
3227;2024.11.03 14:45;4;21.625;21.875;21.75;758;202;0;
3228;2024.11.03 15:00;4;21.625;21.875;21.75;758;202;0;
3229;2024.11.03 15:15;4;21.625;21.875;21.75;758;202;0;
3230;2024.11.03 15:30;4;21.625;21.8125;21.75;757;202;0;
3231;2024.11.03 15:45;4;21.5625;21.8125;21.75;757;202;0;
3232;2024.11.03 16:00;4;21.5625;21.8125;21.75;757;202;0;
3233;2024.11.03 16:15;4;21.5;21.75;21.75;757;202;0;
3234;2024.11.03 16:30;4;21.5;21.75;21.6875;757;202;0;
3235;2024.11.03 16:45;4;21.5;21.75;21.6875;757;202;0;
3236;2024.11.03 17:00;4;21.5;21.75;21.625;757;202;0;
3237;2024.11.03 17:15;4;21.5;21.75;21.625;757;202;0;
3238;2024.11.03 17:30;4;21.5;21.75;21.625;757;202;0;
3239;2024.11.03 17:45;4;21.4375;21.75;21.625;757;202;0;
3240;2024.11.03 18:00;4;21.4375;21.6875;21.625;756;202;0;
3241;2024.11.03 18:15;4;21.4375;21.6875;21.625;756;202;0;
3242;2024.11.03 18:30;4;21.4375;21.6875;21.625;756;202;0;
3243;2024.11.03 18:45;4;21.375;21.625;21.625;756;202;0;
3244;2024.11.03 19:00;4;21.375;21.625;21.625;756;202;0;
3245;2024.11.03 19:15;4;21.375;21.625;21.5625;756;202;0;
3246;2024.11.03 19:30;4;21.375;21.625;21.5625;756;202;0;
3247;2024.11.03 19:45;4;21.375;21.625;21.5625;756;202;0;
3248;2024.11.03 20:00;4;21.375;21.625;21.5625;756;202;0;
3249;2024.11.03 20:15;4;21.375;21.625;21.5625;756;202;0;
3250;2024.11.03 20:30;4;21.375;21.625;21.5625;756;202;0;
3251;2024.11.03 20:45;4;21.375;21.625;21.5625;756;202;0;
3252;2024.11.03 21:00;4;21.375;21.625;21.5625;756;202;0;
3253;2024.11.03 21:15;4;21.375;21.625;21.5625;756;202;0;
3254;2024.11.03 21:30;4;21.375;21.625;21.5625;756;202;0;
3255;2024.11.03 21:45;4;21.375;21.625;21.5625;756;202;0;
3256;2024.11.03 22:00;4;21.375;21.625;21.5625;756;202;0;
3257;2024.11.03 22:15;4;21.375;21.625;21.5625;756;202;0;
3258;2024.11.03 22:30;4;21.375;21.625;21.5625;756;202;0;
3259;2024.11.03 22:45;4;21.375;21.625;21.5625;756;202;0;
3260;2024.11.03 23:00;4;21.375;21.625;21.5625;756;202;0;
3261;2024.11.03 23:15;4;21.375;21.625;21.5;756;202;0;
3262;2024.11.03 23:30;4;21.375;21.625;21.5;756;202;0;
3263;2024.11.03 23:45;4;21.375;21.625;21.5;756;202;0;
3264;2024.11.04 00:00;4;21.375;21.625;21.5;756;202;0;
3265;2024.11.04 00:15;4;21.375;21.625;21.5;756;202;0;
3266;2024.11.04 00:30;4;21.375;21.625;21.5;756;202;0;
3267;2024.11.04 00:45;4;21.375;21.625;21.5;756;202;0;
3268;2024.11.04 01:00;4;21.375;21.625;21.5;756;202;0;
3269;2024.11.04 01:15;4;21.375;21.625;21.5;756;202;0;
3270;2024.11.04 01:30;4;21.375;21.625;21.5;756;202;0;
3271;2024.11.04 01:45;4;21.375;21.625;21.5;756;202;0;
3272;2024.11.04 02:00;4;21.375;21.625;21.5;756;202;0;
3273;2024.11.04 02:15;4;21.375;21.625;21.5;756;202;0;
3274;2024.11.04 02:30;4;21.375;21.625;21.5;756;202;0;
3275;2024.11.04 02:45;4;21.375;21.625;21.5;756;202;0;
3276;2024.11.04 03:00;4;21.375;21.625;21.5;756;202;0;
3277;2024.11.04 03:15;4;21.375;21.625;21.5;756;202;0;
3278;2024.11.04 03:30;4;21.375;21.625;21.5;756;202;0;
3279;2024.11.04 03:45;4;21.375;21.625;21.5;756;202;0;
3280;2024.11.04 04:00;4;21.375;21.625;21.5;756;202;0;
3281;2024.11.04 04:15;4;21.375;21.625;21.5625;756;202;0;
3282;2024.11.04 04:30;4;21.375;21.625;21.5;756;202;0;
3283;2024.11.04 04:45;4;21.375;21.625;21.5625;756;202;0;
3284;2024.11.04 05:00;4;21.375;21.625;21.5625;756;202;0;
3285;2024.11.04 05:15;4;21.375;21.625;21.5625;756;202;0;
3286;2024.11.04 05:30;4;21.5;21.625;21.5625;756;202;0;
3287;2024.11.04 05:45;4;21.5625;21.6875;21.625;756;202;0;
3288;2024.11.04 06:00;4;21.625;21.75;21.625;756;202;0;
3289;2024.11.04 06:15;4;21.75;21.8125;21.625;757;202;0;
3290;2024.11.04 06:30;4;21.8125;21.875;21.75;757;202;0;
3291;2024.11.04 06:45;4;21.875;21.9375;21.75;757;202;0;
3292;2024.11.04 07:00;4;22;22;21.8125;757;202;0;
3293;2024.11.04 07:15;4;22.0625;22.0625;21.875;758;202;0;
3294;2024.11.04 07:30;4;22.125;22.125;21.9375;758;202;0;
3295;2024.11.04 07:45;4;22.25;22.1875;22;758;202;0;
3296;2024.11.04 08:00;4;22.375;22.25;22.125;759;202;0;
3297;2024.11.04 08:15;4;22.375;22.375;22.1875;759;202;0;
3298;2024.11.04 08:30;4;22.5;22.375;22.25;760;202;0;
3299;2024.11.04 08:45;4;22.5625;22.5;22.3125;760;202;0;
3300;2024.11.04 09:00;4;22.625;22.5625;22.375;760;202;0;
3301;2024.11.04 09:15;4;22.625;22.625;22.4375;760;202;0;
3302;2024.11.04 09:30;4;22.6875;22.625;22.5;761;202;0;
3303;2024.11.04 09:45;4;22.75;22.75;22.5;761;202;0;
3304;2024.11.04 10:00;4;22.75;22.75;22.5625;761;202;0;
3305;2024.11.04 10:15;4;22.75;22.75;22.625;761;202;0;
3306;2024.11.04 10:30;4;22.8125;22.8125;22.625;761;202;0;
3307;2024.11.04 10:45;4;22.875;22.875;22.625;761;202;0;
3308;2024.11.04 11:00;4;22.875;22.875;22.6875;761;202;0;
3309;2024.11.04 11:15;4;22.875;22.875;22.75;762;202;0;
3310;2024.11.04 11:30;4;22.875;22.9375;22.75;762;202;0;
3311;2024.11.04 11:45;4;22.9375;22.9375;22.75;762;202;0;
3312;2024.11.04 12:00;4;23;23;22.8125;762;202;0;
3313;2024.11.04 12:15;4;23;23;22.875;762;202;0;
3314;2024.11.04 12:30;4;23.125;23.125;23;763;202;0;
3315;2024.11.04 12:45;4;23.3125;23.1875;23.125;763;202;0;
3316;2024.11.04 13:00;4;23.5;23.3125;23.25;764;202;0;
3317;2024.11.04 13:15;4;23.5625;23.375;23.25;764;202;0;
3318;2024.11.04 13:30;4;23.5;23.5;23.25;765;202;0;
3319;2024.11.04 13:45;4;23.5;23.5;23.25;765;202;0;
3320;2024.11.04 14:00;4;23.4375;23.5;23.25;765;202;0;
3321;2024.11.04 14:15;4;23.4375;23.5;23.25;764;202;0;
3322;2024.11.04 14:30;4;23.375;23.5;23.25;764;202;0;
3323;2024.11.04 14:45;4;23.375;23.5;23.25;764;202;0;
3324;2024.11.04 15:00;4;23.375;23.5;23.25;764;202;0;
3325;2024.11.04 15:15;4;23.375;23.5;23.25;765;202;0;
3326;2024.11.04 15:30;4;23.375;23.5;23.25;765;202;0;
3327;2024.11.04 15:45;4;23.3125;23.5;23.25;764;202;0;
3328;2024.11.04 16:00;4;23.1875;23.4375;23.25;764;202;0;
3329;2024.11.04 16:15;4;23.0625;23.375;23.125;764;202;0;
3330;2024.11.04 16:30;4;22.9375;23.25;23.125;763;202;0;
3331;2024.11.04 16:45;4;22.875;23.1875;23;763;202;0;
3332;2024.11.04 17:00;4;22.75;23.125;23;762;202;0;
3333;2024.11.04 17:15;4;22.6875;23;22.875;762;202;0;
3334;2024.11.04 17:30;4;22.625;23;22.875;762;202;0;
3335;2024.11.04 17:45;4;22.5625;22.875;22.75;762;202;0;
3336;2024.11.04 18:00;4;22.5;22.875;22.75;761;202;0;
3337;2024.11.04 18:15;4;22.5;22.8125;22.6875;761;202;0;
3338;2024.11.04 18:30;4;22.5;22.75;22.625;761;202;0;
3339;2024.11.04 18:45;4;22.375;22.75;22.625;761;202;0;
3340;2024.11.04 19:00;4;22.375;22.75;22.625;761;202;0;
3341;2024.11.04 19:15;4;22.375;22.6875;22.5625;760;202;0;
3342;2024.11.04 19:30;4;22.375;22.625;22.5;760;202;0;
3343;2024.11.04 19:45;4;22.3125;22.625;22.5;760;202;0;
3344;2024.11.04 20:00;4;22.25;22.625;22.5;760;202;0;
3345;2024.11.04 20:15;4;22.25;22.5625;22.4375;760;202;0;
3346;2024.11.04 20:30;4;22.25;22.5;22.375;760;202;0;
3347;2024.11.04 20:45;4;22.25;22.5;22.375;760;202;0;
3348;2024.11.04 21:00;4;22.1875;22.5;22.375;760;202;0;
3349;2024.11.04 21:15;4;22.1875;22.5;22.375;760;202;0;
3350;2024.11.04 21:30;4;22.125;22.4375;22.375;759;202;0;
3351;2024.11.04 21:45;4;22.125;22.4375;22.3125;759;202;0;
3352;2024.11.04 22:00;4;22.125;22.375;22.25;759;202;0;
3353;2024.11.04 22:15;4;22.125;22.375;22.25;759;202;0;
3354;2024.11.04 22:30;4;22.125;22.375;22.25;759;202;0;
3355;2024.11.04 22:45;4;22.125;22.375;22.25;759;202;0;
3356;2024.11.04 23:00;4;22.125;22.375;22.25;759;202;0;
3357;2024.11.04 23:15;4;22.125;22.375;22.25;759;202;0;
3358;2024.11.04 23:30;4;22.0625;22.375;22.25;759;202;0;
3359;2024.11.04 23:45;4;22.0625;22.3125;22.25;759;202;0;
3360;2024.11.05 00:00;4;22.0625;22.3125;22.1875;759;202;0;
3361;2024.11.05 00:15;4;22;22.3125;22.1875;759;202;0;
3362;2024.11.05 00:30;4;22;22.3125;22.1875;759;202;0;
3363;2024.11.05 00:45;4;22;22.25;22.125;759;202;0;
3364;2024.11.05 01:00;4;22;22.25;22.125;759;202;0;
3365;2024.11.05 01:15;4;22;22.25;22.125;759;202;0;
3366;2024.11.05 01:30;4;22;22.25;22.125;758;202;0;
3367;2024.11.05 01:45;4;22;22.25;22.125;758;202;0;
3368;2024.11.05 02:00;4;22;22.25;22.125;758;202;0;
3369;2024.11.05 02:15;4;21.9375;22.25;22.125;758;202;0;
3370;2024.11.05 02:30;4;21.9375;22.1875;22.125;758;202;0;
3371;2024.11.05 02:45;4;21.875;22.1875;22.0625;758;202;0;
3372;2024.11.05 03:00;4;21.875;22.125;22.0625;758;202;0;
3373;2024.11.05 03:15;4;21.875;22.125;22.0625;758;202;0;
3374;2024.11.05 03:30;4;21.875;22.125;22;758;202;0;
3375;2024.11.05 03:45;4;21.875;22.125;22;758;202;0;
3376;2024.11.05 04:00;4;21.875;22.125;22;758;202;0;
3377;2024.11.05 04:15;4;21.875;22.125;22;758;202;0;
3378;2024.11.05 04:30;4;21.875;22.125;22;758;202;0;
3379;2024.11.05 04:45;4;21.875;22.125;22;758;202;0;
3380;2024.11.05 05:00;4;21.875;22.125;22;758;202;0;
3381;2024.11.05 05:15;4;21.875;22.125;22;758;202;0;
3382;2024.11.05 05:30;4;21.875;22.125;22;758;202;0;
3383;2024.11.05 05:45;4;21.875;22.125;22;758;202;0;
3384;2024.11.05 06:00;4;21.875;22.125;22;758;202;0;
3385;2024.11.05 06:15;4;21.875;22.125;22;758;202;0;
3386;2024.11.05 06:30;4;21.9375;22.125;22;758;202;0;
3387;2024.11.05 06:45;4;22;22.125;22.0625;758;202;0;
3388;2024.11.05 07:00;4;22.125;22.1875;22.125;759;202;0;
3389;2024.11.05 07:15;4;22.1875;22.25;22.125;759;202;0;
3390;2024.11.05 07:30;4;22.25;22.3125;22.1875;759;202;0;
3391;2024.11.05 07:45;4;22.25;22.375;22.25;759;202;0;
3392;2024.11.05 08:00;4;22.3125;22.375;22.25;760;202;0;
3393;2024.11.05 08:15;4;22.3125;22.4375;22.25;760;202;0;
3394;2024.11.05 08:30;4;22.25;22.4375;22.3125;760;202;0;
3395;2024.11.05 08:45;4;22.25;22.4375;22.3125;760;202;0;
3396;2024.11.05 09:00;4;22.125;22.375;22.3125;759;202;0;
3397;2024.11.05 09:15;4;22.0625;22.375;22.25;759;202;0;
3398;2024.11.05 09:30;4;22;22.3125;22.25;759;202;0;
3399;2024.11.05 09:45;4;22;22.3125;22.25;759;202;0;
3400;2024.11.05 10:00;4;22;22.25;22.25;759;202;0;
3401;2024.11.05 10:15;4;21.9375;22.25;22.1875;758;202;0;
3402;2024.11.05 10:30;4;21.9375;22.25;22.125;758;202;0;
3403;2024.11.05 10:45;4;21.875;22.25;22.125;758;202;0;
3404;2024.11.05 11:00;4;21.875;22.1875;22.125;758;202;0;
3405;2024.11.05 11:15;4;21.8125;22.125;22.0625;758;202;0;
3406;2024.11.05 11:30;4;21.8125;22.125;22;758;202;0;
3407;2024.11.05 11:45;4;21.875;22.125;22;758;202;0;
3408;2024.11.05 12:00;4;21.875;22.125;22.0625;758;202;0;
3409;2024.11.05 12:15;4;22;22.125;22.125;758;202;0;
3410;2024.11.05 12:30;4;22.125;22.25;22.125;759;202;0;
3411;2024.11.05 12:45;4;22.1875;22.25;22.1875;759;202;0;
3412;2024.11.05 13:00;4;22.25;22.375;22.25;759;202;0;
3413;2024.11.05 13:15;4;22.25;22.375;22.25;759;202;0;
3414;2024.11.05 13:30;4;22.375;22.4375;22.3125;760;202;0;
3415;2024.11.05 13:45;4;22.4375;22.5;22.375;760;202;0;
3416;2024.11.05 14:00;4;22.5;22.5;22.375;760;202;0;
3417;2024.11.05 14:15;4;22.5;22.625;22.4375;760;202;0;
3418;2024.11.05 14:30;4;22.5625;22.625;22.5;761;202;0;
3419;2024.11.05 14:45;4;22.625;22.625;22.5;761;202;0;
3420;2024.11.05 15:00;4;22.5625;22.625;22.5;761;202;0;
3421;2024.11.05 15:15;4;22.5;22.625;22.5625;761;202;0;
3422;2024.11.05 15:30;4;22.5;22.6875;22.5625;761;202;0;
3423;2024.11.05 15:45;4;22.5;22.6875;22.5625;761;202;0;
3424;2024.11.05 16:00;4;22.4375;22.625;22.5625;760;202;0;
3425;2024.11.05 16:15;4;22.375;22.625;22.5;760;202;0;
3426;2024.11.05 16:30;4;22.375;22.625;22.5;760;202;0;
3427;2024.11.05 16:45;4;22.3125;22.5625;22.5;760;202;0;
3428;2024.11.05 17:00;4;22.25;22.5;22.5;760;202;0;
3429;2024.11.05 17:15;4;22.25;22.5;22.4375;760;202;0;
3430;2024.11.05 17:30;4;22.25;22.5;22.375;760;202;0;
3431;2024.11.05 17:45;4;22.25;22.5;22.375;760;202;0;
3432;2024.11.05 18:00;4;22.1875;22.5;22.375;760;202;0;
3433;2024.11.05 18:15;4;22.1875;22.4375;22.375;759;202;0;
3434;2024.11.05 18:30;4;22.125;22.4375;22.375;759;202;0;
3435;2024.11.05 18:45;4;22.125;22.375;22.375;759;202;0;
3436;2024.11.05 19:00;4;22.125;22.375;22.3125;759;202;0;
3437;2024.11.05 19:15;4;22.125;22.375;22.3125;759;202;0;
3438;2024.11.05 19:30;4;22.125;22.375;22.25;759;202;0;
3439;2024.11.05 19:45;4;22.125;22.375;22.25;759;202;0;
3440;2024.11.05 20:00;4;22.0625;22.375;22.25;759;202;0;
3441;2024.11.05 20:15;4;22.0625;22.3125;22.25;759;202;0;
3442;2024.11.05 20:30;4;22;22.3125;22.25;759;202;0;
3443;2024.11.05 20:45;4;22;22.25;22.25;759;202;0;
3444;2024.11.05 21:00;4;22;22.25;22.1875;759;202;0;
3445;2024.11.05 21:15;4;22;22.25;22.1875;759;202;0;
3446;2024.11.05 21:30;4;22;22.25;22.125;759;202;0;
3447;2024.11.05 21:45;4;22;22.25;22.125;759;202;0;
3448;2024.11.05 22:00;4;22;22.25;22.125;759;202;0;
3449;2024.11.05 22:15;4;22;22.25;22.125;758;202;0;
3450;2024.11.05 22:30;4;22;22.25;22.125;758;202;0;
3451;2024.11.05 22:45;4;21.9375;22.1875;22.125;758;202;0;
3452;2024.11.05 23:00;4;21.9375;22.1875;22.125;758;202;0;
3453;2024.11.05 23:15;4;21.9375;22.1875;22.125;758;202;0;
3454;2024.11.05 23:30;4;21.875;22.125;22.125;758;202;0;
3455;2024.11.05 23:45;4;21.875;22.125;22.0625;758;202;0;
3967;2024.11.10 00:00;4;21.875;22.25;22.125;476;202;0;
3968;2024.11.10 00:15;4;21.875;22.25;22.125;476;202;0;
3969;2024.11.10 00:30;4;21.875;22.25;22.125;476;202;0;
3970;2024.11.10 00:45;4;21.875;22.1875;22.0625;475;202;0;
3971;2024.11.10 01:00;4;21.875;22.1875;22.0625;475;202;0;
3972;2024.11.10 01:15;4;21.875;22.1875;22.0625;475;202;0;
3973;2024.11.10 01:30;4;21.875;22.1875;22.0625;475;202;0;
3974;2024.11.10 01:45;4;21.875;22.125;22;475;202;0;
3975;2024.11.10 02:00;4;21.875;22.125;22;475;202;0;
3976;2024.11.10 02:15;4;21.875;22.125;22;475;202;0;
3977;2024.11.10 02:30;4;21.875;22.125;22;475;202;0;
3978;2024.11.10 02:45;4;21.8125;22.125;22;475;202;0;
3979;2024.11.10 03:00;4;21.8125;22.125;22;475;202;0;
3980;2024.11.10 03:15;4;21.8125;22.125;22;475;202;0;
3981;2024.11.10 03:30;4;21.8125;22.125;22;475;202;0;
3982;2024.11.10 03:45;4;21.8125;22.125;22;475;202;0;
3983;2024.11.10 04:00;4;21.75;22.125;22;475;202;0;
3984;2024.11.10 04:15;4;21.75;22.125;21.9375;475;202;0;
3985;2024.11.10 04:30;4;21.75;22.0625;21.9375;475;202;0;
3986;2024.11.10 04:45;4;21.75;22.0625;21.9375;475;202;0;
3987;2024.11.10 05:00;4;21.75;22.0625;21.9375;475;202;0;
3988;2024.11.10 05:15;4;21.75;22;21.9375;475;202;0;
3989;2024.11.10 05:30;4;21.75;22;21.875;475;202;0;
3990;2024.11.10 05:45;4;21.75;22;21.875;475;202;0;
3991;2024.11.10 06:00;4;21.75;22;21.875;475;202;0;
3992;2024.11.10 06:15;4;21.75;22;21.875;475;202;0;
3993;2024.11.10 06:30;4;21.875;22.0625;21.9375;475;202;0;
3994;2024.11.10 06:45;4;21.875;22.125;22;475;202;0;
3995;2024.11.10 07:00;4;22;22.125;22;475;202;0;
3996;2024.11.10 07:15;4;22.0625;22.1875;22;476;202;0;
3997;2024.11.10 07:30;4;22.125;22.25;22.125;476;202;0;
3998;2024.11.10 07:45;4;22.125;22.25;22.125;476;202;0;
3999;2024.11.10 08:00;4;22.25;22.3125;22.1875;476;202;0;
4000;2024.11.10 08:15;4;22.25;22.375;22.25;477;202;0;
4001;2024.11.10 08:30;4;22.375;22.4375;22.25;477;202;0;
4002;2024.11.10 08:45;4;22.375;22.5;22.375;477;202;0;
4003;2024.11.10 09:00;4;22.5;22.5;22.375;477;202;0;
4004;2024.11.10 09:15;4;22.5625;22.625;22.5;478;202;0;
4005;2024.11.10 09:30;4;22.6875;22.6875;22.5625;478;202;0;
4006;2024.11.10 09:45;4;22.875;22.8125;22.6875;479;202;0;
4007;2024.11.10 10:00;4;23;22.9375;22.8125;479;202;0;
4008;2024.11.10 10:15;4;23.125;23.0625;22.875;480;202;0;
4009;2024.11.10 10:30;4;23.25;23.125;23;481;202;0;
4010;2024.11.10 10:45;4;23.375;23.25;23.125;481;202;0;
4011;2024.11.10 11:00;4;23.5;23.375;23.25;482;202;0;
4012;2024.11.10 11:15;4;23.625;23.5;23.3125;482;202;0;
4013;2024.11.10 11:30;4;23.5;23.5;23.25;482;202;0;
4014;2024.11.10 11:45;4;23.375;23.5;23.1875;481;202;0;
4015;2024.11.10 12:00;4;23.25;23.375;23.125;481;202;0;
4016;2024.11.10 12:15;4;23.125;23.375;23.125;480;202;0;
4017;2024.11.10 12:30;4;23.0625;23.25;23.0625;480;202;0;
4018;2024.11.10 12:45;4;23;23.25;23;480;202;0;
4019;2024.11.10 13:00;4;22.9375;23.1875;23;479;202;0;
4020;2024.11.10 13:15;4;22.875;23.125;23;479;202;0;
4021;2024.11.10 13:30;4;22.8125;23.125;22.9375;479;202;0;
4022;2024.11.10 13:45;4;22.75;23.0625;22.875;479;202;0;
4023;2024.11.10 14:00;4;22.75;23;22.875;478;202;0;
4024;2024.11.10 14:15;4;22.75;23;22.875;478;202;0;
4025;2024.11.10 14:30;4;22.6875;23;22.875;478;202;0;
4026;2024.11.10 14:45;4;22.625;22.9375;22.8125;478;202;0;
4027;2024.11.10 15:00;4;22.5625;22.875;22.75;478;202;0;
4028;2024.11.10 15:15;4;22.5;22.875;22.75;477;202;0;
4029;2024.11.10 15:30;4;22.5;22.875;22.75;477;202;0;
4030;2024.11.10 15:45;4;22.5;22.8125;22.75;477;202;0;
4031;2024.11.10 16:00;4;22.5;22.75;22.6875;477;202;0;
4032;2024.11.10 16:15;4;22.375;22.75;22.625;477;202;0;
4033;2024.11.10 16:30;4;22.3125;22.75;22.625;476;202;0;
4034;2024.11.10 16:45;4;22.25;22.625;22.5;476;202;0;
4035;2024.11.10 17:00;4;22.25;22.625;22.5;476;202;0;
4036;2024.11.10 17:15;4;22.125;22.5625;22.5;476;202;0;
4037;2024.11.10 17:30;4;22.125;22.5;22.375;475;202;0;
4038;2024.11.10 17:45;4;22.0625;22.5;22.375;475;202;0;
4039;2024.11.10 18:00;4;22;22.4375;22.375;475;202;0;
4040;2024.11.10 18:15;4;22;22.375;22.3125;475;202;0;
4041;2024.11.10 18:30;4;22;22.375;22.25;475;202;0;
4042;2024.11.10 18:45;4;21.9375;22.375;22.25;475;202;0;
4043;2024.11.10 19:00;4;21.875;22.3125;22.25;474;202;0;
4044;2024.11.10 19:15;4;21.875;22.25;22.1875;474;202;0;
4045;2024.11.10 19:30;4;21.8125;22.25;22.125;474;202;0;
4046;2024.11.10 19:45;4;21.8125;22.25;22.125;474;202;0;
4047;2024.11.10 20:00;4;21.75;22.1875;22.125;474;202;0;
4048;2024.11.10 20:15;4;21.75;22.125;22;474;202;0;
4049;2024.11.10 20:30;4;21.75;22.125;22;474;202;0;
4050;2024.11.10 20:45;4;21.6875;22.125;22;474;202;0;
4051;2024.11.10 21:00;4;21.625;22.0625;22;473;202;0;
4052;2024.11.10 21:15;4;21.625;22;21.9375;473;202;0;
4053;2024.11.10 21:30;4;21.625;22;21.875;473;202;0;
4054;2024.11.10 21:45;4;21.625;22;21.875;473;202;0;
4055;2024.11.10 22:00;4;21.625;22;21.875;473;202;0;
4056;2024.11.10 22:15;4;21.5625;21.9375;21.875;473;202;0;
4057;2024.11.10 22:30;4;21.5625;21.875;21.875;473;202;0;
4058;2024.11.10 22:45;4;21.5;21.875;21.8125;473;202;0;
4059;2024.11.10 23:00;4;21.5;21.875;21.75;473;202;0;
4060;2024.11.10 23:15;4;21.5;21.875;21.75;473;202;0;
4061;2024.11.10 23:30;4;21.5;21.875;21.75;473;202;0;
4062;2024.11.10 23:45;4;21.5;21.8125;21.75;473;202;0;
4063;2024.11.07 00:00;4;21.4375;21.8125;21.75;473;202;151;
4064;2024.11.07 00:15;4;21.4375;21.75;21.6875;472;202;0;
4065;2024.11.07 00:30;4;21.375;21.75;21.6875;472;202;0;
4066;2024.11.07 00:45;4;21.375;21.75;21.625;472;202;0;
4067;2024.11.07 01:00;4;21.375;21.75;21.625;472;202;0;
4068;2024.11.07 01:15;4;21.375;21.75;21.625;472;202;0;
4069;2024.11.07 01:30;4;21.375;21.75;21.625;472;202;0;
4070;2024.11.07 01:45;4;21.375;21.6875;21.625;472;202;0;
4071;2024.11.07 02:00;4;21.3125;21.6875;21.5625;472;202;0;
4072;2024.11.07 02:15;4;21.3125;21.625;21.5625;472;202;0;
4073;2024.11.07 02:30;4;21.25;21.625;21.5625;472;202;0;
4074;2024.11.07 02:45;4;21.25;21.625;21.5;472;202;0;
4075;2024.11.07 03:00;4;21.25;21.625;21.5;472;202;0;
4076;2024.11.07 03:15;4;21.25;21.625;21.5;472;202;0;
4077;2024.11.07 03:30;4;21.25;21.625;21.5;472;202;0;
4078;2024.11.07 03:45;4;21.25;21.625;21.5;472;202;0;
4079;2024.11.07 04:00;4;21.25;21.5625;21.5;472;202;0;
4080;2024.11.07 04:15;4;21.25;21.5625;21.5;472;202;0;
4081;2024.11.07 04:30;4;21.25;21.5625;21.4375;472;202;0;
4082;2024.11.07 04:45;4;21.25;21.5625;21.4375;471;202;0;
4083;2024.11.07 05:00;4;21.25;21.5;21.4375;471;202;0;
4084;2024.11.07 05:15;4;21.1875;21.5;21.375;471;202;0;
4085;2024.11.07 05:30;4;21.1875;21.5;21.375;471;202;0;
4086;2024.11.07 05:45;4;21.1875;21.5;21.375;471;202;0;
4087;2024.11.07 06:00;4;21.1875;21.5;21.375;471;202;0;
4088;2024.11.07 06:15;4;21.25;21.5;21.375;471;202;0;
4089;2024.11.07 06:30;4;21.25;21.5;21.375;471;202;0;
4090;2024.11.07 06:45;4;21.25;21.5;21.375;472;202;0;
4091;2024.11.07 07:00;4;21.3125;21.5;21.4375;472;202;0;
4092;2024.11.07 07:15;4;21.375;21.5625;21.4375;472;202;0;
4093;2024.11.07 07:30;4;21.375;21.625;21.5;472;202;0;
4094;2024.11.07 07:45;4;21.375;21.625;21.5;472;202;0;
4095;2024.11.07 08:00;4;21.4375;21.625;21.5;472;202;0;
4096;2024.11.07 08:15;4;21.5;21.6875;21.5625;472;202;0;
4097;2024.11.07 08:30;4;21.5625;21.75;21.625;473;202;0;
4098;2024.11.07 08:45;4;21.625;21.75;21.625;473;202;0;
4099;2024.11.07 09:00;4;21.625;21.8125;21.75;473;202;0;
4100;2024.11.07 09:15;4;21.75;21.875;21.75;473;202;0;
4101;2024.11.07 09:30;4;21.8125;21.875;21.8125;474;202;0;
4102;2024.11.07 09:45;4;21.9375;22;21.875;474;202;0;
4103;2024.11.07 10:00;4;22;22.125;22;475;202;0;
4104;2024.11.07 10:15;4;22.125;22.1875;22.125;475;202;0;
4105;2024.11.07 10:30;4;22.25;22.25;22.1875;476;202;0;
4106;2024.11.07 10:45;4;22.375;22.375;22.25;476;202;0;
4107;2024.11.07 11:00;4;22.375;22.4375;22.25;476;202;0;
4108;2024.11.07 11:15;4;22.375;22.4375;22.25;476;202;0;
4109;2024.11.07 11:30;4;22.25;22.4375;22.25;476;202;0;
4110;2024.11.07 11:45;4;22.25;22.375;22.25;476;202;0;
4111;2024.11.07 12:00;4;22.1875;22.375;22.25;476;202;0;
4112;2024.11.07 12:15;4;22.1875;22.375;22.25;476;202;0;
4113;2024.11.07 12:30;4;22.1875;22.375;22.25;476;202;0;
4114;2024.11.07 12:45;4;22.25;22.375;22.25;476;202;0;
4115;2024.11.07 13:00;4;22.25;22.375;22.25;476;202;0;
4116;2024.11.07 13:15;4;22.25;22.375;22.25;476;202;0;
4117;2024.11.07 13:30;4;22.25;22.4375;22.3125;476;202;0;
4118;2024.11.07 13:45;4;22.25;22.5;22.3125;476;202;0;
4119;2024.11.07 14:00;4;22.25;22.4375;22.3125;476;202;0;
4120;2024.11.07 14:15;4;22.25;22.5;22.375;476;202;0;
4121;2024.11.07 14:30;4;22.25;22.5;22.375;476;202;0;
4122;2024.11.07 14:45;4;22.25;22.5;22.375;476;202;0;
4123;2024.11.07 15:00;4;22.25;22.5;22.375;476;202;0;
4124;2024.11.07 15:15;4;22.25;22.5;22.3125;476;202;0;
4125;2024.11.07 15:30;4;22.125;22.4375;22.3125;476;202;0;
4126;2024.11.07 15:45;4;22.125;22.375;22.25;476;202;0;
4127;2024.11.07 16:00;4;22.0625;22.375;22.25;476;202;0;
4128;2024.11.07 16:15;4;22;22.375;22.1875;475;202;0;
4129;2024.11.07 16:30;4;21.875;22.25;22.125;475;202;0;
4130;2024.11.07 16:45;4;21.8125;22.25;22.125;475;202;0;
4131;2024.11.07 17:00;4;21.75;22.125;22.0625;474;202;0;
4132;2024.11.07 17:15;4;21.6875;22.125;22;474;202;0;
4133;2024.11.07 17:30;4;21.6875;22.0625;22;474;202;0;
4134;2024.11.07 17:45;4;21.625;22;21.9375;474;202;0;
4135;2024.11.07 18:00;4;21.625;22;21.875;474;202;0;
4136;2024.11.07 18:15;4;21.625;22;21.875;474;202;0;
4137;2024.11.07 18:30;4;21.5625;21.9375;21.875;473;202;0;
4138;2024.11.07 18:45;4;21.5;21.875;21.8125;473;202;0;
4139;2024.11.07 19:00;4;21.5;21.875;21.75;473;202;0;
4140;2024.11.07 19:15;4;21.5;21.875;21.75;473;202;0;
4141;2024.11.07 19:30;4;21.5;21.875;21.75;473;202;0;
4142;2024.11.07 19:45;4;21.5;21.8125;21.75;473;202;0;
4143;2024.11.07 20:00;4;21.4375;21.75;21.75;473;202;0;
4144;2024.11.07 20:15;4;21.375;21.75;21.6875;473;202;0;
4145;2024.11.07 20:30;4;21.375;21.75;21.625;473;202;0;
4146;2024.11.07 20:45;4;21.375;21.75;21.625;473;202;0;
4147;2024.11.07 21:00;4;21.375;21.75;21.625;473;202;0;
4148;2024.11.07 21:15;4;21.375;21.75;21.625;472;202;0;
4149;2024.11.07 21:30;4;21.375;21.6875;21.625;472;202;0;
4150;2024.11.07 21:45;4;21.3125;21.625;21.625;472;202;0;
4151;2024.11.07 22:00;4;21.3125;21.625;21.5625;472;202;0;
4152;2024.11.07 22:15;4;21.25;21.625;21.5;472;202;0;
4153;2024.11.07 22:30;4;21.25;21.625;21.5;472;202;0;
4154;2024.11.07 22:45;4;21.25;21.625;21.5;472;202;0;
4155;2024.11.07 23:00;4;21.25;21.625;21.5;472;202;0;
4156;2024.11.07 23:15;4;21.25;21.5625;21.5;472;202;0;
4157;2024.11.07 23:30;4;21.25;21.5625;21.5;472;202;0;
4158;2024.11.07 23:45;4;21.1875;21.5625;21.4375;472;202;0;
4159;2024.11.08 00:00;4;21.1875;21.5;21.4375;472;202;0;
4160;2024.11.08 00:15;4;21.125;21.5;21.4375;472;202;0;
4161;2024.11.08 00:30;4;21.125;21.5;21.375;472;202;0;
4162;2024.11.08 00:45;4;21.125;21.5;21.375;472;202;0;
4163;2024.11.08 01:00;4;21.125;21.5;21.375;472;202;0;
4164;2024.11.08 01:15;4;21.125;21.5;21.375;472;202;0;
4165;2024.11.08 01:30;4;21.125;21.5;21.375;472;202;0;
4166;2024.11.08 01:45;4;21.125;21.4375;21.375;471;202;0;
4167;2024.11.08 02:00;4;21.125;21.4375;21.375;471;202;0;
4168;2024.11.08 02:15;4;21.0625;21.4375;21.3125;471;202;0;
4169;2024.11.08 02:30;4;21.0625;21.375;21.3125;471;202;0;
4170;2024.11.08 02:45;4;21.0625;21.375;21.3125;471;202;0;
4171;2024.11.08 03:00;4;21;21.375;21.25;471;202;0;
4172;2024.11.08 03:15;4;21;21.375;21.25;471;202;0;
4173;2024.11.08 03:30;4;21;21.375;21.25;471;202;0;
4174;2024.11.08 03:45;4;21;21.375;21.25;471;202;0;
4175;2024.11.08 04:00;4;21;21.375;21.25;471;202;0;
4176;2024.11.08 04:15;4;21;21.3125;21.25;471;202;0;
4177;2024.11.08 04:30;4;21;21.3125;21.25;471;202;0;
4178;2024.11.08 04:45;4;21;21.3125;21.25;471;202;0;
4179;2024.11.08 05:00;4;21;21.3125;21.1875;471;202;0;
4180;2024.11.08 05:15;4;20.9375;21.25;21.1875;471;202;0;
4181;2024.11.08 05:30;4;20.9375;21.25;21.1875;471;202;0;
4182;2024.11.08 05:45;4;20.875;21.25;21.125;471;202;0;
4183;2024.11.08 06:00;4;20.875;21.25;21.125;471;202;0;
4184;2024.11.08 06:15;4;20.875;21.25;21.125;471;202;0;
4185;2024.11.08 06:30;4;21;21.25;21.125;471;202;0;
4186;2024.11.08 06:45;4;21;21.25;21.125;471;202;0;
4187;2024.11.08 07:00;4;21;21.25;21.125;471;202;0;
4188;2024.11.08 07:15;4;21.0625;21.25;21.1875;471;202;0;
4189;2024.11.08 07:30;4;21.125;21.3125;21.1875;471;202;0;
4190;2024.11.08 07:45;4;21.125;21.375;21.25;471;202;0;
4191;2024.11.08 08:00;4;21.125;21.375;21.25;471;202;0;
4192;2024.11.08 08:15;4;21.1875;21.375;21.25;472;202;0;
4193;2024.11.08 08:30;4;21.25;21.4375;21.375;472;202;0;
4194;2024.11.08 08:45;4;21.3125;21.5;21.375;472;202;0;
4195;2024.11.08 09:00;4;21.3125;21.5;21.375;472;202;0;
4196;2024.11.08 09:15;4;21.375;21.5;21.4375;472;202;0;
4197;2024.11.08 09:30;4;21.4375;21.625;21.5;473;202;0;
4198;2024.11.08 09:45;4;21.5625;21.625;21.625;473;202;0;
4199;2024.11.08 10:00;4;21.6875;21.75;21.625;474;202;0;
4200;2024.11.08 10:15;4;21.8125;21.875;21.75;474;202;0;
4201;2024.11.08 10:30;4;21.875;21.875;21.75;474;202;0;
4202;2024.11.08 10:45;4;21.8125;21.9375;21.75;474;202;0;
4203;2024.11.08 11:00;4;21.75;21.9375;21.75;474;202;0;
4204;2024.11.08 11:15;4;21.75;21.9375;21.75;474;202;0;
4205;2024.11.08 11:30;4;21.75;22;21.8125;474;202;0;
4206;2024.11.08 11:45;4;21.75;22;21.8125;474;202;0;
4207;2024.11.08 12:00;4;21.75;22;21.8125;474;202;0;
4208;2024.11.08 12:15;4;21.75;22;21.8125;474;202;0;
4209;2024.11.08 12:30;4;21.75;22;21.8125;474;202;0;
4210;2024.11.08 12:45;4;21.75;22;21.8125;474;202;0;
4211;2024.11.08 13:00;4;21.75;22;21.75;474;202;0;
4212;2024.11.08 13:15;4;21.75;21.9375;21.75;474;202;0;
4213;2024.11.08 13:30;4;21.6875;21.9375;21.75;474;202;0;
4214;2024.11.08 13:45;4;21.625;21.875;21.75;474;202;0;
4215;2024.11.08 14:00;4;21.625;21.875;21.75;474;202;0;
4216;2024.11.08 14:15;4;21.625;21.875;21.75;474;202;0;
4217;2024.11.08 14:30;4;21.625;21.875;21.75;473;202;0;
4218;2024.11.08 14:45;4;21.625;21.875;21.75;473;202;0;
4219;2024.11.08 15:00;4;21.5625;21.875;21.6875;473;202;0;
4220;2024.11.08 15:15;4;21.5;21.8125;21.625;473;202;0;
4221;2024.11.08 15:30;4;21.4375;21.75;21.625;473;202;0;
4222;2024.11.08 15:45;4;21.375;21.75;21.625;472;202;0;
4223;2024.11.08 16:00;4;21.375;21.75;21.5625;472;202;0;
4224;2024.11.08 16:15;4;21.25;21.625;21.5;472;202;0;
4225;2024.11.08 16:30;4;21.25;21.625;21.5;472;202;0;
4226;2024.11.08 16:45;4;21.25;21.625;21.5;472;202;0;
4227;2024.11.08 17:00;4;21.1875;21.5625;21.4375;472;202;0;
4228;2024.11.08 17:15;4;21.125;21.5;21.4375;471;202;0;
4229;2024.11.08 17:30;4;21.125;21.5;21.375;471;202;0;
4230;2024.11.08 17:45;4;21.125;21.5;21.375;471;202;0;
4231;2024.11.08 18:00;4;21.125;21.5;21.375;471;202;0;
4232;2024.11.08 18:15;4;21.0625;21.5;21.375;471;202;0;
4233;2024.11.08 18:30;4;21.0625;21.4375;21.375;471;202;0;
4234;2024.11.08 18:45;4;21;21.375;21.3125;471;202;0;
4235;2024.11.08 19:00;4;21;21.375;21.25;471;202;0;
4236;2024.11.08 19:15;4;21;21.375;21.25;471;202;0;
4237;2024.11.08 19:30;4;21;21.375;21.25;471;202;0;
4238;2024.11.08 19:45;4;21;21.375;21.25;471;202;0;
4239;2024.11.08 20:00;4;21;21.3125;21.25;471;202;0;
4240;2024.11.08 20:15;4;21;21.3125;21.25;471;202;0;
4241;2024.11.08 20:30;4;20.9375;21.3125;21.1875;471;202;0;
4242;2024.11.08 20:45;4;20.9375;21.25;21.1875;471;202;0;
4243;2024.11.08 21:00;4;20.9375;21.25;21.1875;471;202;0;
4244;2024.11.08 21:15;4;20.9375;21.25;21.125;471;202;0;
4245;2024.11.08 21:30;4;20.9375;21.25;21.125;471;202;0;
4246;2024.11.08 21:45;4;20.875;21.25;21.125;470;202;0;
4247;2024.11.08 22:00;4;20.875;21.25;21.125;470;202;0;
4248;2024.11.08 22:15;4;20.875;21.25;21.125;470;202;0;
4249;2024.11.08 22:30;4;20.875;21.25;21.125;470;202;0;
4250;2024.11.08 22:45;4;20.875;21.25;21.125;470;202;0;
4251;2024.11.08 23:00;4;20.875;21.25;21.125;470;202;0;
4252;2024.11.08 23:15;4;20.875;21.1875;21.125;470;202;0;
4253;2024.11.08 23:30;4;20.875;21.1875;21.125;470;202;0;
4254;2024.11.08 23:45;4;20.875;21.1875;21.0625;470;202;0;
4255;2024.11.09 00:00;4;20.875;21.1875;21.0625;470;202;0;
4256;2024.11.09 00:15;4;20.875;21.125;21.0625;470;202;0;
4257;2024.11.09 00:30;4;20.8125;21.125;21.0625;470;202;0;
4258;2024.11.09 00:45;4;20.8125;21.125;21;470;202;0;
4259;2024.11.09 01:00;4;20.8125;21.125;21;470;202;0;
4260;2024.11.09 01:15;4;20.8125;21.125;21;470;202;0;
4261;2024.11.09 01:30;4;20.75;21.125;21;470;202;0;
4262;2024.11.09 01:45;4;20.75;21.125;21;470;202;0;
4263;2024.11.09 02:00;4;20.75;21.125;21;470;202;0;
4264;2024.11.09 02:15;4;20.75;21.125;21;470;202;0;
4265;2024.11.09 02:30;4;20.75;21.125;21;470;202;0;
4266;2024.11.09 02:45;4;20.75;21.0625;21;470;202;0;
4267;2024.11.09 03:00;4;20.75;21.0625;20.9375;470;202;0;
4268;2024.11.09 03:15;4;20.75;21.0625;20.9375;470;202;0;
4269;2024.11.09 03:30;4;20.75;21.0625;20.9375;470;202;0;
4270;2024.11.09 03:45;4;20.75;21;20.875;470;202;0;
4271;2024.11.09 04:00;4;20.75;21;20.875;470;202;0;
4272;2024.11.09 04:15;4;20.75;21;20.875;469;202;0;
4273;2024.11.09 04:30;4;20.75;21;20.875;469;202;0;
4274;2024.11.09 04:45;4;20.6875;21;20.875;469;202;0;
4275;2024.11.09 05:00;4;20.6875;21;20.875;469;202;0;
4276;2024.11.09 05:15;4;20.6875;21;20.875;469;202;0;
4277;2024.11.09 05:30;4;20.6875;21;20.875;469;202;0;
4278;2024.11.09 05:45;4;20.625;21;20.875;469;202;0;
4279;2024.11.09 06:00;4;20.625;21;20.875;469;202;0;
4280;2024.11.09 06:15;4;20.625;21;20.875;469;202;0;
4281;2024.11.09 06:30;4;20.625;21;20.875;469;202;0;
4282;2024.11.09 06:45;4;20.625;20.9375;20.8125;469;202;0;
4283;2024.11.09 07:00;4;20.625;20.9375;20.8125;469;202;0;
4284;2024.11.09 07:15;4;20.625;20.9375;20.8125;469;202;0;
4285;2024.11.09 07:30;4;20.625;20.9375;20.8125;469;202;0;
4286;2024.11.09 07:45;4;20.625;20.9375;20.8125;469;202;0;
4287;2024.11.09 08:00;4;20.625;20.9375;20.8125;469;202;0;
4288;2024.11.09 08:15;4;20.625;20.9375;20.8125;469;202;0;
4289;2024.11.09 08:30;4;20.625;20.875;20.75;469;202;0;
4290;2024.11.09 08:45;4;20.625;20.875;20.75;469;202;0;
4291;2024.11.09 09:00;4;20.625;20.875;20.75;469;202;0;
4292;2024.11.09 09:15;4;20.625;20.875;20.75;469;202;0;
4293;2024.11.09 09:30;4;20.625;20.875;20.75;469;202;0;
4294;2024.11.09 09:45;4;20.625;20.875;20.75;469;202;0;
4295;2024.11.09 10:00;4;20.625;20.875;20.75;469;202;0;
4296;2024.11.09 10:15;4;20.625;20.875;20.75;469;202;0;
4297;2024.11.09 10:30;4;20.625;20.875;20.75;469;202;0;
4298;2024.11.09 10:45;4;20.625;20.875;20.75;469;202;0;
4299;2024.11.09 11:00;4;20.625;20.875;20.75;469;202;0;
4300;2024.11.09 11:15;4;20.625;20.875;20.75;469;202;0;
4301;2024.11.09 11:30;4;20.625;20.875;20.75;469;202;0;
4302;2024.11.09 11:45;4;20.625;20.875;20.75;469;202;0;
4303;2024.11.09 12:00;4;20.625;20.875;20.75;469;202;0;
4304;2024.11.09 12:15;4;20.625;20.875;20.75;469;202;0;
4305;2024.11.09 12:30;4;20.625;20.875;20.75;469;202;0;
4306;2024.11.09 12:45;4;20.625;20.875;20.75;469;202;0;
4307;2024.11.09 13:00;4;20.625;20.875;20.75;469;202;0;
4308;2024.11.09 13:15;4;20.5625;20.875;20.75;469;202;0;
4309;2024.11.09 13:30;4;20.5625;20.875;20.75;469;202;0;
4310;2024.11.09 13:45;4;20.5625;20.875;20.75;469;202;0;
4311;2024.11.09 14:00;4;20.5625;20.875;20.75;469;202;0;
4312;2024.11.09 14:15;4;20.5625;20.875;20.75;469;202;0;
4313;2024.11.09 14:30;4;20.5;20.8125;20.75;469;202;0;
4314;2024.11.09 14:45;4;20.5;20.8125;20.6875;469;202;0;
4315;2024.11.09 15:00;4;20.5;20.8125;20.6875;468;202;0;
4316;2024.11.09 15:15;4;20.5;20.8125;20.6875;468;202;0;
4317;2024.11.09 15:30;4;20.5;20.8125;20.6875;468;202;0;
4318;2024.11.09 15:45;4;20.5;20.8125;20.625;468;202;0;
4319;2024.11.09 16:00;4;20.5;20.75;20.625;468;202;0;
4320;2024.11.09 16:15;4;20.5;20.75;20.625;468;202;0;
4321;2024.11.09 16:30;4;20.5;20.75;20.625;468;202;0;
4322;2024.11.09 16:45;4;20.5;20.75;20.625;468;202;0;
4323;2024.11.09 17:00;4;20.5;20.75;20.625;468;202;0;
4324;2024.11.09 17:15;4;20.5;20.75;20.625;468;202;0;
4325;2024.11.09 17:30;4;20.5;20.75;20.625;468;202;0;
4326;2024.11.09 17:45;4;20.5;20.75;20.625;468;202;0;
4327;2024.11.09 18:00;4;20.4375;20.75;20.625;468;202;0;
4328;2024.11.09 18:15;4;20.4375;20.75;20.625;468;202;0;
4329;2024.11.09 18:30;4;20.4375;20.75;20.625;468;202;0;
4330;2024.11.09 18:45;4;20.4375;20.75;20.625;468;202;0;
4331;2024.11.09 19:00;4;20.375;20.75;20.625;468;202;0;
4332;2024.11.09 19:15;4;20.375;20.75;20.625;468;202;0;
4333;2024.11.09 19:30;4;20.375;20.75;20.625;468;202;0;
4334;2024.11.09 19:45;4;20.375;20.75;20.5625;468;202;0;
4335;2024.11.09 20:00;4;20.4375;20.6875;20.5625;468;202;0;
4336;2024.11.09 20:15;4;20.375;20.75;20.5625;468;202;0;
4337;2024.11.09 20:30;4;20.375;20.6875;20.5625;468;202;0;
4338;2024.11.09 20:45;4;20.375;20.6875;20.5625;468;202;0;
4339;2024.11.09 21:00;4;20.375;20.6875;20.5625;468;202;0;
4340;2024.11.09 21:15;4;20.375;20.6875;20.5;468;202;0;
4341;2024.11.09 21:30;4;20.375;20.6875;20.5625;468;202;0;
4342;2024.11.09 21:45;4;20.375;20.6875;20.5;468;202;0;
4343;2024.11.09 22:00;4;20.375;20.6875;20.5;468;202;0;
4344;2024.11.09 22:15;4;20.375;20.625;20.5;468;202;0;
4345;2024.11.09 22:30;4;20.375;20.625;20.5;468;202;0;
4346;2024.11.09 22:45;4;20.375;20.625;20.5;467;202;0;
4347;2024.11.09 23:00;4;20.375;20.625;20.5;468;202;0;
4348;2024.11.09 23:15;4;20.375;20.625;20.5;467;202;0;
4349;2024.11.09 23:30;4;20.375;20.625;20.5;467;202;0;
4350;2024.11.09 23:45;4;20.375;20.625;20.5;467;202;0;
4351;2024.11.10 00:00;4;20.375;20.625;20.5;467;202;0;
4352;2024.11.10 00:15;4;20.375;20.625;20.5;467;202;0;
4353;2024.11.10 00:30;4;20.375;20.625;20.5;467;202;0;
4354;2024.11.10 00:45;4;20.375;20.625;20.5;467;202;0;
4355;2024.11.10 01:00;4;20.375;20.625;20.5;467;202;0;
4356;2024.11.10 01:15;4;20.375;20.625;20.5;467;202;0;
4357;2024.11.10 01:30;4;20.3125;20.625;20.5;467;202;0;
4358;2024.11.10 01:45;4;20.3125;20.625;20.5;467;202;0;
4359;2024.11.10 02:00;4;20.3125;20.625;20.5;467;202;0;
4360;2024.11.10 02:15;4;20.3125;20.625;20.5;467;202;0;
4361;2024.11.10 02:30;4;20.3125;20.625;20.4375;467;202;0;
4362;2024.11.10 02:45;4;20.3125;20.5625;20.4375;467;202;0;
4363;2024.11.10 03:00;4;20.25;20.5625;20.4375;467;202;0;
4364;2024.11.10 03:15;4;20.25;20.5625;20.4375;467;202;0;
4365;2024.11.10 03:30;4;20.25;20.5625;20.375;467;202;0;
4366;2024.11.10 03:45;4;20.25;20.5625;20.4375;467;202;0;
4367;2024.11.10 04:00;4;20.25;20.5;20.375;467;202;0;
4368;2024.11.10 04:15;4;20.25;20.5;20.375;467;202;0;
4369;2024.11.10 04:30;4;20.25;20.5;20.375;467;202;0;
4370;2024.11.10 04:45;4;20.25;20.5;20.375;467;202;0;
4371;2024.11.10 05:00;4;20.25;20.5;20.375;467;202;0;
4372;2024.11.10 05:15;4;20.25;20.5;20.375;467;202;0;
4373;2024.11.10 05:30;4;20.25;20.5;20.375;467;202;0;
4374;2024.11.10 05:45;4;20.25;20.5;20.375;467;202;0;
4375;2024.11.10 06:00;4;20.25;20.5;20.375;467;202;0;
4376;2024.11.10 06:15;4;20.25;20.5;20.375;467;202;0;
4377;2024.11.10 06:30;4;20.25;20.5;20.375;467;202;0;
4378;2024.11.10 06:45;4;20.25;20.5;20.375;466;202;0;
4379;2024.11.10 07:00;4;20.25;20.5;20.375;466;202;0;
4380;2024.11.10 07:15;4;20.25;20.5;20.375;466;202;0;
4381;2024.11.10 07:30;4;20.25;20.5;20.375;466;202;0;
4382;2024.11.10 07:45;4;20.25;20.5;20.375;466;202;0;
4383;2024.11.10 08:00;4;20.1875;20.5;20.375;466;202;0;
4384;2024.11.10 08:15;4;20.1875;20.5;20.375;466;202;0;
4385;2024.11.10 08:30;4;20.1875;20.5;20.375;466;202;0;
4386;2024.11.10 08:45;4;20.1875;20.5;20.3125;466;202;0;
4387;2024.11.10 09:00;4;20.1875;20.5;20.3125;466;202;0;
4388;2024.11.10 09:15;4;20.1875;20.5;20.3125;466;202;0;
4389;2024.11.10 09:30;4;20.1875;20.4375;20.3125;466;202;0;
4390;2024.11.10 09:45;4;20.1875;20.4375;20.3125;466;202;0;
4391;2024.11.10 10:00;4;20.1875;20.4375;20.3125;466;202;0;
4392;2024.11.10 10:15;4;20.1875;20.4375;20.3125;466;202;0;
4393;2024.11.10 10:30;4;20.1875;20.4375;20.3125;466;202;0;
4394;2024.11.10 10:45;4;20.1875;20.4375;20.3125;466;202;0;
4395;2024.11.10 11:00;4;20.1875;20.5;20.3125;466;202;0;
4396;2024.11.10 11:15;4;20.1875;20.4375;20.3125;466;202;0;
4397;2024.11.10 11:30;4;20.1875;20.4375;20.3125;466;202;0;
4398;2024.11.10 11:45;4;20.1875;20.4375;20.3125;466;202;0;
4399;2024.11.10 12:00;4;20.1875;20.5;20.3125;466;202;0;
4400;2024.11.10 12:15;4;20.1875;20.4375;20.3125;466;202;0;
4401;2024.11.10 12:30;4;20.1875;20.4375;20.3125;466;202;0;
4402;2024.11.10 12:45;4;20.1875;20.4375;20.3125;466;202;0;
4403;2024.11.10 13:00;4;20.1875;20.4375;20.3125;466;202;0;
4404;2024.11.10 13:15;4;20.1875;20.4375;20.3125;466;202;0;
4405;2024.11.10 13:30;4;20.1875;20.4375;20.3125;466;202;0;
4406;2024.11.10 13:45;4;20.1875;20.4375;20.3125;466;202;0;
4407;2024.11.10 14:00;4;20.1875;20.4375;20.3125;466;202;0;
4408;2024.11.10 14:15;4;20.1875;20.4375;20.3125;466;202;0;
4409;2024.11.10 14:30;4;20.125;20.4375;20.3125;466;202;0;
4410;2024.11.10 14:45;4;20.1875;20.4375;20.3125;466;202;0;
4411;2024.11.10 15:00;4;20.125;20.4375;20.3125;466;202;0;
4412;2024.11.10 15:15;4;20.125;20.4375;20.3125;466;202;0;
4413;2024.11.10 15:30;4;20.125;20.4375;20.3125;466;202;0;
4414;2024.11.10 15:45;4;20.125;20.4375;20.3125;466;202;0;
4415;2024.11.10 16:00;4;20.125;20.375;20.25;466;202;0;
4416;2024.11.10 16:15;4;20.125;20.375;20.25;466;202;0;
4417;2024.11.10 16:30;4;20.125;20.375;20.25;466;202;0;
4418;2024.11.10 16:45;4;20.125;20.375;20.25;466;202;0;
4419;2024.11.10 17:00;4;20.125;20.375;20.25;466;202;0;
4420;2024.11.10 17:15;4;20.125;20.375;20.25;466;202;0;
4421;2024.11.10 17:30;4;20.125;20.375;20.25;466;202;0;
4422;2024.11.10 17:45;4;20.125;20.375;20.25;466;202;0;
4423;2024.11.10 18:00;4;20.125;20.375;20.25;466;202;0;
4424;2024.11.10 18:15;4;20.125;20.375;20.25;466;202;0;
4425;2024.11.10 18:30;4;20.125;20.375;20.25;466;202;0;
4426;2024.11.10 18:45;4;20.125;20.375;20.25;466;202;0;
4427;2024.11.10 19:00;4;20.125;20.375;20.25;466;202;0;
4428;2024.11.10 19:15;4;20.125;20.375;20.25;466;202;0;
4429;2024.11.10 19:30;4;20.125;20.375;20.25;466;202;0;
4430;2024.11.10 19:45;4;20.125;20.375;20.25;466;202;0;
4431;2024.11.10 20:00;4;20.125;20.375;20.25;466;202;0;
4432;2024.11.10 20:15;4;20.125;20.375;20.25;466;202;0;
4433;2024.11.10 20:30;4;20.125;20.375;20.25;466;202;0;
4434;2024.11.10 20:45;4;20.125;20.375;20.25;466;202;0;
4435;2024.11.10 21:00;4;20.125;20.375;20.25;466;202;0;
4436;2024.11.10 21:15;4;20.125;20.375;20.25;466;202;0;
4437;2024.11.10 21:30;4;20.125;20.375;20.25;466;202;0;
4438;2024.11.10 21:45;4;20.125;20.375;20.25;466;202;0;
4439;2024.11.10 22:00;4;20.125;20.375;20.25;466;202;0;
4440;2024.11.10 22:15;4;20.125;20.375;20.25;466;202;0;
4441;2024.11.10 22:30;4;20.125;20.375;20.25;466;202;0;
4442;2024.11.10 22:45;4;20.125;20.375;20.25;466;202;0;
4443;2024.11.10 23:00;4;20.125;20.375;20.25;466;202;0;
4444;2024.11.10 23:15;4;20.125;20.375;20.25;466;202;0;
4445;2024.11.10 23:30;4;20.125;20.375;20.25;466;202;0;
4446;2024.11.10 23:45;4;20.125;20.375;20.25;466;202;0;
4447;2024.11.11 00:00;4;20.125;20.375;20.25;466;202;0;
4448;2024.11.11 00:15;4;20.125;20.375;20.25;466;202;0;
4449;2024.11.11 00:30;4;20.125;20.375;20.25;466;202;0;
4450;2024.11.11 00:45;4;20.125;20.375;20.25;466;202;0;
4451;2024.11.11 01:00;4;20.125;20.375;20.25;466;202;0;
4452;2024.11.11 01:15;4;20.125;20.375;20.25;466;202;0;
4453;2024.11.11 01:30;4;20.125;20.375;20.25;466;202;0;
4454;2024.11.11 01:45;4;20.125;20.375;20.25;466;202;0;
4455;2024.11.11 02:00;4;20.125;20.375;20.25;466;202;0;
4456;2024.11.11 02:15;4;20.125;20.375;20.25;466;202;0;
4457;2024.11.11 02:30;4;20.125;20.375;20.25;466;202;0;
4458;2024.11.11 02:45;4;20.125;20.375;20.25;466;202;0;
4459;2024.11.11 03:00;4;20.0625;20.375;20.25;466;202;0;
4460;2024.11.11 03:15;4;20.0625;20.375;20.25;466;202;0;
4461;2024.11.11 03:30;4;20.0625;20.375;20.25;466;202;0;
4462;2024.11.11 03:45;4;20.0625;20.375;20.25;466;202;0;
4463;2024.11.11 04:00;4;20.0625;20.375;20.25;466;202;0;
4464;2024.11.11 04:15;4;20.0625;20.375;20.25;466;202;0;
4465;2024.11.11 04:30;4;20.0625;20.375;20.25;466;202;0;
4466;2024.11.11 04:45;4;20.0625;20.375;20.25;466;202;0;
4467;2024.11.11 05:00;4;20.0625;20.375;20.25;466;202;0;
4468;2024.11.11 05:15;4;20.0625;20.375;20.25;466;202;0;
4469;2024.11.11 05:30;4;20.0625;20.375;20.25;466;202;0;
4470;2024.11.11 05:45;4;20.125;20.375;20.25;466;202;0;
4471;2024.11.11 06:00;4;20.125;20.375;20.3125;466;202;0;
4472;2024.11.11 06:15;4;20.25;20.4375;20.375;466;202;0;
4473;2024.11.11 06:30;4;20.3125;20.5;20.375;467;202;0;
4474;2024.11.11 06:45;4;20.375;20.5625;20.5;467;202;0;
4475;2024.11.11 07:00;4;20.4375;20.625;20.5;467;202;0;
4476;2024.11.11 07:15;4;20.4375;20.625;20.5;468;202;0;
4477;2024.11.11 07:30;4;20.5;20.625;20.5;468;202;0;
4478;2024.11.11 07:45;4;20.5;20.6875;20.5;468;202;0;
4479;2024.11.11 08:00;4;20.5;20.6875;20.5625;468;202;0;
4480;2024.11.11 08:15;4;20.5;20.75;20.625;468;202;0;
4481;2024.11.11 08:30;4;20.5;20.75;20.625;468;202;0;
4482;2024.11.11 08:45;4;20.5625;20.75;20.625;468;202;0;
4483;2024.11.11 09:00;4;20.625;20.75;20.6875;469;202;0;
4484;2024.11.11 09:15;4;20.625;20.8125;20.75;469;202;0;
4485;2024.11.11 09:30;4;20.6875;20.875;20.75;469;202;0;
4486;2024.11.11 09:45;4;20.75;20.875;20.75;469;202;0;
4487;2024.11.11 10:00;4;20.75;20.9375;20.8125;469;202;0;
4488;2024.11.11 10:15;4;20.8125;21;20.875;470;202;0;
4489;2024.11.11 10:30;4;20.875;21;20.875;470;202;0;
4490;2024.11.11 10:45;4;20.875;21;20.9375;470;202;0;
4491;2024.11.11 11:00;4;20.9375;21.0625;21;470;202;0;
4492;2024.11.11 11:15;4;21;21.125;21;470;202;0;
4493;2024.11.11 11:30;4;21;21.125;21;470;202;0;
4494;2024.11.11 11:45;4;21;21.125;21;470;202;0;
4495;2024.11.11 12:00;4;21;21.1875;21.0625;471;202;0;
4496;2024.11.11 12:15;4;21.125;21.25;21.125;471;202;0;
4497;2024.11.11 12:30;4;21.125;21.25;21.125;471;202;0;
4498;2024.11.11 12:45;4;21.125;21.3125;21.1875;471;202;0;
4499;2024.11.11 13:00;4;21.1875;21.375;21.25;471;202;0;
4500;2024.11.11 13:15;4;21.25;21.375;21.25;471;202;0;
4501;2024.11.11 13:30;4;21.25;21.375;21.25;471;202;0;
4502;2024.11.11 13:45;4;21.25;21.375;21.25;471;202;0;
4503;2024.11.11 14:00;4;21.1875;21.375;21.25;471;202;0;
4504;2024.11.11 14:15;4;21.1875;21.375;21.25;471;202;0;
4505;2024.11.11 14:30;4;21.1875;21.375;21.25;471;202;0;
4506;2024.11.11 14:45;4;21.125;21.375;21.25;471;202;0;
4507;2024.11.11 15:00;4;21.125;21.375;21.25;471;202;0;
4508;2024.11.11 15:15;4;21.125;21.375;21.25;471;202;0;
4509;2024.11.11 15:30;4;21.125;21.375;21.25;471;202;0;
4510;2024.11.11 15:45;4;21.125;21.375;21.25;471;202;0;
4511;2024.11.11 16:00;4;21.0625;21.375;21.1875;471;202;0;
4512;2024.11.11 16:15;4;21;21.3125;21.1875;471;202;0;
4513;2024.11.11 16:30;4;21;21.25;21.125;471;202;0;
4514;2024.11.11 16:45;4;20.875;21.25;21.125;470;202;0;
4515;2024.11.11 17:00;4;20.875;21.25;21.125;470;202;0;
4516;2024.11.11 17:15;4;20.8125;21.1875;21.125;470;202;0;
4517;2024.11.11 17:30;4;20.75;21.125;21.0625;470;202;0;
4518;2024.11.11 17:45;4;20.75;21.125;21;470;202;0;
4519;2024.11.11 18:00;4;20.75;21.125;21;470;202;0;
4520;2024.11.11 18:15;4;20.6875;21.0625;21;470;202;0;
4521;2024.11.11 18:30;4;20.625;21;20.9375;469;202;0;
4522;2024.11.11 18:45;4;20.625;21;20.9375;469;202;0;
4523;2024.11.11 19:00;4;20.625;21;20.875;469;202;0;
4524;2024.11.11 19:15;4;20.5625;21;20.875;469;202;0;
4525;2024.11.11 19:30;4;20.5625;20.9375;20.875;469;202;0;
4526;2024.11.11 19:45;4;20.5;20.875;20.875;469;202;0;
4527;2024.11.11 20:00;4;20.5;20.875;20.8125;469;202;0;
4528;2024.11.11 20:15;4;20.5;20.875;20.75;469;202;0;
4529;2024.11.11 20:30;4;20.5;20.875;20.75;469;202;0;
4530;2024.11.11 20:45;4;20.5;20.875;20.75;469;202;0;
4531;2024.11.11 21:00;4;20.5;20.8125;20.75;469;202;0;
4532;2024.11.11 21:15;4;20.4375;20.8125;20.75;468;202;0;
4533;2024.11.11 21:30;4;20.4375;20.75;20.75;468;202;0;
4534;2024.11.11 21:45;4;20.375;20.75;20.6875;468;202;0;
4535;2024.11.11 22:00;4;20.375;20.75;20.625;468;202;0;
4536;2024.11.11 22:15;4;20.375;20.75;20.625;468;202;0;
4537;2024.11.11 22:30;4;20.375;20.75;20.625;468;202;0;
4538;2024.11.11 22:45;4;20.375;20.75;20.625;468;202;0;
4539;2024.11.11 23:00;4;20.375;20.75;20.625;468;202;0;
4540;2024.11.11 23:15;4;20.375;20.6875;20.625;468;202;0;
4541;2024.11.11 23:30;4;20.375;20.6875;20.625;468;202;0;
4542;2024.11.11 23:45;4;20.375;20.625;20.5625;468;202;0;
4543;2024.11.12 00:00;4;20.3125;20.625;20.5625;468;202;0;
4544;2024.11.12 00:15;4;20.3125;20.625;20.5;468;202;0;
4545;2024.11.12 00:30;4;20.3125;20.625;20.5;468;202;0;
4546;2024.11.12 00:45;4;20.3125;20.625;20.5;468;202;0;
4547;2024.11.12 01:00;4;20.25;20.625;20.5;468;202;0;
4548;2024.11.12 01:15;4;20.25;20.625;20.5;468;202;0;
4549;2024.11.12 01:30;4;20.25;20.625;20.5;468;202;0;
4550;2024.11.12 01:45;4;20.25;20.625;20.5;468;202;0;
4551;2024.11.12 02:00;4;20.25;20.625;20.5;468;202;0;
4552;2024.11.12 02:15;4;20.25;20.625;20.5;468;202;0;
4553;2024.11.12 02:30;4;20.25;20.5625;20.5;468;202;0;
4554;2024.11.12 02:45;4;20.25;20.5625;20.5;468;202;0;
4555;2024.11.12 03:00;4;20.25;20.5625;20.5;468;202;0;
4556;2024.11.12 03:15;4;20.25;20.5625;20.4375;468;202;0;
4557;2024.11.12 03:30;4;20.25;20.5625;20.4375;467;202;0;
4558;2024.11.12 03:45;4;20.25;20.5;20.4375;467;202;0;
4559;2024.11.12 04:00;4;20.25;20.5;20.4375;467;202;0;
4560;2024.11.12 04:15;4;20.25;20.5;20.4375;467;202;0;
4561;2024.11.12 04:30;4;20.25;20.5;20.375;467;202;0;
4562;2024.11.12 04:45;4;20.25;20.5;20.375;467;202;0;
4563;2024.11.12 05:00;4;20.25;20.5;20.375;467;202;0;
4564;2024.11.12 05:15;4;20.25;20.5;20.375;467;202;0;
4565;2024.11.12 05:30;4;20.1875;20.5;20.375;467;202;0;
4566;2024.11.12 05:45;4;20.1875;20.5;20.375;467;202;0;
4567;2024.11.12 06:00;4;20.1875;20.5;20.375;467;202;0;
4568;2024.11.12 06:15;4;20.25;20.5;20.375;467;202;0;
4569;2024.11.12 06:30;4;20.25;20.5;20.375;467;202;0;
4570;2024.11.12 06:45;4;20.25;20.5;20.375;467;202;0;
4571;2024.11.12 07:00;4;20.25;20.5;20.375;467;202;0;
4572;2024.11.12 07:15;4;20.3125;20.5;20.375;468;202;0;
4573;2024.11.12 07:30;4;20.375;20.5625;20.4375;468;202;0;
4574;2024.11.12 07:45;4;20.375;20.5625;20.4375;468;202;0;
4575;2024.11.12 08:00;4;20.375;20.625;20.5;468;202;0;
4576;2024.11.12 08:15;4;20.4375;20.625;20.5;468;202;0;
4577;2024.11.12 08:30;4;20.5;20.625;20.5;468;202;0;
4578;2024.11.12 08:45;4;20.5;20.625;20.5;468;202;0;
4579;2024.11.12 09:00;4;20.5;20.6875;20.5625;468;202;0;
4580;2024.11.12 09:15;4;20.5625;20.75;20.5625;468;202;0;
4581;2024.11.12 09:30;4;20.625;20.75;20.625;468;202;0;
4582;2024.11.12 09:45;4;20.625;20.75;20.625;469;202;0;
4583;2024.11.12 10:00;4;20.6875;20.75;20.625;469;202;0;
4584;2024.11.12 10:15;4;20.75;20.8125;20.6875;469;202;0;
4585;2024.11.12 10:30;4;20.75;20.875;20.6875;469;202;0;
4586;2024.11.12 10:45;4;20.75;20.875;20.75;469;202;0;
4587;2024.11.12 11:00;4;20.8125;20.875;20.75;469;202;0;
4588;2024.11.12 11:15;4;20.875;20.9375;20.75;469;202;0;
4589;2024.11.12 11:30;4;20.875;20.9375;20.75;469;202;0;
4590;2024.11.12 11:45;4;20.875;21;20.8125;469;202;0;
4591;2024.11.12 12:00;4;20.875;21;20.875;469;202;0;
4592;2024.11.12 12:15;4;20.875;21;20.875;469;202;0;
4593;2024.11.12 12:30;4;20.9375;21;20.875;469;202;0;
4594;2024.11.12 12:45;4;20.9375;21.0625;20.875;469;202;0;
4595;2024.11.12 13:00;4;20.9375;21.0625;20.875;469;202;0;
4596;2024.11.12 13:15;4;21;21.125;20.9375;469;202;0;
4597;2024.11.12 13:30;4;21;21.125;20.9375;470;202;0;
4598;2024.11.12 13:45;4;21;21.125;21;470;202;0;
4599;2024.11.12 14:00;4;21;21.125;21;470;202;0;
4600;2024.11.12 14:15;4;21;21.125;21;470;202;0;
4601;2024.11.12 14:30;4;21;21.125;21;470;202;0;
4602;2024.11.12 14:45;4;21;21.1875;21;470;202;0;
4603;2024.11.12 15:00;4;21;21.1875;21;470;202;0;
4604;2024.11.12 15:15;4;21;21.1875;21;470;202;0;
4605;2024.11.12 15:30;4;21;21.1875;21;470;202;0;
4606;2024.11.12 15:45;4;21;21.1875;21;469;202;0;
4607;2024.11.12 16:00;4;20.875;21.125;21;469;202;0;
4608;2024.11.12 16:15;4;20.8125;21.125;21;469;202;0;
4609;2024.11.12 16:30;4;20.75;21.0625;20.875;469;202;0;
4610;2024.11.12 16:45;4;20.75;21;20.875;468;202;0;
4611;2024.11.12 17:00;4;20.625;21;20.875;468;202;0;
4612;2024.11.12 17:15;4;20.625;20.9375;20.8125;468;202;0;
4613;2024.11.12 17:30;4;20.5625;20.875;20.75;468;202;0;
4614;2024.11.12 17:45;4;20.5;20.875;20.75;468;202;0;
4615;2024.11.12 18:00;4;20.5;20.875;20.75;468;202;0;
4616;2024.11.12 18:15;4;20.5;20.8125;20.6875;467;202;0;
4617;2024.11.12 18:30;4;20.5;20.8125;20.6875;467;202;0;
4618;2024.11.12 18:45;4;20.5;20.75;20.625;467;202;0;
4619;2024.11.12 19:00;4;20.4375;20.75;20.625;467;202;0;
4620;2024.11.12 19:15;4;20.4375;20.75;20.625;467;202;0;
4621;2024.11.12 19:30;4;20.4375;20.75;20.625;467;202;0;
4622;2024.11.12 19:45;4;20.4375;20.75;20.625;467;202;0;
4623;2024.11.12 20:00;4;20.375;20.75;20.625;467;202;0;
4624;2024.11.12 20:15;4;20.375;20.75;20.625;467;202;0;
4625;2024.11.12 20:30;4;20.375;20.75;20.625;467;202;0;
4626;2024.11.12 20:45;4;20.375;20.6875;20.5625;467;202;0;
4627;2024.11.12 21:00;4;20.375;20.6875;20.5625;467;202;0;
4628;2024.11.12 21:15;4;20.375;20.6875;20.5625;467;202;0;
4629;2024.11.12 21:30;4;20.375;20.625;20.5625;467;202;0;
4630;2024.11.12 21:45;4;20.375;20.625;20.5;467;202;0;
4631;2024.11.12 22:00;4;20.375;20.625;20.5;467;202;0;
4632;2024.11.12 22:15;4;20.375;20.625;20.5;467;202;0;
4633;2024.11.12 22:30;4;20.375;20.625;20.5;467;202;0;
4634;2024.11.12 22:45;4;20.375;20.625;20.5;467;202;0;
4635;2024.11.12 23:00;4;20.375;20.625;20.5;467;202;0;
4636;2024.11.12 23:15;4;20.375;20.625;20.5;467;202;0;
4637;2024.11.12 23:30;4;20.375;20.625;20.5;467;202;0;
4638;2024.11.12 23:45;4;20.375;20.625;20.5;467;202;0;
4639;2024.11.13 00:00;4;20.375;20.625;20.5;467;202;0;
4640;2024.11.13 00:15;4;20.3125;20.625;20.5;467;202;0;
4641;2024.11.13 00:30;4;20.3125;20.625;20.5;467;202;0;
4642;2024.11.13 00:45;4;20.3125;20.625;20.5;467;202;0;
4643;2024.11.13 01:00;4;20.3125;20.625;20.5;467;202;0;
4644;2024.11.13 01:15;4;20.3125;20.625;20.5;467;202;0;
4645;2024.11.13 01:30;4;20.25;20.5625;20.5;467;202;0;
4646;2024.11.13 01:45;4;20.25;20.5625;20.4375;467;202;0;
4647;2024.11.13 02:00;4;20.25;20.5625;20.4375;467;202;0;
4648;2024.11.13 02:15;4;20.25;20.5625;20.4375;466;202;0;
4649;2024.11.13 02:30;4;20.25;20.5;20.375;466;202;0;
4650;2024.11.13 02:45;4;20.25;20.5;20.375;466;202;0;
4651;2024.11.13 03:00;4;20.25;20.5;20.375;466;202;0;
4652;2024.11.13 03:15;4;20.25;20.5;20.375;466;202;0;
4653;2024.11.13 03:30;4;20.25;20.5;20.375;466;202;0;
4654;2024.11.13 03:45;4;20.25;20.5;20.375;466;202;0;
4655;2024.11.13 04:00;4;20.25;20.5;20.375;466;202;0;
4656;2024.11.13 04:15;4;20.25;20.5;20.375;466;202;0;
4657;2024.11.13 04:30;4;20.25;20.5;20.375;466;202;0;
4658;2024.11.13 04:45;4;20.25;20.5;20.375;466;202;0;
4659;2024.11.13 05:00;4;20.1875;20.5;20.375;466;202;0;
4660;2024.11.13 05:15;4;20.1875;20.5;20.375;466;202;0;
4661;2024.11.13 05:30;4;20.1875;20.5;20.375;466;202;0;
4662;2024.11.13 05:45;4;20.1875;20.5;20.375;466;202;0;
4663;2024.11.13 06:00;4;20.1875;20.5;20.375;466;202;0;
4664;2024.11.13 06:15;4;20.25;20.5;20.375;466;202;0;
4665;2024.11.13 06:30;4;20.25;20.5;20.375;466;202;0;
4666;2024.11.13 06:45;4;20.3125;20.5;20.375;467;202;0;
4667;2024.11.13 07:00;4;20.375;20.5;20.375;467;202;0;
4668;2024.11.13 07:15;4;20.375;20.5625;20.4375;467;202;0;
4669;2024.11.13 07:30;4;20.375;20.625;20.5;467;202;0;
4670;2024.11.13 07:45;4;20.4375;20.625;20.5;467;202;0;
4671;2024.11.13 08:00;4;20.5;20.625;20.5;467;202;0;
4672;2024.11.13 08:15;4;20.5;20.625;20.5;467;202;0;
4673;2024.11.13 08:30;4;20.5625;20.6875;20.5;467;202;0;
4674;2024.11.13 08:45;4;20.625;20.75;20.5625;468;202;0;
4675;2024.11.13 09:00;4;20.625;20.75;20.625;468;202;0;
4676;2024.11.13 09:15;4;20.625;20.75;20.625;468;202;0;
4677;2024.11.13 09:30;4;20.75;20.8125;20.6875;468;202;0;
4678;2024.11.13 09:45;4;20.75;20.875;20.75;468;202;0;
4679;2024.11.13 10:00;4;20.8125;20.875;20.75;468;202;0;
4680;2024.11.13 10:15;4;20.875;21;20.875;469;202;0;
4681;2024.11.13 10:30;4;20.9375;21;20.875;469;202;0;
4682;2024.11.13 10:45;4;21;21.0625;21;469;202;0;
4683;2024.11.13 11:00;4;21;21.125;21;469;202;0;
4684;2024.11.13 11:15;4;21.125;21.125;21;470;202;0;
4685;2024.11.13 11:30;4;21.125;21.1875;21.125;470;202;0;
4686;2024.11.13 11:45;4;21.125;21.25;21.125;470;202;0;
4687;2024.11.13 12:00;4;21.125;21.25;21.125;470;202;0;
4688;2024.11.13 12:15;4;21.1875;21.25;21.1875;470;202;0;
4689;2024.11.13 12:30;4;21.25;21.375;21.25;470;202;0;
4690;2024.11.13 12:45;4;21.25;21.375;21.25;471;202;0;
4691;2024.11.13 13:00;4;21.25;21.375;21.25;471;202;0;
4692;2024.11.13 13:15;4;21.3125;21.4375;21.3125;471;202;0;
4693;2024.11.13 13:30;4;21.375;21.5;21.375;471;202;0;
4694;2024.11.13 13:45;4;21.375;21.5;21.375;471;202;0;
4695;2024.11.13 14:00;4;21.375;21.5;21.375;471;202;0;
4696;2024.11.13 14:15;4;21.4375;21.5625;21.5;472;202;0;
4697;2024.11.13 14:30;4;21.5;21.625;21.5;472;202;0;
4698;2024.11.13 14:45;4;21.5;21.625;21.5;472;202;0;
4699;2024.11.13 15:00;4;21.5;21.625;21.5;472;202;0;
4700;2024.11.13 15:15;4;21.5;21.625;21.5;472;202;0;
4701;2024.11.13 15:30;4;21.5;21.6875;21.5625;472;202;0;
4702;2024.11.13 15:45;4;21.5;21.6875;21.5625;472;202;0;
4703;2024.11.13 16:00;4;21.4375;21.6875;21.5;472;202;0;
4704;2024.11.13 16:15;4;21.375;21.625;21.5;472;202;0;
4705;2024.11.13 16:30;4;21.25;21.625;21.5;471;202;0;
4706;2024.11.13 16:45;4;21.25;21.5625;21.4375;471;202;0;
4707;2024.11.13 17:00;4;21.1875;21.5;21.375;471;202;0;
4708;2024.11.13 17:15;4;21.125;21.5;21.375;471;202;0;
4709;2024.11.13 17:30;4;21.0625;21.4375;21.3125;471;202;0;
4710;2024.11.13 17:45;4;21;21.375;21.25;470;202;0;
4711;2024.11.13 18:00;4;21;21.375;21.25;470;202;0;
4712;2024.11.13 18:15;4;20.9375;21.3125;21.25;470;202;0;
4713;2024.11.13 18:30;4;20.875;21.25;21.1875;470;202;0;
4714;2024.11.13 18:45;4;20.875;21.25;21.125;470;202;0;
4715;2024.11.13 19:00;4;20.875;21.25;21.125;470;202;0;
4716;2024.11.13 19:15;4;20.8125;21.1875;21.125;470;202;0;
4717;2024.11.13 19:30;4;20.75;21.125;21.0625;469;202;0;
4718;2024.11.13 19:45;4;20.75;21.125;21.0625;469;202;0;
4719;2024.11.13 20:00;4;20.75;21.125;21;469;202;0;
4720;2024.11.13 20:15;4;20.75;21.125;21;469;202;0;
4721;2024.11.13 20:30;4;20.75;21.0625;21;469;202;0;
4722;2024.11.13 20:45;4;20.6875;21.0625;21;469;202;0;
4723;2024.11.13 21:00;4;20.625;21;21;469;202;0;
4724;2024.11.13 21:15;4;20.625;21;20.9375;469;202;0;
4725;2024.11.13 21:30;4;20.625;21;20.9375;469;202;0;
4726;2024.11.13 21:45;4;20.625;21;20.875;469;202;0;
4727;2024.11.13 22:00;4;20.625;21;20.875;469;202;0;
4728;2024.11.13 22:15;4;20.625;21;20.875;469;202;0;
4729;2024.11.13 22:30;4;20.5625;20.9375;20.875;469;202;0;
4730;2024.11.13 22:45;4;20.5625;20.875;20.875;469;202;0;
4731;2024.11.13 23:00;4;20.5;20.875;20.8125;469;202;0;
4732;2024.11.13 23:15;4;20.5;20.875;20.8125;469;202;0;
4733;2024.11.13 23:30;4;20.5;20.875;20.75;468;202;0;
4734;2024.11.13 23:45;4;20.5;20.875;20.75;468;202;0;
4735;2024.11.14 00:00;4;20.5;20.875;20.75;468;202;0;
4736;2024.11.14 00:15;4;20.5;20.8125;20.75;468;202;0;
4737;2024.11.14 00:30;4;20.4375;20.8125;20.75;468;202;0;
4738;2024.11.14 00:45;4;20.4375;20.75;20.75;468;202;0;
4739;2024.11.14 01:00;4;20.375;20.75;20.6875;468;202;0;
4740;2024.11.14 01:15;4;20.375;20.75;20.6875;468;202;0;
4741;2024.11.14 01:30;4;20.375;20.75;20.625;468;202;0;
4742;2024.11.14 01:45;4;20.375;20.75;20.625;468;202;0;
4743;2024.11.14 02:00;4;20.375;20.75;20.625;468;202;0;
4744;2024.11.14 02:15;4;20.375;20.75;20.625;468;202;0;
4745;2024.11.14 02:30;4;20.375;20.6875;20.625;468;202;0;
4746;2024.11.14 02:45;4;20.375;20.6875;20.625;468;202;0;
4747;2024.11.14 03:00;4;20.3125;20.6875;20.625;468;202;0;
4748;2024.11.14 03:15;4;20.3125;20.625;20.5625;468;202;0;
4749;2024.11.14 03:30;4;20.3125;20.625;20.5625;468;202;0;
4750;2024.11.14 03:45;4;20.25;20.625;20.5;468;202;0;
4751;2024.11.14 04:00;4;20.25;20.625;20.5;468;202;0;
4752;2024.11.14 04:15;4;20.25;20.625;20.5;467;202;0;
4753;2024.11.14 04:30;4;20.25;20.625;20.5;467;202;0;
4754;2024.11.14 04:45;4;20.25;20.625;20.5;467;202;0;
4755;2024.11.14 05:00;4;20.25;20.5625;20.5;467;202;0;
4756;2024.11.14 05:15;4;20.25;20.5625;20.5;467;202;0;
4757;2024.11.14 05:30;4;20.25;20.5;20.4375;467;202;0;
4758;2024.11.14 05:45;4;20.1875;20.5;20.4375;467;202;0;
4759;2024.11.14 06:00;4;20.1875;20.5;20.4375;467;202;0;
4760;2024.11.14 06:15;4;20.1875;20.5;20.375;467;202;0;
4761;2024.11.14 06:30;4;20.25;20.5;20.4375;467;202;0;
4762;2024.11.14 06:45;4;20.25;20.5;20.4375;467;202;0;
4763;2024.11.14 07:00;4;20.25;20.5;20.4375;467;202;0;
4764;2024.11.14 07:15;4;20.3125;20.5625;20.5;467;202;0;
4765;2024.11.14 07:30;4;20.375;20.625;20.5;468;202;0;
4766;2024.11.14 07:45;4;20.375;20.625;20.5;468;202;0;
4767;2024.11.14 08:00;4;20.4375;20.625;20.5;468;202;0;
4768;2024.11.14 08:15;4;20.5;20.6875;20.625;468;202;0;
4769;2024.11.14 08:30;4;20.5625;20.75;20.625;468;202;0;
4770;2024.11.14 08:45;4;20.625;20.75;20.75;469;202;0;
4771;2024.11.14 09:00;4;20.75;20.875;20.75;469;202;0;
4772;2024.11.14 09:15;4;20.875;21;20.875;469;202;0;
4773;2024.11.14 09:30;4;21;21;20.9375;470;202;0;
4774;2024.11.14 09:45;4;21;21.125;21;470;202;0;
4775;2024.11.14 10:00;4;21.125;21.125;21;470;202;0;
4776;2024.11.14 10:15;4;21.1875;21.25;21.125;471;202;0;
4777;2024.11.14 10:30;4;21.25;21.3125;21.1875;471;202;0;
4778;2024.11.14 10:45;4;21.375;21.375;21.3125;472;202;0;
4779;2024.11.14 11:00;4;21.5;21.5;21.375;472;202;0;
4780;2024.11.14 11:15;4;21.625;21.625;21.5;473;202;0;
4781;2024.11.14 11:30;4;21.6875;21.75;21.625;473;202;0;
4782;2024.11.14 11:45;4;21.75;21.75;21.625;473;202;0;
4783;2024.11.14 12:00;4;21.75;21.75;21.625;473;202;0;
4784;2024.11.14 12:15;4;21.75;21.8125;21.625;473;202;0;
4785;2024.11.14 12:30;4;21.75;21.8125;21.625;473;202;0;
4786;2024.11.14 12:45;4;21.75;21.875;21.6875;473;202;0;
4787;2024.11.14 13:00;4;21.75;21.875;21.75;473;202;0;
4788;2024.11.14 13:15;4;21.75;21.875;21.75;473;202;0;
4789;2024.11.14 13:30;4;21.75;21.875;21.75;473;202;0;
4790;2024.11.14 13:45;4;21.75;21.875;21.75;473;202;0;
4791;2024.11.14 14:00;4;21.6875;21.875;21.75;473;202;0;
4792;2024.11.14 14:15;4;21.625;21.875;21.75;473;202;0;
4793;2024.11.14 14:30;4;21.625;21.875;21.75;473;202;0;
4794;2024.11.14 14:45;4;21.625;21.875;21.75;473;202;0;
4795;2024.11.14 15:00;4;21.5625;21.875;21.75;472;202;0;
4796;2024.11.14 15:15;4;21.5;21.8125;21.6875;472;202;0;
4797;2024.11.14 15:30;4;21.5;21.8125;21.6875;472;202;0;
4798;2024.11.14 15:45;4;21.5;21.75;21.625;472;202;0;
4799;2024.11.14 16:00;4;21.375;21.75;21.625;472;202;0;
4800;2024.11.14 16:15;4;21.375;21.75;21.625;471;202;0;
4801;2024.11.14 16:30;4;21.25;21.625;21.5;471;202;0;
4802;2024.11.14 16:45;4;21.25;21.625;21.5;471;202;0;
4803;2024.11.14 17:00;4;21.125;21.5625;21.5;470;202;0;
4804;2024.11.14 17:15;4;21.125;21.5;21.375;470;202;0;
4805;2024.11.14 17:30;4;21;21.5;21.375;470;202;0;
4806;2024.11.14 17:45;4;21;21.375;21.375;470;202;0;
4807;2024.11.14 18:00;4;21;21.375;21.3125;470;202;0;
4808;2024.11.14 18:15;4;21;21.375;21.25;470;202;0;
4809;2024.11.14 18:30;4;20.9375;21.375;21.25;470;202;0;
4810;2024.11.14 18:45;4;20.9375;21.3125;21.25;469;202;0;
4811;2024.11.14 19:00;4;20.9375;21.3125;21.25;469;202;0;
4812;2024.11.14 19:15;4;20.875;21.25;21.1875;469;202;0;
4813;2024.11.14 19:30;4;20.875;21.25;21.1875;469;202;0;
4814;2024.11.14 19:45;4;20.875;21.25;21.125;469;202;0;
4815;2024.11.14 20:00;4;20.875;21.25;21.125;469;202;0;
4816;2024.11.14 20:15;4;20.875;21.25;21.125;469;202;0;
4817;2024.11.14 20:30;4;20.875;21.25;21.125;469;202;0;
4818;2024.11.14 20:45;4;20.8125;21.1875;21.125;469;202;0;
4819;2024.11.14 21:00;4;20.8125;21.125;21.0625;469;202;0;
4820;2024.11.14 21:15;4;20.8125;21.125;21;469;202;0;
4821;2024.11.14 21:30;4;20.75;21.125;21;469;202;0;
4822;2024.11.14 21:45;4;20.75;21.125;21;469;202;0;
4823;2024.11.14 22:00;4;20.75;21.125;21;469;202;0;
4824;2024.11.14 22:15;4;20.75;21.125;21;469;202;0;
4825;2024.11.14 22:30;4;20.75;21.0625;21;469;202;0;
4826;2024.11.14 22:45;4;20.75;21.0625;20.9375;469;202;0;
4827;2024.11.14 23:00;4;20.75;21;20.9375;468;202;0;
4828;2024.11.14 23:15;4;20.75;21;20.875;468;202;0;
4829;2024.11.14 23:30;4;20.75;21;20.875;468;202;0;
4830;2024.11.14 23:45;4;20.6875;21;20.875;468;202;0;
4831;2024.11.15 00:00;4;20.6875;21;20.875;468;202;0;
4832;2024.11.15 00:15;4;20.6875;21;20.875;468;202;0;
4833;2024.11.15 00:30;4;20.625;21;20.875;468;202;0;
4834;2024.11.15 00:45;4;20.625;21;20.875;468;202;0;
4835;2024.11.15 01:00;4;20.625;20.9375;20.875;468;202;0;
4836;2024.11.15 01:15;4;20.625;20.9375;20.8125;468;202;0;
4837;2024.11.15 01:30;4;20.625;20.9375;20.8125;468;202;0;
4838;2024.11.15 01:45;4;20.625;20.875;20.75;468;202;0;
4839;2024.11.15 02:00;4;20.625;20.875;20.75;468;202;0;
4840;2024.11.15 02:15;4;20.625;20.875;20.75;468;202;0;
4841;2024.11.15 02:30;4;20.625;20.875;20.75;468;202;0;
4842;2024.11.15 02:45;4;20.5625;20.875;20.75;468;202;0;
4843;2024.11.15 03:00;4;20.5625;20.875;20.75;468;202;0;
4844;2024.11.15 03:15;4;20.5625;20.875;20.75;468;202;0;
4845;2024.11.15 03:30;4;20.5;20.875;20.75;468;202;0;
4846;2024.11.15 03:45;4;20.5;20.8125;20.75;468;202;0;
4847;2024.11.15 04:00;4;20.5;20.8125;20.75;468;202;0;
4848;2024.11.15 04:15;4;20.5;20.8125;20.6875;467;202;0;
4849;2024.11.15 04:30;4;20.5;20.8125;20.6875;467;202;0;
4850;2024.11.15 04:45;4;20.5;20.75;20.6875;467;202;0;
4851;2024.11.15 05:00;4;20.5;20.75;20.625;467;202;0;
4852;2024.11.15 05:15;4;20.5;20.75;20.625;467;202;0;
4853;2024.11.15 05:30;4;20.5;20.75;20.625;467;202;0;
4854;2024.11.15 05:45;4;20.5;20.75;20.625;467;202;0;
4855;2024.11.15 06:00;4;20.5;20.75;20.625;467;202;0;
4856;2024.11.15 06:15;4;20.5;20.75;20.625;467;202;0;
4857;2024.11.15 06:30;4;20.625;20.8125;20.6875;468;202;0;
4858;2024.11.15 06:45;4;20.625;20.8125;20.75;468;202;0;
4859;2024.11.15 07:00;4;20.625;20.875;20.75;468;202;0;
4860;2024.11.15 07:15;4;20.75;20.875;20.75;468;202;0;
4861;2024.11.15 07:30;4;20.75;20.875;20.8125;468;202;0;
4862;2024.11.15 07:45;4;20.75;20.9375;20.875;469;202;0;
4863;2024.11.15 08:00;4;20.875;21;20.875;469;202;0;
4864;2024.11.15 08:15;4;20.875;21;20.9375;469;202;0;
4865;2024.11.15 08:30;4;21;21.125;21;469;202;0;
4866;2024.11.15 08:45;4;21.0625;21.125;21.125;470;202;0;
4867;2024.11.15 09:00;4;21.125;21.25;21.125;470;202;0;
4868;2024.11.15 09:15;4;21.125;21.25;21.1875;470;202;0;
4869;2024.11.15 09:30;4;21.25;21.375;21.25;471;202;0;
4870;2024.11.15 09:45;4;21.3125;21.375;21.375;471;202;0;
4871;2024.11.15 10:00;4;21.375;21.5;21.375;471;202;0;
4872;2024.11.15 10:15;4;21.375;21.5;21.375;471;202;0;
4873;2024.11.15 10:30;4;21.4375;21.5625;21.5;472;202;0;
4874;2024.11.15 10:45;4;21.4375;21.625;21.5;472;202;0;
4875;2024.11.15 11:00;4;21.5;21.625;21.5;472;202;0;
4876;2024.11.15 11:15;4;21.5;21.625;21.5;472;202;0;
4877;2024.11.15 11:30;4;21.5;21.625;21.5625;472;202;0;
4878;2024.11.15 11:45;4;21.5;21.6875;21.625;472;202;0;
4879;2024.11.15 12:00;4;21.5625;21.75;21.625;473;202;0;
4880;2024.11.15 12:15;4;21.5625;21.75;21.625;473;202;0;
4881;2024.11.15 12:30;4;21.625;21.75;21.6875;473;202;0;
4882;2024.11.15 12:45;4;21.625;21.8125;21.75;473;202;0;
4883;2024.11.15 13:00;4;21.625;21.875;21.75;473;202;0;
4884;2024.11.15 13:15;4;21.6875;21.875;21.75;473;202;0;
4885;2024.11.15 13:30;4;21.75;21.875;21.8125;474;202;0;
4886;2024.11.15 13:45;4;21.75;21.875;21.875;474;202;0;
4887;2024.11.15 14:00;4;21.75;21.9375;21.875;474;202;0;
4888;2024.11.15 14:15;4;21.75;22;21.875;474;202;0;
4889;2024.11.15 14:30;4;21.75;22;21.875;474;202;0;
4890;2024.11.15 14:45;4;21.75;22;21.9375;474;202;0;
4891;2024.11.15 15:00;4;21.75;22;21.9375;474;202;0;
4892;2024.11.15 15:15;4;21.75;22;21.9375;474;202;0;
4893;2024.11.15 15:30;4;21.75;22;21.875;474;202;0;
4894;2024.11.15 15:45;4;21.625;22;21.875;474;202;0;
4895;2024.11.15 16:00;4;21.625;21.9375;21.875;474;202;0;
4896;2024.11.15 16:15;4;21.5;21.875;21.8125;474;202;0;
4897;2024.11.15 16:30;4;21.5;21.875;21.75;473;202;0;
4898;2024.11.15 16:45;4;21.375;21.8125;21.75;473;202;0;
4899;2024.11.15 17:00;4;21.375;21.75;21.75;473;202;0;
4900;2024.11.15 17:15;4;21.3125;21.75;21.625;473;202;0;
4901;2024.11.15 17:30;4;21.25;21.6875;21.625;473;202;0;
4902;2024.11.15 17:45;4;21.25;21.625;21.5625;472;202;0;
4903;2024.11.15 18:00;4;21.125;21.625;21.5;472;202;0;
4904;2024.11.15 18:15;4;21.125;21.5;21.5;472;202;0;
4905;2024.11.15 18:30;4;21.125;21.5;21.5;472;202;0;
4906;2024.11.15 18:45;4;21.0625;21.5;21.375;472;202;0;
4907;2024.11.15 19:00;4;21;21.4375;21.375;472;202;0;
4908;2024.11.15 19:15;4;21;21.375;21.375;471;202;0;
4909;2024.11.15 19:30;4;21;21.375;21.3125;471;202;0;
4910;2024.11.15 19:45;4;21;21.375;21.25;471;202;0;
4911;2024.11.15 20:00;4;20.9375;21.3125;21.25;471;202;0;
4912;2024.11.15 20:15;4;20.9375;21.3125;21.25;471;202;0;
4913;2024.11.15 20:30;4;20.875;21.25;21.25;471;202;0;
4914;2024.11.15 20:45;4;20.875;21.25;21.25;471;202;0;
4915;2024.11.15 21:00;4;20.875;21.25;21.1875;471;202;0;
4916;2024.11.15 21:15;4;20.875;21.25;21.125;471;202;0;
4917;2024.11.15 21:30;4;20.875;21.25;21.125;471;202;0;
4918;2024.11.15 21:45;4;20.875;21.25;21.125;471;202;0;
4919;2024.11.15 22:00;4;20.875;21.1875;21.125;471;202;0;
4920;2024.11.15 22:15;4;20.875;21.1875;21.125;471;202;0;
4921;2024.11.15 22:30;4;20.8125;21.1875;21.125;471;202;0;
4922;2024.11.15 22:45;4;20.8125;21.125;21.125;471;202;0;
4923;2024.11.15 23:00;4;20.8125;21.125;21.0625;471;202;0;
4924;2024.11.15 23:15;4;20.8125;21.125;21.0625;471;202;0;
4925;2024.11.15 23:30;4;20.75;21.125;21.0625;471;202;0;
4926;2024.11.15 23:45;4;20.75;21.125;21.0625;471;202;0;
4927;2024.11.16 00:00;4;20.75;21.125;21;471;202;0;
4928;2024.11.16 00:15;4;20.75;21.125;21;471;202;0;
4929;2024.11.16 00:30;4;20.75;21.125;21;471;202;0;
4930;2024.11.16 00:45;4;20.75;21.125;21;470;202;0;
4931;2024.11.16 01:00;4;20.75;21.125;21;470;202;0;
4932;2024.11.16 01:15;4;20.75;21.125;21;470;202;0;
4933;2024.11.16 01:30;4;20.75;21.125;21;470;202;0;
4934;2024.11.16 01:45;4;20.75;21.125;21;470;202;0;
4935;2024.11.16 02:00;4;20.75;21.125;21;470;202;0;
4936;2024.11.16 02:15;4;20.75;21.125;21;470;202;0;
4937;2024.11.16 02:30;4;20.75;21.0625;21;470;202;0;
4938;2024.11.16 02:45;4;20.75;21.0625;21;470;202;0;
4939;2024.11.16 03:00;4;20.75;21.0625;21;470;202;0;
4940;2024.11.16 03:15;4;20.75;21;20.9375;470;202;0;
4941;2024.11.16 03:30;4;20.6875;21;20.9375;470;202;0;
4942;2024.11.16 03:45;4;20.6875;21;20.9375;470;202;0;
4943;2024.11.16 04:00;4;20.6875;21;20.9375;470;202;0;
4944;2024.11.16 04:15;4;20.625;21;20.9375;470;202;0;
4945;2024.11.16 04:30;4;20.625;21;20.875;470;202;0;
4946;2024.11.16 04:45;4;20.625;21;20.875;470;202;0;
4947;2024.11.16 05:00;4;20.625;21;20.875;470;202;0;
4948;2024.11.16 05:15;4;20.625;21;20.875;470;202;0;
4949;2024.11.16 05:30;4;20.625;21;20.875;470;202;0;
4950;2024.11.16 05:45;4;20.625;21;20.875;470;202;0;
4951;2024.11.16 06:00;4;20.625;21;20.875;470;202;0;
4952;2024.11.16 06:15;4;20.625;21;20.875;470;202;0;
4953;2024.11.16 06:30;4;20.625;21;20.875;470;202;0;
4954;2024.11.16 06:45;4;20.625;21;20.875;470;202;0;
4955;2024.11.16 07:00;4;20.625;21;20.875;470;202;0;
4956;2024.11.16 07:15;4;20.625;20.9375;20.875;470;202;0;
4957;2024.11.16 07:30;4;20.625;20.9375;20.875;470;202;0;
4958;2024.11.16 07:45;4;20.625;20.9375;20.875;470;202;0;
4959;2024.11.16 08:00;4;20.625;20.9375;20.875;470;202;0;
4960;2024.11.16 08:15;4;20.625;20.9375;20.875;470;202;0;
4961;2024.11.16 08:30;4;20.625;20.9375;20.875;470;202;0;
4962;2024.11.16 08:45;4;20.625;20.9375;20.875;470;202;0;
4963;2024.11.16 09:00;4;20.625;20.9375;20.875;470;202;0;
4964;2024.11.16 09:15;4;20.625;20.9375;20.875;470;202;0;
4965;2024.11.16 09:30;4;20.625;20.9375;20.875;470;202;0;
4966;2024.11.16 09:45;4;20.625;20.9375;20.875;470;202;0;
4967;2024.11.16 10:00;4;20.625;20.9375;20.875;470;202;0;
4968;2024.11.16 10:15;4;20.625;20.9375;20.875;470;202;0;
4969;2024.11.16 10:30;4;20.625;20.9375;20.875;470;202;0;
4970;2024.11.16 10:45;4;20.625;20.9375;20.875;470;202;0;
4971;2024.11.16 11:00;4;20.625;21;20.875;470;202;0;
4972;2024.11.16 11:15;4;20.625;21;20.875;470;202;0;
4973;2024.11.16 11:30;4;20.625;20.9375;20.875;470;202;0;
4974;2024.11.16 11:45;4;20.625;21;20.875;470;202;0;
4975;2024.11.16 12:00;4;20.625;21;20.875;470;202;0;
4976;2024.11.16 12:15;4;20.625;21;20.875;470;202;0;
4977;2024.11.16 12:30;4;20.625;21;20.875;470;202;0;
4978;2024.11.16 12:45;4;20.625;21;20.875;470;202;0;
4979;2024.11.16 13:00;4;20.625;21;20.875;470;202;0;
4980;2024.11.16 13:15;4;20.625;21;20.875;470;202;0;
4981;2024.11.16 13:30;4;20.625;21;20.875;470;202;0;
4982;2024.11.16 13:45;4;20.625;21;20.875;470;202;0;
4983;2024.11.16 14:00;4;20.625;21;20.875;470;202;0;
4984;2024.11.16 14:15;4;20.625;21;20.875;470;202;0;
4985;2024.11.16 14:30;4;20.625;21;20.875;470;202;0;
4986;2024.11.16 14:45;4;20.625;21;20.875;470;202;0;
4987;2024.11.16 15:00;4;20.625;21;20.875;470;202;0;
4988;2024.11.16 15:15;4;20.625;21;20.875;470;202;0;
4989;2024.11.16 15:30;4;20.625;21;20.875;470;202;0;
4990;2024.11.16 15:45;4;20.625;20.9375;20.875;470;202;0;
4991;2024.11.16 16:00;4;20.625;20.9375;20.875;470;202;0;
4992;2024.11.16 16:15;4;20.625;20.9375;20.875;470;202;0;
4993;2024.11.16 16:30;4;20.625;20.9375;20.875;470;202;0;
4994;2024.11.16 16:45;4;20.625;20.9375;20.8125;470;202;0;
4995;2024.11.16 17:00;4;20.625;20.9375;20.8125;470;202;0;
4996;2024.11.16 17:15;4;20.625;20.875;20.8125;470;202;0;
4997;2024.11.16 17:30;4;20.625;20.875;20.8125;469;202;0;
4998;2024.11.16 17:45;4;20.5625;20.875;20.8125;469;202;0;
4999;2024.11.16 18:00;4;20.5625;20.875;20.75;469;202;0;
5000;2024.11.16 18:15;4;20.5625;20.875;20.75;469;202;0;
5001;2024.11.16 18:30;4;20.5;20.875;20.75;469;202;0;
5002;2024.11.16 18:45;4;20.5;20.875;20.75;469;202;0;
5003;2024.11.16 19:00;4;20.5;20.875;20.75;469;202;0;
5004;2024.11.16 19:15;4;20.5;20.875;20.75;469;202;0;
5005;2024.11.16 19:30;4;20.5;20.8125;20.75;469;202;0;
5006;2024.11.16 19:45;4;20.5;20.8125;20.75;469;202;0;
5007;2024.11.16 20:00;4;20.4375;20.75;20.6875;469;202;0;
5008;2024.11.16 20:15;4;20.4375;20.75;20.6875;469;202;0;
5009;2024.11.16 20:30;4;20.4375;20.75;20.625;469;202;0;
5010;2024.11.16 20:45;4;20.375;20.75;20.625;469;202;0;
5011;2024.11.16 21:00;4;20.375;20.75;20.625;469;202;0;
5012;2024.11.16 21:15;4;20.375;20.75;20.625;469;202;0;
5013;2024.11.16 21:30;4;20.375;20.75;20.625;469;202;0;
5014;2024.11.16 21:45;4;20.375;20.6875;20.625;469;202;0;
5015;2024.11.16 22:00;4;20.375;20.6875;20.625;468;202;0;
5016;2024.11.16 22:15;4;20.3125;20.625;20.5625;468;202;0;
5017;2024.11.16 22:30;4;20.3125;20.625;20.5625;468;202;0;
5018;2024.11.16 22:45;4;20.3125;20.625;20.5;468;202;0;
5019;2024.11.16 23:00;4;20.25;20.625;20.5;468;202;0;
5020;2024.11.16 23:15;4;20.25;20.625;20.5;468;202;0;
5021;2024.11.16 23:30;4;20.25;20.625;20.5;468;202;0;
5022;2024.11.16 23:45;4;20.25;20.625;20.5;468;202;0;
5023;2024.11.17 00:00;4;20.25;20.5625;20.5;468;202;0;
5024;2024.11.17 00:15;4;20.25;20.5;20.4375;468;202;0;
5025;2024.11.17 00:30;4;20.1875;20.5;20.4375;468;202;0;
5026;2024.11.17 00:45;4;20.1875;20.5;20.375;468;202;0;
5027;2024.11.17 01:00;4;20.1875;20.5;20.375;468;202;0;
5028;2024.11.17 01:15;4;20.125;20.5;20.375;468;202;0;
5029;2024.11.17 01:30;4;20.125;20.5;20.375;467;202;0;
5030;2024.11.17 01:45;4;20.125;20.5;20.375;467;202;0;
5031;2024.11.17 02:00;4;20.125;20.4375;20.375;467;202;0;
5032;2024.11.17 02:15;4;20.125;20.4375;20.375;467;202;0;
5033;2024.11.17 02:30;4;20.125;20.375;20.3125;467;202;0;
5034;2024.11.17 02:45;4;20.125;20.375;20.3125;467;202;0;
5035;2024.11.17 03:00;4;20.0625;20.375;20.3125;467;202;0;
5036;2024.11.17 03:15;4;20.0625;20.375;20.25;467;202;0;
5037;2024.11.17 03:30;4;20.0625;20.375;20.25;467;202;0;
5038;2024.11.17 03:45;4;20;20.375;20.25;467;202;0;
5039;2024.11.17 04:00;4;20;20.375;20.25;467;202;0;
5040;2024.11.17 04:15;4;20;20.375;20.25;467;202;0;
5041;2024.11.17 04:30;4;20;20.375;20.25;467;202;0;
5042;2024.11.17 04:45;4;20;20.3125;20.25;467;202;0;
5043;2024.11.17 05:00;4;20;20.25;20.1875;467;202;0;
5044;2024.11.17 05:15;4;20;20.25;20.1875;467;202;0;
5045;2024.11.17 05:30;4;19.9375;20.25;20.1875;466;202;0;
5046;2024.11.17 05:45;4;19.9375;20.25;20.125;466;202;0;
5047;2024.11.17 06:00;4;19.9375;20.25;20.125;466;202;0;
5048;2024.11.17 06:15;4;19.875;20.25;20.125;466;202;0;
5049;2024.11.17 06:30;4;19.875;20.25;20.125;466;202;0;
5050;2024.11.17 06:45;4;19.875;20.25;20.125;466;202;0;
5051;2024.11.17 07:00;4;19.875;20.25;20.125;466;202;0;
5052;2024.11.17 07:15;4;19.875;20.1875;20.125;466;202;0;
5053;2024.11.17 07:30;4;19.875;20.1875;20.0625;466;202;0;
5054;2024.11.17 07:45;4;19.875;20.1875;20.0625;466;202;0;
5055;2024.11.17 08:00;4;19.875;20.125;20.0625;466;202;0;
5056;2024.11.17 08:15;4;19.875;20.125;20.0625;466;202;0;
5057;2024.11.17 08:30;4;19.875;20.125;20.0625;466;202;0;
5058;2024.11.17 08:45;4;19.875;20.125;20.0625;466;202;0;
5059;2024.11.17 09:00;4;19.875;20.125;20;466;202;0;
5060;2024.11.17 09:15;4;19.875;20.125;20;466;202;0;
5061;2024.11.17 09:30;4;19.875;20.125;20;466;202;0;
5062;2024.11.17 09:45;4;19.875;20.125;20;466;202;0;
5063;2024.11.17 10:00;4;19.9375;20.125;20.0625;466;202;0;
5064;2024.11.17 10:15;4;19.9375;20.125;20.0625;466;202;0;
5065;2024.11.17 10:30;4;20;20.1875;20.0625;466;202;0;
5066;2024.11.17 10:45;4;20;20.1875;20.0625;466;202;0;
5067;2024.11.17 11:00;4;20;20.1875;20.0625;466;202;0;
5068;2024.11.17 11:15;4;20;20.25;20.125;466;202;0;
5069;2024.11.17 11:30;4;20;20.25;20.125;466;202;0;
5070;2024.11.17 11:45;4;20;20.25;20.125;466;202;0;
5071;2024.11.17 12:00;4;20.0625;20.25;20.125;466;202;0;
5072;2024.11.17 12:15;4;20.125;20.25;20.125;466;202;0;
5073;2024.11.17 12:30;4;20.125;20.25;20.125;466;202;0;
5074;2024.11.17 12:45;4;20.125;20.25;20.125;466;202;0;
5075;2024.11.17 13:00;4;20.125;20.25;20.125;466;202;0;
5076;2024.11.17 13:15;4;20.125;20.3125;20.125;466;202;0;
5077;2024.11.17 13:30;4;20.125;20.25;20.125;466;202;0;
5078;2024.11.17 13:45;4;20.125;20.3125;20.125;466;202;0;
5079;2024.11.17 14:00;4;20.0625;20.25;20.125;466;202;0;
5080;2024.11.17 14:15;4;20.0625;20.25;20.125;466;202;0;
5081;2024.11.17 14:30;4;20;20.25;20.125;466;202;0;
5082;2024.11.17 14:45;4;20;20.25;20.125;466;202;0;
5083;2024.11.17 15:00;4;20;20.25;20.125;466;202;0;
5084;2024.11.17 15:15;4;20;20.25;20.125;466;202;0;
5085;2024.11.17 15:30;4;20;20.25;20.125;466;202;0;
5086;2024.11.17 15:45;4;19.9375;20.25;20.0625;466;202;0;
5087;2024.11.17 16:00;4;19.9375;20.25;20.0625;466;202;0;
5088;2024.11.17 16:15;4;19.875;20.1875;20;465;202;0;
5089;2024.11.17 16:30;4;19.875;20.125;20;465;202;0;
5090;2024.11.17 16:45;4;19.875;20.125;20;465;202;0;
5091;2024.11.17 17:00;4;19.875;20.125;20;465;202;0;
5092;2024.11.17 17:15;4;19.875;20.125;20;465;202;0;
5093;2024.11.17 17:30;4;19.8125;20.125;20;465;202;0;
5094;2024.11.17 17:45;4;19.8125;20.125;20;465;202;0;
5095;2024.11.17 18:00;4;19.8125;20.125;20;465;202;0;
5096;2024.11.17 18:15;4;19.75;20.125;20;465;202;0;
5097;2024.11.17 18:30;4;19.75;20.0625;19.9375;465;202;0;
5098;2024.11.17 18:45;4;19.75;20.0625;19.9375;465;202;0;
5099;2024.11.17 19:00;4;19.75;20;19.875;465;202;0;
5100;2024.11.17 19:15;4;19.75;20;19.875;465;202;0;
5101;2024.11.17 19:30;4;19.6875;20;19.875;465;202;0;
5102;2024.11.17 19:45;4;19.6875;20;19.875;464;202;0;
5103;2024.11.17 20:00;4;19.625;20;19.875;464;202;0;
5104;2024.11.17 20:15;4;19.625;19.9375;19.8125;464;202;0;
5105;2024.11.17 20:30;4;19.625;19.9375;19.8125;464;202;0;
5106;2024.11.17 20:45;4;19.625;19.875;19.75;464;202;0;
5107;2024.11.17 21:00;4;19.625;19.875;19.75;464;202;0;
5108;2024.11.17 21:15;4;19.5625;19.875;19.75;464;202;0;
5109;2024.11.17 21:30;4;19.5625;19.875;19.75;464;202;0;
5110;2024.11.17 21:45;4;19.5625;19.875;19.75;464;202;0;
5111;2024.11.17 22:00;4;19.5;19.875;19.75;464;202;0;
5112;2024.11.17 22:15;4;19.5;19.8125;19.6875;463;202;0;
5113;2024.11.17 22:30;4;19.5;19.8125;19.625;463;202;0;
5114;2024.11.17 22:45;4;19.5;19.75;19.625;463;202;0;
5115;2024.11.17 23:00;4;19.5;19.75;19.625;463;202;0;
5116;2024.11.17 23:15;4;19.5;19.75;19.625;463;202;0;
5117;2024.11.17 23:30;4;19.4375;19.75;19.625;463;202;0;
5118;2024.11.17 23:45;4;19.4375;19.75;19.625;463;202;0;
5119;2024.11.18 00:00;4;19.4375;19.75;19.625;463;202;0;
5120;2024.11.18 00:15;4;19.375;19.75;19.625;463;202;0;
5121;2024.11.18 00:30;4;19.375;19.6875;19.5625;463;202;0;
5122;2024.11.18 00:45;4;19.375;19.6875;19.5625;463;202;0;
5123;2024.11.18 01:00;4;19.375;19.6875;19.5625;463;202;0;
5124;2024.11.18 01:15;4;19.375;19.625;19.5;463;202;0;
5125;2024.11.18 01:30;4;19.375;19.625;19.5;462;202;0;
5126;2024.11.18 01:45;4;19.375;19.625;19.5;462;202;0;
5127;2024.11.18 02:00;4;19.3125;19.625;19.5;462;202;0;
5128;2024.11.18 02:15;4;19.3125;19.625;19.5;462;202;0;
5129;2024.11.18 02:30;4;19.3125;19.625;19.5;462;202;0;
5130;2024.11.18 02:45;4;19.25;19.625;19.5;462;202;0;
5131;2024.11.18 03:00;4;19.25;19.5625;19.5;462;202;0;
5132;2024.11.18 03:15;4;19.25;19.5625;19.4375;462;202;0;
5133;2024.11.18 03:30;4;19.25;19.5625;19.4375;462;202;0;
5134;2024.11.18 03:45;4;19.25;19.5;19.4375;462;202;0;
5135;2024.11.18 04:00;4;19.25;19.5;19.375;462;202;0;
5136;2024.11.18 04:15;4;19.25;19.5;19.375;462;202;0;
5137;2024.11.18 04:30;4;19.25;19.5;19.375;462;202;0;
5138;2024.11.18 04:45;4;19.25;19.5;19.375;462;202;0;
5139;2024.11.18 05:00;4;19.1875;19.5;19.375;462;202;0;
5140;2024.11.18 05:15;4;19.1875;19.5;19.375;462;202;0;
5141;2024.11.18 05:30;4;19.1875;19.5;19.375;462;202;0;
5142;2024.11.18 05:45;4;19.25;19.5;19.375;462;202;0;
5143;2024.11.18 06:00;4;19.375;19.5;19.5;462;202;0;
5144;2024.11.18 06:15;4;19.5;19.625;19.625;463;202;0;
5145;2024.11.18 06:30;4;19.5625;19.6875;19.625;463;202;0;
5146;2024.11.18 06:45;4;19.5625;19.75;19.625;463;202;0;
5147;2024.11.18 07:00;4;19.5625;19.75;19.625;463;202;0;
5148;2024.11.18 07:15;4;19.5625;19.75;19.625;463;202;0;
5149;2024.11.18 07:30;4;19.5625;19.75;19.625;463;202;0;
5150;2024.11.18 07:45;4;19.625;19.75;19.625;463;202;0;
5151;2024.11.18 08:00;4;19.625;19.8125;19.6875;463;202;0;
5152;2024.11.18 08:15;4;19.6875;19.875;19.75;464;202;0;
5153;2024.11.18 08:30;4;19.75;19.875;19.75;464;202;0;
5154;2024.11.18 08:45;4;19.8125;19.9375;19.8125;464;202;0;
5155;2024.11.18 09:00;4;19.875;20;19.875;464;202;0;
5156;2024.11.18 09:15;4;20;20;19.9375;464;202;0;
5157;2024.11.18 09:30;4;20.0625;20.125;20;465;202;0;
5158;2024.11.18 09:45;4;20.1875;20.1875;20.125;465;202;0;
5159;2024.11.18 10:00;4;20.3125;20.3125;20.1875;466;202;0;
5160;2024.11.18 10:15;4;20.4375;20.375;20.3125;466;202;0;
5161;2024.11.18 10:30;4;20.5;20.5;20.375;467;202;0;
5162;2024.11.18 10:45;4;20.625;20.625;20.5;467;202;0;
5163;2024.11.18 11:00;4;20.75;20.6875;20.5625;468;202;0;
5164;2024.11.18 11:15;4;20.8125;20.75;20.625;468;202;0;
5165;2024.11.18 11:30;4;20.875;20.8125;20.625;468;202;0;
5166;2024.11.18 11:45;4;20.75;20.875;20.625;468;202;0;
5167;2024.11.18 12:00;4;20.75;20.875;20.625;468;202;0;
5168;2024.11.18 12:15;4;20.75;20.875;20.625;468;202;0;
5169;2024.11.18 12:30;4;20.8125;20.875;20.6875;468;202;0;
5170;2024.11.18 12:45;4;20.875;20.875;20.75;468;202;0;
5171;2024.11.18 13:00;4;20.875;20.9375;20.75;468;202;0;
5172;2024.11.18 13:15;4;20.875;20.9375;20.75;468;202;0;
5173;2024.11.18 13:30;4;20.875;21;20.75;468;202;0;
5174;2024.11.18 13:45;4;20.875;21;20.75;468;202;0;
5175;2024.11.18 14:00;4;20.875;21;20.8125;468;202;0;
5176;2024.11.18 14:15;4;20.875;21;20.8125;468;202;0;
5177;2024.11.18 14:30;4;20.875;21;20.8125;468;202;0;
5178;2024.11.18 14:45;4;20.875;21;20.8125;468;202;0;
5179;2024.11.18 15:00;4;20.8125;21;20.8125;467;202;0;
5180;2024.11.18 15:15;4;20.75;21;20.8125;467;202;0;
5181;2024.11.18 15:30;4;20.75;21;20.75;467;202;0;
5182;2024.11.18 15:45;4;20.75;21;20.75;467;202;0;
5183;2024.11.18 16:00;4;20.625;20.9375;20.75;467;202;0;
5184;2024.11.18 16:15;4;20.625;20.875;20.75;466;202;0;
5185;2024.11.18 16:30;4;20.5;20.875;20.6875;466;202;0;
5186;2024.11.18 16:45;4;20.5;20.8125;20.625;466;202;0;
5187;2024.11.18 17:00;4;20.5;20.75;20.625;466;202;0;
5188;2024.11.18 17:15;4;20.4375;20.75;20.625;465;202;0;
5189;2024.11.18 17:30;4;20.375;20.75;20.5625;465;202;0;
5190;2024.11.18 17:45;4;20.375;20.6875;20.5;465;202;0;
5191;2024.11.18 18:00;4;20.3125;20.625;20.5;465;202;0;
5192;2024.11.18 18:15;4;20.25;20.625;20.5;465;202;0;
5193;2024.11.18 18:30;4;20.25;20.625;20.5;464;202;0;
5194;2024.11.18 18:45;4;20.25;20.625;20.4375;464;202;0;
5195;2024.11.18 19:00;4;20.25;20.5625;20.4375;464;202;0;
5196;2024.11.18 19:15;4;20.25;20.5625;20.375;464;202;0;
5197;2024.11.18 19:30;4;20.25;20.5;20.375;464;202;0;
5198;2024.11.18 19:45;4;20.25;20.5;20.375;464;202;0;
5199;2024.11.18 20:00;4;20.1875;20.5;20.375;464;202;0;
5200;2024.11.18 20:15;4;20.1875;20.5;20.375;464;202;0;
5201;2024.11.18 20:30;4;20.125;20.5;20.3125;464;202;0;
5202;2024.11.18 20:45;4;20.125;20.4375;20.3125;464;202;0;
5203;2024.11.18 21:00;4;20.125;20.4375;20.3125;464;202;0;
5204;2024.11.18 21:15;4;20.125;20.375;20.25;464;202;0;
5205;2024.11.18 21:30;4;20.125;20.375;20.25;464;202;0;
5206;2024.11.18 21:45;4;20.125;20.375;20.25;464;202;0;
5207;2024.11.18 22:00;4;20.125;20.375;20.25;463;202;0;
5208;2024.11.18 22:15;4;20.0625;20.375;20.25;463;202;0;
5209;2024.11.18 22:30;4;20.0625;20.375;20.25;463;202;0;
5210;2024.11.18 22:45;4;20;20.375;20.1875;463;202;0;
5211;2024.11.18 23:00;4;20;20.3125;20.1875;463;202;0;
5212;2024.11.18 23:15;4;20;20.3125;20.125;463;202;0;
5213;2024.11.18 23:30;4;20;20.25;20.125;463;202;0;
5214;2024.11.18 23:45;4;20;20.25;20.125;463;202;0;
5215;2024.11.19 00:00;4;20;20.25;20.125;463;202;0;
5216;2024.11.19 00:15;4;20;20.25;20.125;463;202;0;
5217;2024.11.19 00:30;4;20;20.25;20.125;463;202;0;
5218;2024.11.19 00:45;4;20;20.25;20.125;463;202;0;
5219;2024.11.19 01:00;4;20;20.25;20.125;463;202;0;
5220;2024.11.19 01:15;4;20;20.25;20.125;463;202;0;
5221;2024.11.19 01:30;4;20;20.25;20.125;463;202;0;
5222;2024.11.19 01:45;4;20;20.25;20.125;463;202;0;
5223;2024.11.19 02:00;4;20;20.25;20.125;463;202;0;
5224;2024.11.19 02:15;4;20;20.25;20.125;463;202;0;
5225;2024.11.19 02:30;4;20;20.25;20.0625;463;202;0;
5226;2024.11.19 02:45;4;20;20.25;20.0625;463;202;0;
5227;2024.11.19 03:00;4;19.9375;20.25;20.0625;463;202;0;
5228;2024.11.19 03:15;4;19.9375;20.1875;20.0625;463;202;0;
5229;2024.11.19 03:30;4;19.9375;20.1875;20;463;202;0;
5230;2024.11.19 03:45;4;19.9375;20.1875;20;463;202;0;
5231;2024.11.19 04:00;4;19.9375;20.1875;20;463;202;0;
5232;2024.11.19 04:15;4;19.9375;20.1875;20;463;202;0;
5233;2024.11.19 04:30;4;19.875;20.1875;20;463;202;0;
5234;2024.11.19 04:45;4;19.875;20.125;20;463;202;0;
5235;2024.11.19 05:00;4;19.875;20.125;20;463;202;0;
5236;2024.11.19 05:15;4;19.875;20.125;20;463;202;0;
5237;2024.11.19 05:30;4;19.875;20.125;20;463;202;0;
5238;2024.11.19 05:45;4;19.9375;20.125;20;463;202;0;
5239;2024.11.19 06:00;4;19.9375;20.125;20;463;202;0;
5240;2024.11.19 06:15;4;20;20.125;20;463;202;0;
5241;2024.11.19 06:30;4;20.0625;20.1875;20.0625;463;202;0;
5242;2024.11.19 06:45;4;20.125;20.25;20.125;463;202;0;
5243;2024.11.19 07:00;4;20.125;20.25;20.125;463;202;0;
5244;2024.11.19 07:15;4;20.125;20.25;20.125;463;202;0;
5245;2024.11.19 07:30;4;20.125;20.25;20.125;463;202;0;
5246;2024.11.19 07:45;4;20.125;20.25;20.125;463;202;0;
5247;2024.11.19 08:00;4;20.1875;20.3125;20.125;463;202;0;
5248;2024.11.19 08:15;4;20.25;20.375;20.25;463;202;0;
5249;2024.11.19 08:30;4;20.3125;20.375;20.25;464;202;0;
5250;2024.11.19 08:45;4;20.375;20.4375;20.3125;464;202;0;
5251;2024.11.19 09:00;4;20.375;20.5;20.375;464;202;0;
5252;2024.11.19 09:15;4;20.4375;20.5;20.375;464;202;0;
5253;2024.11.19 09:30;4;20.5;20.5625;20.375;464;202;0;
5254;2024.11.19 09:45;4;20.5;20.625;20.4375;464;202;0;
5255;2024.11.19 10:00;4;20.5;20.625;20.5;464;202;0;
5256;2024.11.19 10:15;4;20.5625;20.625;20.5;464;202;0;
5257;2024.11.19 10:30;4;20.625;20.6875;20.5;465;202;0;
5258;2024.11.19 10:45;4;20.625;20.75;20.5625;465;202;0;
5259;2024.11.19 11:00;4;20.625;20.75;20.625;465;202;0;
5260;2024.11.19 11:15;4;20.625;20.75;20.625;465;202;0;
5261;2024.11.19 11:30;4;20.625;20.75;20.625;465;202;0;
5262;2024.11.19 11:45;4;20.6875;20.8125;20.625;465;202;0;
5263;2024.11.19 12:00;4;20.75;20.875;20.6875;465;202;0;
5264;2024.11.19 12:15;4;20.75;20.875;20.75;465;202;0;
5265;2024.11.19 12:30;4;20.75;20.875;20.75;465;202;0;
5266;2024.11.19 12:45;4;20.75;20.875;20.75;465;202;0;
5267;2024.11.19 13:00;4;20.75;20.9375;20.75;465;202;0;
5268;2024.11.19 13:15;4;20.8125;20.9375;20.8125;465;202;0;
5269;2024.11.19 13:30;4;20.8125;21;20.8125;465;202;0;
5270;2024.11.19 13:45;4;20.8125;21;20.8125;465;202;0;
5271;2024.11.19 14:00;4;20.8125;21;20.875;465;202;0;
5272;2024.11.19 14:15;4;20.75;21;20.875;465;202;0;
5273;2024.11.19 14:30;4;20.75;21;20.875;465;202;0;
5274;2024.11.19 14:45;4;20.75;21;20.875;465;202;0;
5275;2024.11.19 15:00;4;20.75;21;20.875;465;202;0;
5276;2024.11.19 15:15;4;20.75;21;20.875;465;202;0;
5277;2024.11.19 15:30;4;20.75;21;20.875;465;202;0;
5278;2024.11.19 15:45;4;20.75;21;20.875;465;202;0;
5279;2024.11.19 16:00;4;20.6875;21;20.875;465;202;0;
5280;2024.11.19 16:15;4;20.625;20.9375;20.8125;465;202;0;
5281;2024.11.19 16:30;4;20.625;20.9375;20.8125;465;202;0;
5282;2024.11.19 16:45;4;20.625;20.875;20.75;465;202;0;
5283;2024.11.19 17:00;4;20.5625;20.875;20.75;464;202;0;
5284;2024.11.19 17:15;4;20.5;20.875;20.75;464;202;0;
5285;2024.11.19 17:30;4;20.5;20.875;20.75;464;202;0;
5286;2024.11.19 17:45;4;20.5;20.8125;20.75;464;202;0;
5287;2024.11.19 18:00;4;20.5;20.75;20.6875;464;202;0;
5288;2024.11.19 18:15;4;20.4375;20.75;20.625;464;202;0;
5289;2024.11.19 18:30;4;20.375;20.75;20.625;464;202;0;
5290;2024.11.19 18:45;4;20.375;20.75;20.625;464;202;0;
5291;2024.11.19 19:00;4;20.375;20.75;20.625;463;202;0;
5292;2024.11.19 19:15;4;20.375;20.6875;20.625;463;202;0;
5293;2024.11.19 19:30;4;20.3125;20.625;20.5625;463;202;0;
5294;2024.11.19 19:45;4;20.3125;20.625;20.5625;463;202;0;
5295;2024.11.19 20:00;4;20.25;20.625;20.5;463;202;0;
5296;2024.11.19 20:15;4;20.25;20.625;20.5;463;202;0;
5297;2024.11.19 20:30;4;20.25;20.625;20.5;463;202;0;
5298;2024.11.19 20:45;4;20.25;20.625;20.5;463;202;0;
5299;2024.11.19 21:00;4;20.25;20.5625;20.5;463;202;0;
5300;2024.11.19 21:15;4;20.25;20.5625;20.4375;463;202;0;
5301;2024.11.19 21:30;4;20.1875;20.5;20.4375;463;202;0;
5302;2024.11.19 21:45;4;20.1875;20.5;20.375;462;202;0;
5303;2024.11.19 22:00;4;20.125;20.5;20.375;462;202;0;
5304;2024.11.19 22:15;4;20.125;20.5;20.375;462;202;0;
5305;2024.11.19 22:30;4;20.125;20.5;20.375;462;202;0;
5306;2024.11.19 22:45;4;20.125;20.4375;20.375;462;202;0;
5307;2024.11.19 23:00;4;20.125;20.4375;20.375;462;202;0;
5308;2024.11.19 23:15;4;20.125;20.375;20.3125;462;202;0;
5309;2024.11.19 23:30;4;20.125;20.375;20.3125;462;202;0;
5310;2024.11.19 23:45;4;20.0625;20.375;20.25;462;202;0;
5311;2024.11.20 00:00;4;20.0625;20.375;20.25;462;202;0;
5312;2024.11.20 00:15;4;20.0625;20.375;20.25;462;202;0;
5313;2024.11.20 00:30;4;20.0625;20.375;20.25;462;202;0;
5314;2024.11.20 00:45;4;20.0625;20.375;20.25;462;202;0;
5315;2024.11.20 01:00;4;20;20.375;20.25;461;202;0;
5316;2024.11.20 01:15;4;20;20.375;20.25;461;202;0;
5317;2024.11.20 01:30;4;20;20.375;20.25;461;202;0;
5318;2024.11.20 01:45;4;20;20.375;20.25;461;202;0;
5319;2024.11.20 02:00;4;20;20.375;20.25;461;202;0;
5320;2024.11.20 02:15;4;20;20.3125;20.25;461;202;0;
5321;2024.11.20 02:30;4;20;20.3125;20.1875;461;202;0;
5322;2024.11.20 02:45;4;20;20.3125;20.1875;461;202;0;
5323;2024.11.20 03:00;4;20;20.3125;20.1875;461;202;0;
5324;2024.11.20 03:15;4;20;20.25;20.1875;461;202;0;
5325;2024.11.20 03:30;4;20;20.25;20.1875;461;202;0;
5326;2024.11.20 03:45;4;20;20.25;20.125;461;202;0;
5327;2024.11.20 04:00;4;20;20.25;20.125;461;202;0;
5328;2024.11.20 04:15;4;20;20.25;20.125;461;202;0;
5329;2024.11.20 04:30;4;20;20.25;20.125;461;202;0;
5330;2024.11.20 04:45;4;20;20.25;20.125;461;202;0;
5331;2024.11.20 05:00;4;20;20.25;20.125;461;202;0;
5332;2024.11.20 05:15;4;20;20.25;20.125;461;202;0;
5333;2024.11.20 05:30;4;20;20.25;20.125;461;202;0;
5334;2024.11.20 05:45;4;20;20.25;20.125;461;202;0;
5335;2024.11.20 06:00;4;20;20.25;20.125;461;202;0;
5336;2024.11.20 06:15;4;20;20.25;20.125;461;202;0;
5337;2024.11.20 06:30;4;20;20.25;20.125;461;202;0;
5338;2024.11.20 06:45;4;20;20.25;20.1875;461;202;0;
5339;2024.11.20 07:00;4;20.0625;20.25;20.1875;461;202;0;
5340;2024.11.20 07:15;4;20.0625;20.3125;20.1875;461;202;0;
5341;2024.11.20 07:30;4;20.0625;20.3125;20.1875;461;202;0;
5342;2024.11.20 07:45;4;20.125;20.375;20.25;461;202;0;
5343;2024.11.20 08:00;4;20.125;20.375;20.25;461;202;0;
5344;2024.11.20 08:15;4;20.125;20.375;20.25;461;202;0;
5345;2024.11.20 08:30;4;20.1875;20.375;20.25;461;202;0;
5346;2024.11.20 08:45;4;20.25;20.375;20.3125;461;202;0;
5347;2024.11.20 09:00;4;20.25;20.5;20.375;462;202;0;
5348;2024.11.20 09:15;4;20.375;20.5;20.375;462;202;0;
5349;2024.11.20 09:30;4;20.375;20.5;20.4375;462;202;0;
5350;2024.11.20 09:45;4;20.5;20.625;20.5;462;202;0;
5351;2024.11.20 10:00;4;20.5;20.625;20.5;463;202;0;
5352;2024.11.20 10:15;4;20.5625;20.6875;20.5625;463;202;0;
5353;2024.11.20 10:30;4;20.625;20.75;20.625;463;202;0;
5354;2024.11.20 10:45;4;20.625;20.75;20.625;463;202;0;
5355;2024.11.20 11:00;4;20.6875;20.75;20.625;463;202;0;
5356;2024.11.20 11:15;4;20.75;20.8125;20.75;463;202;0;
5357;2024.11.20 11:30;4;20.75;20.875;20.75;464;202;0;
5358;2024.11.20 11:45;4;20.8125;20.875;20.75;464;202;0;
5359;2024.11.20 12:00;4;20.8125;20.9375;20.8125;464;202;0;
5360;2024.11.20 12:15;4;20.875;21;20.875;464;202;0;
5361;2024.11.20 12:30;4;20.875;21;20.875;464;202;0;
5362;2024.11.20 12:45;4;20.875;21;20.875;464;202;0;
5363;2024.11.20 13:00;4;20.875;21;20.875;464;202;0;
5364;2024.11.20 13:15;4;20.9375;21.0625;20.875;464;202;0;
5365;2024.11.20 13:30;4;20.875;21.0625;20.9375;464;202;0;
5366;2024.11.20 13:45;4;20.875;21.0625;20.875;464;202;0;
5367;2024.11.20 14:00;4;20.875;21.0625;20.875;464;202;0;
5368;2024.11.20 14:15;4;20.875;21.0625;20.875;464;202;0;
5369;2024.11.20 14:30;4;20.875;21.0625;20.875;464;202;0;
5370;2024.11.20 14:45;4;20.875;21.0625;20.875;464;202;0;
5371;2024.11.20 15:00;4;20.875;21.0625;20.875;464;202;0;
5372;2024.11.20 15:15;4;20.8125;21.0625;20.875;464;202;0;
5373;2024.11.20 15:30;4;20.8125;21.0625;20.875;464;202;0;
5374;2024.11.20 15:45;4;20.75;21;20.875;464;202;0;
5375;2024.11.20 16:00;4;20.75;21;20.875;464;202;0;
5376;2024.11.20 16:15;4;20.6875;21;20.875;464;202;0;
5377;2024.11.20 16:30;4;20.625;21;20.8125;464;202;0;
5378;2024.11.20 16:45;4;20.625;20.9375;20.8125;463;202;0;
5379;2024.11.20 17:00;4;20.5625;20.875;20.75;463;202;0;
5380;2024.11.20 17:15;4;20.5;20.875;20.75;463;202;0;
5381;2024.11.20 17:30;4;20.5;20.875;20.75;463;202;0;
5382;2024.11.20 17:45;4;20.5;20.8125;20.6875;463;202;0;
5383;2024.11.20 18:00;4;20.4375;20.75;20.625;463;202;0;
5384;2024.11.20 18:15;4;20.4375;20.75;20.625;462;202;0;
5385;2024.11.20 18:30;4;20.375;20.75;20.625;462;202;0;
5386;2024.11.20 18:45;4;20.375;20.75;20.625;462;202;0;
5387;2024.11.20 19:00;4;20.375;20.75;20.625;462;202;0;
5388;2024.11.20 19:15;4;20.375;20.6875;20.5625;462;202;0;
5389;2024.11.20 19:30;4;20.375;20.6875;20.5625;462;202;0;
5390;2024.11.20 19:45;4;20.375;20.625;20.5625;462;202;0;
5391;2024.11.20 20:00;4;20.3125;20.625;20.5;462;202;0;
5392;2024.11.20 20:15;4;20.3125;20.625;20.5;462;202;0;
5393;2024.11.20 20:30;4;20.3125;20.625;20.5;462;202;0;
5394;2024.11.20 20:45;4;20.25;20.625;20.5;462;202;0;
5395;2024.11.20 21:00;4;20.25;20.625;20.5;461;202;0;
5396;2024.11.20 21:15;4;20.25;20.5625;20.4375;461;202;0;
5397;2024.11.20 21:30;4;20.25;20.5625;20.4375;461;202;0;
5398;2024.11.20 21:45;4;20.25;20.5;20.375;461;202;0;
5399;2024.11.20 22:00;4;20.1875;20.5;20.375;461;202;0;
5400;2024.11.20 22:15;4;20.1875;20.5;20.375;461;202;0;
5401;2024.11.20 22:30;4;20.125;20.5;20.375;461;202;0;
5402;2024.11.20 22:45;4;20.125;20.5;20.375;461;202;0;
5403;2024.11.20 23:00;4;20.125;20.5;20.375;461;202;0;
5404;2024.11.20 23:15;4;20.125;20.4375;20.375;461;202;0;
5405;2024.11.20 23:30;4;20.125;20.4375;20.3125;461;202;0;
5406;2024.11.20 23:45;4;20.125;20.4375;20.3125;461;202;0;
5407;2024.11.21 00:00;4;20.125;20.375;20.25;460;202;0;
5408;2024.11.21 00:15;4;20.125;20.375;20.25;460;202;0;
5409;2024.11.21 00:30;4;20.125;20.375;20.25;460;202;0;
5410;2024.11.21 00:45;4;20.125;20.375;20.25;460;202;0;
5411;2024.11.21 01:00;4;20.125;20.375;20.25;460;202;0;
5412;2024.11.21 01:15;4;20.125;20.375;20.25;460;202;0;
5413;2024.11.21 01:30;4;20.125;20.375;20.25;460;202;0;
5414;2024.11.21 01:45;4;20.125;20.375;20.25;460;202;0;
5415;2024.11.21 02:00;4;20.125;20.375;20.25;460;202;0;
5416;2024.11.21 02:15;4;20.125;20.375;20.25;460;202;0;
5417;2024.11.21 02:30;4;20.125;20.375;20.25;460;202;0;
5418;2024.11.21 02:45;4;20.0625;20.375;20.25;460;202;0;
5419;2024.11.21 03:00;4;20.0625;20.375;20.25;460;202;0;
5420;2024.11.21 03:15;4;20.0625;20.375;20.25;460;202;0;
5421;2024.11.21 03:30;4;20.0625;20.375;20.25;460;202;0;
5422;2024.11.21 03:45;4;20.0625;20.375;20.25;460;202;0;
5423;2024.11.21 04:00;4;20.0625;20.375;20.25;460;202;0;
5424;2024.11.21 04:15;4;20;20.375;20.25;460;202;0;
5425;2024.11.21 04:30;4;20;20.3125;20.25;460;202;0;
5426;2024.11.21 04:45;4;20;20.3125;20.1875;460;202;0;
5427;2024.11.21 05:00;4;20;20.3125;20.1875;460;202;0;
5428;2024.11.21 05:15;4;20;20.25;20.1875;460;202;0;
5429;2024.11.21 05:30;4;20;20.25;20.125;460;202;0;
5430;2024.11.21 05:45;4;20;20.25;20.125;459;202;0;
5431;2024.11.21 06:00;4;20;20.25;20.125;459;202;0;
5432;2024.11.21 06:15;4;20;20.25;20.125;460;202;0;
5433;2024.11.21 06:30;4;20.0625;20.25;20.1875;460;202;0;
5434;2024.11.21 06:45;4;20.125;20.3125;20.25;460;202;0;
5435;2024.11.21 07:00;4;20.125;20.375;20.25;460;202;0;
5436;2024.11.21 07:15;4;20.1875;20.375;20.25;460;202;0;
5437;2024.11.21 07:30;4;20.25;20.375;20.25;460;202;0;
5438;2024.11.21 07:45;4;20.25;20.4375;20.3125;460;202;0;
5439;2024.11.21 08:00;4;20.25;20.5;20.375;460;202;0;
5440;2024.11.21 08:15;4;20.3125;20.5;20.375;461;202;0;
5441;2024.11.21 08:30;4;20.375;20.5;20.375;461;202;0;
5442;2024.11.21 08:45;4;20.375;20.5;20.4375;461;202;0;
5443;2024.11.21 09:00;4;20.4375;20.625;20.5;461;202;0;
5444;2024.11.21 09:15;4;20.5;20.625;20.5;461;202;0;
5445;2024.11.21 09:30;4;20.5;20.625;20.5;461;202;0;
5446;2024.11.21 09:45;4;20.5;20.625;20.5;461;202;0;
5447;2024.11.21 10:00;4;20.5;20.6875;20.5625;462;202;0;
5448;2024.11.21 10:15;4;20.5625;20.75;20.625;462;202;0;
5449;2024.11.21 10:30;4;20.625;20.75;20.625;462;202;0;
5450;2024.11.21 10:45;4;20.625;20.75;20.625;462;202;0;
5451;2024.11.21 11:00;4;20.625;20.75;20.625;462;202;0;
5452;2024.11.21 11:15;4;20.625;20.8125;20.6875;462;202;0;
5453;2024.11.21 11:30;4;20.625;20.8125;20.75;462;202;0;
5454;2024.11.21 11:45;4;20.6875;20.875;20.75;462;202;0;
5455;2024.11.21 12:00;4;20.6875;20.875;20.75;462;202;0;
5456;2024.11.21 12:15;4;20.75;20.875;20.75;462;202;0;
5457;2024.11.21 12:30;4;20.75;20.875;20.75;462;202;0;
5458;2024.11.21 12:45;4;20.75;20.9375;20.8125;462;202;0;
5459;2024.11.21 13:00;4;20.75;20.9375;20.875;463;202;0;
5460;2024.11.21 13:15;4;20.75;21;20.875;463;202;0;
5461;2024.11.21 13:30;4;20.75;21;20.875;463;202;0;
5462;2024.11.21 13:45;4;20.8125;21;20.875;463;202;0;
5463;2024.11.21 14:00;4;20.8125;21;20.875;463;202;0;
5464;2024.11.21 14:15;4;20.875;21;20.875;463;202;0;
5465;2024.11.21 14:30;4;20.8125;21;20.875;463;202;0;
5466;2024.11.21 14:45;4;20.8125;21;20.9375;463;202;0;
5467;2024.11.21 15:00;4;20.75;21;20.875;463;202;0;
5468;2024.11.21 15:15;4;20.75;21;20.875;463;202;0;
5469;2024.11.21 15:30;4;20.75;21;20.9375;463;202;0;
5470;2024.11.21 15:45;4;20.75;21;20.875;462;202;0;
5471;2024.11.21 16:00;4;20.6875;21;20.875;462;202;0;
5472;2024.11.21 16:15;4;20.625;21;20.875;462;202;0;
5473;2024.11.21 16:30;4;20.625;20.9375;20.875;462;202;0;
5474;2024.11.21 16:45;4;20.625;20.9375;20.875;462;202;0;
5475;2024.11.21 17:00;4;20.625;20.9375;20.8125;462;202;0;
5476;2024.11.21 17:15;4;20.5625;20.875;20.8125;462;202;0;
5477;2024.11.21 17:30;4;20.5;20.875;20.75;462;202;0;
5478;2024.11.21 17:45;4;20.5;20.875;20.75;462;202;0;
5479;2024.11.21 18:00;4;20.5;20.875;20.75;461;202;0;
5480;2024.11.21 18:15;4;20.5;20.8125;20.75;461;202;0;
5481;2024.11.21 18:30;4;20.4375;20.75;20.6875;461;202;0;
5482;2024.11.21 18:45;4;20.375;20.75;20.625;461;202;0;
5483;2024.11.21 19:00;4;20.375;20.75;20.625;461;202;0;
5484;2024.11.21 19:15;4;20.375;20.75;20.625;461;202;0;
5485;2024.11.21 19:30;4;20.3125;20.6875;20.625;461;202;0;
5486;2024.11.21 19:45;4;20.25;20.625;20.5625;460;202;0;
5487;2024.11.21 20:00;4;20.25;20.625;20.5;460;202;0;
5488;2024.11.21 20:15;4;20.25;20.625;20.5;460;202;0;
5489;2024.11.21 20:30;4;20.25;20.5625;20.5;460;202;0;
5490;2024.11.21 20:45;4;20.1875;20.5625;20.4375;460;202;0;
5491;2024.11.21 21:00;4;20.125;20.5;20.375;460;202;0;
5492;2024.11.21 21:15;4;20.125;20.5;20.375;460;202;0;
5493;2024.11.21 21:30;4;20.125;20.5;20.375;459;202;0;
5494;2024.11.21 21:45;4;20.125;20.4375;20.375;459;202;0;
5495;2024.11.21 22:00;4;20.0625;20.4375;20.3125;459;202;0;
5496;2024.11.21 22:15;4;20.0625;20.375;20.25;459;202;0;
5497;2024.11.21 22:30;4;20.0625;20.375;20.25;459;202;0;
5498;2024.11.21 22:45;4;20;20.375;20.25;459;202;0;
5499;2024.11.21 23:00;4;20;20.375;20.25;458;202;0;
5500;2024.11.21 23:15;4;20;20.3125;20.25;458;202;0;
5501;2024.11.21 23:30;4;20;20.3125;20.1875;458;202;0;
5502;2024.11.21 23:45;4;19.9375;20.25;20.125;458;202;0;
5503;2024.11.22 00:00;4;19.875;20.25;20.125;458;202;0;
5504;2024.11.22 00:15;4;19.875;20.25;20.125;458;202;0;
5505;2024.11.22 00:30;4;19.875;20.25;20.125;458;202;0;
5506;2024.11.22 00:45;4;19.875;20.25;20.125;458;202;0;
5507;2024.11.22 01:00;4;19.875;20.1875;20.0625;457;202;0;
5508;2024.11.22 01:15;4;19.875;20.1875;20.0625;457;202;0;
5509;2024.11.22 01:30;4;19.875;20.125;20;457;202;0;
5510;2024.11.22 01:45;4;19.875;20.125;20;457;202;0;
5511;2024.11.22 02:00;4;19.8125;20.125;20;457;202;0;
5512;2024.11.22 02:15;4;19.8125;20.125;20;457;202;0;
5513;2024.11.22 02:30;4;19.8125;20.125;20;457;202;0;
5514;2024.11.22 02:45;4;19.8125;20.125;20;457;202;0;
5515;2024.11.22 03:00;4;19.8125;20.125;20;457;202;0;
5516;2024.11.22 03:15;4;19.8125;20.125;20;457;202;0;
5517;2024.11.22 03:30;4;19.8125;20.125;20;457;202;0;
5518;2024.11.22 03:45;4;19.8125;20.125;20;457;202;0;
5519;2024.11.22 04:00;4;19.8125;20.125;20;457;202;0;
5520;2024.11.22 04:15;4;19.75;20.0625;20;457;202;0;
5521;2024.11.22 04:30;4;19.75;20.0625;19.9375;456;202;0;
5522;2024.11.22 04:45;4;19.75;20.0625;19.9375;456;202;0;
5523;2024.11.22 05:00;4;19.75;20;19.875;456;202;0;
5524;2024.11.22 05:15;4;19.75;20;19.875;456;202;0;
5525;2024.11.22 05:30;4;19.75;20;19.875;456;202;0;
5526;2024.11.22 05:45;4;19.75;20;19.875;456;202;0;
5527;2024.11.22 06:00;4;19.6875;20;19.875;456;202;0;
5528;2024.11.22 06:15;4;19.75;20;19.875;456;202;0;
5529;2024.11.22 06:30;4;19.75;20;19.875;456;202;0;
5530;2024.11.22 06:45;4;19.75;20;19.875;456;202;0;
5531;2024.11.22 07:00;4;19.75;20;19.875;456;202;0;
5532;2024.11.22 07:15;4;19.8125;20;19.875;456;202;0;
5533;2024.11.22 07:30;4;19.875;20;19.9375;456;202;0;
5534;2024.11.22 07:45;4;19.875;20.0625;20;456;202;0;
5535;2024.11.22 08:00;4;19.875;20.0625;20;456;202;0;
5536;2024.11.22 08:15;4;19.875;20.125;20;456;202;0;
5537;2024.11.22 08:30;4;19.9375;20.125;20;456;202;0;
5538;2024.11.22 08:45;4;20;20.125;20.0625;456;202;0;
5539;2024.11.22 09:00;4;20;20.1875;20.125;456;202;0;
5540;2024.11.22 09:15;4;20.125;20.25;20.125;456;202;0;
5541;2024.11.22 09:30;4;20.125;20.25;20.1875;457;202;0;
5542;2024.11.22 09:45;4;20.125;20.3125;20.25;457;202;0;
5543;2024.11.22 10:00;4;20.1875;20.375;20.25;457;202;0;
5544;2024.11.22 10:15;4;20.25;20.375;20.3125;457;202;0;
5545;2024.11.22 10:30;4;20.25;20.4375;20.375;457;202;0;
5546;2024.11.22 10:45;4;20.3125;20.5;20.375;458;202;0;
5547;2024.11.22 11:00;4;20.375;20.5;20.4375;458;202;0;
5548;2024.11.22 11:15;4;20.375;20.5625;20.5;458;202;0;
5549;2024.11.22 11:30;4;20.5;20.625;20.5;458;202;0;
5550;2024.11.22 11:45;4;20.5;20.625;20.625;458;202;0;
5551;2024.11.22 12:00;4;20.5625;20.6875;20.625;459;202;0;
5552;2024.11.22 12:15;4;20.625;20.75;20.625;459;202;0;
5553;2024.11.22 12:30;4;20.625;20.75;20.75;459;202;0;
5554;2024.11.22 12:45;4;20.6875;20.8125;20.75;459;202;0;
5555;2024.11.22 13:00;4;20.75;20.875;20.75;460;202;0;
5556;2024.11.22 13:15;4;20.75;20.875;20.8125;460;202;0;
5557;2024.11.22 13:30;4;20.75;20.875;20.875;460;202;0;
5558;2024.11.22 13:45;4;20.75;20.9375;20.875;460;202;0;
5559;2024.11.22 14:00;4;20.75;20.9375;20.875;460;202;0;
5560;2024.11.22 14:15;4;20.75;20.9375;20.875;460;202;0;
5561;2024.11.22 14:30;4;20.75;21;20.875;460;202;0;
5562;2024.11.22 14:45;4;20.75;21;20.875;460;202;0;
5563;2024.11.22 15:00;4;20.625;20.9375;20.875;460;202;0;
5564;2024.11.22 15:15;4;20.625;20.875;20.8125;460;202;0;
5565;2024.11.22 15:30;4;20.5;20.875;20.8125;459;202;0;
5566;2024.11.22 15:45;4;20.5;20.875;20.75;459;202;0;
5567;2024.11.22 16:00;4;20.5;20.8125;20.75;459;202;0;
5568;2024.11.22 16:15;4;20.4375;20.75;20.75;459;202;0;
5569;2024.11.22 16:30;4;20.375;20.75;20.6875;459;202;0;
5570;2024.11.22 16:45;4;20.375;20.75;20.625;459;202;0;
5571;2024.11.22 17:00;4;20.375;20.6875;20.625;459;202;0;
5572;2024.11.22 17:15;4;20.3125;20.625;20.625;459;202;0;
5573;2024.11.22 17:30;4;20.3125;20.625;20.625;458;202;0;
5574;2024.11.22 17:45;4;20.25;20.625;20.5625;458;202;0;
5575;2024.11.22 18:00;4;20.25;20.625;20.5;458;202;0;
5576;2024.11.22 18:15;4;20.25;20.5625;20.5;458;202;0;
5577;2024.11.22 18:30;4;20.25;20.5;20.5;458;202;0;
5578;2024.11.22 18:45;4;20.1875;20.5;20.4375;458;202;0;
5579;2024.11.22 19:00;4;20.125;20.5;20.375;458;202;0;
5580;2024.11.22 19:15;4;20.125;20.5;20.375;458;202;0;
5581;2024.11.22 19:30;4;20.125;20.5;20.375;458;202;0;
5582;2024.11.22 19:45;4;20.125;20.4375;20.375;458;202;0;
5583;2024.11.22 20:00;4;20.125;20.4375;20.375;458;202;0;
5584;2024.11.22 20:15;4;20.125;20.375;20.3125;458;202;0;
5585;2024.11.22 20:30;4;20.0625;20.375;20.3125;458;202;0;
5586;2024.11.22 20:45;4;20.0625;20.375;20.25;457;202;0;
5587;2024.11.22 21:00;4;20;20.375;20.25;457;202;0;
5588;2024.11.22 21:15;4;20;20.3125;20.25;457;202;0;
5589;2024.11.22 21:30;4;20;20.3125;20.25;457;202;0;
5590;2024.11.22 21:45;4;20;20.25;20.1875;457;202;0;
5591;2024.11.22 22:00;4;19.9375;20.25;20.125;457;202;0;
5592;2024.11.22 22:15;4;19.875;20.25;20.125;457;202;0;
5593;2024.11.22 22:30;4;19.875;20.25;20.125;457;202;0;
5594;2024.11.22 22:45;4;19.875;20.1875;20.125;457;202;0;
5595;2024.11.22 23:00;4;19.875;20.1875;20.0625;456;202;0;
5596;2024.11.22 23:15;4;19.875;20.125;20.0625;456;202;0;
5597;2024.11.22 23:30;4;19.8125;20.125;20;456;202;0;
5598;2024.11.22 23:45;4;19.8125;20.125;20;456;202;0;
5599;2024.11.23 00:00;4;19.8125;20.125;20;456;202;0;
5600;2024.11.23 00:15;4;19.8125;20.125;20;456;202;0;
5601;2024.11.23 00:30;4;19.8125;20.125;20;456;202;0;
5602;2024.11.23 00:45;4;19.8125;20.125;20;456;202;0;
5603;2024.11.23 01:00;4;19.8125;20.125;20;456;202;0;
5604;2024.11.23 01:15;4;19.8125;20.125;20;456;202;0;
5605;2024.11.23 01:30;4;19.8125;20.125;20;456;202;0;
5606;2024.11.23 01:45;4;19.875;20.125;20;456;202;0;
5607;2024.11.23 02:00;4;19.875;20.125;20;456;202;0;
5608;2024.11.23 02:15;4;19.875;20.125;20;456;202;0;
5609;2024.11.23 02:30;4;19.875;20.125;20;456;202;0;
5610;2024.11.23 02:45;4;19.875;20.125;20;456;202;0;
5611;2024.11.23 03:00;4;19.875;20.125;20;456;202;0;
5612;2024.11.23 03:15;4;19.875;20.125;20;456;202;0;
5613;2024.11.23 03:30;4;19.875;20.125;20;456;202;0;
5614;2024.11.23 03:45;4;19.875;20.125;20;456;202;0;
5615;2024.11.23 04:00;4;19.875;20.125;20;456;202;0;
5616;2024.11.23 04:15;4;19.875;20.125;20;456;202;0;
5617;2024.11.23 04:30;4;19.875;20.125;20;456;202;0;
5618;2024.11.23 04:45;4;19.875;20.125;20;456;202;0;
5619;2024.11.23 05:00;4;19.875;20.125;20;456;202;0;
5620;2024.11.23 05:15;4;19.875;20.125;20;456;202;0;
5621;2024.11.23 05:30;4;19.875;20.125;20;456;202;0;
5622;2024.11.23 05:45;4;19.875;20.125;20;456;202;0;
5623;2024.11.23 06:00;4;19.8125;20.125;20;456;202;0;
5624;2024.11.23 06:15;4;19.8125;20.125;20;456;202;0;
5625;2024.11.23 06:30;4;19.8125;20.125;20;456;202;0;
5626;2024.11.23 06:45;4;19.8125;20.125;20;456;202;0;
5627;2024.11.23 07:00;4;19.75;20.0625;20;456;202;0;
5628;2024.11.23 07:15;4;19.75;20.0625;20;456;202;0;
5629;2024.11.23 07:30;4;19.75;20.0625;20;456;202;0;
5630;2024.11.23 07:45;4;19.75;20.0625;20;456;202;0;
5631;2024.11.23 08:00;4;19.75;20.0625;20;456;202;0;
5632;2024.11.23 08:15;4;19.75;20.0625;20;456;202;0;
5633;2024.11.23 08:30;4;19.8125;20.0625;20;456;202;0;
5634;2024.11.23 08:45;4;19.875;20.125;20;456;202;0;
5635;2024.11.23 09:00;4;19.875;20.125;20;456;202;0;
5636;2024.11.23 09:15;4;19.875;20.125;20;456;202;0;
5637;2024.11.23 09:30;4;19.875;20.125;20;456;202;0;
5638;2024.11.23 09:45;4;19.875;20.125;20.0625;456;202;0;
5639;2024.11.23 10:00;4;19.9375;20.125;20.125;456;202;0;
5640;2024.11.23 10:15;4;20;20.1875;20.125;456;202;0;
5641;2024.11.23 10:30;4;20;20.1875;20.125;457;202;0;
5642;2024.11.23 10:45;4;20;20.25;20.125;457;202;0;
5643;2024.11.23 11:00;4;20.0625;20.25;20.1875;457;202;0;
5644;2024.11.23 11:15;4;20.125;20.25;20.25;457;202;0;
5645;2024.11.23 11:30;4;20.125;20.3125;20.25;457;202;0;
5646;2024.11.23 11:45;4;20.125;20.375;20.25;457;202;0;
5647;2024.11.23 12:00;4;20.125;20.375;20.25;457;202;0;
5648;2024.11.23 12:15;4;20.1875;20.375;20.3125;458;202;0;
5649;2024.11.23 12:30;4;20.25;20.375;20.3125;458;202;0;
5650;2024.11.23 12:45;4;20.25;20.4375;20.375;458;202;0;
5651;2024.11.23 13:00;4;20.25;20.4375;20.375;458;202;0;
5652;2024.11.23 13:15;4;20.25;20.5;20.375;458;202;0;
5653;2024.11.23 13:30;4;20.25;20.5;20.375;458;202;0;
5654;2024.11.23 13:45;4;20.25;20.5;20.375;458;202;0;
5655;2024.11.23 14:00;4;20.25;20.5;20.375;458;202;0;
5656;2024.11.23 14:15;4;20.25;20.5;20.375;458;202;0;
5657;2024.11.23 14:30;4;20.1875;20.5;20.375;458;202;0;
5658;2024.11.23 14:45;4;20.125;20.5;20.375;458;202;0;
5659;2024.11.23 15:00;4;20.125;20.5;20.375;458;202;0;
5660;2024.11.23 15:15;4;20.125;20.4375;20.375;458;202;0;
5661;2024.11.23 15:30;4;20.125;20.375;20.3125;458;202;0;
5662;2024.11.23 15:45;4;20.0625;20.375;20.3125;458;202;0;
5663;2024.11.23 16:00;4;20.0625;20.375;20.3125;458;202;0;
5664;2024.11.23 16:15;4;20;20.375;20.25;457;202;0;
5665;2024.11.23 16:30;4;20;20.375;20.25;457;202;0;
5666;2024.11.23 16:45;4;20;20.375;20.25;457;202;0;
5667;2024.11.23 17:00;4;20;20.375;20.25;457;202;0;
5668;2024.11.23 17:15;4;20;20.375;20.25;457;202;0;
5669;2024.11.23 17:30;4;20;20.375;20.25;457;202;0;
5670;2024.11.23 17:45;4;20;20.375;20.25;457;202;0;
5671;2024.11.23 18:00;4;20;20.375;20.25;458;202;0;
5672;2024.11.23 18:15;4;20;20.375;20.25;457;202;0;
5673;2024.11.23 18:30;4;20;20.375;20.25;458;202;0;
5674;2024.11.23 18:45;4;20;20.375;20.25;458;202;0;
5675;2024.11.23 19:00;4;20;20.375;20.25;458;202;0;
5676;2024.11.23 19:15;4;20;20.375;20.25;458;202;0;
5677;2024.11.23 19:30;4;20;20.375;20.25;458;202;0;
5678;2024.11.23 19:45;4;20;20.375;20.25;458;202;0;
5679;2024.11.23 20:00;4;20;20.3125;20.25;458;202;0;
5680;2024.11.23 20:15;4;20;20.3125;20.25;458;202;0;
5681;2024.11.23 20:30;4;20;20.3125;20.25;458;202;0;
5682;2024.11.23 20:45;4;20;20.3125;20.25;458;202;0;
5683;2024.11.23 21:00;4;20;20.3125;20.25;458;202;0;
5684;2024.11.23 21:15;4;20;20.3125;20.25;458;202;0;
5685;2024.11.23 21:30;4;20;20.25;20.25;458;202;0;
5686;2024.11.23 21:45;4;20;20.25;20.25;458;202;0;
5687;2024.11.23 22:00;4;20;20.25;20.25;458;202;0;
5688;2024.11.23 22:15;4;19.9375;20.25;20.25;458;202;0;
5689;2024.11.23 22:30;4;20;20.25;20.1875;458;202;0;
5690;2024.11.23 22:45;4;20;20.25;20.1875;458;202;0;
5691;2024.11.23 23:00;4;19.9375;20.25;20.25;458;202;0;
5692;2024.11.23 23:15;4;20;20.25;20.1875;458;202;0;
5693;2024.11.23 23:30;4;19.9375;20.25;20.1875;458;202;0;
5694;2024.11.23 23:45;4;19.9375;20.25;20.1875;458;202;0;
5695;2024.11.24 00:00;4;19.9375;20.25;20.1875;458;202;0;
5696;2024.11.24 00:15;4;19.9375;20.25;20.1875;458;202;0;
5697;2024.11.24 00:30;4;19.9375;20.25;20.1875;458;202;0;
5698;2024.11.24 00:45;4;19.9375;20.25;20.1875;458;202;0;
5699;2024.11.24 01:00;4;19.9375;20.25;20.1875;458;202;0;
5700;2024.11.24 01:15;4;19.875;20.25;20.125;458;202;0;
5701;2024.11.24 01:30;4;19.875;20.25;20.1875;458;202;0;
5702;2024.11.24 01:45;4;19.875;20.25;20.125;458;202;0;
5703;2024.11.24 02:00;4;19.875;20.25;20.125;458;202;0;
5704;2024.11.24 02:15;4;19.875;20.25;20.125;458;202;0;
5705;2024.11.24 02:30;4;19.875;20.25;20.125;458;202;0;
5706;2024.11.24 02:45;4;19.875;20.25;20.125;458;202;0;
5707;2024.11.24 03:00;4;19.9375;20.25;20.125;458;202;0;
5708;2024.11.24 03:15;4;19.9375;20.25;20.125;458;202;0;
5709;2024.11.24 03:30;4;19.9375;20.25;20.125;458;202;0;
5710;2024.11.24 03:45;4;19.9375;20.25;20.125;458;202;0;
5711;2024.11.24 04:00;4;19.9375;20.25;20.125;458;202;0;
5712;2024.11.24 04:15;4;20;20.25;20.1875;458;202;0;
5713;2024.11.24 04:30;4;20;20.25;20.1875;458;202;0;
5714;2024.11.24 04:45;4;20;20.25;20.1875;458;202;0;
5715;2024.11.24 05:00;4;20;20.25;20.1875;458;202;0;
5716;2024.11.24 05:15;4;20;20.25;20.25;458;202;0;
5717;2024.11.24 05:30;4;20;20.25;20.25;458;202;0;
5718;2024.11.24 05:45;4;20;20.25;20.25;458;202;0;
5719;2024.11.24 06:00;4;20;20.3125;20.25;459;202;0;
5720;2024.11.24 06:15;4;20;20.3125;20.25;459;202;0;
5721;2024.11.24 06:30;4;20;20.3125;20.25;459;202;0;
5722;2024.11.24 06:45;4;20;20.375;20.25;459;202;0;
5723;2024.11.24 07:00;4;20;20.375;20.25;459;202;0;
5724;2024.11.24 07:15;4;20.0625;20.375;20.25;459;202;0;
5725;2024.11.24 07:30;4;20.0625;20.375;20.25;459;202;0;
5726;2024.11.24 07:45;4;20.0625;20.375;20.3125;459;202;0;
5727;2024.11.24 08:00;4;20.125;20.375;20.3125;459;202;0;
5728;2024.11.24 08:15;4;20.125;20.375;20.3125;459;202;0;
5729;2024.11.24 08:30;4;20.125;20.375;20.375;459;202;0;
5730;2024.11.24 08:45;4;20.125;20.375;20.375;459;202;0;
5731;2024.11.24 09:00;4;20.125;20.375;20.375;460;202;0;
5732;2024.11.24 09:15;4;20.125;20.4375;20.375;460;202;0;
5733;2024.11.24 09:30;4;20.125;20.4375;20.375;460;202;0;
5734;2024.11.24 09:45;4;20.1875;20.5;20.375;460;202;0;
5735;2024.11.24 10:00;4;20.1875;20.5;20.375;460;202;0;
5736;2024.11.24 10:15;4;20.25;20.5;20.4375;460;202;0;
5737;2024.11.24 10:30;4;20.25;20.5;20.4375;460;202;0;
5738;2024.11.24 10:45;4;20.25;20.5;20.5;460;202;0;
5739;2024.11.24 11:00;4;20.25;20.5;20.5;461;202;0;
5740;2024.11.24 11:15;4;20.3125;20.5625;20.5;461;202;0;
5741;2024.11.24 11:30;4;20.3125;20.625;20.5;461;202;0;
5742;2024.11.24 11:45;4;20.375;20.625;20.5625;461;202;0;
5743;2024.11.24 12:00;4;20.375;20.625;20.5625;461;202;0;
5744;2024.11.24 12:15;4;20.375;20.625;20.625;461;202;0;
5745;2024.11.24 12:30;4;20.375;20.625;20.625;462;202;0;
5746;2024.11.24 12:45;4;20.375;20.625;20.625;462;202;0;
5747;2024.11.24 13:00;4;20.375;20.6875;20.625;462;202;0;
5748;2024.11.24 13:15;4;20.375;20.6875;20.625;462;202;0;
5749;2024.11.24 13:30;4;20.375;20.6875;20.625;462;202;0;
5750;2024.11.24 13:45;4;20.375;20.6875;20.625;462;202;0;
5751;2024.11.24 14:00;4;20.375;20.75;20.6875;462;202;0;
5752;2024.11.24 14:15;4;20.375;20.75;20.6875;462;202;0;
5753;2024.11.24 14:30;4;20.375;20.75;20.6875;462;202;0;
5754;2024.11.24 14:45;4;20.375;20.75;20.6875;462;202;0;
5755;2024.11.24 15:00;4;20.375;20.75;20.6875;462;202;0;
5756;2024.11.24 15:15;4;20.375;20.6875;20.625;462;202;0;
5757;2024.11.24 15:30;4;20.375;20.6875;20.625;462;202;0;
5758;2024.11.24 15:45;4;20.375;20.6875;20.625;462;202;0;
5759;2024.11.24 16:00;4;20.375;20.6875;20.625;462;202;0;
5760;2024.11.24 16:15;4;20.375;20.6875;20.625;462;202;0;
5761;2024.11.24 16:30;4;20.3125;20.625;20.625;462;202;0;
5762;2024.11.24 16:45;4;20.3125;20.625;20.625;462;202;0;
5763;2024.11.24 17:00;4;20.3125;20.625;20.625;462;202;0;
5764;2024.11.24 17:15;4;20.3125;20.625;20.625;463;202;0;
5765;2024.11.24 17:30;4;20.25;20.625;20.625;463;202;0;
5766;2024.11.24 17:45;4;20.25;20.625;20.625;463;202;0;
5767;2024.11.24 18:00;4;20.25;20.625;20.625;463;202;0;
5768;2024.11.24 18:15;4;20.25;20.625;20.625;463;202;0;
5769;2024.11.24 18:30;4;20.25;20.625;20.625;462;202;0;
5770;2024.11.24 18:45;4;20.25;20.625;20.625;463;202;0;
5771;2024.11.24 19:00;4;20.25;20.625;20.5625;463;202;0;
5772;2024.11.24 19:15;4;20.25;20.625;20.625;463;202;0;
5773;2024.11.24 19:30;4;20.25;20.625;20.5625;463;202;0;
5774;2024.11.24 19:45;4;20.25;20.625;20.5625;463;202;0;
5775;2024.11.24 20:00;4;20.25;20.625;20.5625;463;202;0;
5776;2024.11.24 20:15;4;20.25;20.625;20.5625;463;202;0;
5777;2024.11.24 20:30;4;20.25;20.5625;20.5625;463;202;0;
5778;2024.11.24 20:45;4;20.25;20.5625;20.5;463;202;0;
5779;2024.11.24 21:00;4;20.25;20.5625;20.5625;463;202;0;
5780;2024.11.24 21:15;4;20.1875;20.5625;20.5;463;202;0;
5781;2024.11.24 21:30;4;20.1875;20.5625;20.5;463;202;0;
5782;2024.11.24 21:45;4;20.1875;20.5625;20.5;463;202;0;
5783;2024.11.24 22:00;4;20.1875;20.5625;20.5;463;202;0;
5784;2024.11.24 22:15;4;20.1875;20.5625;20.5;463;202;0;
5785;2024.11.24 22:30;4;20.1875;20.5;20.5;463;202;0;
5786;2024.11.24 22:45;4;20.125;20.5;20.5;463;202;0;
5787;2024.11.24 23:00;4;20.125;20.5;20.5;463;202;0;
5788;2024.11.24 23:15;4;20.125;20.5;20.5;463;202;0;
5789;2024.11.24 23:30;4;20.125;20.5;20.5;463;202;0;
5790;2024.11.24 23:45;4;20.125;20.5;20.5;463;202;0;
5791;2024.11.25 00:00;4;20.125;20.5;20.5;463;202;0;
5792;2024.11.25 00:15;4;20.125;20.5;20.5;463;202;0;
5793;2024.11.25 00:30;4;20.0625;20.5;20.4375;462;202;0;
5794;2024.11.25 00:45;4;20.0625;20.4375;20.4375;462;202;0;
5795;2024.11.25 01:00;4;20.0625;20.4375;20.4375;462;202;0;
5796;2024.11.25 01:15;4;20;20.4375;20.4375;462;202;0;
5797;2024.11.25 01:30;4;20;20.4375;20.375;462;202;0;
5798;2024.11.25 01:45;4;20;20.375;20.375;462;202;0;
5799;2024.11.25 02:00;4;20;20.375;20.375;462;202;0;
5800;2024.11.25 02:15;4;20;20.375;20.375;462;202;0;
5801;2024.11.25 02:30;4;20;20.375;20.375;462;202;0;
5802;2024.11.25 02:45;4;20;20.375;20.375;462;202;0;
5803;2024.11.25 03:00;4;20;20.375;20.375;462;202;0;
5804;2024.11.25 03:15;4;20;20.375;20.375;462;202;0;
5805;2024.11.25 03:30;4;20;20.375;20.375;462;202;0;
5806;2024.11.25 03:45;4;20;20.375;20.375;462;202;0;
5807;2024.11.25 04:00;4;20;20.375;20.375;462;202;0;
5808;2024.11.25 04:15;4;20;20.375;20.375;462;202;0;
5809;2024.11.25 04:30;4;20;20.375;20.3125;462;202;0;
5810;2024.11.25 04:45;4;20;20.375;20.3125;462;202;0;
5811;2024.11.25 05:00;4;19.9375;20.375;20.3125;462;202;0;
5812;2024.11.25 05:15;4;19.9375;20.375;20.3125;462;202;0;
5813;2024.11.25 05:30;4;19.9375;20.3125;20.25;462;202;0;
5814;2024.11.25 05:45;4;19.9375;20.3125;20.25;462;202;0;
5815;2024.11.25 06:00;4;20;20.375;20.3125;462;202;0;
5816;2024.11.25 06:15;4;20;20.375;20.375;463;202;0;
5817;2024.11.25 06:30;4;20.125;20.375;20.375;463;202;0;
5818;2024.11.25 06:45;4;20.125;20.4375;20.375;463;202;0;
5819;2024.11.25 07:00;4;20.1875;20.5;20.4375;463;202;0;
5820;2024.11.25 07:15;4;20.25;20.5;20.5;464;202;0;
5821;2024.11.25 07:30;4;20.25;20.5625;20.5;464;202;0;
5822;2024.11.25 07:45;4;20.375;20.625;20.5;464;202;0;
5823;2024.11.25 08:00;4;20.375;20.625;20.625;464;202;0;
5824;2024.11.25 08:15;4;20.4375;20.6875;20.625;464;202;0;
5825;2024.11.25 08:30;4;20.5;20.75;20.75;465;202;0;
5826;2024.11.25 08:45;4;20.625;20.875;20.8125;465;202;0;
5827;2024.11.25 09:00;4;20.75;20.875;20.875;466;202;0;
5828;2024.11.25 09:15;4;20.875;21;21;466;202;0;
5829;2024.11.25 09:30;4;21;21.125;21.0625;467;202;0;
5830;2024.11.25 09:45;4;21.0625;21.1875;21.125;467;202;0;
5831;2024.11.25 10:00;4;21.1875;21.25;21.25;468;202;0;
5832;2024.11.25 10:15;4;21.25;21.375;21.375;468;202;0;
5833;2024.11.25 10:30;4;21.3125;21.4375;21.375;468;202;0;
5834;2024.11.25 10:45;4;21.3125;21.5;21.375;468;202;0;
5835;2024.11.25 11:00;4;21.25;21.5;21.375;468;202;0;
5836;2024.11.25 11:15;4;21.375;21.5625;21.5;469;202;0;
5837;2024.11.25 11:30;4;21.375;21.625;21.5;469;202;0;
5838;2024.11.25 11:45;4;21.5;21.625;21.5625;469;202;0;
5839;2024.11.25 12:00;4;21.5;21.625;21.625;469;202;0;
5840;2024.11.25 12:15;4;21.4375;21.6875;21.625;469;202;0;
5841;2024.11.25 12:30;4;21.4375;21.6875;21.625;469;202;0;
5842;2024.11.25 12:45;4;21.375;21.6875;21.625;469;202;0;
5843;2024.11.25 13:00;4;21.375;21.75;21.625;469;202;0;
5844;2024.11.25 13:15;4;21.375;21.75;21.625;469;202;0;
5845;2024.11.25 13:30;4;21.4375;21.75;21.625;469;202;0;
5846;2024.11.25 13:45;4;21.5;21.75;21.625;469;202;0;
5847;2024.11.25 14:00;4;21.5;21.75;21.6875;469;202;0;
5848;2024.11.25 14:15;4;21.5;21.75;21.6875;469;202;0;
5849;2024.11.25 14:30;4;21.5;21.75;21.6875;469;202;0;
5850;2024.11.25 14:45;4;21.5;21.75;21.6875;469;202;0;
5851;2024.11.25 15:00;4;21.5;21.75;21.6875;469;202;0;
5852;2024.11.25 15:15;4;21.5;21.75;21.6875;469;202;0;
5853;2024.11.25 15:30;4;21.4375;21.75;21.6875;469;202;0;
5854;2024.11.25 15:45;4;21.4375;21.75;21.625;469;202;0;
5855;2024.11.25 16:00;4;21.375;21.75;21.625;469;202;0;
5856;2024.11.25 16:15;4;21.375;21.75;21.625;469;202;0;
5857;2024.11.25 16:30;4;21.3125;21.6875;21.625;469;202;0;
5858;2024.11.25 16:45;4;21.25;21.625;21.5625;468;202;0;
5859;2024.11.25 17:00;4;21.1875;21.625;21.5;468;202;0;
5860;2024.11.25 17:15;4;21.125;21.5625;21.5;468;202;0;
5861;2024.11.25 17:30;4;21.125;21.5;21.5;468;202;0;
5862;2024.11.25 17:45;4;21.0625;21.5;21.4375;468;202;0;
5863;2024.11.25 18:00;4;21;21.5;21.375;468;202;0;
5864;2024.11.25 18:15;4;21;21.4375;21.375;467;202;0;
5865;2024.11.25 18:30;4;20.9375;21.375;21.375;467;202;0;
5866;2024.11.25 18:45;4;20.875;21.375;21.3125;467;202;0;
5867;2024.11.25 19:00;4;20.875;21.3125;21.25;467;202;0;
5868;2024.11.25 19:15;4;20.875;21.25;21.25;467;202;0;
5869;2024.11.25 19:30;4;20.875;21.25;21.25;467;202;0;
5870;2024.11.25 19:45;4;20.8125;21.25;21.1875;467;202;0;
5871;2024.11.25 20:00;4;20.75;21.25;21.1875;467;202;0;
5872;2024.11.25 20:15;4;20.75;21.1875;21.125;467;202;0;
5873;2024.11.25 20:30;4;20.75;21.1875;21.125;467;202;0;
5874;2024.11.25 20:45;4;20.75;21.125;21.125;467;202;0;
5875;2024.11.25 21:00;4;20.75;21.125;21.125;466;202;0;
5876;2024.11.25 21:15;4;20.75;21.125;21.125;467;202;0;
5877;2024.11.25 21:30;4;20.75;21.125;21.125;466;202;0;
5878;2024.11.25 21:45;4;20.75;21.125;21.125;466;202;0;
5879;2024.11.25 22:00;4;20.75;21.125;21.0625;466;202;0;
5880;2024.11.25 22:15;4;20.75;21.125;21.0625;466;202;0;
5881;2024.11.25 22:30;4;20.75;21.125;21;466;202;0;
5882;2024.11.25 22:45;4;20.6875;21.125;21;466;202;0;
5883;2024.11.25 23:00;4;20.6875;21.0625;21;466;202;0;
5884;2024.11.25 23:15;4;20.6875;21.0625;21;466;202;0;
5885;2024.11.25 23:30;4;20.625;21.0625;21;466;202;0;
5886;2024.11.25 23:45;4;20.625;21;21;466;202;0;
5887;2024.11.26 00:00;4;20.625;21;21;466;202;0;
5888;2024.11.26 00:15;4;20.625;21;20.9375;466;202;0;
5889;2024.11.26 00:30;4;20.625;21;20.9375;466;202;0;
5890;2024.11.26 00:45;4;20.625;21;20.875;466;202;0;
5891;2024.11.26 01:00;4;20.625;21;20.875;466;202;0;
5892;2024.11.26 01:15;4;20.5625;21;20.875;466;202;0;
5893;2024.11.26 01:30;4;20.5625;20.9375;20.875;466;202;0;
5894;2024.11.26 01:45;4;20.5625;20.9375;20.875;466;202;0;
5895;2024.11.26 02:00;4;20.5;20.875;20.875;466;202;0;
5896;2024.11.26 02:15;4;20.5;20.875;20.875;466;202;0;
5897;2024.11.26 02:30;4;20.5;20.875;20.875;465;202;0;
5898;2024.11.26 02:45;4;20.5;20.875;20.8125;465;202;0;
5899;2024.11.26 03:00;4;20.5;20.875;20.8125;465;202;0;
5900;2024.11.26 03:15;4;20.5;20.875;20.8125;465;202;0;
5901;2024.11.26 03:30;4;20.5;20.875;20.75;465;202;0;
5902;2024.11.26 03:45;4;20.5;20.875;20.75;465;202;0;
5903;2024.11.26 04:00;4;20.5;20.875;20.75;465;202;0;
5904;2024.11.26 04:15;4;20.4375;20.875;20.75;465;202;0;
5905;2024.11.26 04:30;4;20.4375;20.8125;20.75;465;202;0;
5906;2024.11.26 04:45;4;20.4375;20.8125;20.75;465;202;0;
5907;2024.11.26 05:00;4;20.4375;20.8125;20.75;465;202;0;
5908;2024.11.26 05:15;4;20.4375;20.75;20.75;465;202;0;
5909;2024.11.26 05:30;4;20.375;20.75;20.75;465;202;0;
5910;2024.11.26 05:45;4;20.375;20.75;20.75;465;202;0;
5911;2024.11.26 06:00;4;20.375;20.75;20.6875;465;202;0;
5912;2024.11.26 06:15;4;20.4375;20.75;20.6875;465;202;0;
5913;2024.11.26 06:30;4;20.5;20.75;20.75;465;202;0;
5914;2024.11.26 06:45;4;20.5;20.8125;20.75;465;202;0;
5915;2024.11.26 07:00;4;20.5;20.8125;20.75;465;202;0;
5916;2024.11.26 07:15;4;20.5625;20.875;20.75;465;202;0;
5917;2024.11.26 07:30;4;20.625;20.875;20.75;465;202;0;
5918;2024.11.26 07:45;4;20.625;20.875;20.8125;466;202;0;
5919;2024.11.26 08:00;4;20.6875;20.9375;20.875;466;202;0;
5920;2024.11.26 08:15;4;20.75;21;20.875;466;202;0;
5921;2024.11.26 08:30;4;20.75;21;20.875;466;202;0;
5922;2024.11.26 08:45;4;20.8125;21;20.9375;466;202;0;
5923;2024.11.26 09:00;4;20.875;21.0625;21;466;202;0;
5924;2024.11.26 09:15;4;20.875;21.125;21;466;202;0;
5925;2024.11.26 09:30;4;20.875;21.125;21;466;202;0;
5926;2024.11.26 09:45;4;20.9375;21.125;21;467;202;0;
5927;2024.11.26 10:00;4;21;21.1875;21.0625;467;202;0;
5928;2024.11.26 10:15;4;21;21.25;21.125;467;202;0;
5929;2024.11.26 10:30;4;21.0625;21.25;21.125;467;202;0;
5930;2024.11.26 10:45;4;21.125;21.25;21.125;467;202;0;
5931;2024.11.26 11:00;4;21.125;21.3125;21.1875;467;202;0;
5932;2024.11.26 11:15;4;21.125;21.375;21.25;467;202;0;
5933;2024.11.26 11:30;4;21.1875;21.375;21.25;467;202;0;
5934;2024.11.26 11:45;4;21.25;21.375;21.25;468;202;0;
5935;2024.11.26 12:00;4;21.25;21.4375;21.3125;468;202;0;
5936;2024.11.26 12:15;4;21.25;21.5;21.375;468;202;0;
5937;2024.11.26 12:30;4;21.3125;21.5;21.375;468;202;0;
5938;2024.11.26 12:45;4;21.3125;21.5;21.375;468;202;0;
5939;2024.11.26 13:00;4;21.375;21.5;21.375;468;202;0;
5940;2024.11.26 13:15;4;21.375;21.5625;21.375;468;202;0;
5941;2024.11.26 13:30;4;21.375;21.5625;21.4375;468;202;0;
5942;2024.11.26 13:45;4;21.375;21.625;21.4375;468;202;0;
5943;2024.11.26 14:00;4;21.375;21.625;21.5;468;202;0;
5944;2024.11.26 14:15;4;21.375;21.625;21.5;468;202;0;
5945;2024.11.26 14:30;4;21.375;21.625;21.5;468;202;0;
5946;2024.11.26 14:45;4;21.375;21.625;21.5;468;202;0;
5947;2024.11.26 15:00;4;21.375;21.625;21.5;468;202;0;
5948;2024.11.26 15:15;4;21.375;21.625;21.5;468;202;0;
5949;2024.11.26 15:30;4;21.375;21.625;21.5;468;202;0;
5950;2024.11.26 15:45;4;21.375;21.625;21.5;468;202;0;
5951;2024.11.26 16:00;4;21.3125;21.625;21.5;468;202;0;
5952;2024.11.26 16:15;4;21.25;21.625;21.5;468;202;0;
5953;2024.11.26 16:30;4;21.25;21.5625;21.4375;468;202;0;
5954;2024.11.26 16:45;4;21.125;21.5;21.375;467;202;0;
5955;2024.11.26 17:00;4;21.125;21.5;21.375;467;202;0;
5956;2024.11.26 17:15;4;21.125;21.5;21.375;467;202;0;
5957;2024.11.26 17:30;4;21.0625;21.4375;21.375;467;202;0;
5958;2024.11.26 17:45;4;21;21.375;21.3125;467;202;0;
5959;2024.11.26 18:00;4;21;21.375;21.25;466;202;0;
5960;2024.11.26 18:15;4;21;21.375;21.25;466;202;0;
5961;2024.11.26 18:30;4;20.9375;21.375;21.25;466;202;0;
5962;2024.11.26 18:45;4;20.875;21.3125;21.25;466;202;0;
5963;2024.11.26 19:00;4;20.875;21.25;21.1875;466;202;0;
5964;2024.11.26 19:15;4;20.875;21.25;21.1875;466;202;0;
5965;2024.11.26 19:30;4;20.875;21.25;21.125;466;202;0;
5966;2024.11.26 19:45;4;20.875;21.25;21.125;466;202;0;
5967;2024.11.26 20:00;4;20.875;21.25;21.125;466;202;0;
5968;2024.11.26 20:15;4;20.875;21.25;21.125;466;202;0;
5969;2024.11.26 20:30;4;20.875;21.25;21.125;466;202;0;
5970;2024.11.26 20:45;4;20.875;21.1875;21.125;466;202;0;
5971;2024.11.26 21:00;4;20.8125;21.1875;21.125;466;202;0;
5972;2024.11.26 21:15;4;20.8125;21.1875;21.125;466;202;0;
5973;2024.11.26 21:30;4;20.8125;21.125;21.0625;466;202;0;
5974;2024.11.26 21:45;4;20.75;21.125;21.0625;465;202;0;
5975;2024.11.26 22:00;4;20.75;21.125;21.0625;465;202;0;
5976;2024.11.26 22:15;4;20.75;21.125;21;465;202;0;
5977;2024.11.26 22:30;4;20.75;21.125;21;465;202;0;
5978;2024.11.26 22:45;4;20.75;21.125;21;465;202;0;
5979;2024.11.26 23:00;4;20.75;21.125;21;465;202;0;
5980;2024.11.26 23:15;4;20.75;21.125;21;465;202;0;
5981;2024.11.26 23:30;4;20.75;21.125;21;465;202;0;
5982;2024.11.26 23:45;4;20.75;21.125;21;465;202;0;
5983;2024.11.27 00:00;4;20.75;21.0625;21;465;202;0;
5984;2024.11.27 00:15;4;20.75;21.125;21;465;202;0;
5985;2024.11.27 00:30;4;20.75;21.0625;21;465;202;0;
5986;2024.11.27 00:45;4;20.75;21.0625;21;465;202;0;
5987;2024.11.27 01:00;4;20.75;21.0625;21;465;202;0;
5988;2024.11.27 01:15;4;20.75;21.0625;20.9375;465;202;0;
5989;2024.11.27 01:30;4;20.75;21.0625;20.9375;465;202;0;
5990;2024.11.27 01:45;4;20.75;21;20.9375;465;202;0;
5991;2024.11.27 02:00;4;20.75;21;20.9375;465;202;0;
5992;2024.11.27 02:15;4;20.6875;21;20.9375;465;202;0;
5993;2024.11.27 02:30;4;20.6875;21;20.9375;465;202;0;
5994;2024.11.27 02:45;4;20.6875;21;20.875;465;202;0;
5995;2024.11.27 03:00;4;20.6875;21;20.875;465;202;0;
5996;2024.11.27 03:15;4;20.6875;21;20.875;465;202;0;
5997;2024.11.27 03:30;4;20.6875;21;20.875;465;202;0;
5998;2024.11.27 03:45;4;20.6875;21;20.875;465;202;0;
5999;2024.11.27 04:00;4;20.6875;21;20.875;465;202;0;
6000;2024.11.27 04:15;4;20.6875;21;20.875;465;202;0;
6001;2024.11.27 04:30;4;20.625;21;20.875;465;202;0;
6002;2024.11.27 04:45;4;20.625;21;20.875;465;202;0;
6003;2024.11.27 05:00;4;20.625;21;20.875;465;202;0;
6004;2024.11.27 05:15;4;20.625;21;20.875;465;202;0;
6005;2024.11.27 05:30;4;20.625;21;20.875;465;202;0;
6006;2024.11.27 05:45;4;20.625;21;20.875;465;202;0;
6007;2024.11.27 06:00;4;20.625;21;20.875;464;202;0;
6008;2024.11.27 06:15;4;20.625;21;20.875;465;202;0;
6009;2024.11.27 06:30;4;20.6875;21;20.875;465;202;0;
6010;2024.11.27 06:45;4;20.75;21;20.875;465;202;0;
6011;2024.11.27 07:00;4;20.75;21;20.875;465;202;0;
6012;2024.11.27 07:15;4;20.75;21;20.875;465;202;0;
6013;2024.11.27 07:30;4;20.75;21.0625;20.9375;465;202;0;
6014;2024.11.27 07:45;4;20.8125;21.0625;20.9375;465;202;0;
6015;2024.11.27 08:00;4;20.875;21.125;21;465;202;0;
6016;2024.11.27 08:15;4;20.875;21.125;21;465;202;0;
6017;2024.11.27 08:30;4;21;21.125;21.0625;465;202;0;
6018;2024.11.27 08:45;4;21;21.25;21.125;466;202;0;
6019;2024.11.27 09:00;4;21.125;21.25;21.1875;466;202;0;
6020;2024.11.27 09:15;4;21.1875;21.375;21.25;466;202;0;
6021;2024.11.27 09:30;4;21.25;21.375;21.3125;467;202;0;
6022;2024.11.27 09:45;4;21.375;21.5;21.375;467;202;0;
6023;2024.11.27 10:00;4;21.375;21.5;21.4375;467;202;0;
6024;2024.11.27 10:15;4;21.4375;21.5625;21.5;467;202;0;
6025;2024.11.27 10:30;4;21.5;21.625;21.5;468;202;0;
6026;2024.11.27 10:45;4;21.5;21.625;21.5625;468;202;0;
6027;2024.11.27 11:00;4;21.625;21.75;21.625;468;202;0;
6028;2024.11.27 11:15;4;21.625;21.75;21.625;468;202;0;
6029;2024.11.27 11:30;4;21.625;21.75;21.6875;468;202;0;
6030;2024.11.27 11:45;4;21.6875;21.8125;21.75;468;202;0;
6031;2024.11.27 12:00;4;21.75;21.875;21.75;469;202;0;
6032;2024.11.27 12:15;4;21.75;21.875;21.8125;469;202;0;
6033;2024.11.27 12:30;4;21.75;21.9375;21.8125;469;202;0;
6034;2024.11.27 12:45;4;21.75;21.9375;21.875;469;202;0;
6035;2024.11.27 13:00;4;21.75;22;21.875;469;202;0;
6036;2024.11.27 13:15;4;21.75;22;21.875;469;202;0;
6037;2024.11.27 13:30;4;21.75;22;21.875;469;202;0;
6038;2024.11.27 13:45;4;21.75;22;21.875;469;202;0;
6039;2024.11.27 14:00;4;21.75;22;21.875;469;202;0;
6040;2024.11.27 14:15;4;21.75;22;21.875;469;202;0;
6041;2024.11.27 14:30;4;21.75;22;21.875;469;202;0;
6042;2024.11.27 14:45;4;21.75;22;21.875;469;202;0;
6043;2024.11.27 15:00;4;21.75;22;21.875;469;202;0;
6044;2024.11.27 15:15;4;21.75;22;21.875;469;202;0;
6045;2024.11.27 15:30;4;21.75;22;21.875;469;202;0;
6046;2024.11.27 15:45;4;21.75;22;21.875;469;202;0;
6047;2024.11.27 16:00;4;21.75;22;21.875;469;202;0;
6048;2024.11.27 16:15;4;21.75;22;21.9375;469;202;0;
6049;2024.11.27 16:30;4;21.75;22;21.9375;469;202;0;
6050;2024.11.27 16:45;4;21.75;22;21.875;469;202;0;
6051;2024.11.27 17:00;4;21.6875;22;21.875;469;202;0;
6052;2024.11.27 17:15;4;21.625;22;21.875;468;202;0;
6053;2024.11.27 17:30;4;21.5625;21.9375;21.8125;468;202;0;
6054;2024.11.27 17:45;4;21.5;21.875;21.75;468;202;0;
6055;2024.11.27 18:00;4;21.5;21.875;21.75;468;202;0;
6056;2024.11.27 18:15;4;21.4375;21.8125;21.75;468;202;0;
6057;2024.11.27 18:30;4;21.375;21.75;21.6875;467;202;0;
6058;2024.11.27 18:45;4;21.375;21.75;21.625;467;202;0;
6059;2024.11.27 19:00;4;21.3125;21.75;21.625;467;202;0;
6060;2024.11.27 19:15;4;21.3125;21.6875;21.625;467;202;0;
6061;2024.11.27 19:30;4;21.25;21.625;21.5625;467;202;0;
6062;2024.11.27 19:45;4;21.25;21.625;21.5;467;202;0;
6063;2024.11.27 20:00;4;21.25;21.625;21.5;467;202;0;
6064;2024.11.27 20:15;4;21.1875;21.625;21.5;466;202;0;
6065;2024.11.27 20:30;4;21.125;21.5625;21.5;466;202;0;
6066;2024.11.27 20:45;4;21.125;21.5;21.4375;466;202;0;
6067;2024.11.27 21:00;4;21.125;21.5;21.375;466;202;0;
6068;2024.11.27 21:15;4;21.125;21.5;21.375;466;202;0;
6069;2024.11.27 21:30;4;21.0625;21.4375;21.375;466;202;0;
6070;2024.11.27 21:45;4;21.0625;21.4375;21.375;466;202;0;
6071;2024.11.27 22:00;4;21.0625;21.375;21.3125;466;202;0;
6072;2024.11.27 22:15;4;21;21.375;21.3125;465;202;0;
6073;2024.11.27 22:30;4;21;21.375;21.25;465;202;0;
6074;2024.11.27 22:45;4;21;21.375;21.25;465;202;0;
6075;2024.11.27 23:00;4;21;21.375;21.25;465;202;0;
6076;2024.11.27 23:15;4;21;21.3125;21.25;465;202;0;
6077;2024.11.27 23:30;4;21;21.3125;21.25;465;202;0;
6078;2024.11.27 23:45;4;20.9375;21.25;21.25;465;202;0;
6079;2024.11.28 00:00;4;20.9375;21.25;21.1875;465;202;0;
6080;2024.11.28 00:15;4;20.875;21.25;21.125;465;202;0;
6081;2024.11.28 00:30;4;20.875;21.25;21.125;465;202;0;
6082;2024.11.28 00:45;4;20.875;21.25;21.125;465;202;0;
6083;2024.11.28 01:00;4;20.875;21.25;21.125;465;202;0;
6084;2024.11.28 01:15;4;20.875;21.25;21.125;465;202;0;
6085;2024.11.28 01:30;4;20.875;21.1875;21.125;465;202;0;
6086;2024.11.28 01:45;4;20.875;21.1875;21.125;465;202;0;
6087;2024.11.28 02:00;4;20.8125;21.125;21.125;465;202;0;
6088;2024.11.28 02:15;4;20.8125;21.125;21.0625;464;202;0;
6089;2024.11.28 02:30;4;20.8125;21.125;21.0625;464;202;0;
6090;2024.11.28 02:45;4;20.8125;21.125;21;464;202;0;
6091;2024.11.28 03:00;4;20.75;21.125;21;464;202;0;
6092;2024.11.28 03:15;4;20.75;21.125;21;464;202;0;
6093;2024.11.28 03:30;4;20.75;21.125;21;464;202;0;
6094;2024.11.28 03:45;4;20.75;21.125;21;464;202;0;
6095;2024.11.28 04:00;4;20.75;21.0625;21;464;202;0;
6096;2024.11.28 04:15;4;20.75;21;21;464;202;0;
6097;2024.11.28 04:30;4;20.6875;21;20.9375;464;202;0;
6098;2024.11.28 04:45;4;20.625;21;20.875;464;202;0;
6099;2024.11.28 05:00;4;20.625;21;20.875;464;202;0;
6100;2024.11.28 05:15;4;20.625;21;20.875;463;202;0;
6101;2024.11.28 05:30;4;20.625;20.9375;20.875;463;202;0;
6102;2024.11.28 05:45;4;20.625;20.875;20.8125;463;202;0;
6103;2024.11.28 06:00;4;20.5625;20.875;20.75;463;202;0;
6104;2024.11.28 06:15;4;20.5625;20.875;20.75;463;202;0;
6105;2024.11.28 06:30;4;20.5625;20.875;20.75;463;202;0;
6106;2024.11.28 06:45;4;20.5625;20.875;20.75;463;202;0;
6107;2024.11.28 07:00;4;20.625;20.875;20.75;463;202;0;
6108;2024.11.28 07:15;4;20.625;20.875;20.75;463;202;0;
6109;2024.11.28 07:30;4;20.625;20.875;20.75;463;202;0;
6110;2024.11.28 07:45;4;20.625;20.875;20.75;463;202;0;
6111;2024.11.28 08:00;4;20.6875;20.875;20.75;463;202;0;
6112;2024.11.28 08:15;4;20.75;20.875;20.8125;463;202;0;
6113;2024.11.28 08:30;4;20.75;20.9375;20.8125;464;202;0;
6114;2024.11.28 08:45;4;20.8125;21;20.875;464;202;0;
6115;2024.11.28 09:00;4;20.875;21;20.875;464;202;0;
6116;2024.11.28 09:15;4;20.875;21;20.875;464;202;0;
6117;2024.11.28 09:30;4;20.875;21;20.875;464;202;0;
6118;2024.11.28 09:45;4;20.9375;21.0625;20.875;464;202;0;
6119;2024.11.28 10:00;4;21;21.0625;20.9375;464;202;0;
6120;2024.11.28 10:15;4;21;21.125;21;464;202;0;
6121;2024.11.28 10:30;4;21.0625;21.125;21;464;202;0;
6122;2024.11.28 10:45;4;21.125;21.1875;21;465;202;0;
6123;2024.11.28 11:00;4;21.125;21.25;21;465;202;0;
6124;2024.11.28 11:15;4;21.125;21.25;21.0625;465;202;0;
6125;2024.11.28 11:30;4;21.125;21.25;21.0625;465;202;0;
6126;2024.11.28 11:45;4;21.125;21.25;21.125;465;202;0;
6127;2024.11.28 12:00;4;21.1875;21.25;21.125;465;202;0;
6128;2024.11.28 12:15;4;21.25;21.25;21.125;465;202;0;
6129;2024.11.28 12:30;4;21.25;21.3125;21.125;465;202;0;
6130;2024.11.28 12:45;4;21.25;21.3125;21.125;465;202;0;
6131;2024.11.28 13:00;4;21.25;21.3125;21.125;465;202;0;
6132;2024.11.28 13:15;4;21.25;21.3125;21.1875;465;202;0;
6133;2024.11.28 13:30;4;21.25;21.375;21.1875;465;202;0;
6134;2024.11.28 13:45;4;21.25;21.375;21.1875;465;202;0;
6135;2024.11.28 14:00;4;21.25;21.375;21.25;465;202;0;
6136;2024.11.28 14:15;4;21.3125;21.375;21.25;465;202;0;
6137;2024.11.28 14:30;4;21.3125;21.375;21.25;466;202;0;
6138;2024.11.28 14:45;4;21.3125;21.4375;21.25;465;202;0;
6139;2024.11.28 15:00;4;21.25;21.375;21.25;465;202;0;
6140;2024.11.28 15:15;4;21.25;21.375;21.25;465;202;0;
6141;2024.11.28 15:30;4;21.1875;21.375;21.25;465;202;0;
6142;2024.11.28 15:45;4;21.125;21.375;21.125;465;202;0;
6143;2024.11.28 16:00;4;21;21.25;21.125;464;202;0;
6144;2024.11.28 16:15;4;21;21.25;21.125;464;202;0;
6145;2024.11.28 16:30;4;20.875;21.1875;21;464;202;0;
6146;2024.11.28 16:45;4;20.875;21.125;21;464;202;0;
6147;2024.11.28 17:00;4;20.8125;21.125;21;464;202;0;
6148;2024.11.28 17:15;4;20.75;21.0625;20.9375;463;202;0;
6149;2024.11.28 17:30;4;20.75;21;20.875;463;202;0;
6150;2024.11.28 17:45;4;20.75;21;20.875;463;202;0;
6151;2024.11.28 18:00;4;20.6875;21;20.875;463;202;0;
6152;2024.11.28 18:15;4;20.625;20.9375;20.8125;463;202;0;
6153;2024.11.28 18:30;4;20.625;20.9375;20.8125;463;202;0;
6154;2024.11.28 18:45;4;20.625;20.875;20.8125;463;202;0;
6155;2024.11.28 19:00;4;20.625;20.875;20.75;462;202;0;
6156;2024.11.28 19:15;4;20.625;20.875;20.75;462;202;0;
6157;2024.11.28 19:30;4;20.5625;20.875;20.75;462;202;0;
6158;2024.11.28 19:45;4;20.5625;20.875;20.75;462;202;0;
6159;2024.11.28 20:00;4;20.5;20.8125;20.75;462;202;0;
6160;2024.11.28 20:15;4;20.5;20.8125;20.75;462;202;0;
6161;2024.11.28 20:30;4;20.5;20.8125;20.75;462;202;0;
6162;2024.11.28 20:45;4;20.5;20.8125;20.6875;462;202;0;
6163;2024.11.28 21:00;4;20.5;20.75;20.6875;462;202;0;
6164;2024.11.28 21:15;4;20.5;20.75;20.6875;462;202;0;
6165;2024.11.28 21:30;4;20.5;20.75;20.6875;462;202;0;
6166;2024.11.28 21:45;4;20.5;20.75;20.6875;462;202;0;
6167;2024.11.28 22:00;4;20.5;20.75;20.6875;462;202;0;
6168;2024.11.28 22:15;4;20.5;20.75;20.6875;462;202;0;
6169;2024.11.28 22:30;4;20.5;20.75;20.625;462;202;0;
6170;2024.11.28 22:45;4;20.5;20.75;20.625;462;202;0;
6171;2024.11.28 23:00;4;20.5;20.75;20.625;462;202;0;
6172;2024.11.28 23:15;4;20.4375;20.75;20.625;462;202;0;
6173;2024.11.28 23:30;4;20.4375;20.75;20.625;461;202;0;
6174;2024.11.28 23:45;4;20.375;20.6875;20.625;461;202;0;
6175;2024.11.29 00:00;4;20.375;20.6875;20.625;461;202;0;
6176;2024.11.29 00:15;4;20.375;20.6875;20.5625;461;202;0;
6177;2024.11.29 00:30;4;20.375;20.625;20.5625;461;202;0;
6178;2024.11.29 00:45;4;20.375;20.625;20.5625;461;202;0;
6179;2024.11.29 01:00;4;20.375;20.625;20.5;461;202;0;
6180;2024.11.29 01:15;4;20.375;20.625;20.5;461;202;0;
6181;2024.11.29 01:30;4;20.375;20.625;20.5;461;202;0;
6182;2024.11.29 01:45;4;20.375;20.625;20.5;461;202;0;
6183;2024.11.29 02:00;4;20.375;20.625;20.5;461;202;0;
6184;2024.11.29 02:15;4;20.375;20.625;20.5;461;202;0;
6185;2024.11.29 02:30;4;20.375;20.625;20.5;461;202;0;
6186;2024.11.29 02:45;4;20.375;20.625;20.5;461;202;0;
6187;2024.11.29 03:00;4;20.375;20.625;20.5;461;202;0;
6188;2024.11.29 03:15;4;20.375;20.625;20.5;461;202;0;
6189;2024.11.29 03:30;4;20.375;20.625;20.5;461;202;0;
6190;2024.11.29 03:45;4;20.375;20.625;20.5;461;202;0;
6191;2024.11.29 04:00;4;20.375;20.625;20.5625;461;202;0;
6192;2024.11.29 04:15;4;20.375;20.625;20.5625;461;202;0;
6193;2024.11.29 04:30;4;20.375;20.625;20.5625;461;202;0;
6194;2024.11.29 04:45;4;20.375;20.625;20.5625;461;202;0;
6195;2024.11.29 05:00;4;20.375;20.625;20.5625;461;202;0;
6196;2024.11.29 05:15;4;20.375;20.625;20.5625;461;202;0;
6197;2024.11.29 05:30;4;20.375;20.625;20.5625;461;202;0;
6198;2024.11.29 05:45;4;20.375;20.625;20.5625;461;202;0;
6199;2024.11.29 06:00;4;20.375;20.625;20.5625;461;202;0;
6200;2024.11.29 06:15;4;20.375;20.6875;20.5625;461;202;0;
6201;2024.11.29 06:30;4;20.4375;20.6875;20.625;461;202;0;
6202;2024.11.29 06:45;4;20.5;20.75;20.625;461;202;0;
6203;2024.11.29 07:00;4;20.5;20.75;20.625;461;202;0;
6204;2024.11.29 07:15;4;20.375;20.75;20.625;461;202;0;
6205;2024.11.29 07:30;4;20.375;20.6875;20.5625;461;202;0;
6206;2024.11.29 07:45;4;20.25;20.625;20.5;460;202;0;
6207;2024.11.29 08:00;4;20.1875;20.625;20.5;460;202;0;
6208;2024.11.29 08:15;4;20.125;20.5625;20.5;460;202;0;
6209;2024.11.29 08:30;4;20.125;20.5;20.4375;460;202;0;
6210;2024.11.29 08:45;4;20.125;20.5;20.4375;460;202;0;
6211;2024.11.29 09:00;4;20.1875;20.5;20.5;460;202;0;
6212;2024.11.29 09:15;4;20.25;20.5625;20.5;460;202;0;
6213;2024.11.29 09:30;4;20.375;20.625;20.625;461;202;0;
6214;2024.11.29 09:45;4;20.4375;20.625;20.625;461;202;0;
6215;2024.11.29 10:00;4;20.5;20.75;20.625;461;202;0;
6216;2024.11.29 10:15;4;20.5625;20.75;20.75;461;202;0;
6217;2024.11.29 10:30;4;20.625;20.875;20.75;462;202;0;
6218;2024.11.29 10:45;4;20.75;20.9375;20.875;462;202;0;
6219;2024.11.29 11:00;4;21;21;21;463;202;0;
6220;2024.11.29 11:15;4;21.125;21.125;21.125;464;202;0;
6221;2024.11.29 11:30;4;21.25;21.25;21.1875;464;202;0;
6222;2024.11.29 11:45;4;21.25;21.3125;21.1875;464;202;0;
6223;2024.11.29 12:00;4;21.1875;21.375;21.25;464;202;0;
6224;2024.11.29 12:15;4;21.1875;21.375;21.25;464;202;0;
6225;2024.11.29 12:30;4;21.1875;21.375;21.25;464;202;0;
6226;2024.11.29 12:45;4;21.25;21.375;21.25;464;202;0;
6227;2024.11.29 13:00;4;21.25;21.375;21.3125;464;202;0;
6228;2024.11.29 13:15;4;21.25;21.4375;21.375;464;202;0;
6229;2024.11.29 13:30;4;21.25;21.5;21.375;465;202;0;
6230;2024.11.29 13:45;4;21.25;21.5;21.375;465;202;0;
6231;2024.11.29 14:00;4;21.3125;21.5;21.375;465;202;0;
6232;2024.11.29 14:15;4;21.3125;21.5;21.375;465;202;0;
6233;2024.11.29 14:30;4;21.3125;21.5;21.375;465;202;0;
6234;2024.11.29 14:45;4;21.25;21.5;21.375;465;202;0;
6235;2024.11.29 15:00;4;21.25;21.5;21.375;464;202;0;
6236;2024.11.29 15:15;4;21.125;21.5;21.375;464;202;0;
6237;2024.11.29 15:30;4;21.125;21.4375;21.3125;464;202;0;
6238;2024.11.29 15:45;4;21.125;21.4375;21.25;464;202;0;
6239;2024.11.29 16:00;4;21.0625;21.375;21.25;464;202;0;
6240;2024.11.29 16:15;4;21;21.375;21.25;464;202;0;
6241;2024.11.29 16:30;4;21;21.375;21.25;464;202;0;
6242;2024.11.29 16:45;4;21;21.3125;21.1875;463;202;0;
6243;2024.11.29 17:00;4;20.9375;21.25;21.1875;463;202;0;
6244;2024.11.29 17:15;4;20.875;21.25;21.125;463;202;0;
6245;2024.11.29 17:30;4;20.875;21.25;21.125;463;202;0;
6246;2024.11.29 17:45;4;20.875;21.25;21.125;463;202;0;
6247;2024.11.29 18:00;4;20.875;21.25;21.125;463;202;0;
6248;2024.11.29 18:15;4;20.8125;21.1875;21.0625;463;202;0;
6249;2024.11.29 18:30;4;20.8125;21.1875;21.0625;463;202;0;
6250;2024.11.29 18:45;4;20.8125;21.125;21.0625;463;202;0;
6251;2024.11.29 19:00;4;20.75;21.125;21;463;202;0;
6252;2024.11.29 19:15;4;20.75;21.125;21;463;202;0;
6253;2024.11.29 19:30;4;20.75;21.125;21;462;202;0;
6254;2024.11.29 19:45;4;20.75;21.125;21;462;202;0;
6255;2024.11.29 20:00;4;20.75;21.0625;21;462;202;0;
6256;2024.11.29 20:15;4;20.75;21.0625;21;462;202;0;
6257;2024.11.29 20:30;4;20.6875;21;20.9375;462;202;0;
6258;2024.11.29 20:45;4;20.6875;21;20.9375;462;202;0;
6259;2024.11.29 21:00;4;20.6875;21;20.9375;462;202;0;
6260;2024.11.29 21:15;4;20.6875;21;20.9375;462;202;0;
6261;2024.11.29 21:30;4;20.625;21;20.875;462;202;0;
6262;2024.11.29 21:45;4;20.625;21;20.875;462;202;0;
6263;2024.11.29 22:00;4;20.625;21;20.875;462;202;0;
6264;2024.11.29 22:15;4;20.625;21;20.875;462;202;0;
6265;2024.11.29 22:30;4;20.625;21;20.875;462;202;0;
6266;2024.11.29 22:45;4;20.625;20.9375;20.875;462;202;0;
6267;2024.11.29 23:00;4;20.625;20.9375;20.875;462;202;0;
6268;2024.11.29 23:15;4;20.625;20.9375;20.875;462;202;0;
6269;2024.11.29 23:30;4;20.5625;20.875;20.875;462;202;0;
6270;2024.11.29 23:45;4;20.5625;20.875;20.8125;462;202;0;
6271;2024.11.30 00:00;4;20.5625;20.875;20.8125;462;202;0;
6272;2024.11.30 00:15;4;20.5;20.875;20.8125;462;202;0;
6273;2024.11.30 00:30;4;20.5;20.875;20.8125;462;202;0;
6274;2024.11.30 00:45;4;20.5;20.875;20.75;462;202;0;
6275;2024.11.30 01:00;4;20.5;20.875;20.75;462;202;0;
6276;2024.11.30 01:15;4;20.5;20.875;20.75;462;202;0;
6277;2024.11.30 01:30;4;20.5;20.875;20.75;462;202;0;
6278;2024.11.30 01:45;4;20.5;20.875;20.75;462;202;0;
6279;2024.11.30 02:00;4;20.5;20.875;20.75;462;202;0;
6280;2024.11.30 02:15;4;20.5;20.8125;20.75;461;202;0;
6281;2024.11.30 02:30;4;20.5;20.8125;20.75;461;202;0;
6282;2024.11.30 02:45;4;20.4375;20.8125;20.75;461;202;0;
6283;2024.11.30 03:00;4;20.4375;20.75;20.75;461;202;0;
6284;2024.11.30 03:15;4;20.375;20.75;20.6875;461;202;0;
6285;2024.11.30 03:30;4;20.375;20.75;20.6875;461;202;0;
6286;2024.11.30 03:45;4;20.375;20.75;20.625;461;202;0;
6287;2024.11.30 04:00;4;20.375;20.75;20.625;461;202;0;
6288;2024.11.30 04:15;4;20.375;20.75;20.625;461;202;0;
6289;2024.11.30 04:30;4;20.375;20.75;20.625;461;202;0;
6290;2024.11.30 04:45;4;20.375;20.75;20.625;461;202;0;
6291;2024.11.30 05:00;4;20.375;20.6875;20.625;461;202;0;
6292;2024.11.30 05:15;4;20.3125;20.6875;20.625;461;202;0;
6293;2024.11.30 05:30;4;20.3125;20.6875;20.625;461;202;0;
6294;2024.11.30 05:45;4;20.3125;20.625;20.625;461;202;0;
6295;2024.11.30 06:00;4;20.25;20.625;20.5625;461;202;0;
6296;2024.11.30 06:15;4;20.25;20.625;20.5625;460;202;0;
6297;2024.11.30 06:30;4;20.25;20.625;20.5625;460;202;0;
6298;2024.11.30 06:45;4;20.25;20.625;20.5625;460;202;0;
6299;2024.11.30 07:00;4;20.25;20.625;20.5;460;202;0;
6300;2024.11.30 07:15;4;20.25;20.625;20.5;460;202;0;
6301;2024.11.30 07:30;4;20.25;20.625;20.5;460;202;0;
6302;2024.11.30 07:45;4;20.25;20.625;20.5;460;202;0;
6303;2024.11.30 08:00;4;20.25;20.625;20.5;460;202;0;
6304;2024.11.30 08:15;4;20.25;20.625;20.5;460;202;0;
6305;2024.11.30 08:30;4;20.25;20.625;20.5;460;202;0;
6306;2024.11.30 08:45;4;20.25;20.625;20.5;460;202;0;
6307;2024.11.30 09:00;4;20.25;20.625;20.5;460;202;0;
6308;2024.11.30 09:15;4;20.25;20.625;20.5;460;202;0;
6309;2024.11.30 09:30;4;20.25;20.625;20.5;460;202;0;
6310;2024.11.30 09:45;4;20.3125;20.625;20.5625;460;202;0;
6311;2024.11.30 10:00;4;20.3125;20.625;20.5625;460;202;0;
6312;2024.11.30 10:15;4;20.3125;20.625;20.5625;460;202;0;
6313;2024.11.30 10:30;4;20.375;20.625;20.5625;460;202;0;
6314;2024.11.30 10:45;4;20.375;20.625;20.5625;460;202;0;
6315;2024.11.30 11:00;4;20.375;20.625;20.5625;460;202;0;
6316;2024.11.30 11:15;4;20.375;20.625;20.625;460;202;0;
6317;2024.11.30 11:30;4;20.375;20.6875;20.625;461;202;0;
6318;2024.11.30 11:45;4;20.375;20.6875;20.625;460;202;0;
6319;2024.11.30 12:00;4;20.375;20.6875;20.625;461;202;0;
6320;2024.11.30 12:15;4;20.4375;20.75;20.625;461;202;0;
6321;2024.11.30 12:30;4;20.4375;20.75;20.625;461;202;0;
6322;2024.11.30 12:45;4;20.4375;20.75;20.625;461;202;0;
6323;2024.11.30 13:00;4;20.5;20.75;20.625;461;202;0;
6324;2024.11.30 13:15;4;20.5;20.75;20.625;461;202;0;
6325;2024.11.30 13:30;4;20.5;20.75;20.625;461;202;0;
6326;2024.11.30 13:45;4;20.4375;20.75;20.6875;461;202;0;
6327;2024.11.30 14:00;4;20.5;20.75;20.625;461;202;0;
6328;2024.11.30 14:15;4;20.4375;20.75;20.625;461;202;0;
6329;2024.11.30 14:30;4;20.4375;20.75;20.625;461;202;0;
6330;2024.11.30 14:45;4;20.4375;20.75;20.625;461;202;0;
6331;2024.11.30 15:00;4;20.375;20.75;20.625;460;202;0;
6332;2024.11.30 15:15;4;20.375;20.75;20.625;460;202;0;
6333;2024.11.30 15:30;4;20.375;20.75;20.625;460;202;0;
6334;2024.11.30 15:45;4;20.375;20.75;20.625;460;202;0;
6335;2024.11.30 16:00;4;20.375;20.6875;20.625;460;202;0;
6336;2024.11.30 16:15;4;20.3125;20.6875;20.625;460;202;0;
6337;2024.11.30 16:30;4;20.3125;20.625;20.625;460;202;0;
6338;2024.11.30 16:45;4;20.25;20.625;20.5625;460;202;0;
6339;2024.11.30 17:00;4;20.25;20.625;20.5625;460;202;0;
6340;2024.11.30 17:15;4;20.25;20.625;20.5625;460;202;0;
6341;2024.11.30 17:30;4;20.25;20.625;20.5625;460;202;0;
6342;2024.11.30 17:45;4;20.25;20.625;20.5625;460;202;0;
6343;2024.11.30 18:00;4;20.25;20.625;20.5;460;202;0;
6344;2024.11.30 18:15;4;20.25;20.625;20.5;460;202;0;
6345;2024.11.30 18:30;4;20.25;20.625;20.5;460;202;0;
6346;2024.11.30 18:45;4;20.25;20.625;20.5;460;202;0;
6347;2024.11.30 19:00;4;20.25;20.625;20.5;460;202;0;
6348;2024.11.30 19:15;4;20.25;20.625;20.5;460;202;0;
6349;2024.11.30 19:30;4;20.25;20.625;20.5;460;202;0;
6350;2024.11.30 19:45;4;20.25;20.625;20.5;460;202;0;
6351;2024.11.30 20:00;4;20.25;20.625;20.5;460;202;0;
6352;2024.11.30 20:15;4;20.25;20.625;20.5;460;202;0;
6353;2024.11.30 20:30;4;20.25;20.625;20.5;460;202;0;
6354;2024.11.30 20:45;4;20.25;20.625;20.5;460;202;0;
6355;2024.11.30 21:00;4;20.25;20.625;20.5;460;202;0;
6356;2024.11.30 21:15;4;20.25;20.5625;20.5;460;202;0;
6357;2024.11.30 21:30;4;20.25;20.5625;20.5;460;202;0;
6358;2024.11.30 21:45;4;20.25;20.5625;20.5;460;202;0;
6359;2024.11.30 22:00;4;20.25;20.5625;20.5;460;202;0;
6360;2024.11.30 22:15;4;20.25;20.5625;20.5;460;202;0;
6361;2024.11.30 22:30;4;20.25;20.5625;20.5;460;202;0;
6362;2024.11.30 22:45;4;20.25;20.5;20.5;460;202;0;
6363;2024.11.30 23:00;4;20.1875;20.5;20.5;460;202;0;
6364;2024.11.30 23:15;4;20.1875;20.5;20.4375;460;202;0;
6365;2024.11.30 23:30;4;20.1875;20.5;20.4375;460;202;0;
6366;2024.11.30 23:45;4;20.1875;20.5;20.4375;459;202;0;
6367;2024.12.01 00:00;4;20.1875;20.5;20.4375;460;202;0;
6368;2024.12.01 00:15;4;20.125;20.5;20.4375;459;202;0;
6369;2024.12.01 00:30;4;20.125;20.5;20.375;459;202;0;
6370;2024.12.01 00:45;4;20.125;20.5;20.375;459;202;0;
6371;2024.12.01 01:00;4;20.125;20.5;20.375;459;202;0;
6372;2024.12.01 01:15;4;20.125;20.5;20.375;459;202;0;
6373;2024.12.01 01:30;4;20.125;20.5;20.375;459;202;0;
6374;2024.12.01 01:45;4;20.125;20.5;20.375;459;202;0;
6375;2024.12.01 02:00;4;20.125;20.5;20.375;459;202;0;
6376;2024.12.01 02:15;4;20.125;20.4375;20.375;459;202;0;
6377;2024.12.01 02:30;4;20.125;20.4375;20.375;459;202;0;
6378;2024.12.01 02:45;4;20.125;20.4375;20.375;459;202;0;
6379;2024.12.01 03:00;4;20.125;20.4375;20.375;459;202;0;
6380;2024.12.01 03:15;4;20.125;20.4375;20.375;459;202;0;
6381;2024.12.01 03:30;4;20.125;20.4375;20.375;459;202;0;
6382;2024.12.01 03:45;4;20.125;20.4375;20.375;459;202;0;
6383;2024.12.01 04:00;4;20.125;20.375;20.375;459;202;0;
6384;2024.12.01 04:15;4;20.125;20.4375;20.375;459;202;0;
6385;2024.12.01 04:30;4;20.125;20.4375;20.375;459;202;0;
6386;2024.12.01 04:45;4;20.125;20.375;20.375;459;202;0;
6387;2024.12.01 05:00;4;20.125;20.4375;20.375;459;202;0;
6388;2024.12.01 05:15;4;20.125;20.4375;20.375;459;202;0;
6389;2024.12.01 05:30;4;20.125;20.4375;20.375;459;202;0;
6390;2024.12.01 05:45;4;20.125;20.4375;20.375;459;202;0;
6391;2024.12.01 06:00;4;20.125;20.375;20.375;459;202;0;
6392;2024.12.01 06:15;4;20.125;20.375;20.375;459;202;0;
6393;2024.12.01 06:30;4;20.125;20.375;20.375;459;202;0;
6394;2024.12.01 06:45;4;20.125;20.375;20.375;459;202;0;
6395;2024.12.01 07:00;4;20.125;20.375;20.375;459;202;0;
6396;2024.12.01 07:15;4;20.125;20.375;20.375;459;202;0;
6397;2024.12.01 07:30;4;20.125;20.375;20.375;459;202;0;
6398;2024.12.01 07:45;4;20.125;20.375;20.375;459;202;0;
6399;2024.12.01 08:00;4;20.125;20.375;20.375;459;202;0;
6400;2024.12.01 08:15;4;20.125;20.375;20.375;459;202;0;
6401;2024.12.01 08:30;4;20.125;20.375;20.375;459;202;0;
6402;2024.12.01 08:45;4;20.125;20.375;20.375;459;202;0;
6403;2024.12.01 09:00;4;20.125;20.375;20.375;459;202;0;
6404;2024.12.01 09:15;4;20.125;20.375;20.375;459;202;0;
6405;2024.12.01 09:30;4;20.125;20.4375;20.375;459;202;0;
6406;2024.12.01 09:45;4;20.125;20.4375;20.375;459;202;0;
6407;2024.12.01 10:00;4;20.1875;20.5;20.375;459;202;0;
6408;2024.12.01 10:15;4;20.1875;20.5;20.375;459;202;0;
6409;2024.12.01 10:30;4;20.25;20.5;20.375;459;202;0;
6410;2024.12.01 10:45;4;20.25;20.5;20.375;459;202;0;
6411;2024.12.01 11:00;4;20.25;20.5;20.375;459;202;0;
6412;2024.12.01 11:15;4;20.25;20.5;20.4375;459;202;0;
6413;2024.12.01 11:30;4;20.25;20.5;20.4375;459;202;0;
6414;2024.12.01 11:45;4;20.25;20.5;20.4375;459;202;0;
6415;2024.12.01 12:00;4;20.25;20.5;20.4375;459;202;0;
6416;2024.12.01 12:15;4;20.25;20.5;20.4375;460;202;0;
6417;2024.12.01 12:30;4;20.25;20.5;20.5;460;202;0;
6418;2024.12.01 12:45;4;20.25;20.5;20.5;460;202;0;
6419;2024.12.01 13:00;4;20.25;20.5625;20.5;460;202;0;
6420;2024.12.01 13:15;4;20.25;20.5;20.5;460;202;0;
6421;2024.12.01 13:30;4;20.25;20.5625;20.5;460;202;0;
6422;2024.12.01 13:45;4;20.25;20.5625;20.5;460;202;0;
6423;2024.12.01 14:00;4;20.25;20.5625;20.5;460;202;0;
6424;2024.12.01 14:15;4;20.25;20.5625;20.5;460;202;0;
6425;2024.12.01 14:30;4;20.25;20.5625;20.5;460;202;0;
6426;2024.12.01 14:45;4;20.25;20.5625;20.5;460;202;0;
6427;2024.12.01 15:00;4;20.25;20.5625;20.5;460;202;0;
6428;2024.12.01 15:15;4;20.25;20.5625;20.5;460;202;0;
6429;2024.12.01 15:30;4;20.25;20.5625;20.5;460;202;0;
6430;2024.12.01 15:45;4;20.25;20.5625;20.5;459;202;0;
6431;2024.12.01 16:00;4;20.25;20.5625;20.5;460;202;0;
6432;2024.12.01 16:15;4;20.25;20.5625;20.5;460;202;0;
6433;2024.12.01 16:30;4;20.25;20.5625;20.5;459;202;0;
6434;2024.12.01 16:45;4;20.25;20.5;20.5;459;202;0;
6435;2024.12.01 17:00;4;20.25;20.5;20.5;459;202;0;
6436;2024.12.01 17:15;4;20.1875;20.5;20.5;459;202;0;
6437;2024.12.01 17:30;4;20.1875;20.5;20.5;459;202;0;
6438;2024.12.01 17:45;4;20.1875;20.5;20.5;459;202;0;
6439;2024.12.01 18:00;4;20.125;20.5;20.5;459;202;0;
6440;2024.12.01 18:15;4;20.125;20.5;20.4375;459;202;0;
6441;2024.12.01 18:30;4;20.125;20.5;20.4375;459;202;0;
6442;2024.12.01 18:45;4;20.125;20.5;20.4375;459;202;0;
6443;2024.12.01 19:00;4;20.125;20.5;20.375;459;202;0;
6444;2024.12.01 19:15;4;20.125;20.5;20.375;459;202;0;
6445;2024.12.01 19:30;4;20.125;20.5;20.375;459;202;0;
6446;2024.12.01 19:45;4;20.125;20.5;20.375;459;202;0;
6447;2024.12.01 20:00;4;20.125;20.5;20.375;459;202;0;
6448;2024.12.01 20:15;4;20.125;20.5;20.375;459;202;0;
6449;2024.12.01 20:30;4;20.125;20.4375;20.375;459;202;0;
6450;2024.12.01 20:45;4;20.125;20.4375;20.375;459;202;0;
6451;2024.12.01 21:00;4;20.125;20.4375;20.375;459;202;0;
6452;2024.12.01 21:15;4;20.125;20.4375;20.375;459;202;0;
6453;2024.12.01 21:30;4;20.125;20.4375;20.375;459;202;0;
6454;2024.12.01 21:45;4;20.125;20.4375;20.375;459;202;0;
6455;2024.12.01 22:00;4;20.125;20.375;20.375;459;202;0;
6456;2024.12.01 22:15;4;20.0625;20.375;20.375;459;202;0;
6457;2024.12.01 22:30;4;20.0625;20.375;20.3125;459;202;0;
6458;2024.12.01 22:45;4;20.0625;20.375;20.3125;459;202;0;
6459;2024.12.01 23:00;4;20.0625;20.375;20.3125;459;202;0;
6460;2024.12.01 23:15;4;20.0625;20.375;20.3125;459;202;0;
6461;2024.12.01 23:30;4;20.0625;20.375;20.3125;459;202;0;
6462;2024.12.01 23:45;4;20.0625;20.375;20.3125;459;202;0;
6463;2024.12.02 00:00;4;20.0625;20.375;20.3125;459;202;0;
6464;2024.12.02 00:15;4;20;20.375;20.25;459;202;0;
6465;2024.12.02 00:30;4;20.0625;20.375;20.3125;459;202;0;
6466;2024.12.02 00:45;4;20;20.375;20.25;459;202;0;
6467;2024.12.02 01:00;4;20;20.375;20.25;459;202;0;
6468;2024.12.02 01:15;4;20.0625;20.375;20.25;459;202;0;
6469;2024.12.02 01:30;4;20;20.375;20.25;459;202;0;
6470;2024.12.02 01:45;4;20;20.375;20.25;459;202;0;
6471;2024.12.02 02:00;4;20;20.375;20.25;459;202;0;
6472;2024.12.02 02:15;4;20;20.375;20.25;459;202;0;
6473;2024.12.02 02:30;4;20;20.375;20.25;459;202;0;
6474;2024.12.02 02:45;4;20;20.375;20.25;459;202;0;
6475;2024.12.02 03:00;4;20;20.375;20.25;459;202;0;
6476;2024.12.02 03:15;4;20;20.375;20.25;459;202;0;
6477;2024.12.02 03:30;4;20;20.375;20.25;459;202;0;
6478;2024.12.02 03:45;4;20.0625;20.375;20.25;459;202;0;
6479;2024.12.02 04:00;4;20.0625;20.375;20.25;459;202;0;
6480;2024.12.02 04:15;4;20.0625;20.375;20.25;459;202;0;
6481;2024.12.02 04:30;4;20.0625;20.375;20.3125;459;202;0;
6482;2024.12.02 04:45;4;20.0625;20.375;20.3125;459;202;0;
6483;2024.12.02 05:00;4;20.0625;20.375;20.3125;459;202;0;
6484;2024.12.02 05:15;4;20.0625;20.375;20.3125;459;202;0;
6485;2024.12.02 05:30;4;20.125;20.375;20.3125;459;202;0;
6486;2024.12.02 05:45;4;20.125;20.375;20.375;459;202;0;
6487;2024.12.02 06:00;4;20.1875;20.4375;20.375;459;202;0;
6488;2024.12.02 06:15;4;20.25;20.5;20.375;460;202;0;
6489;2024.12.02 06:30;4;20.25;20.5;20.4375;460;202;0;
6490;2024.12.02 06:45;4;20.3125;20.5;20.4375;460;202;0;
6491;2024.12.02 07:00;4;20.375;20.5625;20.5;460;202;0;
6492;2024.12.02 07:15;4;20.375;20.625;20.5;460;202;0;
6493;2024.12.02 07:30;4;20.4375;20.625;20.5625;460;202;0;
6494;2024.12.02 07:45;4;20.5;20.6875;20.625;461;202;0;
6495;2024.12.02 08:00;4;20.5;20.75;20.625;461;202;0;
6496;2024.12.02 08:15;4;20.5;20.75;20.625;461;202;0;
6497;2024.12.02 08:30;4;20.5625;20.75;20.6875;461;202;0;
6498;2024.12.02 08:45;4;20.625;20.8125;20.75;461;202;0;
6499;2024.12.02 09:00;4;20.625;20.875;20.75;462;202;0;
6500;2024.12.02 09:15;4;20.6875;20.875;20.75;462;202;0;
6501;2024.12.02 09:30;4;20.75;20.875;20.8125;462;202;0;
6502;2024.12.02 09:45;4;20.75;20.9375;20.875;462;202;0;
6503;2024.12.02 10:00;4;20.75;21;20.875;462;202;0;
6504;2024.12.02 10:15;4;20.875;21;20.9375;463;202;0;
6505;2024.12.02 10:30;4;20.875;21;20.9375;463;202;0;
6506;2024.12.02 10:45;4;20.875;21.125;21;463;202;0;
6507;2024.12.02 11:00;4;20.9375;21.125;21;463;202;0;
6508;2024.12.02 11:15;4;21;21.125;21;463;202;0;
6509;2024.12.02 11:30;4;21;21.125;21.0625;464;202;0;
6510;2024.12.02 11:45;4;21;21.1875;21.125;464;202;0;
6511;2024.12.02 12:00;4;21.0625;21.25;21.125;464;202;0;
6512;2024.12.02 12:15;4;21.125;21.25;21.125;464;202;0;
6513;2024.12.02 12:30;4;21.125;21.25;21.1875;464;202;0;
6514;2024.12.02 12:45;4;21.125;21.3125;21.25;464;202;0;
6515;2024.12.02 13:00;4;21.125;21.375;21.25;465;202;0;
6516;2024.12.02 13:15;4;21.1875;21.375;21.25;465;202;0;
6517;2024.12.02 13:30;4;21.1875;21.375;21.3125;465;202;0;
6518;2024.12.02 13:45;4;21.25;21.375;21.3125;465;202;0;
6519;2024.12.02 14:00;4;21.25;21.4375;21.375;465;202;0;
6520;2024.12.02 14:15;4;21.25;21.5;21.375;465;202;0;
6521;2024.12.02 14:30;4;21.25;21.5;21.375;465;202;0;
6522;2024.12.02 14:45;4;21.25;21.5;21.375;465;202;0;
6523;2024.12.02 15:00;4;21.25;21.5;21.375;465;202;0;
6524;2024.12.02 15:15;4;21.25;21.5;21.4375;465;202;0;
6525;2024.12.02 15:30;4;21.3125;21.5;21.4375;466;202;0;
6526;2024.12.02 15:45;4;21.25;21.5625;21.4375;466;202;0;
6527;2024.12.02 16:00;4;21.25;21.5;21.4375;466;202;0;
6528;2024.12.02 16:15;4;21.25;21.5;21.4375;465;202;0;
6529;2024.12.02 16:30;4;21.1875;21.5;21.4375;465;202;0;
6530;2024.12.02 16:45;4;21.125;21.5;21.375;465;202;0;
6531;2024.12.02 17:00;4;21.125;21.5;21.375;465;202;0;
6532;2024.12.02 17:15;4;21.125;21.5;21.375;465;202;0;
6533;2024.12.02 17:30;4;21.125;21.4375;21.375;465;202;0;
6534;2024.12.02 17:45;4;21.125;21.4375;21.375;465;202;0;
6535;2024.12.02 18:00;4;21.0625;21.4375;21.375;465;202;0;
6536;2024.12.02 18:15;4;21.0625;21.375;21.375;465;202;0;
6537;2024.12.02 18:30;4;21.0625;21.375;21.375;465;202;0;
6538;2024.12.02 18:45;4;21;21.375;21.375;465;202;0;
6539;2024.12.02 19:00;4;21;21.375;21.375;465;202;0;
6540;2024.12.02 19:15;4;21;21.375;21.3125;465;202;0;
6541;2024.12.02 19:30;4;21;21.375;21.3125;465;202;0;
6542;2024.12.02 19:45;4;21;21.375;21.3125;465;202;0;
6543;2024.12.02 20:00;4;21;21.375;21.25;465;202;0;
6544;2024.12.02 20:15;4;21;21.375;21.25;465;202;0;
6545;2024.12.02 20:30;4;21;21.375;21.25;465;202;0;
6546;2024.12.02 20:45;4;21;21.3125;21.25;465;202;0;
6547;2024.12.02 21:00;4;21;21.3125;21.25;465;202;0;
6548;2024.12.02 21:15;4;21;21.3125;21.25;465;202;0;
6549;2024.12.02 21:30;4;21;21.3125;21.25;465;202;0;
6550;2024.12.02 21:45;4;20.9375;21.25;21.25;465;202;0;
6551;2024.12.02 22:00;4;20.9375;21.25;21.25;465;202;0;
6552;2024.12.02 22:15;4;20.9375;21.25;21.25;465;202;0;
6553;2024.12.02 22:30;4;20.9375;21.25;21.25;465;202;0;
6554;2024.12.02 22:45;4;20.875;21.25;21.25;465;202;0;
6555;2024.12.02 23:00;4;20.875;21.25;21.1875;465;202;0;
6556;2024.12.02 23:15;4;20.875;21.25;21.1875;465;202;0;
6557;2024.12.02 23:30;4;20.875;21.25;21.1875;465;202;0;
6558;2024.12.02 23:45;4;20.875;21.25;21.1875;465;202;0;
6559;2024.12.03 00:00;4;20.875;21.25;21.1875;465;202;0;
6560;2024.12.03 00:15;4;20.875;21.25;21.125;465;202;0;
6561;2024.12.03 00:30;4;20.875;21.25;21.125;465;202;0;
6562;2024.12.03 00:45;4;20.875;21.25;21.125;465;202;0;
6563;2024.12.03 01:00;4;20.875;21.25;21.125;465;202;0;
6564;2024.12.03 01:15;4;20.875;21.25;21.125;465;202;0;
6565;2024.12.03 01:30;4;20.875;21.25;21.125;465;202;0;
6566;2024.12.03 01:45;4;20.875;21.1875;21.125;465;202;0;
6567;2024.12.03 02:00;4;20.875;21.1875;21.125;465;202;0;
6568;2024.12.03 02:15;4;20.875;21.1875;21.125;465;202;0;
6569;2024.12.03 02:30;4;20.875;21.1875;21.125;465;202;0;
6570;2024.12.03 02:45;4;20.875;21.1875;21.125;465;202;0;
6571;2024.12.03 03:00;4;20.875;21.1875;21.125;465;202;0;
6572;2024.12.03 03:15;4;20.875;21.125;21.125;465;202;0;
6573;2024.12.03 03:30;4;20.8125;21.125;21.125;465;202;0;
6574;2024.12.03 03:45;4;20.8125;21.125;21.125;465;202;0;
6575;2024.12.03 04:00;4;20.8125;21.125;21.125;465;202;0;
6576;2024.12.03 04:15;4;20.8125;21.125;21.125;465;202;0;
6577;2024.12.03 04:30;4;20.75;21.125;21.0625;465;202;0;
6578;2024.12.03 04:45;4;20.75;21.125;21.0625;465;202;0;
6579;2024.12.03 05:00;4;20.75;21.125;21;465;202;0;
6580;2024.12.03 05:15;4;20.75;21.125;21;465;202;0;
6581;2024.12.03 05:30;4;20.75;21.125;21;465;202;0;
6582;2024.12.03 05:45;4;20.75;21.125;21;465;202;0;
6583;2024.12.03 06:00;4;20.75;21.0625;21;465;202;0;
6584;2024.12.03 06:15;4;20.75;21.0625;21;465;202;0;
6585;2024.12.03 06:30;4;20.75;21.125;21;465;202;0;
6586;2024.12.03 06:45;4;20.75;21.125;21;465;202;0;
6587;2024.12.03 07:00;4;20.8125;21.125;21;465;202;0;
6588;2024.12.03 07:15;4;20.875;21.125;21;465;202;0;
6589;2024.12.03 07:30;4;20.875;21.125;21;465;202;0;
6590;2024.12.03 07:45;4;20.875;21.1875;21.0625;465;202;0;
6591;2024.12.03 08:00;4;20.9375;21.1875;21.125;465;202;0;
6592;2024.12.03 08:15;4;21;21.25;21.125;465;202;0;
6593;2024.12.03 08:30;4;21;21.25;21.125;465;202;0;
6594;2024.12.03 08:45;4;21;21.25;21.125;465;202;0;
6595;2024.12.03 09:00;4;21;21.25;21.125;465;202;0;
6596;2024.12.03 09:15;4;21.0625;21.3125;21.1875;465;202;0;
6597;2024.12.03 09:30;4;21.0625;21.3125;21.1875;466;202;0;
6598;2024.12.03 09:45;4;21.125;21.375;21.1875;466;202;0;
6599;2024.12.03 10:00;4;21.125;21.375;21.25;466;202;0;
6600;2024.12.03 10:15;4;21.125;21.375;21.25;466;202;0;
6601;2024.12.03 10:30;4;21.1875;21.375;21.25;466;202;0;
6602;2024.12.03 10:45;4;21.25;21.375;21.25;466;202;0;
6603;2024.12.03 11:00;4;21.25;21.4375;21.3125;466;202;0;
6604;2024.12.03 11:15;4;21.25;21.5;21.375;466;202;0;
6605;2024.12.03 11:30;4;21.25;21.5;21.375;466;202;0;
6606;2024.12.03 11:45;4;21.3125;21.5;21.375;466;202;0;
6607;2024.12.03 12:00;4;21.375;21.5;21.375;466;202;0;
6608;2024.12.03 12:15;4;21.375;21.5625;21.375;466;202;0;
6609;2024.12.03 12:30;4;21.375;21.5625;21.4375;466;202;0;
6610;2024.12.03 12:45;4;21.375;21.625;21.4375;466;202;0;
6611;2024.12.03 13:00;4;21.4375;21.625;21.5;466;202;0;
6612;2024.12.03 13:15;4;21.4375;21.625;21.5;466;202;0;
6613;2024.12.03 13:30;4;21.5;21.625;21.5;466;202;0;
6614;2024.12.03 13:45;4;21.5;21.625;21.5;466;202;0;
6615;2024.12.03 14:00;4;21.5;21.625;21.5;466;202;0;
6616;2024.12.03 14:15;4;21.5;21.6875;21.5;466;202;0;
6617;2024.12.03 14:30;4;21.5;21.6875;21.5;466;202;0;
6618;2024.12.03 14:45;4;21.5;21.6875;21.5;466;202;0;
6619;2024.12.03 15:00;4;21.5;21.75;21.5625;466;202;0;
6620;2024.12.03 15:15;4;21.5;21.75;21.5625;466;202;0;
6621;2024.12.03 15:30;4;21.5;21.75;21.5625;466;202;0;
6622;2024.12.03 15:45;4;21.5;21.75;21.5625;466;202;0;
6623;2024.12.03 16:00;4;21.4375;21.75;21.5625;466;202;0;
6624;2024.12.03 16:15;4;21.375;21.6875;21.5;466;202;0;
6625;2024.12.03 16:30;4;21.375;21.6875;21.5;466;202;0;
6626;2024.12.03 16:45;4;21.375;21.625;21.5;466;202;0;
6627;2024.12.03 17:00;4;21.3125;21.625;21.5;466;202;0;
6628;2024.12.03 17:15;4;21.3125;21.625;21.5;466;202;0;
6629;2024.12.03 17:30;4;21.25;21.625;21.5;466;202;0;
6630;2024.12.03 17:45;4;21.25;21.625;21.5;465;202;0;
6631;2024.12.03 18:00;4;21.25;21.625;21.5;465;202;0;
6632;2024.12.03 18:15;4;21.25;21.5625;21.4375;465;202;0;
6633;2024.12.03 18:30;4;21.25;21.5625;21.4375;465;202;0;
6634;2024.12.03 18:45;4;21.1875;21.5;21.375;465;202;0;
6635;2024.12.03 19:00;4;21.1875;21.5;21.375;465;202;0;
6636;2024.12.03 19:15;4;21.125;21.5;21.375;465;202;0;
6637;2024.12.03 19:30;4;21.125;21.5;21.375;465;202;0;
6638;2024.12.03 19:45;4;21.125;21.5;21.375;465;202;0;
6639;2024.12.03 20:00;4;21.125;21.5;21.375;465;202;0;
6640;2024.12.03 20:15;4;21.125;21.4375;21.375;465;202;0;
6641;2024.12.03 20:30;4;21.125;21.4375;21.375;465;202;0;
6642;2024.12.03 20:45;4;21.125;21.4375;21.3125;465;202;0;
6643;2024.12.03 21:00;4;21.0625;21.375;21.3125;464;202;0;
6644;2024.12.03 21:15;4;21;21.375;21.25;464;202;0;
6645;2024.12.03 21:30;4;21;21.375;21.25;464;202;0;
6646;2024.12.03 21:45;4;21;21.375;21.25;464;202;0;
6647;2024.12.03 22:00;4;21;21.375;21.25;464;202;0;
6648;2024.12.03 22:15;4;21;21.375;21.25;464;202;0;
6649;2024.12.03 22:30;4;21;21.375;21.25;464;202;0;
6650;2024.12.03 22:45;4;21;21.3125;21.25;464;202;0;
6651;2024.12.03 23:00;4;21;21.3125;21.1875;464;202;0;
6652;2024.12.03 23:15;4;20.9375;21.25;21.1875;464;202;0;
6653;2024.12.03 23:30;4;20.9375;21.25;21.125;464;202;0;
6654;2024.12.03 23:45;4;20.875;21.25;21.125;464;202;0;
6655;2024.12.04 00:00;4;20.875;21.25;21.125;464;202;0;
6656;2024.12.04 00:15;4;20.875;21.25;21.125;464;202;0;
6657;2024.12.04 00:30;4;20.875;21.25;21.125;464;202;0;
6658;2024.12.04 00:45;4;20.875;21.25;21.125;463;202;0;
6659;2024.12.04 01:00;4;20.875;21.1875;21.125;463;202;0;
6660;2024.12.04 01:15;4;20.875;21.1875;21.125;463;202;0;
6661;2024.12.04 01:30;4;20.875;21.1875;21.0625;463;202;0;
6662;2024.12.04 01:45;4;20.875;21.125;21.0625;463;202;0;
6663;2024.12.04 02:00;4;20.875;21.125;21.0625;463;202;0;
6664;2024.12.04 02:15;4;20.8125;21.125;21;463;202;0;
6665;2024.12.04 02:30;4;20.8125;21.125;21;463;202;0;
6666;2024.12.04 02:45;4;20.75;21.125;21;463;202;0;
6667;2024.12.04 03:00;4;20.75;21.125;21;463;202;0;
6668;2024.12.04 03:15;4;20.75;21.125;21;463;202;0;
6669;2024.12.04 03:30;4;20.75;21.125;21;463;202;0;
6670;2024.12.04 03:45;4;20.75;21.0625;21;463;202;0;
6671;2024.12.04 04:00;4;20.75;21.0625;21;463;202;0;
6672;2024.12.04 04:15;4;20.75;21.0625;20.9375;462;202;0;
6673;2024.12.04 04:30;4;20.75;21;20.9375;462;202;0;
6674;2024.12.04 04:45;4;20.6875;21;20.875;462;202;0;
6675;2024.12.04 05:00;4;20.6875;21;20.875;462;202;0;
6676;2024.12.04 05:15;4;20.625;21;20.875;462;202;0;
6677;2024.12.04 05:30;4;20.625;21;20.875;462;202;0;
6678;2024.12.04 05:45;4;20.625;21;20.875;462;202;0;
6679;2024.12.04 06:00;4;20.625;21;20.875;462;202;0;
6680;2024.12.04 06:15;4;20.625;21;20.875;462;202;0;
6681;2024.12.04 06:30;4;20.6875;21;20.875;462;202;0;
6682;2024.12.04 06:45;4;20.6875;21;20.875;462;202;0;
6683;2024.12.04 07:00;4;20.75;21;20.875;462;202;0;
6684;2024.12.04 07:15;4;20.75;21;20.875;462;202;0;
6685;2024.12.04 07:30;4;20.75;21;20.875;462;202;0;
6686;2024.12.04 07:45;4;20.75;21;20.875;462;202;0;
6687;2024.12.04 08:00;4;20.75;21;20.875;462;202;0;
6688;2024.12.04 08:15;4;20.8125;21;20.875;462;202;0;
6689;2024.12.04 08:30;4;20.8125;21.0625;20.9375;462;202;0;
6690;2024.12.04 08:45;4;20.875;21.0625;20.9375;462;202;0;
6691;2024.12.04 09:00;4;20.875;21.125;21;462;202;0;
6692;2024.12.04 09:15;4;20.875;21.125;21;462;202;0;
6693;2024.12.04 09:30;4;20.875;21.125;21;462;202;0;
6694;2024.12.04 09:45;4;20.9375;21.125;21;463;202;0;
6695;2024.12.04 10:00;4;21;21.125;21;463;202;0;
6696;2024.12.04 10:15;4;21;21.1875;21.0625;463;202;0;
6697;2024.12.04 10:30;4;21;21.1875;21.0625;463;202;0;
6698;2024.12.04 10:45;4;21;21.25;21.125;463;202;0;
6699;2024.12.04 11:00;4;21.0625;21.25;21.125;463;202;0;
6700;2024.12.04 11:15;4;21.0625;21.25;21.125;463;202;0;
6701;2024.12.04 11:30;4;21.125;21.25;21.125;463;202;0;
6702;2024.12.04 11:45;4;21.125;21.25;21.125;463;202;0;
6703;2024.12.04 12:00;4;21.125;21.3125;21.1875;463;202;0;
6704;2024.12.04 12:15;4;21.125;21.3125;21.1875;463;202;0;
6705;2024.12.04 12:30;4;21.125;21.375;21.1875;463;202;0;
6706;2024.12.04 12:45;4;21.125;21.375;21.25;463;202;0;
6707;2024.12.04 13:00;4;21.125;21.375;21.25;463;202;0;
6708;2024.12.04 13:15;4;21.125;21.375;21.25;463;202;0;
6709;2024.12.04 13:30;4;21.1875;21.375;21.25;463;202;0;
6710;2024.12.04 13:45;4;21.1875;21.375;21.25;463;202;0;
6711;2024.12.04 14:00;4;21.1875;21.375;21.25;463;202;0;
6712;2024.12.04 14:15;4;21.25;21.375;21.25;463;202;0;
6713;2024.12.04 14:30;4;21.25;21.4375;21.3125;463;202;0;
6714;2024.12.04 14:45;4;21.25;21.4375;21.3125;464;202;0;
6715;2024.12.04 15:00;4;21.1875;21.4375;21.3125;463;202;0;
6716;2024.12.04 15:15;4;21.1875;21.4375;21.3125;463;202;0;
6717;2024.12.04 15:30;4;21.1875;21.4375;21.3125;463;202;0;
6718;2024.12.04 15:45;4;21.125;21.4375;21.25;463;202;0;
6719;2024.12.04 16:00;4;21.125;21.375;21.25;463;202;0;
6720;2024.12.04 16:15;4;21.0625;21.375;21.25;463;202;0;
6721;2024.12.04 16:30;4;21;21.375;21.25;463;202;0;
6722;2024.12.04 16:45;4;21;21.375;21.25;463;202;0;
6723;2024.12.04 17:00;4;21;21.3125;21.25;463;202;0;
6724;2024.12.04 17:15;4;21;21.3125;21.25;462;202;0;
6725;2024.12.04 17:30;4;21;21.25;21.1875;462;202;0;
6726;2024.12.04 17:45;4;20.9375;21.25;21.125;462;202;0;
6727;2024.12.04 18:00;4;20.875;21.25;21.125;462;202;0;
6728;2024.12.04 18:15;4;20.875;21.25;21.125;462;202;0;
6729;2024.12.04 18:30;4;20.875;21.25;21.125;462;202;0;
6730;2024.12.04 18:45;4;20.875;21.1875;21.125;462;202;0;
6731;2024.12.04 19:00;4;20.875;21.1875;21.0625;462;202;0;
6732;2024.12.04 19:15;4;20.8125;21.125;21.0625;462;202;0;
6733;2024.12.04 19:30;4;20.8125;21.125;21;462;202;0;
6734;2024.12.04 19:45;4;20.75;21.125;21;461;202;0;
6735;2024.12.04 20:00;4;20.75;21.125;21;461;202;0;
6736;2024.12.04 20:15;4;20.75;21.125;21;461;202;0;
6737;2024.12.04 20:30;4;20.75;21.0625;21;461;202;0;
6738;2024.12.04 20:45;4;20.75;21.0625;21;461;202;0;
6739;2024.12.04 21:00;4;20.6875;21;20.9375;461;202;0;
6740;2024.12.04 21:15;4;20.6875;21;20.875;461;202;0;
6741;2024.12.04 21:30;4;20.6875;21;20.875;461;202;0;
6742;2024.12.04 21:45;4;20.625;21;20.875;461;202;0;
6743;2024.12.04 22:00;4;20.625;21;20.875;460;202;0;
6744;2024.12.04 22:15;4;20.625;21;20.875;460;202;0;
6745;2024.12.04 22:30;4;20.625;20.9375;20.875;460;202;0;
6746;2024.12.04 22:45;4;20.625;20.9375;20.8125;460;202;0;
6747;2024.12.04 23:00;4;20.625;20.875;20.8125;460;202;0;
6748;2024.12.04 23:15;4;20.5625;20.875;20.75;460;202;0;
6749;2024.12.04 23:30;4;20.5625;20.875;20.75;460;202;0;
6750;2024.12.04 23:45;4;20.5625;20.875;20.75;460;202;0;
6751;2024.12.05 00:00;4;20.5625;20.875;20.75;460;202;0;
6752;2024.12.05 00:15;4;20.5;20.875;20.75;460;202;0;
6753;2024.12.05 00:30;4;20.5;20.875;20.75;460;202;0;
6754;2024.12.05 00:45;4;20.5;20.875;20.75;459;202;0;
6755;2024.12.05 01:00;4;20.5;20.8125;20.6875;459;202;0;
6756;2024.12.05 01:15;4;20.5;20.8125;20.6875;459;202;0;
6757;2024.12.05 01:30;4;20.5;20.75;20.625;459;202;0;
6758;2024.12.05 01:45;4;20.5;20.75;20.625;459;202;0;
6759;2024.12.05 02:00;4;20.4375;20.75;20.625;459;202;0;
6760;2024.12.05 02:15;4;20.4375;20.75;20.625;459;202;0;
6761;2024.12.05 02:30;4;20.4375;20.75;20.625;459;202;0;
6762;2024.12.05 02:45;4;20.4375;20.75;20.625;459;202;0;
6763;2024.12.05 03:00;4;20.5;20.75;20.625;459;202;0;
6764;2024.12.05 03:15;4;20.5;20.75;20.625;459;202;0;
6765;2024.12.05 03:30;4;20.5;20.75;20.625;459;202;0;
6766;2024.12.05 03:45;4;20.5;20.75;20.625;459;202;0;
6767;2024.12.05 04:00;4;20.5;20.75;20.625;459;202;0;
6768;2024.12.05 04:15;4;20.5;20.75;20.625;459;202;0;
6769;2024.12.05 04:30;4;20.5;20.75;20.625;459;202;0;
6770;2024.12.05 04:45;4;20.5;20.75;20.625;459;202;0;
6771;2024.12.05 05:00;4;20.5;20.75;20.625;459;202;0;
6772;2024.12.05 05:15;4;20.5;20.75;20.625;459;202;0;
6773;2024.12.05 05:30;4;20.5;20.75;20.625;459;202;0;
6774;2024.12.05 05:45;4;20.5;20.75;20.625;459;202;0;
6775;2024.12.05 06:00;4;20.4375;20.75;20.625;459;202;0;
6776;2024.12.05 06:15;4;20.5;20.75;20.625;459;202;0;
6777;2024.12.05 06:30;4;20.5;20.75;20.625;459;202;0;
6778;2024.12.05 06:45;4;20.5625;20.75;20.6875;459;202;0;
6779;2024.12.05 07:00;4;20.625;20.8125;20.75;459;202;0;
6780;2024.12.05 07:15;4;20.625;20.875;20.75;459;202;0;
6781;2024.12.05 07:30;4;20.6875;20.875;20.75;459;202;0;
6782;2024.12.05 07:45;4;20.6875;20.875;20.75;460;202;0;
6783;2024.12.05 08:00;4;20.75;20.875;20.75;460;202;0;
6784;2024.12.05 08:15;4;20.75;20.9375;20.8125;460;202;0;
6785;2024.12.05 08:30;4;20.75;21;20.875;460;202;0;
6786;2024.12.05 08:45;4;20.8125;21;20.875;460;202;0;
6787;2024.12.05 09:00;4;20.875;21;20.875;460;202;0;
6788;2024.12.05 09:15;4;20.875;21;20.9375;460;202;0;
6789;2024.12.05 09:30;4;20.875;21.0625;21;461;202;0;
6790;2024.12.05 09:45;4;20.9375;21.125;21;461;202;0;
6791;2024.12.05 10:00;4;21;21.125;21;461;202;0;
6792;2024.12.05 10:15;4;21;21.125;21.0625;461;202;0;
6793;2024.12.05 10:30;4;21;21.1875;21.125;461;202;0;
6794;2024.12.05 10:45;4;21.0625;21.25;21.125;461;202;0;
6795;2024.12.05 11:00;4;21.125;21.25;21.125;462;202;0;
6796;2024.12.05 11:15;4;21.125;21.25;21.1875;462;202;0;
6797;2024.12.05 11:30;4;21.1875;21.3125;21.25;462;202;0;
6798;2024.12.05 11:45;4;21.25;21.375;21.25;462;202;0;
6799;2024.12.05 12:00;4;21.25;21.375;21.3125;462;202;0;
6800;2024.12.05 12:15;4;21.25;21.375;21.3125;462;202;0;
6801;2024.12.05 12:30;4;21.25;21.4375;21.375;462;202;0;
6802;2024.12.05 12:45;4;21.25;21.5;21.375;463;202;0;
6803;2024.12.05 13:00;4;21.25;21.5;21.375;463;202;0;
6804;2024.12.05 13:15;4;21.25;21.5;21.375;463;202;0;
6805;2024.12.05 13:30;4;21.25;21.5;21.375;463;202;0;
6806;2024.12.05 13:45;4;21.25;21.5;21.375;463;202;0;
6807;2024.12.05 14:00;4;21.3125;21.5;21.375;463;202;0;
6808;2024.12.05 14:15;4;21.3125;21.5;21.4375;463;202;0;
6809;2024.12.05 14:30;4;21.3125;21.5;21.4375;463;202;0;
6810;2024.12.05 14:45;4;21.3125;21.5625;21.4375;463;202;0;
6811;2024.12.05 15:00;4;21.3125;21.5625;21.5;463;202;0;
6812;2024.12.05 15:15;4;21.25;21.5625;21.5;463;202;0;
6813;2024.12.05 15:30;4;21.25;21.5625;21.5;463;202;0;
6814;2024.12.05 15:45;4;21.25;21.5625;21.5;463;202;0;
6815;2024.12.05 16:00;4;21.25;21.5;21.4375;463;202;0;
6816;2024.12.05 16:15;4;21.125;21.5;21.375;462;202;0;
6817;2024.12.05 16:30;4;21.125;21.5;21.375;462;202;0;
6818;2024.12.05 16:45;4;21.125;21.5;21.375;462;202;0;
6819;2024.12.05 17:00;4;21.125;21.4375;21.375;462;202;0;
6820;2024.12.05 17:15;4;21.0625;21.4375;21.375;462;202;0;
6821;2024.12.05 17:30;4;21;21.375;21.375;462;202;0;
6822;2024.12.05 17:45;4;21;21.375;21.3125;462;202;0;
6823;2024.12.05 18:00;4;21;21.375;21.3125;462;202;0;
6824;2024.12.05 18:15;4;21;21.375;21.25;462;202;0;
6825;2024.12.05 18:30;4;20.9375;21.3125;21.25;462;202;0;
6826;2024.12.05 18:45;4;20.9375;21.3125;21.25;461;202;0;
6827;2024.12.05 19:00;4;20.875;21.25;21.25;461;202;0;
6828;2024.12.05 19:15;4;20.875;21.25;21.25;461;202;0;
6829;2024.12.05 19:30;4;20.875;21.25;21.1875;461;202;0;
6830;2024.12.05 19:45;4;20.875;21.25;21.1875;461;202;0;
6831;2024.12.05 20:00;4;20.875;21.25;21.1875;461;202;0;
6832;2024.12.05 20:15;4;20.875;21.25;21.125;461;202;0;
6833;2024.12.05 20:30;4;20.875;21.25;21.125;461;202;0;
6834;2024.12.05 20:45;4;20.875;21.1875;21.125;461;202;0;
6835;2024.12.05 21:00;4;20.8125;21.1875;21.125;461;202;0;
6836;2024.12.05 21:15;4;20.8125;21.1875;21.125;461;202;0;
6837;2024.12.05 21:30;4;20.75;21.125;21.125;461;202;0;
6838;2024.12.05 21:45;4;20.75;21.125;21.125;461;202;0;
6839;2024.12.05 22:00;4;20.75;21.125;21.125;461;202;0;
6840;2024.12.05 22:15;4;20.75;21.125;21.0625;461;202;0;
6841;2024.12.05 22:30;4;20.75;21.125;21.0625;461;202;0;
6842;2024.12.05 22:45;4;20.75;21.125;21;461;202;0;
6843;2024.12.05 23:00;4;20.75;21.125;21;461;202;0;
6844;2024.12.05 23:15;4;20.75;21.125;21;461;202;0;
6845;2024.12.05 23:30;4;20.75;21.125;21;461;202;0;
6846;2024.12.05 23:45;4;20.6875;21.0625;21;461;202;0;
